mode,scenario_id,group,candidate,predicted_score,exposure_score,realized_cost,travel_h,completed,unserved_kwh,grid_infeasible_hours
exhaustive,0,nominal,"((), (0, 1, 2, 3))",8.319677060295362,1.6145036379594364,322.6112174987793,0.4,3,123.46923637390137,0
exhaustive,0,nominal,"((), (0, 1, 3, 2))",8.319658485881519,1.6101264762183507,322.5186958312988,0.4,3,123.43365573883057,0
exhaustive,0,nominal,"((), (0, 2, 1, 3))",8.319919248519,1.6789202748966503,323.231388092041,0.4166666666666667,3,123.70775890350342,0
exhaustive,0,nominal,"((), (0, 2, 3, 1))",8.319919248519,1.6789202748966503,323.231388092041,0.4,4,123.70775890350342,0
exhaustive,0,nominal,"((), (0, 3, 1, 2))",8.319733077893034,1.628707396165779,322.5497360229492,0.4166666666666667,3,123.44558954238892,0
exhaustive,0,nominal,"((), (0, 3, 2, 1))",8.31990652094828,1.6761215004547074,323.206579208374,0.4,4,123.69822025299072,0
exhaustive,0,nominal,"((), (1, 0, 2, 3))",8.319718101178296,1.6198920878245253,322.6427307128906,0.43333333333333335,3,123.48139381408691,0
exhaustive,0,nominal,"((), (1, 0, 3, 2))",8.31969954498345,1.6155185457593155,322.55036544799805,0.43333333333333335,3,123.4458737373352,0
exhaustive,0,nominal,"((), (1, 2, 0, 3))",8.319939755368978,1.660169196129169,323.0698757171631,0.45,3,123.64567947387695,0
exhaustive,0,nominal,"((), (1, 2, 3, 0))",8.319934120343532,1.6586554048185673,323.00578689575195,0.4,3,123.6210298538208,0
exhaustive,0,nominal,"((), (1, 3, 0, 2))",8.31969637220027,1.6149027540823706,322.5479793548584,0.45,3,123.44495487213135,0
exhaustive,0,nominal,"((), (1, 3, 2, 0))",8.319925243384205,1.656858385277008,322.9981689453125,0.4,3,123.61810350418091,0
exhaustive,0,nominal,"((), (2, 0, 1, 3))",8.320185989083257,1.7294406276232421,323.5010986328125,0.45,3,123.81149482727051,0
exhaustive,0,nominal,"((), (2, 0, 3, 1))",8.320185989083257,1.7294406276232421,323.5010986328125,0.45,3,123.81149482727051,0
exhaustive,0,nominal,"((), (2, 1, 0, 3))",8.320140833791811,1.7109571441038698,323.23225593566895,0.45,3,123.7080945968628,0
exhaustive,0,nominal,"((), (2, 1, 3, 0))",8.320135173562448,1.709437832724898,323.16823387145996,0.4166666666666667,3,123.68346977233887,0
exhaustive,0,nominal,"((), (2, 3, 0, 1))",8.320236325555015,1.7376673187740337,323.69761085510254,0.43333333333333335,3,123.88707542419434,0
exhaustive,0,nominal,"((), (2, 3, 1, 0))",8.320185343327466,1.7259579301606987,323.3618640899658,0.4,3,123.75794267654419,0
exhaustive,0,nominal,"((), (3, 0, 1, 2))",8.31982515368145,1.6465060862102787,322.59540939331055,0.45,3,123.46315336227417,0
exhaustive,0,nominal,"((), (3, 0, 2, 1))",8.31999859539792,1.6939200944693695,323.2514019012451,0.45,3,123.71546077728271,0
exhaustive,0,nominal,"((), (3, 1, 0, 2))",8.319750561902765,1.6279251708685836,322.5644130706787,0.45,3,123.45123815536499,0
exhaustive,0,nominal,"((), (3, 1, 2, 0))",8.319979418825824,1.669877569154848,323.0143013000488,0.4166666666666667,3,123.62426996231079,0
exhaustive,0,nominal,"((), (3, 2, 0, 1))",8.320227442774922,1.735870203130268,323.69012451171875,0.43333333333333335,3,123.88419961929321,0
exhaustive,0,nominal,"((), (3, 2, 1, 0))",8.32017646136228,1.724160916718269,323.35430335998535,0.4,3,123.75503921508789,0
exhaustive,0,nominal,"((0, 1), (2, 3))",8.319658720807638,1.6098225735549052,322.4591827392578,0.5833333333333334,4,123.4107608795166,0
exhaustive,0,nominal,"((0, 1), (3, 2))",8.31964984536171,1.6080256137617615,322.451452255249,0.5833333333333334,4,123.40778875350952,0
exhaustive,0,nominal,"((0, 1, 2), (3,))",8.31965531304013,1.6095106691658263,322.5163116455078,0.6,4,123.43273448944092,0
exhaustive,0,nominal,"((0, 1, 3), (2,))",8.319646528980229,1.6071386353206614,322.4365425109863,0.6,4,123.40205812454224,0
exhaustive,0,nominal,"((0, 2), (1, 3))",8.319595671375282,1.5950064638228045,322.4350357055664,0.6,4,123.40151262283325,0
exhaustive,0,nominal,"((0, 2), (3, 1))",8.31964984536171,1.6080256137617615,322.451452255249,0.6,4,123.40778875350952,0
exhaustive,0,nominal,"((0, 2, 1), (3,))",8.319897868146654,1.674018248826684,323.14143562316895,0.6,4,123.67316627502441,0
exhaustive,0,nominal,"((0, 2, 3), (1,))",8.319617009197827,1.5999009776220467,322.5275821685791,0.5833333333333334,4,123.4371018409729,0
exhaustive,0,nominal,"((0, 3), (1, 2))",8.319592364423443,1.5941213135258467,322.42013931274414,0.6,4,123.39578533172607,0
exhaustive,0,nominal,"((0, 3), (2, 1))",8.319793401460629,1.644901885131642,322.5845375061035,0.6,4,123.458975315094,0
exhaustive,0,nominal,"((0, 3, 1), (2,))",8.319721110223327,1.6257172681397267,322.4676055908203,0.6,4,123.41400194168091,0
exhaustive,0,nominal,"((0, 3, 2), (1,))",8.319604296411853,1.5971040470471802,322.5022449493408,0.5833333333333334,4,123.4273624420166,0
exhaustive,0,nominal,"((0,), (1, 2, 3))",8.31960454559885,1.5968034201392136,322.4427680969238,0.55,4,123.40448427200317,0
exhaustive,0,nominal,"((0,), (1, 3, 2))",8.319595671375282,1.5950064638228045,322.4350357055664,0.55,4,123.40151262283325,0
exhaustive,0,nominal,"((0,), (2, 1, 3))",8.319805596314836,1.6475858087586455,322.6071014404297,0.5666666666666667,4,123.46765089035034,0
exhaustive,0,nominal,"((0,), (2, 3, 1))",8.319855765788816,1.664105906499846,322.8034725189209,0.55,4,123.54317665100098,0
exhaustive,0,nominal,"((0,), (3, 1, 2))",8.31964984536171,1.6080256137617615,322.451452255249,0.5666666666666667,4,123.40778875350952,0
exhaustive,0,nominal,"((0,), (3, 2, 1))",8.319846886734013,1.6623089624146852,322.7958011627197,0.55,4,123.5402307510376,0
exhaustive,0,nominal,"((1, 0), (2, 3))",8.319699787825812,1.6152163339489793,322.49095153808594,0.5833333333333334,4,123.42301797866821,0
exhaustive,0,nominal,"((1, 0), (3, 2))",8.319690912496299,1.6134193770532943,322.4832363128662,0.5833333333333334,4,123.42005157470703,0
exhaustive,0,nominal,"((1, 0, 2), (3,))",8.31969637220027,1.6149027540823706,322.5479793548584,0.6333333333333333,4,123.44495487213135,0
exhaustive,0,nominal,"((1, 0, 3), (2,))",8.319687605369836,1.6125342230263597,322.46835136413574,0.6333333333333333,4,123.41433048248291,0
exhaustive,0,nominal,"((1, 2), (3, 0))",8.319684562564362,1.6119457426570372,322.46639823913574,0.6,4,123.41357707977295,0
exhaustive,0,nominal,"((1, 2, 0), (3,))",8.319918893103022,1.6553847510334716,322.9815845489502,0.6,4,123.61172389984131,0
exhaustive,0,nominal,"((1, 3), (2, 0))",8.319862897216808,1.645638847451114,322.7125549316406,0.6,4,123.50825214385986,0
exhaustive,0,nominal,"((1, 3, 0), (2,))",8.319684562564362,1.6119457426570372,322.46639823913574,0.6,4,123.41357707977295,0
exhaustive,0,nominal,"((1,), (2, 0, 3))",8.319883758958895,1.6504232290533123,322.8024139404297,0.6333333333333333,4,123.54281044006348,0
exhaustive,0,nominal,"((1,), (2, 3, 0))",8.319934120343532,1.6586554048185673,323.00578689575195,0.5833333333333334,4,123.6210298538208,0
exhaustive,0,nominal,"((1,), (3, 0, 2))",8.31969637220027,1.6149027540823706,322.5479793548584,0.6333333333333333,4,123.44495487213135,0
exhaustive,0,nominal,"((1,), (3, 2, 0))",8.319925243384205,1.656858385277008,322.9981689453125,0.5833333333333334,4,123.61810350418091,0
exhaustive,0,nominal,"((2, 0), (3, 1))",8.319917062588502,1.6586561581273274,322.72883796691895,0.6,4,123.51447629928589,0
exhaustive,0,nominal,"((2, 0, 1), (3,))",8.320165085257031,1.7246487911131112,323.4137306213379,0.6333333333333333,4,123.77789497375488,0
exhaustive,0,nominal,"((2, 1), (3, 0))",8.31988559931051,1.6627262992432041,322.6306400299072,0.6,4,123.47670650482178,0
exhaustive,0,nominal,"((2, 1, 0), (3,))",8.320119931246154,1.706165341872965,323.1440944671631,0.6,4,123.67418956756592,0
exhaustive,0,nominal,"((2,), (3, 0, 1))",8.319813308480661,1.6435416833371386,322.5137996673584,0.6333333333333333,4,123.4317684173584,0
exhaustive,0,nominal,"((2,), (3, 1, 0))",8.319738727470394,1.6249630524831855,322.48277854919434,0.6,4,123.41984176635742,0
exhaustive,1,single_domain,"((), (0, 1, 2, 3))",20.71970596164465,47.24052275399525,68.07143306732178,0.4,2,17.40034055709839,0
exhaustive,1,single_domain,"((), (0, 1, 3, 2))",20.71970596164465,47.24052275399525,68.07143306732178,0.4,2,17.40034055709839,0
exhaustive,1,single_domain,"((), (0, 2, 1, 3))",23.86770310252905,51.15379435399304,72.23836660385132,0.4166666666666667,2,17.541478157043457,0
exhaustive,1,single_domain,"((), (0, 2, 3, 1))",23.86770310252905,51.15379435399304,72.23836660385132,0.4,2,17.541478157043457,0
exhaustive,1,single_domain,"((), (0, 3, 1, 2))",23.86770310252905,51.15379435399304,72.23836660385132,0.4166666666666667,3,17.541478157043457,0
exhaustive,1,single_domain,"((), (0, 3, 2, 1))",23.86770310252905,51.15379435399304,72.23836660385132,0.4,2,17.541478157043457,0
exhaustive,1,single_domain,"((), (1, 0, 2, 3))",18.344622276723385,42.43332621745854,65.04307270050049,0.43333333333333335,2,17.16088104248047,0
exhaustive,1,single_domain,"((), (1, 0, 3, 2))",18.344622276723385,42.43332621745854,65.04307270050049,0.43333333333333335,2,17.16088104248047,0
exhaustive,1,single_domain,"((), (1, 2, 0, 3))",18.47764005511999,43.08290914595302,65.16611576080322,0.45,2,17.18599510192871,0
exhaustive,1,single_domain,"((), (1, 2, 3, 0))",18.47764005511999,43.08290914595302,65.16611576080322,0.4,2,17.18599510192871,0
exhaustive,1,single_domain,"((), (1, 3, 0, 2))",18.476720236241817,43.056854147395384,65.16594123840332,0.45,2,17.18599510192871,0
exhaustive,1,single_domain,"((), (1, 3, 2, 0))",18.476720236241817,43.056854147395384,65.16594123840332,0.4,2,17.18599510192871,0
exhaustive,1,single_domain,"((), (2, 0, 1, 3))",24.030604980885983,51.963088374040765,72.40908622741699,0.45,2,17.58022451400757,0
exhaustive,1,single_domain,"((), (2, 0, 3, 1))",24.030604980885983,51.963088374040765,72.40908622741699,0.45,2,17.58022451400757,0
exhaustive,1,single_domain,"((), (2, 1, 0, 3))",24.030604980885983,51.963088374040765,72.40908622741699,0.45,2,17.58022451400757,0
exhaustive,1,single_domain,"((), (2, 1, 3, 0))",24.030604980885983,51.963088374040765,72.40908622741699,0.4166666666666667,2,17.58022451400757,0
exhaustive,1,single_domain,"((), (2, 3, 0, 1))",24.030604980885983,51.963088374040765,72.40908622741699,0.43333333333333335,1,17.58022451400757,0
exhaustive,1,single_domain,"((), (2, 3, 1, 0))",24.030604980885983,51.963088374040765,72.40908622741699,0.4,1,17.58022451400757,0
exhaustive,1,single_domain,"((), (3, 0, 1, 2))",24.02981724590063,51.94240969369612,72.4089412689209,0.45,2,17.58022451400757,0
exhaustive,1,single_domain,"((), (3, 0, 2, 1))",24.02981724590063,51.94240969369612,72.4089412689209,0.45,2,17.58022451400757,0
exhaustive,1,single_domain,"((), (3, 1, 0, 2))",23.155978821218014,51.08985948495217,71.28477954864502,0.45,2,17.58022451400757,0
exhaustive,1,single_domain,"((), (3, 1, 2, 0))",23.155978821218014,51.08985948495217,71.28477954864502,0.4166666666666667,2,17.58022451400757,0
exhaustive,1,single_domain,"((), (3, 2, 0, 1))",24.02981724590063,51.94240969369612,72.4089412689209,0.43333333333333335,1,17.58022451400757,0
exhaustive,1,single_domain,"((), (3, 2, 1, 0))",24.02981724590063,51.94240969369612,72.4089412689209,0.4,1,17.58022451400757,0
exhaustive,1,single_domain,"((0, 1), (2, 3))",20.71873702853918,47.2137251654144,68.07125282287598,0.5833333333333334,3,17.40034055709839,0
exhaustive,1,single_domain,"((0, 1), (3, 2))",20.717955015599728,47.19304649979354,68.07110929489136,0.5833333333333334,3,17.40034055709839,0
exhaustive,1,single_domain,"((0, 1, 2), (3,))",20.717955015599728,47.19304649979354,68.07110929489136,0.6,3,17.40034055709839,0
exhaustive,1,single_domain,"((0, 1, 3), (2,))",20.71873702853918,47.2137251654144,68.07125282287598,0.6,3,17.40034055709839,0
exhaustive,1,single_domain,"((0, 2), (1, 3))",18.312883518636227,42.22076670455537,64.98208951950073,0.6,4,17.142265796661377,0
exhaustive,1,single_domain,"((0, 2), (3, 1))",22.99210848659277,50.25376786143132,71.1138801574707,0.6,4,17.541478157043457,0
exhaustive,1,single_domain,"((0, 2, 1), (3,))",23.865946911275387,51.10631807017527,72.23804140090942,0.6,3,17.541478157043457,0
exhaustive,1,single_domain,"((0, 2, 3), (1,))",18.313802383840084,42.246811591615746,64.98226356506348,0.5833333333333334,3,17.142265796661377,0
exhaustive,1,single_domain,"((0, 3), (1, 2))",18.313802383840084,42.246811591615746,64.98226356506348,0.6,4,17.142265796661377,0
exhaustive,1,single_domain,"((0, 3), (2, 1))",23.86673416942358,51.1269967654122,72.23818588256836,0.6,4,17.541478157043457,0
exhaustive,1,single_domain,"((0, 3, 1), (2,))",23.86673416942358,51.1269967654122,72.23818588256836,0.6,4,17.541478157043457,0
exhaustive,1,single_domain,"((0, 3, 2), (1,))",18.313802383840084,42.246811591615746,64.98226356506348,0.5833333333333334,3,17.142265796661377,0
exhaustive,1,single_domain,"((0,), (1, 2, 3))",18.313802383840084,42.246811591615746,64.98226356506348,0.55,3,17.142265796661377,0
exhaustive,1,single_domain,"((0,), (1, 3, 2))",18.312883518636227,42.22076670455537,64.98208951950073,0.55,3,17.142265796661377,0
exhaustive,1,single_domain,"((0,), (2, 1, 3))",23.86673416942358,51.1269967654122,72.23818588256836,0.5666666666666667,3,17.541478157043457,0
exhaustive,1,single_domain,"((0,), (2, 3, 1))",23.86673416942358,51.1269967654122,72.23818588256836,0.55,2,17.541478157043457,0
exhaustive,1,single_domain,"((0,), (3, 1, 2))",22.99210848659277,50.25376786143132,71.1138801574707,0.5666666666666667,3,17.541478157043457,0
exhaustive,1,single_domain,"((0,), (3, 2, 1))",23.865946911275387,51.10631807017527,72.23804140090942,0.55,2,17.541478157043457,0
exhaustive,1,single_domain,"((1, 0), (2, 3))",18.34370293468237,42.40723475289231,65.04289865493774,0.5833333333333334,3,17.16088104248047,0
exhaustive,1,single_domain,"((1, 0), (3, 2))",18.34295930713415,42.38677108653296,65.04275941848755,0.5833333333333334,3,17.16088104248047,0
exhaustive,1,single_domain,"((1, 0, 2), (3,))",18.34295930713415,42.38677108653296,65.04275941848755,0.6333333333333333,3,17.16088104248047,0
exhaustive,1,single_domain,"((1, 0, 3), (2,))",18.34370293468237,42.40723475289231,65.04289865493774,0.6333333333333333,3,17.16088104248047,0
exhaustive,1,single_domain,"((1, 2), (3, 0))",18.475975893437862,43.036354020992505,65.16580247879028,0.6,4,17.18599510192871,0
exhaustive,1,single_domain,"((1, 2, 0), (3,))",18.475975893437862,43.036354020992505,65.16580247879028,0.6,3,17.18599510192871,0
exhaustive,1,single_domain,"((1, 3), (2, 0))",18.475800894200802,43.03076268282915,65.16576719284058,0.6,4,17.18599510192871,0
exhaustive,1,single_domain,"((1, 3, 0), (2,))",18.475800894200802,43.03076268282915,65.16576719284058,0.6,3,17.18599510192871,0
exhaustive,1,single_domain,"((1,), (2, 0, 3))",18.476720236241817,43.05681768138679,65.16594123840332,0.6333333333333333,3,17.18599510192871,0
exhaustive,1,single_domain,"((1,), (2, 3, 0))",18.476720236241817,43.05681768138679,65.16594123840332,0.5833333333333334,2,17.18599510192871,0
exhaustive,1,single_domain,"((1,), (3, 0, 2))",18.475975893437862,43.036354020992505,65.16580247879028,0.6333333333333333,3,17.18599510192871,0
exhaustive,1,single_domain,"((1,), (3, 2, 0))",18.475975893437862,43.036354020992505,65.16580247879028,0.5833333333333334,2,17.18599510192871,0
exhaustive,1,single_domain,"((2, 0), (3, 1))",23.155054233968258,51.063695161379016,71.28460502624512,0.6,4,17.58022451400757,0
exhaustive,1,single_domain,"((2, 0, 1), (3,))",24.028892181813717,51.916245370122965,72.40876626968384,0.6333333333333333,3,17.58022451400757,0
exhaustive,1,single_domain,"((2, 1), (3, 0))",24.028892181813717,51.916245370122965,72.40876626968384,0.6,4,17.58022451400757,0
exhaustive,1,single_domain,"((2, 1, 0), (3,))",24.028892181813717,51.916245370122965,72.40876626968384,0.6,3,17.58022451400757,0
exhaustive,1,single_domain,"((2,), (3, 0, 1))",24.028892181813717,51.916245370122965,72.40876626968384,0.6333333333333333,3,17.58022451400757,0
exhaustive,1,single_domain,"((2,), (3, 1, 0))",23.155054233968258,51.063695161379016,71.28460502624512,0.6,3,17.58022451400757,0
exhaustive,2,cascade,"((), (0, 1, 2, 3))",277.40971755981445,186.59059910501406,1385.8092193603516,0.4166666666666667,4,374.3582992553711,0
exhaustive,2,cascade,"((), (0, 1, 3, 2))",279.3715343475342,186.69405550321048,1387.5075073242188,0.4,4,374.3377380371094,0
exhaustive,2,cascade,"((), (0, 2, 1, 3))",287.6392936706543,189.66688073398495,1395.1886749267578,0.4,4,374.8198661804199,0
exhaustive,2,cascade,"((), (0, 2, 3, 1))",286.4743766784668,189.0877062908583,1394.1323547363281,0.4,4,374.69089126586914,0
exhaustive,2,cascade,"((), (0, 3, 1, 2))",277.97720527648926,186.041795980096,1386.3893966674805,0.4,4,374.23085021972656,0
exhaustive,2,cascade,"((), (0, 3, 2, 1))",283.0461845397949,187.71782915345568,1391.4050064086914,0.4166666666666667,4,374.4648780822754,0
exhaustive,2,cascade,"((), (1, 0, 2, 3))",253.81159210205078,178.72050779771774,1359.1781539916992,0.45,4,373.6025810241699,0
exhaustive,2,cascade,"((), (1, 0, 3, 2))",252.3324680328369,177.98605695953296,1357.6585311889648,0.45,4,373.40506744384766,0
exhaustive,2,cascade,"((), (1, 2, 0, 3))",239.30319213867188,173.52132466320717,1345.278091430664,0.45,4,373.1025695800781,0
exhaustive,2,cascade,"((), (1, 2, 3, 0))",237.19657516479492,172.3574635587739,1343.1645965576172,0.4166666666666667,4,372.79845809936523,0
exhaustive,2,cascade,"((), (1, 3, 0, 2))",250.6739158630371,177.13183940868535,1354.5587844848633,0.43333333333333335,4,373.25114822387695,0
exhaustive,2,cascade,"((), (1, 3, 2, 0))",236.43395328521729,171.9326817088566,1342.5850296020508,0.4,4,372.7315902709961,0
exhaustive,2,cascade,"((), (2, 0, 1, 3))",268.7458610534668,182.3051296994141,1374.3135375976562,0.43333333333333335,4,373.9491195678711,0
exhaustive,2,cascade,"((), (2, 0, 3, 1))",267.5616226196289,181.7262872012226,1373.2027435302734,0.43333333333333335,4,373.81775283813477,0
exhaustive,2,cascade,"((), (2, 1, 0, 3))",252.272705078125,177.11036489170104,1357.861099243164,0.45,4,373.2433433532715,0
exhaustive,2,cascade,"((), (2, 1, 3, 0))",249.0598659515381,175.4319671534132,1354.8140258789062,0.4,4,372.87160873413086,0
exhaustive,2,cascade,"((), (2, 3, 0, 1))",262.7503032684326,179.73189097487904,1369.4588241577148,0.45,4,373.4986801147461,0
exhaustive,2,cascade,"((), (2, 3, 1, 0))",247.98259258270264,174.8623693475379,1354.0851516723633,0.4,4,372.7940101623535,0
exhaustive,2,cascade,"((), (3, 0, 1, 2))",275.83574867248535,185.06377092669064,1383.3290939331055,0.45,4,374.11987686157227,0
exhaustive,2,cascade,"((), (3, 0, 2, 1))",280.53307151794434,186.69163038628298,1388.138328552246,0.45,4,374.3519821166992,0
exhaustive,2,cascade,"((), (3, 1, 0, 2))",260.8605766296387,180.39472463217697,1365.6403884887695,0.43333333333333335,4,373.5673141479492,0
exhaustive,2,cascade,"((), (3, 1, 2, 0))",246.53026008605957,175.19563418123516,1353.5041732788086,0.4,4,373.0545883178711,0
exhaustive,2,cascade,"((), (3, 2, 0, 1))",261.78002548217773,179.3302328439378,1368.9242706298828,0.45,4,373.4643898010254,0
exhaustive,2,cascade,"((), (3, 2, 1, 0))",247.22755908966064,174.48910974015126,1353.6707382202148,0.4166666666666667,4,372.7604103088379,0
exhaustive,2,cascade,"((0, 1), (2, 3))",252.719313621521,175.91282981961086,1359.7033767700195,0.6,4,372.8712501525879,0
exhaustive,2,cascade,"((0, 1), (3, 2))",251.88129901885986,175.52773149196324,1359.240592956543,0.6,4,372.83715438842773,0
exhaustive,2,cascade,"((0, 1, 2), (3,))",271.4924373626709,183.7938516359052,1379.5185775756836,0.6,4,373.879638671875,0
exhaustive,2,cascade,"((0, 1, 3), (2,))",255.30066967010498,177.15772852386303,1361.6284790039062,0.5833333333333334,4,373.0638771057129,0
exhaustive,2,cascade,"((0, 2), (1, 3))",245.89898204803467,175.3830555897763,1350.4775619506836,0.5833333333333334,4,372.9515151977539,0
exhaustive,2,cascade,"((0, 2), (3, 1))",256.0665454864502,178.64605242519968,1361.395362854004,0.5833333333333334,4,373.27165603637695,0
exhaustive,2,cascade,"((0, 2, 1), (3,))",280.53307151794434,186.69163038628298,1388.138328552246,0.6,4,374.3519821166992,0
exhaustive,2,cascade,"((0, 2, 3), (1,))",248.349458694458,176.63318220382519,1354.3706817626953,0.6,4,373.2045135498047,0
exhaustive,2,cascade,"((0, 3), (1, 2))",235.38807010650635,171.14263708867398,1341.5541687011719,0.6,4,372.5718002319336,0
exhaustive,2,cascade,"((0, 3), (2, 1))",247.0897560119629,174.21711379888666,1353.0932846069336,0.6,4,372.64815521240234,0
exhaustive,2,cascade,"((0, 3, 1), (2,))",253.9583215713501,176.50546875302948,1360.5266571044922,0.5833333333333334,4,372.94976806640625,0
exhaustive,2,cascade,"((0, 3, 2), (1,))",246.6900815963745,175.80779727721927,1352.8823318481445,0.6,4,373.01773834228516,0
exhaustive,2,cascade,"((0,), (1, 2, 3))",235.38807010650635,171.14263708867398,1341.5541687011719,0.5666666666666667,4,372.5718002319336,0
exhaustive,2,cascade,"((0,), (1, 3, 2))",234.65725708007812,170.71789559621516,1340.9723739624023,0.55,4,372.5045509338379,0
exhaustive,2,cascade,"((0,), (2, 1, 3))",247.0897560119629,174.21711379888666,1353.0932846069336,0.55,4,372.64815521240234,0
exhaustive,2,cascade,"((0,), (2, 3, 1))",246.02329444885254,173.64756947404123,1352.3613967895508,0.55,4,372.5700798034668,0
exhaustive,2,cascade,"((0,), (3, 1, 2))",244.6794719696045,173.98096021561102,1351.8843383789062,0.55,4,372.8304252624512,0
exhaustive,2,cascade,"((0,), (3, 2, 1))",245.30128955841064,173.27443578463982,1351.945411682129,0.5666666666666667,4,372.5362205505371,0
exhaustive,2,cascade,"((1, 0), (2, 3))",227.88701248168945,167.59562262895628,1330.9962005615234,0.6,4,371.9362564086914,0
exhaustive,2,cascade,"((1, 0), (3, 2))",227.30734634399414,167.23693493140036,1330.6510314941406,0.6,4,371.901065826416,0
exhaustive,2,cascade,"((1, 0, 2), (3,))",250.0476131439209,176.77295094025868,1354.2128601074219,0.6333333333333333,4,373.2169418334961,0
exhaustive,2,cascade,"((1, 0, 3), (2,))",229.33009910583496,168.44977431218925,1332.2852020263672,0.6333333333333333,4,372.09664154052734,0
exhaustive,2,cascade,"((1, 2), (3, 0))",234.07482147216797,170.3592085550332,1340.6280670166016,0.6,4,372.4694061279297,0
exhaustive,2,cascade,"((1, 2, 0), (3,))",235.85365676879883,171.57386871403267,1342.2422561645508,0.6,4,372.69672775268555,0
exhaustive,2,cascade,"((1, 3), (2, 0))",228.4622573852539,168.02163642559304,1331.6446151733398,0.5833333333333334,4,372.0206871032715,0
exhaustive,2,cascade,"((1, 3, 0), (2,))",227.88701248168945,167.59562262895628,1330.9962005615234,0.5833333333333334,4,371.9362564086914,0
exhaustive,2,cascade,"((1,), (2, 0, 3))",230.68580055236816,169.27176358392825,1333.7041015625,0.6333333333333333,4,372.28581619262695,0
exhaustive,2,cascade,"((1,), (2, 3, 0))",228.4622573852539,168.02163642559304,1331.6446151733398,0.6,4,372.0206871032715,0
exhaustive,2,cascade,"((1,), (3, 0, 2))",245.2756633758545,175.0243012404465,1350.132453918457,0.6333333333333333,4,372.91695404052734,0
exhaustive,2,cascade,"((1,), (3, 2, 0))",227.88325023651123,167.662904497212,1331.3000946044922,0.6,4,371.985595703125,0
exhaustive,2,cascade,"((2, 0), (3, 1))",238.5261468887329,171.28465547782832,1342.5530090332031,0.5833333333333334,4,372.3457565307617,0
exhaustive,2,cascade,"((2, 0, 1), (3,))",261.78002548217773,179.3302328439378,1368.9242706298828,0.6333333333333333,4,373.4643898010254,0
exhaustive,2,cascade,"((2, 1), (3, 0))",245.30128955841064,173.27443578463982,1351.945411682129,0.6,4,372.5362205505371,0
exhaustive,2,cascade,"((2, 1, 0), (3,))",247.22755908966064,174.48910974015126,1353.6707382202148,0.6,4,372.7604103088379,0
exhaustive,2,cascade,"((2,), (3, 0, 1))",251.88129901885986,175.52773149196324,1359.240592956543,0.6333333333333333,4,372.83715438842773,0
exhaustive,2,cascade,"((2,), (3, 1, 0))",237.87234115600586,170.85868585650985,1341.911117553711,0.5833333333333334,4,372.26237869262695,0
exhaustive,3,ood,"((), (0, 1, 2))",1041.133544921875,419.4942477628408,1972.4858703613281,0.25,3,363.83424377441406,0
exhaustive,3,ood,"((), (0, 2, 1))",1041.133544921875,419.4942477628408,1972.4858703613281,0.25,3,363.83424377441406,0
exhaustive,3,ood,"((), (1, 0, 2))",1043.6312713623047,420.31782274989234,1973.250015258789,0.3,3,363.84656143188477,0
exhaustive,3,ood,"((), (1, 2, 0))",1043.6312713623047,420.31782274989234,1973.250015258789,0.25,3,363.84656143188477,0
exhaustive,3,ood,"((), (2, 0, 1))",1043.0370178222656,419.9789395650514,1973.0857391357422,0.3,3,363.8435249328613,0
exhaustive,3,ood,"((), (2, 1, 0))",1043.0370178222656,419.9789395650514,1973.0857391357422,0.25,3,363.8435249328613,0
exhaustive,3,ood,"((0, 1), (2,))",1039.9329681396484,418.8270185579246,1971.9942626953125,0.45,3,363.8071479797363,0
exhaustive,3,ood,"((0, 2), (1,))",1040.527099609375,419.16590028109425,1972.1589660644531,0.45,3,363.8102207183838,0
exhaustive,3,ood,"((0,), (1, 2))",1040.527099609375,419.16590028109425,1972.1589660644531,0.4,3,363.8102207183838,0
exhaustive,3,ood,"((0,), (2, 1))",1039.9329681396484,418.8270185579246,1971.9942626953125,0.4,3,363.8071479797363,0
exhaustive,3,ood,"((1, 0), (2,))",1042.4459533691406,419.65059451601576,1972.7589416503906,0.45,3,363.81950187683105,0
exhaustive,3,ood,"((1,), (2, 0))",1042.4459533691406,419.65059451601576,1972.7589416503906,0.45,3,363.81950187683105,0
exhaustive,4,nominal,"((), (0, 1, 2, 3))",0.0018239894998259842,1.9058446498220893,67.29604196548462,0.4166666666666667,4,25.883061051368713,0
exhaustive,4,nominal,"((), (0, 1, 3, 2))",0.0017921829712577164,1.892622939609768,67.25933933258057,0.4,4,25.868946433067322,0
exhaustive,4,nominal,"((), (0, 2, 1, 3))",0.0017130849737441167,1.8241080415297124,67.2505955696106,0.4,4,25.865586519241333,0
exhaustive,4,nominal,"((), (0, 2, 3, 1))",0.001687106050667353,1.8134481115735874,67.2216362953186,0.4,4,25.854448676109314,0
exhaustive,4,nominal,"((), (0, 3, 1, 2))",0.001770698290783912,1.8796886231279193,67.25051307678223,0.4,4,25.86555254459381,0
exhaustive,4,nominal,"((), (0, 3, 2, 1))",0.001775252167135477,1.8816725203200346,67.25541019439697,0.4166666666666667,4,25.867435693740845,0
exhaustive,4,nominal,"((), (1, 0, 2, 3))",0.0018252030713483691,1.9069354646125416,67.27887678146362,0.45,4,25.87645184993744,0
exhaustive,4,nominal,"((), (1, 0, 3, 2))",0.001911800616653636,1.946504738314116,67.36538600921631,0.45,4,25.909722685813904,0
exhaustive,4,nominal,"((), (1, 2, 0, 3))",0.0015736089699203148,1.701166069397596,67.05182456970215,0.45,4,25.789108633995056,0
exhaustive,4,nominal,"((), (1, 2, 3, 0))",0.001524166073068045,1.6780386225774626,66.95088577270508,0.4166666666666667,4,25.750253677368164,0
exhaustive,4,nominal,"((), (1, 3, 0, 2))",0.0018712321179918945,1.9211322413118535,67.35080528259277,0.43333333333333335,4,25.904094099998474,0
exhaustive,4,nominal,"((), (1, 3, 2, 0))",0.0016454222932225093,1.7895142503130108,67.13067245483398,0.4,4,25.819401144981384,0
exhaustive,4,nominal,"((), (2, 0, 1, 3))",0.0014083097776165232,1.5157808140224651,67.043710231781,0.43333333333333335,4,25.78601384162903,0
exhaustive,4,nominal,"((), (2, 0, 3, 1))",0.0013824557972839102,1.5051458661169705,67.0165810585022,0.43333333333333335,4,25.775580406188965,0
exhaustive,4,nominal,"((), (2, 1, 0, 3))",0.00140776539046783,1.5167965807923292,67.08535957336426,0.45,4,25.80200982093811,0
exhaustive,4,nominal,"((), (2, 1, 3, 0))",0.0013584839616669342,1.4936941181835497,66.9835433959961,0.4,4,25.762816429138184,0
exhaustive,4,nominal,"((), (2, 3, 0, 1))",0.0013384369667619467,1.4779511841272681,67.0512490272522,0.45,4,25.788894414901733,0
exhaustive,4,nominal,"((), (2, 3, 1, 0))",0.001339573078439571,1.4800529036021448,66.95685005187988,0.4,4,25.752552032470703,0
exhaustive,4,nominal,"((), (3, 0, 1, 2))",0.0018571606051409617,1.9078566155516474,67.3249945640564,0.45,4,25.89418935775757,0
exhaustive,4,nominal,"((), (3, 0, 2, 1))",0.0017417288181604818,1.8563638207599023,67.20619010925293,0.45,4,25.848498344421387,0
exhaustive,4,nominal,"((), (3, 1, 0, 2))",0.0018592300330055878,1.9105238640968962,67.34927654266357,0.43333333333333335,4,25.90350615978241,0
exhaustive,4,nominal,"((), (3, 1, 2, 0))",0.0016334619867848232,1.7789068621446267,67.13222885131836,0.4,4,25.819998860359192,0
exhaustive,4,nominal,"((), (3, 2, 0, 1))",0.0014903459959896281,1.650594424966462,66.99458312988281,0.45,4,25.767097115516663,0
exhaustive,4,nominal,"((), (3, 2, 1, 0))",0.001492658702773042,1.6533036701866455,66.92461204528809,0.4166666666666667,4,25.740150690078735,0
exhaustive,4,nominal,"((0, 1), (2, 3))",0.0013262416323414072,1.4688300875394447,67.03343200683594,0.6,4,25.782070875167847,0
exhaustive,4,nominal,"((0, 1), (3, 2))",0.001479333164752461,1.6420826684094945,66.9788613319397,0.6,4,25.761080026626587,0
exhaustive,4,nominal,"((0, 1, 2), (3,))",0.0017348341789329425,1.8519850770130906,67.21868467330933,0.6,4,25.853311896324158,0
exhaustive,4,nominal,"((0, 1, 3), (2,))",0.0013707555190194398,1.4983760302178646,67.03967571258545,0.5833333333333334,4,25.784470319747925,0
exhaustive,4,nominal,"((0, 2), (1, 3))",0.0016320866416208446,1.7782914462286783,67.18309926986694,0.5833333333333334,4,25.83962917327881,0
exhaustive,4,nominal,"((0, 2), (3, 1))",0.001620135284611024,1.7676858591398559,67.18575811386108,0.5833333333333334,4,25.84065282344818,0
exhaustive,4,nominal,"((0, 2, 1), (3,))",0.0016221853875322267,1.7691516278903934,67.1866545677185,0.6,4,25.84099590778351,0
exhaustive,4,nominal,"((0, 2, 3), (1,))",0.0016767053602961823,1.8077969468871777,67.21304559707642,0.6,4,25.851145267486572,0
exhaustive,4,nominal,"((0, 3), (1, 2))",0.0015108253865037113,1.6668158209320614,67.0039587020874,0.6,4,25.77073109149933,0
exhaustive,4,nominal,"((0, 3), (2, 1))",0.001345146432868205,1.4824713181206637,67.06002950668335,0.6,4,25.79230010509491,0
exhaustive,4,nominal,"((0, 3, 1), (2,))",0.0013493808510247618,1.485441706824493,67.05892992019653,0.5833333333333334,4,25.791876673698425,0
exhaustive,4,nominal,"((0, 3, 2), (1,))",0.0017664606857579201,1.8767182123135928,67.24754858016968,0.6,4,25.864413022994995,0
exhaustive,4,nominal,"((0,), (1, 2, 3))",0.0015108253865037113,1.6668158209320614,67.0039587020874,0.5666666666666667,4,25.77073109149933,0
exhaustive,4,nominal,"((0,), (1, 3, 2))",0.0016320866416208446,1.7782914462286783,67.18309926986694,0.55,4,25.83962917327881,0
exhaustive,4,nominal,"((0,), (2, 1, 3))",0.001345146432868205,1.4824713181206637,67.06002950668335,0.55,4,25.79230010509491,0
exhaustive,4,nominal,"((0,), (2, 3, 1))",0.0013262416323414072,1.4688300875394447,67.03343200683594,0.55,4,25.782070875167847,0
exhaustive,4,nominal,"((0,), (3, 1, 2))",0.001620135284611024,1.7676858591398559,67.18575811386108,0.55,4,25.84065282344818,0
exhaustive,4,nominal,"((0,), (3, 2, 1))",0.001479333164752461,1.6420826684094945,66.9788613319397,0.5666666666666667,4,25.761080026626587,0
exhaustive,4,nominal,"((1, 0), (2, 3))",0.0013276434619911015,1.4699891713296087,67.0014533996582,0.6,4,25.769764065742493,0
exhaustive,4,nominal,"((1, 0), (3, 2))",0.0014813411107752472,1.6437280940412313,66.95719766616821,0.6,4,25.752739787101746,0
exhaustive,4,nominal,"((1, 0, 2), (3,))",0.001736842459649779,1.8536305099516124,67.20138025283813,0.6333333333333333,4,25.84664821624756,0
exhaustive,4,nominal,"((1, 0, 3), (2,))",0.0013720601273234934,1.4994946978737655,67.01059579849243,0.6333333333333333,4,25.77327859401703,0
exhaustive,4,nominal,"((1, 2), (3, 0))",0.0014813411107752472,1.6437280940412313,66.95719766616821,0.6,4,25.752739787101746,0
exhaustive,4,nominal,"((1, 2, 0), (3,))",0.001485460321418941,1.6478611103247882,66.99059057235718,0.6,4,25.76556169986725,0
exhaustive,4,nominal,"((1, 3), (2, 0))",0.0013276434619911015,1.4699891713296087,67.0014533996582,0.5833333333333334,4,25.769764065742493,0
exhaustive,4,nominal,"((1, 3, 0), (2,))",0.0013317636330612004,1.4741221715165596,67.04809045791626,0.5833333333333334,4,25.787678480148315,0
exhaustive,4,nominal,"((1,), (2, 0, 3))",0.0013720601273234934,1.4994946978737655,67.01059579849243,0.6333333333333333,4,25.77327859401703,0
exhaustive,4,nominal,"((1,), (2, 3, 0))",0.0013317636330612004,1.4741221715165596,67.04809045791626,0.6,4,25.787678480148315,0
exhaustive,4,nominal,"((1,), (3, 0, 2))",0.001736842459649779,1.8536305099516124,67.20138025283813,0.6333333333333333,4,25.84664821624756,0
exhaustive,4,nominal,"((1,), (3, 2, 0))",0.001485460321418941,1.6478611103247882,66.99059057235718,0.6,4,25.76556169986725,0
exhaustive,4,nominal,"((2, 0), (3, 1))",0.0013157848443370312,1.4593835927298486,67.0156078338623,0.5833333333333334,4,25.775206804275513,0
exhaustive,4,nominal,"((2, 0, 1), (3,))",0.001317833608482033,1.460849361582056,67.01505088806152,0.6333333333333333,4,25.774994254112244,0
exhaustive,4,nominal,"((2, 1), (3, 0))",0.0013157848443370312,1.4593835927298486,67.0156078338623,0.6,4,25.775206804275513,0
exhaustive,4,nominal,"((2, 1, 0), (3,))",0.0013199028180679306,1.4635165978369884,67.06435060501099,0.6,4,25.793933629989624,0
exhaustive,4,nominal,"((2,), (3, 0, 1))",0.001317833608482033,1.460849361582056,67.01505088806152,0.6333333333333333,4,25.774994254112244,0
exhaustive,4,nominal,"((2,), (3, 1, 0))",0.0013199028180679306,1.4635165978369884,67.06435060501099,0.5833333333333334,4,25.793933629989624,0
exhaustive,5,single_domain,"((), (0, 1, 2, 3))",32.10419487953186,61.03849654861836,2124.952194213867,0.4166666666666667,4,773.3237228393555,0
exhaustive,5,single_domain,"((), (0, 1, 3, 2))",32.10419487953186,61.03849654861836,2124.952194213867,0.4,4,773.3237228393555,0
exhaustive,5,single_domain,"((), (0, 2, 1, 3))",32.060267210006714,60.81836513332428,2124.323959350586,0.4,4,773.2825241088867,0
exhaustive,5,single_domain,"((), (0, 2, 3, 1))",32.060267210006714,60.81836513332428,2124.323959350586,0.4,4,773.2825241088867,0
exhaustive,5,single_domain,"((), (0, 3, 1, 2))",32.104809045791626,61.04551876600389,2124.953399658203,0.4,4,773.3238143920898,0
exhaustive,5,single_domain,"((), (0, 3, 2, 1))",32.059988260269165,60.812476478623935,2124.322494506836,0.4166666666666667,4,773.2822418212891,0
exhaustive,5,single_domain,"((), (1, 0, 2, 3))",32.10382533073425,61.03417041856501,2124.949020385742,0.45,4,773.3232879638672,0
exhaustive,5,single_domain,"((), (1, 0, 3, 2))",32.10382533073425,61.03417041856501,2124.949020385742,0.45,4,773.3232879638672,0
exhaustive,5,single_domain,"((), (1, 2, 0, 3))",32.74606680870056,62.104049889735954,2124.913360595703,0.45,4,773.376953125,0
exhaustive,5,single_domain,"((), (1, 2, 3, 0))",32.74568200111389,62.096534686635096,2124.9114379882812,0.4166666666666667,4,773.3766021728516,0
exhaustive,5,single_domain,"((), (1, 3, 0, 2))",32.82221460342407,62.51443043618979,2126.3866424560547,0.43333333333333335,4,773.4754180908203,0
exhaustive,5,single_domain,"((), (1, 3, 2, 0))",32.74568200111389,62.096534686635096,2124.9114379882812,0.4,4,773.3766021728516,0
exhaustive,5,single_domain,"((), (2, 0, 1, 3))",32.01302528381348,60.53689782365231,2123.209762573242,0.43333333333333335,4,773.2179641723633,0
exhaustive,5,single_domain,"((), (2, 0, 3, 1))",32.01302528381348,60.53689782365231,2123.209762573242,0.43333333333333335,4,773.2179641723633,0
exhaustive,5,single_domain,"((), (2, 1, 0, 3))",32.73053312301636,62.00743608399652,2124.6436157226562,0.45,4,773.3696975708008,0
exhaustive,5,single_domain,"((), (2, 1, 3, 0))",32.73014974594116,61.99992074408095,2124.6417236328125,0.4,4,773.3693313598633,0
exhaustive,5,single_domain,"((), (2, 3, 0, 1))",32.73139929771423,62.016953440721934,2124.6492462158203,0.45,4,773.3707809448242,0
exhaustive,5,single_domain,"((), (2, 3, 1, 0))",32.73014974594116,61.99992074408095,2124.6417236328125,0.4,4,773.3693313598633,0
exhaustive,5,single_domain,"((), (3, 0, 1, 2))",32.10469150543213,61.0436880525784,2124.9529724121094,0.45,4,773.3237686157227,0
exhaustive,5,single_domain,"((), (3, 0, 2, 1))",32.10469150543213,61.0436880525784,2124.9529724121094,0.45,4,773.3237686157227,0
exhaustive,5,single_domain,"((), (3, 1, 0, 2))",32.82221460342407,62.51443043618979,2126.3866424560547,0.43333333333333335,4,773.4754180908203,0
exhaustive,5,single_domain,"((), (3, 1, 2, 0))",32.74568200111389,62.096534686635096,2124.9114379882812,0.4,4,773.3766021728516,0
exhaustive,5,single_domain,"((), (3, 2, 0, 1))",32.73139929771423,62.016953440721934,2124.6492462158203,0.45,4,773.3707809448242,0
exhaustive,5,single_domain,"((), (3, 2, 1, 0))",32.73014974594116,61.99992074408095,2124.6417236328125,0.4166666666666667,4,773.3693313598633,0
exhaustive,5,single_domain,"((0, 1), (2, 3))",32.011741399765015,60.516323152001085,2123.2052459716797,0.6,4,773.2172164916992,0
exhaustive,5,single_domain,"((0, 1), (3, 2))",32.011741399765015,60.516323152001085,2123.2052459716797,0.6,4,773.2172164916992,0
exhaustive,5,single_domain,"((0, 1, 2), (3,))",32.10380268096924,61.03083282254317,2124.9503326416016,0.6,4,773.3233871459961,0
exhaustive,5,single_domain,"((0, 1, 3), (2,))",32.01213192939758,60.52398696368286,2123.2071380615234,0.5833333333333334,4,773.2175827026367,0
exhaustive,5,single_domain,"((0, 2), (1, 3))",32.058621644973755,60.79361303843807,2124.3162689208984,0.5833333333333334,4,773.2813720703125,0
exhaustive,5,single_domain,"((0, 2), (3, 1))",32.058621644973755,60.79361303843807,2124.3162689208984,0.5833333333333334,4,773.2813720703125,0
exhaustive,5,single_domain,"((0, 2, 1), (3,))",32.059871196746826,60.81064571312143,2124.3220825195312,0.6,4,773.2821731567383,0
exhaustive,5,single_domain,"((0, 2, 3), (1,))",32.05900430679321,60.80112818005217,2124.318145751953,0.6,4,773.2817001342773,0
exhaustive,5,single_domain,"((0, 3), (1, 2))",32.027023792266846,60.61053480667047,2123.4722290039062,0.6,4,773.2240982055664,0
exhaustive,5,single_domain,"((0, 3), (2, 1))",32.01149272918701,60.513920940341634,2123.2024993896484,0.6,4,773.2168502807617,0
exhaustive,5,single_domain,"((0, 3, 1), (2,))",32.012746810913086,60.53100908327154,2123.208297729492,0.5833333333333334,4,773.2176742553711,0
exhaustive,5,single_domain,"((0, 3, 2), (1,))",32.05873394012451,60.795388323876,2124.3167572021484,0.6,4,773.2814025878906,0
exhaustive,5,single_domain,"((0,), (1, 2, 3))",32.02691173553467,60.60875970333947,2123.4717712402344,0.5666666666666667,4,773.2240600585938,0
exhaustive,5,single_domain,"((0,), (1, 3, 2))",32.02691173553467,60.60875970333947,2123.4717712402344,0.55,4,773.2240600585938,0
exhaustive,5,single_domain,"((0,), (2, 1, 3))",32.011380672454834,60.51214573026266,2123.2020416259766,0.55,4,773.2167892456055,0
exhaustive,5,single_domain,"((0,), (2, 3, 1))",32.011380672454834,60.51214573026266,2123.2020416259766,0.55,4,773.2167892456055,0
exhaustive,5,single_domain,"((0,), (3, 1, 2))",32.02691173553467,60.60875970333947,2123.4717712402344,0.55,4,773.2240600585938,0
exhaustive,5,single_domain,"((0,), (3, 2, 1))",32.011380672454834,60.51214573026266,2123.2020416259766,0.5666666666666667,4,773.2167892456055,0
exhaustive,5,single_domain,"((1, 0), (2, 3))",32.011380672454834,60.51214573026266,2123.2020416259766,0.6,4,773.2167892456055,0
exhaustive,5,single_domain,"((1, 0), (3, 2))",32.011380672454834,60.51214573026266,2123.2020416259766,0.6,4,773.2167892456055,0
exhaustive,5,single_domain,"((1, 0, 2), (3,))",32.103442430496216,61.02665553649568,2124.9471435546875,0.6333333333333333,4,773.3229446411133,0
exhaustive,5,single_domain,"((1, 0, 3), (2,))",32.01176190376282,60.519660913560955,2123.203903198242,0.6333333333333333,4,773.2171478271484,0
exhaustive,5,single_domain,"((1, 2), (3, 0))",32.02691173553467,60.60875970333947,2123.4717712402344,0.6,4,773.2240600585938,0
exhaustive,5,single_domain,"((1, 2, 0), (3,))",32.74568200111389,62.096534686635096,2124.9114379882812,0.6,4,773.3766021728516,0
exhaustive,5,single_domain,"((1, 3), (2, 0))",32.011380672454834,60.51214573026266,2123.2020416259766,0.5833333333333334,4,773.2167892456055,0
exhaustive,5,single_domain,"((1, 3, 0), (2,))",32.73014974594116,61.99992074408095,2124.6417236328125,0.5833333333333334,4,773.3693313598633,0
exhaustive,5,single_domain,"((1,), (2, 0, 3))",32.01176190376282,60.519660913560955,2123.203903198242,0.6333333333333333,4,773.2171478271484,0
exhaustive,5,single_domain,"((1,), (2, 3, 0))",32.73014974594116,61.99992074408095,2124.6417236328125,0.6,4,773.3693313598633,0
exhaustive,5,single_domain,"((1,), (3, 0, 2))",32.103442430496216,61.02665553649568,2124.9471435546875,0.6333333333333333,4,773.3229446411133,0
exhaustive,5,single_domain,"((1,), (3, 2, 0))",32.73014974594116,61.99992074408095,2124.6417236328125,0.6,4,773.3693313598633,0
exhaustive,5,single_domain,"((2, 0), (3, 1))",32.011380672454834,60.51214573026266,2123.2020416259766,0.5833333333333334,4,773.2167892456055,0
exhaustive,5,single_domain,"((2, 0, 1), (3,))",32.012629985809326,60.529178410611806,2123.2079010009766,0.6333333333333333,4,773.2176055908203,0
exhaustive,5,single_domain,"((2, 1), (3, 0))",32.011380672454834,60.51214573026266,2123.2020416259766,0.6,4,773.2167892456055,0
exhaustive,5,single_domain,"((2, 1, 0), (3,))",32.73014974594116,61.99992074408095,2124.6417236328125,0.6,4,773.3693313598633,0
exhaustive,5,single_domain,"((2,), (3, 0, 1))",32.012629985809326,60.529178410611806,2123.2079010009766,0.6333333333333333,4,773.2176055908203,0
exhaustive,5,single_domain,"((2,), (3, 1, 0))",32.73014974594116,61.99992074408095,2124.6417236328125,0.5833333333333334,4,773.3693313598633,0
exhaustive,6,cascade,"((), (0, 1, 2))",282.079532623291,159.56988086102658,2780.045654296875,0.25,3,724.3231506347656,0
exhaustive,6,cascade,"((), (0, 2, 1))",281.04521560668945,158.97744385874137,2775.9183959960938,0.25,3,724.2263870239258,0
exhaustive,6,cascade,"((), (1, 0, 2))",282.4337673187256,159.890002410396,2781.4390563964844,0.3,3,724.3601226806641,0
exhaustive,6,cascade,"((), (1, 2, 0))",282.4337673187256,159.890002410396,2781.4390563964844,0.25,3,724.3601226806641,0
exhaustive,6,cascade,"((), (2, 0, 1))",281.04521560668945,158.97744385874137,2775.9183959960938,0.3,3,724.2263870239258,0
exhaustive,6,cascade,"((), (2, 1, 0))",281.40065574645996,159.29756476098248,2777.3130798339844,0.25,3,724.2636642456055,0
exhaustive,6,cascade,"((0, 1), (2,))",281.04521560668945,158.97744385874137,2775.9183959960938,0.45,3,724.2263870239258,0
exhaustive,6,cascade,"((0, 2), (1,))",281.04521560668945,158.97744385874137,2775.9183959960938,0.45,3,724.2263870239258,0
exhaustive,6,cascade,"((0,), (1, 2))",282.079532623291,159.56988086102658,2780.045654296875,0.4,3,724.3231506347656,0
exhaustive,6,cascade,"((0,), (2, 1))",281.04521560668945,158.97744385874137,2775.9183959960938,0.4,3,724.2263870239258,0
exhaustive,6,cascade,"((1, 0), (2,))",281.40065574645996,159.29756476098248,2777.3130798339844,0.45,3,724.2636642456055,0
exhaustive,6,cascade,"((1,), (2, 0))",281.04521560668945,158.97744385874137,2775.9183959960938,0.45,3,724.2263870239258,0
exhaustive,7,ood,"((), (0, 1, 2))",1151.544174194336,306.5174446702042,2603.0408935546875,0.4,3,463.3318786621094,0
exhaustive,7,ood,"((), (0, 2, 1))",1165.6487731933594,312.3286732077047,2616.564178466797,0.4,3,463.53623962402344,0
exhaustive,7,ood,"((), (1, 0, 2))",1152.5925903320312,307.28314204758396,2604.6045532226562,0.43333333333333335,3,463.39229583740234,0
exhaustive,7,ood,"((), (1, 2, 0))",1152.5925903320312,307.28314204758396,2604.6045532226562,0.4,3,463.39229583740234,0
exhaustive,7,ood,"((), (2, 0, 1))",1166.1483306884766,312.7263884562416,2617.5628967285156,0.43333333333333335,3,463.57143783569336,0
exhaustive,7,ood,"((), (2, 1, 0))",1166.1483306884766,312.7263884562416,2617.5628967285156,0.4,3,463.57143783569336,0
exhaustive,7,ood,"((0, 1), (2,))",1150.991455078125,306.14946224762986,2602.4781188964844,0.5833333333333334,3,463.3073272705078,0
exhaustive,7,ood,"((0, 2), (1,))",1151.544174194336,306.5174446702042,2603.0408935546875,0.5833333333333334,3,463.3318786621094,0
exhaustive,7,ood,"((0,), (1, 2))",1151.544174194336,306.5174446702042,2603.0408935546875,0.55,3,463.3318786621094,0
exhaustive,7,ood,"((0,), (2, 1))",1165.0929718017578,311.9606903859104,2616.0022583007812,0.55,3,463.5121841430664,0
exhaustive,7,ood,"((1, 0), (2,))",1152.0401306152344,306.9151605391006,2604.0418395996094,0.5833333333333334,3,463.3677749633789,0
exhaustive,7,ood,"((1,), (2, 0))",1152.0401306152344,306.9151605391006,2604.0418395996094,0.5833333333333334,3,463.3677749633789,0
exhaustive,8,nominal,"((), (0, 1, 2, 3))",0.0013806452298013028,1.4145241485598876,1094.5157165527344,0.4166666666666667,3,416.97489166259766,0
exhaustive,8,nominal,"((), (0, 1, 3, 2))",0.0013806452298013028,1.4145241485598876,1094.5157165527344,0.4,3,416.97489166259766,0
exhaustive,8,nominal,"((), (0, 2, 1, 3))",0.0013818587431160267,1.414445552137332,1094.5128784179688,0.4,2,416.974178314209,0
exhaustive,8,nominal,"((), (0, 2, 3, 1))",0.0013781485504296143,1.4072062499017188,1094.4880981445312,0.4,3,416.9646415710449,0
exhaustive,8,nominal,"((), (0, 3, 1, 2))",0.0013741075599682517,1.38786418455066,1094.3827819824219,0.4,3,416.9159698486328,0
exhaustive,8,nominal,"((), (0, 3, 2, 1))",0.0013727755467698444,1.3868794909532445,1094.3815612792969,0.4166666666666667,3,416.91586685180664,0
exhaustive,8,nominal,"((), (1, 0, 2, 3))",0.0013925103849032894,1.4612842063531752,1094.7515258789062,0.45,2,417.028751373291,0
exhaustive,8,nominal,"((), (1, 0, 3, 2))",0.0013925103849032894,1.4612842063531752,1094.7515258789062,0.45,3,417.028751373291,0
exhaustive,8,nominal,"((), (1, 2, 0, 3))",0.0013943438752903603,1.4711500880193658,1094.7798309326172,0.45,2,417.04000091552734,0
exhaustive,8,nominal,"((), (1, 2, 3, 0))",0.0013943438752903603,1.4711500880193658,1094.7798309326172,0.4166666666666667,3,417.04000091552734,0
exhaustive,8,nominal,"((), (1, 3, 0, 2))",0.0013900588273827452,1.455676325381595,1094.678482055664,0.43333333333333335,3,417.00119400024414,0
exhaustive,8,nominal,"((), (1, 3, 2, 0))",0.0013900588273827452,1.455676325381595,1094.678482055664,0.4,3,417.00119400024414,0
exhaustive,8,nominal,"((), (2, 0, 1, 3))",0.0013910437246522633,1.4476727862435719,1094.5863189697266,0.43333333333333335,2,417.0018730163574,0
exhaustive,8,nominal,"((), (2, 0, 3, 1))",0.0013873313564545242,1.4404321312730006,1094.5615692138672,0.43333333333333335,3,416.9923515319824,0
exhaustive,8,nominal,"((), (2, 1, 0, 3))",0.001396167177517782,1.4724546058132515,1094.6839294433594,0.45,2,417.0389213562012,0
exhaustive,8,nominal,"((), (2, 1, 3, 0))",0.001396167177517782,1.4724546058132515,1094.6839294433594,0.4,3,417.0389213562012,0
exhaustive,8,nominal,"((), (2, 3, 0, 1))",0.0013864485263184179,1.4349427308260756,1094.5218505859375,0.45,3,416.96882247924805,0
exhaustive,8,nominal,"((), (2, 3, 1, 0))",0.0013896140262659173,1.4457933060896817,1094.5514373779297,0.4,3,416.9802017211914,0
exhaustive,8,nominal,"((), (3, 0, 1, 2))",0.001371588283291203,1.3923707720521383,1094.4009552001953,0.45,3,416.91673278808594,0
exhaustive,8,nominal,"((), (3, 0, 2, 1))",0.0013702596133953193,1.3913882038231717,1094.3997497558594,0.45,3,416.91663360595703,0
exhaustive,8,nominal,"((), (3, 1, 0, 2))",0.001382881513563916,1.4348852253634081,1094.6021423339844,0.43333333333333335,3,416.9720039367676,0
exhaustive,8,nominal,"((), (3, 1, 2, 0))",0.001382881513563916,1.4348852253634081,1094.6021423339844,0.4,3,416.9720039367676,0
exhaustive,8,nominal,"((), (3, 2, 0, 1))",0.0013796531638945453,1.4233528484296136,1094.5100860595703,0.45,3,416.95838928222656,0
exhaustive,8,nominal,"((), (3, 2, 1, 0))",0.0013828160881530493,1.4342021656076296,1094.5396728515625,0.4166666666666667,3,416.9697723388672,0
exhaustive,8,nominal,"((0, 1), (2, 3))",0.0013690740015590563,1.3834054567962302,1094.3773040771484,0.6,4,416.9147644042969,0
exhaustive,8,nominal,"((0, 1), (3, 2))",0.001362664906991995,1.372034115851091,1094.3655395507812,0.6,4,416.9042854309082,0
exhaustive,8,nominal,"((0, 1, 2), (3,))",0.0013650743348989636,1.3748528628105992,1094.3701477050781,0.6,4,416.9053421020508,0
exhaustive,8,nominal,"((0, 1, 3), (2,))",0.0013775835268461378,1.4113175440649113,1094.510482788086,0.5833333333333334,4,416.9736213684082,0
exhaustive,8,nominal,"((0, 2), (1, 3))",0.001369605963191134,1.392518905022799,1094.5017700195312,0.5833333333333334,4,416.93514251708984,0
exhaustive,8,nominal,"((0, 2), (3, 1))",0.001362460780001129,1.3717311671262422,1094.4252166748047,0.5833333333333334,4,416.9058647155762,0
exhaustive,8,nominal,"((0, 2, 1), (3,))",0.0013648047879541991,1.373866854639063,1094.3671569824219,0.6,3,416.90467834472656,0
exhaustive,8,nominal,"((0, 2, 3), (1,))",0.0013716252142330632,1.4018385561910107,1094.5804595947266,0.6,4,416.9648628234863,0
exhaustive,8,nominal,"((0, 3), (1, 2))",0.0013677814531547483,1.382733704336463,1094.4516296386719,0.6,4,416.9157371520996,0
exhaustive,8,nominal,"((0, 3), (2, 1))",0.0013690740015590563,1.3834054567962302,1094.3773040771484,0.6,4,416.9147644042969,0
exhaustive,8,nominal,"((0, 3, 1), (2,))",0.001371047070279019,1.384657637875183,1094.3775024414062,0.5833333333333334,4,416.91469955444336,0
exhaustive,8,nominal,"((0, 3, 2), (1,))",0.0013677814531547483,1.382733704336463,1094.4516296386719,0.6,4,416.9157371520996,0
exhaustive,8,nominal,"((0,), (1, 2, 3))",0.0013757603828707943,1.4100130254761358,1094.6066589355469,0.5666666666666667,4,416.9747085571289,0
exhaustive,8,nominal,"((0,), (1, 3, 2))",0.0013714815358980559,1.3945406566630156,1094.5049133300781,0.55,4,416.93575286865234,0
exhaustive,8,nominal,"((0,), (2, 1, 3))",0.0013775835268461378,1.4113175440649113,1094.510482788086,0.55,4,416.9736213684082,0
exhaustive,8,nominal,"((0,), (2, 3, 1))",0.001371047070279019,1.384657637875183,1094.3775024414062,0.55,4,416.91469955444336,0
exhaustive,8,nominal,"((0,), (3, 1, 2))",0.0013643321453855606,1.3737507947986245,1094.4283294677734,0.55,4,416.90646743774414,0
exhaustive,8,nominal,"((0,), (3, 2, 1))",0.0013642667272506515,1.373067735351937,1094.3656921386719,0.5666666666666667,4,416.9042282104492,0
exhaustive,8,nominal,"((1, 0), (2, 3))",0.001381454343572841,1.4307969456103085,1094.5917053222656,0.6,4,416.968692779541,0
exhaustive,8,nominal,"((1, 0), (3, 2))",0.0013759489393123658,1.4202439403836222,1094.5649719238281,0.6,4,416.9584426879883,0
exhaustive,8,nominal,"((1, 0, 2), (3,))",0.001378358396323165,1.4230626907138122,1094.569595336914,0.6333333333333333,3,416.9594955444336,0
exhaustive,8,nominal,"((1, 0, 3), (2,))",0.001389448643749347,1.45807760078032,1094.7462768554688,0.6333333333333333,4,417.02750396728516,0
exhaustive,8,nominal,"((1, 2), (3, 0))",0.0013665554051840445,1.388279298850545,1094.4547729492188,0.6,4,416.9166946411133,0
exhaustive,8,nominal,"((1, 2, 0), (3,))",0.0013801926543237641,1.4329294396628616,1094.5979766845703,0.6,3,416.97077560424805,0
exhaustive,8,nominal,"((1, 3), (2, 0))",0.0013787848893116461,1.4257447860282428,1094.5752258300781,0.5833333333333334,4,416.96288299560547,0
exhaustive,8,nominal,"((1, 3, 0), (2,))",0.0013869974245608319,1.452469760815583,1094.6732330322266,0.5833333333333334,4,416.999942779541,0
exhaustive,8,nominal,"((1,), (2, 0, 3))",0.0013808078729198314,1.4350644374325345,1094.6538696289062,0.6333333333333333,4,416.99256896972656,0
exhaustive,8,nominal,"((1,), (2, 3, 0))",0.001381454343572841,1.4307969456103085,1094.5917053222656,0.6,4,416.968692779541,0
exhaustive,8,nominal,"((1,), (3, 0, 2))",0.0013665554051840445,1.388279298850545,1094.4547729492188,0.6333333333333333,4,416.9166946411133,0
exhaustive,8,nominal,"((1,), (3, 2, 0))",0.0013759489393123658,1.4202439403836222,1094.5649719238281,0.6,4,416.9584426879883,0
exhaustive,8,nominal,"((2, 0), (3, 1))",0.0013716225294047035,1.4049570740478814,1094.4988098144531,0.5833333333333334,4,416.9336471557617,0
exhaustive,8,nominal,"((2, 0, 1), (3,))",0.001373966557366657,1.4070927615548152,1094.4408264160156,0.6333333333333333,3,416.9324645996094,0
exhaustive,8,nominal,"((2, 1), (3, 0))",0.001366930531730759,1.3881327300721769,1094.3955688476562,0.6,4,416.91553115844727,0
exhaustive,8,nominal,"((2, 1, 0), (3,))",0.0013805677808704786,1.4327828619846084,1094.5388793945312,0.6,3,416.96961212158203,0
exhaustive,8,nominal,"((2,), (3, 0, 1))",0.0013685323483514367,1.3891663495730227,1094.395736694336,0.6333333333333333,4,416.91547775268555,0
exhaustive,8,nominal,"((2,), (3, 1, 0))",0.0013798255713481922,1.4316807939785205,1094.5968933105469,0.5833333333333334,4,416.9707450866699,0
exhaustive,9,single_domain,"((), (0, 1, 2, 3))",6.533423107583076,18.54117273982775,207.77044105529785,0.5666666666666667,4,78.87400341033936,0
exhaustive,9,single_domain,"((), (0, 1, 3, 2))",6.5360271865502,19.756819454872787,209.19030094146729,0.5666666666666667,4,79.41920137405396,0
exhaustive,9,single_domain,"((), (0, 2, 1, 3))",6.5335141136310995,18.60342173416073,207.89091777801514,0.6,4,78.90470170974731,0
exhaustive,9,single_domain,"((), (0, 2, 3, 1))",6.53371445229277,18.777085708770638,208.19586086273193,0.5666666666666667,4,79.0218653678894,0
exhaustive,9,single_domain,"((), (0, 3, 1, 2))",6.535507106687874,19.900053747302508,209.41065979003906,0.6,4,79.48827505111694,0
exhaustive,9,single_domain,"((), (0, 3, 2, 1))",6.535507106687874,19.900053747302508,209.41065979003906,0.5666666666666667,4,79.48827505111694,0
exhaustive,9,single_domain,"((), (1, 0, 2, 3))",6.533423107583076,18.54117273982775,207.77044105529785,0.7166666666666667,4,78.87400341033936,0
exhaustive,9,single_domain,"((), (1, 0, 3, 2))",6.5360271865502,19.756819454872787,209.19030094146729,0.7166666666666667,4,79.41920137405396,0
exhaustive,9,single_domain,"((), (1, 2, 0, 3))",6.532310352195054,17.598276845893785,205.9109296798706,0.75,4,78.46686363220215,0
exhaustive,9,single_domain,"((), (1, 2, 3, 0))",6.532792191486806,17.668380887640964,206.04059314727783,0.5666666666666667,4,78.51670742034912,0
exhaustive,9,single_domain,"((), (1, 3, 0, 2))",6.5358066079206765,19.757999411807905,209.15692234039307,0.75,4,79.4039044380188,0
exhaustive,9,single_domain,"((), (1, 3, 2, 0))",6.5358066079206765,19.757999411807905,209.15692234039307,0.5666666666666667,4,79.4039044380188,0
exhaustive,9,single_domain,"((), (2, 0, 1, 3))",6.532401040196419,17.66052597892182,205.994065284729,0.75,4,78.49881315231323,0
exhaustive,9,single_domain,"((), (2, 0, 3, 1))",6.532600726466626,17.834189953719203,206.30566024780273,0.75,4,78.61853885650635,0
exhaustive,9,single_domain,"((), (2, 1, 0, 3))",6.532310352195054,17.598276845893785,205.9109296798706,0.75,4,78.46686363220215,0
exhaustive,9,single_domain,"((), (2, 1, 3, 0))",6.532792191486806,17.668380887640964,206.04059314727783,0.6,4,78.51670742034912,0
exhaustive,9,single_domain,"((), (2, 3, 0, 1))",6.53227110998705,17.81161521178057,206.23177909851074,0.7166666666666667,4,78.59017133712769,0
exhaustive,9,single_domain,"((), (2, 3, 1, 0))",6.53227110998705,17.81161521178057,206.23177909851074,0.5666666666666667,4,78.59017133712769,0
exhaustive,9,single_domain,"((), (3, 0, 1, 2))",6.535835225135088,19.958205716201476,209.4899616241455,0.75,4,79.51626300811768,0
exhaustive,9,single_domain,"((), (3, 0, 2, 1))",6.535835225135088,19.958205716201476,209.4899616241455,0.75,4,79.51626300811768,0
exhaustive,9,single_domain,"((), (3, 1, 0, 2))",6.536004830617458,19.906827364201003,209.39267444610596,0.75,4,79.47889947891235,0
exhaustive,9,single_domain,"((), (3, 1, 2, 0))",6.536004830617458,19.906827364201003,209.39267444610596,0.6,4,79.47889947891235,0
exhaustive,9,single_domain,"((), (3, 2, 0, 1))",6.534913665615022,19.485531374922726,208.88471221923828,0.7166666666666667,4,79.28393173217773,0
exhaustive,9,single_domain,"((), (3, 2, 1, 0))",6.534913665615022,19.485531374922726,208.88471221923828,0.5666666666666667,4,79.28393173217773,0
exhaustive,9,single_domain,"((0, 1), (2, 3))",6.531389219220728,17.481843456431967,205.67415237426758,0.7166666666666667,4,78.37588500976562,0
exhaustive,9,single_domain,"((0, 1), (3, 2))",6.534030315931886,19.15575968071862,208.30727195739746,0.7166666666666667,4,79.08012819290161,0
exhaustive,9,single_domain,"((0, 1, 2), (3,))",6.532611225731671,18.44849400458518,207.5670928955078,0.75,4,78.79587173461914,0
exhaustive,9,single_domain,"((0, 1, 3), (2,))",6.532200654968619,17.574522196816268,205.8821496963501,0.75,4,78.4558048248291,0
exhaustive,9,single_domain,"((0, 2), (1, 3))",6.532611225731671,18.44849400458518,207.5670928955078,0.75,4,78.79587173461914,0
exhaustive,9,single_domain,"((0, 2), (3, 1))",6.53280889429152,18.597321936646782,207.81236457824707,0.75,4,78.87451648712158,0
exhaustive,9,single_domain,"((0, 2, 1), (3,))",6.532702223863453,18.510743042147336,207.68784427642822,0.75,4,78.82667589187622,0
exhaustive,9,single_domain,"((0, 2, 3), (1,))",6.533423107583076,18.54117273982775,207.77044105529785,0.7166666666666667,4,78.87400341033936,0
exhaustive,9,single_domain,"((0, 3), (1, 2))",6.531389219220728,17.481843456431967,205.67415237426758,0.75,4,78.37588500976562,0
exhaustive,9,single_domain,"((0, 3), (2, 1))",6.531389219220728,17.481843456431967,205.67415237426758,0.75,4,78.37588500976562,0
exhaustive,9,single_domain,"((0, 3, 1), (2,))",6.531679573468864,17.717756520955877,206.073974609375,0.75,4,78.52951288223267,0
exhaustive,9,single_domain,"((0, 3, 2), (1,))",6.535215068608522,19.66414072098321,209.00369930267334,0.7166666666666667,4,79.34751081466675,0
exhaustive,9,single_domain,"((0,), (1, 2, 3))",6.532200654968619,17.574522196816268,205.8821496963501,0.5666666666666667,4,78.4558048248291,0
exhaustive,9,single_domain,"((0,), (1, 3, 2))",6.535215068608522,19.66414072098321,209.00369930267334,0.5666666666666667,4,79.34751081466675,0
exhaustive,9,single_domain,"((0,), (2, 1, 3))",6.532200654968619,17.574522196816268,205.8821496963501,0.6,4,78.4558048248291,0
exhaustive,9,single_domain,"((0,), (2, 3, 1))",6.531679573468864,17.717756520955877,206.073974609375,0.5666666666666667,4,78.52951288223267,0
exhaustive,9,single_domain,"((0,), (3, 1, 2))",6.535413294564933,19.812968673376307,209.2402229309082,0.6,4,79.4227933883667,0
exhaustive,9,single_domain,"((0,), (3, 2, 1))",6.534322129096836,19.391672684098033,208.7282009124756,0.5666666666666667,4,79.2262635231018,0
exhaustive,9,single_domain,"((1, 0), (2, 3))",6.531389219220728,17.481843456431967,205.67415237426758,0.7166666666666667,4,78.37588500976562,0
exhaustive,9,single_domain,"((1, 0), (3, 2))",6.534030315931886,19.15575968071862,208.30727195739746,0.7166666666666667,4,79.08012819290161,0
exhaustive,9,single_domain,"((1, 0, 2), (3,))",6.532611225731671,18.44849400458518,207.5670928955078,0.9,4,78.79587173461914,0
exhaustive,9,single_domain,"((1, 0, 3), (2,))",6.532200654968619,17.574522196816268,205.8821496963501,0.9,4,78.4558048248291,0
exhaustive,9,single_domain,"((1, 2), (3, 0))",6.531717337667942,17.53999542533094,205.7534694671631,0.75,4,78.40636920928955,0
exhaustive,9,single_domain,"((1, 2, 0), (3,))",6.53149891551584,17.505598105509485,205.7030439376831,0.75,4,78.38698625564575,0
exhaustive,9,single_domain,"((1, 3), (2, 0))",6.53149891551584,17.505598105509485,205.7030439376831,0.75,4,78.38698625564575,0
exhaustive,9,single_domain,"((1, 3, 0), (2,))",6.531980753876269,17.575702147256663,205.8343734741211,0.75,4,78.43747043609619,0
exhaustive,9,single_domain,"((1,), (2, 0, 3))",6.532310352195054,17.598276845893785,205.9109296798706,0.9,4,78.46686363220215,0
exhaustive,9,single_domain,"((1,), (2, 3, 0))",6.531980753876269,17.575702147256663,205.8343734741211,0.7166666666666667,4,78.43747043609619,0
exhaustive,9,single_domain,"((1,), (3, 0, 2))",6.535543190315366,19.722292689882185,209.0837640762329,0.9,4,79.37578439712524,0
exhaustive,9,single_domain,"((1,), (3, 2, 0))",6.534621854312718,19.249618371543313,208.4660587310791,0.7166666666666667,4,79.13866233825684,0
exhaustive,9,single_domain,"((2, 0), (3, 1))",6.531695910263807,17.65442606409185,205.91347217559814,0.75,4,78.46784400939941,0
exhaustive,9,single_domain,"((2, 0, 1), (3,))",6.53158959466964,17.56784722171152,205.78646564483643,0.9,4,78.41904735565186,0
exhaustive,9,single_domain,"((2, 1), (3, 0))",6.531717337667942,17.53999542533094,205.7534694671631,0.75,4,78.40636920928955,0
exhaustive,9,single_domain,"((2, 1, 0), (3,))",6.53149891551584,17.505598105509485,205.7030439376831,0.75,4,78.38698625564575,0
exhaustive,9,single_domain,"((2,), (3, 0, 1))",6.532007693313062,17.77590848985485,206.1524534225464,0.9,4,78.55967712402344,0
exhaustive,9,single_domain,"((2,), (3, 1, 0))",6.532177749089897,17.724530105839026,206.0441083908081,0.75,4,78.51805877685547,0
exhaustive,10,cascade,"((), (0, 1, 2))",252.3547477722168,157.98545929149435,388.82743072509766,0.55,3,23.66861605644226,0
exhaustive,10,cascade,"((), (0, 2, 1))",252.3547477722168,157.98545929149435,388.82743072509766,0.55,3,23.66861605644226,0
exhaustive,10,cascade,"((), (1, 0, 2))",252.07686042785645,157.77880168364237,388.6372299194336,0.7,3,23.66184115409851,0
exhaustive,10,cascade,"((), (1, 2, 0))",251.50085639953613,157.49048510236656,388.1628952026367,0.55,3,23.646540999412537,0
exhaustive,10,cascade,"((), (2, 0, 1))",252.0665512084961,157.77171001489603,388.5995750427246,0.7,3,23.660232543945312,0
exhaustive,10,cascade,"((), (2, 1, 0))",251.50085639953613,157.49048510236656,388.1628952026367,0.55,3,23.646540999412537,0
exhaustive,10,cascade,"((0, 1), (2,))",251.78083992004395,157.6971426608158,388.35447692871094,0.7,3,23.65339505672455,0
exhaustive,10,cascade,"((0, 2), (1,))",251.79164695739746,157.70423432956215,388.3926086425781,0.7,3,23.655033111572266,0
exhaustive,10,cascade,"((0,), (1, 2))",251.2132453918457,157.41591774828638,387.9162292480469,0.55,3,23.639617443084717,0
exhaustive,10,cascade,"((0,), (2, 1))",251.2132453918457,157.41591774828638,387.9162292480469,0.55,3,23.639617443084717,0
exhaustive,10,cascade,"((1, 0), (2,))",251.50085639953613,157.49048510236656,388.1628952026367,0.7,3,23.646540999412537,0
exhaustive,10,cascade,"((1,), (2, 0))",251.50085639953613,157.49048510236656,388.1628952026367,0.7,3,23.646540999412537,0
exhaustive,11,ood,"((), (0, 1, 2, 3))",1055.4259643554688,381.54778372197654,1968.9267272949219,1.05,4,214.83809280395508,0
exhaustive,11,ood,"((), (0, 1, 3, 2))",1054.8874816894531,381.5914913912522,1967.3305053710938,0.9,4,214.82700538635254,0
exhaustive,11,ood,"((), (0, 2, 1, 3))",1078.8163604736328,383.921487106163,1995.1540222167969,0.7666666666666667,4,214.89669799804688,0
exhaustive,11,ood,"((), (0, 2, 3, 1))",1095.3213958740234,385.23864234063194,2012.0414123535156,0.75,4,214.8930549621582,0
exhaustive,11,ood,"((), (0, 3, 1, 2))",1076.6591033935547,384.3763940746583,1990.2201232910156,0.9166666666666666,4,214.85753440856934,0
exhaustive,11,ood,"((), (0, 3, 2, 1))",1094.4555053710938,385.48830692736715,2010.6475524902344,1.05,4,214.8809700012207,0
exhaustive,11,ood,"((), (1, 0, 2, 3))",1027.2026062011719,377.05235869154853,1938.2254028320312,0.9,4,214.79639434814453,0
exhaustive,11,ood,"((), (1, 0, 3, 2))",1026.6726684570312,377.0984387276333,1936.6384887695312,1.05,4,214.7852897644043,0
exhaustive,11,ood,"((), (1, 2, 0, 3))",1026.7159423828125,375.91864601795794,1937.4837951660156,0.9166666666666666,4,214.7789192199707,0
exhaustive,11,ood,"((), (1, 2, 3, 0))",1026.2928771972656,375.78600346331655,1935.7969665527344,1.05,4,214.76477813720703,0
exhaustive,11,ood,"((), (1, 3, 0, 2))",1024.5649108886719,376.3770193126147,1932.6444702148438,0.7666666666666667,4,214.73794555664062,0
exhaustive,11,ood,"((), (1, 3, 2, 0))",1023.5915832519531,375.41838958147605,1931.6789245605469,0.75,4,214.71045112609863,0
exhaustive,11,ood,"((), (2, 0, 1, 3))",1079.0348815917969,383.1567479504479,1995.4566345214844,0.7666666666666667,4,214.90070152282715,0
exhaustive,11,ood,"((), (2, 0, 3, 1))",1095.538818359375,384.47390318491676,2012.33935546875,0.7666666666666667,4,214.89705848693848,0
exhaustive,11,ood,"((), (2, 1, 0, 3))",1056.3730926513672,380.2202855674318,1969.7114562988281,1.0666666666666667,4,214.85291290283203,0
exhaustive,11,ood,"((), (2, 1, 3, 0))",1054.1224060058594,379.469597553109,1965.2437438964844,0.9166666666666666,4,214.79802131652832,0
exhaustive,11,ood,"((), (2, 3, 0, 1))",1093.8306884765625,383.9278682903943,2009.6991577148438,1.05,4,214.8702907562256,0
exhaustive,11,ood,"((), (2, 3, 1, 0))",1051.2116394042969,378.35327808425325,1961.4165954589844,0.9,4,214.74364852905273,0
exhaustive,11,ood,"((), (3, 0, 1, 2))",1075.6786346435547,384.12500994305276,1988.7028503417969,1.0666666666666667,4,214.84480667114258,0
exhaustive,11,ood,"((), (3, 0, 2, 1))",1093.4352111816406,385.2344041993923,2009.1199340820312,0.9166666666666666,4,214.8681583404541,0
exhaustive,11,ood,"((), (3, 1, 0, 2))",1022.6459350585938,375.5552782996074,1930.1939086914062,0.7666666666666667,4,214.7010440826416,0
exhaustive,11,ood,"((), (3, 1, 2, 0))",1021.6687164306641,374.5966485684687,1929.24267578125,0.7666666666666667,4,214.6734733581543,0
exhaustive,11,ood,"((), (3, 2, 0, 1))",1093.349365234375,384.12002259691724,2009.0182189941406,0.9,4,214.86360931396484,0
exhaustive,11,ood,"((), (3, 2, 1, 0))",1075.9846954345703,382.55513478357193,1988.6045532226562,1.05,4,214.839262008667,0
exhaustive,11,ood,"((0, 1), (2, 3))",1046.3211822509766,376.29550640450327,1957.3436584472656,1.05,4,214.64368629455566,0
exhaustive,11,ood,"((0, 1), (3, 2))",1045.8624114990234,376.48751658930115,1956.6694030761719,1.05,4,214.6368236541748,0
exhaustive,11,ood,"((0, 1, 2), (3,))",1048.25244140625,378.9513697357095,1958.8054504394531,1.0666666666666667,4,214.6943416595459,0
exhaustive,11,ood,"((0, 1, 3), (2,))",1051.0267181396484,378.02933044080015,1963.8716125488281,0.9166666666666666,4,214.74136924743652,0
exhaustive,11,ood,"((0, 2), (1, 3))",1017.85107421875,372.50276776441103,1926.7411193847656,0.7666666666666667,4,214.58840942382812,0
exhaustive,11,ood,"((0, 2), (3, 1))",1015.9326324462891,371.68102675140375,1924.2977600097656,0.7666666666666667,4,214.55081176757812,0
exhaustive,11,ood,"((0, 2, 1), (3,))",1071.6479187011719,381.3250722070702,1984.9998779296875,0.9166666666666666,4,214.75536918640137,0
exhaustive,11,ood,"((0, 2, 3), (1,))",1019.5118408203125,373.1096143437996,1928.9119567871094,0.9,4,214.62220764160156,0
exhaustive,11,ood,"((0, 3), (1, 2))",1017.85107421875,372.50276776441103,1926.7411193847656,1.0666666666666667,4,214.58840942382812,0
exhaustive,11,ood,"((0, 3), (2, 1))",1047.5513610839844,376.8049791537475,1958.9443054199219,1.0666666666666667,4,214.66779899597168,0
exhaustive,11,ood,"((0, 3, 1), (2,))",1072.8197021484375,380.8142331242063,1986.8101196289062,0.9166666666666666,4,214.77253913879395,0
exhaustive,11,ood,"((0, 3, 2), (1,))",1018.6713562011719,373.3592790707578,1927.5690307617188,1.05,4,214.60899353027344,0
exhaustive,11,ood,"((0,), (1, 2, 3))",1021.3504028320312,373.7271189112407,1931.6179504394531,1.05,4,214.66482734680176,0
exhaustive,11,ood,"((0,), (1, 3, 2))",1018.6713562011719,373.3592790707578,1927.5690307617188,0.9,4,214.60899353027344,0
exhaustive,11,ood,"((0,), (2, 1, 3))",1049.1920471191406,377.411825873359,1961.1536254882812,0.9166666666666666,4,214.69937324523926,0
exhaustive,11,ood,"((0,), (2, 3, 1))",1046.3211822509766,376.29550640450327,1957.3436584472656,0.9,4,214.64368629455566,0
exhaustive,11,ood,"((0,), (3, 1, 2))",1016.7548217773438,372.5375380577505,1925.1272277832031,0.9166666666666666,4,214.57147216796875,0
exhaustive,11,ood,"((0,), (3, 2, 1))",1071.131576538086,380.49676964693407,1984.5175476074219,1.05,4,214.74183082580566,0
exhaustive,11,ood,"((1, 0), (2, 3))",1018.1008758544922,371.7988407957564,1926.6888427734375,1.05,4,214.59905624389648,0
exhaustive,11,ood,"((1, 0), (3, 2))",1017.6421203613281,371.9909952090756,1926.0147094726562,1.05,4,214.5921688079834,0
exhaustive,11,ood,"((1, 0, 2), (3,))",1020.0359802246094,374.4559422509292,1928.1722106933594,0.9166666666666666,4,214.6507167816162,0
exhaustive,11,ood,"((1, 0, 3), (2,))",1022.8056640625,373.5326644477394,1933.1417541503906,1.0666666666666667,4,214.6983814239502,0
exhaustive,11,ood,"((1, 2), (3, 0))",1016.9008941650391,372.2488668778519,1925.2775268554688,1.0666666666666667,4,214.57552337646484,0
exhaustive,11,ood,"((1, 2, 0), (3,))",1019.5310821533203,373.3222295773385,1927.4542236328125,0.9166666666666666,4,214.6325740814209,0
exhaustive,11,ood,"((1, 3), (2, 0))",1018.0736389160156,371.7380286086959,1927.045166015625,0.7666666666666667,4,214.5929889678955,0
exhaustive,11,ood,"((1, 3, 0), (2,))",1020.7013702392578,372.8108201961386,1929.2182006835938,0.9166666666666666,4,214.6498794555664,0
exhaustive,11,ood,"((1,), (2, 0, 3))",1019.7352294921875,372.34487518808453,1929.2148132324219,0.9166666666666666,4,214.62672424316406,0
exhaustive,11,ood,"((1,), (2, 3, 0))",1018.1008758544922,371.7988407957564,1926.6888427734375,1.05,4,214.59905624389648,0
exhaustive,11,ood,"((1,), (3, 0, 2))",1017.7215881347656,373.10537681155074,1926.1059875488281,0.9166666666666666,4,214.59612846374512,0
exhaustive,11,ood,"((1,), (3, 2, 0))",1017.6421203613281,371.9909952090756,1926.0147094726562,0.9,4,214.5921688079834,0
exhaustive,11,ood,"((2, 0), (3, 1))",1016.1557922363281,370.9162875956887,1924.6026000976562,0.7666666666666667,4,214.55541801452637,0
exhaustive,11,ood,"((2, 0, 1), (3,))",1071.8658752441406,380.56033305135503,1985.3011474609375,0.9166666666666666,4,214.75959968566895,0
exhaustive,11,ood,"((2, 1), (3, 0))",1046.5985565185547,376.55107999372206,1957.4528198242188,1.0666666666666667,4,214.65484237670898,0
exhaustive,11,ood,"((2, 1, 0), (3,))",1049.1926727294922,377.6238715811648,1959.5827941894531,1.0666666666666667,4,214.70976448059082,0
exhaustive,11,ood,"((2,), (3, 0, 1))",1071.8658752441406,380.56033305135503,1985.3011474609375,1.0666666666666667,4,214.75959968566895,0
exhaustive,11,ood,"((2,), (3, 1, 0))",1018.7854156494141,371.9890791831313,1926.7783508300781,0.9166666666666666,4,214.61247444152832,0
exhaustive,12,nominal,"((), (0, 1, 2, 3))",20.042916473699734,1.3195361870447502,2110.894561767578,0.4166666666666667,4,795.7072830200195,0
exhaustive,12,nominal,"((), (0, 1, 3, 2))",20.042916473699734,1.3195361870447502,2110.894561767578,0.4,4,795.7072830200195,0
exhaustive,12,nominal,"((), (0, 2, 1, 3))",20.04290617944207,1.3191442778665021,2110.893096923828,0.4,4,795.7071914672852,0
exhaustive,12,nominal,"((), (0, 2, 3, 1))",20.042822809307836,1.3079612308554087,2110.885528564453,0.4,4,795.7050018310547,0
exhaustive,12,nominal,"((), (0, 3, 1, 2))",20.04223897634074,1.3001544155493794,2110.8800354003906,0.4,4,795.7034912109375,0
exhaustive,12,nominal,"((), (0, 3, 2, 1))",20.04222868231591,1.299762495964319,2110.8786010742188,0.4166666666666667,4,795.7034149169922,0
exhaustive,12,nominal,"((), (1, 0, 2, 3))",20.057129050605,1.791091074692998,2112.369873046875,0.45,4,795.7424240112305,0
exhaustive,12,nominal,"((), (1, 0, 3, 2))",20.057129050605,1.791091074692998,2112.369873046875,0.45,4,795.7424240112305,0
exhaustive,12,nominal,"((), (1, 2, 0, 3))",20.057129050605,1.791091074692998,2112.369873046875,0.45,4,795.7424240112305,0
exhaustive,12,nominal,"((), (1, 2, 3, 0))",20.057129050605,1.791091074692998,2112.369873046875,0.4166666666666667,4,795.7424240112305,0
exhaustive,12,nominal,"((), (1, 3, 0, 2))",20.057129050605,1.791091074692998,2112.369873046875,0.43333333333333335,4,795.7424240112305,0
exhaustive,12,nominal,"((), (1, 3, 2, 0))",20.057129050605,1.791091074692998,2112.369873046875,0.4,4,795.7424240112305,0
exhaustive,12,nominal,"((), (2, 0, 1, 3))",20.04290617944207,1.3191442778665021,2110.893096923828,0.43333333333333335,4,795.7071914672852,0
exhaustive,12,nominal,"((), (2, 0, 3, 1))",20.042822809307836,1.3079612308554087,2110.885528564453,0.43333333333333335,4,795.7050018310547,0
exhaustive,12,nominal,"((), (2, 1, 0, 3))",20.057122638449073,1.7913907239677058,2112.369110107422,0.45,4,795.742301940918,0
exhaustive,12,nominal,"((), (2, 1, 3, 0))",20.057122638449073,1.7913907239677058,2112.369110107422,0.4,4,795.742301940918,0
exhaustive,12,nominal,"((), (2, 3, 0, 1))",20.054580661118962,1.5793492058395786,2112.270782470703,0.45,4,795.7284164428711,0
exhaustive,12,nominal,"((), (2, 3, 1, 0))",20.056447867071256,1.7720090145172929,2112.3545532226562,0.4,4,795.7385482788086,0
exhaustive,12,nominal,"((), (3, 0, 1, 2))",20.04223897634074,1.3001544155493794,2110.8800354003906,0.45,4,795.7034912109375,0
exhaustive,12,nominal,"((), (3, 0, 2, 1))",20.04222868231591,1.299762495964319,2110.8786010742188,0.45,4,795.7034149169922,0
exhaustive,12,nominal,"((), (3, 1, 0, 2))",20.056458164239302,1.772400922601492,2112.3560791015625,0.43333333333333335,4,795.7386474609375,0
exhaustive,12,nominal,"((), (3, 1, 2, 0))",20.056458164239302,1.772400922601492,2112.3560791015625,0.4,4,795.7386474609375,0
exhaustive,12,nominal,"((), (3, 2, 0, 1))",20.054580661118962,1.5793492058395786,2112.270782470703,0.45,4,795.7284164428711,0
exhaustive,12,nominal,"((), (3, 2, 1, 0))",20.056447867071256,1.7720090145172929,2112.3545532226562,0.4166666666666667,4,795.7385482788086,0
exhaustive,12,nominal,"((0, 1), (2, 3))",20.04222868231591,1.299762495964319,2110.8786010742188,0.6,4,795.7034149169922,0
exhaustive,12,nominal,"((0, 1), (3, 2))",20.04222868231591,1.299762495964319,2110.8786010742188,0.6,4,795.7034149169922,0
exhaustive,12,nominal,"((0, 1, 2), (3,))",20.04223897634074,1.3001544155493794,2110.8800354003906,0.6,4,795.7034912109375,0
exhaustive,12,nominal,"((0, 1, 3), (2,))",20.04290617944207,1.3191442778665021,2110.893096923828,0.5833333333333334,4,795.7071914672852,0
exhaustive,12,nominal,"((0, 2), (1, 3))",20.042902295012027,1.3184527226054736,2110.892364501953,0.5833333333333334,4,795.707160949707,0
exhaustive,12,nominal,"((0, 2), (3, 1))",20.04222868231591,1.299762495964319,2110.8786010742188,0.5833333333333334,4,795.7034149169922,0
exhaustive,12,nominal,"((0, 2, 1), (3,))",20.04222868231591,1.299762495964319,2110.8786010742188,0.6,4,795.7034149169922,0
exhaustive,12,nominal,"((0, 2, 3), (1,))",20.042818928253837,1.3072696727893254,2110.8848876953125,0.6,4,795.7049865722656,0
exhaustive,12,nominal,"((0, 3), (1, 2))",20.042237038258463,1.2998086409212237,2110.8797302246094,0.6,4,795.7035064697266,0
exhaustive,12,nominal,"((0, 3), (2, 1))",20.04222868231591,1.299762495964319,2110.8786010742188,0.6,4,795.7034149169922,0
exhaustive,12,nominal,"((0, 3, 1), (2,))",20.04222868231591,1.299762495964319,2110.8786010742188,0.5833333333333334,4,795.7034149169922,0
exhaustive,12,nominal,"((0, 3, 2), (1,))",20.042226744699292,1.299416721838623,2110.8782653808594,0.6,4,795.703369140625,0
exhaustive,12,nominal,"((0,), (1, 2, 3))",20.04291258973535,1.3188446383628953,2110.8938598632812,0.5666666666666667,4,795.7072830200195,0
exhaustive,12,nominal,"((0,), (1, 3, 2))",20.04291258973535,1.3188446383628953,2110.8938598632812,0.55,4,795.7072830200195,0
exhaustive,12,nominal,"((0,), (2, 1, 3))",20.04290617944207,1.3191442778665021,2110.893096923828,0.55,4,795.7071914672852,0
exhaustive,12,nominal,"((0,), (2, 3, 1))",20.04222868231591,1.299762495964319,2110.8786010742188,0.55,4,795.7034149169922,0
exhaustive,12,nominal,"((0,), (3, 1, 2))",20.04223897634074,1.3001544155493794,2110.8800354003906,0.55,4,795.7034912109375,0
exhaustive,12,nominal,"((0,), (3, 2, 1))",20.04222868231591,1.299762495964319,2110.8786010742188,0.5666666666666667,4,795.7034149169922,0
exhaustive,12,nominal,"((1, 0), (2, 3))",20.05644592898898,1.771663240190668,2112.354248046875,0.6,4,795.7385406494141,0
exhaustive,12,nominal,"((1, 0), (3, 2))",20.05644592898898,1.771663240190668,2112.354248046875,0.6,4,795.7385406494141,0
exhaustive,12,nominal,"((1, 0, 2), (3,))",20.056456225691363,1.7720551478546107,2112.355712890625,0.6333333333333333,4,795.7386322021484,0
exhaustive,12,nominal,"((1, 0, 3), (2,))",20.05711875297129,1.790699162694225,2112.368377685547,0.6333333333333333,4,795.742317199707,0
exhaustive,12,nominal,"((1, 2), (3, 0))",20.042237038258463,1.2998086409212237,2110.8797302246094,0.6,4,795.7035064697266,0
exhaustive,12,nominal,"((1, 2, 0), (3,))",20.056456225691363,1.7720551478546107,2112.355712890625,0.6,4,795.7386322021484,0
exhaustive,12,nominal,"((1, 3), (2, 0))",20.042902295012027,1.3184527226054736,2110.892364501953,0.5833333333333334,4,795.707160949707,0
exhaustive,12,nominal,"((1, 3, 0), (2,))",20.05711875297129,1.790699162694225,2112.368377685547,0.5833333333333334,4,795.742317199707,0
exhaustive,12,nominal,"((1,), (2, 0, 3))",20.042818928253837,1.3072696727893254,2110.8848876953125,0.6333333333333333,4,795.7049865722656,0
exhaustive,12,nominal,"((1,), (2, 3, 0))",20.054578723036684,1.579003420867049,2112.2704162597656,0.6,4,795.728401184082,0
exhaustive,12,nominal,"((1,), (3, 0, 2))",20.042226744699292,1.299416721838623,2110.8782653808594,0.6333333333333333,4,795.703369140625,0
exhaustive,12,nominal,"((1,), (3, 2, 0))",20.054578723036684,1.579003420867049,2112.2704162597656,0.6,4,795.728401184082,0
exhaustive,12,nominal,"((2, 0), (3, 1))",20.04222868231591,1.299762495964319,2110.8786010742188,0.5833333333333334,4,795.7034149169922,0
exhaustive,12,nominal,"((2, 0, 1), (3,))",20.04222868231591,1.299762495964319,2110.8786010742188,0.6333333333333333,4,795.7034149169922,0
exhaustive,12,nominal,"((2, 1), (3, 0))",20.04222868231591,1.299762495964319,2110.8786010742188,0.6,4,795.7034149169922,0
exhaustive,12,nominal,"((2, 1, 0), (3,))",20.056447867071256,1.7720090145172929,2112.3545532226562,0.6,4,795.7385482788086,0
exhaustive,12,nominal,"((2,), (3, 0, 1))",20.04222868231591,1.299762495964319,2110.8786010742188,0.6333333333333333,4,795.7034149169922,0
exhaustive,12,nominal,"((2,), (3, 1, 0))",20.056447867071256,1.7720090145172929,2112.3545532226562,0.5833333333333334,4,795.7385482788086,0
exhaustive,13,single_domain,"((), (0, 1, 2, 3))",0.35397716611623764,16.288347269557878,57.505735874176025,0.5666666666666667,1,21.883645176887512,0
exhaustive,13,single_domain,"((), (0, 1, 3, 2))",0.35397716611623764,16.288347269557878,57.505735874176025,0.5666666666666667,1,21.883645176887512,0
exhaustive,13,single_domain,"((), (0, 2, 1, 3))",0.35397716611623764,16.288347269557878,57.505735874176025,0.6,2,21.883645176887512,0
exhaustive,13,single_domain,"((), (0, 2, 3, 1))",0.35397716611623764,16.288347269557878,57.505735874176025,0.5666666666666667,2,21.883645176887512,0
exhaustive,13,single_domain,"((), (0, 3, 1, 2))",0.35397716611623764,16.288347269557878,57.505735874176025,0.6,1,21.883645176887512,0
exhaustive,13,single_domain,"((), (0, 3, 2, 1))",0.35397716611623764,16.288347269557878,57.505735874176025,0.5666666666666667,1,21.883645176887512,0
exhaustive,13,single_domain,"((), (1, 0, 2, 3))",0.33084243535995483,15.819384135484682,56.929283618927,0.7166666666666667,1,21.682252407073975,0
exhaustive,13,single_domain,"((), (1, 0, 3, 2))",0.33084243535995483,15.819384135484682,56.929283618927,0.7166666666666667,1,21.682252407073975,0
exhaustive,13,single_domain,"((), (1, 2, 0, 3))",0.32180115580558777,15.459049402129203,56.4936318397522,0.75,2,21.520458340644836,0
exhaustive,13,single_domain,"((), (1, 2, 3, 0))",0.31635043025016785,15.245828443789083,56.18710947036743,0.5666666666666667,3,21.406452536582947,0
exhaustive,13,single_domain,"((), (1, 3, 0, 2))",0.32038284093141556,15.366364718816852,56.45537519454956,0.75,2,21.50638234615326,0
exhaustive,13,single_domain,"((), (1, 3, 2, 0))",0.31566374748945236,15.188251195331443,56.172804832458496,0.5666666666666667,3,21.401176691055298,0
exhaustive,13,single_domain,"((), (2, 0, 1, 3))",0.3307322785258293,15.120847193078783,56.557806968688965,0.75,2,21.53325927257538,0
exhaustive,13,single_domain,"((), (2, 0, 3, 1))",0.3307322785258293,15.120847193078783,56.557806968688965,0.75,2,21.53325927257538,0
exhaustive,13,single_domain,"((), (2, 1, 0, 3))",0.3145132027566433,14.791690711920758,56.08453989028931,0.75,2,21.365131616592407,0
exhaustive,13,single_domain,"((), (2, 1, 3, 0))",0.30906572937965393,14.578477171457042,55.76743125915527,0.6,3,21.2470486164093,0
exhaustive,13,single_domain,"((), (2, 3, 0, 1))",0.31292449310421944,14.257922181968889,55.81213712692261,0.7166666666666667,2,21.256446361541748,0
exhaustive,13,single_domain,"((), (2, 3, 1, 0))",0.3034312129020691,14.072166629769633,55.50262117385864,0.5666666666666667,3,21.14547824859619,0
exhaustive,13,single_domain,"((), (3, 0, 1, 2))",0.3363538384437561,15.441403183490653,56.83775568008423,0.75,1,21.636582136154175,0
exhaustive,13,single_domain,"((), (3, 0, 2, 1))",0.3363538384437561,15.441403183490653,56.83775568008423,0.75,1,21.636582136154175,0
exhaustive,13,single_domain,"((), (3, 1, 0, 2))",0.3201293461024761,15.11224238909384,56.37142467498779,0.75,2,21.47113335132599,0
exhaustive,13,single_domain,"((), (3, 1, 2, 0))",0.3154105879366398,14.934128865106683,56.08676195144653,0.6,3,21.3651225566864,0
exhaustive,13,single_domain,"((), (3, 2, 0, 1))",0.3209814615547657,14.778824302334089,56.158875465393066,0.7166666666666667,2,21.384544730186462,0
exhaustive,13,single_domain,"((), (3, 2, 1, 0))",0.3114860877394676,14.593064299510797,55.834161043167114,0.5666666666666667,3,21.267736792564392,0
exhaustive,13,single_domain,"((0, 1), (2, 3))",0.3127121962606907,14.241933840720433,55.77407741546631,0.7166666666666667,3,21.241966605186462,0
exhaustive,13,single_domain,"((0, 1), (3, 2))",0.32076916471123695,14.762835961085635,56.12171983718872,0.7166666666666667,3,21.370413422584534,0
exhaustive,13,single_domain,"((0, 1, 2), (3,))",0.33614154160022736,15.4254148422422,56.80343723297119,0.75,2,21.623541593551636,0
exhaustive,13,single_domain,"((0, 1, 3), (2,))",0.33051998168230057,15.104858851830329,56.522825717926025,0.75,2,21.5199636220932,0
exhaustive,13,single_domain,"((0, 2), (1, 3))",0.3201705440878868,15.350376377568397,56.41895627975464,0.75,4,21.492533922195435,0
exhaustive,13,single_domain,"((0, 2), (3, 1))",0.3199170492589474,15.096254047845385,56.33473873138428,0.75,4,21.45718216896057,0
exhaustive,13,single_domain,"((0, 2, 1), (3,))",0.33614154160022736,15.4254148422422,56.80343723297119,0.75,3,21.623541593551636,0
exhaustive,13,single_domain,"((0, 2, 3), (1,))",0.3306301385164261,15.803395794236229,56.895256996154785,0.7166666666666667,3,21.669323921203613,0
exhaustive,13,single_domain,"((0, 3), (1, 2))",0.321588858962059,15.44306106088075,56.457351207733154,0.75,3,21.50666308403015,0
exhaustive,13,single_domain,"((0, 3), (2, 1))",0.31430090591311455,14.775702370672304,56.04709577560425,0.75,3,21.35088884830475,0
exhaustive,13,single_domain,"((0, 3, 1), (2,))",0.33051998168230057,15.104858851830329,56.522825717926025,0.75,2,21.5199636220932,0
exhaustive,13,single_domain,"((0, 3, 2), (1,))",0.3306301385164261,15.803395794236229,56.895256996154785,0.7166666666666667,2,21.669323921203613,0
exhaustive,13,single_domain,"((0,), (1, 2, 3))",0.3161381371319294,15.22984010254063,56.14853072166443,0.5666666666666667,4,21.391773462295532,0
exhaustive,13,single_domain,"((0,), (1, 3, 2))",0.3154514543712139,15.172262854082987,56.134263038635254,0.5666666666666667,4,21.38651192188263,0
exhaustive,13,single_domain,"((0,), (2, 1, 3))",0.3088534362614155,14.562488830208588,55.72752094268799,0.6,4,21.231857180595398,0
exhaustive,13,single_domain,"((0,), (2, 3, 1))",0.30321891605854034,14.05617828852118,55.46203255653381,0.5666666666666667,4,21.13002598285675,0
exhaustive,13,single_domain,"((0,), (3, 1, 2))",0.31519829109311104,14.918140523858227,56.04792094230652,0.6,4,21.350342392921448,0
exhaustive,13,single_domain,"((0,), (3, 2, 1))",0.3112737908959389,14.577075958262341,55.79452085494995,0.5666666666666667,4,21.252649307250977,0
exhaustive,13,single_domain,"((1, 0), (2, 3))",0.2895903028547764,13.77297508570434,55.17072010040283,0.7166666666666667,3,21.030202627182007,0
exhaustive,13,single_domain,"((1, 0), (3, 2))",0.297638900578022,14.29387281426634,55.48661231994629,0.7166666666666667,3,21.14645493030548,0
exhaustive,13,single_domain,"((1, 0, 2), (3,))",0.3130081333220005,14.956451745935524,56.199766635894775,0.9,2,21.4116792678833,0
exhaustive,13,single_domain,"((1, 0, 3), (2,))",0.3073967806994915,14.635900106475479,55.91165828704834,0.9,2,21.305198788642883,0
exhaustive,13,single_domain,"((1, 2), (3, 0))",0.3039691001176834,14.5961170067599,55.735734701156616,0.75,3,21.238968014717102,0
exhaustive,13,single_domain,"((1, 2, 0), (3,))",0.3039691001176834,14.5961170067599,55.735734701156616,0.75,3,21.238968014717102,0
exhaustive,13,single_domain,"((1, 3), (2, 0))",0.2969473600387573,14.1828881239927,55.41319537162781,0.75,4,21.119871616363525,0
exhaustive,13,single_domain,"((1, 3, 0), (2,))",0.2969473600387573,14.1828881239927,55.41319537162781,0.75,3,21.119871616363525,0
exhaustive,13,single_domain,"((1,), (2, 0, 3))",0.3073967806994915,14.635900106475479,55.91165828704834,0.9,3,21.305198788642883,0
exhaustive,13,single_domain,"((1,), (2, 3, 0))",0.2895903028547764,13.77297508570434,55.17072010040283,0.7166666666666667,3,21.030202627182007,0
exhaustive,13,single_domain,"((1,), (3, 0, 2))",0.3130081333220005,14.956451745935524,56.199766635894775,0.9,2,21.4116792678833,0
exhaustive,13,single_domain,"((1,), (3, 2, 0))",0.297638900578022,14.29387281426634,55.48661231994629,0.7166666666666667,3,21.14645493030548,0
exhaustive,13,single_domain,"((2, 0), (3, 1))",0.2967059276998043,13.92876569714828,55.33709645271301,0.75,4,21.087635040283203,0
exhaustive,13,single_domain,"((2, 0, 1), (3,))",0.31292449310421944,14.257922181968889,55.81213712692261,0.9,3,21.256446361541748,0
exhaustive,13,single_domain,"((2, 1), (3, 0))",0.2967059276998043,13.92876569714828,55.33709645271301,0.75,3,21.087635040283203,0
exhaustive,13,single_domain,"((2, 1, 0), (3,))",0.2967059276998043,13.92876569714828,55.33709645271301,0.75,3,21.087635040283203,0
exhaustive,13,single_domain,"((2,), (3, 0, 1))",0.31292449310421944,14.257922181968889,55.81213712692261,0.9,2,21.256446361541748,0
exhaustive,13,single_domain,"((2,), (3, 1, 0))",0.2967059276998043,13.92876569714828,55.33709645271301,0.75,3,21.087635040283203,0
exhaustive,14,cascade,"((), (0, 1, 2, 3))",276.63662910461426,159.53862618880902,1093.9974517822266,0.4166666666666667,4,204.9918155670166,0
exhaustive,14,cascade,"((), (0, 1, 3, 2))",285.91434478759766,162.86908056002844,1125.3965072631836,0.4,4,206.3975067138672,0
exhaustive,14,cascade,"((), (0, 2, 1, 3))",276.63662910461426,159.53862618880902,1093.9974517822266,0.4,4,204.9918155670166,0
exhaustive,14,cascade,"((), (0, 2, 3, 1))",287.1920680999756,162.38465770985448,1116.1206817626953,0.4,4,205.42955589294434,0
exhaustive,14,cascade,"((), (0, 3, 1, 2))",293.97660636901855,164.3912567046735,1144.6449890136719,0.4,4,206.71532249450684,0
exhaustive,14,cascade,"((), (0, 3, 2, 1))",293.97660636901855,164.3912567046735,1144.6449890136719,0.4166666666666667,4,206.71532249450684,0
exhaustive,14,cascade,"((), (1, 0, 2, 3))",248.21750450134277,151.49563348341425,1038.5788497924805,0.45,4,201.92319869995117,0
exhaustive,14,cascade,"((), (1, 0, 3, 2))",257.4857425689697,154.82608783261747,1070.0134811401367,0.45,4,203.3749532699585,0
exhaustive,14,cascade,"((), (1, 2, 0, 3))",223.0498752593994,141.0831030778285,985.4243316650391,0.45,4,198.71749114990234,0
exhaustive,14,cascade,"((), (1, 2, 3, 0))",220.13808059692383,139.68855951533146,982.6165313720703,0.4166666666666667,4,198.58617305755615,0
exhaustive,14,cascade,"((), (1, 3, 0, 2))",254.49700736999512,153.43154390517282,1067.1860046386719,0.43333333333333335,4,203.2709617614746,0
exhaustive,14,cascade,"((), (1, 3, 2, 0))",233.94670295715332,145.5942226010763,1008.020881652832,0.4,4,200.54150390625,0
exhaustive,14,cascade,"((), (2, 0, 1, 3))",251.56759452819824,149.65091381193358,1041.5875854492188,0.43333333333333335,4,201.912935256958,0
exhaustive,14,cascade,"((), (2, 0, 3, 1))",262.1150493621826,152.49694524260718,1063.6560440063477,0.43333333333333335,4,202.35016250610352,0
exhaustive,14,cascade,"((), (2, 1, 0, 3))",223.0498752593994,141.0831030778285,985.4243316650391,0.45,4,198.71749114990234,0
exhaustive,14,cascade,"((), (2, 1, 3, 0))",220.13808059692383,139.68855951533146,982.6165313720703,0.4,4,198.58617305755615,0
exhaustive,14,cascade,"((), (2, 3, 0, 1))",257.67231941223145,150.56775996790412,1059.2585220336914,0.45,4,202.20412826538086,0
exhaustive,14,cascade,"((), (2, 3, 1, 0))",235.0696678161621,144.17403030628589,1013.1409606933594,0.4,4,200.42578983306885,0
exhaustive,14,cascade,"((), (3, 0, 1, 2))",292.0549201965332,163.68062874134964,1142.9119110107422,0.45,4,206.68659687042236,0
exhaustive,14,cascade,"((), (3, 0, 2, 1))",292.0549201965332,163.68062874134964,1142.9119110107422,0.45,4,206.68659687042236,0
exhaustive,14,cascade,"((), (3, 1, 0, 2))",269.8070697784424,157.9170159031691,1097.6877822875977,0.43333333333333335,4,205.0585355758667,0
exhaustive,14,cascade,"((), (3, 1, 2, 0))",249.23772048950195,150.07969418315827,1038.568000793457,0.4,4,202.35670471191406,0
exhaustive,14,cascade,"((), (3, 2, 0, 1))",271.8935546875,156.47342388237195,1084.6542739868164,0.45,4,204.11705207824707,0
exhaustive,14,cascade,"((), (3, 2, 1, 0))",249.23772048950195,150.07969418315827,1038.568000793457,0.4166666666666667,4,202.35670471191406,0
exhaustive,14,cascade,"((0, 1), (2, 3))",245.7690544128418,146.61052018999385,1035.9614486694336,0.6,4,201.6509838104248,0
exhaustive,14,cascade,"((0, 1), (3, 2))",260.00413513183594,152.51618352758516,1061.3493041992188,0.6,4,203.56561660766602,0
exhaustive,14,cascade,"((0, 1, 2), (3,))",271.6014823913574,157.02305194927482,1089.076904296875,0.6,4,204.79645538330078,0
exhaustive,14,cascade,"((0, 1, 3), (2,))",250.82285499572754,149.12609528666687,1040.9035339355469,0.5833333333333334,4,201.86058521270752,0
exhaustive,14,cascade,"((0, 2), (1, 3))",243.50728034973145,148.94615478744575,1034.1773834228516,0.5833333333333334,4,201.682767868042,0
exhaustive,14,cascade,"((0, 2), (3, 1))",258.8349151611328,153.43162608414556,1064.6931762695312,0.5833333333333334,4,203.487398147583,0
exhaustive,14,cascade,"((0, 2, 1), (3,))",271.6014823913574,157.02305194927482,1089.076904296875,0.6,4,204.79645538330078,0
exhaustive,14,cascade,"((0, 2, 3), (1,))",247.4668674468994,150.97081428245338,1037.900405883789,0.6,4,201.8696928024292,0
exhaustive,14,cascade,"((0, 3), (1, 2))",220.2830753326416,139.53061816577997,982.6706695556641,0.6,4,198.5469217300415,0
exhaustive,14,cascade,"((0, 3), (2, 1))",220.2830753326416,139.53061816577997,982.6706695556641,0.6,4,198.5469217300415,0
exhaustive,14,cascade,"((0, 3, 1), (2,))",258.588623046875,150.64827017887274,1060.0919799804688,0.5833333333333334,4,202.17759609222412,0
exhaustive,14,cascade,"((0, 3, 2), (1,))",254.64137268066406,153.2736024786664,1067.2298889160156,0.6,4,203.23632431030273,0
exhaustive,14,cascade,"((0,), (1, 2, 3))",218.42228889465332,138.53362376835534,981.0483779907227,0.5666666666666667,4,198.45752429962158,0
exhaustive,14,cascade,"((0,), (1, 3, 2))",232.23336029052734,144.43928679398113,1006.4549179077148,0.55,4,200.41409397125244,0
exhaustive,14,cascade,"((0,), (2, 1, 3))",218.42228889465332,138.53362376835534,981.0483779907227,0.55,4,198.45752429962158,0
exhaustive,14,cascade,"((0,), (2, 3, 1))",233.37423706054688,143.01909479555803,1011.5865783691406,0.55,4,200.29935932159424,0
exhaustive,14,cascade,"((0,), (3, 1, 2))",247.52734375,148.92475833076102,1036.988395690918,0.55,4,202.23141384124756,0
exhaustive,14,cascade,"((0,), (3, 2, 1))",247.52734375,148.92475833076102,1036.988395690918,0.5666666666666667,4,202.23141384124756,0
exhaustive,14,cascade,"((1, 0), (2, 3))",219.16149806976318,139.0584434317773,981.7320251464844,0.6,4,198.51768589019775,0
exhaustive,14,cascade,"((1, 0), (3, 2))",232.97154426574707,144.96410590410088,1007.1333541870117,0.6,4,200.47382354736328,0
exhaustive,14,cascade,"((1, 0, 2), (3,))",244.27074813842773,149.47097366136427,1034.851173400879,0.6333333333333333,4,201.737286567688,0
exhaustive,14,cascade,"((1, 0, 3), (2,))",223.0498752593994,141.0831030778285,985.4243316650391,0.6333333333333333,4,198.71749114990234,0
exhaustive,14,cascade,"((1, 2), (3, 0))",219.16149806976318,139.0584434317773,981.7320251464844,0.6,4,198.51768589019775,0
exhaustive,14,cascade,"((1, 2, 0), (3,))",219.16149806976318,139.0584434317773,981.7320251464844,0.6,4,198.51768589019775,0
exhaustive,14,cascade,"((1, 3), (2, 0))",219.16149806976318,139.0584434317773,981.7320251464844,0.5833333333333334,4,198.51768589019775,0
exhaustive,14,cascade,"((1, 3, 0), (2,))",220.13808059692383,139.68855951533146,982.6165313720703,0.5833333333333334,4,198.58617305755615,0
exhaustive,14,cascade,"((1,), (2, 0, 3))",223.0498752593994,141.0831030778285,985.4243316650391,0.6333333333333333,4,198.71749114990234,0
exhaustive,14,cascade,"((1,), (2, 3, 0))",220.13808059692383,139.68855951533146,982.6165313720703,0.6,4,198.58617305755615,0
exhaustive,14,cascade,"((1,), (3, 0, 2))",253.4908332824707,152.80142765443674,1066.2747421264648,0.6333333333333333,4,203.21424007415771,0
exhaustive,14,cascade,"((1,), (3, 2, 0))",233.94670295715332,145.5942226010763,1008.020881652832,0.6,4,200.54150390625,0
exhaustive,14,cascade,"((2, 0), (3, 1))",234.10533714294434,143.54391375017846,1012.2647933959961,0.5833333333333334,4,200.35867404937744,0
exhaustive,14,cascade,"((2, 0, 1), (3,))",246.52845191955566,147.13533961475173,1036.6348114013672,0.6333333333333333,4,201.70440578460693,0
exhaustive,14,cascade,"((2, 1), (3, 0))",219.16149806976318,139.0584434317773,981.7320251464844,0.6,4,198.51768589019775,0
exhaustive,14,cascade,"((2, 1, 0), (3,))",219.16149806976318,139.0584434317773,981.7320251464844,0.6,4,198.51768589019775,0
exhaustive,14,cascade,"((2,), (3, 0, 1))",256.6733207702637,149.9376438949198,1058.3525314331055,0.6333333333333333,4,202.14044380187988,0
exhaustive,14,cascade,"((2,), (3, 1, 0))",235.0696678161621,144.17403030628589,1013.1409606933594,0.5833333333333334,4,200.42578983306885,0
exhaustive,15,ood,"((), (0, 1, 2, 3))",1231.8186950683594,347.86958981141527,2438.904800415039,0.5666666666666667,4,298.7863597869873,0
exhaustive,15,ood,"((), (0, 1, 3, 2))",1233.8525085449219,348.60311305523203,2439.9447479248047,0.5666666666666667,4,298.79232597351074,0
exhaustive,15,ood,"((), (0, 2, 1, 3))",1233.8554229736328,348.706018147628,2439.6934509277344,0.6,4,298.7917695045471,0
exhaustive,15,ood,"((), (0, 2, 3, 1))",1238.3479461669922,350.36767559871305,2442.229736328125,0.5666666666666667,4,298.83469247817993,0
exhaustive,15,ood,"((), (0, 3, 1, 2))",1241.8143615722656,351.6906268026511,2444.325454711914,0.6,4,298.84350299835205,0
exhaustive,15,ood,"((), (0, 3, 2, 1))",1241.8143615722656,351.6906268026511,2444.325454711914,0.5666666666666667,4,298.84350299835205,0
exhaustive,15,ood,"((), (1, 0, 2, 3))",1234.8433532714844,348.46099505535244,2441.0521240234375,0.7166666666666667,4,298.8030710220337,0
exhaustive,15,ood,"((), (1, 0, 3, 2))",1233.916748046875,348.50328031255765,2440.8265380859375,0.7166666666666667,4,298.6390619277954,0
exhaustive,15,ood,"((), (1, 2, 0, 3))",1232.951171875,347.66155353230477,2439.727737426758,0.75,4,298.7995533943176,0
exhaustive,15,ood,"((), (1, 2, 3, 0))",1224.3897857666016,344.8207233667965,2434.8804779052734,0.5666666666666667,4,298.77145433425903,0
exhaustive,15,ood,"((), (1, 3, 0, 2))",1230.6126556396484,347.25331440856684,2439.3170013427734,0.75,4,298.632257938385,0
exhaustive,15,ood,"((), (1, 3, 2, 0))",1226.4849700927734,345.74977078426576,2436.3302459716797,0.5666666666666667,4,298.7754807472229,0
exhaustive,15,ood,"((), (2, 0, 1, 3))",1238.1668548583984,349.8276596676316,2442.481430053711,0.75,4,298.81136322021484,0
exhaustive,15,ood,"((), (2, 0, 3, 1))",1242.7572021484375,351.61439462878104,2446.528579711914,0.75,4,298.7248001098633,0
exhaustive,15,ood,"((), (2, 1, 0, 3))",1232.951171875,347.66155353230477,2439.727737426758,0.75,4,298.7995533943176,0
exhaustive,15,ood,"((), (2, 1, 3, 0))",1224.8712005615234,344.96055216167196,2435.176498413086,0.6,4,298.7766194343567,0
exhaustive,15,ood,"((), (2, 3, 0, 1))",1239.4683685302734,350.3644280160595,2444.982177734375,0.7166666666666667,4,298.7180199623108,0
exhaustive,15,ood,"((), (2, 3, 1, 0))",1229.8700103759766,347.1164345214555,2437.7584838867188,0.5666666666666667,4,298.78393030166626,0
exhaustive,15,ood,"((), (3, 0, 1, 2))",1237.8658599853516,349.88120484297656,2443.04541015625,0.75,4,298.6830234527588,0
exhaustive,15,ood,"((), (3, 0, 2, 1))",1240.9830932617188,350.69752214834165,2445.8468017578125,0.75,4,298.7240924835205,0
exhaustive,15,ood,"((), (3, 1, 0, 2))",1233.3935852050781,348.2195478320126,2440.511749267578,0.75,4,298.6407070159912,0
exhaustive,15,ood,"((), (3, 1, 2, 0))",1229.7447204589844,346.85583301951743,2437.8204956054688,0.6,4,298.78910636901855,0
exhaustive,15,ood,"((), (3, 2, 0, 1))",1238.9533081054688,349.96399874572296,2444.749237060547,0.7166666666666667,4,298.71808433532715,0
exhaustive,15,ood,"((), (3, 2, 1, 0))",1229.2650909423828,346.716004224642,2437.525146484375,0.5666666666666667,4,298.7839946746826,0
exhaustive,15,ood,"((0, 1), (2, 3))",1225.7629852294922,345.41589345585385,2435.6366271972656,0.7166666666666667,4,298.7741847038269,0
exhaustive,15,ood,"((0, 1), (3, 2))",1225.1546478271484,345.0154641320526,2435.4014282226562,0.7166666666666667,4,298.77422857284546,0
exhaustive,15,ood,"((0, 1, 2), (3,))",1225.1546478271484,345.0154641320526,2435.4014282226562,0.75,4,298.77422857284546,0
exhaustive,15,ood,"((0, 1, 3), (2,))",1229.6587219238281,346.9405435616576,2437.4569702148438,0.75,4,298.7823748588562,0
exhaustive,15,ood,"((0, 2), (1, 3))",1224.4775390625,344.885660134777,2434.9934844970703,0.75,4,298.7711524963379,0
exhaustive,15,ood,"((0, 2), (3, 1))",1227.2595977783203,345.8518942019437,2436.1884155273438,0.75,4,298.779673576355,0
exhaustive,15,ood,"((0, 2, 1), (3,))",1227.2595977783203,345.8518942019437,2436.1884155273438,0.75,4,298.779673576355,0
exhaustive,15,ood,"((0, 2, 3), (1,))",1228.3733825683594,346.41030924688226,2436.8141326904297,0.7166666666666667,4,298.779354095459,0
exhaustive,15,ood,"((0, 3), (1, 2))",1227.6082763671875,346.0706896230124,2436.401901245117,0.75,4,298.7784686088562,0
exhaustive,15,ood,"((0, 3), (2, 1))",1227.6082763671875,346.0706896230124,2436.401901245117,0.75,4,298.7784686088562,0
exhaustive,15,ood,"((0, 3, 1), (2,))",1237.5382080078125,350.0280567887824,2441.818618774414,0.75,4,298.83382415771484,0
exhaustive,15,ood,"((0, 3, 2), (1,))",1231.8031921386719,347.7332601903024,2438.8919677734375,0.7166666666666667,4,298.78843784332275,0
exhaustive,15,ood,"((0,), (1, 2, 3))",1223.7126007080078,344.5460400703543,2434.580825805664,0.5666666666666667,4,298.7702593803406,0
exhaustive,15,ood,"((0,), (1, 3, 2))",1225.8108215332031,345.47508748782366,2436.0319213867188,0.5666666666666667,4,298.77430057525635,0
exhaustive,15,ood,"((0,), (2, 1, 3))",1223.7126007080078,344.5460400703543,2434.580825805664,0.6,4,298.7702593803406,0
exhaustive,15,ood,"((0,), (2, 3, 1))",1229.1975402832031,346.84175122501347,2437.4606170654297,0.5666666666666667,4,298.7827796936035,0
exhaustive,15,ood,"((0,), (3, 1, 2))",1228.592056274414,346.44132092819984,2437.2269287109375,0.6,4,298.7828154563904,0
exhaustive,15,ood,"((0,), (3, 2, 1))",1228.592056274414,346.44132092819984,2437.2269287109375,0.5666666666666667,4,298.7828154563904,0
exhaustive,15,ood,"((1, 0), (2, 3))",1223.7126007080078,344.5460400703543,2434.580825805664,0.7166666666666667,4,298.7702593803406,0
exhaustive,15,ood,"((1, 0), (3, 2))",1223.1063385009766,344.14561180429683,2434.3468017578125,0.7166666666666667,4,298.77030849456787,0
exhaustive,15,ood,"((1, 0, 2), (3,))",1223.1063385009766,344.14561180429683,2434.3468017578125,0.9,4,298.77030849456787,0
exhaustive,15,ood,"((1, 0, 3), (2,))",1227.6082763671875,346.0706896230124,2436.401901245117,0.9,4,298.7784686088562,0
exhaustive,15,ood,"((1, 2), (3, 0))",1221.6805725097656,343.49124887807136,2433.191452026367,0.75,4,298.7674345970154,0
exhaustive,15,ood,"((1, 2, 0), (3,))",1221.2704010009766,343.34617152174314,2433.0174102783203,0.75,4,298.76669454574585,0
exhaustive,15,ood,"((1, 3), (2, 0))",1223.7126007080078,344.5460400703543,2434.580825805664,0.75,4,298.7702593803406,0
exhaustive,15,ood,"((1, 3, 0), (2,))",1224.3897857666016,344.8207233667965,2434.8804779052734,0.75,4,298.77145433425903,0
exhaustive,15,ood,"((1,), (2, 0, 3))",1227.6082763671875,346.0706896230124,2436.401901245117,0.9,4,298.7784686088562,0
exhaustive,15,ood,"((1,), (2, 3, 0))",1224.3897857666016,344.8207233667965,2434.8804779052734,0.7166666666666667,4,298.77145433425903,0
exhaustive,15,ood,"((1,), (3, 0, 2))",1225.7940979003906,345.1538183640056,2435.6998596191406,0.9,4,298.77761363983154,0
exhaustive,15,ood,"((1,), (3, 2, 0))",1223.784164428711,344.42029510073894,2434.6470642089844,0.7166666666666667,4,298.771502494812,0
exhaustive,15,ood,"((2, 0), (3, 1))",1226.4971771240234,345.5122748905136,2435.777069091797,0.75,4,298.77880001068115,0
exhaustive,15,ood,"((2, 0, 1), (3,))",1226.4971771240234,345.5122748905136,2435.777069091797,0.9,4,298.77880001068115,0
exhaustive,15,ood,"((2, 1), (3, 0))",1221.6805725097656,343.49124887807136,2433.191452026367,0.75,4,298.7674345970154,0
exhaustive,15,ood,"((2, 1, 0), (3,))",1221.2704010009766,343.34617152174314,2433.0174102783203,0.75,4,298.76669454574585,0
exhaustive,15,ood,"((2,), (3, 0, 1))",1231.5516510009766,347.4486135161417,2438.5912017822266,0.9,4,298.82309675216675,0
exhaustive,15,ood,"((2,), (3, 1, 0))",1227.1731872558594,345.78695818695576,2436.076644897461,0.75,4,298.77999448776245,0
exhaustive,16,nominal,"((), (0, 1, 2, 3))",0.010767746600322425,1.6250389787592145,1309.1438598632812,0.4166666666666667,4,493.992862701416,0
exhaustive,16,nominal,"((), (0, 1, 3, 2))",0.010695868520997465,1.6146456142637367,1309.1377258300781,0.55,4,493.99050521850586,0
exhaustive,16,nominal,"((), (0, 2, 1, 3))",0.010769111686386168,1.6256931902319185,1309.1441345214844,0.4166666666666667,4,493.9929542541504,0
exhaustive,16,nominal,"((), (0, 2, 3, 1))",0.010697267716750503,1.6153186631781074,1309.1380157470703,0.55,4,493.99060440063477,0
exhaustive,16,nominal,"((), (0, 3, 1, 2))",0.010596950305625796,1.6026727755228563,1309.135269165039,0.5,4,493.9896583557129,0
exhaustive,16,nominal,"((), (0, 3, 2, 1))",0.010596950305625796,1.6026756780852822,1309.135269165039,0.5,4,493.9896583557129,0
exhaustive,16,nominal,"((), (1, 0, 2, 3))",0.010902551002800465,1.6445227085609337,1309.1544799804688,0.43333333333333335,4,493.9930076599121,0
exhaustive,16,nominal,"((), (1, 0, 3, 2))",0.010830664774402976,1.634125766290191,1309.1483764648438,0.5166666666666667,4,493.9906578063965,0
exhaustive,16,nominal,"((), (1, 2, 0, 3))",0.011212874087505043,1.6812157014541467,1309.2092895507812,0.38333333333333336,4,493.9942512512207,0
exhaustive,16,nominal,"((), (1, 2, 3, 0))",0.011322515783831477,1.6825728281916645,1309.2121124267578,0.5,4,493.99223709106445,0
exhaustive,16,nominal,"((), (1, 3, 0, 2))",0.010926135815680027,1.6442641355143834,1309.1895446777344,0.5166666666666667,4,493.9908790588379,0
exhaustive,16,nominal,"((), (1, 3, 2, 0))",0.01110766374040395,1.6560182045226441,1309.1985168457031,0.55,4,493.99120712280273,0
exhaustive,16,nominal,"((), (2, 0, 1, 3))",0.011052520480006933,1.6649859198971355,1309.2088775634766,0.43333333333333335,4,493.99419021606445,0
exhaustive,16,nominal,"((), (2, 0, 3, 1))",0.010980634251609445,1.6545917209505097,1309.2027587890625,0.5166666666666667,4,493.9918327331543,0
exhaustive,16,nominal,"((), (2, 1, 0, 3))",0.011212874087505043,1.6812162374572965,1309.2092895507812,0.38333333333333336,4,493.9942512512207,0
exhaustive,16,nominal,"((), (2, 1, 3, 0))",0.011322515783831477,1.6825733641948144,1309.2121124267578,0.5,4,493.99223709106445,0
exhaustive,16,nominal,"((), (2, 3, 0, 1))",0.010926135699264705,1.6442711826348027,1309.1895446777344,0.5166666666666667,4,493.9908790588379,0
exhaustive,16,nominal,"((), (2, 3, 1, 0))",0.011107663623988628,1.6560225083189462,1309.1985168457031,0.55,4,493.99120712280273,0
exhaustive,16,nominal,"((), (3, 0, 1, 2))",0.010500317555852234,1.5946335194982775,1309.1180267333984,0.38333333333333336,4,493.9875831604004,0
exhaustive,16,nominal,"((), (3, 0, 2, 1))",0.010500317555852234,1.5946364295540547,1309.1180267333984,0.38333333333333336,4,493.9875831604004,0
exhaustive,16,nominal,"((), (3, 1, 0, 2))",0.010810403968207538,1.6312106166184117,1309.1727752685547,0.43333333333333335,4,493.98881912231445,0
exhaustive,16,nominal,"((), (3, 1, 2, 0))",0.01099191966932267,1.6429588684233516,1309.1817321777344,0.4166666666666667,4,493.9891471862793,0
exhaustive,16,nominal,"((), (3, 2, 0, 1))",0.010810403968207538,1.6312171983201644,1309.1727752685547,0.43333333333333335,4,493.98881912231445,0
exhaustive,16,nominal,"((), (3, 2, 1, 0))",0.01099191966932267,1.6429626877438563,1309.1817321777344,0.4166666666666667,4,493.9891471862793,0
exhaustive,16,nominal,"((0, 1), (2, 3))",0.010472892317920923,1.5840684610848157,1309.1228332519531,0.6166666666666667,4,493.9890556335449,0
exhaustive,16,nominal,"((0, 1), (3, 2))",0.01035710028372705,1.5709882837703888,1309.1060943603516,0.6166666666666667,4,493.9869956970215,0
exhaustive,16,nominal,"((0, 1, 2), (3,))",0.010360026732087135,1.5724367763423728,1309.1065216064453,0.48333333333333334,4,493.9871253967285,0
exhaustive,16,nominal,"((0, 1, 3), (2,))",0.010690626804716885,1.6120513378866814,1309.1368713378906,0.6166666666666667,4,493.9902153015137,0
exhaustive,16,nominal,"((0, 2), (1, 3))",0.010474180919118226,1.5846833372973124,1309.123062133789,0.6166666666666667,4,493.98913192749023,0
exhaustive,16,nominal,"((0, 2), (3, 1))",0.010358415427617729,1.5716153641231068,1309.1063842773438,0.6166666666666667,4,493.98706436157227,0
exhaustive,16,nominal,"((0, 2, 1), (3,))",0.010361391701735556,1.573090987815077,1309.1067504882812,0.48333333333333334,4,493.98720932006836,0
exhaustive,16,nominal,"((0, 2, 3), (1,))",0.010691915405914187,1.6126662140991779,1309.1371002197266,0.6166666666666667,4,493.9902992248535,0
exhaustive,16,nominal,"((0, 3), (1, 2))",0.010588589939288795,1.598533820748512,1309.1339569091797,0.5666666666666667,4,493.9892158508301,0
exhaustive,16,nominal,"((0, 3), (2, 1))",0.010588589939288795,1.598534356751662,1309.1339569091797,0.5666666666666667,4,493.9892158508301,0
exhaustive,16,nominal,"((0, 3, 1), (2,))",0.010591470287181437,1.5999663764443104,1309.1343383789062,0.7,4,493.9893455505371,0
exhaustive,16,nominal,"((0, 3, 2), (1,))",0.010591470287181437,1.5999620732492301,1309.1343383789062,0.7,4,493.9893455505371,0
exhaustive,16,nominal,"((0,), (1, 2, 3))",0.010690626804716885,1.6120508018835316,1309.1368713378906,0.6,4,493.9902153015137,0
exhaustive,16,nominal,"((0,), (1, 3, 2))",0.010475772549398243,1.5854961775823844,1309.1232147216797,0.7333333333333333,4,493.989200592041,0
exhaustive,16,nominal,"((0,), (2, 1, 3))",0.010690626804716885,1.6120513378866814,1309.1368713378906,0.6,4,493.9902153015137,0
exhaustive,16,nominal,"((0,), (2, 3, 1))",0.010475772549398243,1.5855004807774646,1309.1232147216797,0.7333333333333333,4,493.989200592041,0
exhaustive,16,nominal,"((0,), (3, 1, 2))",0.010360026732087135,1.5724367763423728,1309.1065216064453,0.6,4,493.9871253967285,0
exhaustive,16,nominal,"((0,), (3, 2, 1))",0.010360026732087135,1.5724405955709024,1309.1065216064453,0.6,4,493.9871253967285,0
exhaustive,16,nominal,"((1, 0), (2, 3))",0.01060774177312851,1.6035724298378402,1309.1335144042969,0.6166666666666667,4,493.9891929626465,0
exhaustive,16,nominal,"((1, 0), (3, 2))",0.010491949622519314,1.5904922561682742,1309.1167602539062,0.6166666666666667,4,493.9871406555176,0
exhaustive,16,nominal,"((1, 0, 2), (3,))",0.010494831250980496,1.591920506144092,1309.117172241211,0.5,4,493.98727798461914,0
exhaustive,16,nominal,"((1, 0, 3), (2,))",0.010825476376339793,1.6315553066397057,1309.1475067138672,0.5833333333333334,4,493.99035263061523,0
exhaustive,16,nominal,"((1, 2), (3, 0))",0.010491949622519314,1.5904922561682742,1309.1167602539062,0.5666666666666667,4,493.9871406555176,0
exhaustive,16,nominal,"((1, 2, 0), (3,))",0.010805154335685074,1.6286134990373051,1309.1719665527344,0.48333333333333334,4,493.9885139465332,0
exhaustive,16,nominal,"((1, 3), (2, 0))",0.01075771008618176,1.624031356604366,1309.1878967285156,0.6166666666666667,4,493.99036026000977,0
exhaustive,16,nominal,"((1, 3, 0), (2,))",0.010920945787802339,1.6416936972353438,1309.1886749267578,0.7,4,493.99057388305664,0
exhaustive,16,nominal,"((1,), (2, 0, 3))",0.010975444805808365,1.6520142334062315,1309.201919555664,0.5833333333333334,4,493.9915199279785,0
exhaustive,16,nominal,"((1,), (2, 3, 0))",0.010920945787802339,1.6416936972353438,1309.1886749267578,0.7,4,493.99057388305664,0
exhaustive,16,nominal,"((1,), (3, 0, 2))",0.010494831250980496,1.591920506144092,1309.117172241211,0.5833333333333334,4,493.98727798461914,0
exhaustive,16,nominal,"((1,), (3, 2, 0))",0.010805154335685074,1.6286134990373051,1309.1719665527344,0.6166666666666667,4,493.9885139465332,0
exhaustive,16,nominal,"((2, 0), (3, 1))",0.010641918517649174,1.610951699187941,1309.171142578125,0.6166666666666667,4,493.9883003234863,0
exhaustive,16,nominal,"((2, 0, 1), (3,))",0.010644800728186965,1.6123837174802937,1309.1714935302734,0.5,4,493.9884223937988,0
exhaustive,16,nominal,"((2, 1), (3, 0))",0.010491949622519314,1.5904927921714236,1309.1167602539062,0.5666666666666667,4,493.9871406555176,0
exhaustive,16,nominal,"((2, 1, 0), (3,))",0.010805154335685074,1.6286140350404548,1309.1719665527344,0.48333333333333334,4,493.9885139465332,0
exhaustive,16,nominal,"((2,), (3, 0, 1))",0.010494831250980496,1.5919248122829692,1309.117172241211,0.5833333333333334,4,493.98727798461914,0
exhaustive,16,nominal,"((2,), (3, 1, 0))",0.010805154335685074,1.6286140350404548,1309.1719665527344,0.6166666666666667,4,493.9885139465332,0
exhaustive,17,single_domain,"((), (0, 1, 2, 3))",16.516313781496137,41.88133152499708,15.271350383758545,0.36666666666666664,4,0.842523992061615,0
exhaustive,17,single_domain,"((), (0, 1, 3, 2))",16.541145553346723,42.014949679109804,15.28200101852417,0.36666666666666664,4,0.842587947845459,0
exhaustive,17,single_domain,"((), (0, 2, 1, 3))",18.076141347642988,44.23248163580663,16.32762598991394,0.36666666666666664,4,0.8434465527534485,0
exhaustive,17,single_domain,"((), (0, 2, 3, 1))",20.957266320940107,47.438799273714736,18.64352059364319,0.35,4,0.8450581431388855,0
exhaustive,17,single_domain,"((), (0, 3, 1, 2))",18.076141347642988,44.23292049668114,16.32762598991394,0.36666666666666664,4,0.8434465527534485,0
exhaustive,17,single_domain,"((), (0, 3, 2, 1))",20.957266320940107,47.438966190804386,18.64352059364319,0.35,4,0.8450581431388855,0
exhaustive,17,single_domain,"((), (1, 0, 2, 3))",15.186864604707807,39.2242706974616,14.47769570350647,0.35,4,0.8415988087654114,0
exhaustive,17,single_domain,"((), (1, 0, 3, 2))",15.186864366289228,39.22471424629035,14.47769570350647,0.35,4,0.8415988087654114,0
exhaustive,17,single_domain,"((), (1, 2, 0, 3))",15.187457313295454,39.236568100458,14.47834587097168,0.35,4,0.8416011929512024,0
exhaustive,17,single_domain,"((), (1, 2, 3, 0))",15.217064609285444,39.397873175033304,14.492567300796509,0.35,4,0.8416585326194763,0
exhaustive,17,single_domain,"((), (1, 3, 0, 2))",15.20621990179643,39.3402496895896,14.48573350906372,0.35,4,0.8416469693183899,0
exhaustive,17,single_domain,"((), (1, 3, 2, 0))",15.237070312257856,39.50553258322433,14.500316619873047,0.35,4,0.8417053818702698,0
exhaustive,17,single_domain,"((), (2, 0, 1, 3))",18.08554553007707,44.30409975819228,16.33185338973999,0.36666666666666664,4,0.8434734344482422,0
exhaustive,17,single_domain,"((), (2, 0, 3, 1))",20.965963353868574,47.508521741641715,18.647550344467163,0.35,4,0.8450837135314941,0
exhaustive,17,single_domain,"((), (2, 1, 0, 3))",16.52584766363725,41.952949972734366,15.275606632232666,0.36666666666666664,4,0.842551052570343,0
exhaustive,17,single_domain,"((), (2, 1, 3, 0))",16.555276384111494,42.114049266024445,15.28978705406189,0.36666666666666664,4,0.8426080346107483,0
exhaustive,17,single_domain,"((), (2, 3, 0, 1))",20.991362085100263,47.65357528848788,18.65916919708252,0.35,4,0.845143735408783,0
exhaustive,17,single_domain,"((), (2, 3, 1, 0))",19.64164971327409,46.370284352364564,17.50165557861328,0.36666666666666664,4,0.8444011211395264,0
exhaustive,17,single_domain,"((), (3, 0, 1, 2))",18.08554553007707,44.30462386021115,16.33185338973999,0.36666666666666664,4,0.8434734344482422,0
exhaustive,17,single_domain,"((), (3, 0, 2, 1))",20.965963353868574,47.50877021887654,18.647550344467163,0.35,4,0.8450837135314941,0
exhaustive,17,single_domain,"((), (3, 1, 0, 2))",18.11253665899858,44.45482793168019,16.34397792816162,0.36666666666666664,4,0.843536913394928,0
exhaustive,17,single_domain,"((), (3, 1, 2, 0))",18.114891757722944,44.465447557573476,16.346011877059937,0.36666666666666664,4,0.8435299396514893,0
exhaustive,17,single_domain,"((), (3, 2, 0, 1))",20.991362085100263,47.65382370530064,18.65916919708252,0.35,4,0.845143735408783,0
exhaustive,17,single_domain,"((), (3, 2, 1, 0))",19.64164971327409,46.370532787058714,17.50165557861328,0.36666666666666664,4,0.8444011211395264,0
exhaustive,17,single_domain,"((0, 1), (2, 3))",16.47366570448503,41.64135532260333,15.252359390258789,0.55,4,0.8424023985862732,0
exhaustive,17,single_domain,"((0, 1), (3, 2))",16.47366570448503,41.64159498516316,15.252359390258789,0.55,4,0.8424023985862732,0
exhaustive,17,single_domain,"((0, 1, 2), (3,))",16.451226224657148,41.51588892982451,15.242408275604248,0.5666666666666667,4,0.8423401117324829,0
exhaustive,17,single_domain,"((0, 1, 3), (2,))",16.47366570448503,41.64135532260333,15.252359390258789,0.5666666666666667,4,0.8424023985862732,0
exhaustive,17,single_domain,"((0, 2), (1, 3))",15.129710426088423,38.894807032042884,14.451983213424683,0.55,4,0.8414294719696045,0
exhaustive,17,single_domain,"((0, 2), (3, 1))",18.010705222841352,43.867038614956584,16.298614263534546,0.55,4,0.8432665467262268,0
exhaustive,17,single_domain,"((0, 2, 1), (3,))",18.010705222841352,43.867038614956584,16.298614263534546,0.55,4,0.8432665467262268,0
exhaustive,17,single_domain,"((0, 2, 3), (1,))",15.152827968355268,39.023556608915925,14.462137460708618,0.5333333333333333,4,0.841494083404541,0
exhaustive,17,single_domain,"((0, 3), (1, 2))",15.113205661531538,38.799635940834534,14.44521689414978,0.55,4,0.8413857817649841,0
exhaustive,17,single_domain,"((0, 3), (2, 1))",16.451226224657148,41.51581202666552,15.242408275604248,0.55,4,0.8423401117324829,0
exhaustive,17,single_domain,"((0, 3, 1), (2,))",18.010705222841352,43.86696172267915,16.298614263534546,0.55,4,0.8432665467262268,0
exhaustive,17,single_domain,"((0, 3, 2), (1,))",15.152827968355268,39.02372351978207,14.462137460708618,0.5333333333333333,4,0.841494083404541,0
exhaustive,17,single_domain,"((0,), (1, 2, 3))",15.135465373750776,38.925179255974015,14.455132484436035,0.55,4,0.8414495587348938,0
exhaustive,17,single_domain,"((0,), (1, 3, 2))",15.152827968355268,39.02372351978207,14.462137460708618,0.55,4,0.841494083404541,0
exhaustive,17,single_domain,"((0,), (2, 1, 3))",16.47366570448503,41.64135532260333,15.252359390258789,0.5666666666666667,4,0.8424023985862732,0
exhaustive,17,single_domain,"((0,), (2, 3, 1))",19.560025920625776,45.89759000685953,17.464242696762085,0.55,4,0.8442016839981079,0
exhaustive,17,single_domain,"((0,), (3, 1, 2))",18.03327321028337,43.99274459677558,16.308592557907104,0.5666666666666667,4,0.843327522277832,0
exhaustive,17,single_domain,"((0,), (3, 2, 1))",19.560025920625776,45.89782964804268,17.464242696762085,0.55,4,0.8442016839981079,0
exhaustive,17,single_domain,"((1, 0), (2, 3))",15.143716802354902,38.981094188312355,14.45854139328003,0.55,4,0.8414733409881592,0
exhaustive,17,single_domain,"((1, 0), (3, 2))",15.143716802354902,38.981337540671504,14.45854139328003,0.55,4,0.8414733409881592,0
exhaustive,17,single_domain,"((1, 0, 2), (3,))",15.121007671114057,38.85389171735534,14.448505878448486,0.55,4,0.8414090871810913,0
exhaustive,17,single_domain,"((1, 0, 3), (2,))",15.121007671114057,38.853813378707706,14.448505878448486,0.55,4,0.8414090871810913,0
exhaustive,17,single_domain,"((1, 2), (3, 0))",15.121419658418745,38.86526747279102,14.449090242385864,0.55,4,0.841410756111145,0
exhaustive,17,single_domain,"((1, 2, 0), (3,))",15.121419658418745,38.86526747279102,14.449090242385864,0.55,4,0.841410756111145,0
exhaustive,17,single_domain,"((1, 3), (2, 0))",15.138266076799482,38.962156498932856,14.455950736999512,0.55,4,0.8414550423622131,0
exhaustive,17,single_domain,"((1, 3, 0), (2,))",15.138266076799482,38.962156498932856,14.455950736999512,0.55,4,0.8414550423622131,0
exhaustive,17,single_domain,"((1,), (2, 0, 3))",15.161972751375288,39.09327828753884,14.466264724731445,0.5333333333333333,4,0.8415205478668213,0
exhaustive,17,single_domain,"((1,), (2, 3, 0))",15.187371244188398,39.238331834384994,14.477892875671387,0.5333333333333333,4,0.8415842652320862,0
exhaustive,17,single_domain,"((1,), (3, 0, 2))",15.161972751375288,39.09352679383093,14.466264724731445,0.5333333333333333,4,0.8415205478668213,0
exhaustive,17,single_domain,"((1,), (3, 2, 0))",15.187371244188398,39.238580280255015,14.477892875671387,0.5333333333333333,4,0.8415842652320862,0
exhaustive,17,single_domain,"((2, 0), (3, 1))",18.01860593771562,43.932593513939295,16.302422761917114,0.55,4,0.8432912826538086,0
exhaustive,17,single_domain,"((2, 0, 1), (3,))",18.01860593771562,43.932593513939295,16.302422761917114,0.55,4,0.8432912826538086,0
exhaustive,17,single_domain,"((2, 1), (3, 0))",16.45926116919145,41.58144349153164,15.24624514579773,0.55,4,0.842365026473999,0
exhaustive,17,single_domain,"((2, 1, 0), (3,))",16.45926116919145,41.58144349153164,15.24624514579773,0.5666666666666667,4,0.842365026473999,0
exhaustive,17,single_domain,"((2,), (3, 0, 1))",18.01860593771562,43.932593513939295,16.302422761917114,0.55,4,0.8432912826538086,0
exhaustive,17,single_domain,"((2,), (3, 1, 0))",18.04290341353044,44.073858006330155,16.31373882293701,0.5666666666666667,4,0.843352198600769,0
exhaustive,18,cascade,"((), (0, 1, 2, 3))",336.98263931274414,208.72459495970264,1640.9849395751953,0.4166666666666667,4,488.0260925292969,0
exhaustive,18,cascade,"((), (0, 1, 3, 2))",334.30818939208984,207.172355866591,1640.3283462524414,0.4,4,487.92137145996094,0
exhaustive,18,cascade,"((), (0, 2, 1, 3))",335.2260322570801,207.6025170928342,1639.8631591796875,0.4,4,487.8968505859375,0
exhaustive,18,cascade,"((), (0, 2, 3, 1))",333.8424873352051,206.82187868865273,1639.4980239868164,0.4,4,487.8373565673828,0
exhaustive,18,cascade,"((), (0, 3, 1, 2))",333.1750297546387,206.48321503391975,1639.9607543945312,0.4,4,487.87380599975586,0
exhaustive,18,cascade,"((), (0, 3, 2, 1))",331.22216796875,205.2669773158367,1638.8112030029297,0.4166666666666667,4,487.73975372314453,0
exhaustive,18,cascade,"((), (1, 0, 2, 3))",336.80698013305664,208.75701432394484,1640.9205703735352,0.45,4,488.01590728759766,0
exhaustive,18,cascade,"((), (1, 0, 3, 2))",334.1850814819336,207.23312296322467,1640.2711563110352,0.45,4,487.9122123718262,0
exhaustive,18,cascade,"((), (1, 2, 0, 3))",336.44860076904297,208.74298107541037,1640.730354309082,0.45,4,487.9222106933594,0
exhaustive,18,cascade,"((), (1, 2, 3, 0))",335.12709045410156,207.99387497912005,1640.3669967651367,0.4166666666666667,4,487.8631706237793,0
exhaustive,18,cascade,"((), (1, 3, 0, 2))",333.0529251098633,206.54398231614923,1639.903205871582,0.43333333333333335,4,487.864559173584,0
exhaustive,18,cascade,"((), (1, 3, 2, 0))",332.69385147094727,206.5299497367937,1639.7068328857422,0.4,4,487.7698669433594,0
exhaustive,18,cascade,"((), (2, 0, 1, 3))",334.2986259460449,207.0685496236914,1638.2404022216797,0.43333333333333335,4,487.79683685302734,0
exhaustive,18,cascade,"((), (2, 0, 3, 1))",332.9142875671387,206.28791125365433,1637.8750610351562,0.43333333333333335,4,487.73730850219727,0
exhaustive,18,cascade,"((), (2, 1, 0, 3))",334.8172035217285,207.57660895937465,1638.3181381225586,0.45,4,487.7567710876465,0
exhaustive,18,cascade,"((), (2, 1, 3, 0))",333.4342956542969,206.79597048286342,1637.9461212158203,0.4,4,487.6964683532715,0
exhaustive,18,cascade,"((), (2, 3, 0, 1))",331.01533126831055,205.26077116497873,1637.3351440429688,0.45,4,487.66437911987305,0
exhaustive,18,cascade,"((), (2, 3, 1, 0))",330.91232681274414,205.29028164938438,1637.273941040039,0.4,4,487.6010627746582,0
exhaustive,18,cascade,"((), (3, 0, 1, 2))",332.43952560424805,206.0197676170764,1639.6160736083984,0.45,4,487.8388671875,0
exhaustive,18,cascade,"((), (3, 0, 2, 1))",332.258487701416,205.8894405497666,1639.5622100830078,0.45,4,487.8224182128906,0
exhaustive,18,cascade,"((), (3, 1, 0, 2))",332.3455238342285,206.09696794341016,1639.5646362304688,0.43333333333333335,4,487.83045196533203,0
exhaustive,18,cascade,"((), (3, 1, 2, 0))",331.9867134094238,206.08296205352096,1639.368179321289,0.4,4,487.7357482910156,0
exhaustive,18,cascade,"((), (3, 2, 0, 1))",330.23723220825195,204.77355685521113,1636.982566833496,0.45,4,487.6281318664551,0
exhaustive,18,cascade,"((), (3, 2, 1, 0))",330.1532096862793,204.81348621005841,1636.9247207641602,0.4166666666666667,4,487.5653648376465,0
exhaustive,18,cascade,"((0, 1), (2, 3))",327.92569732666016,203.3411296963356,1636.5310440063477,0.6,4,487.5316619873047,0
exhaustive,18,cascade,"((0, 1), (3, 2))",327.18798065185547,202.87776343343455,1636.1862869262695,0.6,4,487.4966812133789,0
exhaustive,18,cascade,"((0, 1, 2), (3,))",332.43952560424805,206.0197676170764,1639.6160736083984,0.6,4,487.8388671875,0
exhaustive,18,cascade,"((0, 1, 3), (2,))",329.06991958618164,204.03027135130034,1636.8998107910156,0.5833333333333334,4,487.57967376708984,0
exhaustive,18,cascade,"((0, 2), (1, 3))",328.7400245666504,203.9358648793933,1638.097396850586,0.5833333333333334,4,487.622859954834,0
exhaustive,18,cascade,"((0, 2), (3, 1))",328.0308609008789,203.4889293942124,1637.7587814331055,0.5833333333333334,4,487.5887260437012,0
exhaustive,18,cascade,"((0, 2, 1), (3,))",330.4436149597168,204.7797619016866,1638.4585571289062,0.6,4,487.7035369873047,0
exhaustive,18,cascade,"((0, 2, 3), (1,))",331.2129936218262,205.39978974676325,1638.7599182128906,0.6,4,487.7168388366699,0
exhaustive,18,cascade,"((0, 3), (1, 2))",330.57361602783203,205.04554401084056,1639.2026290893555,0.6,4,487.74219512939453,0
exhaustive,18,cascade,"((0, 3), (2, 1))",328.78175354003906,203.8058754729516,1636.7699279785156,0.6,4,487.5732307434082,0
exhaustive,18,cascade,"((0, 3, 1), (2,))",327.92569732666016,203.3411296963356,1636.5310440063477,0.5833333333333334,4,487.5316619873047,0
exhaustive,18,cascade,"((0, 3, 2), (1,))",328.7400245666504,203.9358648793933,1638.097396850586,0.6,4,487.622859954834,0
exhaustive,18,cascade,"((0,), (1, 2, 3))",333.0265083312988,206.50946951222699,1639.863998413086,0.5666666666666667,4,487.8357810974121,0
exhaustive,18,cascade,"((0,), (1, 3, 2))",330.57361602783203,205.04554401084056,1639.2026290893555,0.55,4,487.74219512939453,0
exhaustive,18,cascade,"((0,), (2, 1, 3))",331.32433700561523,205.31156507210167,1637.4432983398438,0.55,4,487.66893768310547,0
exhaustive,18,cascade,"((0,), (2, 3, 1))",328.78175354003906,203.8058754729516,1636.7699279785156,0.55,4,487.5732307434082,0
exhaustive,18,cascade,"((0,), (3, 1, 2))",329.8651313781738,204.59860864781444,1638.8640213012695,0.55,4,487.7080612182617,0
exhaustive,18,cascade,"((0,), (3, 2, 1))",328.0208282470703,203.32913268792203,1636.4207305908203,0.5666666666666667,4,487.537540435791,0
exhaustive,18,cascade,"((1, 0), (2, 3))",327.80337142944336,203.40189724285756,1636.473159790039,0.6,4,487.5223045349121,0
exhaustive,18,cascade,"((1, 0), (3, 2))",327.09406661987305,202.95496416359043,1636.134620666504,0.6,4,487.4881782531738,0
exhaustive,18,cascade,"((1, 0, 2), (3,))",332.3455238342285,206.09696794341016,1639.5646362304688,0.6333333333333333,4,487.83045196533203,0
exhaustive,18,cascade,"((1, 0, 3), (2,))",328.9466133117676,204.0910374698007,1636.8423690795898,0.6333333333333333,4,487.57041931152344,0
exhaustive,18,cascade,"((1, 2), (3, 0))",329.8651313781738,204.59860864781444,1638.8640213012695,0.6,4,487.7080612182617,0
exhaustive,18,cascade,"((1, 2, 0), (3,))",331.9867134094238,206.08296205352096,1639.368179321289,0.6,4,487.7357482910156,0
exhaustive,18,cascade,"((1, 3), (2, 0))",327.80337142944336,203.40189724285756,1636.473159790039,0.5833333333333334,4,487.5223045349121,0
exhaustive,18,cascade,"((1, 3, 0), (2,))",327.80337142944336,203.40189724285756,1636.473159790039,0.5833333333333334,4,487.5223045349121,0
exhaustive,18,cascade,"((1,), (2, 0, 3))",330.2804069519043,204.86582314923703,1637.1363143920898,0.6333333333333333,4,487.61658477783203,0
exhaustive,18,cascade,"((1,), (2, 3, 0))",328.5406608581543,203.92965809279704,1636.6216506958008,0.6,4,487.54742431640625,0
exhaustive,18,cascade,"((1,), (3, 0, 2))",329.8651313781738,204.59860864781444,1638.8640213012695,0.6333333333333333,4,487.7080612182617,0
exhaustive,18,cascade,"((1,), (3, 2, 0))",327.83184814453125,203.48272505028325,1636.2831268310547,0.6,4,487.51330184936523,0
exhaustive,18,cascade,"((2, 0), (3, 1))",327.09406661987305,202.95496416359043,1636.134620666504,0.5833333333333334,4,487.4881782531738,0
exhaustive,18,cascade,"((2, 0, 1), (3,))",329.5111198425293,204.24579601784222,1636.834945678711,0.6333333333333333,4,487.6031837463379,0
exhaustive,18,cascade,"((2, 1), (3, 0))",328.0208282470703,203.32913268792203,1636.4207305908203,0.6,4,487.537540435791,0
exhaustive,18,cascade,"((2, 1, 0), (3,))",330.1532096862793,204.81348621005841,1636.9247207641602,0.6,4,487.5653648376465,0
exhaustive,18,cascade,"((2,), (3, 0, 1))",327.18798065185547,202.87776343343455,1636.1862869262695,0.6333333333333333,4,487.4966812133789,0
exhaustive,18,cascade,"((2,), (3, 1, 0))",327.09406661987305,202.95496416359043,1636.134620666504,0.5833333333333334,4,487.4881782531738,0
exhaustive,19,ood,"((), (0, 1, 2, 3))",1091.3246154785156,312.76352960764547,2919.8211975097656,0.5666666666666667,4,586.1355895996094,0
exhaustive,19,ood,"((), (0, 1, 3, 2))",1078.1445617675781,307.7961787629756,2887.3770751953125,0.5666666666666667,4,584.5557632446289,0
exhaustive,19,ood,"((), (0, 2, 1, 3))",1074.3224487304688,309.1429017747958,2884.4176025390625,0.6,4,584.6420822143555,0
exhaustive,19,ood,"((), (0, 2, 3, 1))",1061.289535522461,304.1755514569604,2851.9714965820312,0.5666666666666667,4,583.0535202026367,0
exhaustive,19,ood,"((), (0, 3, 1, 2))",1061.4805297851562,300.8704937461952,2852.142852783203,0.6,4,583.173095703125,0
exhaustive,19,ood,"((), (0, 3, 2, 1))",1044.6526184082031,297.2498667164988,2816.7349243164062,0.5666666666666667,4,581.6640243530273,0
exhaustive,19,ood,"((), (1, 0, 2, 3))",1110.5282745361328,319.91313561127936,2939.6160583496094,0.7166666666666667,4,586.5024185180664,0
exhaustive,19,ood,"((), (1, 0, 3, 2))",1097.3754119873047,314.94578497776905,2907.1926879882812,0.7166666666666667,4,584.9351196289062,0
exhaustive,19,ood,"((), (1, 2, 0, 3))",1107.0330505371094,320.51957573767413,2921.1593627929688,0.75,4,585.3347930908203,0
exhaustive,19,ood,"((), (1, 2, 3, 0))",1107.0330505371094,320.51957573767413,2921.1593627929688,0.5666666666666667,4,585.3347930908203,0
exhaustive,19,ood,"((), (1, 3, 0, 2))",1097.3754119873047,314.94578497776905,2907.1926879882812,0.75,4,584.9351196289062,0
exhaustive,19,ood,"((), (1, 3, 2, 0))",1113.1377716064453,320.4946834826693,2925.1123962402344,0.5666666666666667,4,585.3147430419922,0
exhaustive,19,ood,"((), (2, 0, 1, 3))",1095.0687561035156,317.1594442430715,2904.9068603515625,0.75,4,585.0519561767578,0
exhaustive,19,ood,"((), (2, 0, 3, 1))",1095.0687561035156,317.1594442430715,2904.9068603515625,0.75,4,585.0519561767578,0
exhaustive,19,ood,"((), (2, 1, 0, 3))",1108.5064392089844,321.38651198412134,2921.860595703125,0.75,4,585.3653106689453,0
exhaustive,19,ood,"((), (2, 1, 3, 0))",1108.5064392089844,321.38651198412134,2921.860595703125,0.6,4,585.3653106689453,0
exhaustive,19,ood,"((), (2, 3, 0, 1))",1081.986831665039,312.1920939252361,2872.4872131347656,0.7166666666666667,4,583.4764785766602,0
exhaustive,19,ood,"((), (2, 3, 1, 0))",1097.7271270751953,317.7409924301363,2890.4293518066406,0.5666666666666667,4,583.8909683227539,0
exhaustive,19,ood,"((), (3, 0, 1, 2))",1061.4805297851562,300.8704937461952,2852.142852783203,0.75,4,583.173095703125,0
exhaustive,19,ood,"((), (3, 0, 2, 1))",1063.7750854492188,302.19232463837454,2853.0897216796875,0.75,4,583.2405395507812,0
exhaustive,19,ood,"((), (3, 1, 0, 2))",1082.1351470947266,308.8870362144709,2872.7211303710938,0.75,4,583.621223449707,0
exhaustive,19,ood,"((), (3, 1, 2, 0))",1097.9329681396484,314.4359347193712,2890.6453857421875,0.6,4,584.0026016235352,0
exhaustive,19,ood,"((), (3, 2, 0, 1))",1065.2588500976562,305.2664091847745,2837.3086547851562,0.7166666666666667,4,582.125114440918,0
exhaustive,19,ood,"((), (3, 2, 1, 0))",1080.9820861816406,310.81530768967474,2855.2605895996094,0.5666666666666667,4,582.5420379638672,0
exhaustive,19,ood,"((0, 1), (2, 3))",1059.024169921875,302.85372053738155,2851.014434814453,0.7166666666666667,4,582.9783554077148,0
exhaustive,19,ood,"((0, 1), (3, 2))",1042.3758087158203,295.92803540018735,2815.7770080566406,0.7166666666666667,4,581.5884475708008,0
exhaustive,19,ood,"((0, 1, 2), (3,))",1061.4805297851562,300.8704937461952,2852.142852783203,0.75,4,583.173095703125,0
exhaustive,19,ood,"((0, 1, 3), (2,))",1059.024169921875,302.85372053738155,2851.014434814453,0.75,4,582.9783554077148,0
exhaustive,19,ood,"((0, 2), (1, 3))",1057.5501098632812,301.9867837263075,2850.3069763183594,0.75,4,582.9458160400391,0
exhaustive,19,ood,"((0, 2), (3, 1))",1042.3758087158203,295.92803540018735,2815.7770080566406,0.75,4,581.5884475708008,0
exhaustive,19,ood,"((0, 2, 1), (3,))",1044.6526184082031,297.2498667164988,2816.7349243164062,0.75,4,581.6640243530273,0
exhaustive,19,ood,"((0, 2, 3), (1,))",1057.5501098632812,301.9867837263075,2850.3069763183594,0.7166666666666667,4,582.9458160400391,0
exhaustive,19,ood,"((0, 3), (1, 2))",1040.9093475341797,295.06109916529397,2815.0616760253906,0.75,4,581.5507659912109,0
exhaustive,19,ood,"((0, 3), (2, 1))",1042.3758087158203,295.92803540018735,2815.7770080566406,0.75,4,581.5884475708008,0
exhaustive,19,ood,"((0, 3, 1), (2,))",1042.3758087158203,295.92803540018735,2815.7770080566406,0.75,4,581.5884475708008,0
exhaustive,19,ood,"((0, 3, 2), (1,))",1040.9093475341797,295.06109916529397,2815.0616760253906,0.7166666666666667,4,581.5507659912109,0
exhaustive,19,ood,"((0,), (1, 2, 3))",1070.5673065185547,306.9541347644982,2882.7664184570312,0.5666666666666667,4,584.5429382324219,0
exhaustive,19,ood,"((0,), (1, 3, 2))",1076.6700592041016,306.92924250949335,2886.6702270507812,0.5666666666666667,4,584.5236968994141,0
exhaustive,19,ood,"((0,), (2, 1, 3))",1072.0396270751953,307.8210710109454,2883.472900390625,0.6,4,584.5750732421875,0
exhaustive,19,ood,"((0,), (2, 3, 1))",1061.289535522461,304.1755514569604,2851.9714965820312,0.5666666666666667,4,583.0535202026367,0
exhaustive,19,ood,"((0,), (3, 1, 2))",1061.4805297851562,300.8704937461952,2852.142852783203,0.6,4,583.173095703125,0
exhaustive,19,ood,"((0,), (3, 2, 1))",1044.6526184082031,297.2498667164988,2816.7349243164062,0.5666666666666667,4,581.6640243530273,0
exhaustive,19,ood,"((1, 0), (2, 3))",1078.2491912841797,310.0033261945833,2870.831329345703,0.7166666666666667,4,583.3713150024414,0
exhaustive,19,ood,"((1, 0), (3, 2))",1061.5431518554688,303.07764163356967,2835.643341064453,0.7166666666666667,4,582.0147171020508,0
exhaustive,19,ood,"((1, 0, 2), (3,))",1080.6746368408203,308.02010039854997,2872.0103149414062,0.9,4,583.5855407714844,0
exhaustive,19,ood,"((1, 0, 3), (2,))",1078.2491912841797,310.0033261945833,2870.831329345703,0.9,4,583.3713150024414,0
exhaustive,19,ood,"((1, 2), (3, 0))",1040.9093475341797,295.06109916529397,2815.0616760253906,0.75,4,581.5507659912109,0
exhaustive,19,ood,"((1, 2, 0), (3,))",1077.2264556884766,308.62654013847,2853.6088256835938,0.75,4,582.435546875,0
exhaustive,19,ood,"((1, 3), (2, 0))",1078.2491912841797,310.0033261945833,2870.831329345703,0.75,4,583.3713150024414,0
exhaustive,19,ood,"((1, 3, 0), (2,))",1078.2491912841797,310.0033261945833,2870.831329345703,0.75,4,583.3713150024414,0
exhaustive,19,ood,"((1,), (2, 0, 3))",1091.2638854980469,314.9706772327739,2903.263946533203,0.9,4,584.9552001953125,0
exhaustive,19,ood,"((1,), (2, 3, 0))",1078.2491912841797,310.0033261945833,2870.831329345703,0.7166666666666667,4,583.3713150024414,0
exhaustive,19,ood,"((1,), (3, 0, 2))",1060.0130920410156,300.00355793027427,2851.4275512695312,0.9,4,583.1358947753906,0
exhaustive,19,ood,"((1,), (3, 2, 0))",1061.5431518554688,303.07764163356967,2835.643341064453,0.7166666666666667,4,582.0147171020508,0
exhaustive,19,ood,"((2, 0), (3, 1))",1063.0031127929688,303.94457786846306,2836.354522705078,0.75,4,582.0508499145508,0
exhaustive,19,ood,"((2, 0, 1), (3,))",1065.2588500976562,305.2664091847745,2837.3086547851562,0.9,4,582.125114440918,0
exhaustive,19,ood,"((2, 1), (3, 0))",1042.3758087158203,295.92803540018735,2815.7770080566406,0.75,4,581.5884475708008,0
exhaustive,19,ood,"((2, 1, 0), (3,))",1078.6847839355469,309.49347637336336,2854.3185119628906,0.75,4,582.4712753295898,0
exhaustive,19,ood,"((2,), (3, 0, 1))",1042.3758087158203,295.92803540018735,2815.7770080566406,0.9,4,581.5884475708008,0
exhaustive,19,ood,"((2,), (3, 1, 0))",1063.0031127929688,303.94457786846306,2836.354522705078,0.75,4,582.0508499145508,0
exhaustive,20,nominal,"((), (0, 1, 2, 3))",0.0023191334621515125,1.471454235450164,39.063022656208744,0.4,4,15.024237155914307,0
exhaustive,20,nominal,"((), (0, 1, 3, 2))",0.002317183476407081,1.4707646196264799,39.06146959731663,0.4,4,15.023639678955078,0
exhaustive,20,nominal,"((), (0, 2, 1, 3))",0.0031749757181387395,1.6971690938227666,39.2084360736025,0.4166666666666667,4,15.080165386199951,0
exhaustive,20,nominal,"((), (0, 2, 3, 1))",0.0035164713335689157,1.7522431926791382,39.20843607761962,0.4,4,15.080165386199951,0
exhaustive,20,nominal,"((), (0, 3, 1, 2))",0.0027767576393671334,1.6068321062360684,39.128183889915235,0.4166666666666667,4,15.049299240112305,0
exhaustive,20,nominal,"((), (0, 3, 2, 1))",0.003515772958053276,1.7519321428775587,39.207997864218136,0.4,4,15.079997062683105,0
exhaustive,20,nominal,"((), (1, 0, 2, 3))",0.00233470305101946,1.4866428901248017,39.07009709803629,0.43333333333333335,4,15.026957988739014,0
exhaustive,20,nominal,"((), (1, 0, 3, 2))",0.002332752716029063,1.4859532788183856,39.06854499280133,0.43333333333333335,4,15.026360988616943,0
exhaustive,20,nominal,"((), (1, 2, 0, 3))",0.002407748281257227,1.5314772557981682,39.096743567348696,0.45,4,15.037205934524536,0
exhaustive,20,nominal,"((), (1, 2, 3, 0))",0.00244948742329143,1.5509413466408852,39.09674357470868,0.4,4,15.037205934524536,0
exhaustive,20,nominal,"((), (1, 3, 0, 2))",0.0023673202376812696,1.5079461647769352,39.07895210519695,0.45,4,15.030363082885742,0
exhaustive,20,nominal,"((), (1, 3, 2, 0))",0.002447535895043984,1.5502517210733633,39.09519766829265,0.4,4,15.036611318588257,0
exhaustive,20,nominal,"((), (2, 0, 1, 3))",0.003224386688088998,1.7340289300360041,39.22531538504614,0.45,4,15.08665680885315,0
exhaustive,20,nominal,"((), (2, 0, 3, 1))",0.003565911407349631,1.7891104083797218,39.22531538906467,0.45,4,15.08665680885315,0
exhaustive,20,nominal,"((), (2, 1, 0, 3))",0.0032628656772430986,1.7568703985735623,39.24121666646508,0.45,4,15.092772722244263,0
exhaustive,20,nominal,"((), (2, 1, 3, 0))",0.0033046052849385887,1.7763344937672447,39.24121667382533,0.4166666666666667,4,15.092772722244263,0
exhaustive,20,nominal,"((), (2, 3, 0, 1))",0.0036025636072736233,1.8112961286092566,39.239735137100425,0.43333333333333335,4,15.09220290184021,0
exhaustive,20,nominal,"((), (2, 3, 1, 0))",0.0036443030403461307,1.8307602167120962,39.239735144459964,0.4,4,15.09220290184021,0
exhaustive,20,nominal,"((), (3, 0, 1, 2))",0.002792329585645348,1.622020736196105,39.13524545728498,0.45,4,15.05201506614685,0
exhaustive,20,nominal,"((), (3, 0, 2, 1))",0.0035313404223416,1.7671192210864626,39.215031775860865,0.45,4,15.082702159881592,0
exhaustive,20,nominal,"((), (3, 1, 0, 2))",0.002826899668434635,1.64401364107409,39.14556292456223,0.45,4,15.055982828140259,0
exhaustive,20,nominal,"((), (3, 1, 2, 0))",0.0029071176541037858,1.6863192048053306,39.161755082236894,0.4166666666666667,4,15.06221055984497,0
exhaustive,20,nominal,"((), (3, 2, 0, 1))",0.0036025636072736233,1.8112964460757555,39.239735137100425,0.43333333333333335,4,15.09220290184021,0
exhaustive,20,nominal,"((), (3, 2, 1, 0))",0.0036443030403461307,1.8307605341785949,39.239735144459964,0.4,4,15.09220290184021,0
exhaustive,20,nominal,"((0, 1), (2, 3))",0.0023112181515898556,1.4688601353338961,39.05950598148776,0.5833333333333334,4,15.022884607315063,0
exhaustive,20,nominal,"((0, 1), (3, 2))",0.0023112181515898556,1.4688604535687362,39.05950598148776,0.5833333333333334,4,15.022884607315063,0
exhaustive,20,nominal,"((0, 1, 2), (3,))",0.0023130389163270593,1.4695175929823554,39.061026138598606,0.6,4,15.02346920967102,0
exhaustive,20,nominal,"((0, 1, 3), (2,))",0.0023112181515898556,1.4688601353338961,39.05950598148776,0.6,4,15.022884607315063,0
exhaustive,20,nominal,"((0, 2), (1, 3))",0.0023118799144867808,1.4691610116669422,39.05991606148545,0.6,4,15.02304220199585,0
exhaustive,20,nominal,"((0, 2), (3, 1))",0.0027715181931853294,1.6052493502626957,39.126668501058134,0.6,4,15.04871654510498,0
exhaustive,20,nominal,"((0, 2, 1), (3,))",0.0031690003525000066,1.695269670863969,39.20651012789546,0.6,4,15.079424858093262,0
exhaustive,20,nominal,"((0, 2, 3), (1,))",0.0023137343232519925,1.4698286245883592,39.06146959720394,0.5833333333333334,4,15.023639678955078,0
exhaustive,20,nominal,"((0, 3), (1, 2))",0.0023130389163270593,1.4695175929823554,39.061026138598606,0.6,4,15.02346920967102,0
exhaustive,20,nominal,"((0, 3), (2, 1))",0.0031683364359196275,1.6949687862189795,39.20610433942822,0.6,4,15.07926869392395,0
exhaustive,20,nominal,"((0, 3, 1), (2,))",0.002770855149719864,1.6049484415953676,39.12626175891784,0.6,4,15.04855990409851,0
exhaustive,20,nominal,"((0, 3, 2), (1,))",0.0023130389163270593,1.4695175929823554,39.061026138598606,0.5833333333333334,4,15.02346920967102,0
exhaustive,20,nominal,"((0,), (1, 2, 3))",0.0023191334621515125,1.471454235450164,39.063022656208744,0.55,4,15.024237155914307,0
exhaustive,20,nominal,"((0,), (1, 3, 2))",0.002317183476407081,1.4707646196264799,39.06146959731663,0.55,4,15.023639678955078,0
exhaustive,20,nominal,"((0,), (2, 1, 3))",0.0031742423016112298,1.6968474083434526,39.207997860198034,0.5666666666666667,4,15.079997062683105,0
exhaustive,20,nominal,"((0,), (2, 3, 1))",0.0035139476822223514,1.7512746758456303,39.20651013202986,0.55,4,15.079424858093262,0
exhaustive,20,nominal,"((0,), (3, 1, 2))",0.0027767576393671334,1.6068321062360684,39.128183889915235,0.5666666666666667,4,15.049299240112305,0
exhaustive,20,nominal,"((0,), (3, 2, 1))",0.0035139476822223514,1.7512749940804704,39.20651013202986,0.55,4,15.079424858093262,0
exhaustive,20,nominal,"((1, 0), (2, 3))",0.002326780406292528,1.4840472023769393,39.0665813769519,0.5833333333333334,4,15.025605916976929,0
exhaustive,20,nominal,"((1, 0), (3, 2))",0.002326780406292528,1.4840475206117794,39.0665813769519,0.5833333333333334,4,15.025605916976929,0
exhaustive,20,nominal,"((1, 0, 2), (3,))",0.002328601520275697,1.4847046703277262,39.06810105724247,0.6333333333333333,4,15.026190280914307,0
exhaustive,20,nominal,"((1, 0, 3), (2,))",0.002326780406292528,1.4840472023769393,39.0665813769519,0.6333333333333333,4,15.025605916976929,0
exhaustive,20,nominal,"((1, 2), (3, 0))",0.002328601520275697,1.4847046703277262,39.06810105724247,0.6,4,15.026190280914307,0
exhaustive,20,nominal,"((1, 2, 0), (3,))",0.002401644684141502,1.5295390484748463,39.09475515587759,0.6,4,15.036441326141357,0
exhaustive,20,nominal,"((1, 3), (2, 0))",0.002361346734687686,1.5060401158246013,39.07698991982778,0.6,4,15.029608726501465,0
exhaustive,20,nominal,"((1, 3, 0), (2,))",0.002361346734687686,1.5060401158246013,39.07698991982778,0.6,4,15.029608726501465,0
exhaustive,20,nominal,"((1,), (2, 0, 3))",0.002363168343435973,1.5066958565445203,39.07850864647117,0.6333333333333333,4,15.030192852020264,0
exhaustive,20,nominal,"((1,), (2, 3, 0))",0.0023998227261472493,1.5288815840423098,39.093241197570926,0.5833333333333334,4,15.035859107971191,0
exhaustive,20,nominal,"((1,), (3, 0, 2))",0.002328601520275697,1.4847046703277262,39.06810105724247,0.6333333333333333,4,15.026190280914307,0
exhaustive,20,nominal,"((1,), (3, 2, 0))",0.0023998227261472493,1.5288819022771498,39.093241197570926,0.5833333333333334,4,15.035859107971191,0
exhaustive,20,nominal,"((2, 0), (3, 1))",0.0028209888259880245,1.6421284201976998,39.14364365453778,0.6,4,15.055244445800781,0
exhaustive,20,nominal,"((2, 0, 1), (3,))",0.0032184724987018853,1.7321487626868246,39.223424248412336,0.6333333333333333,4,15.08592939376831,0
exhaustive,20,nominal,"((2, 1), (3, 0))",0.0031839026196394116,1.710155878293754,39.21314015840092,0.6,4,15.081974267959595,0
exhaustive,20,nominal,"((2, 1, 0), (3,))",0.003256950614741072,1.7549902441825878,39.239332205514046,0.6,4,15.092047691345215,0
exhaustive,20,nominal,"((2,), (3, 0, 1))",0.0027864198782481253,1.6201355356836475,39.133325233616716,0.6333333333333333,4,15.051276206970215,0
exhaustive,20,nominal,"((2,), (3, 1, 0))",0.0028209888259880245,1.6421284201976998,39.14364365453778,0.6,4,15.055244445800781,0
exhaustive,21,single_domain,"((), (0, 1, 2, 3))",29.26728844642639,55.97745683884565,458.92113876342773,0.4166666666666667,4,159.42121124267578,0
exhaustive,21,single_domain,"((), (0, 1, 3, 2))",30.326193809509277,57.35310379665245,463.1290054321289,0.4,4,159.76247024536133,0
exhaustive,21,single_domain,"((), (0, 2, 1, 3))",28.20024561882019,54.18584479724705,455.4873733520508,0.4,4,159.3291482925415,0
exhaustive,21,single_domain,"((), (0, 2, 3, 1))",28.17558765411377,54.04975799192715,455.1919250488281,0.4,4,159.2519292831421,0
exhaustive,21,single_domain,"((), (0, 3, 1, 2))",30.30836772918701,57.24557470350401,462.9181365966797,0.4,4,159.71526527404785,0
exhaustive,21,single_domain,"((), (0, 3, 2, 1))",29.22463583946228,55.72989636463018,458.4061813354492,0.4166666666666667,4,159.29442310333252,0
exhaustive,21,single_domain,"((), (1, 0, 2, 3))",29.26728844642639,55.97745683884565,458.92113876342773,0.45,4,159.42121124267578,0
exhaustive,21,single_domain,"((), (1, 0, 3, 2))",30.326193809509277,57.35310379665245,463.1290054321289,0.45,4,159.76247024536133,0
exhaustive,21,single_domain,"((), (1, 2, 0, 3))",28.24323320388794,54.37951081235656,455.68859100341797,0.45,4,159.3715114593506,0
exhaustive,21,single_domain,"((), (1, 2, 3, 0))",28.277119874954224,54.48576927899549,455.7111015319824,0.4166666666666667,4,159.37116622924805,0
exhaustive,21,single_domain,"((), (1, 3, 0, 2))",30.35137701034546,57.43936598821936,463.1366081237793,0.43333333333333335,4,159.7618751525879,0
exhaustive,21,single_domain,"((), (1, 3, 2, 0))",29.326334238052368,56.169978011953056,458.95155334472656,0.4,4,159.42041397094727,0
exhaustive,21,single_domain,"((), (2, 0, 1, 3))",27.28636074066162,52.20373640605085,453.6808433532715,0.43333333333333335,4,159.0928611755371,0
exhaustive,21,single_domain,"((), (2, 0, 3, 1))",27.26184630393982,52.06764938342128,453.3841323852539,0.43333333333333335,4,159.01507759094238,0
exhaustive,21,single_domain,"((), (2, 1, 0, 3))",27.32934308052063,52.397402392423686,453.8829689025879,0.45,4,159.13549137115479,0
exhaustive,21,single_domain,"((), (2, 1, 3, 0))",27.36336851119995,52.50366092575516,453.9058494567871,0.4,4,159.1351490020752,0
exhaustive,21,single_domain,"((), (2, 3, 0, 1))",27.287170886993408,52.14984074884305,453.38433837890625,0.45,4,159.0121955871582,0
exhaustive,21,single_domain,"((), (2, 3, 1, 0))",27.34585404396057,52.39613173822015,453.71399688720703,0.4,4,159.09246921539307,0
exhaustive,21,single_domain,"((), (3, 0, 1, 2))",30.299579620361328,57.18747043376682,462.8168830871582,0.45,4,159.69392108917236,0
exhaustive,21,single_domain,"((), (3, 0, 2, 1))",29.21582818031311,55.66989857220777,458.2995910644531,0.45,4,159.27149391174316,0
exhaustive,21,single_domain,"((), (3, 1, 0, 2))",30.342666625976562,57.38316425860881,463.03882217407227,0.43333333333333335,4,159.74120330810547,0
exhaustive,21,single_domain,"((), (3, 1, 2, 0))",29.317672729492188,56.113775750121576,458.8536491394043,0.4,4,159.39964294433594,0
exhaustive,21,single_domain,"((), (3, 2, 0, 1))",28.192039012908936,54.07195281199945,455.08716201782227,0.45,4,159.22665405273438,0
exhaustive,21,single_domain,"((), (3, 2, 1, 0))",28.250795602798462,54.32013681941844,455.42037200927734,0.4166666666666667,4,159.30783081054688,0
exhaustive,21,single_domain,"((0, 1), (2, 3))",27.24357008934021,51.94070114407302,453.14635467529297,0.6,4,158.96063423156738,0
exhaustive,21,single_domain,"((0, 1), (3, 2))",28.148592948913574,53.86660884485703,454.85861587524414,0.6,4,159.17745876312256,0
exhaustive,21,single_domain,"((0, 1, 2), (3,))",29.21554470062256,55.66215030803377,458.2805480957031,0.6,4,159.26642894744873,0
exhaustive,21,single_domain,"((0, 1, 3), (2,))",27.261229515075684,52.05203529691489,453.3459053039551,0.5833333333333334,4,159.00492477416992,0
exhaustive,21,single_domain,"((0, 2), (1, 3))",28.15717053413391,53.92281037969171,454.95494842529297,0.5833333333333334,4,159.19784450531006,0
exhaustive,21,single_domain,"((0, 2), (3, 1))",28.148592948913574,53.86660884485703,454.85861587524414,0.5833333333333334,4,159.17745876312256,0
exhaustive,21,single_domain,"((0, 2, 1), (3,))",28.14867329597473,53.86851112747724,454.8619384765625,0.6,4,159.17808628082275,0
exhaustive,21,single_domain,"((0, 2, 3), (1,))",28.17496967315674,54.03414367084305,455.15388107299805,0.6,4,159.24184799194336,0
exhaustive,21,single_domain,"((0, 3), (1, 2))",28.15717053413391,53.92281037969171,454.95494842529297,0.6,4,159.19784450531006,0
exhaustive,21,single_domain,"((0, 3), (2, 1))",27.24357008934021,51.94070114407302,453.14635467529297,0.6,4,158.96063423156738,0
exhaustive,21,single_domain,"((0, 3, 1), (2,))",27.243732213974,51.944505930105805,453.15300369262695,0.5833333333333334,4,158.96189308166504,0
exhaustive,21,single_domain,"((0, 3, 2), (1,))",29.224194526672363,55.71835261156225,458.37866973876953,0.6,4,159.28728866577148,0
exhaustive,21,single_domain,"((0,), (1, 2, 3))",28.17496967315674,54.03414367084305,455.15388107299805,0.5666666666666667,4,159.24184799194336,0
exhaustive,21,single_domain,"((0,), (1, 3, 2))",29.224194526672363,55.71835261156225,458.37866973876953,0.55,4,159.28728866577148,0
exhaustive,21,single_domain,"((0,), (2, 1, 3))",27.261229515075684,52.05203529691489,453.3459053039551,0.55,4,159.00492477416992,0
exhaustive,21,single_domain,"((0,), (2, 3, 1))",27.243732213974,51.944505930105805,453.15300369262695,0.55,4,158.96189308166504,0
exhaustive,21,single_domain,"((0,), (3, 1, 2))",29.21554470062256,55.66215030803377,458.2805480957031,0.55,4,159.26642894744873,0
exhaustive,21,single_domain,"((0,), (3, 2, 1))",28.14867329597473,53.86851112747724,454.8619384765625,0.5666666666666667,4,159.17808628082275,0
exhaustive,21,single_domain,"((1, 0), (2, 3))",27.24357008934021,51.94070114407302,453.14635467529297,0.6,4,158.96063423156738,0
exhaustive,21,single_domain,"((1, 0), (3, 2))",28.148592948913574,53.86660884485703,454.85861587524414,0.6,4,159.17745876312256,0
exhaustive,21,single_domain,"((1, 0, 2), (3,))",29.21554470062256,55.66215030803377,458.2805480957031,0.6333333333333333,4,159.26642894744873,0
exhaustive,21,single_domain,"((1, 0, 3), (2,))",27.261229515075684,52.05203529691489,453.3459053039551,0.6333333333333333,4,159.00492477416992,0
exhaustive,21,single_domain,"((1, 2), (3, 0))",28.148592948913574,53.86660884485703,454.85861587524414,0.6,4,159.17745876312256,0
exhaustive,21,single_domain,"((1, 2, 0), (3,))",28.191755294799805,54.06420461686993,455.06812286376953,0.6,4,159.22157287597656,0
exhaustive,21,single_domain,"((1, 3), (2, 0))",27.24357008934021,51.94070114407302,453.14635467529297,0.5833333333333334,4,158.96063423156738,0
exhaustive,21,single_domain,"((1, 3, 0), (2,))",27.286731243133545,52.13829712837868,453.35675048828125,0.5833333333333334,4,159.00501251220703,0
exhaustive,21,single_domain,"((1,), (2, 0, 3))",27.261229515075684,52.05203529691489,453.3459053039551,0.6333333333333333,4,159.00492477416992,0
exhaustive,21,single_domain,"((1,), (2, 3, 0))",27.286731243133545,52.13829712837868,453.35675048828125,0.6,4,159.00501251220703,0
exhaustive,21,single_domain,"((1,), (3, 0, 2))",29.21554470062256,55.66215030803377,458.2805480957031,0.6333333333333333,4,159.26642894744873,0
exhaustive,21,single_domain,"((1,), (3, 2, 0))",28.191755294799805,54.06420461686993,455.06812286376953,0.6,4,159.22157287597656,0
exhaustive,21,single_domain,"((2, 0), (3, 1))",27.235079050064087,51.88449990202635,453.04898834228516,0.5833333333333334,4,158.93984603881836,0
exhaustive,21,single_domain,"((2, 0, 1), (3,))",27.235159397125244,51.886402219980035,453.05230712890625,0.6333333333333333,4,158.9404764175415,0
exhaustive,21,single_domain,"((2, 1), (3, 0))",27.235079050064087,51.88449990202635,453.04898834228516,0.6,4,158.93984603881836,0
exhaustive,21,single_domain,"((2, 1, 0), (3,))",27.27823495864868,52.08209620697235,453.25943756103516,0.6,4,158.98424243927002,0
exhaustive,21,single_domain,"((2,), (3, 0, 1))",27.235159397125244,51.886402219980035,453.05230712890625,0.6333333333333333,4,158.9404764175415,0
exhaustive,21,single_domain,"((2,), (3, 1, 0))",27.27823495864868,52.08209620697235,453.25943756103516,0.5833333333333334,4,158.98424243927002,0
exhaustive,22,cascade,"((), (0, 1, 2))",264.0012016296387,171.76292783989146,1946.378662109375,0.36666666666666664,3,531.814151763916,0
exhaustive,22,cascade,"((), (0, 2, 1))",265.9358596801758,173.04753937000527,1960.5112609863281,0.35,3,532.2131996154785,0
exhaustive,22,cascade,"((), (1, 0, 2))",264.0012016296387,171.76292783989146,1946.378662109375,0.35,3,531.814151763916,0
exhaustive,22,cascade,"((), (1, 2, 0))",277.9325542449951,177.72735851627138,1963.0304260253906,0.35,3,532.5308647155762,0
exhaustive,22,cascade,"((), (2, 0, 1))",274.3024101257324,176.5667615151532,1970.4310455322266,0.35,3,532.6470031738281,0
exhaustive,22,cascade,"((), (2, 1, 0))",278.77617835998535,178.30397193250454,1965.9113464355469,0.36666666666666664,3,532.6209564208984,0
exhaustive,22,cascade,"((0, 1), (2,))",263.7341728210449,171.57432419824988,1945.6124877929688,0.55,3,531.734203338623,0
exhaustive,22,cascade,"((0, 2), (1,))",263.7341728210449,171.57432419824988,1945.6124877929688,0.5333333333333333,3,531.734203338623,0
exhaustive,22,cascade,"((0,), (1, 2))",263.7341728210449,171.57432419824988,1945.6124877929688,0.55,3,531.734203338623,0
exhaustive,22,cascade,"((0,), (2, 1))",264.5594310760498,172.1509387610579,1948.4891204833984,0.55,3,531.8263206481934,0
exhaustive,22,cascade,"((1, 0), (2,))",263.7341728210449,171.57432419824988,1945.6124877929688,0.55,3,531.734203338623,0
exhaustive,22,cascade,"((1,), (2, 0))",272.09202575683594,175.0935480032566,1955.5145568847656,0.5333333333333333,3,532.1706047058105,0
exhaustive,23,ood,"((), (0, 1, 2))",1134.1529693603516,306.5533048171324,2595.4229736328125,0.4,3,484.8464584350586,0
exhaustive,23,ood,"((), (0, 2, 1))",1158.6895751953125,313.4609730009809,2620.9221801757812,0.4,3,484.96910858154297,0
exhaustive,23,ood,"((), (1, 0, 2))",1134.1529693603516,306.5533048171324,2595.4229736328125,0.43333333333333335,3,484.8464584350586,0
exhaustive,23,ood,"((), (1, 2, 0))",1136.1846923828125,307.6500835154353,2600.410614013672,0.4,3,484.7973403930664,0
exhaustive,23,ood,"((), (2, 0, 1))",1184.186767578125,320.3212830922348,2647.6258239746094,0.43333333333333335,3,485.2300567626953,0
exhaustive,23,ood,"((), (2, 1, 0))",1162.6315460205078,315.48264023585773,2628.751708984375,0.4,3,485.00093841552734,0
exhaustive,23,ood,"((0, 1), (2,))",1132.2507934570312,305.6284177883285,2592.617645263672,0.5833333333333334,3,484.76438903808594,0
exhaustive,23,ood,"((0, 2), (1,))",1132.2507934570312,305.6284177883285,2592.617645263672,0.5833333333333334,3,484.76438903808594,0
exhaustive,23,ood,"((0,), (1, 2))",1132.2507934570312,305.6284177883285,2592.617645263672,0.55,3,484.76438903808594,0
exhaustive,23,ood,"((0,), (2, 1))",1158.6895751953125,313.4609730009809,2620.9221801757812,0.55,3,484.96910858154297,0
exhaustive,23,ood,"((1, 0), (2,))",1132.2507934570312,305.6284177883285,2592.617645263672,0.5833333333333334,3,484.76438903808594,0
exhaustive,23,ood,"((1,), (2, 0))",1133.723403930664,306.39412419002747,2594.6873474121094,0.5833333333333334,3,484.7940979003906,0
exhaustive,24,nominal,"((), (0, 1, 2, 3))",0.00839284504763782,2.1653761190324725,1400.4036865234375,0.25,3,532.6556854248047,0
exhaustive,24,nominal,"((), (0, 1, 3, 2))",0.008405081112869084,2.1679837872929095,1400.4106903076172,0.25,2,532.6586227416992,0
exhaustive,24,nominal,"((), (0, 2, 1, 3))",0.008391291426960379,2.165048088922406,1400.4039001464844,0.25,3,532.6556091308594,0
exhaustive,24,nominal,"((), (0, 2, 3, 1))",0.008404573483858258,2.168120898300219,1400.423324584961,0.25,2,532.6630783081055,0
exhaustive,24,nominal,"((), (0, 3, 1, 2))",0.008419406483881176,2.1712677055821032,1400.4310455322266,0.25,1,532.6664428710938,0
exhaustive,24,nominal,"((), (0, 3, 2, 1))",0.008419406483881176,2.1712677055821032,1400.4310455322266,0.25,1,532.6664428710938,0
exhaustive,24,nominal,"((), (1, 0, 2, 3))",0.00849953037686646,2.1882133528307945,1400.4205780029297,0.3,3,532.6606521606445,0
exhaustive,24,nominal,"((), (1, 0, 3, 2))",0.008511596417520195,2.190787658771322,1400.4275207519531,0.3,2,532.6635437011719,0
exhaustive,24,nominal,"((), (1, 2, 0, 3))",0.008497976523358375,2.187885356838304,1400.4208068847656,0.3,3,532.6605606079102,0
exhaustive,24,nominal,"((), (1, 2, 3, 0))",0.008767280785832554,2.2447810055826016,1400.5124969482422,0.25,2,532.6935424804688,0
exhaustive,24,nominal,"((), (1, 3, 0, 2))",0.00878090230980888,2.247683376100277,1400.5192108154297,0.3,2,532.6965255737305,0
exhaustive,24,nominal,"((), (1, 3, 2, 0))",0.00878090230980888,2.247683376100277,1400.5192108154297,0.25,2,532.6965255737305,0
exhaustive,24,nominal,"((), (2, 0, 1, 3))",0.008391291426960379,2.165048088922406,1400.4039001464844,0.3,3,532.6556091308594,0
exhaustive,24,nominal,"((), (2, 0, 3, 1))",0.008404573483858258,2.168120898300219,1400.423324584961,0.3,2,532.6630783081055,0
exhaustive,24,nominal,"((), (2, 1, 0, 3))",0.008497976523358375,2.187885356838304,1400.4208068847656,0.3,3,532.6605606079102,0
exhaustive,24,nominal,"((), (2, 1, 3, 0))",0.008767280785832554,2.2447810055826016,1400.5124969482422,0.25,2,532.6935424804688,0
exhaustive,24,nominal,"((), (2, 3, 0, 1))",0.00878234370611608,2.2482316918568737,1400.5317993164062,0.3,2,532.7012023925781,0
exhaustive,24,nominal,"((), (2, 3, 1, 0))",0.00878234370611608,2.2482316918568737,1400.5317993164062,0.25,2,532.7012023925781,0
exhaustive,24,nominal,"((), (3, 0, 1, 2))",0.008797191723715514,2.251380605710754,1400.53955078125,0.3,1,532.7045288085938,0
exhaustive,24,nominal,"((), (3, 0, 2, 1))",0.008797191723715514,2.251380605710754,1400.53955078125,0.3,1,532.7045288085938,0
exhaustive,24,nominal,"((), (3, 1, 0, 2))",0.008797191723715514,2.251380605710754,1400.53955078125,0.3,2,532.7045288085938,0
exhaustive,24,nominal,"((), (3, 1, 2, 0))",0.008797191723715514,2.251380605710754,1400.53955078125,0.25,2,532.7045288085938,0
exhaustive,24,nominal,"((), (3, 2, 0, 1))",0.008797191723715514,2.251380605710754,1400.53955078125,0.3,2,532.7045288085938,0
exhaustive,24,nominal,"((), (3, 2, 1, 0))",0.008797191723715514,2.251380605710754,1400.53955078125,0.25,2,532.7045288085938,0
exhaustive,24,nominal,"((0, 1), (2, 3))",0.008391291426960379,2.165048088922406,1400.4039001464844,0.45,4,532.6556091308594,0
exhaustive,24,nominal,"((0, 1), (3, 2))",0.008405081112869084,2.1679837872929095,1400.4106903076172,0.45,4,532.6586227416992,0
exhaustive,24,nominal,"((0, 1, 2), (3,))",0.00839284504763782,2.1653761190324725,1400.4036865234375,0.45,4,532.6556854248047,0
exhaustive,24,nominal,"((0, 1, 3), (2,))",0.008391291426960379,2.165048088922406,1400.4039001464844,0.45,3,532.6556091308594,0
exhaustive,24,nominal,"((0, 2), (1, 3))",0.008389510912820697,2.164670219793049,1400.4039916992188,0.45,4,532.6554260253906,0
exhaustive,24,nominal,"((0, 2), (3, 1))",0.008404573483858258,2.168120898300219,1400.423324584961,0.45,4,532.6630783081055,0
exhaustive,24,nominal,"((0, 2, 1), (3,))",0.008391291426960379,2.165048088922406,1400.4039001464844,0.45,4,532.6556091308594,0
exhaustive,24,nominal,"((0, 2, 3), (1,))",0.008389510912820697,2.164670219793049,1400.4039916992188,0.45,3,532.6554260253906,0
exhaustive,24,nominal,"((0, 3), (1, 2))",0.008389510912820697,2.164670219793049,1400.4039916992188,0.45,3,532.6554260253906,0
exhaustive,24,nominal,"((0, 3), (2, 1))",0.008389510912820697,2.164670219793049,1400.4039916992188,0.45,3,532.6554260253906,0
exhaustive,24,nominal,"((0, 3, 1), (2,))",0.008404573483858258,2.168120898300219,1400.423324584961,0.45,2,532.6630783081055,0
exhaustive,24,nominal,"((0, 3, 2), (1,))",0.008403117477428168,2.1675704724523635,1400.4107818603516,0.45,2,532.6583862304688,0
exhaustive,24,nominal,"((0,), (1, 2, 3))",0.008389510912820697,2.164670219793049,1400.4039916992188,0.4,3,532.6554260253906,0
exhaustive,24,nominal,"((0,), (1, 3, 2))",0.008403117477428168,2.1675704724523635,1400.4107818603516,0.4,3,532.6583862304688,0
exhaustive,24,nominal,"((0,), (2, 1, 3))",0.008389510912820697,2.164670219793049,1400.4039916992188,0.4,3,532.6554260253906,0
exhaustive,24,nominal,"((0,), (2, 3, 1))",0.008404573483858258,2.168120898300219,1400.423324584961,0.4,3,532.6630783081055,0
exhaustive,24,nominal,"((0,), (3, 1, 2))",0.008419406483881176,2.1712677055821032,1400.4310455322266,0.4,3,532.6664428710938,0
exhaustive,24,nominal,"((0,), (3, 2, 1))",0.008419406483881176,2.1712677055821032,1400.4310455322266,0.4,3,532.6664428710938,0
exhaustive,24,nominal,"((1, 0), (2, 3))",0.008497976523358375,2.187885356838304,1400.4208068847656,0.45,4,532.6605606079102,0
exhaustive,24,nominal,"((1, 0), (3, 2))",0.008511596417520195,2.190787658771322,1400.4275207519531,0.45,4,532.6635437011719,0
exhaustive,24,nominal,"((1, 0, 2), (3,))",0.00849953037686646,2.1882133528307945,1400.4205780029297,0.5,4,532.6606521606445,0
exhaustive,24,nominal,"((1, 0, 3), (2,))",0.008497976523358375,2.187885356838304,1400.4208068847656,0.5,3,532.6605606079102,0
exhaustive,24,nominal,"((1, 2), (3, 0))",0.008767280785832554,2.2447810055826016,1400.5124969482422,0.45,3,532.6935424804688,0
exhaustive,24,nominal,"((1, 2, 0), (3,))",0.008497976523358375,2.187885356838304,1400.4208068847656,0.45,4,532.6605606079102,0
exhaustive,24,nominal,"((1, 3), (2, 0))",0.008389510912820697,2.164670219793049,1400.4039916992188,0.45,4,532.6554260253906,0
exhaustive,24,nominal,"((1, 3, 0), (2,))",0.008767280785832554,2.2447810055826016,1400.5124969482422,0.45,3,532.6935424804688,0
exhaustive,24,nominal,"((1,), (2, 0, 3))",0.008389510912820697,2.164670219793049,1400.4039916992188,0.5,3,532.6554260253906,0
exhaustive,24,nominal,"((1,), (2, 3, 0))",0.008767280785832554,2.2447810055826016,1400.5124969482422,0.45,3,532.6935424804688,0
exhaustive,24,nominal,"((1,), (3, 0, 2))",0.00878090230980888,2.247683376100277,1400.5192108154297,0.5,2,532.6965255737305,0
exhaustive,24,nominal,"((1,), (3, 2, 0))",0.00878090230980888,2.247683376100277,1400.5192108154297,0.45,3,532.6965255737305,0
exhaustive,24,nominal,"((2, 0), (3, 1))",0.008404573483858258,2.168120898300219,1400.423324584961,0.45,4,532.6630783081055,0
exhaustive,24,nominal,"((2, 0, 1), (3,))",0.008391291426960379,2.165048088922406,1400.4039001464844,0.5,4,532.6556091308594,0
exhaustive,24,nominal,"((2, 1), (3, 0))",0.008767280785832554,2.2447810055826016,1400.5124969482422,0.45,3,532.6935424804688,0
exhaustive,24,nominal,"((2, 1, 0), (3,))",0.008497976523358375,2.187885356838304,1400.4208068847656,0.45,4,532.6605606079102,0
exhaustive,24,nominal,"((2,), (3, 0, 1))",0.00878234370611608,2.2482316918568737,1400.5317993164062,0.5,2,532.7012023925781,0
exhaustive,24,nominal,"((2,), (3, 1, 0))",0.00878234370611608,2.2482316918568737,1400.5317993164062,0.45,3,532.7012023925781,0
exhaustive,25,single_domain,"((), (0, 1, 2, 3))",46.24514651298523,36.037355177551326,1350.7478332519531,0.4166666666666667,4,471.5645179748535,0
exhaustive,25,single_domain,"((), (0, 1, 3, 2))",46.74532747268677,37.44766125706532,1352.4980926513672,0.4,4,471.8609504699707,0
exhaustive,25,single_domain,"((), (0, 2, 1, 3))",46.88880181312561,37.387326527945035,1352.5103302001953,0.4,4,471.77356338500977,0
exhaustive,25,single_domain,"((), (0, 2, 3, 1))",46.88880181312561,37.387326527945035,1352.5103302001953,0.4,4,471.77356338500977,0
exhaustive,25,single_domain,"((), (0, 3, 1, 2))",46.74532747268677,37.44766125706532,1352.4980926513672,0.4,4,471.8609504699707,0
exhaustive,25,single_domain,"((), (0, 3, 2, 1))",47.41216588020325,38.797632479013316,1354.2540283203125,0.4166666666666667,4,472.06801986694336,0
exhaustive,25,single_domain,"((), (1, 0, 2, 3))",46.151262521743774,36.07700863917692,1351.0416564941406,0.45,4,471.64020919799805,0
exhaustive,25,single_domain,"((), (1, 0, 3, 2))",46.147815465927124,36.01348823416954,1350.7527618408203,0.45,4,471.61974716186523,0
exhaustive,25,single_domain,"((), (1, 2, 0, 3))",45.72088575363159,34.86953013923279,1349.1288452148438,0.45,4,471.3443794250488,0
exhaustive,25,single_domain,"((), (1, 2, 3, 0))",45.72088575363159,34.86953013923279,1349.1288452148438,0.4166666666666667,4,471.3443794250488,0
exhaustive,25,single_domain,"((), (1, 3, 0, 2))",46.147815465927124,36.01348823416954,1350.7527618408203,0.43333333333333335,4,471.61974716186523,0
exhaustive,25,single_domain,"((), (1, 3, 2, 0))",45.71748328208923,34.8060098232994,1348.8400115966797,0.4,4,471.3238105773926,0
exhaustive,25,single_domain,"((), (2, 0, 1, 3))",46.43101358413696,35.65127334735769,1346.524398803711,0.43333333333333335,4,471.3435935974121,0
exhaustive,25,single_domain,"((), (2, 0, 3, 1))",46.43101358413696,35.65127334735769,1346.524398803711,0.43333333333333335,4,471.3435935974121,0
exhaustive,25,single_domain,"((), (2, 1, 0, 3))",45.86702871322632,34.62972585370528,1345.2052764892578,0.45,4,471.17739486694336,0
exhaustive,25,single_domain,"((), (2, 1, 3, 0))",45.85734844207764,34.50412981419686,1344.5987854003906,0.4,4,471.13483810424805,0
exhaustive,25,single_domain,"((), (2, 3, 0, 1))",46.49961280822754,35.85410126583768,1346.3622436523438,0.45,4,471.34536361694336,0
exhaustive,25,single_domain,"((), (2, 3, 1, 0))",45.85734844207764,34.50412981419686,1344.5987854003906,0.4,4,471.13483810424805,0
exhaustive,25,single_domain,"((), (3, 0, 1, 2))",46.782171964645386,37.55647404892816,1352.3554992675781,0.45,4,471.859188079834,0
exhaustive,25,single_domain,"((), (3, 0, 2, 1))",47.450746297836304,38.90430094759999,1354.1078491210938,0.45,4,472.0661277770996,0
exhaustive,25,single_domain,"((), (3, 1, 0, 2))",46.782171964645386,37.55647404892816,1352.3554992675781,0.43333333333333335,4,471.859188079834,0
exhaustive,25,single_domain,"((), (3, 1, 2, 0))",46.35181164741516,36.34899581501684,1350.4440155029297,0.4,4,471.5642890930176,0
exhaustive,25,single_domain,"((), (3, 2, 0, 1))",46.991907358169556,37.69682305512064,1352.20166015625,0.45,4,471.77344131469727,0
exhaustive,25,single_domain,"((), (3, 2, 1, 0))",46.991907358169556,37.69682305512064,1352.20166015625,0.4166666666666667,4,471.77344131469727,0
exhaustive,25,single_domain,"((0, 1), (2, 3))",45.73397374153137,34.004413999487824,1343.9188385009766,0.6,4,471.0705757141113,0
exhaustive,25,single_domain,"((0, 1), (3, 2))",46.22851347923279,35.849279662598704,1349.7631378173828,0.6,4,471.50031661987305,0
exhaustive,25,single_domain,"((0, 1, 2), (3,))",46.22851347923279,35.849279662598704,1349.7631378173828,0.6,4,471.50031661987305,0
exhaustive,25,single_domain,"((0, 1, 3), (2,))",45.73397374153137,34.004413999487824,1343.9188385009766,0.5833333333333334,4,471.0705757141113,0
exhaustive,25,single_domain,"((0, 2), (1, 3))",45.594090938568115,34.306294099184655,1348.1578216552734,0.5833333333333334,4,471.25947189331055,0
exhaustive,25,single_domain,"((0, 2), (3, 1))",46.22851347923279,35.849279662598704,1349.7631378173828,0.5833333333333334,4,471.50031661987305,0
exhaustive,25,single_domain,"((0, 2, 1), (3,))",46.86859703063965,37.19710674148157,1351.5224304199219,0.6,4,471.709903717041,0
exhaustive,25,single_domain,"((0, 2, 3), (1,))",45.597482442855835,34.36981446174602,1348.4467010498047,0.6,4,471.28005599975586,0
exhaustive,25,single_domain,"((0, 3), (1, 2))",45.594090938568115,34.306294099184655,1348.1578216552734,0.6,4,471.25947189331055,0
exhaustive,25,single_domain,"((0, 3), (2, 1))",45.73397374153137,34.004413999487824,1343.9188385009766,0.6,4,471.0705757141113,0
exhaustive,25,single_domain,"((0, 3, 1), (2,))",45.73397374153137,34.004413999487824,1343.9188385009766,0.5833333333333334,4,471.0705757141113,0
exhaustive,25,single_domain,"((0, 3, 2), (1,))",46.103978395462036,35.842195982963844,1350.5167236328125,0.6,4,471.5995903015137,0
exhaustive,25,single_domain,"((0,), (1, 2, 3))",45.597482442855835,34.36981446174602,1348.4467010498047,0.5666666666666667,4,471.28005599975586,0
exhaustive,25,single_domain,"((0,), (1, 3, 2))",45.594090938568115,34.306294099184655,1348.1578216552734,0.55,4,471.25947189331055,0
exhaustive,25,single_domain,"((0,), (2, 1, 3))",45.73397374153137,34.004413999487824,1343.9188385009766,0.55,4,471.0705757141113,0
exhaustive,25,single_domain,"((0,), (2, 3, 1))",45.73397374153137,34.004413999487824,1343.9188385009766,0.55,4,471.0705757141113,0
exhaustive,25,single_domain,"((0,), (3, 1, 2))",46.22851347923279,35.849279662598704,1349.7631378173828,0.55,4,471.50031661987305,0
exhaustive,25,single_domain,"((0,), (3, 2, 1))",46.86859703063965,37.19710674148157,1351.5224304199219,0.5666666666666667,4,471.709903717041,0
exhaustive,25,single_domain,"((1, 0), (2, 3))",45.13462018966675,32.57024099901383,1342.2017669677734,0.6,4,470.8274269104004,0
exhaustive,25,single_domain,"((1, 0), (3, 2))",45.63170003890991,34.41510686318408,1348.01513671875,0.6,4,471.2573585510254,0
exhaustive,25,single_domain,"((1, 0, 2), (3,))",46.14152264595032,35.95100915990325,1350.373794555664,0.6333333333333333,4,471.5974769592285,0
exhaustive,25,single_domain,"((1, 0, 3), (2,))",45.13462018966675,32.57024099901383,1342.2017669677734,0.6333333333333333,4,470.8274269104004,0
exhaustive,25,single_domain,"((1, 2), (3, 0))",45.63170003890991,34.41510686318408,1348.01513671875,0.6,4,471.2573585510254,0
exhaustive,25,single_domain,"((1, 2, 0), (3,))",45.7112500667572,34.7435306661221,1348.4611053466797,0.6,4,471.30148696899414,0
exhaustive,25,single_domain,"((1, 3), (2, 0))",45.13462018966675,32.57024099901383,1342.2017669677734,0.5833333333333334,4,470.8274269104004,0
exhaustive,25,single_domain,"((1, 3, 0), (2,))",45.13462018966675,32.57024099901383,1342.2017669677734,0.5833333333333334,4,470.8274269104004,0
exhaustive,25,single_domain,"((1,), (2, 0, 3))",45.137941122055054,32.63376138670021,1342.4906005859375,0.6333333333333333,4,470.8481254577637,0
exhaustive,25,single_domain,"((1,), (2, 3, 0))",45.21417021751404,32.89866489024552,1342.6482543945312,0.6,4,470.871768951416,0
exhaustive,25,single_domain,"((1,), (3, 0, 2))",46.14152264595032,35.95100915990325,1350.373794555664,0.6333333333333333,4,471.5974769592285,0
exhaustive,25,single_domain,"((1,), (3, 2, 0))",45.7112500667572,34.7435306661221,1348.4611053466797,0.6,4,471.30148696899414,0
exhaustive,25,single_domain,"((2, 0), (3, 1))",45.770954847335815,34.11322690839832,1343.7756652832031,0.5833333333333334,4,471.06872177124023,0
exhaustive,25,single_domain,"((2, 0, 1), (3,))",46.41094398498535,35.461054230773755,1345.5372009277344,0.6333333333333333,4,471.2795524597168,0
exhaustive,25,single_domain,"((2, 1), (3, 0))",45.770954847335815,34.11322690839832,1343.7756652832031,0.6,4,471.06872177124023,0
exhaustive,25,single_domain,"((2, 1, 0), (3,))",45.85050916671753,34.44165071143749,1344.221420288086,0.6,4,471.11284255981445,0
exhaustive,25,single_domain,"((2,), (3, 0, 1))",45.770954847335815,34.11322690839832,1343.7756652832031,0.6333333333333333,4,471.06872177124023,0
exhaustive,25,single_domain,"((2,), (3, 1, 0))",45.770954847335815,34.11322690839832,1343.7756652832031,0.5833333333333334,4,471.06872177124023,0
exhaustive,26,cascade,"((), (0, 1))",169.81651496887207,123.34386930012151,1918.1958465576172,0.38333333333333336,2,462.50101375579834,0
exhaustive,26,cascade,"((), (1, 0))",172.35722541809082,124.97432257134545,1916.7451171875,0.38333333333333336,2,462.0197114944458,0
exhaustive,26,cascade,"((0,), (1,))",160.04985332489014,118.6721872214057,1889.9267272949219,0.5333333333333333,2,461.6194067001343,0
exhaustive,27,ood,"((), (0, 1))",1352.8341217041016,392.957181193726,2818.536346435547,0.25,2,268.1166248321533,0
exhaustive,27,ood,"((), (1, 0))",1354.1412811279297,393.704069810253,2821.0623474121094,0.25,2,268.14658546447754,0
exhaustive,27,ood,"((0,), (1,))",1352.8341217041016,392.957181193726,2818.536346435547,0.4,2,268.1166248321533,0
exhaustive,28,nominal,"((), (0, 1, 2, 3))",3.257703775438131,1.7123540497051504,723.0740280151367,0.4,4,274.55941009521484,0
exhaustive,28,nominal,"((), (0, 1, 3, 2))",3.257703775438131,1.7123626354127541,723.074390411377,0.4,4,274.5595703125,0
exhaustive,28,nominal,"((), (0, 2, 1, 3))",3.257713808576227,1.7294972120092642,723.0891036987305,0.4166666666666667,4,274.5651845932007,0
exhaustive,28,nominal,"((), (0, 2, 3, 1))",3.257722745271167,1.7461761225999757,723.1084632873535,0.4,4,274.5725345611572,0
exhaustive,28,nominal,"((), (0, 3, 1, 2))",3.2577138085180195,1.7295114017390214,723.0896034240723,0.4166666666666667,4,274.5654048919678,0
exhaustive,28,nominal,"((), (0, 3, 2, 1))",3.257722745271167,1.7461761225999757,723.1084632873535,0.4,4,274.5725345611572,0
exhaustive,28,nominal,"((), (1, 0, 2, 3))",3.2577713344508084,1.7525330365728864,723.1074905395508,0.43333333333333335,4,274.5716972351074,0
exhaustive,28,nominal,"((), (1, 0, 3, 2))",3.2577713344217045,1.7525416222804902,723.1078453063965,0.43333333333333335,4,274.5718584060669,0
exhaustive,28,nominal,"((), (1, 2, 0, 3))",3.2577691231126664,1.7519546379437096,723.1071548461914,0.45,4,274.57157707214355,0
exhaustive,28,nominal,"((), (1, 2, 3, 0))",3.257788220231305,1.7742723482595488,723.1332626342773,0.4,4,274.581392288208,0
exhaustive,28,nominal,"((), (1, 3, 0, 2))",3.2577713344217045,1.7525416222804902,723.1078453063965,0.45,4,274.5718584060669,0
exhaustive,28,nominal,"((), (1, 3, 2, 0))",3.257790341594955,1.7748296000913184,723.1336059570312,0.4,4,274.58151721954346,0
exhaustive,28,nominal,"((), (2, 0, 1, 3))",3.2577446811192203,1.7463045622117925,723.1027793884277,0.45,4,274.5699272155762,0
exhaustive,28,nominal,"((), (2, 0, 3, 1))",3.257753617319395,1.762983463128325,723.1221389770508,0.45,4,274.5772867202759,0
exhaustive,28,nominal,"((), (2, 1, 0, 3))",3.2577691231126664,1.7519546379437096,723.1071548461914,0.45,4,274.57157707214355,0
exhaustive,28,nominal,"((), (2, 1, 3, 0))",3.257788220231305,1.7742723482595488,723.1332626342773,0.4166666666666667,4,274.581392288208,0
exhaustive,28,nominal,"((), (2, 3, 0, 1))",3.257753617319395,1.762983463128325,723.1221389770508,0.43333333333333335,4,274.5772867202759,0
exhaustive,28,nominal,"((), (2, 3, 1, 0))",3.257798342980095,1.7914424661502237,723.1484680175781,0.4,4,274.5872278213501,0
exhaustive,28,nominal,"((), (3, 0, 1, 2))",3.2577446811192203,1.7463187555593005,723.103271484375,0.45,4,274.5701541900635,0
exhaustive,28,nominal,"((), (3, 0, 2, 1))",3.257753617319395,1.762983463128325,723.1221389770508,0.45,4,274.5772867202759,0
exhaustive,28,nominal,"((), (3, 1, 0, 2))",3.257781367909047,1.7696904101004494,723.123046875,0.45,4,274.57769775390625,0
exhaustive,28,nominal,"((), (3, 1, 2, 0))",3.2578004644892644,1.7919996983749122,723.1488151550293,0.4166666666666667,4,274.58735275268555,0
exhaustive,28,nominal,"((), (3, 2, 0, 1))",3.257753617319395,1.762983463128325,723.1221389770508,0.43333333333333335,4,274.5772867202759,0
exhaustive,28,nominal,"((), (3, 2, 1, 0))",3.257798342980095,1.7914424661502237,723.1484680175781,0.4,4,274.5872278213501,0
exhaustive,28,nominal,"((0, 1), (2, 3))",3.2576953035750194,1.7101235809886535,723.0732154846191,0.5833333333333334,4,274.559175491333,0
exhaustive,28,nominal,"((0, 1), (3, 2))",3.2576953035750194,1.7101235809886535,723.0732154846191,0.5833333333333334,4,274.559175491333,0
exhaustive,28,nominal,"((0, 1, 2), (3,))",3.2576974233379588,1.7106808035244114,723.0735740661621,0.6,4,274.5592975616455,0
exhaustive,28,nominal,"((0, 1, 3), (2,))",3.2576974233379588,1.7106750318478028,723.073413848877,0.6,4,274.55922508239746,0
exhaustive,28,nominal,"((0, 2), (1, 3))",3.2576974233379588,1.7106750318478028,723.073413848877,0.6,4,274.55922508239746,0
exhaustive,28,nominal,"((0, 2), (3, 1))",3.2577075458539184,1.72784514741641,723.0886268615723,0.6,4,274.5650625228882,0
exhaustive,28,nominal,"((0, 2, 1), (3,))",3.2577075458539184,1.72784514741641,723.0886268615723,0.6,4,274.5650625228882,0
exhaustive,28,nominal,"((0, 2, 3), (1,))",3.2576953035750194,1.7101235809886535,723.0732154846191,0.5833333333333334,4,274.559175491333,0
exhaustive,28,nominal,"((0, 3), (1, 2))",3.2576953035750194,1.7101235809886535,723.0732154846191,0.6,4,274.559175491333,0
exhaustive,28,nominal,"((0, 3), (2, 1))",3.2576953035750194,1.7101235809886535,723.0732154846191,0.6,4,274.559175491333,0
exhaustive,28,nominal,"((0, 3, 1), (2,))",3.2577075458539184,1.72784514741641,723.0886268615723,0.6,4,274.5650625228882,0
exhaustive,28,nominal,"((0, 3, 2), (1,))",3.2576953035750194,1.7101235809886535,723.0732154846191,0.5833333333333334,4,274.559175491333,0
exhaustive,28,nominal,"((0,), (1, 2, 3))",3.2576974233379588,1.7106750318478028,723.073413848877,0.55,4,274.55922508239746,0
exhaustive,28,nominal,"((0,), (1, 3, 2))",3.257699543479248,1.7112322719199957,723.0737533569336,0.55,4,274.5593433380127,0
exhaustive,28,nominal,"((0,), (2, 1, 3))",3.2576974233379588,1.7106750318478028,723.073413848877,0.5666666666666667,4,274.55922508239746,0
exhaustive,28,nominal,"((0,), (2, 3, 1))",3.2577075458539184,1.72784514741641,723.0886268615723,0.55,4,274.5650625228882,0
exhaustive,28,nominal,"((0,), (3, 1, 2))",3.257709666082519,1.7284023828417578,723.0889739990234,0.5666666666666667,4,274.56518363952637,0
exhaustive,28,nominal,"((0,), (3, 2, 1))",3.2577075458539184,1.72784514741641,723.0886268615723,0.55,4,274.5650625228882,0
exhaustive,28,nominal,"((1, 0), (2, 3))",3.2577628595463466,1.7503025595528865,723.1066856384277,0.5833333333333334,4,274.57146072387695,0
exhaustive,28,nominal,"((1, 0), (3, 2))",3.2577628595463466,1.7503025595528865,723.1066856384277,0.5833333333333334,4,274.57146072387695,0
exhaustive,28,nominal,"((1, 0, 2), (3,))",3.2577649801241932,1.7508597841222362,723.1070327758789,0.6333333333333333,4,274.57158279418945,0
exhaustive,28,nominal,"((1, 0, 3), (2,))",3.2577649800950894,1.7508540159730117,723.1068687438965,0.6333333333333333,4,274.5715084075928,0
exhaustive,28,nominal,"((1, 2), (3, 0))",3.2577261746046133,1.726930914179495,723.0869026184082,0.6,4,274.5639190673828,0
exhaustive,28,nominal,"((1, 2, 0), (3,))",3.2577628595463466,1.7503025595528865,723.1066856384277,0.6,4,274.57146072387695,0
exhaustive,28,nominal,"((1, 3), (2, 0))",3.257728294658591,1.7274823648951174,723.0870971679688,0.6,4,274.56396865844727,0
exhaustive,28,nominal,"((1, 3, 0), (2,))",3.2577649800950894,1.7508540159730117,723.1068687438965,0.6,4,274.5715084075928,0
exhaustive,28,nominal,"((1,), (2, 0, 3))",3.2577261746046133,1.726930914179495,723.0869026184082,0.6333333333333333,4,274.5639190673828,0
exhaustive,28,nominal,"((1,), (2, 3, 0))",3.2577261746046133,1.726930914179495,723.0869026184082,0.5833333333333334,4,274.5639190673828,0
exhaustive,28,nominal,"((1,), (3, 0, 2))",3.2577261746046133,1.726930914179495,723.0869026184082,0.6333333333333333,4,274.5639190673828,0
exhaustive,28,nominal,"((1,), (3, 2, 0))",3.2577261746046133,1.726930914179495,723.0869026184082,0.5833333333333334,4,274.5639190673828,0
exhaustive,28,nominal,"((2, 0), (3, 1))",3.257738417436485,1.7446524860806418,723.1023025512695,0.6,4,274.5698194503784,0
exhaustive,28,nominal,"((2, 0, 1), (3,))",3.257738417436485,1.7446524860806418,723.1023025512695,0.6333333333333333,4,274.5698194503784,0
exhaustive,28,nominal,"((2, 1), (3, 0))",3.2577261746046133,1.726930914179495,723.0869026184082,0.6,4,274.5639190673828,0
exhaustive,28,nominal,"((2, 1, 0), (3,))",3.2577628595463466,1.7503025595528865,723.1066856384277,0.6,4,274.57146072387695,0
exhaustive,28,nominal,"((2,), (3, 0, 1))",3.257738417436485,1.7446524860806418,723.1023025512695,0.6333333333333333,4,274.5698194503784,0
exhaustive,28,nominal,"((2,), (3, 1, 0))",3.257775102960295,1.7680241304229816,723.1220855712891,0.6,4,274.5773458480835,0
exhaustive,29,single_domain,"((), (0, 1, 2, 3))",16.700364116579294,23.37351056076154,371.7714729309082,1.05,4,142.12520027160645,0
exhaustive,29,single_domain,"((), (0, 1, 3, 2))",16.697528172284365,23.2989904787173,371.67653465270996,0.9,4,142.08943462371826,0
exhaustive,29,single_domain,"((), (0, 2, 1, 3))",16.70373747125268,23.39202227273737,371.7705364227295,0.7666666666666667,4,142.11360931396484,0
exhaustive,29,single_domain,"((), (0, 2, 3, 1))",16.70373747125268,23.39202227273737,371.7705364227295,0.75,4,142.11360931396484,0
exhaustive,29,single_domain,"((), (0, 3, 1, 2))",16.697528172284365,23.2989904787173,371.67653465270996,0.9166666666666666,4,142.08943462371826,0
exhaustive,29,single_domain,"((), (0, 3, 2, 1))",16.701851315796375,23.418059211288696,371.7331886291504,1.05,4,142.09978103637695,0
exhaustive,29,single_domain,"((), (1, 0, 2, 3))",16.699717860668898,23.27118927645859,371.7367134094238,0.9,4,142.11875820159912,0
exhaustive,29,single_domain,"((), (1, 0, 3, 2))",16.69783492013812,23.297226280717418,371.69932746887207,1.05,4,142.10491466522217,0
exhaustive,29,single_domain,"((), (1, 2, 0, 3))",16.70212745293975,23.36474302331562,371.8324890136719,0.9166666666666666,4,142.1551389694214,0
exhaustive,29,single_domain,"((), (1, 2, 3, 0))",16.70212745293975,23.36474302331562,371.8324890136719,1.05,4,142.1551389694214,0
exhaustive,29,single_domain,"((), (1, 3, 0, 2))",16.69573987647891,23.239811100374144,371.66168785095215,0.7666666666666667,4,142.0909194946289,0
exhaustive,29,single_domain,"((), (1, 3, 2, 0))",16.697196781635284,23.232807736815484,371.7001094818115,0.75,4,142.1054563522339,0
exhaustive,29,single_domain,"((), (2, 0, 1, 3))",16.707652624696493,23.394859196810607,371.8014316558838,0.7666666666666667,4,142.12530899047852,0
exhaustive,29,single_domain,"((), (2, 0, 3, 1))",16.707652624696493,23.394859196810607,371.8014316558838,0.7666666666666667,4,142.12530899047852,0
exhaustive,29,single_domain,"((), (2, 1, 0, 3))",16.705736599862576,23.369344265242876,371.8405990600586,1.0666666666666667,4,142.15136528015137,0
exhaustive,29,single_domain,"((), (2, 1, 3, 0))",16.705736599862576,23.369344265242876,371.8405990600586,0.9166666666666666,4,142.15136528015137,0
exhaustive,29,single_domain,"((), (2, 3, 0, 1))",16.707223817706108,23.413892915770035,371.8024444580078,1.05,4,142.1259937286377,0
exhaustive,29,single_domain,"((), (2, 3, 1, 0))",16.707223817706108,23.413892915770035,371.8024444580078,0.9,4,142.1259937286377,0
exhaustive,29,single_domain,"((), (3, 0, 1, 2))",16.699966073036194,23.340802442598218,371.69830894470215,1.0666666666666667,4,142.09800052642822,0
exhaustive,29,single_domain,"((), (3, 0, 2, 1))",16.70428892225027,23.459871158547383,371.754976272583,0.9166666666666666,4,142.10834407806396,0
exhaustive,29,single_domain,"((), (3, 1, 0, 2))",16.69573987647891,23.239811100374144,371.66168785095215,0.7666666666666667,4,142.0909194946289,0
exhaustive,29,single_domain,"((), (3, 1, 2, 0))",16.697196781635284,23.232807736815484,371.7001094818115,0.7666666666666667,4,142.1054563522339,0
exhaustive,29,single_domain,"((), (3, 2, 0, 1))",16.705745831131935,23.452867794988723,371.79333686828613,0.9,4,142.12285900115967,0
exhaustive,29,single_domain,"((), (3, 2, 1, 0))",16.705745831131935,23.452867794988723,371.79333686828613,1.05,4,142.12285900115967,0
exhaustive,29,single_domain,"((0, 1), (2, 3))",16.695964973419905,23.10204325860075,371.59000396728516,1.05,4,142.05648136138916,0
exhaustive,29,single_domain,"((0, 1), (3, 2))",16.694482784718275,23.141018249428008,371.58085441589355,1.05,4,142.05332851409912,0
exhaustive,29,single_domain,"((0, 1, 2), (3,))",16.6954328045249,23.241575278982058,371.6388244628906,1.0666666666666667,4,142.07540607452393,0
exhaustive,29,single_domain,"((0, 1, 3), (2,))",16.695964973419905,23.10204325860075,371.59000396728516,0.9166666666666666,4,142.05648136138916,0
exhaustive,29,single_domain,"((0, 2), (1, 3))",16.69025658816099,23.040026907203934,371.5441951751709,0.7666666666666667,4,142.04623413085938,0
exhaustive,29,single_domain,"((0, 2), (3, 1))",16.69025658816099,23.040026907203934,371.5441951751709,0.7666666666666667,4,142.04623413085938,0
exhaustive,29,single_domain,"((0, 2, 1), (3,))",16.698805637657642,23.26008696537717,371.63756942749023,0.9166666666666666,4,142.0636968612671,0
exhaustive,29,single_domain,"((0, 2, 3), (1,))",16.695187255740166,23.17196219370407,371.67730140686035,0.9,4,142.09619426727295,0
exhaustive,29,single_domain,"((0, 3), (1, 2))",16.69235162809491,23.097442087547204,371.5819435119629,1.0666666666666667,4,142.06027221679688,0
exhaustive,29,single_domain,"((0, 3), (2, 1))",16.695964973419905,23.10204325860075,371.59000396728516,1.0666666666666667,4,142.05648136138916,0
exhaustive,29,single_domain,"((0, 3, 1), (2,))",16.695964973419905,23.10204325860075,371.59000396728516,0.9166666666666666,4,142.05648136138916,0
exhaustive,29,single_domain,"((0, 3, 2), (1,))",16.693301659077406,23.19799911710126,371.6398983001709,1.05,4,142.0823459625244,0
exhaustive,29,single_domain,"((0,), (1, 2, 3))",16.695187255740166,23.17196219370407,371.67730140686035,1.05,4,142.09619426727295,0
exhaustive,29,single_domain,"((0,), (1, 3, 2))",16.69025658816099,23.040026907203934,371.5441951751709,0.9,4,142.04623413085938,0
exhaustive,29,single_domain,"((0,), (2, 1, 3))",16.698800917714834,23.176563340644996,371.6853504180908,0.9166666666666666,4,142.09239768981934,0
exhaustive,29,single_domain,"((0,), (2, 3, 1))",16.700288116931915,23.221111991172148,371.64671516418457,0.9,4,142.06684494018555,0
exhaustive,29,single_domain,"((0,), (3, 1, 2))",16.69025658816099,23.040026907203934,371.5441951751709,0.9166666666666666,4,142.04623413085938,0
exhaustive,29,single_domain,"((0,), (3, 2, 1))",16.698805637657642,23.26008696537717,371.63756942749023,1.05,4,142.0636968612671,0
exhaustive,29,single_domain,"((1, 0), (2, 3))",16.696266781538725,23.10027901162044,371.61291885375977,1.05,4,142.07200717926025,0
exhaustive,29,single_domain,"((1, 0), (3, 2))",16.694787189364433,23.139253989958455,371.60375595092773,1.05,4,142.06885147094727,0
exhaustive,29,single_domain,"((1, 0, 2), (3,))",16.694787189364433,23.139253989958455,371.60375595092773,0.9166666666666666,4,142.06885147094727,0
exhaustive,29,single_domain,"((1, 0, 3), (2,))",16.696266781538725,23.10027901162044,371.61291885375977,1.0666666666666667,4,142.07200717926025,0
exhaustive,29,single_domain,"((1, 2), (3, 0))",16.694787189364433,23.139253989958455,371.60375595092773,1.0666666666666667,4,142.06885147094727,0
exhaustive,29,single_domain,"((1, 2, 0), (3,))",16.697196781635284,23.232807736815484,371.7001094818115,0.9166666666666666,4,142.1054563522339,0
exhaustive,29,single_domain,"((1, 3), (2, 0))",16.694171726703644,23.042863831277167,371.57520866394043,0.7666666666666667,4,142.0579833984375,0
exhaustive,29,single_domain,"((1, 3, 0), (2,))",16.694171726703644,23.042863831277167,371.57520866394043,0.9166666666666666,4,142.0579833984375,0
exhaustive,29,single_domain,"((1,), (2, 0, 3))",16.699102390557528,23.174799117777297,371.70822525024414,0.9166666666666666,4,142.10791397094727,0
exhaustive,29,single_domain,"((1,), (2, 3, 0))",16.698674131184816,23.193832821582596,371.70924949645996,1.05,4,142.10859870910645,0
exhaustive,29,single_domain,"((1,), (3, 0, 2))",16.69573987647891,23.239811100374144,371.66168785095215,0.9166666666666666,4,142.0909194946289,0
exhaustive,29,single_domain,"((1,), (3, 2, 0))",16.697196781635284,23.232807736815484,371.7001094818115,0.9,4,142.1054563522339,0
exhaustive,29,single_domain,"((2, 0), (3, 1))",16.694171726703644,23.042863831277167,371.57520866394043,0.7666666666666667,4,142.0579833984375,0
exhaustive,29,single_domain,"((2, 0, 1), (3,))",16.702720783650875,23.262923889450406,371.6685447692871,0.9166666666666666,4,142.07543182373047,0
exhaustive,29,single_domain,"((2, 1), (3, 0))",16.698397919535637,23.14385517350124,371.6118583679199,1.0666666666666667,4,142.06507396697998,0
exhaustive,29,single_domain,"((2, 1, 0), (3,))",16.70080528780818,23.237408983463396,371.7082004547119,1.0666666666666667,4,142.10167503356934,0
exhaustive,29,single_domain,"((2,), (3, 0, 1))",16.698397919535637,23.14385517350124,371.6118583679199,1.0666666666666667,4,142.06507396697998,0
exhaustive,29,single_domain,"((2,), (3, 1, 0))",16.694171726703644,23.042863831277167,371.57520866394043,0.9166666666666666,4,142.0579833984375,0
exhaustive,30,cascade,"((), (0, 1, 2))",263.5320014953613,217.2920701240393,1793.0722351074219,0.5166666666666667,3,450.7645597457886,0
exhaustive,30,cascade,"((), (0, 2, 1))",263.16687965393066,216.56915423234506,1792.7930297851562,0.5166666666666667,3,450.7484769821167,0
exhaustive,30,cascade,"((), (1, 0, 2))",252.4558334350586,213.3242652082697,1779.7696075439453,0.7,3,450.4055280685425,0
exhaustive,30,cascade,"((), (1, 2, 0))",244.5814609527588,209.84878101109769,1766.055679321289,0.5166666666666667,3,450.13007640838623,0
exhaustive,30,cascade,"((), (2, 0, 1))",251.98373222351074,211.56806985117524,1779.337142944336,0.7,3,450.4544744491577,0
exhaustive,30,cascade,"((), (2, 1, 0))",244.46832847595215,208.81550125744167,1765.9261932373047,0.5166666666666667,3,450.19777965545654,0
exhaustive,30,cascade,"((0, 1), (2,))",243.46189880371094,208.07327511164587,1764.9230499267578,0.7,3,450.10409450531006,0
exhaustive,30,cascade,"((0, 2), (1,))",243.57226753234863,209.10655486530192,1765.0506896972656,0.7,3,450.0359754562378,0
exhaustive,30,cascade,"((0,), (1, 2))",243.57226753234863,209.10655486530192,1765.0506896972656,0.5166666666666667,3,450.0359754562378,0
exhaustive,30,cascade,"((0,), (2, 1))",243.46189880371094,208.07327511164587,1764.9230499267578,0.5166666666666667,3,450.10409450531006,0
exhaustive,30,cascade,"((1, 0), (2,))",232.6808261871338,204.10547114125882,1751.8830108642578,0.7,3,449.7329053878784,0
exhaustive,30,cascade,"((1,), (2, 0))",232.6808261871338,204.10547114125882,1751.8830108642578,0.7,3,449.7329053878784,0
exhaustive,31,ood,"((), (0, 1, 2))",1092.3323516845703,320.9734175601093,3005.443084716797,0.25,3,361.936279296875,0
exhaustive,31,ood,"((), (0, 2, 1))",1065.7889709472656,315.53081646183205,2957.0758666992188,0.25,3,360.98254013061523,0
exhaustive,31,ood,"((), (1, 0, 2))",1094.5938873291016,322.0471119003796,3012.023895263672,0.3,3,362.16048431396484,0
exhaustive,31,ood,"((), (1, 2, 0))",1068.0998840332031,316.604509904551,2963.8836059570312,0.25,3,361.20641326904297,0
exhaustive,31,ood,"((), (2, 0, 1))",1035.823974609375,309.1246985696889,2909.1648864746094,0.3,3,360.12038803100586,0
exhaustive,31,ood,"((), (2, 1, 0))",1037.155502319336,309.66621725097707,2912.5628356933594,0.25,3,360.2083168029785,0
exhaustive,31,ood,"((0, 1), (2,))",1034.1326446533203,308.32780304425955,2903.4135131835938,0.45,3,359.9673042297363,0
exhaustive,31,ood,"((0, 2), (1,))",1063.5482177734375,314.54622116228757,2952.0559997558594,0.45,3,360.9163360595703,0
exhaustive,31,ood,"((0,), (1, 2))",1063.5482177734375,314.54622116228757,2952.0559997558594,0.4,3,360.9163360595703,0
exhaustive,31,ood,"((0,), (2, 1))",1032.6082458496094,307.60792948738754,2900.6908264160156,0.4,3,359.9132499694824,0
exhaustive,31,ood,"((1, 0), (2,))",1037.155502319336,309.66621725097707,2912.5628356933594,0.45,3,360.2083168029785,0
exhaustive,31,ood,"((1,), (2, 0))",1034.3004455566406,308.4048239234802,2906.441650390625,0.45,3,360.06639862060547,0
exhaustive,32,nominal,"((), (0, 1, 2, 3))",0.0010344389665988274,1.2439124449153969,30.476300568862285,0.4,2,11.72165298461914,0
exhaustive,32,nominal,"((), (0, 1, 3, 2))",0.0010344389665988274,1.2439124449153969,30.476300568862285,0.48333333333333334,2,11.72165298461914,0
exhaustive,32,nominal,"((), (0, 2, 1, 3))",0.0010745990512077697,1.2629404319623745,30.47630135494765,0.4666666666666667,2,11.72165298461914,0
exhaustive,32,nominal,"((), (0, 2, 3, 1))",0.0010745990512077697,1.2629404319623745,30.47630135494765,0.5,2,11.72165298461914,0
exhaustive,32,nominal,"((), (0, 3, 1, 2))",0.0010745990512077697,1.2629404319623745,30.47630135494765,0.55,2,11.72165298461914,0
exhaustive,32,nominal,"((), (0, 3, 2, 1))",0.0010745990512077697,1.2629404319623745,30.47630135494765,0.5,2,11.72165298461914,0
exhaustive,32,nominal,"((), (1, 0, 2, 3))",0.0010151435635634698,1.2271072349317729,30.476298419177198,0.4,2,11.72165298461914,0
exhaustive,32,nominal,"((), (1, 0, 3, 2))",0.0010151435635634698,1.2271072349317729,30.476298419177198,0.48333333333333334,2,11.72165298461914,0
exhaustive,32,nominal,"((), (1, 2, 0, 3))",0.0010696070385165513,1.2307556528421117,30.476298294334725,0.4666666666666667,2,11.72165298461914,0
exhaustive,32,nominal,"((), (1, 2, 3, 0))",0.0010676716919988394,1.2246595351605207,30.476298286805246,0.5,3,11.72165298461914,0
exhaustive,32,nominal,"((), (1, 3, 0, 2))",0.0010884685689234175,1.2538907113653044,30.476299023194912,0.55,2,11.72165298461914,0
exhaustive,32,nominal,"((), (1, 3, 2, 0))",0.0010774602196761407,1.242771515132182,30.476298779403038,0.5,3,11.72165298461914,0
exhaustive,32,nominal,"((), (2, 0, 1, 3))",0.0011948325918638147,1.3120230500716534,30.47630245455565,0.45,2,11.72165298461914,0
exhaustive,32,nominal,"((), (2, 0, 3, 1))",0.0011948325918638147,1.3120230500716534,30.47630245455565,0.55,2,11.72165298461914,0
exhaustive,32,nominal,"((), (2, 1, 0, 3))",0.0010901761415880173,1.2428272268198755,30.476299078404224,0.45,2,11.72165298461914,0
exhaustive,32,nominal,"((), (2, 1, 3, 0))",0.0010882385249715298,1.236724739118884,30.47629907082586,0.55,3,11.72165298461914,0
exhaustive,32,nominal,"((), (2, 3, 0, 1))",0.0011915233117179014,1.300364173038306,30.476302433406715,0.48333333333333334,2,11.72165298461914,0
exhaustive,32,nominal,"((), (2, 3, 1, 0))",0.001147986542491708,1.279730729818015,30.476301538114683,0.48333333333333334,3,11.72165298461914,0
exhaustive,32,nominal,"((), (3, 0, 1, 2))",0.0012299870359129272,1.347435469051162,30.476304174242983,0.45,2,11.72165298461914,0
exhaustive,32,nominal,"((), (3, 0, 2, 1))",0.0012299870359129272,1.347435469051162,30.476304174242983,0.4666666666666667,2,11.72165298461914,0
exhaustive,32,nominal,"((), (3, 1, 0, 2))",0.0011468153606983833,1.3008541821993775,30.476301640007392,0.45,2,11.72165298461914,0
exhaustive,32,nominal,"((), (3, 1, 2, 0))",0.0011336893003317527,1.2885380231773746,30.4763012697571,0.4666666666666667,3,11.72165298461914,0
exhaustive,32,nominal,"((), (3, 2, 0, 1))",0.0012071907331119291,1.3205041733707743,30.476303182077487,0.4,2,11.72165298461914,0
exhaustive,32,nominal,"((), (3, 2, 1, 0))",0.001162366555945482,1.2994841218136637,30.476302215671154,0.4,3,11.72165298461914,0
exhaustive,32,nominal,"((0, 1), (2, 3))",0.001000786251097452,1.1851798522154602,30.476299348482087,0.5166666666666667,4,11.72165298461914,0
exhaustive,32,nominal,"((0, 1), (3, 2))",0.0010124457548954524,1.2040171063252685,30.47629984592291,0.5166666666666667,4,11.72165298461914,0
exhaustive,32,nominal,"((0, 1, 2), (3,))",0.0010302658411092125,1.2281739317082696,30.476300535952674,0.48333333333333334,3,11.72165298461914,0
exhaustive,32,nominal,"((0, 1, 3), (2,))",0.00100409551669145,1.196838729248808,30.47629936963125,0.5666666666666667,3,11.72165298461914,0
exhaustive,32,nominal,"((0, 2), (1, 3))",0.0009474598118686117,1.1600551916210964,30.476297308490672,0.5833333333333334,4,11.72165298461914,0
exhaustive,32,nominal,"((0, 2), (3, 1))",0.0009966608413378708,1.2039104174188329,30.476299316504452,0.5833333333333334,4,11.72165298461914,0
exhaustive,32,nominal,"((0, 2, 1), (3,))",0.0010704259257181548,1.2472019187552472,30.476301322038495,0.5,3,11.72165298461914,0
exhaustive,32,nominal,"((0, 2, 3), (1,))",0.0009507655413472094,1.1717077008916563,30.47629732938654,0.5333333333333333,3,11.72165298461914,0
exhaustive,32,nominal,"((0, 3), (1, 2))",0.0009330701141152531,1.139778201072984,30.476296804316036,0.5833333333333334,4,11.72165298461914,0
exhaustive,32,nominal,"((0, 3), (2, 1))",0.0009510978270554915,1.1509706828920114,30.476297433867956,0.5833333333333334,4,11.72165298461914,0
exhaustive,32,nominal,"((0, 3, 1), (2,))",0.0010421618717373349,1.215181883282768,30.476300044275092,0.6666666666666666,3,11.72165298461914,0
exhaustive,32,nominal,"((0, 3, 2), (1,))",0.0009507655413472094,1.1717077008916563,30.47629732938654,0.6166666666666667,3,11.72165298461914,0
exhaustive,32,nominal,"((0,), (1, 2, 3))",0.0009311347821494564,1.1336820833913932,30.476296796786784,0.5333333333333333,4,11.72165298461914,0
exhaustive,32,nominal,"((0,), (1, 3, 2))",0.0009387508980580606,1.1510036746816115,30.476297160365135,0.6166666666666667,4,11.72165298461914,0
exhaustive,32,nominal,"((0,), (2, 1, 3))",0.0009491601958870888,1.14486819519102,30.47629742628959,0.5833333333333334,4,11.72165298461914,0
exhaustive,32,nominal,"((0,), (2, 3, 1))",0.001000786251097452,1.1851798522154602,30.476299348482087,0.6166666666666667,4,11.72165298461914,0
exhaustive,32,nominal,"((0,), (3, 1, 2))",0.0009861813668976538,1.1937285776194728,30.47629907972842,0.5833333333333334,4,11.72165298461914,0
exhaustive,32,nominal,"((0,), (3, 2, 1))",0.0010124457548954524,1.2040171063252685,30.47629984592291,0.5333333333333333,4,11.72165298461914,0
exhaustive,32,nominal,"((1, 0), (2, 3))",0.00098587262982619,1.1708768509715677,30.476297549687786,0.5166666666666667,4,11.72165298461914,0
exhaustive,32,nominal,"((1, 0), (3, 2))",0.0009957513102563098,1.1886606303912925,30.476297917303924,0.5166666666666667,4,11.72165298461914,0
exhaustive,32,nominal,"((1, 0, 2), (3,))",0.0010109752474818379,1.2113750783795159,30.47629838671324,0.48333333333333334,3,11.72165298461914,0
exhaustive,32,nominal,"((1, 0, 3), (2,))",0.0009891783593047876,1.1825293601548248,30.476297570581835,0.5666666666666667,3,11.72165298461914,0
exhaustive,32,nominal,"((1, 2), (3, 0))",0.0010654386824171524,1.2150234939237823,30.47629826187236,0.5833333333333334,4,11.72165298461914,0
exhaustive,32,nominal,"((1, 2, 0), (3,))",0.0010654386824171524,1.2150234939237823,30.47629826187236,0.5,3,11.72165298461914,0
exhaustive,32,nominal,"((1, 3), (2, 0))",0.0010607071053527761,1.2086878886100467,30.476298088688225,0.5833333333333334,4,11.72165298461914,0
exhaustive,32,nominal,"((1, 3, 0), (2,))",0.0010607071053527761,1.2086878886100467,30.476298088688225,0.6666666666666666,3,11.72165298461914,0
exhaustive,32,nominal,"((1,), (2, 0, 3))",0.0010640128348313738,1.2203403977933038,30.476298109582274,0.5833333333333334,3,11.72165298461914,0
exhaustive,32,nominal,"((1,), (2, 3, 0))",0.0010607071053527761,1.2086878886100467,30.476298088688225,0.6166666666666667,3,11.72165298461914,0
exhaustive,32,nominal,"((1,), (3, 0, 2))",0.0010876059823203832,1.2498110640836073,30.476299011626594,0.5833333333333334,3,11.72165298461914,0
exhaustive,32,nominal,"((1,), (3, 2, 0))",0.0010715878597693518,1.2268128732648802,30.476298500957142,0.5333333333333333,3,11.72165298461914,0
exhaustive,32,nominal,"((2, 0), (3, 1))",0.0011130341445095837,1.2518672871949856,30.476300271442085,0.5833333333333334,4,11.72165298461914,0
exhaustive,32,nominal,"((2, 0, 1), (3,))",0.0011906590225407854,1.2962845331105044,30.476302421571233,0.48333333333333334,3,11.72165298461914,0
exhaustive,32,nominal,"((2, 1), (3, 0))",0.0010860039401450194,1.2270887116157108,30.47629904565241,0.5833333333333334,4,11.72165298461914,0
exhaustive,32,nominal,"((2, 1, 0), (3,))",0.0010860039401450194,1.2270887116157108,30.47629904565241,0.48333333333333334,3,11.72165298461914,0
exhaustive,32,nominal,"((2,), (3, 0, 1))",0.0011906590225407854,1.2962845331105044,30.476302421571233,0.5666666666666667,3,11.72165298461914,0
exhaustive,32,nominal,"((2,), (3, 1, 0))",0.0011130341445095837,1.2518672871949856,30.476300271442085,0.5666666666666667,3,11.72165298461914,0
exhaustive,33,single_domain,"((), (0, 1, 2, 3))",26.159085284918547,45.21264187883689,1555.0922203063965,0.4,4,503.7804012298584,0
exhaustive,33,single_domain,"((), (0, 1, 3, 2))",26.15871859714389,45.20309061721845,1555.0675315856934,0.4,4,503.77748680114746,0
exhaustive,33,single_domain,"((), (0, 2, 1, 3))",26.200316440314054,45.43775759595293,1555.7304039001465,0.4166666666666667,4,503.8614330291748,0
exhaustive,33,single_domain,"((), (0, 2, 3, 1))",26.200316440314054,45.43775759595293,1555.7304039001465,0.4,4,503.8614330291748,0
exhaustive,33,single_domain,"((), (0, 3, 1, 2))",26.15871859714389,45.20309061721845,1555.0675315856934,0.4166666666666667,4,503.77748680114746,0
exhaustive,33,single_domain,"((), (0, 3, 2, 1))",26.200316440314054,45.43780077843215,1555.7304954528809,0.4,4,503.8614330291748,0
exhaustive,33,single_domain,"((), (1, 0, 2, 3))",26.14329506084323,45.098407037743215,1554.7542304992676,0.43333333333333335,4,503.74719429016113,0
exhaustive,33,single_domain,"((), (1, 0, 3, 2))",26.142927896231413,45.088855827600845,1554.7294807434082,0.43333333333333335,4,503.74427223205566,0
exhaustive,33,single_domain,"((), (1, 2, 0, 3))",26.174040090292692,45.29478551198017,1554.9523811340332,0.45,4,503.7698154449463,0
exhaustive,33,single_domain,"((), (1, 2, 3, 0))",26.173554193228483,45.28224030283374,1554.9160041809082,0.4,4,503.7653980255127,0
exhaustive,33,single_domain,"((), (1, 3, 0, 2))",26.14279867336154,45.085668407760856,1554.716999053955,0.45,4,503.74267768859863,0
exhaustive,33,single_domain,"((), (1, 3, 2, 0))",26.173554193228483,45.28224030283374,1554.9160041809082,0.4,4,503.7653980255127,0
exhaustive,33,single_domain,"((), (2, 0, 1, 3))",26.22328520938754,45.60294945488094,1555.9706077575684,0.45,4,503.8931484222412,0
exhaustive,33,single_domain,"((), (2, 0, 3, 1))",26.22328520938754,45.60294945488094,1555.9706077575684,0.45,4,503.8931484222412,0
exhaustive,33,single_domain,"((), (2, 1, 0, 3))",26.185803424566984,45.391729779365505,1555.1340293884277,0.45,4,503.7911739349365,0
exhaustive,33,single_domain,"((), (2, 1, 3, 0))",26.185441505163908,45.38227527929651,1555.1097373962402,0.4166666666666667,4,503.7882442474365,0
exhaustive,33,single_domain,"((), (2, 3, 0, 1))",26.25403929874301,45.79957137404863,1556.1684379577637,0.43333333333333335,4,503.91561698913574,0
exhaustive,33,single_domain,"((), (2, 3, 1, 0))",26.1853160969913,45.37918441464746,1555.0975608825684,0.4,4,503.7867183685303,0
exhaustive,33,single_domain,"((), (3, 0, 1, 2))",26.181687366217375,45.36828933483662,1555.307918548584,0.45,4,503.80922508239746,0
exhaustive,33,single_domain,"((), (3, 0, 2, 1))",26.2232856862247,45.602999300030824,1555.9706993103027,0.45,4,503.8931484222412,0
exhaustive,33,single_domain,"((), (3, 1, 0, 2))",26.14279867336154,45.085668407760856,1554.716999053955,0.45,4,503.74267768859863,0
exhaustive,33,single_domain,"((), (3, 1, 2, 0))",26.173678170889616,45.28533775707666,1554.9281196594238,0.4166666666666667,4,503.766939163208,0
exhaustive,33,single_domain,"((), (3, 2, 0, 1))",26.25403929874301,45.79957137404863,1556.1684379577637,0.43333333333333335,4,503.91561698913574,0
exhaustive,33,single_domain,"((), (3, 2, 1, 0))",26.1853160969913,45.37918441464746,1555.0975608825684,0.4,4,503.7867183685303,0
exhaustive,33,single_domain,"((0, 1), (2, 3))",26.158101569861174,45.187307887683076,1555.0184745788574,0.5833333333333334,4,503.77142906188965,0
exhaustive,33,single_domain,"((0, 1), (3, 2))",26.158101569861174,45.187307887683076,1555.0184745788574,0.5833333333333334,4,503.77142906188965,0
exhaustive,33,single_domain,"((0, 1, 2), (3,))",26.1585884205997,45.199903118084336,1555.0550346374512,0.6,4,503.7758541107178,0
exhaustive,33,single_domain,"((0, 1, 3), (2,))",26.158226501196623,45.19039867760137,1555.0306205749512,0.6,4,503.77297019958496,0
exhaustive,33,single_domain,"((0, 2), (1, 3))",26.119340669363737,44.90778437035276,1554.4384651184082,0.6,4,503.7062015533447,0
exhaustive,33,single_domain,"((0, 2), (3, 1))",26.119340669363737,44.90778437035276,1554.4384651184082,0.6,4,503.7062015533447,0
exhaustive,33,single_domain,"((0, 2, 1), (3,))",26.199823390692472,45.42511563683003,1555.6937370300293,0.6,4,503.8569622039795,0
exhaustive,33,single_domain,"((0, 2, 3), (1,))",26.119829427450895,44.920426207317774,1554.4753303527832,0.5833333333333334,4,503.71072578430176,0
exhaustive,33,single_domain,"((0, 3), (1, 2))",26.119340669363737,44.90777739340423,1554.4384651184082,0.6,4,503.7062015533447,0
exhaustive,33,single_domain,"((0, 3), (2, 1))",26.13110066577792,45.00472206399494,1554.6202201843262,0.6,4,503.72756004333496,0
exhaustive,33,single_domain,"((0, 3, 1), (2,))",26.158226501196623,45.19039867760137,1555.0306205749512,0.6,4,503.77297019958496,0
exhaustive,33,single_domain,"((0, 3, 2), (1,))",26.119829427450895,44.92046960391502,1554.4754524230957,0.5833333333333334,4,503.71072578430176,0
exhaustive,33,single_domain,"((0,), (1, 2, 3))",26.11921478435397,44.904687003590894,1554.4263343811035,0.55,4,503.70466804504395,0
exhaustive,33,single_domain,"((0,), (1, 3, 2))",26.11921478435397,44.904687003590894,1554.4263343811035,0.55,4,503.70466804504395,0
exhaustive,33,single_domain,"((0,), (2, 1, 3))",26.13110066577792,45.00472206399494,1554.6202201843262,0.5666666666666667,4,503.72756004333496,0
exhaustive,33,single_domain,"((0,), (2, 3, 1))",26.130977164953947,45.00163125613969,1554.6081504821777,0.55,4,503.7260341644287,0
exhaustive,33,single_domain,"((0,), (3, 1, 2))",26.119340669363737,44.90778437035276,1554.4384651184082,0.5666666666666667,4,503.7062015533447,0
exhaustive,33,single_domain,"((0,), (3, 2, 1))",26.130977164953947,45.00163125613969,1554.6081504821777,0.55,4,503.7260341644287,0
exhaustive,33,single_domain,"((1, 0), (2, 3))",26.14231325313449,45.07307328965395,1554.6804389953613,0.5833333333333334,4,503.7382221221924,0
exhaustive,33,single_domain,"((1, 0), (3, 2))",26.14231325313449,45.07307328965395,1554.6804389953613,0.5833333333333334,4,503.7382221221924,0
exhaustive,33,single_domain,"((1, 0, 2), (3,))",26.14279867336154,45.085668407760856,1554.716999053955,0.6333333333333333,4,503.74267768859863,0
exhaustive,33,single_domain,"((1, 0, 3), (2,))",26.14243770763278,45.07616375364547,1554.6925239562988,0.6333333333333333,4,503.73977851867676,0
exhaustive,33,single_domain,"((1, 2), (3, 0))",26.14231325313449,45.07307328965395,1554.6804389953613,0.6,4,503.7382221221924,0
exhaustive,33,single_domain,"((1, 2, 0), (3,))",26.173554193228483,45.28224030283374,1554.9160041809082,0.6,4,503.7653980255127,0
exhaustive,33,single_domain,"((1, 3), (2, 0))",26.14231325313449,45.07307328965395,1554.6804389953613,0.6,4,503.7382221221924,0
exhaustive,33,single_domain,"((1, 3, 0), (2,))",26.14231325313449,45.07307328965395,1554.6804389953613,0.6,4,503.7382221221924,0
exhaustive,33,single_domain,"((1,), (2, 0, 3))",26.14279867336154,45.085618473204,1554.7168769836426,0.6333333333333333,4,503.74267768859863,0
exhaustive,33,single_domain,"((1,), (2, 3, 0))",26.173554193228483,45.28224030283374,1554.9160041809082,0.5833333333333334,4,503.7653980255127,0
exhaustive,33,single_domain,"((1,), (3, 0, 2))",26.14279867336154,45.085668407760856,1554.716999053955,0.6333333333333333,4,503.74267768859863,0
exhaustive,33,single_domain,"((1,), (3, 2, 0))",26.173554193228483,45.28224030283374,1554.9160041809082,0.5833333333333334,4,503.7653980255127,0
exhaustive,33,single_domain,"((2, 0), (3, 1))",26.14231325313449,45.07307328965395,1554.6804389953613,0.6,4,503.7382221221924,0
exhaustive,33,single_domain,"((2, 0, 1), (3,))",26.2227974049747,45.59040438928782,1555.9343376159668,0.6333333333333333,4,503.8887462615967,0
exhaustive,33,single_domain,"((2, 1), (3, 0))",26.15407468006015,45.17001743264476,1554.862117767334,0.6,4,503.7595729827881,0
exhaustive,33,single_domain,"((2, 1, 0), (3,))",26.1853160969913,45.37918441464746,1555.0975608825684,0.6,4,503.7867183685303,0
exhaustive,33,single_domain,"((2,), (3, 0, 1))",26.18120051547885,45.355694193161554,1555.2714347839355,0.6333333333333333,4,503.80477714538574,0
exhaustive,33,single_domain,"((2,), (3, 1, 0))",26.14231325313449,45.07307328965395,1554.6804389953613,0.6,4,503.7382221221924,0
exhaustive,34,cascade,"((), (0, 1, 2, 3))",280.1061210632324,148.57059011316483,899.9523086547852,0.4166666666666667,3,190.22916984558105,0
exhaustive,34,cascade,"((), (0, 1, 3, 2))",297.48940658569336,154.39923302402502,929.7770385742188,0.4,3,191.1510410308838,0
exhaustive,34,cascade,"((), (0, 2, 1, 3))",261.79243087768555,140.31320924165146,878.7253112792969,0.4,3,189.86933517456055,0
exhaustive,34,cascade,"((), (0, 2, 3, 1))",260.7215061187744,140.51818774103927,879.0523223876953,0.4,3,190.2627944946289,0
exhaustive,34,cascade,"((), (0, 3, 1, 2))",290.7165012359619,152.8139268257973,923.3262252807617,0.4,3,191.32415962219238,0
exhaustive,34,cascade,"((), (0, 3, 2, 1))",286.2249069213867,151.57783719373384,914.9364547729492,0.4166666666666667,3,190.57841682434082,0
exhaustive,34,cascade,"((), (1, 0, 2, 3))",282.4949207305908,149.82094981526052,902.3948516845703,0.45,3,190.31988334655762,0
exhaustive,34,cascade,"((), (1, 0, 3, 2))",299.9013214111328,155.64959377315245,932.2436218261719,0.45,3,191.241605758667,0
exhaustive,34,cascade,"((), (1, 2, 0, 3))",282.4949207305908,149.82094981526052,902.3948516845703,0.45,3,190.31988334655762,0
exhaustive,34,cascade,"((), (1, 2, 3, 0))",286.6101608276367,151.97163348759648,907.1743621826172,0.4166666666666667,2,190.61520957946777,0
exhaustive,34,cascade,"((), (1, 3, 0, 2))",304.2823066711426,157.8002774454884,937.3001174926758,0.43333333333333335,3,191.53769302368164,0
exhaustive,34,cascade,"((), (1, 3, 2, 0))",304.2823066711426,157.8002774454884,937.3001174926758,0.4,3,191.53769302368164,0
exhaustive,34,cascade,"((), (2, 0, 1, 3))",261.79243087768555,140.31320924165146,878.7253112792969,0.43333333333333335,3,189.86933517456055,0
exhaustive,34,cascade,"((), (2, 0, 3, 1))",260.7215061187744,140.51818774103927,879.0523223876953,0.43333333333333335,3,190.2627944946289,0
exhaustive,34,cascade,"((), (2, 1, 0, 3))",264.13772773742676,141.56356865519436,881.1618118286133,0.45,3,189.96582221984863,0
exhaustive,34,cascade,"((), (2, 1, 3, 0))",268.31358337402344,143.71424391269628,886.0121536254883,0.4,3,190.26755714416504,0
exhaustive,34,cascade,"((), (2, 3, 0, 1))",260.8750762939453,141.57246577267426,878.6238174438477,0.45,3,190.34240913391113,0
exhaustive,34,cascade,"((), (2, 3, 1, 0))",261.98182106018066,142.1306546743338,880.1558303833008,0.4,3,190.46652793884277,0
exhaustive,34,cascade,"((), (3, 0, 1, 2))",294.62988471984863,154.89797300463434,927.4622573852539,0.45,3,191.49524307250977,0
exhaustive,34,cascade,"((), (3, 0, 2, 1))",290.12595558166504,153.66188220995863,919.0276260375977,0.45,3,190.74767303466797,0
exhaustive,34,cascade,"((), (3, 1, 0, 2))",297.2093276977539,156.21479972750183,930.8061141967773,0.43333333333333335,3,191.71966552734375,0
exhaustive,34,cascade,"((), (3, 1, 2, 0))",297.2093276977539,156.21479972750183,930.8061141967773,0.4,3,191.71966552734375,0
exhaustive,34,cascade,"((), (3, 2, 0, 1))",285.9852867126465,152.5115015467698,907.5792617797852,0.45,3,190.86935806274414,0
exhaustive,34,cascade,"((), (3, 2, 1, 0))",287.06554794311523,153.06969978715316,909.075813293457,0.4166666666666667,2,190.99000549316406,0
exhaustive,34,cascade,"((0, 1), (2, 3))",253.70697402954102,137.4161412224445,867.7127838134766,0.6,4,189.5105209350586,0
exhaustive,34,cascade,"((0, 1), (3, 2))",278.79835319519043,148.35515841823786,896.7013549804688,0.6,4,190.0663013458252,0
exhaustive,34,cascade,"((0, 1, 2), (3,))",271.94219970703125,145.6716142738858,888.8754806518555,0.6,4,189.87808799743652,0
exhaustive,34,cascade,"((0, 1, 3), (2,))",261.79243087768555,140.31320924165146,878.7253112792969,0.5833333333333334,4,189.86933517456055,0
exhaustive,34,cascade,"((0, 2), (1, 3))",261.79243087768555,140.31320924165146,878.7253112792969,0.5833333333333334,4,189.86933517456055,0
exhaustive,34,cascade,"((0, 2), (3, 1))",255.7087745666504,138.72979138973113,873.0352478027344,0.5833333333333334,4,190.06132888793945,0
exhaustive,34,cascade,"((0, 2, 1), (3,))",253.70697402954102,137.4161412224445,867.7127838134766,0.6,4,189.5105209350586,0
exhaustive,34,cascade,"((0, 2, 3), (1,))",258.46013259887695,139.11821624051663,873.3907775878906,0.6,4,189.68687438964844,0
exhaustive,34,cascade,"((0, 3), (1, 2))",271.94219970703125,145.6716142738858,888.8754806518555,0.6,4,189.87808799743652,0
exhaustive,34,cascade,"((0, 3), (2, 1))",253.70697402954102,137.4161412224445,867.7127838134766,0.6,4,189.5105209350586,0
exhaustive,34,cascade,"((0, 3, 1), (2,))",255.7087745666504,138.72979138973113,873.0352478027344,0.5833333333333334,4,190.06132888793945,0
exhaustive,34,cascade,"((0, 3, 2), (1,))",284.21035385131836,150.26416752864066,909.6493225097656,0.6,4,190.04576301574707,0
exhaustive,34,cascade,"((0,), (1, 2, 3))",280.1061210632324,148.57059011316483,899.9523086547852,0.5666666666666667,3,190.22916984558105,0
exhaustive,34,cascade,"((0,), (1, 3, 2))",297.48940658569336,154.39923302402502,929.7770385742188,0.55,4,191.1510410308838,0
exhaustive,34,cascade,"((0,), (2, 1, 3))",261.79243087768555,140.31320924165146,878.7253112792969,0.55,4,189.86933517456055,0
exhaustive,34,cascade,"((0,), (2, 3, 1))",255.7087745666504,138.72979138973113,873.0352478027344,0.55,4,190.06132888793945,0
exhaustive,34,cascade,"((0,), (3, 1, 2))",290.7165012359619,152.8139268257973,923.3262252807617,0.55,4,191.32415962219238,0
exhaustive,34,cascade,"((0,), (3, 2, 1))",280.7744083404541,149.66882808333105,901.9859085083008,0.5666666666666667,3,190.60549354553223,0
exhaustive,34,cascade,"((1, 0), (2, 3))",256.03849029541016,138.6663277167741,870.140007019043,0.6,4,189.60862922668457,0
exhaustive,34,cascade,"((1, 0), (3, 2))",281.1769618988037,149.60534506836058,899.1321258544922,0.6,4,190.15770149230957,0
exhaustive,34,cascade,"((1, 0, 2), (3,))",274.31736755371094,146.92180108963134,891.3055725097656,0.6333333333333333,4,189.97036933898926,0
exhaustive,34,cascade,"((1, 0, 3), (2,))",264.13772773742676,141.56356865519436,881.1618118286133,0.6333333333333333,4,189.96582221984863,0
exhaustive,34,cascade,"((1, 2), (3, 0))",275.8143844604492,147.75565800767185,892.9435119628906,0.6,4,190.05767250061035,0
exhaustive,34,cascade,"((1, 2, 0), (3,))",274.31736755371094,146.92180108963134,891.3055725097656,0.6,4,189.97036933898926,0
exhaustive,34,cascade,"((1, 3), (2, 0))",261.79243087768555,140.31320924165146,878.7253112792969,0.5833333333333334,4,189.86933517456055,0
exhaustive,34,cascade,"((1, 3, 0), (2,))",268.31358337402344,143.71424391269628,886.0121536254883,0.5833333333333334,4,190.26755714416504,0
exhaustive,34,cascade,"((1,), (2, 0, 3))",258.46013259887695,139.11821624051663,873.3907775878906,0.6333333333333333,4,189.68687438964844,0
exhaustive,34,cascade,"((1,), (2, 3, 0))",258.92939949035645,140.25881410853412,873.335807800293,0.6,4,189.8002223968506,0
exhaustive,34,cascade,"((1,), (3, 0, 2))",288.1386413574219,152.3482111395569,913.7551803588867,0.6333333333333333,4,190.21883392333984,0
exhaustive,34,cascade,"((1,), (3, 2, 0))",284.06319999694824,151.19783047636804,902.3116989135742,0.6,4,190.3384017944336,0
exhaustive,34,cascade,"((2, 0), (3, 1))",255.7087745666504,138.72979138973113,873.0352478027344,0.5833333333333334,4,190.06132888793945,0
exhaustive,34,cascade,"((2, 0, 1), (3,))",253.70697402954102,137.4161412224445,867.7127838134766,0.6333333333333333,4,189.5105209350586,0
exhaustive,34,cascade,"((2, 1), (3, 0))",257.55529403686523,139.50018524811753,871.8003616333008,0.6,4,189.6979808807373,0
exhaustive,34,cascade,"((2, 1, 0), (3,))",256.03849029541016,138.6663277167741,870.140007019043,0.6,4,189.60862922668457,0
exhaustive,34,cascade,"((2,), (3, 0, 1))",259.5291976928711,140.81383691225764,877.1073532104492,0.6333333333333333,4,190.24468421936035,0
exhaustive,34,cascade,"((2,), (3, 1, 0))",261.98182106018066,142.1306546743338,880.1558303833008,0.5833333333333334,4,190.46652793884277,0
exhaustive,35,ood,"((), (0, 1, 2))",1328.6195373535156,528.7113704847275,4143.197967529297,0.5166666666666667,3,711.9921569824219,0
exhaustive,35,ood,"((), (0, 2, 1))",1328.6195373535156,528.7113704847275,4143.197967529297,0.5166666666666667,3,711.9921569824219,0
exhaustive,35,ood,"((), (1, 0, 2))",1329.3329620361328,529.8276434215011,4145.308074951172,0.7,3,712.04833984375,0
exhaustive,35,ood,"((), (1, 2, 0))",1328.658706665039,529.1948370795363,4143.830047607422,0.5166666666666667,3,711.9928512573242,0
exhaustive,35,ood,"((), (2, 0, 1))",1330.0281829833984,529.6629398224954,4145.460357666016,0.7,3,712.0435562133789,0
exhaustive,35,ood,"((), (2, 1, 0))",1328.8687438964844,529.111440435278,4143.803070068359,0.5166666666666667,3,712.0012969970703,0
exhaustive,35,ood,"((0, 1), (2,))",1328.1797332763672,528.291980564824,4142.094390869141,0.7,3,711.9550170898438,0
exhaustive,35,ood,"((0, 2), (1,))",1327.9694366455078,528.3753772090824,4142.121307373047,0.7,3,711.9465179443359,0
exhaustive,35,ood,"((0,), (1, 2))",1327.9694366455078,528.3753772090824,4142.121307373047,0.5166666666666667,3,711.9465179443359,0
exhaustive,35,ood,"((0,), (2, 1))",1328.1797332763672,528.291980564824,4142.094390869141,0.5166666666666667,3,711.9550170898438,0
exhaustive,35,ood,"((1, 0), (2,))",1328.2180480957031,528.7754476344211,4142.726715087891,0.7,3,711.9556579589844,0
exhaustive,35,ood,"((1,), (2, 0))",1328.2180480957031,528.7754476344211,4142.726715087891,0.7,3,711.9556579589844,0
exhaustive,36,nominal,"((), (0, 1, 2, 3))",8.938668737944681,1.2189581189380725,868.5190200805664,0.5666666666666667,4,333.1182670593262,0
exhaustive,36,nominal,"((), (0, 1, 3, 2))",8.939204127469566,1.2640881810603328,868.7296524047852,0.5,4,333.1287956237793,0
exhaustive,36,nominal,"((), (0, 2, 1, 3))",8.939389963285066,1.2491747459248304,868.4681777954102,0.48333333333333334,4,333.11913299560547,0
exhaustive,36,nominal,"((), (0, 2, 3, 1))",8.940232766093686,1.296113145830549,868.4831924438477,0.4666666666666667,4,333.11597442626953,0
exhaustive,36,nominal,"((), (0, 3, 1, 2))",8.94155599444639,1.4102462404485965,868.7570419311523,0.5,4,333.1299819946289,0
exhaustive,36,nominal,"((), (0, 3, 2, 1))",8.94102060503792,1.3651161783263364,868.5464096069336,0.55,4,333.1194534301758,0
exhaustive,36,nominal,"((), (1, 0, 2, 3))",8.934487771621207,0.8654274543320354,867.9443511962891,0.5166666666666667,4,333.08006286621094,0
exhaustive,36,nominal,"((), (1, 0, 3, 2))",8.935027940489817,0.9109806058079284,868.1568145751953,0.5333333333333333,4,333.09068298339844,0
exhaustive,36,nominal,"((), (1, 2, 0, 3))",8.932780445553362,0.7069832211040116,867.7521209716797,0.5166666666666667,4,333.0721549987793,0
exhaustive,36,nominal,"((), (1, 2, 3, 0))",8.932679720921442,0.7041244321291303,867.7442321777344,0.55,4,333.0692138671875,0
exhaustive,36,nominal,"((), (1, 3, 0, 2))",8.935094110900536,0.9333642191415721,868.1564025878906,0.45,4,333.08940505981445,0
exhaustive,36,nominal,"((), (1, 3, 2, 0))",8.933730906312121,0.8142853413104384,867.8768615722656,0.4666666666666667,4,333.0749855041504,0
exhaustive,36,nominal,"((), (2, 0, 1, 3))",8.937201263615862,1.0131957674458258,868.3205413818359,0.4666666666666667,4,333.1082572937012,0
exhaustive,36,nominal,"((), (2, 0, 3, 1))",8.938044364040252,1.060150884895736,868.3355712890625,0.45,4,333.10508728027344,0
exhaustive,36,nominal,"((), (2, 1, 0, 3))",8.933723528403789,0.7697594809866057,867.8843383789062,0.55,4,333.0765609741211,0
exhaustive,36,nominal,"((), (2, 1, 3, 0))",8.933459328807658,0.7534971036621934,867.8684539794922,0.5,4,333.0707321166992,0
exhaustive,36,nominal,"((), (2, 3, 0, 1))",8.937645069672726,1.0296807739491094,868.3133239746094,0.5333333333333333,4,333.09735107421875,0
exhaustive,36,nominal,"((), (2, 3, 1, 0))",8.935156247753184,0.8778765323044178,868.2767791748047,0.5,4,333.09265899658203,0
exhaustive,36,nominal,"((), (3, 0, 1, 2))",8.941343894111924,1.4101479361650404,868.7462387084961,0.55,4,333.1245307922363,0
exhaustive,36,nominal,"((), (3, 0, 2, 1))",8.94079723500181,1.3639850326133836,868.5309677124023,0.5166666666666667,4,333.11379623413086,0
exhaustive,36,nominal,"((), (3, 1, 0, 2))",8.938929709780496,1.2690001090581278,868.7114486694336,0.4666666666666667,4,333.1203804016113,0
exhaustive,36,nominal,"((), (3, 1, 2, 0))",8.937566511100158,1.1499212388305393,868.4318466186523,0.48333333333333334,4,333.10596466064453,0
exhaustive,36,nominal,"((), (3, 2, 0, 1))",8.93897664535325,1.1877269161328985,868.335075378418,0.5166666666666667,4,333.10468673706055,0
exhaustive,36,nominal,"((), (3, 2, 1, 0))",8.936515330336988,1.039760317984125,868.2991714477539,0.5666666666666667,4,333.10018157958984,0
exhaustive,36,nominal,"((0, 1), (2, 3))",8.935031100816559,0.8580150579860127,868.2726745605469,0.7,4,333.0913200378418,0
exhaustive,36,nominal,"((0, 1), (3, 2))",8.936278717417736,1.0018518813076063,868.2913436889648,0.7,4,333.09766387939453,0
exhaustive,36,nominal,"((0, 1, 2), (3,))",8.938059167121537,1.1720446791346142,868.4855728149414,0.7166666666666667,4,333.1063804626465,0
exhaustive,36,nominal,"((0, 1, 3), (2,))",8.935640291601885,0.9049117802763674,868.3060760498047,0.65,4,333.10323333740234,0
exhaustive,36,nominal,"((0, 2), (1, 3))",8.933435733400984,0.7674057494341664,867.8673706054688,0.6166666666666667,4,333.07192611694336,0
exhaustive,36,nominal,"((0, 2), (3, 1))",8.937271342729218,1.1030416383691206,868.4224014282227,0.6166666666666667,4,333.10289764404297,0
exhaustive,36,nominal,"((0, 2, 1), (3,))",8.93872491887305,1.198676949961857,868.432243347168,0.6833333333333333,4,333.1063461303711,0
exhaustive,36,nominal,"((0, 2, 3), (1,))",8.933521495724563,0.7740663733351573,867.8722839355469,0.6666666666666666,4,333.07373428344727,0
exhaustive,36,nominal,"((0, 3), (1, 2))",8.932528861769242,0.6728766121478094,867.7413177490234,0.7,4,333.06848907470703,0
exhaustive,36,nominal,"((0, 3), (2, 1))",8.933493772114161,0.7461468518182846,867.8732452392578,0.7,4,333.0726852416992,0
exhaustive,36,nominal,"((0, 3, 1), (2,))",8.937992453342304,1.0510865660929614,868.3335266113281,0.6333333333333333,4,333.10443115234375,0
exhaustive,36,nominal,"((0, 3, 2), (1,))",8.934309325646609,0.8430694054041727,867.9355621337891,0.6833333333333333,4,333.0772132873535,0
exhaustive,36,nominal,"((0,), (1, 2, 3))",8.93244310436421,0.6662159884431412,867.7364196777344,0.7166666666666667,4,333.0666809082031,0
exhaustive,36,nominal,"((0,), (1, 3, 2))",8.933435733400984,0.7674057494341664,867.8673706054688,0.65,4,333.07192611694336,0
exhaustive,36,nominal,"((0,), (2, 1, 3))",8.933334177301731,0.7336356271697169,867.8643188476562,0.6666666666666666,4,333.0694046020508,0
exhaustive,36,nominal,"((0,), (2, 3, 1))",8.935031100816559,0.8580150579860127,868.2726745605469,0.65,4,333.0913200378418,0
exhaustive,36,nominal,"((0,), (3, 1, 2))",8.937271342729218,1.1030416383691206,868.4224014282227,0.6666666666666666,4,333.10289764404297,0
exhaustive,36,nominal,"((0,), (3, 2, 1))",8.936278717417736,1.0018518813076063,868.2913436889648,0.7166666666666667,4,333.09766387939453,0
exhaustive,36,nominal,"((1, 0), (2, 3))",8.931143442809116,0.5221050521572159,867.7139587402344,0.7,4,333.05899810791016,0
exhaustive,36,nominal,"((1, 0), (3, 2))",8.932437638897682,0.6742864788825255,867.7345123291016,0.7,4,333.0659637451172,0
exhaustive,36,nominal,"((1, 0, 2), (3,))",8.934224333672319,0.845082358953288,867.9293365478516,0.6666666666666666,4,333.07472229003906,0
exhaustive,36,nominal,"((1, 0, 3), (2,))",8.931406560528558,0.5424334220301764,867.7290191650391,0.6833333333333333,4,333.0643501281738,0
exhaustive,36,nominal,"((1, 2), (3, 0))",8.932517027365975,0.6866381233449612,867.7370758056641,0.7,4,333.0668182373047,0
exhaustive,36,nominal,"((1, 2, 0), (3,))",8.932517027365975,0.6866381233449612,867.7370758056641,0.6833333333333333,4,333.0668182373047,0
exhaustive,36,nominal,"((1, 3), (2, 0))",8.93124739191262,0.5314434831513455,867.7198028564453,0.6166666666666667,4,333.0610046386719,0
exhaustive,36,nominal,"((1, 3, 0), (2,))",8.931320633768337,0.5422406423652819,867.7218475341797,0.6333333333333333,4,333.06165313720703,0
exhaustive,36,nominal,"((1,), (2, 0, 3))",8.931333142681979,0.5381041075899996,867.7247467041016,0.65,4,333.062801361084,0
exhaustive,36,nominal,"((1,), (2, 3, 0))",8.931185462104622,0.528591978295557,867.71533203125,0.6833333333333333,4,333.05945205688477,0
exhaustive,36,nominal,"((1,), (3, 0, 2))",8.934337612532545,0.8628962382391673,867.9329681396484,0.65,4,333.07592391967773,0
exhaustive,36,nominal,"((1,), (3, 2, 0))",8.932517027365975,0.6866381233449612,867.7370758056641,0.6666666666666666,4,333.0668182373047,0
exhaustive,36,nominal,"((2, 0), (3, 1))",8.935083006916102,0.8670793787831418,868.2747039794922,0.6166666666666667,4,333.09199142456055,0
exhaustive,36,nominal,"((2, 0, 1), (3,))",8.93653658189578,0.962714691179144,868.2846069335938,0.6666666666666666,4,333.0954475402832,0
exhaustive,36,nominal,"((2, 1), (3, 0))",8.93323360697832,0.7314848809785222,867.8570709228516,0.7,4,333.06689453125,0
exhaustive,36,nominal,"((2, 1, 0), (3,))",8.93323360697832,0.7314848809785222,867.8570709228516,0.7166666666666667,4,333.06689453125,0
exhaustive,36,nominal,"((2,), (3, 0, 1))",8.937645069672726,1.0296807739491094,868.3133239746094,0.6833333333333333,4,333.09735107421875,0
exhaustive,36,nominal,"((2,), (3, 1, 0))",8.935156247753184,0.8778765323044178,868.2767791748047,0.65,4,333.09265899658203,0
exhaustive,37,single_domain,"((), (0, 1, 2, 3))",12.943096533417702,19.869991620265235,1870.9403533935547,0.4166666666666667,4,709.8135833740234,0
exhaustive,37,single_domain,"((), (0, 1, 3, 2))",12.943461924791336,19.862828035276735,1870.93603515625,0.4,4,709.8115386962891,0
exhaustive,37,single_domain,"((), (0, 2, 1, 3))",12.943096533417702,19.869991620265235,1870.9403533935547,0.4,4,709.8135833740234,0
exhaustive,37,single_domain,"((), (0, 2, 3, 1))",12.940611004829407,19.800076065472872,1870.9328155517578,0.4,4,709.8108749389648,0
exhaustive,37,single_domain,"((), (0, 3, 1, 2))",12.943461924791336,19.862828035276735,1870.93603515625,0.4,4,709.8115386962891,0
exhaustive,37,single_domain,"((), (0, 3, 2, 1))",12.94358965009451,19.867274965165254,1870.9364776611328,0.4166666666666667,4,709.8115921020508,0
exhaustive,37,single_domain,"((), (1, 0, 2, 3))",12.946077153086662,19.937190565100813,1870.9440155029297,0.45,4,709.8142776489258,0
exhaustive,37,single_domain,"((), (1, 0, 3, 2))",12.947185955941677,19.9482548643528,1870.9422912597656,0.45,4,709.8121871948242,0
exhaustive,37,single_domain,"((), (1, 2, 0, 3))",12.952310867607594,20.02185461518439,1870.937240600586,0.45,4,709.8141555786133,0
exhaustive,37,single_domain,"((), (1, 2, 3, 0))",12.962191589176655,20.145359989997065,1870.9520721435547,0.4166666666666667,4,709.8136215209961,0
exhaustive,37,single_domain,"((), (1, 3, 0, 2))",12.956397622823715,20.1001179278146,1870.9392547607422,0.43333333333333335,4,709.8127670288086,0
exhaustive,37,single_domain,"((), (1, 3, 2, 0))",12.965170614421368,20.212558934480647,1870.9557495117188,0.4,4,709.814338684082,0
exhaustive,37,single_domain,"((), (2, 0, 1, 3))",12.943096533417702,19.869991620265235,1870.9403533935547,0.43333333333333335,4,709.8135833740234,0
exhaustive,37,single_domain,"((), (2, 0, 3, 1))",12.940611004829407,19.800076065472872,1870.9328155517578,0.43333333333333335,4,709.8108749389648,0
exhaustive,37,single_domain,"((), (2, 1, 0, 3))",12.952310867607594,20.02185461518439,1870.937240600586,0.45,4,709.8141555786133,0
exhaustive,37,single_domain,"((), (2, 1, 3, 0))",12.962191589176655,20.145359989997065,1870.9520721435547,0.4,4,709.8136215209961,0
exhaustive,37,single_domain,"((), (2, 3, 0, 1))",12.949822299182415,19.951939069494756,1870.9297332763672,0.45,4,709.8114700317383,0
exhaustive,37,single_domain,"((), (2, 3, 1, 0))",12.962191589176655,20.145359989997065,1870.9520721435547,0.4,4,709.8136215209961,0
exhaustive,37,single_domain,"((), (3, 0, 1, 2))",12.956397622823715,20.1001179278146,1870.9392547607422,0.45,4,709.8127670288086,0
exhaustive,37,single_domain,"((), (3, 0, 2, 1))",12.952801130712032,20.019138050181322,1870.9334869384766,0.45,4,709.8121871948242,0
exhaustive,37,single_domain,"((), (3, 1, 0, 2))",12.956397622823715,20.1001179278146,1870.9392547607422,0.43333333333333335,4,709.8127670288086,0
exhaustive,37,single_domain,"((), (3, 1, 2, 0))",12.965170614421368,20.212558934480647,1870.9557495117188,0.4,4,709.814338684082,0
exhaustive,37,single_domain,"((), (3, 2, 0, 1))",12.952801130712032,20.019138050181322,1870.9334869384766,0.45,4,709.8121871948242,0
exhaustive,37,single_domain,"((), (3, 2, 1, 0))",12.965170614421368,20.212558934480647,1870.9557495117188,0.4166666666666667,4,709.814338684082,0
exhaustive,37,single_domain,"((0, 1), (2, 3))",12.940483294427395,19.795629065527066,1870.9324035644531,0.6,4,709.8108367919922,0
exhaustive,37,single_domain,"((0, 1), (3, 2))",12.943461924791336,19.862828035276735,1870.93603515625,0.6,4,709.8115386962891,0
exhaustive,37,single_domain,"((0, 1, 2), (3,))",12.940483294427395,19.795629065527066,1870.9324035644531,0.6,4,709.8108367919922,0
exhaustive,37,single_domain,"((0, 1, 3), (2,))",12.940483294427395,19.795629065527066,1870.9324035644531,0.5833333333333334,4,709.8108367919922,0
exhaustive,37,single_domain,"((0, 2), (1, 3))",12.940483294427395,19.795629065527066,1870.9324035644531,0.5833333333333334,4,709.8108367919922,0
exhaustive,37,single_domain,"((0, 2), (3, 1))",12.940483294427395,19.795629065527066,1870.9324035644531,0.5833333333333334,4,709.8108367919922,0
exhaustive,37,single_domain,"((0, 2, 1), (3,))",12.940483294427395,19.795629065527066,1870.9324035644531,0.6,4,709.8108367919922,0
exhaustive,37,single_domain,"((0, 2, 3), (1,))",12.940483294427395,19.795629065527066,1870.9324035644531,0.6,4,709.8108367919922,0
exhaustive,37,single_domain,"((0, 3), (1, 2))",12.940483294427395,19.795629065527066,1870.9324035644531,0.6,4,709.8108367919922,0
exhaustive,37,single_domain,"((0, 3), (2, 1))",12.940483294427395,19.795629065527066,1870.9324035644531,0.6,4,709.8108367919922,0
exhaustive,37,single_domain,"((0, 3, 1), (2,))",12.940483294427395,19.795629065527066,1870.9324035644531,0.5833333333333334,4,709.8108367919922,0
exhaustive,37,single_domain,"((0, 3, 2), (1,))",12.943461924791336,19.862828035276735,1870.93603515625,0.6,4,709.8115386962891,0
exhaustive,37,single_domain,"((0,), (1, 2, 3))",12.940483294427395,19.795629065527066,1870.9324035644531,0.5666666666666667,4,709.8108367919922,0
exhaustive,37,single_domain,"((0,), (1, 3, 2))",12.943461924791336,19.862828035276735,1870.93603515625,0.55,4,709.8115386962891,0
exhaustive,37,single_domain,"((0,), (2, 1, 3))",12.940483294427395,19.795629065527066,1870.9324035644531,0.55,4,709.8108367919922,0
exhaustive,37,single_domain,"((0,), (2, 3, 1))",12.940483294427395,19.795629065527066,1870.9324035644531,0.55,4,709.8108367919922,0
exhaustive,37,single_domain,"((0,), (3, 1, 2))",12.943461924791336,19.862828035276735,1870.93603515625,0.55,4,709.8115386962891,0
exhaustive,37,single_domain,"((0,), (3, 2, 1))",12.943461924791336,19.862828035276735,1870.93603515625,0.5666666666666667,4,709.8115386962891,0
exhaustive,37,single_domain,"((1, 0), (2, 3))",12.940483294427395,19.795629065527066,1870.9324035644531,0.6,4,709.8108367919922,0
exhaustive,37,single_domain,"((1, 0), (3, 2))",12.943461924791336,19.862828035276735,1870.93603515625,0.6,4,709.8115386962891,0
exhaustive,37,single_domain,"((1, 0, 2), (3,))",12.943461924791336,19.862828035276735,1870.93603515625,0.6333333333333333,4,709.8115386962891,0
exhaustive,37,single_domain,"((1, 0, 3), (2,))",12.940483294427395,19.795629065527066,1870.9324035644531,0.6333333333333333,4,709.8108367919922,0
exhaustive,37,single_domain,"((1, 2), (3, 0))",12.9496945515275,19.947492143667642,1870.9293365478516,0.6,4,709.8114318847656,0
exhaustive,37,single_domain,"((1, 2, 0), (3,))",12.9496945515275,19.947492143667642,1870.9293365478516,0.6,4,709.8114318847656,0
exhaustive,37,single_domain,"((1, 3), (2, 0))",12.940483294427395,19.795629065527066,1870.9324035644531,0.5833333333333334,4,709.8108367919922,0
exhaustive,37,single_domain,"((1, 3, 0), (2,))",12.9496945515275,19.947492143667642,1870.9293365478516,0.5833333333333334,4,709.8114318847656,0
exhaustive,37,single_domain,"((1,), (2, 0, 3))",12.940483294427395,19.795629065527066,1870.9324035644531,0.6333333333333333,4,709.8108367919922,0
exhaustive,37,single_domain,"((1,), (2, 3, 0))",12.9496945515275,19.947492143667642,1870.9293365478516,0.6,4,709.8114318847656,0
exhaustive,37,single_domain,"((1,), (3, 0, 2))",12.952673383057117,20.014691055936566,1870.9330444335938,0.6333333333333333,4,709.8121337890625,0
exhaustive,37,single_domain,"((1,), (3, 2, 0))",12.952673383057117,20.014691055936566,1870.9330444335938,0.6,4,709.8121337890625,0
exhaustive,37,single_domain,"((2, 0), (3, 1))",12.940483294427395,19.795629065527066,1870.9324035644531,0.5833333333333334,4,709.8108367919922,0
exhaustive,37,single_domain,"((2, 0, 1), (3,))",12.940483294427395,19.795629065527066,1870.9324035644531,0.6333333333333333,4,709.8108367919922,0
exhaustive,37,single_domain,"((2, 1), (3, 0))",12.9496945515275,19.947492143667642,1870.9293365478516,0.6,4,709.8114318847656,0
exhaustive,37,single_domain,"((2, 1, 0), (3,))",12.9496945515275,19.947492143667642,1870.9293365478516,0.6,4,709.8114318847656,0
exhaustive,37,single_domain,"((2,), (3, 0, 1))",12.9496945515275,19.947492143667642,1870.9293365478516,0.6333333333333333,4,709.8114318847656,0
exhaustive,37,single_domain,"((2,), (3, 1, 0))",12.9496945515275,19.947492143667642,1870.9293365478516,0.5833333333333334,4,709.8114318847656,0
exhaustive,38,cascade,"((), (0, 1, 2))",213.66829109191895,134.77799037086754,688.3414764404297,0.4,3,58.9070508480072,0
exhaustive,38,cascade,"((), (0, 2, 1))",233.57921981811523,143.78364633973993,725.2210693359375,0.4,3,59.23689413070679,0
exhaustive,38,cascade,"((), (1, 0, 2))",213.66829109191895,134.77799037086754,688.3414764404297,0.43333333333333335,3,58.9070508480072,0
exhaustive,38,cascade,"((), (1, 2, 0))",214.8720817565918,135.55130639050262,691.1677627563477,0.4,3,59.02953910827637,0
exhaustive,38,cascade,"((), (2, 0, 1))",233.01216888427734,143.85703303282597,724.0050659179688,0.43333333333333335,3,59.305092096328735,0
exhaustive,38,cascade,"((), (2, 1, 0))",233.01216888427734,143.85703303282597,724.0050659179688,0.4,3,59.305092096328735,0
exhaustive,38,cascade,"((0, 1), (2,))",211.81717109680176,134.07806067000766,684.3194580078125,0.5833333333333334,3,58.85252904891968,0
exhaustive,38,cascade,"((0, 2), (1,))",213.66829109191895,134.77799037086754,688.3414764404297,0.5833333333333334,3,58.9070508480072,0
exhaustive,38,cascade,"((0,), (1, 2))",213.66829109191895,134.77799037086754,688.3414764404297,0.55,3,58.9070508480072,0
exhaustive,38,cascade,"((0,), (2, 1))",231.69960403442383,143.0837170089251,721.1092681884766,0.55,3,59.186996936798096,0
exhaustive,38,cascade,"((1, 0), (2,))",211.81717109680176,134.07806067000766,684.3194580078125,0.5833333333333334,3,58.85252904891968,0
exhaustive,38,cascade,"((1,), (2, 0))",213.0365924835205,134.8513766951576,687.1728591918945,0.5833333333333334,3,58.976487159729004,0
exhaustive,39,ood,"((), (0, 1, 2, 3))",1066.1033172607422,335.0786191446347,3023.700469970703,0.4166666666666667,4,209.12975025177002,0
exhaustive,39,ood,"((), (0, 1, 3, 2))",1064.206283569336,334.5903457514491,3017.5191955566406,0.4,4,209.12686443328857,0
exhaustive,39,ood,"((), (0, 2, 1, 3))",1045.4438171386719,332.1146035241828,2987.9190979003906,0.4,4,209.1260528564453,0
exhaustive,39,ood,"((), (0, 2, 3, 1))",1043.8406219482422,331.60722220660807,2982.295196533203,0.4,4,209.1190481185913,0
exhaustive,39,ood,"((), (0, 3, 1, 2))",1062.8741760253906,334.11287880259846,3012.966583251953,0.4,4,209.10592651367188,0
exhaustive,39,ood,"((), (0, 3, 2, 1))",1042.2112731933594,331.0341530280706,2978.182647705078,0.4166666666666667,4,209.09740257263184,0
exhaustive,39,ood,"((), (1, 0, 2, 3))",1066.2790832519531,335.16447520834424,3024.6455688476562,0.45,4,209.10494709014893,0
exhaustive,39,ood,"((), (1, 0, 3, 2))",1084.277572631836,337.11133963205464,3056.984375,0.45,4,209.10718536376953,0
exhaustive,39,ood,"((), (1, 2, 0, 3))",1021.7481384277344,327.80491913352,2947.053741455078,0.45,4,209.04587841033936,0
exhaustive,39,ood,"((), (1, 2, 3, 0))",1020.4874877929688,327.1548209227127,2946.9508666992188,0.4166666666666667,4,209.0174503326416,0
exhaustive,39,ood,"((), (1, 3, 0, 2))",1083.8957824707031,336.7837423222287,3057.5440979003906,0.43333333333333335,4,209.05742835998535,0
exhaustive,39,ood,"((), (1, 3, 2, 0))",1019.4796295166016,326.69949632896305,2944.264373779297,0.4,4,208.98537826538086,0
exhaustive,39,ood,"((), (2, 0, 1, 3))",965.4180755615234,314.5442169125506,2850.283203125,0.43333333333333335,4,208.8082399368286,0
exhaustive,39,ood,"((), (2, 0, 3, 1))",963.7744445800781,314.0397530980374,2845.2227172851562,0.43333333333333335,4,208.80113983154297,0
exhaustive,39,ood,"((), (2, 1, 0, 3))",965.1836395263672,314.4048091308048,2849.7310791015625,0.45,4,208.7843132019043,0
exhaustive,39,ood,"((), (2, 1, 3, 0))",963.8508605957031,313.71348503386025,2849.401824951172,0.4,4,208.75446701049805,0
exhaustive,39,ood,"((), (2, 3, 0, 1))",961.0365753173828,312.96771055157194,2837.1194763183594,0.45,4,208.74374866485596,0
exhaustive,39,ood,"((), (2, 3, 1, 0))",962.8450469970703,313.25816085902375,2846.2867736816406,0.4,4,208.72072219848633,0
exhaustive,39,ood,"((), (3, 0, 1, 2))",1080.7817993164062,335.71662961842515,3045.0912170410156,0.45,4,209.057785987854,0
exhaustive,39,ood,"((), (3, 0, 2, 1))",1040.4186096191406,330.2133625706207,2971.9518127441406,0.45,4,209.04398822784424,0
exhaustive,39,ood,"((), (3, 1, 0, 2))",1083.2564544677734,336.49510683496743,3055.84814453125,0.43333333333333335,4,209.0368881225586,0
exhaustive,39,ood,"((), (3, 1, 2, 0))",1018.8645629882812,326.41095922664715,2942.5533447265625,0.4,4,208.96451473236084,0
exhaustive,39,ood,"((), (3, 2, 0, 1))",990.4187164306641,320.3275572028409,2885.63720703125,0.45,4,208.89297199249268,0
exhaustive,39,ood,"((), (3, 2, 1, 0))",992.2804107666016,320.63974752363845,2895.361602783203,0.4166666666666667,4,208.87071132659912,0
exhaustive,39,ood,"((0, 1), (2, 3))",953.6126098632812,310.56981626309755,2811.142333984375,0.6,4,208.69612216949463,0
exhaustive,39,ood,"((0, 1), (3, 2))",982.9762878417969,317.9421786569577,2860.1236572265625,0.6,4,208.8460922241211,0
exhaustive,39,ood,"((0, 1, 2), (3,))",1058.9991912841797,332.72352124192383,3001.101348876953,0.6,4,209.04537105560303,0
exhaustive,39,ood,"((0, 1, 3), (2,))",957.9902191162109,312.1265652874579,2825.0460510253906,0.5833333333333334,4,208.7624750137329,0
exhaustive,39,ood,"((0, 2), (1, 3))",1033.94140625,328.3234245332387,2951.663787841797,0.5833333333333334,4,208.99732303619385,0
exhaustive,39,ood,"((0, 2), (3, 1))",1033.3291015625,328.0349870264447,2949.9560546875,0.5833333333333334,4,208.97655582427979,0
exhaustive,39,ood,"((0, 2, 1), (3,))",1038.3258361816406,329.6947935258519,2963.7438049316406,0.6,4,209.040940284729,0
exhaustive,39,ood,"((0, 2, 3), (1,))",1036.4608459472656,329.29471716885337,2958.7311401367188,0.6,4,209.0508918762207,0
exhaustive,39,ood,"((0, 3), (1, 2))",1009.433349609375,323.87643065315774,2906.8032836914062,0.6,4,208.96753883361816,0
exhaustive,39,ood,"((0, 3), (2, 1))",952.9717559814453,310.43510860018523,2809.1756896972656,0.6,4,208.7034683227539,0
exhaustive,39,ood,"((0, 3, 1), (2,))",956.7656860351562,311.64984427561126,2821.1829833984375,0.5833333333333334,4,208.738920211792,0
exhaustive,39,ood,"((0, 3, 2), (1,))",1034.9462127685547,328.77870878559054,2954.3336486816406,0.6,4,209.02917385101318,0
exhaustive,39,ood,"((0,), (1, 2, 3))",1009.433349609375,323.87643065315774,2906.8032836914062,0.5666666666666667,4,208.96753883361816,0
exhaustive,39,ood,"((0,), (1, 3, 2))",1008.4336547851562,323.42114864876766,2904.1298217773438,0.55,4,208.93500995635986,0
exhaustive,39,ood,"((0,), (2, 1, 3))",952.9717559814453,310.43510860018523,2809.1756896972656,0.55,4,208.7034683227539,0
exhaustive,39,ood,"((0,), (2, 3, 1))",951.974365234375,309.97982767856746,2806.0604858398438,0.55,4,208.66925430297852,0
exhaustive,39,ood,"((0,), (3, 1, 2))",1007.8253021240234,323.1327114813681,2902.4212646484375,0.55,4,208.91393947601318,0
exhaustive,39,ood,"((0,), (3, 2, 1))",981.2290802001953,317.3614996497879,2855.189910888672,0.5666666666666667,4,208.81996726989746,0
exhaustive,39,ood,"((1, 0), (2, 3))",953.8453979492188,310.75598804356366,2814.3333740234375,0.6,4,208.67087936401367,0
exhaustive,39,ood,"((1, 0), (3, 2))",983.2815704345703,318.1491831800832,2863.545867919922,0.6,4,208.82192039489746,0
exhaustive,39,ood,"((1, 0, 2), (3,))",1059.483154296875,332.9305262300604,3004.5355224609375,0.6333333333333333,4,209.02277374267578,0
exhaustive,39,ood,"((1, 0, 3), (2,))",958.0515899658203,312.23865369483616,2826.6050720214844,0.6333333333333333,4,208.73586463928223,0
exhaustive,39,ood,"((1, 2), (3, 0))",1007.8253021240234,323.1327114813681,2902.4212646484375,0.6,4,208.91393947601318,0
exhaustive,39,ood,"((1, 2, 0), (3,))",1014.9554595947266,325.5709930972089,2927.0286865234375,0.6,4,208.96066761016846,0
exhaustive,39,ood,"((1, 3), (2, 0))",953.8453979492188,310.75598804356366,2814.3333740234375,0.5833333333333334,4,208.67087936401367,0
exhaustive,39,ood,"((1, 3, 0), (2,))",957.6953735351562,311.9118783367327,2827.76416015625,0.5833333333333334,4,208.68083381652832,0
exhaustive,39,ood,"((1,), (2, 0, 3))",956.2886962890625,311.7272775887765,2821.552520751953,0.6333333333333333,4,208.7284345626831,0
exhaustive,39,ood,"((1,), (2, 3, 0))",953.8453979492188,310.75598804356366,2814.3333740234375,0.6,4,208.67087936401367,0
exhaustive,39,ood,"((1,), (3, 0, 2))",1033.3291015625,328.0349870264447,2949.9560546875,0.6333333333333333,4,208.97655582427979,0
exhaustive,39,ood,"((1,), (3, 2, 0))",983.2815704345703,318.1491831800832,2863.545867919922,0.6,4,208.82192039489746,0
exhaustive,39,ood,"((2, 0), (3, 1))",953.2389526367188,310.4675498016023,2812.7037353515625,0.5833333333333334,4,208.64869213104248,0
exhaustive,39,ood,"((2, 0, 1), (3,))",958.2009582519531,312.127355047917,2826.585662841797,0.6333333333333333,4,208.71759128570557,0
exhaustive,39,ood,"((2, 1), (3, 0))",951.3438568115234,309.67986677481525,2804.3380126953125,0.6,4,208.64623928070068,0
exhaustive,39,ood,"((2, 1, 0), (3,))",958.28564453125,312.1181487444153,2828.9869079589844,0.6,4,208.69403839111328,0
exhaustive,39,ood,"((2,), (3, 0, 1))",955.0090789794922,310.8449279117874,2815.3199768066406,0.6333333333333333,4,208.68100452423096,0
exhaustive,39,ood,"((2,), (3, 1, 0))",957.084716796875,311.62340434553636,2826.132781982422,0.5833333333333334,4,208.65867233276367,0
exhaustive,40,nominal,"((), (0, 1, 2, 3))",0.005677111970726401,1.4967263909975215,1673.3278503417969,0.35,4,633.9587097167969,0
exhaustive,40,nominal,"((), (0, 1, 3, 2))",0.004956517252139747,1.3398316511023671,1673.23828125,0.4166666666666667,4,633.9241027832031,0
exhaustive,40,nominal,"((), (0, 2, 1, 3))",0.005677111970726401,1.4967263909975215,1673.3278503417969,0.35,4,633.9587097167969,0
exhaustive,40,nominal,"((), (0, 2, 3, 1))",0.00567872473038733,1.4970972442646173,1673.3283996582031,0.4166666666666667,4,633.9587554931641,0
exhaustive,40,nominal,"((), (0, 3, 1, 2))",0.004954906995408237,1.3394565545066999,1673.2378692626953,0.31666666666666665,4,633.9239730834961,0
exhaustive,40,nominal,"((), (0, 3, 2, 1))",0.004954906995408237,1.3394565545066999,1673.2378692626953,0.31666666666666665,4,633.9239730834961,0
exhaustive,40,nominal,"((), (1, 0, 2, 3))",0.006118421151768416,1.6066568827834107,1673.4656524658203,0.4,4,634.0112991333008,0
exhaustive,40,nominal,"((), (1, 0, 3, 2))",0.004956517252139747,1.3398316511023671,1673.23828125,0.36666666666666664,4,633.9241027832031,0
exhaustive,40,nominal,"((), (1, 2, 0, 3))",0.005706056370399892,1.510109593034252,1673.3392028808594,0.3,4,633.9632797241211,0
exhaustive,40,nominal,"((), (1, 2, 3, 0))",0.005706056370399892,1.510109593034252,1673.3392028808594,0.31666666666666665,4,633.9632797241211,0
exhaustive,40,nominal,"((), (1, 3, 0, 2))",0.004956517252139747,1.3398316511023671,1673.23828125,0.36666666666666664,4,633.9241027832031,0
exhaustive,40,nominal,"((), (1, 3, 2, 0))",0.005000710574677214,1.3626483879475904,1673.2601165771484,0.4166666666666667,4,633.9329681396484,0
exhaustive,40,nominal,"((), (2, 0, 1, 3))",0.00614939711522311,1.6205096367205158,1673.4776000976562,0.4,4,634.0160827636719,0
exhaustive,40,nominal,"((), (2, 0, 3, 1))",0.005707669188268483,1.5104804482259673,1673.3398132324219,0.36666666666666664,4,633.9633255004883,0
exhaustive,40,nominal,"((), (2, 1, 0, 3))",0.005706056370399892,1.510109593034252,1673.3392028808594,0.3,4,633.9632797241211,0
exhaustive,40,nominal,"((), (2, 1, 3, 0))",0.005706056370399892,1.510109593034252,1673.3392028808594,0.31666666666666665,4,633.9632797241211,0
exhaustive,40,nominal,"((), (2, 3, 0, 1))",0.005707669188268483,1.5104804482259673,1673.3398132324219,0.36666666666666664,4,633.9633255004883,0
exhaustive,40,nominal,"((), (2, 3, 1, 0))",0.0057386059197597206,1.5289480912123732,1673.3595581054688,0.4166666666666667,4,633.971549987793,0
exhaustive,40,nominal,"((), (3, 0, 1, 2))",0.004954906995408237,1.3394565545066999,1673.2378692626953,0.3,4,633.9239730834961,0
exhaustive,40,nominal,"((), (3, 0, 2, 1))",0.004954906995408237,1.3394565545066999,1673.2378692626953,0.3,4,633.9239730834961,0
exhaustive,40,nominal,"((), (3, 1, 0, 2))",0.004956517252139747,1.3398316511023671,1673.23828125,0.4,4,633.9241027832031,0
exhaustive,40,nominal,"((), (3, 1, 2, 0))",0.004983648017514497,1.352839751648361,1673.2493286132812,0.35,4,633.9285659790039,0
exhaustive,40,nominal,"((), (3, 2, 0, 1))",0.004985260486137122,1.3532106069979946,1673.2499237060547,0.4,4,633.9286270141602,0
exhaustive,40,nominal,"((), (3, 2, 1, 0))",0.004983648017514497,1.352839751648361,1673.2493286132812,0.35,4,633.9285659790039,0
exhaustive,40,nominal,"((0, 1), (2, 3))",0.005677111970726401,1.4967263909975215,1673.3278503417969,0.55,4,633.9587097167969,0
exhaustive,40,nominal,"((0, 1), (3, 2))",0.004954906995408237,1.3394565545066999,1673.2378692626953,0.55,4,633.9239730834961,0
exhaustive,40,nominal,"((0, 1, 2), (3,))",0.004954906995408237,1.3394565545066999,1673.2378692626953,0.48333333333333334,4,633.9239730834961,0
exhaustive,40,nominal,"((0, 1, 3), (2,))",0.004954906995408237,1.3394565545066999,1673.2378692626953,0.55,4,633.9239730834961,0
exhaustive,40,nominal,"((0, 2), (1, 3))",0.004954906995408237,1.3394565545066999,1673.2378692626953,0.55,4,633.9239730834961,0
exhaustive,40,nominal,"((0, 2), (3, 1))",0.004954906995408237,1.3394565545066999,1673.2378692626953,0.55,4,633.9239730834961,0
exhaustive,40,nominal,"((0, 2, 1), (3,))",0.004954906995408237,1.3394565545066999,1673.2378692626953,0.48333333333333334,4,633.9239730834961,0
exhaustive,40,nominal,"((0, 2, 3), (1,))",0.005677111970726401,1.4967263909975215,1673.3278503417969,0.55,4,633.9587097167969,0
exhaustive,40,nominal,"((0, 3), (1, 2))",0.004954906995408237,1.3394565545066999,1673.2378692626953,0.45,4,633.9239730834961,0
exhaustive,40,nominal,"((0, 3), (2, 1))",0.004954906995408237,1.3394565545066999,1673.2378692626953,0.45,4,633.9239730834961,0
exhaustive,40,nominal,"((0, 3, 1), (2,))",0.004954906995408237,1.3394565545066999,1673.2378692626953,0.5166666666666667,4,633.9239730834961,0
exhaustive,40,nominal,"((0, 3, 2), (1,))",0.004954906995408237,1.3394565545066999,1673.2378692626953,0.5166666666666667,4,633.9239730834961,0
exhaustive,40,nominal,"((0,), (1, 2, 3))",0.005677111970726401,1.4967263909975215,1673.3278503417969,0.5,4,633.9587097167969,0
exhaustive,40,nominal,"((0,), (1, 3, 2))",0.004954906995408237,1.3394565545066999,1673.2378692626953,0.5666666666666667,4,633.9239730834961,0
exhaustive,40,nominal,"((0,), (2, 1, 3))",0.005677111970726401,1.4967263909975215,1673.3278503417969,0.5,4,633.9587097167969,0
exhaustive,40,nominal,"((0,), (2, 3, 1))",0.005677111970726401,1.4967263909975215,1673.3278503417969,0.5666666666666667,4,633.9587097167969,0
exhaustive,40,nominal,"((0,), (3, 1, 2))",0.004954906995408237,1.3394565545066999,1673.2378692626953,0.5,4,633.9239730834961,0
exhaustive,40,nominal,"((0,), (3, 2, 1))",0.004954906995408237,1.3394565545066999,1673.2378692626953,0.5,4,633.9239730834961,0
exhaustive,40,nominal,"((1, 0), (2, 3))",0.005677111970726401,1.4967263909975215,1673.3278503417969,0.55,4,633.9587097167969,0
exhaustive,40,nominal,"((1, 0), (3, 2))",0.004954906995408237,1.3394565545066999,1673.2378692626953,0.55,4,633.9239730834961,0
exhaustive,40,nominal,"((1, 0, 2), (3,))",0.004954906995408237,1.3394565545066999,1673.2378692626953,0.5333333333333333,4,633.9239730834961,0
exhaustive,40,nominal,"((1, 0, 3), (2,))",0.004954906995408237,1.3394565545066999,1673.2378692626953,0.5,4,633.9239730834961,0
exhaustive,40,nominal,"((1, 2), (3, 0))",0.004954906995408237,1.3394565545066999,1673.2378692626953,0.45,4,633.9239730834961,0
exhaustive,40,nominal,"((1, 2, 0), (3,))",0.004983648017514497,1.352839751648361,1673.2493286132812,0.48333333333333334,4,633.9285659790039,0
exhaustive,40,nominal,"((1, 3), (2, 0))",0.004983648017514497,1.352839751648361,1673.2493286132812,0.55,4,633.9285659790039,0
exhaustive,40,nominal,"((1, 3, 0), (2,))",0.004954906995408237,1.3394565545066999,1673.2378692626953,0.5166666666666667,4,633.9239730834961,0
exhaustive,40,nominal,"((1,), (2, 0, 3))",0.005706056370399892,1.510109593034252,1673.3392028808594,0.5,4,633.9632797241211,0
exhaustive,40,nominal,"((1,), (2, 3, 0))",0.005706056370399892,1.510109593034252,1673.3392028808594,0.5166666666666667,4,633.9632797241211,0
exhaustive,40,nominal,"((1,), (3, 0, 2))",0.004954906995408237,1.3394565545066999,1673.2378692626953,0.5,4,633.9239730834961,0
exhaustive,40,nominal,"((1,), (3, 2, 0))",0.004983648017514497,1.352839751648361,1673.2493286132812,0.55,4,633.9285659790039,0
exhaustive,40,nominal,"((2, 0), (3, 1))",0.004983648017514497,1.352839751648361,1673.2493286132812,0.55,4,633.9285659790039,0
exhaustive,40,nominal,"((2, 0, 1), (3,))",0.004983648017514497,1.352839751648361,1673.2493286132812,0.5333333333333333,4,633.9285659790039,0
exhaustive,40,nominal,"((2, 1), (3, 0))",0.004954906995408237,1.3394565545066999,1673.2378692626953,0.45,4,633.9239730834961,0
exhaustive,40,nominal,"((2, 1, 0), (3,))",0.004983648017514497,1.352839751648361,1673.2493286132812,0.48333333333333334,4,633.9285659790039,0
exhaustive,40,nominal,"((2,), (3, 0, 1))",0.004954906995408237,1.3394565545066999,1673.2378692626953,0.5,4,633.9239730834961,0
exhaustive,40,nominal,"((2,), (3, 1, 0))",0.004954906995408237,1.3394565545066999,1673.2378692626953,0.55,4,633.9239730834961,0
exhaustive,41,single_domain,"((), (0, 1, 2, 3))",0.06626393925398588,20.23481346833604,21.244846065057118,0.4166666666666667,4,6.946959495544434,0
exhaustive,41,single_domain,"((), (0, 1, 3, 2))",0.0653856797143817,20.092333521790017,21.23826567395878,0.4,4,6.945096492767334,0
exhaustive,41,single_domain,"((), (0, 2, 1, 3))",0.06872033327817917,20.58472549746791,21.28535819585352,0.4,4,6.95843505859375,0
exhaustive,41,single_domain,"((), (0, 2, 3, 1))",0.06872033327817917,20.58472549746791,21.28535819585352,0.4,4,6.95843505859375,0
exhaustive,41,single_domain,"((), (0, 3, 1, 2))",0.0653856797143817,20.092333521790017,21.23826567395878,0.4,4,6.945096492767334,0
exhaustive,41,single_domain,"((), (0, 3, 2, 1))",0.06786435935646296,20.447248036370176,21.279399597454187,0.4166666666666667,4,6.956748962402344,0
exhaustive,41,single_domain,"((), (1, 0, 2, 3))",0.06078494992107153,18.95523576845473,21.119672396560404,0.45,4,6.911376953125,0
exhaustive,41,single_domain,"((), (1, 0, 3, 2))",0.06020357180386782,18.857881510815957,21.113977037436925,0.45,4,6.909760475158691,0
exhaustive,41,single_domain,"((), (1, 2, 0, 3))",0.06148605141788721,19.06907955562186,21.121568337806934,0.45,4,6.910582542419434,0
exhaustive,41,single_domain,"((), (1, 2, 3, 0))",0.06043212953954935,18.868948916216084,21.111238106062018,0.4166666666666667,4,6.907651901245117,0
exhaustive,41,single_domain,"((), (1, 3, 0, 2))",0.05941190617159009,18.66063169657043,21.10602336566693,0.43333333333333335,4,6.907505512237549,0
exhaustive,41,single_domain,"((), (1, 3, 2, 0))",0.06011222256347537,18.774475562364874,21.107923121557747,0.4,4,6.906711578369141,0
exhaustive,41,single_domain,"((), (2, 0, 1, 3))",0.06945267785340548,20.703571763685733,21.28733043133265,0.43333333333333335,4,6.95767879486084,0
exhaustive,41,single_domain,"((), (2, 0, 3, 1))",0.06945267785340548,20.703571763685733,21.28733043133265,0.43333333333333335,4,6.95767879486084,0
exhaustive,41,single_domain,"((), (2, 1, 0, 3))",0.06423642579466105,19.82625618060007,21.193854990078634,0.45,4,6.931162357330322,0
exhaustive,41,single_domain,"((), (2, 1, 3, 0))",0.06287445966154337,19.57139982732526,21.182483326059568,0.4,4,6.927938461303711,0
exhaustive,41,single_domain,"((), (2, 3, 0, 1))",0.06787433195859194,20.420817543111067,21.276590071449803,0.45,4,6.95463752746582,0
exhaustive,41,single_domain,"((), (2, 3, 1, 0))",0.06287445966154337,19.57139982732526,21.182483326059568,0.4,4,6.927938461303711,0
exhaustive,41,single_domain,"((), (3, 0, 1, 2))",0.06439057970419526,19.859257968935218,21.23073731732356,0.45,4,6.942965984344482,0
exhaustive,41,single_domain,"((), (3, 0, 2, 1))",0.06678584264591336,20.205022939792176,21.27217068293882,0.45,4,6.9547038078308105,0
exhaustive,41,single_domain,"((), (3, 1, 0, 2))",0.05941190617159009,18.66063169657043,21.10602336566693,0.43333333333333335,4,6.907505512237549,0
exhaustive,41,single_domain,"((), (3, 1, 2, 0))",0.06011222256347537,18.774475562364874,21.107923121557747,0.4,4,6.906711578369141,0
exhaustive,41,single_domain,"((), (3, 2, 0, 1))",0.06748635368421674,20.318866793363934,21.273978886104473,0.45,4,6.953900337219238,0
exhaustive,41,single_domain,"((), (3, 2, 1, 0))",0.062546840403229,19.476926430107152,21.179597491745213,0.4166666666666667,4,6.927122592926025,0
exhaustive,41,single_domain,"((0, 1), (2, 3))",0.06470451038330793,19.950633092505782,21.233230242562925,0.6,4,6.943670272827148,0
exhaustive,41,single_domain,"((0, 1), (3, 2))",0.06434688763692975,19.851850880453668,21.230510342443594,0.6,4,6.942900657653809,0
exhaustive,41,single_domain,"((0, 1, 2), (3,))",0.06439057970419526,19.859257968935218,21.23073731732356,0.6,4,6.942965984344482,0
exhaustive,41,single_domain,"((0, 1, 3), (2,))",0.06534188333898783,20.084926449232746,21.23804060642108,0.5833333333333334,4,6.94503116607666,0
exhaustive,41,single_domain,"((0, 2), (1, 3))",0.05938114458695054,18.65562920265207,21.105842167282262,0.5833333333333334,4,6.907454490661621,0
exhaustive,41,single_domain,"((0, 2), (3, 1))",0.05938114458695054,18.65562920265207,21.105842167282262,0.5833333333333334,4,6.907454490661621,0
exhaustive,41,single_domain,"((0, 2, 1), (3,))",0.06675505870953202,20.200020458920598,21.272000928645383,0.6,4,6.954655647277832,0
exhaustive,41,single_domain,"((0, 2, 3), (1,))",0.06075411196798086,18.950233255118125,21.119498827566858,0.6,4,6.9113264083862305,0
exhaustive,41,single_domain,"((0, 3), (1, 2))",0.06015981826931238,18.850474436085282,21.1137386184609,0.6,4,6.909692287445068,0
exhaustive,41,single_domain,"((0, 3), (2, 1))",0.06275775842368603,19.584442392178673,21.18567049503359,0.6,4,6.930166721343994,0
exhaustive,41,single_domain,"((0, 3, 1), (2,))",0.06534188333898783,20.084926449232746,21.23804060642108,0.5833333333333334,4,6.94503116607666,0
exhaustive,41,single_domain,"((0, 3, 2), (1,))",0.06020357180386782,18.857881510815957,21.113977037436925,0.6,4,6.909760475158691,0
exhaustive,41,single_domain,"((0,), (1, 2, 3))",0.05968776065856218,18.74769793950624,21.109101838516636,0.5666666666666667,4,6.908377170562744,0
exhaustive,41,single_domain,"((0,), (1, 3, 2))",0.059368247631937265,18.65322460360936,21.105784946696133,0.55,4,6.907436847686768,0
exhaustive,41,single_domain,"((0,), (2, 1, 3))",0.062129939906299114,19.450148945073696,21.180389020173934,0.55,4,6.928670406341553,0
exhaustive,41,single_domain,"((0,), (2, 3, 1))",0.062129939906299114,19.450148945073696,21.180389020173934,0.55,4,6.928670406341553,0
exhaustive,41,single_domain,"((0,), (3, 1, 2))",0.059368247631937265,18.65322460360936,21.105784946696133,0.55,4,6.907436847686768,0
exhaustive,41,single_domain,"((0,), (3, 2, 1))",0.06180271180346608,19.3556754581033,21.177501278543176,0.5666666666666667,4,6.927853584289551,0
exhaustive,41,single_domain,"((1, 0), (2, 3))",0.05968776065856218,18.74769793950624,21.109101838516636,0.6,4,6.908377170562744,0
exhaustive,41,single_domain,"((1, 0), (3, 2))",0.059368247631937265,18.65322460360936,21.105784946696133,0.6,4,6.907436847686768,0
exhaustive,41,single_domain,"((1, 0, 2), (3,))",0.05941190617159009,18.66063169657043,21.10602336566693,0.6333333333333333,4,6.907505512237549,0
exhaustive,41,single_domain,"((1, 0, 3), (2,))",0.06015981826931238,18.850474436085282,21.1137386184609,0.6333333333333333,4,6.909692287445068,0
exhaustive,41,single_domain,"((1, 2), (3, 0))",0.059368247631937265,18.65322460360936,21.105784946696133,0.6,4,6.907436847686768,0
exhaustive,41,single_domain,"((1, 2, 0), (3,))",0.06011222256347537,18.774475562364874,21.107923121557747,0.6,4,6.906711578369141,0
exhaustive,41,single_domain,"((1, 3), (2, 0))",0.06011222256347537,18.774475562364874,21.107923121557747,0.5833333333333334,4,6.906711578369141,0
exhaustive,41,single_domain,"((1, 3, 0), (2,))",0.059368247631937265,18.65322460360936,21.105784946696133,0.5833333333333334,4,6.907436847686768,0
exhaustive,41,single_domain,"((1,), (2, 0, 3))",0.06148605141788721,19.06907955562186,21.121568337806934,0.6333333333333333,4,6.910582542419434,0
exhaustive,41,single_domain,"((1,), (2, 3, 0))",0.06043212953954935,18.868948916216084,21.111238106062018,0.6,4,6.907651901245117,0
exhaustive,41,single_domain,"((1,), (3, 0, 2))",0.05941190617159009,18.66063169657043,21.10602336566693,0.6333333333333333,4,6.907505512237549,0
exhaustive,41,single_domain,"((1,), (3, 2, 0))",0.06011222256347537,18.774475562364874,21.107923121557747,0.6,4,6.906711578369141,0
exhaustive,41,single_domain,"((2, 0), (3, 1))",0.06011222256347537,18.774475562364874,21.107923121557747,0.5833333333333334,4,6.906711578369141,0
exhaustive,41,single_domain,"((2, 0, 1), (3,))",0.06748635368421674,20.318866793363934,21.273978886104473,0.6333333333333333,4,6.953900337219238,0
exhaustive,41,single_domain,"((2, 1), (3, 0))",0.06180271180346608,19.3556754581033,21.177501278543176,0.6,4,6.927853584289551,0
exhaustive,41,single_domain,"((2, 1, 0), (3,))",0.062546840403229,19.476926430107152,21.179597491745213,0.6,4,6.927122592926025,0
exhaustive,41,single_domain,"((2,), (3, 0, 1))",0.06434688763692975,19.851850880453668,21.230510342443594,0.6333333333333333,4,6.942900657653809,0
exhaustive,41,single_domain,"((2,), (3, 1, 0))",0.059368247631937265,18.65322460360936,21.105784946696133,0.5833333333333334,4,6.907436847686768,0
exhaustive,42,cascade,"((), (0, 1, 2, 3))",314.6253776550293,277.2086196852578,1831.4454956054688,0.4166666666666667,4,497.3068599700928,0
exhaustive,42,cascade,"((), (0, 1, 3, 2))",321.7627944946289,277.391396273913,1843.7470703125,0.4,4,497.90836906433105,0
exhaustive,42,cascade,"((), (0, 2, 1, 3))",303.19908905029297,274.6490740842222,1802.7616271972656,0.4,4,496.5877056121826,0
exhaustive,42,cascade,"((), (0, 2, 3, 1))",303.5109329223633,274.7541863393293,1803.045166015625,0.4,4,496.60836601257324,0
exhaustive,42,cascade,"((), (0, 3, 1, 2))",321.7627944946289,277.391396273913,1843.7470703125,0.4,4,497.90836906433105,0
exhaustive,42,cascade,"((), (0, 3, 2, 1))",311.9351177215576,275.7611165289374,1829.7972564697266,0.4166666666666667,4,497.1002254486084,0
exhaustive,42,cascade,"((), (1, 0, 2, 3))",314.6253776550293,277.2086196852578,1831.4454956054688,0.45,4,497.3068599700928,0
exhaustive,42,cascade,"((), (1, 0, 3, 2))",321.7627944946289,277.391396273913,1843.7470703125,0.45,4,497.90836906433105,0
exhaustive,42,cascade,"((), (1, 2, 0, 3))",320.70086669921875,280.7789411465312,1838.4200439453125,0.45,4,497.6703929901123,0
exhaustive,42,cascade,"((), (1, 2, 3, 0))",322.2554740905762,281.52343344873555,1842.6433715820312,0.4166666666666667,4,497.71024894714355,0
exhaustive,42,cascade,"((), (1, 3, 0, 2))",322.71933364868164,277.97080665954365,1844.9701080322266,0.43333333333333335,4,497.96300315856934,0
exhaustive,42,cascade,"((), (1, 3, 2, 0))",329.5521659851074,281.70597819964576,1855.0477294921875,0.4,4,498.3088665008545,0
exhaustive,42,cascade,"((), (2, 0, 1, 3))",309.0818500518799,278.219396566521,1809.7626037597656,0.43333333333333335,4,496.96039390563965,0
exhaustive,42,cascade,"((), (2, 0, 3, 1))",309.38917541503906,278.3245118725824,1810.0460052490234,0.43333333333333335,4,496.980993270874,0
exhaustive,42,cascade,"((), (2, 1, 0, 3))",309.0818500518799,278.219396566521,1809.7626037597656,0.45,4,496.96039390563965,0
exhaustive,42,cascade,"((), (2, 1, 3, 0))",310.3705024719238,278.96388886872535,1813.976547241211,0.4,4,496.997106552124,0
exhaustive,42,cascade,"((), (2, 3, 0, 1))",309.9238815307617,278.666213411702,1813.7548217773438,0.45,4,496.959508895874,0
exhaustive,42,cascade,"((), (2, 3, 1, 0))",309.9238815307617,278.666213411702,1813.7548217773438,0.4,4,496.959508895874,0
exhaustive,42,cascade,"((), (3, 0, 1, 2))",322.71933364868164,277.97080665954365,1844.9701080322266,0.45,4,497.96300315856934,0
exhaustive,42,cascade,"((), (3, 0, 2, 1))",323.3540840148926,278.16997287261586,1845.5022430419922,0.45,4,497.99584770202637,0
exhaustive,42,cascade,"((), (3, 1, 0, 2))",322.71933364868164,277.97080665954365,1844.9701080322266,0.43333333333333335,4,497.96300315856934,0
exhaustive,42,cascade,"((), (3, 1, 2, 0))",329.5521659851074,281.70597819964576,1855.0477294921875,0.4,4,498.3088665008545,0
exhaustive,42,cascade,"((), (3, 2, 0, 1))",319.6563835144043,280.0756994614635,1840.9924774169922,0.45,4,497.5039806365967,0
exhaustive,42,cascade,"((), (3, 2, 1, 0))",319.6563835144043,280.0756994614635,1840.9924774169922,0.4166666666666667,4,497.5039806365967,0
exhaustive,42,cascade,"((0, 1), (2, 3))",302.03820419311523,274.06885930688213,1801.777328491211,0.6,4,496.5023784637451,0
exhaustive,42,cascade,"((0, 1), (3, 2))",311.3829689025879,275.5619528534376,1829.2676391601562,0.6,4,497.0671977996826,0
exhaustive,42,cascade,"((0, 1, 2), (3,))",311.3829689025879,275.5619528534376,1829.2676391601562,0.6,4,497.0671977996826,0
exhaustive,42,cascade,"((0, 1, 3), (2,))",299.87574577331543,272.81941428614005,1800.076187133789,0.5833333333333334,4,496.3160228729248,0
exhaustive,42,cascade,"((0, 2), (1, 3))",299.87574577331543,272.81941428614005,1800.076187133789,0.5833333333333334,4,496.3160228729248,0
exhaustive,42,cascade,"((0, 2), (3, 1))",299.87574577331543,272.81941428614005,1800.076187133789,0.5833333333333334,4,496.3160228729248,0
exhaustive,42,cascade,"((0, 2, 1), (3,))",300.1624011993408,272.9501956578152,1800.4205932617188,0.6,4,496.3356533050537,0
exhaustive,42,cascade,"((0, 2, 3), (1,))",302.8267116546631,274.4660816064062,1802.2799530029297,0.6,4,496.561559677124,0
exhaustive,42,cascade,"((0, 3), (1, 2))",311.3829689025879,275.5619528534376,1829.2676391601562,0.6,4,497.0671977996826,0
exhaustive,42,cascade,"((0, 3), (2, 1))",300.1624011993408,272.9501956578152,1800.4205932617188,0.6,4,496.3356533050537,0
exhaustive,42,cascade,"((0, 3, 1), (2,))",299.87574577331543,272.81941428614005,1800.076187133789,0.5833333333333334,4,496.3160228729248,0
exhaustive,42,cascade,"((0, 3, 2), (1,))",311.3829689025879,275.5619528534376,1829.2676391601562,0.6,4,497.0671977996826,0
exhaustive,42,cascade,"((0,), (1, 2, 3))",314.6253776550293,277.2086196852578,1831.4454956054688,0.5666666666666667,4,497.3068599700928,0
exhaustive,42,cascade,"((0,), (1, 3, 2))",321.7627944946289,277.391396273913,1843.7470703125,0.55,4,497.90836906433105,0
exhaustive,42,cascade,"((0,), (2, 1, 3))",303.19908905029297,274.6490740842222,1802.7616271972656,0.55,4,496.5877056121826,0
exhaustive,42,cascade,"((0,), (2, 3, 1))",302.7273292541504,274.35155161581145,1802.53857421875,0.55,4,496.54884910583496,0
exhaustive,42,cascade,"((0,), (3, 1, 2))",321.7627944946289,277.391396273913,1843.7470703125,0.55,4,497.90836906433105,0
exhaustive,42,cascade,"((0,), (3, 2, 1))",311.9351177215576,275.7611165289374,1829.7972564697266,0.5666666666666667,4,497.1002254486084,0
exhaustive,42,cascade,"((1, 0), (2, 3))",302.03820419311523,274.06885930688213,1801.777328491211,0.6,4,496.5023784637451,0
exhaustive,42,cascade,"((1, 0), (3, 2))",311.3829689025879,275.5619528534376,1829.2676391601562,0.6,4,497.0671977996826,0
exhaustive,42,cascade,"((1, 0, 2), (3,))",311.3829689025879,275.5619528534376,1829.2676391601562,0.6333333333333333,4,497.0671977996826,0
exhaustive,42,cascade,"((1, 0, 3), (2,))",299.87574577331543,272.81941428614005,1800.076187133789,0.6333333333333333,4,496.3160228729248,0
exhaustive,42,cascade,"((1, 2), (3, 0))",312.3312511444092,276.141362032068,1830.4892883300781,0.6,4,497.1219539642334,0
exhaustive,42,cascade,"((1, 2, 0), (3,))",317.4640007019043,279.13207679936176,1836.2525329589844,0.6,4,497.43431663513184,0
exhaustive,42,cascade,"((1, 3), (2, 0))",305.78472900390625,276.3895385078064,1807.0884857177734,0.5833333333333334,4,496.69279289245605,0
exhaustive,42,cascade,"((1, 3, 0), (2,))",300.81972312927246,273.3988237586648,1801.2989501953125,0.5833333333333334,4,496.3710765838623,0
exhaustive,42,cascade,"((1,), (2, 0, 3))",308.69572257995605,278.03640278157735,1809.2815704345703,0.6333333333333333,4,496.93461418151855,0
exhaustive,42,cascade,"((1,), (2, 3, 0))",309.2439079284668,278.38351670523144,1812.9945831298828,0.6,4,496.9136714935303,0
exhaustive,42,cascade,"((1,), (3, 0, 2))",322.71933364868164,277.97080665954365,1844.9701080322266,0.6333333333333333,4,497.96300315856934,0
exhaustive,42,cascade,"((1,), (3, 2, 0))",319.0611228942871,279.8765335721701,1840.4635772705078,0.6,4,497.4713878631592,0
exhaustive,42,cascade,"((2, 0), (3, 1))",305.78472900390625,276.3895385078064,1807.0884857177734,0.5833333333333334,4,496.69279289245605,0
exhaustive,42,cascade,"((2, 0, 1), (3,))",306.0600242614746,276.52031947739295,1807.4324188232422,0.6333333333333333,4,496.7121334075928,0
exhaustive,42,cascade,"((2, 1), (3, 0))",301.1059112548828,273.5296049945485,1801.6433563232422,0.6,4,496.39066886901855,0
exhaustive,42,cascade,"((2, 1, 0), (3,))",306.0600242614746,276.52031947739295,1807.4324188232422,0.6,4,496.7121334075928,0
exhaustive,42,cascade,"((2,), (3, 0, 1))",300.81972312927246,273.3988237586648,1801.2989501953125,0.6333333333333333,4,496.3710765838623,0
exhaustive,42,cascade,"((2,), (3, 1, 0))",300.81972312927246,273.3988237586648,1801.2989501953125,0.5833333333333334,4,496.3710765838623,0
exhaustive,43,ood,"((), (0, 1, 2))",1125.8656616210938,351.57579733432544,3543.276397705078,0.25,1,468.65428161621094,0
exhaustive,43,ood,"((), (0, 2, 1))",1112.4847259521484,345.517998579544,3512.7642822265625,0.25,2,468.4428291320801,0
exhaustive,43,ood,"((), (1, 0, 2))",1141.4427642822266,357.86101413863696,3575.7525634765625,0.3,0,468.87129974365234,0
exhaustive,43,ood,"((), (1, 2, 0))",1141.4427642822266,357.86101413863696,3575.7525634765625,0.25,0,468.87129974365234,0
exhaustive,43,ood,"((), (2, 0, 1))",1112.4847259521484,345.517998579544,3512.7642822265625,0.3,2,468.4428291320801,0
exhaustive,43,ood,"((), (2, 1, 0))",1127.8953094482422,351.80255456885715,3545.1204223632812,0.25,1,468.6675338745117,0
exhaustive,43,ood,"((0, 1), (2,))",1112.4847259521484,345.517998579544,3512.7642822265625,0.45,2,468.4428291320801,0
exhaustive,43,ood,"((0, 2), (1,))",1112.4847259521484,345.517998579544,3512.7642822265625,0.45,2,468.4428291320801,0
exhaustive,43,ood,"((0,), (1, 2))",1125.8656616210938,351.57579733432544,3543.276397705078,0.4,1,468.65428161621094,0
exhaustive,43,ood,"((0,), (2, 1))",1112.4847259521484,345.517998579544,3512.7642822265625,0.4,2,468.4428291320801,0
exhaustive,43,ood,"((1, 0), (2,))",1127.8953094482422,351.80255456885715,3545.1204223632812,0.45,1,468.6675338745117,0
exhaustive,43,ood,"((1,), (2, 0))",1112.4847259521484,345.517998579544,3512.7642822265625,0.45,2,468.4428291320801,0
exhaustive,44,nominal,"((), (0, 1, 2, 3))",0.004993258451577276,1.4093786801610622,599.6366806030273,0.4666666666666667,4,228.73136854171753,0
exhaustive,44,nominal,"((), (0, 1, 3, 2))",0.005062487151008099,1.4180429963688512,599.6529235839844,0.48333333333333334,4,228.7371735572815,0
exhaustive,44,nominal,"((), (0, 2, 1, 3))",0.004993258451577276,1.4093786801610622,599.6366806030273,0.4666666666666667,4,228.73136854171753,0
exhaustive,44,nominal,"((), (0, 2, 3, 1))",0.006143060221802443,1.544377487462703,599.9698715209961,0.48333333333333334,4,228.80613374710083,0
exhaustive,44,nominal,"((), (0, 3, 1, 2))",0.006039532599970698,1.544734827459707,599.977294921875,0.48333333333333334,4,228.8116955757141,0
exhaustive,44,nominal,"((), (0, 3, 2, 1))",0.006039532599970698,1.544734827459707,599.977294921875,0.48333333333333334,4,228.8116955757141,0
exhaustive,44,nominal,"((), (1, 0, 2, 3))",0.004993258451577276,1.4093786801610622,599.6366806030273,0.5166666666666667,4,228.73136854171753,0
exhaustive,44,nominal,"((), (1, 0, 3, 2))",0.005062487151008099,1.4180429963688512,599.6529235839844,0.5333333333333333,4,228.7371735572815,0
exhaustive,44,nominal,"((), (1, 2, 0, 3))",0.004993258451577276,1.4093786801610622,599.6366806030273,0.5166666666666667,4,228.73136854171753,0
exhaustive,44,nominal,"((), (1, 2, 3, 0))",0.004820270405616611,1.401071703620184,599.6282501220703,0.48333333333333334,4,228.73123979568481,0
exhaustive,44,nominal,"((), (1, 3, 0, 2))",0.0048894796054810286,1.4097360192073123,599.6444969177246,0.5333333333333333,4,228.7370524406433,0
exhaustive,44,nominal,"((), (1, 3, 2, 0))",0.0048894796054810286,1.4097360192073123,599.6444969177246,0.48333333333333334,4,228.7370524406433,0
exhaustive,44,nominal,"((), (2, 0, 1, 3))",0.004993258451577276,1.4093786801610622,599.6366806030273,0.5166666666666667,4,228.73136854171753,0
exhaustive,44,nominal,"((), (2, 0, 3, 1))",0.006143060221802443,1.544377487462703,599.9698715209961,0.5333333333333333,4,228.80613374710083,0
exhaustive,44,nominal,"((), (2, 1, 0, 3))",0.004993258451577276,1.4093786801610622,599.6366806030273,0.5166666666666667,4,228.73136854171753,0
exhaustive,44,nominal,"((), (2, 1, 3, 0))",0.004820270405616611,1.401071703620184,599.6282501220703,0.48333333333333334,4,228.73123979568481,0
exhaustive,44,nominal,"((), (2, 3, 0, 1))",0.005969939869828522,1.5360705108865305,599.9614181518555,0.5333333333333333,4,228.80602502822876,0
exhaustive,44,nominal,"((), (2, 3, 1, 0))",0.005969939869828522,1.5360705108865305,599.9614181518555,0.48333333333333334,4,228.80602502822876,0
exhaustive,44,nominal,"((), (3, 0, 1, 2))",0.006039532599970698,1.544734827459707,599.977294921875,0.5166666666666667,4,228.8116955757141,0
exhaustive,44,nominal,"((), (3, 0, 2, 1))",0.006039532599970698,1.544734827459707,599.977294921875,0.5166666666666667,4,228.8116955757141,0
exhaustive,44,nominal,"((), (3, 1, 0, 2))",0.0048894796054810286,1.4097360192073123,599.6444969177246,0.5166666666666667,4,228.7370524406433,0
exhaustive,44,nominal,"((), (3, 1, 2, 0))",0.0048894796054810286,1.4097360192073123,599.6444969177246,0.4666666666666667,4,228.7370524406433,0
exhaustive,44,nominal,"((), (3, 2, 0, 1))",0.005969939869828522,1.5360705108865305,599.9614181518555,0.5166666666666667,4,228.80602502822876,0
exhaustive,44,nominal,"((), (3, 2, 1, 0))",0.005969939869828522,1.5360705108865305,599.9614181518555,0.4666666666666667,4,228.80602502822876,0
exhaustive,44,nominal,"((0, 1), (2, 3))",0.004820270405616611,1.401071703620184,599.6282501220703,0.6,4,228.73123979568481,0
exhaustive,44,nominal,"((0, 1), (3, 2))",0.004820270405616611,1.401071703620184,599.6282501220703,0.6,4,228.73123979568481,0
exhaustive,44,nominal,"((0, 1, 2), (3,))",0.004820270405616611,1.401071703620184,599.6282501220703,0.5833333333333334,4,228.73123979568481,0
exhaustive,44,nominal,"((0, 1, 3), (2,))",0.004993258451577276,1.4093786801610622,599.6366806030273,0.6,4,228.73136854171753,0
exhaustive,44,nominal,"((0, 2), (1, 3))",0.004820270405616611,1.401071703620184,599.6282501220703,0.6,4,228.73123979568481,0
exhaustive,44,nominal,"((0, 2), (3, 1))",0.004820270405616611,1.401071703620184,599.6282501220703,0.6,4,228.73123979568481,0
exhaustive,44,nominal,"((0, 2, 1), (3,))",0.004820270405616611,1.401071703620184,599.6282501220703,0.5833333333333334,4,228.73123979568481,0
exhaustive,44,nominal,"((0, 2, 3), (1,))",0.004993258451577276,1.4093786801610622,599.6366806030273,0.6,4,228.73136854171753,0
exhaustive,44,nominal,"((0, 3), (1, 2))",0.004820270405616611,1.401071703620184,599.6282501220703,0.6,4,228.73123979568481,0
exhaustive,44,nominal,"((0, 3), (2, 1))",0.004820270405616611,1.401071703620184,599.6282501220703,0.6,4,228.73123979568481,0
exhaustive,44,nominal,"((0, 3, 1), (2,))",0.005969939869828522,1.5360705108865305,599.9614181518555,0.6166666666666667,4,228.80602502822876,0
exhaustive,44,nominal,"((0, 3, 2), (1,))",0.0048894796054810286,1.4097360192073123,599.6444969177246,0.6166666666666667,4,228.7370524406433,0
exhaustive,44,nominal,"((0,), (1, 2, 3))",0.004820270405616611,1.401071703620184,599.6282501220703,0.55,4,228.73123979568481,0
exhaustive,44,nominal,"((0,), (1, 3, 2))",0.0048894796054810286,1.4097360192073123,599.6444969177246,0.5666666666666667,4,228.7370524406433,0
exhaustive,44,nominal,"((0,), (2, 1, 3))",0.004820270405616611,1.401071703620184,599.6282501220703,0.55,4,228.73123979568481,0
exhaustive,44,nominal,"((0,), (2, 3, 1))",0.005969939869828522,1.5360705108865305,599.9614181518555,0.5666666666666667,4,228.80602502822876,0
exhaustive,44,nominal,"((0,), (3, 1, 2))",0.0048894796054810286,1.4097360192073123,599.6444969177246,0.55,4,228.7370524406433,0
exhaustive,44,nominal,"((0,), (3, 2, 1))",0.005969939869828522,1.5360705108865305,599.9614181518555,0.55,4,228.80602502822876,0
exhaustive,44,nominal,"((1, 0), (2, 3))",0.004820270405616611,1.401071703620184,599.6282501220703,0.6,4,228.73123979568481,0
exhaustive,44,nominal,"((1, 0), (3, 2))",0.004820270405616611,1.401071703620184,599.6282501220703,0.6,4,228.73123979568481,0
exhaustive,44,nominal,"((1, 0, 2), (3,))",0.004820270405616611,1.401071703620184,599.6282501220703,0.6333333333333333,4,228.73123979568481,0
exhaustive,44,nominal,"((1, 0, 3), (2,))",0.004993258451577276,1.4093786801610622,599.6366806030273,0.65,4,228.73136854171753,0
exhaustive,44,nominal,"((1, 2), (3, 0))",0.004820270405616611,1.401071703620184,599.6282501220703,0.6,4,228.73123979568481,0
exhaustive,44,nominal,"((1, 2, 0), (3,))",0.004820270405616611,1.401071703620184,599.6282501220703,0.5833333333333334,4,228.73123979568481,0
exhaustive,44,nominal,"((1, 3), (2, 0))",0.004820270405616611,1.401071703620184,599.6282501220703,0.6,4,228.73123979568481,0
exhaustive,44,nominal,"((1, 3, 0), (2,))",0.004820270405616611,1.401071703620184,599.6282501220703,0.6166666666666667,4,228.73123979568481,0
exhaustive,44,nominal,"((1,), (2, 0, 3))",0.004993258451577276,1.4093786801610622,599.6366806030273,0.65,4,228.73136854171753,0
exhaustive,44,nominal,"((1,), (2, 3, 0))",0.004820270405616611,1.401071703620184,599.6282501220703,0.6166666666666667,4,228.73123979568481,0
exhaustive,44,nominal,"((1,), (3, 0, 2))",0.0048894796054810286,1.4097360192073123,599.6444969177246,0.65,4,228.7370524406433,0
exhaustive,44,nominal,"((1,), (3, 2, 0))",0.004820270405616611,1.401071703620184,599.6282501220703,0.6,4,228.73123979568481,0
exhaustive,44,nominal,"((2, 0), (3, 1))",0.004820270405616611,1.401071703620184,599.6282501220703,0.6,4,228.73123979568481,0
exhaustive,44,nominal,"((2, 0, 1), (3,))",0.004820270405616611,1.401071703620184,599.6282501220703,0.6333333333333333,4,228.73123979568481,0
exhaustive,44,nominal,"((2, 1), (3, 0))",0.004820270405616611,1.401071703620184,599.6282501220703,0.6,4,228.73123979568481,0
exhaustive,44,nominal,"((2, 1, 0), (3,))",0.004820270405616611,1.401071703620184,599.6282501220703,0.5833333333333334,4,228.73123979568481,0
exhaustive,44,nominal,"((2,), (3, 0, 1))",0.005969939869828522,1.5360705108865305,599.9614181518555,0.65,4,228.80602502822876,0
exhaustive,44,nominal,"((2,), (3, 1, 0))",0.004820270405616611,1.401071703620184,599.6282501220703,0.6,4,228.73123979568481,0
exhaustive,45,single_domain,"((), (0, 1, 2, 3))",1.5965697215870023,21.481664322793957,1083.8434143066406,0.4166666666666667,4,403.89514923095703,0
exhaustive,45,single_domain,"((), (0, 1, 3, 2))",1.5958793051540852,21.245666749306263,1083.1987609863281,0.4,4,403.7400894165039,0
exhaustive,45,single_domain,"((), (0, 2, 1, 3))",1.5975172370672226,21.688208979012924,1084.1640090942383,0.4,4,403.9203414916992,0
exhaustive,45,single_domain,"((), (0, 2, 3, 1))",1.5980557575821877,21.788742507583887,1084.2460403442383,0.4,4,403.92293548583984,0
exhaustive,45,single_domain,"((), (0, 3, 1, 2))",1.596274547278881,21.337345563224247,1083.3209838867188,0.4,4,403.7497100830078,0
exhaustive,45,single_domain,"((), (0, 3, 2, 1))",1.5972383469343185,21.536404080209923,1083.5302429199219,0.4166666666666667,4,403.7616729736328,0
exhaustive,45,single_domain,"((), (1, 0, 2, 3))",1.596316870301962,21.417559874720457,1083.6676177978516,0.45,4,403.88753509521484,0
exhaustive,45,single_domain,"((), (1, 0, 3, 2))",1.595646569505334,21.184657619549153,1083.0462493896484,0.45,4,403.7342720031738,0
exhaustive,45,single_domain,"((), (1, 2, 0, 3))",1.5980492308735847,21.760458897933738,1084.0860137939453,0.45,4,403.9487533569336,0
exhaustive,45,single_domain,"((), (1, 2, 3, 0))",1.59859006293118,21.8033264726906,1084.0459365844727,0.4166666666666667,4,403.9377861022949,0
exhaustive,45,single_domain,"((), (1, 3, 0, 2))",1.5960856517776847,21.227965800998106,1082.926887512207,0.43333333333333335,4,403.70701599121094,0
exhaustive,45,single_domain,"((), (1, 3, 2, 0))",1.5978829599916935,21.555324429995753,1083.4353485107422,0.4,4,403.8214912414551,0
exhaustive,45,single_domain,"((), (2, 0, 1, 3))",1.5992498882114887,22.03110806034072,1084.5824966430664,0.43333333333333335,4,403.98143005371094,0
exhaustive,45,single_domain,"((), (2, 0, 3, 1))",1.5997884199023247,22.131641588911684,1084.6646575927734,0.43333333333333335,4,403.98400115966797,0
exhaustive,45,single_domain,"((), (2, 1, 0, 3))",1.5987388212233782,21.92268762875257,1084.4313049316406,0.45,4,403.9696731567383,0
exhaustive,45,single_domain,"((), (2, 1, 3, 0))",1.599252114072442,21.961674262712382,1084.3793869018555,0.4,4,403.9561080932617,0
exhaustive,45,single_domain,"((), (2, 3, 0, 1))",1.599821638315916,22.028210920429117,1084.224380493164,0.45,4,403.89453125,0
exhaustive,45,single_domain,"((), (2, 3, 1, 0))",1.599334703758359,21.933478181626036,1084.1494140625,0.4,4,403.8919448852539,0
exhaustive,45,single_domain,"((), (3, 0, 1, 2))",1.5964244063943624,21.283640851395873,1082.922119140625,0.45,4,403.68535232543945,0
exhaustive,45,single_domain,"((), (3, 0, 2, 1))",1.597276384010911,21.467811807626845,1083.0607833862305,0.45,4,403.6963920593262,0
exhaustive,45,single_domain,"((), (3, 1, 0, 2))",1.5960573935881257,21.19607580712176,1082.8067321777344,0.43333333333333335,4,403.6760902404785,0
exhaustive,45,single_domain,"((), (3, 1, 2, 0))",1.597853783518076,21.52344245797285,1083.3152694702148,0.4,4,403.7906265258789,0
exhaustive,45,single_domain,"((), (3, 2, 0, 1))",1.5990525782108307,21.79129291655136,1083.563102722168,0.45,4,403.8069953918457,0
exhaustive,45,single_domain,"((), (3, 2, 1, 0))",1.5986171960830688,21.702704999062327,1083.5031509399414,0.4166666666666667,4,403.8045349121094,0
exhaustive,45,single_domain,"((0, 1), (2, 3))",1.5958269918337464,21.236638951290068,1083.1696166992188,0.6,4,403.7339286804199,0
exhaustive,45,single_domain,"((0, 1), (3, 2))",1.595201431773603,21.018737812078665,1082.587791442871,0.6,4,403.6472511291504,0
exhaustive,45,single_domain,"((0, 1, 2), (3,))",1.5952216694131494,21.022623402971696,1082.6005172729492,0.6,4,403.65098571777344,0
exhaustive,45,single_domain,"((0, 1, 3), (2,))",1.5958269918337464,21.236638951290068,1083.1696166992188,0.5833333333333334,4,403.7339286804199,0
exhaustive,45,single_domain,"((0, 2), (1, 3))",1.5952492086216807,21.05448974447572,1082.720558166504,0.5833333333333334,4,403.6819076538086,0
exhaustive,45,single_domain,"((0, 2), (3, 1))",1.5952216694131494,21.022623402971696,1082.6005172729492,0.5833333333333334,4,403.65098571777344,0
exhaustive,45,single_domain,"((0, 2, 1), (3,))",1.5960052236914635,21.2057714839894,1082.8009948730469,0.6,4,403.6688117980957,0
exhaustive,45,single_domain,"((0, 2, 3), (1,))",1.596316870301962,21.417559874720457,1083.6676177978516,0.6,4,403.88753509521484,0
exhaustive,45,single_domain,"((0, 3), (1, 2))",1.595594260841608,21.175629813774695,1083.0171356201172,0.6,4,403.7281074523926,0
exhaustive,45,single_domain,"((0, 3), (2, 1))",1.5962222330272198,21.32831777637638,1083.2917938232422,0.6,4,403.74355697631836,0
exhaustive,45,single_domain,"((0, 3, 1), (2,))",1.5962222330272198,21.32831777637638,1083.2917938232422,0.5833333333333334,4,403.74355697631836,0
exhaustive,45,single_domain,"((0, 3, 2), (1,))",1.595646569505334,21.184657619549153,1083.0462493896484,0.6,4,403.7342720031738,0
exhaustive,45,single_domain,"((0,), (1, 2, 3))",1.5959535855799913,21.30249189673053,1083.3228607177734,0.5666666666666667,4,403.79885482788086,0
exhaustive,45,single_domain,"((0,), (1, 3, 2))",1.5952492086216807,21.05448974447572,1082.720558166504,0.55,4,403.6819076538086,0
exhaustive,45,single_domain,"((0,), (2, 1, 3))",1.596615363843739,21.460839628687854,1083.656234741211,0.55,4,403.8173408508301,0
exhaustive,45,single_domain,"((0,), (2, 3, 1))",1.596699113957584,21.43264355604347,1083.4253845214844,0.55,4,403.7528495788574,0
exhaustive,45,single_domain,"((0,), (3, 1, 2))",1.5952216694131494,21.022623402971696,1082.6005172729492,0.55,4,403.65098571777344,0
exhaustive,45,single_domain,"((0,), (3, 2, 1))",1.5959849869832397,21.201885902064163,1082.7883071899414,0.5666666666666667,4,403.6650810241699,0
exhaustive,45,single_domain,"((1, 0), (2, 3))",1.595594260841608,21.175629813774695,1083.0171356201172,0.6,4,403.7281074523926,0
exhaustive,45,single_domain,"((1, 0), (3, 2))",1.594983333721757,20.960311181986807,1082.4427108764648,0.6,4,403.64246368408203,0
exhaustive,45,single_domain,"((1, 0, 2), (3,))",1.5950035694986582,20.964196782531968,1082.4554290771484,0.6333333333333333,4,403.64620208740234,0
exhaustive,45,single_domain,"((1, 0, 3), (2,))",1.595594260841608,21.175629813774695,1083.0171356201172,0.6333333333333333,4,403.7281074523926,0
exhaustive,45,single_domain,"((1, 2), (3, 0))",1.5957872373983264,21.128645055246707,1082.6325225830078,0.6,4,403.66513442993164,0
exhaustive,45,single_domain,"((1, 2, 0), (3,))",1.5967324618250132,21.30709605888618,1082.869972229004,0.6,4,403.7080307006836,0
exhaustive,45,single_domain,"((1, 3), (2, 0))",1.5969791766256094,21.397388807327115,1083.1351318359375,0.5833333333333334,4,403.7437057495117,0
exhaustive,45,single_domain,"((1, 3, 0), (2,))",1.5960333989933133,21.21893799260246,1082.8977355957031,0.5833333333333334,4,403.7008361816406,0
exhaustive,45,single_domain,"((1,), (2, 0, 3))",1.5980492308735847,21.760458897933738,1084.0860137939453,0.6333333333333333,4,403.9487533569336,0
exhaustive,45,single_domain,"((1,), (2, 3, 0))",1.5982296224683523,21.676464468962564,1083.7319030761719,0.6,4,403.8674736022949,0
exhaustive,45,single_domain,"((1,), (3, 0, 2))",1.5958392629399896,21.137649217223398,1082.6615905761719,0.6333333333333333,4,403.6713180541992,0
exhaustive,45,single_domain,"((1,), (3, 2, 0))",1.5976153705269098,21.461130303998697,1083.1575088500977,0.6,4,403.78217697143555,0
exhaustive,45,single_domain,"((2, 0), (3, 1))",1.596950619481504,21.365522595217925,1083.0150604248047,0.5833333333333334,4,403.71279525756836,0
exhaustive,45,single_domain,"((2, 0, 1), (3,))",1.5977342585101724,21.54867077811445,1083.215560913086,0.6333333333333333,4,403.7305374145508,0
exhaustive,45,single_domain,"((2, 1), (3, 0))",1.596372377127409,21.274636706953235,1082.8930206298828,0.6,4,403.6791801452637,0
exhaustive,45,single_domain,"((2, 1, 0), (3,))",1.5973176527768373,21.45308775014157,1083.1304473876953,0.6,4,403.72204971313477,0
exhaustive,45,single_domain,"((2,), (3, 0, 1))",1.596372377127409,21.274636706953235,1082.8930206298828,0.6333333333333333,4,403.6791801452637,0
exhaustive,45,single_domain,"((2,), (3, 1, 0))",1.5960053661838174,21.18707165617641,1082.7776412963867,0.5833333333333334,4,403.6699028015137,0
exhaustive,46,cascade,"((), (0, 1, 2, 3))",259.7362365722656,183.4722174726161,1229.1966171264648,0.4166666666666667,4,322.1553554534912,0
exhaustive,46,cascade,"((), (0, 1, 3, 2))",259.7362403869629,183.47089470299093,1229.441177368164,0.4166666666666667,4,322.3206367492676,0
exhaustive,46,cascade,"((), (0, 2, 1, 3))",258.4756107330322,183.14631907340814,1228.370475769043,0.55,4,322.1282787322998,0
exhaustive,46,cascade,"((), (0, 2, 3, 1))",261.77491760253906,185.7884458263402,1230.9211502075195,0.5166666666666667,4,322.74234104156494,0
exhaustive,46,cascade,"((), (0, 3, 1, 2))",258.47560691833496,183.1446699369291,1228.6136093139648,0.55,4,322.29157066345215,0
exhaustive,46,cascade,"((), (0, 3, 2, 1))",261.77491760253906,185.7884458263402,1230.9211502075195,0.5166666666666667,4,322.74234104156494,0
exhaustive,46,cascade,"((), (1, 0, 2, 3))",260.0939884185791,183.7387973620376,1229.4507598876953,0.4666666666666667,4,322.169451713562,0
exhaustive,46,cascade,"((), (1, 0, 3, 2))",260.09399223327637,183.73747459241244,1229.6951446533203,0.4666666666666667,4,322.33467960357666,0
exhaustive,46,cascade,"((), (1, 2, 0, 3))",260.0939884185791,183.7387973620376,1229.4507598876953,0.6,4,322.169451713562,0
exhaustive,46,cascade,"((), (1, 2, 3, 0))",258.8366813659668,183.63431623866268,1226.9518737792969,0.5166666666666667,4,322.1520471572876,0
exhaustive,46,cascade,"((), (1, 3, 0, 2))",260.09399223327637,183.73747459241244,1229.6951446533203,0.6,4,322.33467960357666,0
exhaustive,46,cascade,"((), (1, 3, 2, 0))",258.8366813659668,183.63431623866268,1226.9518737792969,0.5166666666666667,4,322.1520471572876,0
exhaustive,46,cascade,"((), (2, 0, 1, 3))",258.4756107330322,183.14631907340814,1228.370475769043,0.5,4,322.1282787322998,0
exhaustive,46,cascade,"((), (2, 0, 3, 1))",262.9964141845703,186.10196439766034,1231.7403945922852,0.6,4,322.77232933044434,0
exhaustive,46,cascade,"((), (2, 1, 0, 3))",258.8364658355713,183.41289896282962,1228.6266250610352,0.5,4,322.1425380706787,0
exhaustive,46,cascade,"((), (2, 1, 3, 0))",257.62241554260254,183.32115580242782,1221.0139999389648,0.55,4,321.6397113800049,0
exhaustive,46,cascade,"((), (2, 3, 0, 1))",261.77491760253906,185.7884458263402,1230.9211502075195,0.4666666666666667,4,322.74234104156494,0
exhaustive,46,cascade,"((), (2, 3, 1, 0))",256.4041175842285,183.0076372311077,1220.1968078613281,0.4166666666666667,4,321.6096429824829,0
exhaustive,46,cascade,"((), (3, 0, 1, 2))",258.47560691833496,183.1446699369291,1228.6136093139648,0.5,4,322.29157066345215,0
exhaustive,46,cascade,"((), (3, 0, 2, 1))",262.9964141845703,186.10160656708015,1231.7403945922852,0.6,4,322.77232933044434,0
exhaustive,46,cascade,"((), (3, 1, 0, 2))",258.8364772796631,183.41124982635054,1228.8697052001953,0.5,4,322.3057632446289,0
exhaustive,46,cascade,"((), (3, 1, 2, 0))",257.62242317199707,183.32079797184764,1221.0139999389648,0.55,4,321.6397113800049,0
exhaustive,46,cascade,"((), (3, 2, 0, 1))",261.77491760253906,185.7884458263402,1230.9211502075195,0.4666666666666667,4,322.74234104156494,0
exhaustive,46,cascade,"((), (3, 2, 1, 0))",256.4041175842285,183.0076372311077,1220.1968078613281,0.4166666666666667,4,321.6096429824829,0
exhaustive,46,cascade,"((0, 1), (2, 3))",255.49796676635742,182.31147229788158,1219.5779037475586,0.5166666666666667,4,321.56659030914307,0
exhaustive,46,cascade,"((0, 1), (3, 2))",255.49796676635742,182.31147229788158,1219.5779037475586,0.5166666666666667,4,321.56659030914307,0
exhaustive,46,cascade,"((0, 1, 2), (3,))",256.7204418182373,182.62463303862148,1220.3974838256836,0.55,4,321.5968647003174,0
exhaustive,46,cascade,"((0, 1, 3), (2,))",256.7204418182373,182.62499086920167,1220.3974838256836,0.55,4,321.5968647003174,0
exhaustive,46,cascade,"((0, 2), (1, 3))",256.7204418182373,182.62499086920167,1220.3974838256836,0.65,4,321.5968647003174,0
exhaustive,46,cascade,"((0, 2), (3, 1))",255.49796676635742,182.31147229788158,1219.5779037475586,0.65,4,321.56659030914307,0
exhaustive,46,cascade,"((0, 2, 1), (3,))",255.49796676635742,182.31147229788158,1219.5779037475586,0.65,4,321.56659030914307,0
exhaustive,46,cascade,"((0, 2, 3), (1,))",255.49796676635742,182.31147229788158,1219.5779037475586,0.6166666666666667,4,321.56659030914307,0
exhaustive,46,cascade,"((0, 3), (1, 2))",256.7204418182373,182.62463303862148,1220.3974838256836,0.65,4,321.5968647003174,0
exhaustive,46,cascade,"((0, 3), (2, 1))",255.49796676635742,182.31147229788158,1219.5779037475586,0.65,4,321.56659030914307,0
exhaustive,46,cascade,"((0, 3, 1), (2,))",255.49796676635742,182.31147229788158,1219.5779037475586,0.65,4,321.56659030914307,0
exhaustive,46,cascade,"((0, 3, 2), (1,))",255.49796676635742,182.31147229788158,1219.5779037475586,0.6166666666666667,4,321.56659030914307,0
exhaustive,46,cascade,"((0,), (1, 2, 3))",257.93879318237305,182.9381513054365,1226.3416137695312,0.5666666666666667,4,322.10993003845215,0
exhaustive,46,cascade,"((0,), (1, 3, 2))",257.93879318237305,182.9381513054365,1226.3416137695312,0.5666666666666667,4,322.10993003845215,0
exhaustive,46,cascade,"((0,), (2, 1, 3))",256.7204418182373,182.62499086920167,1220.3974838256836,0.6,4,321.5968647003174,0
exhaustive,46,cascade,"((0,), (2, 3, 1))",255.49796676635742,182.31147229788158,1219.5779037475586,0.5666666666666667,4,321.56659030914307,0
exhaustive,46,cascade,"((0,), (3, 1, 2))",256.7204418182373,182.62463303862148,1220.3974838256836,0.6,4,321.5968647003174,0
exhaustive,46,cascade,"((0,), (3, 2, 1))",255.49796676635742,182.31147229788158,1219.5779037475586,0.5666666666666667,4,321.56659030914307,0
exhaustive,46,cascade,"((1, 0), (2, 3))",255.86281394958496,182.57805218730303,1219.8378067016602,0.5166666666666667,4,321.58119106292725,0
exhaustive,46,cascade,"((1, 0), (3, 2))",255.86281394958496,182.57805218730303,1219.8378067016602,0.5166666666666667,4,321.58119106292725,0
exhaustive,46,cascade,"((1, 0, 2), (3,))",257.0821056365967,182.891212928043,1220.6553649902344,0.6,4,321.6112976074219,0
exhaustive,46,cascade,"((1, 0, 3), (2,))",257.08209800720215,182.89157075862317,1220.6553649902344,0.6,4,321.6112976074219,0
exhaustive,46,cascade,"((1, 2), (3, 0))",256.7204418182373,182.62463303862148,1220.3974838256836,0.65,4,321.5968647003174,0
exhaustive,46,cascade,"((1, 2, 0), (3,))",257.0821056365967,182.891212928043,1220.6553649902344,0.65,4,321.6112976074219,0
exhaustive,46,cascade,"((1, 3), (2, 0))",256.7204418182373,182.62499086920167,1220.3974838256836,0.65,4,321.5968647003174,0
exhaustive,46,cascade,"((1, 3, 0), (2,))",257.08209800720215,182.89157075862317,1220.6553649902344,0.65,4,321.6112976074219,0
exhaustive,46,cascade,"((1,), (2, 0, 3))",256.7204418182373,182.62499086920167,1220.3974838256836,0.7,4,321.5968647003174,0
exhaustive,46,cascade,"((1,), (2, 3, 0))",255.49796676635742,182.31147229788158,1219.5779037475586,0.6166666666666667,4,321.56659030914307,0
exhaustive,46,cascade,"((1,), (3, 0, 2))",256.7204418182373,182.62463303862148,1220.3974838256836,0.7,4,321.5968647003174,0
exhaustive,46,cascade,"((1,), (3, 2, 0))",255.49796676635742,182.31147229788158,1219.5779037475586,0.6166666666666667,4,321.56659030914307,0
exhaustive,46,cascade,"((2, 0), (3, 1))",255.49796676635742,182.31147229788158,1219.5779037475586,0.65,4,321.56659030914307,0
exhaustive,46,cascade,"((2, 0, 1), (3,))",255.49796676635742,182.31147229788158,1219.5779037475586,0.6,4,321.56659030914307,0
exhaustive,46,cascade,"((2, 1), (3, 0))",255.49796676635742,182.31147229788158,1219.5779037475586,0.65,4,321.56659030914307,0
exhaustive,46,cascade,"((2, 1, 0), (3,))",255.86281394958496,182.57805218730303,1219.8378067016602,0.55,4,321.58119106292725,0
exhaustive,46,cascade,"((2,), (3, 0, 1))",255.49796676635742,182.31147229788158,1219.5779037475586,0.6,4,321.56659030914307,0
exhaustive,46,cascade,"((2,), (3, 1, 0))",255.86281394958496,182.57805218730303,1219.8378067016602,0.55,4,321.58119106292725,0
exhaustive,47,ood,"((), (0, 1, 2))",1192.130874633789,472.493941154814,1895.4667205810547,0.25,3,184.50860786437988,0
exhaustive,47,ood,"((), (0, 2, 1))",1177.9660339355469,470.4382495434253,1877.6171875,0.25,3,184.4359188079834,0
exhaustive,47,ood,"((), (1, 0, 2))",1194.0470123291016,473.2949397779959,1896.5977172851562,0.3,3,184.536639213562,0
exhaustive,47,ood,"((), (1, 2, 0))",1201.56787109375,476.0147316174259,1900.3032531738281,0.25,3,184.60536670684814,0
exhaustive,47,ood,"((), (2, 0, 1))",1183.0305786132812,472.5125634811903,1880.2694854736328,0.3,3,184.49821662902832,0
exhaustive,47,ood,"((), (2, 1, 0))",1187.3517456054688,473.9590405032026,1882.4304809570312,0.25,3,184.5336399078369,0
exhaustive,47,ood,"((0, 1), (2,))",1175.8093566894531,469.2881493591287,1876.520248413086,0.45,3,184.36496829986572,0
exhaustive,47,ood,"((0, 2), (1,))",1175.8093566894531,469.2881493591287,1876.520248413086,0.45,3,184.36496829986572,0
exhaustive,47,ood,"((0,), (1, 2))",1192.130874633789,472.493941154814,1895.4667205810547,0.4,3,184.50860786437988,0
exhaustive,47,ood,"((0,), (2, 1))",1177.9660339355469,470.4382495434253,1877.6171875,0.4,3,184.4359188079834,0
exhaustive,47,ood,"((1, 0), (2,))",1177.7217712402344,470.08914772676053,1877.6509552001953,0.45,3,184.3930492401123,0
exhaustive,47,ood,"((1,), (2, 0))",1180.8512573242188,471.3624626549762,1879.1734466552734,0.45,3,184.42766284942627,0
exhaustive,48,nominal,"((), (0, 1, 2, 3))",2.2964391289278865,2.1380690764072545,419.6892566680908,0.4166666666666667,4,159.84887194633484,0
exhaustive,48,nominal,"((), (0, 1, 3, 2))",2.2964010575960856,2.121741544146352,419.6610507965088,0.4,4,159.83890795707703,0
exhaustive,48,nominal,"((), (0, 2, 1, 3))",2.295946397469379,1.7097676557492631,419.2867078781128,0.4,4,159.70233845710754,0
exhaustive,48,nominal,"((), (0, 2, 3, 1))",2.2958794590085745,1.6789606298033957,419.2342920303345,0.4,4,159.68369126319885,0
exhaustive,48,nominal,"((), (0, 3, 1, 2))",2.296350199612789,2.0937860689462755,419.6211414337158,0.4,4,159.82445073127747,0
exhaustive,48,nominal,"((), (0, 3, 2, 1))",2.2958600474521518,1.6665440215041867,419.219970703125,0.4166666666666667,4,159.6783902645111,0
exhaustive,48,nominal,"((), (1, 0, 2, 3))",2.296444037085166,2.1404086839300085,419.6906261444092,0.45,4,159.8495728969574,0
exhaustive,48,nominal,"((), (1, 0, 3, 2))",2.2965866890735924,2.239446223154226,419.8246440887451,0.45,4,159.8970353603363,0
exhaustive,48,nominal,"((), (1, 2, 0, 3))",2.296444037085166,2.1404086839300085,419.6906261444092,0.45,4,159.8495728969574,0
exhaustive,48,nominal,"((), (1, 2, 3, 0))",2.2964173158688936,2.128639461649224,419.66602897644043,0.4166666666666667,4,159.8408715724945,0
exhaustive,48,nominal,"((), (1, 3, 0, 2))",2.2965866890735924,2.239446223154226,419.8246440887451,0.43333333333333335,4,159.8970353603363,0
exhaustive,48,nominal,"((), (1, 3, 2, 0))",2.2964173158688936,2.128639461649224,419.66602897644043,0.4,4,159.8408715724945,0
exhaustive,48,nominal,"((), (2, 0, 1, 3))",2.295946397469379,1.7097676557492631,419.2867078781128,0.43333333333333335,4,159.70233845710754,0
exhaustive,48,nominal,"((), (2, 0, 3, 1))",2.2958794590085745,1.6789606298033957,419.2342920303345,0.43333333333333335,4,159.68369126319885,0
exhaustive,48,nominal,"((), (2, 1, 0, 3))",2.2959513039095327,1.712107268373274,419.28813457489014,0.45,4,159.70305562019348,0
exhaustive,48,nominal,"((), (2, 1, 3, 0))",2.2959247206163127,1.7003380431520911,419.2632780075073,0.4,4,159.69427800178528,0
exhaustive,48,nominal,"((), (2, 3, 0, 1))",2.2958600474521518,1.6665440215041867,419.219970703125,0.45,4,159.6783902645111,0
exhaustive,48,nominal,"((), (2, 3, 1, 0))",2.295874159259256,1.6723825886227757,419.2227249145508,0.4,4,159.67957854270935,0
exhaustive,48,nominal,"((), (3, 0, 1, 2))",2.296530844992958,2.209151166958406,419.7834720611572,0.45,4,159.88190388679504,0
exhaustive,48,nominal,"((), (3, 0, 2, 1))",2.2961138100363314,1.9209555548829387,419.4116516113281,0.45,4,159.74924397468567,0
exhaustive,48,nominal,"((), (3, 1, 0, 2))",2.2965357493958436,2.2114907767830037,419.7848892211914,0.43333333333333335,4,159.8826162815094,0
exhaustive,48,nominal,"((), (3, 1, 2, 0))",2.2963664493872784,2.100683992823019,419.6261215209961,0.4,4,159.82641053199768,0
exhaustive,48,nominal,"((), (3, 2, 0, 1))",2.2958600474521518,1.6665440215041867,419.219970703125,0.45,4,159.6783902645111,0
exhaustive,48,nominal,"((), (3, 2, 1, 0))",2.295874159259256,1.6723825886227757,419.2227249145508,0.4166666666666667,4,159.67957854270935,0
exhaustive,48,nominal,"((0, 1), (2, 3))",2.2958579139085487,1.6654846548779125,419.2177200317383,0.6,4,159.67759680747986,0
exhaustive,48,nominal,"((0, 1), (3, 2))",2.2958579139085487,1.6654846548779125,419.2177200317383,0.6,4,159.67759680747986,0
exhaustive,48,nominal,"((0, 1, 2), (3,))",2.296350199612789,2.0937860689462755,419.6211414337158,0.6,4,159.82445073127747,0
exhaustive,48,nominal,"((0, 1, 3), (2,))",2.295908466767287,1.6934401164153872,419.2582654953003,0.5833333333333334,4,159.69229435920715,0
exhaustive,48,nominal,"((0, 2), (1, 3))",2.295908466767287,1.6934401164153872,419.2582654953003,0.5833333333333334,4,159.69229435920715,0
exhaustive,48,nominal,"((0, 2), (3, 1))",2.2958579139085487,1.6654846548779125,419.2177200317383,0.5833333333333334,4,159.67759680747986,0
exhaustive,48,nominal,"((0, 2, 1), (3,))",2.2958579139085487,1.6654846548779125,419.2177200317383,0.6,4,159.67759680747986,0
exhaustive,48,nominal,"((0, 2, 3), (1,))",2.295876504853368,1.6775164072458755,419.2312173843384,0.6,4,159.68261170387268,0
exhaustive,48,nominal,"((0, 3), (1, 2))",2.296350199612789,2.0937860689462755,419.6211414337158,0.6,4,159.82445073127747,0
exhaustive,48,nominal,"((0, 3), (2, 1))",2.2958579139085487,1.6654846548779125,419.2177200317383,0.6,4,159.67759680747986,0
exhaustive,48,nominal,"((0, 3, 1), (2,))",2.2958579139085487,1.6654846548779125,419.2177200317383,0.5833333333333334,4,159.67759680747986,0
exhaustive,48,nominal,"((0, 3, 2), (1,))",2.2958579139085487,1.6654846548779125,419.2177200317383,0.6,4,159.67759680747986,0
exhaustive,48,nominal,"((0,), (1, 2, 3))",2.2964010575960856,2.121741544146352,419.6610507965088,0.5666666666666667,4,159.83890795707703,0
exhaustive,48,nominal,"((0,), (1, 3, 2))",2.2964010575960856,2.121741544146352,419.6610507965088,0.55,4,159.83890795707703,0
exhaustive,48,nominal,"((0,), (2, 1, 3))",2.295908466767287,1.6934401164153872,419.2582654953003,0.55,4,159.69229435920715,0
exhaustive,48,nominal,"((0,), (2, 3, 1))",2.2958579139085487,1.6654846548779125,419.2177200317383,0.55,4,159.67759680747986,0
exhaustive,48,nominal,"((0,), (3, 1, 2))",2.296350199612789,2.0937860689462755,419.6211414337158,0.55,4,159.82445073127747,0
exhaustive,48,nominal,"((0,), (3, 2, 1))",2.2958579139085487,1.6654846548779125,419.2177200317383,0.5666666666666667,4,159.67759680747986,0
exhaustive,48,nominal,"((1, 0), (2, 3))",2.295862815983128,1.667824256808618,419.21913146972656,0.6,4,159.6783196926117,0
exhaustive,48,nominal,"((1, 0), (3, 2))",2.295862815983128,1.667824256808618,419.21913146972656,0.6,4,159.6783196926117,0
exhaustive,48,nominal,"((1, 0, 2), (3,))",2.2963551036664285,2.09612567260476,419.62256622314453,0.6333333333333333,4,159.82515931129456,0
exhaustive,48,nominal,"((1, 0, 3), (2,))",2.2959133718977682,1.6957797357117006,419.2596769332886,0.6333333333333333,4,159.6930115222931,0
exhaustive,48,nominal,"((1, 2), (3, 0))",2.296350199612789,2.0937860689462755,419.6211414337158,0.6,4,159.82445073127747,0
exhaustive,48,nominal,"((1, 2, 0), (3,))",2.2963551036664285,2.09612567260476,419.62256622314453,0.6,4,159.82515931129456,0
exhaustive,48,nominal,"((1, 3), (2, 0))",2.295908466767287,1.6934401164153872,419.2582654953003,0.5833333333333334,4,159.69229435920715,0
exhaustive,48,nominal,"((1, 3, 0), (2,))",2.2959133718977682,1.6957797357117006,419.2596769332886,0.5833333333333334,4,159.6930115222931,0
exhaustive,48,nominal,"((1,), (2, 0, 3))",2.295876504853368,1.6775164072458755,419.2312173843384,0.6333333333333333,4,159.68261170387268,0
exhaustive,48,nominal,"((1,), (2, 3, 0))",2.2958579139085487,1.6654846548779125,419.2177200317383,0.6,4,159.67759680747986,0
exhaustive,48,nominal,"((1,), (3, 0, 2))",2.2961116755614057,1.9198961939834098,419.40943145751953,0.6333333333333333,4,159.74844670295715,0
exhaustive,48,nominal,"((1,), (3, 2, 0))",2.2958579139085487,1.6654846548779125,419.2177200317383,0.6,4,159.67759680747986,0
exhaustive,48,nominal,"((2, 0), (3, 1))",2.2958579139085487,1.6654846548779125,419.2177200317383,0.5833333333333334,4,159.67759680747986,0
exhaustive,48,nominal,"((2, 0, 1), (3,))",2.2958579139085487,1.6654846548779125,419.2177200317383,0.6333333333333333,4,159.67759680747986,0
exhaustive,48,nominal,"((2, 1), (3, 0))",2.2958579139085487,1.6654846548779125,419.2177200317383,0.6,4,159.67759680747986,0
exhaustive,48,nominal,"((2, 1, 0), (3,))",2.295862815983128,1.667824256808618,419.21913146972656,0.6,4,159.6783196926117,0
exhaustive,48,nominal,"((2,), (3, 0, 1))",2.2958579139085487,1.6654846548779125,419.2177200317383,0.6333333333333333,4,159.67759680747986,0
exhaustive,48,nominal,"((2,), (3, 1, 0))",2.295862815983128,1.667824256808618,419.21913146972656,0.5833333333333334,4,159.6783196926117,0
exhaustive,49,single_domain,"((), (0, 1, 2, 3))",14.550604298710823,41.3295767122422,121.03715419769287,0.4166666666666667,4,37.68585968017578,0
exhaustive,49,single_domain,"((), (0, 1, 3, 2))",14.501104548573494,41.10039983600066,120.83944606781006,0.4,4,37.63723874092102,0
exhaustive,49,single_domain,"((), (0, 2, 1, 3))",15.065646603703499,42.515503312071026,122.08470821380615,0.4,4,37.85783243179321,0
exhaustive,49,single_domain,"((), (0, 2, 3, 1))",15.440487578511238,43.144104248778184,122.73033332824707,0.4,4,37.93685603141785,0
exhaustive,49,single_domain,"((), (0, 3, 1, 2))",14.959931090474129,42.027960691304045,121.68525123596191,0.4,4,37.76314187049866,0
exhaustive,49,single_domain,"((), (0, 3, 2, 1))",15.39070911705494,42.919908974113916,122.55172538757324,0.4166666666666667,4,37.895984411239624,0
exhaustive,49,single_domain,"((), (1, 0, 2, 3))",15.61726088821888,43.8790735929896,122.84164333343506,0.45,4,37.858654260635376,0
exhaustive,49,single_domain,"((), (1, 0, 3, 2))",15.567501500248909,43.64745894537146,122.64393138885498,0.45,4,37.81018543243408,0
exhaustive,49,single_domain,"((), (1, 2, 0, 3))",16.729887679219246,45.990554510748,124.69223499298096,0.45,4,38.02843976020813,0
exhaustive,49,single_domain,"((), (1, 2, 3, 0))",17.72132821381092,47.63585954937914,126.36047077178955,0.4166666666666667,4,38.17603540420532,0
exhaustive,49,single_domain,"((), (1, 3, 0, 2))",16.680032685399055,45.761377496835465,124.49730777740479,0.43333333333333335,4,37.98107886314392,0
exhaustive,49,single_domain,"((), (1, 3, 2, 0))",17.67126055061817,47.39952018872773,126.16712093353271,0.4,4,38.12942695617676,0
exhaustive,49,single_domain,"((), (2, 0, 1, 3))",16.132369711995125,45.062562411961444,123.8811559677124,0.43333333333333335,4,38.02759075164795,0
exhaustive,49,single_domain,"((), (2, 0, 3, 1))",16.507005408406258,45.69116336062339,124.5231351852417,0.43333333333333335,4,38.10538387298584,0
exhaustive,49,single_domain,"((), (2, 1, 0, 3))",16.729887679219246,45.990554510748,124.69223499298096,0.45,4,38.02843976020813,0
exhaustive,49,single_domain,"((), (2, 1, 3, 0))",17.671214058995247,47.39708256160648,126.1654634475708,0.4,4,38.128830432891846,0
exhaustive,49,single_domain,"((), (2, 3, 0, 1))",17.56933517754078,47.57844917321662,126.17991256713867,0.45,4,38.228872776031494,0
exhaustive,49,single_domain,"((), (2, 3, 1, 0))",18.129621222615242,48.324643688982796,126.98876094818115,0.4,4,38.246543645858765,0
exhaustive,49,single_domain,"((), (3, 0, 1, 2))",16.02615113556385,44.57501998153437,123.48464488983154,0.45,4,37.934316635131836,0
exhaustive,49,single_domain,"((), (3, 0, 2, 1))",16.45697160065174,45.46696821542446,124.34557723999023,0.45,4,38.06506299972534,0
exhaustive,49,single_domain,"((), (3, 1, 0, 2))",17.138544276356697,46.68893851016765,125.32441711425781,0.43333333333333335,4,38.1001353263855,0
exhaustive,49,single_domain,"((), (3, 1, 2, 0))",18.129667714238167,48.327081100022525,126.99037170410156,0.4,4,38.24712419509888,0
exhaustive,49,single_domain,"((), (3, 2, 0, 1))",17.56933517754078,47.57844917321662,126.17991256713867,0.45,4,38.228872776031494,0
exhaustive,49,single_domain,"((), (3, 2, 1, 0))",18.560600951313972,49.223754350414936,127.83346748352051,0.4166666666666667,4,38.37104320526123,0
exhaustive,49,single_domain,"((0, 1), (2, 3))",14.462298110127449,40.87266622976279,120.65873908996582,0.6,4,37.58964991569519,0
exhaustive,49,single_domain,"((0, 1), (3, 2))",14.462298110127449,40.87266622976279,120.65873908996582,0.6,4,37.58964991569519,0
exhaustive,49,single_domain,"((0, 1, 2), (3,))",14.462298110127449,40.87266622976279,120.65873908996582,0.6,4,37.58964991569519,0
exhaustive,49,single_domain,"((0, 1, 3), (2,))",14.500920489430428,41.09079971249338,120.83106136322021,0.5833333333333334,4,37.6341757774353,0
exhaustive,49,single_domain,"((0, 2), (1, 3))",14.500920489430428,41.09079971249338,120.83106136322021,0.5833333333333334,4,37.6341757774353,0
exhaustive,49,single_domain,"((0, 2), (3, 1))",14.959748223423958,42.01836075982821,121.67697238922119,0.5833333333333334,4,37.76011800765991,0
exhaustive,49,single_domain,"((0, 2, 1), (3,))",14.959748223423958,42.01836075982821,121.67697238922119,0.6,4,37.76011800765991,0
exhaustive,49,single_domain,"((0, 2, 3), (1,))",14.500920489430428,41.09079971249338,120.83106136322021,0.6,4,37.6341757774353,0
exhaustive,49,single_domain,"((0, 3), (1, 2))",14.462298110127449,40.87266622976279,120.65873908996582,0.6,4,37.58964991569519,0
exhaustive,49,single_domain,"((0, 3), (2, 1))",14.462298110127449,40.87266622976279,120.65873908996582,0.6,4,37.58964991569519,0
exhaustive,49,single_domain,"((0, 3, 1), (2,))",14.959748223423958,42.01836075982821,121.67697238922119,0.5833333333333334,4,37.76011800765991,0
exhaustive,49,single_domain,"((0, 3, 2), (1,))",14.462344840168953,40.87510382840204,120.66053676605225,0.6,4,37.59030294418335,0
exhaustive,49,single_domain,"((0,), (1, 2, 3))",14.550604298710823,41.3295767122422,121.03715419769287,0.5666666666666667,4,37.68585968017578,0
exhaustive,49,single_domain,"((0,), (1, 3, 2))",14.500966981053352,41.09323730314753,120.8328332901001,0.55,4,37.634817123413086,0
exhaustive,49,single_domain,"((0,), (2, 1, 3))",14.500920489430428,41.09079971249338,120.83106136322021,0.55,4,37.6341757774353,0
exhaustive,49,single_domain,"((0,), (2, 3, 1))",14.959748223423958,42.01836075982821,121.67697238922119,0.55,4,37.76011800765991,0
exhaustive,49,single_domain,"((0,), (3, 1, 2))",14.959794715046883,42.02079823017866,121.67869567871094,0.55,4,37.76073956489563,0
exhaustive,49,single_domain,"((0,), (3, 2, 1))",15.390662625432014,42.91747148628404,122.55002403259277,0.5666666666666667,4,37.89536476135254,0
exhaustive,49,single_domain,"((1, 0), (2, 3))",15.528440430760384,43.419725314453586,122.46457290649414,0.6,4,37.76326537132263,0
exhaustive,49,single_domain,"((1, 0), (3, 2))",15.528440430760384,43.419725314453586,122.46457290649414,0.6,4,37.76326537132263,0
exhaustive,49,single_domain,"((1, 0, 2), (3,))",15.528486922383308,43.422163006064544,122.46635723114014,0.6333333333333333,4,37.76391053199768,0
exhaustive,49,single_domain,"((1, 0, 3), (2,))",15.567317679524422,43.637858790959356,122.635666847229,0.6333333333333333,4,37.807170391082764,0
exhaustive,49,single_domain,"((1, 2), (3, 0))",15.528440430760384,43.419725314453586,122.46457290649414,0.6,4,37.76326537132263,0
exhaustive,49,single_domain,"((1, 2, 0), (3,))",16.640792563557625,45.53364373526316,124.3240852355957,0.6,4,37.93661046028137,0
exhaustive,49,single_domain,"((1, 3), (2, 0))",15.567317679524422,43.637858790959356,122.635666847229,0.5833333333333334,4,37.807170391082764,0
exhaustive,49,single_domain,"((1, 3, 0), (2,))",16.67984862625599,45.7517774396392,124.4891939163208,0.5833333333333334,4,37.97811985015869,0
exhaustive,49,single_domain,"((1,), (2, 0, 3))",15.567317679524422,43.637858790959356,122.635666847229,0.6333333333333333,4,37.807170391082764,0
exhaustive,49,single_domain,"((1,), (2, 3, 0))",16.640792563557625,45.53364373526316,124.3240852355957,0.6,4,37.93661046028137,0
exhaustive,49,single_domain,"((1,), (3, 0, 2))",15.528486922383308,43.422163006064544,122.46635723114014,0.6333333333333333,4,37.76391053199768,0
exhaustive,49,single_domain,"((1,), (3, 2, 0))",16.640792563557625,45.53364373526316,124.3240852355957,0.6,4,37.93661046028137,0
exhaustive,49,single_domain,"((2, 0), (3, 1))",16.02596826851368,44.56541994972972,123.47649383544922,0.5833333333333334,4,37.931339502334595,0
exhaustive,49,single_domain,"((2, 0, 1), (3,))",16.02596826851368,44.56541994972972,123.47649383544922,0.6333333333333333,4,37.931339502334595,0
exhaustive,49,single_domain,"((2, 1), (3, 0))",15.528440430760384,43.419725314453586,122.46457290649414,0.6,4,37.76326537132263,0
exhaustive,49,single_domain,"((2, 1, 0), (3,))",16.640792563557625,45.53364373526316,124.3240852355957,0.6,4,37.93661046028137,0
exhaustive,49,single_domain,"((2,), (3, 0, 1))",16.02596826851368,44.56541994972972,123.47649383544922,0.6333333333333333,4,37.931339502334595,0
exhaustive,49,single_domain,"((2,), (3, 1, 0))",17.138361170887947,46.67933846403134,125.3164119720459,0.5833333333333334,4,38.097214698791504,0
exhaustive,50,cascade,"((), (0, 1, 2, 3))",321.13693618774414,161.19916598756052,458.3124237060547,0.4166666666666667,4,42.089200496673584,0
exhaustive,50,cascade,"((), (0, 1, 3, 2))",319.94294357299805,160.57180211063522,456.9192199707031,0.4,4,42.01710844039917,0
exhaustive,50,cascade,"((), (0, 2, 1, 3))",315.5759468078613,159.3536282620372,450.65655517578125,0.4,4,42.000213623046875,0
exhaustive,50,cascade,"((), (0, 2, 3, 1))",315.17858123779297,159.13791106364687,450.21846771240234,0.4,4,41.967763900756836,0
exhaustive,50,cascade,"((), (0, 3, 1, 2))",319.5599365234375,160.3023438703454,456.4882392883301,0.4,4,42.009918451309204,0
exhaustive,50,cascade,"((), (0, 3, 2, 1))",314.16077041625977,158.45733398743562,449.02598571777344,0.4166666666666667,4,41.93650460243225,0
exhaustive,50,cascade,"((), (1, 0, 2, 3))",321.58800506591797,161.5834043705092,458.48078536987305,0.45,4,42.09142017364502,0
exhaustive,50,cascade,"((), (1, 0, 3, 2))",325.2375068664551,162.1711421722096,464.3364601135254,0.45,4,42.18858337402344,0
exhaustive,50,cascade,"((), (1, 2, 0, 3))",309.7727966308594,157.6282319505706,442.75023651123047,0.45,4,41.96001672744751,0
exhaustive,50,cascade,"((), (1, 2, 3, 0))",309.51590728759766,157.38388411962134,442.19337463378906,0.4166666666666667,4,41.9461989402771,0
exhaustive,50,cascade,"((), (1, 3, 0, 2))",324.99962615966797,162.06419679651762,464.0090026855469,0.43333333333333335,4,42.18456172943115,0
exhaustive,50,cascade,"((), (1, 3, 2, 0))",316.0092353820801,159.73339985689748,450.4104423522949,0.4,4,41.99835252761841,0
exhaustive,50,cascade,"((), (2, 0, 1, 3))",299.87556076049805,153.15605797583322,431.0264472961426,0.43333333333333335,4,41.897239685058594,0
exhaustive,50,cascade,"((), (2, 0, 3, 1))",299.530517578125,152.94077487513457,430.5779685974121,0.43333333333333335,4,41.86396408081055,0
exhaustive,50,cascade,"((), (2, 1, 0, 3))",300.3532028198242,153.50286891228933,431.501651763916,0.45,4,41.91124701499939,0
exhaustive,50,cascade,"((), (2, 1, 3, 0))",300.0710105895996,153.25774162339235,430.9356803894043,0.4,4,41.89714026451111,0
exhaustive,50,cascade,"((), (2, 3, 0, 1))",299.2157859802246,152.74179090177444,430.07834243774414,0.45,4,41.85138154029846,0
exhaustive,50,cascade,"((), (2, 3, 1, 0))",299.7046127319336,152.98828301253735,430.5221481323242,0.4,4,41.88951373100281,0
exhaustive,50,cascade,"((), (3, 0, 1, 2))",324.19194412231445,161.45170017384322,463.4248847961426,0.45,4,42.172014236450195,0
exhaustive,50,cascade,"((), (3, 0, 2, 1))",319.6499366760254,160.34979060201832,456.47475814819336,0.45,4,42.01983165740967,0
exhaustive,50,cascade,"((), (3, 1, 0, 2))",324.7430992126465,161.89042680906175,463.8394966125488,0.43333333333333335,4,42.17814493179321,0
exhaustive,50,cascade,"((), (3, 1, 2, 0))",315.75574111938477,159.55966535426967,450.24389266967773,0.4,4,41.99192953109741,0
exhaustive,50,cascade,"((), (3, 2, 0, 1))",307.9432182312012,156.3946306606921,440.832218170166,0.45,4,41.889000415802,0
exhaustive,50,cascade,"((), (3, 2, 1, 0))",308.5030326843262,156.66449469069426,441.3160057067871,0.4166666666666667,4,41.929007053375244,0
exhaustive,50,cascade,"((0, 1), (2, 3))",297.07641983032227,151.17923204654608,428.33932876586914,0.6,4,41.799793004989624,0
exhaustive,50,cascade,"((0, 1), (3, 2))",305.87646484375,154.87254360467225,439.1777229309082,0.6,4,41.84095525741577,0
exhaustive,50,cascade,"((0, 1, 2), (3,))",318.8406677246094,159.7962366391651,455.9476509094238,0.6,4,41.99923300743103,0
exhaustive,50,cascade,"((0, 1, 3), (2,))",297.51737213134766,151.49966065471367,428.82299423217773,0.5833333333333334,4,41.808762311935425,0
exhaustive,50,cascade,"((0, 2), (1, 3))",313.3633460998535,157.9753451373173,448.3186378479004,0.5833333333333334,4,41.91272282600403,0
exhaustive,50,cascade,"((0, 2), (3, 1))",313.11217498779297,157.80167527962794,448.1511917114258,0.5833333333333334,4,41.90625810623169,0
exhaustive,50,cascade,"((0, 2, 1), (3,))",313.2702751159668,157.9012214998178,448.30774688720703,0.6,4,41.91014337539673,0
exhaustive,50,cascade,"((0, 2, 3), (1,))",314.6967353820801,158.89331387689944,449.746150970459,0.6,4,41.94319725036621,0
exhaustive,50,cascade,"((0, 3), (1, 2))",306.4941062927246,155.30622485312557,439.63100814819336,0.6,4,41.850465536117554,0
exhaustive,50,cascade,"((0, 3), (2, 1))",297.07641983032227,151.17923204654608,428.33932876586914,0.6,4,41.799793004989624,0
exhaustive,50,cascade,"((0, 3, 1), (2,))",297.14485931396484,151.23020192185228,428.40306854248047,0.5833333333333334,4,41.800946950912476,0
exhaustive,50,cascade,"((0, 3, 2), (1,))",313.74932861328125,158.24963192921865,448.615535736084,0.6,4,41.91573882102966,0
exhaustive,50,cascade,"((0,), (1, 2, 3))",306.9287567138672,155.62580303145756,440.10702896118164,0.5666666666666667,4,41.859238386154175,0
exhaustive,50,cascade,"((0,), (1, 3, 2))",313.3633460998535,157.9753451373173,448.3186378479004,0.55,4,41.91272282600403,0
exhaustive,50,cascade,"((0,), (2, 1, 3))",297.51737213134766,151.49966065471367,428.82299423217773,0.55,4,41.808762311935425,0
exhaustive,50,cascade,"((0,), (2, 3, 1))",297.14485931396484,151.23020192185228,428.40306854248047,0.55,4,41.800946950912476,0
exhaustive,50,cascade,"((0,), (3, 1, 2))",313.11217498779297,157.80167527962794,448.1511917114258,0.55,4,41.90625810623169,0
exhaustive,50,cascade,"((0,), (3, 2, 1))",305.9220390319824,154.90650493864734,439.2202682495117,0.5666666666666667,4,41.841724157333374,0
exhaustive,50,cascade,"((1, 0), (2, 3))",297.5140914916992,151.56553438311593,428.5068664550781,0.6,4,41.802143812179565,0
exhaustive,50,cascade,"((1, 0), (3, 2))",306.3350601196289,155.26599157563516,439.35107803344727,0.6,4,41.84331655502319,0
exhaustive,50,cascade,"((1, 0, 2), (3,))",319.30152893066406,160.18968508133491,456.1240043640137,0.6333333333333333,4,42.00159955024719,0
exhaustive,50,cascade,"((1, 0, 3), (2,))",297.9535675048828,151.8851124130265,428.9898223876953,0.6333333333333333,4,41.81109642982483,0
exhaustive,50,cascade,"((1, 2), (3, 0))",306.3350601196289,155.26599157563516,439.35107803344727,0.6,4,41.84331655502319,0
exhaustive,50,cascade,"((1, 2, 0), (3,))",307.61248779296875,156.23452448857338,440.4942741394043,0.6,4,41.87079048156738,0
exhaustive,50,cascade,"((1, 3), (2, 0))",297.7331008911133,151.77820900459727,428.6763229370117,0.5833333333333334,4,41.80667424201965,0
exhaustive,50,cascade,"((1, 3, 0), (2,))",297.7331008911133,151.77820900459727,428.6763229370117,0.5833333333333334,4,41.80667424201965,0
exhaustive,50,cascade,"((1,), (2, 0, 3))",299.0465202331543,152.6961776375071,430.098331451416,0.6333333333333333,4,41.83865475654602,0
exhaustive,50,cascade,"((1,), (2, 3, 0))",298.80407333374023,152.53408891386226,429.6650581359863,0.6,4,41.83008527755737,0
exhaustive,50,cascade,"((1,), (3, 0, 2))",319.30152893066406,160.18968508133491,456.1240043640137,0.6333333333333333,4,42.00159955024719,0
exhaustive,50,cascade,"((1,), (3, 2, 0))",307.61248779296875,156.23452448857338,440.4942741394043,0.6,4,41.87079048156738,0
exhaustive,50,cascade,"((2, 0), (3, 1))",297.4828338623047,151.60453841992694,428.50880432128906,0.5833333333333334,4,41.80012392997742,0
exhaustive,50,cascade,"((2, 0, 1), (3,))",297.6400375366211,151.70408435183714,428.6662940979004,0.6333333333333333,4,41.80418038368225,0
exhaustive,50,cascade,"((2, 1), (3, 0))",296.9084701538086,151.13185076173883,428.0616226196289,0.6,4,41.79251837730408,0
exhaustive,50,cascade,"((2, 1, 0), (3,))",298.20035552978516,152.10038362595063,429.22136306762695,0.6,4,41.82051396369934,0
exhaustive,50,cascade,"((2,), (3, 0, 1))",296.9546699523926,151.16581210303391,428.1048278808594,0.6333333333333333,4,41.79330396652222,0
exhaustive,50,cascade,"((2,), (3, 1, 0))",297.4828338623047,151.60453841992694,428.50880432128906,0.5833333333333334,4,41.80012392997742,0
exhaustive,51,ood,"((), (0, 1, 2))",1017.1238708496094,325.90745887749324,1613.5426712036133,0.25,3,237.56688785552979,0
exhaustive,51,ood,"((), (0, 2, 1))",1122.4714965820312,344.1062586980488,1693.0069885253906,0.25,3,238.97103881835938,0
exhaustive,51,ood,"((), (1, 0, 2))",1017.1238708496094,325.90745887749324,1613.5426712036133,0.3,3,237.56688785552979,0
exhaustive,51,ood,"((), (1, 2, 0))",1029.523193359375,330.34469283089163,1622.5926666259766,0.25,3,238.30092525482178,0
exhaustive,51,ood,"((), (2, 0, 1))",1127.8268432617188,347.09485630256347,1699.927749633789,0.3,3,239.56145000457764,0
exhaustive,51,ood,"((), (2, 1, 0))",1127.8268432617188,347.09485630256347,1699.927749633789,0.25,3,239.56145000457764,0
exhaustive,51,ood,"((0, 1), (2,))",1012.9333801269531,324.86560411576846,1612.1773147583008,0.45,3,237.48332405090332,0
exhaustive,51,ood,"((0, 2), (1,))",1017.1238708496094,325.90745887749324,1613.5426712036133,0.45,3,237.56688785552979,0
exhaustive,51,ood,"((0,), (1, 2))",1017.1238708496094,325.90745887749324,1613.5426712036133,0.4,3,237.56688785552979,0
exhaustive,51,ood,"((0,), (2, 1))",1115.125961303711,342.6576739339007,1691.2546997070312,0.4,3,238.88306045532227,0
exhaustive,51,ood,"((1, 0), (2,))",1012.9333801269531,324.86560411576846,1612.1773147583008,0.45,3,237.48332405090332,0
exhaustive,51,ood,"((1,), (2, 0))",1025.2679748535156,329.30278557774324,1621.2657165527344,0.45,3,238.22159671783447,0
exhaustive,52,nominal,"((), (0, 1, 2, 3))",0.0026748633390525356,2.126337118133097,604.130687713623,0.4166666666666667,3,230.5428123474121,0
exhaustive,52,nominal,"((), (0, 1, 3, 2))",0.00268141228298191,2.128246759105614,604.1737785339355,0.55,2,230.55865097045898,0
exhaustive,52,nominal,"((), (0, 2, 1, 3))",0.0026706927019404247,2.1245102129490903,604.110179901123,0.4166666666666667,3,230.53504180908203,0
exhaustive,52,nominal,"((), (0, 2, 3, 1))",0.0026770154508994892,2.1263617143830986,604.1518058776855,0.55,2,230.55032348632812,0
exhaustive,52,nominal,"((), (0, 3, 1, 2))",0.002687961226911284,2.1301634642431835,604.2167625427246,0.5,2,230.57443618774414,0
exhaustive,52,nominal,"((), (0, 3, 2, 1))",0.002687961226911284,2.1301634642431835,604.2167625427246,0.5,2,230.57443618774414,0
exhaustive,52,nominal,"((), (1, 0, 2, 3))",0.002701904042623937,2.1439047597541667,604.1098785400391,0.43333333333333335,3,230.53253364562988,0
exhaustive,52,nominal,"((), (1, 0, 3, 2))",0.0027080343570560217,2.1456981723222146,604.1503448486328,0.5166666666666667,2,230.54739570617676,0
exhaustive,52,nominal,"((), (1, 2, 0, 3))",0.002694784023333341,2.1400962708596256,604.068058013916,0.38333333333333336,3,230.51767539978027,0
exhaustive,52,nominal,"((), (1, 2, 3, 0))",0.002601435757242143,2.123245245490663,603.9852638244629,0.5,3,230.47748374938965,0
exhaustive,52,nominal,"((), (1, 3, 0, 2))",0.0025631671014707536,2.1102953708745,604.0465774536133,0.5166666666666667,2,230.5028247833252,0
exhaustive,52,nominal,"((), (1, 3, 2, 0))",0.002553049329435453,2.106747597362735,603.9858779907227,0.55,3,230.48029899597168,0
exhaustive,52,nominal,"((), (2, 0, 1, 3))",0.0026672829408198595,2.122329415428867,604.0866088867188,0.43333333333333335,3,230.5271282196045,0
exhaustive,52,nominal,"((), (2, 0, 3, 1))",0.0026734131388366222,2.1241294620705924,604.1271362304688,0.5166666666666667,2,230.54201316833496,0
exhaustive,52,nominal,"((), (2, 1, 0, 3))",0.002694784023333341,2.1400962708596256,604.068058013916,0.38333333333333336,3,230.51767539978027,0
exhaustive,52,nominal,"((), (2, 1, 3, 0))",0.002601435757242143,2.123245245490663,603.9852638244629,0.5,3,230.47748374938965,0
exhaustive,52,nominal,"((), (2, 3, 0, 1))",0.0025631671014707536,2.110308028116027,604.0465774536133,0.5166666666666667,2,230.5028247833252,0
exhaustive,52,nominal,"((), (2, 3, 1, 0))",0.002553049329435453,2.106749925601441,603.9858779907227,0.55,3,230.48029899597168,0
exhaustive,52,nominal,"((), (3, 0, 1, 2))",0.0025777176924748346,2.11634215091567,604.1366386413574,0.38333333333333336,2,230.5353889465332,0
exhaustive,52,nominal,"((), (3, 0, 2, 1))",0.0025777176924748346,2.11634215091567,604.1366386413574,0.38333333333333336,2,230.5353889465332,0
exhaustive,52,nominal,"((), (3, 1, 0, 2))",0.0025642377004260197,2.111046615550051,604.0520973205566,0.43333333333333335,2,230.50469589233398,0
exhaustive,52,nominal,"((), (3, 1, 2, 0))",0.0025540125934639946,2.107464516521062,603.9908638000488,0.4166666666666667,3,230.48197174072266,0
exhaustive,52,nominal,"((), (3, 2, 0, 1))",0.0025642377004260197,2.111058861908262,604.0520973205566,0.43333333333333335,3,230.50469589233398,0
exhaustive,52,nominal,"((), (3, 2, 1, 0))",0.0025540125934639946,2.107466338780751,603.9908638000488,0.4166666666666667,3,230.48197174072266,0
exhaustive,52,nominal,"((0, 1), (2, 3))",0.0024743595567997545,2.071608588687312,603.8277816772461,0.6166666666666667,4,230.4826717376709,0
exhaustive,52,nominal,"((0, 1), (3, 2))",0.002475373461493291,2.072345067552241,603.8329658508301,0.6166666666666667,4,230.48442840576172,0
exhaustive,52,nominal,"((0, 1, 2), (3,))",0.0024819400714477524,2.0756162913915426,603.8719444274902,0.48333333333333334,4,230.49838638305664,0
exhaustive,52,nominal,"((0, 1, 3), (2,))",0.0026672829408198595,2.122329415428867,604.0866088867188,0.6166666666666667,3,230.5271282196045,0
exhaustive,52,nominal,"((0, 2), (1, 3))",0.0024703719245735556,2.069848204575746,603.8078689575195,0.6166666666666667,4,230.4751262664795,0
exhaustive,52,nominal,"((0, 2), (3, 1))",0.0024713337916182354,2.070565006682894,603.8128547668457,0.6166666666666667,4,230.47680282592773,0
exhaustive,52,nominal,"((0, 2, 1), (3,))",0.0024777694343356416,2.0737893862075354,603.8513603210449,0.48333333333333334,4,230.4905891418457,0
exhaustive,52,nominal,"((0, 2, 3), (1,))",0.0026632952503859997,2.1205690313173005,604.0667724609375,0.6166666666666667,3,230.51962089538574,0
exhaustive,52,nominal,"((0, 3), (1, 2))",0.002660164318513125,2.1185149149611577,604.0447883605957,0.5666666666666667,4,230.51226615905762,0
exhaustive,52,nominal,"((0, 3), (2, 1))",0.002660164318513125,2.1185149149611577,604.0447883605957,0.5666666666666667,4,230.51226615905762,0
exhaustive,52,nominal,"((0, 3, 1), (2,))",0.0026734131388366222,2.1241294620705924,604.1271362304688,0.7,3,230.54201316833496,0
exhaustive,52,nominal,"((0, 3, 2), (1,))",0.0026734131388366222,2.1241168048290646,604.1271362304688,0.7,3,230.54201316833496,0
exhaustive,52,nominal,"((0,), (1, 2, 3))",0.0025187606806866825,2.086345998208392,603.8072547912598,0.6,4,230.472318649292,0
exhaustive,52,nominal,"((0,), (1, 3, 2))",0.0024703719245735556,2.069848204575746,603.8078689575195,0.7333333333333333,4,230.4751262664795,0
exhaustive,52,nominal,"((0,), (2, 1, 3))",0.0025187606806866825,2.086345998208392,603.8072547912598,0.6,4,230.472318649292,0
exhaustive,52,nominal,"((0,), (2, 3, 1))",0.0024703719245735556,2.0698505328144514,603.8078689575195,0.7333333333333333,4,230.4751262664795,0
exhaustive,52,nominal,"((0,), (3, 1, 2))",0.0024713337916182354,2.070565006682894,603.8128547668457,0.6,4,230.47680282592773,0
exhaustive,52,nominal,"((0,), (3, 2, 1))",0.0024713337916182354,2.0705668289425825,603.8128547668457,0.6,4,230.47680282592773,0
exhaustive,52,nominal,"((1, 0), (2, 3))",0.002501860581105575,2.0893754441180707,603.809268951416,0.6166666666666667,4,230.4732265472412,0
exhaustive,52,nominal,"((1, 0), (3, 2))",0.0025027742085512727,2.0900647485819532,603.8138656616211,0.6166666666666667,4,230.47477912902832,0
exhaustive,52,nominal,"((1, 0, 2), (3,))",0.002508980658603832,2.093183933012612,603.851188659668,0.5,4,230.48812294006348,0
exhaustive,52,nominal,"((1, 0, 3), (2,))",0.002694784023333341,2.1400962708596256,604.068058013916,0.5833333333333334,3,230.51767539978027,0
exhaustive,52,nominal,"((1, 2), (3, 0))",0.00254991595284082,2.1046933355018744,603.9638710021973,0.5666666666666667,4,230.47293663024902,0
exhaustive,52,nominal,"((1, 2, 0), (3,))",0.002501860581105575,2.0893754441180707,603.809268951416,0.48333333333333334,4,230.4732265472412,0
exhaustive,52,nominal,"((1, 3), (2, 0))",0.002467241050908342,2.0677940882196033,603.785831451416,0.6166666666666667,4,230.46776008605957,0
exhaustive,52,nominal,"((1, 3, 0), (2,))",0.00254991595284082,2.1046933355018744,603.9638710021973,0.7,3,230.47293663024902,0
exhaustive,52,nominal,"((1,), (2, 0, 3))",0.002660164318513125,2.1185149149611577,604.0447883605957,0.5833333333333334,3,230.51226615905762,0
exhaustive,52,nominal,"((1,), (2, 3, 0))",0.00254991595284082,2.1046933355018744,603.9638710021973,0.7,3,230.47293663024902,0
exhaustive,52,nominal,"((1,), (3, 0, 2))",0.0025631671014707536,2.1102953708745,604.0465774536133,0.5833333333333334,3,230.5028247833252,0
exhaustive,52,nominal,"((1,), (3, 2, 0))",0.0025508303369861096,2.1053827738757933,603.9684982299805,0.6166666666666667,4,230.47448921203613,0
exhaustive,52,nominal,"((2, 0), (3, 1))",0.002468153921654448,2.0684839357480267,603.7904434204102,0.6166666666666667,4,230.46931648254395,0
exhaustive,52,nominal,"((2, 0, 1), (3,))",0.0024743595567997545,2.071608588687312,603.8277816772461,0.5,4,230.4826717376709,0
exhaustive,52,nominal,"((2, 1), (3, 0))",0.00254991595284082,2.1046933355018744,603.9638710021973,0.5666666666666667,4,230.47293663024902,0
exhaustive,52,nominal,"((2, 1, 0), (3,))",0.002501860581105575,2.0893754441180707,603.809268951416,0.48333333333333334,4,230.4732265472412,0
exhaustive,52,nominal,"((2,), (3, 0, 1))",0.0025631671014707536,2.110308028116027,604.0465774536133,0.5833333333333334,3,230.5028247833252,0
exhaustive,52,nominal,"((2,), (3, 1, 0))",0.0025508303369861096,2.1053833152740604,603.9684982299805,0.6166666666666667,3,230.47448921203613,0
exhaustive,53,single_domain,"((), (0, 1, 2, 3))",0.4954240992665291,17.38748497431152,1.6311286091804504,0.4166666666666667,4,0.0,0
exhaustive,53,single_domain,"((), (0, 1, 3, 2))",0.4898999407887459,17.28355753207652,1.6169566065073013,0.4,4,0.0,0
exhaustive,53,single_domain,"((), (0, 2, 1, 3))",0.5134049504995346,17.860861156659695,1.68562750518322,0.4,4,0.0,0
exhaustive,53,single_domain,"((), (0, 2, 3, 1))",0.52530188113451,18.146287165517286,1.7367447167634964,0.4,4,0.0,0
exhaustive,53,single_domain,"((), (0, 3, 1, 2))",0.506194494664669,17.738341728778547,1.66596220433712,0.4,4,0.0,0
exhaustive,53,single_domain,"((), (0, 3, 2, 1))",0.517878845334053,18.018906552583427,1.716283068060875,0.4166666666666667,4,0.0,0
exhaustive,53,single_domain,"((), (1, 0, 2, 3))",0.4715665355324745,16.572210603983073,1.5807618275284767,0.45,4,0.0,0
exhaustive,53,single_domain,"((), (1, 0, 3, 2))",0.46793408691883087,16.488495489196012,1.5716266110539436,0.45,4,0.0,0
exhaustive,53,single_domain,"((), (1, 2, 0, 3))",0.47495292872190475,16.659676951951834,1.5883458778262138,0.45,4,0.0,0
exhaustive,53,single_domain,"((), (1, 2, 3, 0))",0.47493745386600494,16.66367799828759,1.5889761373400688,0.4166666666666667,4,0.0,0
exhaustive,53,single_domain,"((), (1, 3, 0, 2))",0.4669300839304924,16.472170072689615,1.5706419721245766,0.43333333333333335,4,0.0,0
exhaustive,53,single_domain,"((), (1, 3, 2, 0))",0.4705461487174034,16.55988635461546,1.5804060474038124,0.4,4,0.0,0
exhaustive,53,single_domain,"((), (2, 0, 1, 3))",0.5134049504995346,17.860861156659695,1.68562750518322,0.43333333333333335,4,0.0,0
exhaustive,53,single_domain,"((), (2, 0, 3, 1))",0.52530188113451,18.146287165517286,1.7367447167634964,0.43333333333333335,4,0.0,0
exhaustive,53,single_domain,"((), (2, 1, 0, 3))",0.47495292872190475,16.659676951951834,1.5883458778262138,0.45,4,0.0,0
exhaustive,53,single_domain,"((), (2, 1, 3, 0))",0.47493745386600494,16.66367799828759,1.5889761373400688,0.4,4,0.0,0
exhaustive,53,single_domain,"((), (2, 3, 0, 1))",0.5164211243391037,18.053005214419596,1.715102106332779,0.45,4,0.0,0
exhaustive,53,single_domain,"((), (2, 3, 1, 0))",0.5058406889438629,17.77374535981879,1.6682741343975067,0.4,4,0.0,0
exhaustive,53,single_domain,"((), (3, 0, 1, 2))",0.5022355169057846,17.688567199984476,1.6585238128900528,0.45,4,0.0,0
exhaustive,53,single_domain,"((), (3, 0, 2, 1))",0.5128158777952194,17.967827054210847,1.7053515166044235,0.45,4,0.0,0
exhaustive,53,single_domain,"((), (3, 1, 0, 2))",0.4862702488899231,17.233783037599952,1.6104129552841187,0.43333333333333335,4,0.0,0
exhaustive,53,single_domain,"((), (3, 1, 2, 0))",0.4898875951766968,17.32149932770796,1.6201793253421783,0.4,4,0.0,0
exhaustive,53,single_domain,"((), (3, 2, 0, 1))",0.5164211243391037,18.053005214419596,1.715102106332779,0.45,4,0.0,0
exhaustive,53,single_domain,"((), (3, 2, 1, 0))",0.5058406889438629,17.77374535981879,1.6682741343975067,0.4166666666666667,4,0.0,0
exhaustive,53,single_domain,"((0, 1), (2, 3))",0.48283739387989044,17.136379441732206,1.6027605086565018,0.6,4,0.0,0
exhaustive,53,single_domain,"((0, 1), (3, 2))",0.48283739387989044,17.136379441732206,1.6027605086565018,0.6,4,0.0,0
exhaustive,53,single_domain,"((0, 1, 2), (3,))",0.48283739387989044,17.136379441732206,1.6027605086565018,0.6,4,0.0,0
exhaustive,53,single_domain,"((0, 1, 3), (2,))",0.4898620918393135,17.276158254698473,1.6169001460075378,0.5833333333333334,4,0.0,0
exhaustive,53,single_domain,"((0, 2), (1, 3))",0.4634990766644478,16.374766382600573,1.5629925206303596,0.5833333333333334,4,0.0,0
exhaustive,53,single_domain,"((0, 2), (3, 1))",0.48283739387989044,17.136379441732206,1.6027605086565018,0.5833333333333334,4,0.0,0
exhaustive,53,single_domain,"((0, 2, 1), (3,))",0.49880193918943405,17.59116356582391,1.6508698165416718,0.6,4,0.0,0
exhaustive,53,single_domain,"((0, 2, 3), (1,))",0.47155389934778214,16.569672549072703,1.5807448849081993,0.6,4,0.0,0
exhaustive,53,single_domain,"((0, 3), (1, 2))",0.4678965359926224,16.481096245497497,1.5715705379843712,0.6,4,0.0,0
exhaustive,53,single_domain,"((0, 3), (2, 1))",0.4678965359926224,16.481096245497497,1.5715705379843712,0.6,4,0.0,0
exhaustive,53,single_domain,"((0, 3, 1), (2,))",0.5061565637588501,17.730942420456522,1.6659057289361954,0.5833333333333334,4,0.0,0
exhaustive,53,single_domain,"((0, 3, 2), (1,))",0.4679090678691864,16.483634325043017,1.5715874210000038,0.6,4,0.0,0
exhaustive,53,single_domain,"((0,), (1, 2, 3))",0.4678965359926224,16.481096245497497,1.5715705379843712,0.5666666666666667,4,0.0,0
exhaustive,53,single_domain,"((0,), (1, 3, 2))",0.46351148933172226,16.37730445396312,1.5630092695355415,0.55,4,0.0,0
exhaustive,53,single_domain,"((0,), (2, 1, 3))",0.4678965359926224,16.481096245497497,1.5715705379843712,0.55,4,0.0,0
exhaustive,53,single_domain,"((0,), (2, 3, 1))",0.49880193918943405,17.59116356582391,1.6508698165416718,0.55,4,0.0,0
exhaustive,53,single_domain,"((0,), (3, 1, 2))",0.4828498736023903,17.13891754362859,1.6027773320674896,0.55,4,0.0,0
exhaustive,53,single_domain,"((0,), (3, 2, 1))",0.49880193918943405,17.59116356582391,1.6508698165416718,0.5666666666666667,4,0.0,0
exhaustive,53,single_domain,"((1, 0), (2, 3))",0.4634990766644478,16.374766382600573,1.5629925206303596,0.6,4,0.0,0
exhaustive,53,single_domain,"((1, 0), (3, 2))",0.4634990766644478,16.374766382600573,1.5629925206303596,0.6,4,0.0,0
exhaustive,53,single_domain,"((1, 0, 2), (3,))",0.46351148933172226,16.37730445396312,1.5630092695355415,0.6333333333333333,4,0.0,0
exhaustive,53,single_domain,"((1, 0, 3), (2,))",0.4678965359926224,16.481096245497497,1.5715705379843712,0.6333333333333333,4,0.0,0
exhaustive,53,single_domain,"((1, 2), (3, 0))",0.46689288318157196,16.464770817172138,1.570586271584034,0.6,4,0.0,0
exhaustive,53,single_domain,"((1, 2, 0), (3,))",0.46689288318157196,16.464770817172138,1.570586271584034,0.6,4,0.0,0
exhaustive,53,single_domain,"((1, 3), (2, 0))",0.4634990766644478,16.374766382600573,1.5629925206303596,0.5833333333333334,4,0.0,0
exhaustive,53,single_domain,"((1, 3, 0), (2,))",0.46689288318157196,16.464770817172138,1.570586271584034,0.5833333333333334,4,0.0,0
exhaustive,53,single_domain,"((1,), (2, 0, 3))",0.47155389934778214,16.569672549072703,1.5807448849081993,0.6333333333333333,4,0.0,0
exhaustive,53,single_domain,"((1,), (2, 3, 0))",0.47053371369838715,16.557348264572994,1.5803892388939857,0.6,4,0.0,0
exhaustive,53,single_domain,"((1,), (3, 0, 2))",0.4669300839304924,16.472170072689615,1.5706419721245766,0.6333333333333333,4,0.0,0
exhaustive,53,single_domain,"((1,), (3, 2, 0))",0.47053371369838715,16.557348264572994,1.5803892388939857,0.6,4,0.0,0
exhaustive,53,single_domain,"((2, 0), (3, 1))",0.48283739387989044,17.136379441732206,1.6027605086565018,0.5833333333333334,4,0.0,0
exhaustive,53,single_domain,"((2, 0, 1), (3,))",0.49880193918943405,17.59116356582391,1.6508698165416718,0.6333333333333333,4,0.0,0
exhaustive,53,single_domain,"((2, 1), (3, 0))",0.46689288318157196,16.464770817172138,1.570586271584034,0.6,4,0.0,0
exhaustive,53,single_domain,"((2, 1, 0), (3,))",0.46689288318157196,16.464770817172138,1.570586271584034,0.6,4,0.0,0
exhaustive,53,single_domain,"((2,), (3, 0, 1))",0.5021980702877045,17.681167954357207,1.6584677398204803,0.6333333333333333,4,0.0,0
exhaustive,53,single_domain,"((2,), (3, 1, 0))",0.48623286932706833,17.226383791432415,1.6103570312261581,0.5833333333333334,4,0.0,0
exhaustive,54,cascade,"((), (0, 1, 2, 3))",348.8593502044678,227.01615789662753,2236.9819946289062,0.4166666666666667,3,610.1608581542969,0
exhaustive,54,cascade,"((), (0, 1, 3, 2))",348.8593502044678,227.01615789662753,2236.9819946289062,0.4,3,610.1608581542969,0
exhaustive,54,cascade,"((), (0, 2, 1, 3))",351.15629959106445,228.39692841557223,2218.3573608398438,0.4,3,609.3888854980469,0
exhaustive,54,cascade,"((), (0, 2, 3, 1))",351.15629959106445,228.39692841557223,2218.3573608398438,0.4,2,609.3888854980469,0
exhaustive,54,cascade,"((), (0, 3, 1, 2))",357.14575958251953,229.06069655597375,2250.8339233398438,0.4,3,610.4047546386719,0
exhaustive,54,cascade,"((), (0, 3, 2, 1))",357.14575958251953,229.06069655597375,2250.8339233398438,0.4166666666666667,2,610.4047546386719,0
exhaustive,54,cascade,"((), (1, 0, 2, 3))",321.15198516845703,217.05663705799628,2197.452392578125,0.45,3,609.3647537231445,0
exhaustive,54,cascade,"((), (1, 0, 3, 2))",321.15198516845703,217.05663705799628,2197.452392578125,0.45,3,609.3647537231445,0
exhaustive,54,cascade,"((), (1, 2, 0, 3))",287.7735252380371,207.68066442531625,2083.0477905273438,0.45,3,605.5071868896484,0
exhaustive,54,cascade,"((), (1, 2, 3, 0))",285.6051330566406,206.18179237069737,2079.2134857177734,0.4166666666666667,3,605.2367248535156,0
exhaustive,54,cascade,"((), (1, 3, 0, 2))",319.84352684020996,216.52627141823496,2196.319610595703,0.43333333333333335,3,608.9621658325195,0
exhaustive,54,cascade,"((), (1, 3, 2, 0))",294.5516700744629,209.03715705767624,2105.114227294922,0.4,3,605.356201171875,0
exhaustive,54,cascade,"((), (2, 0, 1, 3))",324.42625999450684,220.64893322516204,2140.560760498047,0.43333333333333335,3,606.8058929443359,0
exhaustive,54,cascade,"((), (2, 0, 3, 1))",324.42625999450684,220.64893322516204,2140.560760498047,0.43333333333333335,2,606.8058929443359,0
exhaustive,54,cascade,"((), (2, 1, 0, 3))",299.5344009399414,211.95513071612828,2097.721221923828,0.45,3,605.8580551147461,0
exhaustive,54,cascade,"((), (2, 1, 3, 0))",295.5449523925781,209.28809580024404,2090.435073852539,0.4,3,605.4688034057617,0
exhaustive,54,cascade,"((), (2, 3, 0, 1))",318.38486099243164,217.3680032769744,2127.784637451172,0.45,2,606.3899230957031,0
exhaustive,54,cascade,"((), (2, 3, 1, 0))",303.6587429046631,212.2562094808638,2102.5416564941406,0.4,3,605.7554931640625,0
exhaustive,54,cascade,"((), (3, 0, 1, 2))",353.03549003601074,227.3535801580846,2243.8214416503906,0.45,3,610.2401657104492,0
exhaustive,54,cascade,"((), (3, 0, 2, 1))",353.03549003601074,227.3535801580846,2243.8214416503906,0.45,2,610.2401657104492,0
exhaustive,54,cascade,"((), (3, 1, 0, 2))",330.98037338256836,220.3340733172365,2209.120849609375,0.43333333333333335,3,609.2595748901367,0
exhaustive,54,cascade,"((), (3, 1, 2, 0))",305.57015228271484,212.8449352706185,2117.9825897216797,0.4,3,605.6714553833008,0
exhaustive,54,cascade,"((), (3, 2, 0, 1))",328.0702209472656,220.83658528616107,2157.5521240234375,0.45,2,606.9089050292969,0
exhaustive,54,cascade,"((), (3, 2, 1, 0))",320.0784168243408,218.05363543372872,2143.293914794922,0.4166666666666667,3,606.4894790649414,0
exhaustive,54,cascade,"((0, 1), (2, 3))",306.8749713897705,211.88555965475132,2103.0477905273438,0.6,4,605.5764923095703,0
exhaustive,54,cascade,"((0, 1), (3, 2))",316.8788261413574,215.40527466043153,2133.2393341064453,0.6,4,606.104133605957,0
exhaustive,54,cascade,"((0, 1, 2), (3,))",342.1201801300049,222.8944124038115,2224.4403686523438,0.6,4,609.7159042358398,0
exhaustive,54,cascade,"((0, 1, 3), (2,))",311.49543952941895,214.99171163068945,2112.663543701172,0.5833333333333334,4,606.012321472168,0
exhaustive,54,cascade,"((0, 2), (1, 3))",309.4309883117676,212.25010228976095,2150.072052001953,0.5833333333333334,4,607.3729400634766,0
exhaustive,54,cascade,"((0, 2), (3, 1))",320.46233558654785,216.05786513611653,2162.9083862304688,0.5833333333333334,4,607.6837997436523,0
exhaustive,54,cascade,"((0, 2, 1), (3,))",342.9767303466797,224.04951510700565,2202.236785888672,0.6,4,608.8983688354492,0
exhaustive,54,cascade,"((0, 2, 3), (1,))",314.0968208312988,215.4286897287243,2161.3053588867188,0.6,3,608.1513290405273,0
exhaustive,54,cascade,"((0, 3), (1, 2))",283.6853370666504,204.34171451657363,2071.2947540283203,0.6,4,604.9830322265625,0
exhaustive,54,cascade,"((0, 3), (2, 1))",295.24596405029297,208.5414377888108,2085.528076171875,0.6,4,605.3324279785156,0
exhaustive,54,cascade,"((0, 3, 1), (2,))",319.04759407043457,217.03670649904058,2126.636260986328,0.5833333333333334,4,606.2989349365234,0
exhaustive,54,cascade,"((0, 3, 2), (1,))",320.03832244873047,216.36565652695646,2196.0709228515625,0.6,3,609.263313293457,0
exhaustive,54,cascade,"((0,), (1, 2, 3))",282.5100202560425,203.5333668613614,2069.202682495117,0.5666666666666667,4,604.8387145996094,0
exhaustive,54,cascade,"((0,), (1, 3, 2))",291.45595359802246,206.38881152322148,2095.0296020507812,0.55,4,604.9486770629883,0
exhaustive,54,cascade,"((0,), (2, 1, 3))",292.439001083374,206.6396396531303,2080.410888671875,0.55,4,605.0740585327148,0
exhaustive,54,cascade,"((0,), (2, 3, 1))",300.52842712402344,209.6077530846986,2092.5010681152344,0.55,4,605.3645095825195,0
exhaustive,54,cascade,"((0,), (3, 1, 2))",302.46063232421875,210.19657423873667,2107.8780822753906,0.55,4,605.2685089111328,0
exhaustive,54,cascade,"((0,), (3, 2, 1))",316.8788261413574,215.40527466043153,2133.2393341064453,0.5666666666666667,4,606.104133605957,0
exhaustive,54,cascade,"((1, 0), (2, 3))",281.229061126709,202.67081176788258,2065.5665130615234,0.6,4,604.6446380615234,0
exhaustive,54,cascade,"((1, 0), (3, 2))",291.45595359802246,206.38881152322148,2095.0296020507812,0.6,4,604.9486770629883,0
exhaustive,54,cascade,"((1, 0, 2), (3,))",316.23667907714844,213.87792588378016,2186.4768676757812,0.6333333333333333,4,608.6316375732422,0
exhaustive,54,cascade,"((1, 0, 3), (2,))",284.6066493988037,205.03223891598026,2072.8653717041016,0.6333333333333333,4,605.1222381591797,0
exhaustive,54,cascade,"((1, 2), (3, 0))",281.89814949035645,203.53032593462444,2067.054901123047,0.6,4,604.5116348266602,0
exhaustive,54,cascade,"((1, 2, 0), (3,))",283.1485939025879,204.50245354326256,2071.6380004882812,0.6,4,604.7099838256836,0
exhaustive,54,cascade,"((1, 3), (2, 0))",283.1485939025879,204.50245354326256,2071.6380004882812,0.5833333333333334,4,604.7099838256836,0
exhaustive,54,cascade,"((1, 3, 0), (2,))",283.1485939025879,204.50245354326256,2071.6380004882812,0.5833333333333334,4,604.7099838256836,0
exhaustive,54,cascade,"((1,), (2, 0, 3))",287.7735252380371,207.68066442531625,2083.0477905273438,0.6333333333333333,3,605.5071868896484,0
exhaustive,54,cascade,"((1,), (2, 3, 0))",284.32121086120605,205.3192375936315,2075.6119995117188,0.6,3,605.0476379394531,0
exhaustive,54,cascade,"((1,), (3, 0, 2))",318.37782287597656,215.55414380959684,2191.985107421875,0.6333333333333333,3,608.8167495727539,0
exhaustive,54,cascade,"((1,), (3, 2, 0))",294.5516700744629,209.03715705767624,2105.114227294922,0.6,3,605.356201171875,0
exhaustive,54,cascade,"((2, 0), (3, 1))",294.13687896728516,208.3102309737646,2084.526885986328,0.5833333333333334,4,605.0294570922852,0
exhaustive,54,cascade,"((2, 0, 1), (3,))",316.35484313964844,216.30188061937915,2120.3515014648438,0.6333333333333333,4,605.9669418334961,0
exhaustive,54,cascade,"((2, 1), (3, 0))",292.89718532562256,207.3380881023082,2079.934356689453,0.6,4,604.8335266113281,0
exhaustive,54,cascade,"((2, 1, 0), (3,))",294.13687896728516,208.3102309737646,2084.526885986328,0.6,4,605.0294570922852,0
exhaustive,54,cascade,"((2,), (3, 0, 1))",314.90667724609375,215.32973774792276,2115.6752014160156,0.6333333333333333,4,605.7858657836914,0
exhaustive,54,cascade,"((2,), (3, 1, 0))",294.13687896728516,208.3102309737646,2084.526885986328,0.5833333333333334,4,605.0294570922852,0
exhaustive,55,ood,"((), (0, 1, 2))",1086.1199340820312,361.61024365680197,3481.563720703125,0.25,3,277.6855697631836,0
exhaustive,55,ood,"((), (0, 2, 1))",1090.3677978515625,360.80014598929586,3502.109619140625,0.25,3,278.4394950866699,0
exhaustive,55,ood,"((), (1, 0, 2))",1089.8924102783203,363.8104441625175,3496.5105590820312,0.3,3,277.76887130737305,0
exhaustive,55,ood,"((), (1, 2, 0))",1092.1008758544922,364.703962627049,3500.6552124023438,0.25,3,277.70849609375,0
exhaustive,55,ood,"((), (2, 0, 1))",1091.0418853759766,361.276832024962,3504.0012817382812,0.3,3,278.4564743041992,0
exhaustive,55,ood,"((), (2, 1, 0))",1096.3746337890625,363.8938328258539,3521.0615234375,0.25,3,278.4469566345215,0
exhaustive,55,ood,"((0, 1), (2,))",1078.079345703125,358.60864809539396,3454.6109619140625,0.45,3,277.609920501709,0
exhaustive,55,ood,"((0, 2), (1,))",1078.079345703125,358.60864809539396,3454.6109619140625,0.45,3,277.609920501709,0
exhaustive,55,ood,"((0,), (1, 2))",1086.1199340820312,361.61024365680197,3481.563720703125,0.4,3,277.6855697631836,0
exhaustive,55,ood,"((0,), (2, 1))",1090.3677978515625,360.80014598929586,3502.109619140625,0.4,3,278.4394950866699,0
exhaustive,55,ood,"((1, 0), (2,))",1081.8050079345703,360.8088162226513,3468.6151733398438,0.45,3,277.69251251220703,0
exhaustive,55,ood,"((1,), (2, 0))",1078.7545318603516,359.0853341116886,3456.5038452148438,0.45,3,277.6272277832031,0
exhaustive,56,nominal,"((), (0, 1, 2, 3))",0.24121959856711328,2.342109264599389,300.2942740917206,0.4166666666666667,4,115.28642618656158,0
exhaustive,56,nominal,"((), (0, 1, 3, 2))",0.24117643246427178,2.330441342596213,300.28290820121765,0.4,4,115.28213655948639,0
exhaustive,56,nominal,"((), (0, 2, 1, 3))",0.2412237167591229,2.3429221890612477,300.2950065135956,0.4,4,115.28670370578766,0
exhaustive,56,nominal,"((), (0, 2, 3, 1))",0.2412237167591229,2.3429221890612477,300.2950065135956,0.4,4,115.28670370578766,0
exhaustive,56,nominal,"((), (0, 3, 1, 2))",0.24117643246427178,2.330441342596213,300.28290820121765,0.4,4,115.28213655948639,0
exhaustive,56,nominal,"((), (0, 3, 2, 1))",0.24118154717143625,2.3316598995983995,300.2840087413788,0.4166666666666667,4,115.28254854679108,0
exhaustive,56,nominal,"((), (1, 0, 2, 3))",0.24121959856711328,2.342109264599389,300.2942740917206,0.45,4,115.28642618656158,0
exhaustive,56,nominal,"((), (1, 0, 3, 2))",0.24117643246427178,2.330441342596213,300.28290820121765,0.45,4,115.28213655948639,0
exhaustive,56,nominal,"((), (1, 2, 0, 3))",0.24122303852345794,2.3433914117294674,300.295170545578,0.45,4,115.28675997257233,0
exhaustive,56,nominal,"((), (1, 2, 3, 0))",0.24122303852345794,2.3433914117294674,300.295170545578,0.4166666666666667,4,115.28675997257233,0
exhaustive,56,nominal,"((), (1, 3, 0, 2))",0.24115059501491487,2.3220553795115415,300.27892422676086,0.43333333333333335,4,115.28064513206482,0
exhaustive,56,nominal,"((), (1, 3, 2, 0))",0.24115403392352164,2.323337519826155,300.2798206806183,0.4,4,115.2809808254242,0
exhaustive,56,nominal,"((), (2, 0, 1, 3))",0.24122816056478769,2.344609969601321,300.296261548996,0.43333333333333335,4,115.28717863559723,0
exhaustive,56,nominal,"((), (2, 0, 3, 1))",0.24122816056478769,2.344609969601321,300.296261548996,0.43333333333333335,4,115.28717863559723,0
exhaustive,56,nominal,"((), (2, 1, 0, 3))",0.24122303852345794,2.3433914117294674,300.295170545578,0.45,4,115.28675997257233,0
exhaustive,56,nominal,"((), (2, 1, 3, 0))",0.24117987195495516,2.3317234871206782,300.2838046550751,0.4,4,115.28246462345123,0
exhaustive,56,nominal,"((), (2, 3, 0, 1))",0.24118498642928898,2.332942043475457,300.2848765850067,0.45,4,115.2828813791275,0
exhaustive,56,nominal,"((), (2, 3, 1, 0))",0.24117987195495516,2.3317234871206782,300.2838046550751,0.4,4,115.28246462345123,0
exhaustive,56,nominal,"((), (3, 0, 1, 2))",0.24115059501491487,2.3220553795115415,300.27892422676086,0.45,4,115.28064513206482,0
exhaustive,56,nominal,"((), (3, 0, 2, 1))",0.24115410912781954,2.322894264611705,300.2796890735626,0.45,4,115.28092837333679,0
exhaustive,56,nominal,"((), (3, 1, 0, 2))",0.24115059501491487,2.3220553795115415,300.27892422676086,0.43333333333333335,4,115.28064513206482,0
exhaustive,56,nominal,"((), (3, 1, 2, 0))",0.24115403392352164,2.323337519826155,300.2798206806183,0.4,4,115.2809808254242,0
exhaustive,56,nominal,"((), (3, 2, 0, 1))",0.24115754815284163,2.324176417404277,300.280570268631,0.45,4,115.28126692771912,0
exhaustive,56,nominal,"((), (3, 2, 1, 0))",0.24115754815284163,2.324176417404277,300.280570268631,0.4166666666666667,4,115.28126692771912,0
exhaustive,56,nominal,"((0, 1), (2, 3))",0.2411754288477823,2.3300357135725873,300.2825381755829,0.6,4,115.28200018405914,0
exhaustive,56,nominal,"((0, 1), (3, 2))",0.2411495913984254,2.321649740163019,300.2785732746124,0.6,4,115.28050875663757,0
exhaustive,56,nominal,"((0, 1, 2), (3,))",0.24115059501491487,2.3220553795115415,300.27892422676086,0.6,4,115.28064513206482,0
exhaustive,56,nominal,"((0, 1, 3), (2,))",0.2411754288477823,2.3300357135725873,300.2825381755829,0.5833333333333334,4,115.28200018405914,0
exhaustive,56,nominal,"((0, 2), (1, 3))",0.2411495913984254,2.321649740163019,300.2785732746124,0.5833333333333334,4,115.28050875663757,0
exhaustive,56,nominal,"((0, 2), (3, 1))",0.2411495913984254,2.321649740163019,300.2785732746124,0.5833333333333334,4,115.28050875663757,0
exhaustive,56,nominal,"((0, 2, 1), (3,))",0.24115310551133007,2.3224886316829565,300.2793171405792,0.6,4,115.28079199790955,0
exhaustive,56,nominal,"((0, 2, 3), (1,))",0.24121859448496252,2.341703628428686,300.29392313957214,0.6,4,115.2862936258316,0
exhaustive,56,nominal,"((0, 3), (1, 2))",0.2411754288477823,2.3300357135725873,300.2825381755829,0.6,4,115.28200018405914,0
exhaustive,56,nominal,"((0, 3), (2, 1))",0.2411754288477823,2.3300357135725873,300.2825381755829,0.6,4,115.28200018405914,0
exhaustive,56,nominal,"((0, 3, 1), (2,))",0.2411754288477823,2.3300357135725873,300.2825381755829,0.5833333333333334,4,115.28200018405914,0
exhaustive,56,nominal,"((0, 3, 2), (1,))",0.24117643246427178,2.330441342596213,300.28290820121765,0.6,4,115.28213655948639,0
exhaustive,56,nominal,"((0,), (1, 2, 3))",0.24121859448496252,2.341703628428686,300.29392313957214,0.5666666666666667,4,115.2862936258316,0
exhaustive,56,nominal,"((0,), (1, 3, 2))",0.2411495913984254,2.321649740163019,300.2785732746124,0.55,4,115.28050875663757,0
exhaustive,56,nominal,"((0,), (2, 1, 3))",0.2411754288477823,2.3300357135725873,300.2825381755829,0.55,4,115.28200018405914,0
exhaustive,56,nominal,"((0,), (2, 3, 1))",0.2411754288477823,2.3300357135725873,300.2825381755829,0.55,4,115.28200018405914,0
exhaustive,56,nominal,"((0,), (3, 1, 2))",0.2411495913984254,2.321649740163019,300.2785732746124,0.55,4,115.28050875663757,0
exhaustive,56,nominal,"((0,), (3, 2, 1))",0.24115310551133007,2.3224886316829565,300.2793171405792,0.5666666666666667,4,115.28079199790955,0
exhaustive,56,nominal,"((1, 0), (2, 3))",0.2411754288477823,2.3300357135725873,300.2825381755829,0.6,4,115.28200018405914,0
exhaustive,56,nominal,"((1, 0), (3, 2))",0.2411495913984254,2.321649740163019,300.2785732746124,0.6,4,115.28050875663757,0
exhaustive,56,nominal,"((1, 0, 2), (3,))",0.24115059501491487,2.3220553795115415,300.27892422676086,0.6333333333333333,4,115.28064513206482,0
exhaustive,56,nominal,"((1, 0, 3), (2,))",0.2411754288477823,2.3300357135725873,300.2825381755829,0.6333333333333333,4,115.28200018405914,0
exhaustive,56,nominal,"((1, 2), (3, 0))",0.2411495913984254,2.321649740163019,300.2785732746124,0.6,4,115.28050875663757,0
exhaustive,56,nominal,"((1, 2, 0), (3,))",0.24115403392352164,2.323337519826155,300.2798206806183,0.6,4,115.2809808254242,0
exhaustive,56,nominal,"((1, 3), (2, 0))",0.24115403392352164,2.323337519826155,300.2798206806183,0.5833333333333334,4,115.2809808254242,0
exhaustive,56,nominal,"((1, 3, 0), (2,))",0.2411495913984254,2.321649740163019,300.2785732746124,0.5833333333333334,4,115.28050875663757,0
exhaustive,56,nominal,"((1,), (2, 0, 3))",0.24122303852345794,2.3433914117294674,300.295170545578,0.6333333333333333,4,115.28675997257233,0
exhaustive,56,nominal,"((1,), (2, 3, 0))",0.24117987195495516,2.3317234871206782,300.2838046550751,0.6,4,115.28246462345123,0
exhaustive,56,nominal,"((1,), (3, 0, 2))",0.24115059501491487,2.3220553795115415,300.27892422676086,0.6333333333333333,4,115.28064513206482,0
exhaustive,56,nominal,"((1,), (3, 2, 0))",0.24115403392352164,2.323337519826155,300.2798206806183,0.6,4,115.2809808254242,0
exhaustive,56,nominal,"((2, 0), (3, 1))",0.24115403392352164,2.323337519826155,300.2798206806183,0.5833333333333334,4,115.2809808254242,0
exhaustive,56,nominal,"((2, 0, 1), (3,))",0.24115754815284163,2.324176417404277,300.280570268631,0.6333333333333333,4,115.28126692771912,0
exhaustive,56,nominal,"((2, 1), (3, 0))",0.2411495913984254,2.321649740163019,300.2785732746124,0.6,4,115.28050875663757,0
exhaustive,56,nominal,"((2, 1, 0), (3,))",0.24115403392352164,2.323337519826155,300.2798206806183,0.6,4,115.2809808254242,0
exhaustive,56,nominal,"((2,), (3, 0, 1))",0.2411495913984254,2.321649740163019,300.2785732746124,0.6333333333333333,4,115.28050875663757,0
exhaustive,56,nominal,"((2,), (3, 1, 0))",0.2411495913984254,2.321649740163019,300.2785732746124,0.5833333333333334,4,115.28050875663757,0
exhaustive,57,single_domain,"((), (0, 1, 2))",0.7762386649847031,28.114220749390636,45.91890272498131,0.4,3,15.668467044830322,0
exhaustive,57,single_domain,"((), (0, 2, 1))",0.7596198469400406,27.800525288962426,45.801409870386124,0.4,3,15.668330669403076,0
exhaustive,57,single_domain,"((), (1, 0, 2))",0.7886909581720829,28.336964417996654,46.034878462553024,0.43333333333333335,3,15.66860818862915,0
exhaustive,57,single_domain,"((), (1, 2, 0))",0.7598402835428715,27.8127973048759,45.802214562892914,0.4,3,15.668339252471924,0
exhaustive,57,single_domain,"((), (2, 0, 1))",0.7367912158370018,27.295845964686016,45.679536402225494,0.43333333333333335,3,15.668154239654541,0
exhaustive,57,single_domain,"((), (2, 1, 0))",0.7366247437894344,27.28660043143449,45.678417310118675,0.4,3,15.668148517608643,0
exhaustive,57,single_domain,"((0, 1), (2,))",0.7357032783329487,27.23693062094581,45.67328514158726,0.5833333333333334,3,15.668110370635986,0
exhaustive,57,single_domain,"((0, 2), (1,))",0.7589186765253544,27.76312751564456,45.797089993953705,0.5833333333333334,3,15.668301105499268,0
exhaustive,57,single_domain,"((0,), (1, 2))",0.7589186765253544,27.76312751564456,45.797089993953705,0.55,3,15.668301105499268,0
exhaustive,57,single_domain,"((0,), (2, 1))",0.7357032783329487,27.23693062094581,45.67328514158726,0.55,3,15.668110370635986,0
exhaustive,57,single_domain,"((1, 0), (2,))",0.7357545532286167,27.240063788909058,45.67342211306095,0.5833333333333334,3,15.668111324310303,0
exhaustive,57,single_domain,"((1,), (2, 0))",0.7360905222594738,27.258448182723612,45.67521092295647,0.5833333333333334,3,15.668123722076416,0
exhaustive,58,cascade,"((), (0, 1, 2, 3))",331.8851432800293,159.95866765552273,1067.0039138793945,0.4166666666666667,4,246.8546323776245,0
exhaustive,58,cascade,"((), (0, 1, 3, 2))",341.9644889831543,164.22642211352155,1073.7563858032227,0.4,4,247.10635375976562,0
exhaustive,58,cascade,"((), (0, 2, 1, 3))",324.0815849304199,156.03072548501444,1058.4378814697266,0.4,4,246.33009243011475,0
exhaustive,58,cascade,"((), (0, 2, 3, 1))",323.7100028991699,155.76825945645953,1058.176887512207,0.4,4,246.30606746673584,0
exhaustive,58,cascade,"((), (0, 3, 1, 2))",341.5497398376465,163.8945698074817,1073.3844375610352,0.4,4,247.06680297851562,0
exhaustive,58,cascade,"((), (0, 3, 2, 1))",337.00414657592773,162.08705323400216,1070.2188339233398,0.4166666666666667,4,246.9435167312622,0
exhaustive,58,cascade,"((), (1, 0, 2, 3))",332.18736267089844,160.22716014072466,1069.7048950195312,0.45,4,247.17971229553223,0
exhaustive,58,cascade,"((), (1, 0, 3, 2))",342.2682189941406,164.4948937549,1076.472427368164,0.45,4,247.43312454223633,0
exhaustive,58,cascade,"((), (1, 2, 0, 3))",332.71700286865234,160.6767405271791,1070.089241027832,0.45,4,247.20371341705322,0
exhaustive,58,cascade,"((), (1, 2, 3, 0))",334.1474418640137,161.7201369330949,1071.2857818603516,0.4166666666666667,4,247.34883880615234,0
exhaustive,58,cascade,"((), (1, 3, 0, 2))",343.4823303222656,165.47624856028634,1077.5563278198242,0.43333333333333335,4,247.52690601348877,0
exhaustive,58,cascade,"((), (1, 3, 2, 0))",344.28825759887695,165.98787056986583,1078.1406326293945,0.4,4,247.6063928604126,0
exhaustive,58,cascade,"((), (2, 0, 1, 3))",324.38172149658203,156.29921793820458,1061.1606903076172,0.43333333333333335,4,246.65894889831543,0
exhaustive,58,cascade,"((), (2, 0, 3, 1))",324.0102844238281,156.03673093415756,1060.8999786376953,0.43333333333333335,4,246.63497257232666,0
exhaustive,58,cascade,"((), (2, 1, 0, 3))",324.89575576782227,156.7487984334227,1061.5413360595703,0.45,4,246.68341541290283,0
exhaustive,58,cascade,"((), (2, 1, 3, 0))",326.3350296020508,157.79219457819926,1062.7354278564453,0.4,4,246.82981204986572,0
exhaustive,58,cascade,"((), (2, 3, 0, 1))",324.6735038757324,156.5845141819402,1061.4199829101562,0.45,4,246.66609859466553,0
exhaustive,58,cascade,"((), (2, 3, 1, 0))",325.45566177368164,157.09613621361754,1061.9993362426758,0.4,4,246.74941062927246,0
exhaustive,58,cascade,"((), (3, 0, 1, 2))",341.9599151611328,164.23296547161607,1076.1263275146484,0.45,4,247.3770637512207,0
exhaustive,58,cascade,"((), (3, 0, 2, 1))",337.39713287353516,162.414481055776,1072.9435272216797,0.45,4,247.25149059295654,0
exhaustive,58,cascade,"((), (3, 1, 0, 2))",342.64599990844727,164.7647395639715,1076.8104782104492,0.43333333333333335,4,247.44654750823975,0
exhaustive,58,cascade,"((), (3, 1, 2, 0))",343.4538688659668,165.27636165447478,1077.3961944580078,0.4,4,247.52625465393066,0
exhaustive,58,cascade,"((), (3, 2, 0, 1))",332.0812072753906,160.14920016214091,1069.6204299926758,0.45,4,247.14726066589355,0
exhaustive,58,cascade,"((), (3, 2, 1, 0))",332.8640670776367,160.6608222526442,1070.1957550048828,0.4166666666666667,4,247.22989749908447,0
exhaustive,58,cascade,"((0, 1), (2, 3))",322.98371505737305,155.1750533984431,1057.3971481323242,0.6,4,246.20475578308105,0
exhaustive,58,cascade,"((0, 1), (3, 2))",330.40064239501953,158.7644860286469,1065.6503143310547,0.6,4,246.6951503753662,0
exhaustive,58,cascade,"((0, 1, 2), (3,))",330.40064239501953,158.7644860286469,1065.6503143310547,0.6,4,246.6951503753662,0
exhaustive,58,cascade,"((0, 1, 3), (2,))",323.47399520874023,155.59226781318938,1057.8575897216797,0.5833333333333334,4,246.25947093963623,0
exhaustive,58,cascade,"((0, 2), (1, 3))",323.47399520874023,155.59226781318938,1057.8575897216797,0.5833333333333334,4,246.25947093963623,0
exhaustive,58,cascade,"((0, 2), (3, 1))",322.6646270751953,154.88075836894308,1057.0689010620117,0.5833333333333334,4,246.17864418029785,0
exhaustive,58,cascade,"((0, 2, 1), (3,))",322.6119499206543,154.83464888583225,1056.995018005371,0.6,4,246.16742134094238,0
exhaustive,58,cascade,"((0, 2, 3), (1,))",323.47399520874023,155.59226781318938,1057.8575897216797,0.6,4,246.25947093963623,0
exhaustive,58,cascade,"((0, 3), (1, 2))",330.8113670349121,159.13036438199956,1065.9979782104492,0.6,4,246.73468017578125,0
exhaustive,58,cascade,"((0, 3), (2, 1))",323.0074348449707,155.20052780519137,1057.4183044433594,0.6,4,246.20809650421143,0
exhaustive,58,cascade,"((0, 3, 1), (2,))",323.07520294189453,155.26041537553473,1057.5109786987305,0.5833333333333334,4,246.22211456298828,0
exhaustive,58,cascade,"((0, 3, 2), (1,))",336.7876205444336,161.92741907647056,1069.9127807617188,0.6,4,246.89966297149658,0
exhaustive,58,cascade,"((0,), (1, 2, 3))",331.8851432800293,159.95866765552273,1067.0039138793945,0.5666666666666667,4,246.8546323776245,0
exhaustive,58,cascade,"((0,), (1, 3, 2))",341.9644889831543,164.22642211352155,1073.7563858032227,0.55,4,247.10635375976562,0
exhaustive,58,cascade,"((0,), (2, 1, 3))",324.0815849304199,156.03072548501444,1058.4378814697266,0.55,4,246.33009243011475,0
exhaustive,58,cascade,"((0,), (2, 3, 1))",323.1969413757324,155.3346879674557,1057.6919860839844,0.55,4,246.2480983734131,0
exhaustive,58,cascade,"((0,), (3, 1, 2))",341.1209182739258,163.5149135684561,1073.008041381836,0.55,4,247.02410888671875,0
exhaustive,58,cascade,"((0,), (3, 2, 1))",330.58349227905273,158.89937436523746,1065.905044555664,0.5666666666666667,4,246.73251056671143,0
exhaustive,58,cascade,"((1, 0), (2, 3))",323.2843894958496,155.44352476590993,1060.1202545166016,0.6,4,246.53371238708496,0
exhaustive,58,cascade,"((1, 0), (3, 2))",330.7035789489746,159.03295776860784,1068.361801147461,0.6,4,247.02206325531006,0
exhaustive,58,cascade,"((1, 0, 2), (3,))",330.7035789489746,159.03295776860784,1068.361801147461,0.6333333333333333,4,247.02206325531006,0
exhaustive,58,cascade,"((1, 0, 3), (2,))",323.7744483947754,155.8607390190972,1060.581443786621,0.6333333333333333,4,246.58852577209473,0
exhaustive,58,cascade,"((1, 2), (3, 0))",331.2363471984863,159.48253748683834,1068.7477188110352,0.6,4,247.04636573791504,0
exhaustive,58,cascade,"((1, 2, 0), (3,))",331.2363471984863,159.48253748683834,1068.7477188110352,0.6,4,247.04636573791504,0
exhaustive,58,cascade,"((1, 3), (2, 0))",323.7744483947754,155.8607390190972,1060.581443786621,0.5833333333333334,4,246.58852577209473,0
exhaustive,58,cascade,"((1, 3, 0), (2,))",324.9469909667969,156.84209387466188,1061.584243774414,0.5833333333333334,4,246.67726230621338,0
exhaustive,58,cascade,"((1,), (2, 0, 3))",323.7744483947754,155.8607390190972,1060.581443786621,0.6333333333333333,4,246.58852577209473,0
exhaustive,58,cascade,"((1,), (2, 3, 0))",324.4620933532715,156.4248795791916,1061.128303527832,0.6,4,246.62329864501953,0
exhaustive,58,cascade,"((1,), (3, 0, 2))",337.2131767272949,162.27959252579362,1072.6753768920898,0.6333333333333333,4,247.21326065063477,0
exhaustive,58,cascade,"((1,), (3, 2, 0))",331.8998832702637,160.0143116334829,1069.3684921264648,0.6,4,247.11036491394043,0
exhaustive,58,cascade,"((2, 0), (3, 1))",322.96542739868164,155.1492302834933,1059.8873443603516,0.5833333333333334,4,246.50940704345703,0
exhaustive,58,cascade,"((2, 0, 1), (3,))",322.912784576416,155.10312084703904,1059.8133163452148,0.6333333333333333,4,246.49815940856934,0
exhaustive,58,cascade,"((2, 1), (3, 0))",323.42987060546875,155.5527008732425,1060.195571899414,0.6,4,246.52293395996094,0
exhaustive,58,cascade,"((2, 1, 0), (3,))",323.42987060546875,155.5527008732425,1060.195571899414,0.6,4,246.52293395996094,0
exhaustive,58,cascade,"((2,), (3, 0, 1))",323.48242568969727,155.59881028776968,1060.2694854736328,0.6333333333333333,4,246.53417015075684,0
exhaustive,58,cascade,"((2,), (3, 1, 0))",324.14464569091797,156.1305841081457,1060.8950576782227,0.5833333333333334,4,246.59896278381348,0
exhaustive,59,ood,"((), (0, 1, 2))",931.2470092773438,292.51782103316816,1768.0654602050781,0.4,3,40.212762244045734,0
exhaustive,59,ood,"((), (0, 2, 1))",950.3440551757812,299.1472614664086,1798.3351135253906,0.4,3,40.21998688578606,0
exhaustive,59,ood,"((), (1, 0, 2))",931.2470092773438,292.51782103316816,1768.0654602050781,0.43333333333333335,3,40.212762244045734,0
exhaustive,59,ood,"((), (1, 2, 0))",932.9434051513672,293.23661189369915,1770.4019165039062,0.4,3,40.21420729160309,0
exhaustive,59,ood,"((), (2, 0, 1))",952.0542602539062,299.86605286473616,1800.6858520507812,0.43333333333333335,3,40.22129124403,0
exhaustive,59,ood,"((), (2, 1, 0))",952.0542602539062,299.86605286473616,1800.6858520507812,0.4,3,40.22129124403,0
exhaustive,59,ood,"((0, 1), (2,))",931.2470092773438,292.51782103316816,1768.0654602050781,0.5833333333333334,3,40.212762244045734,0
exhaustive,59,ood,"((0, 2), (1,))",931.2470092773438,292.51782103316816,1768.0654602050781,0.5833333333333334,3,40.212762244045734,0
exhaustive,59,ood,"((0,), (1, 2))",931.2470092773438,292.51782103316816,1768.0654602050781,0.55,3,40.212762244045734,0
exhaustive,59,ood,"((0,), (2, 1))",950.3440551757812,299.1472614664086,1798.3351135253906,0.55,3,40.21998688578606,0
exhaustive,59,ood,"((1, 0), (2,))",931.2470092773438,292.51782103316816,1768.0654602050781,0.5833333333333334,3,40.212762244045734,0
exhaustive,59,ood,"((1,), (2, 0))",932.9434051513672,293.23661189369915,1770.4019165039062,0.5833333333333334,3,40.21420729160309,0
exhaustive,60,nominal,"((), (0, 1, 2, 3))",0.0055546300718560815,1.4101320045732164,1286.3138885498047,0.4166666666666667,4,486.45709228515625,0
exhaustive,60,nominal,"((), (0, 1, 3, 2))",0.0055546300718560815,1.4101320045732164,1286.3138885498047,0.4,4,486.45709228515625,0
exhaustive,60,nominal,"((), (0, 2, 1, 3))",0.0055546300718560815,1.4101320045732164,1286.3138885498047,0.4,4,486.45709228515625,0
exhaustive,60,nominal,"((), (0, 2, 3, 1))",0.0055546300718560815,1.4101320045732164,1286.3138885498047,0.4,4,486.45709228515625,0
exhaustive,60,nominal,"((), (0, 3, 1, 2))",0.0054865540587343276,1.3916315346489285,1286.27001953125,0.4,4,486.4443130493164,0
exhaustive,60,nominal,"((), (0, 3, 2, 1))",0.0054865540587343276,1.3916315346489285,1286.27001953125,0.4166666666666667,4,486.4443130493164,0
exhaustive,60,nominal,"((), (1, 0, 2, 3))",0.005047495185863227,1.2763224797025243,1286.0709381103516,0.45,4,486.3797187805176,0
exhaustive,60,nominal,"((), (1, 0, 3, 2))",0.005047495185863227,1.2763224797025243,1286.0709381103516,0.45,4,486.3797187805176,0
exhaustive,60,nominal,"((), (1, 2, 0, 3))",0.005047495185863227,1.2763224797025243,1286.0709381103516,0.45,4,486.3797187805176,0
exhaustive,60,nominal,"((), (1, 2, 3, 0))",0.005047495185863227,1.2763224797025243,1286.0709381103516,0.4166666666666667,4,486.3797187805176,0
exhaustive,60,nominal,"((), (1, 3, 0, 2))",0.004979700257536024,1.2578219797974493,1286.0266036987305,0.43333333333333335,4,486.36676025390625,0
exhaustive,60,nominal,"((), (1, 3, 2, 0))",0.004979700257536024,1.2578219797974493,1286.0266036987305,0.4,4,486.36676025390625,0
exhaustive,60,nominal,"((), (2, 0, 1, 3))",0.0055546300718560815,1.4101320045732164,1286.3138885498047,0.43333333333333335,4,486.45709228515625,0
exhaustive,60,nominal,"((), (2, 0, 3, 1))",0.0055546300718560815,1.4101320045732164,1286.3138885498047,0.43333333333333335,4,486.45709228515625,0
exhaustive,60,nominal,"((), (2, 1, 0, 3))",0.005047495185863227,1.2763224797025243,1286.0709381103516,0.45,4,486.3797187805176,0
exhaustive,60,nominal,"((), (2, 1, 3, 0))",0.005047495185863227,1.2763224797025243,1286.0709381103516,0.4,4,486.3797187805176,0
exhaustive,60,nominal,"((), (2, 3, 0, 1))",0.0054865540587343276,1.3916315346489285,1286.27001953125,0.45,4,486.4443130493164,0
exhaustive,60,nominal,"((), (2, 3, 1, 0))",0.0054865540587343276,1.3916315346489285,1286.27001953125,0.4,4,486.4443130493164,0
exhaustive,60,nominal,"((), (3, 0, 1, 2))",0.0054865540587343276,1.3916315346489285,1286.27001953125,0.45,4,486.4443130493164,0
exhaustive,60,nominal,"((), (3, 0, 2, 1))",0.0054865540587343276,1.3916315346489285,1286.27001953125,0.45,4,486.4443130493164,0
exhaustive,60,nominal,"((), (3, 1, 0, 2))",0.004979700257536024,1.2578219797974493,1286.0266036987305,0.43333333333333335,4,486.36676025390625,0
exhaustive,60,nominal,"((), (3, 1, 2, 0))",0.004979700257536024,1.2578219797974493,1286.0266036987305,0.4,4,486.36676025390625,0
exhaustive,60,nominal,"((), (3, 2, 0, 1))",0.0054865540587343276,1.3916315346489285,1286.27001953125,0.45,4,486.4443130493164,0
exhaustive,60,nominal,"((), (3, 2, 1, 0))",0.0054865540587343276,1.3916315346489285,1286.27001953125,0.4166666666666667,4,486.4443130493164,0
exhaustive,60,nominal,"((0, 1), (2, 3))",0.0054865540587343276,1.3916315346489285,1286.27001953125,0.6,4,486.4443130493164,0
exhaustive,60,nominal,"((0, 1), (3, 2))",0.0054865540587343276,1.3916315346489285,1286.27001953125,0.6,4,486.4443130493164,0
exhaustive,60,nominal,"((0, 1, 2), (3,))",0.0054865540587343276,1.3916315346489285,1286.27001953125,0.6,4,486.4443130493164,0
exhaustive,60,nominal,"((0, 1, 3), (2,))",0.0055546300718560815,1.4101320045732164,1286.3138885498047,0.5833333333333334,4,486.45709228515625,0
exhaustive,60,nominal,"((0, 2), (1, 3))",0.004979700257536024,1.2578219797974493,1286.0266036987305,0.5833333333333334,4,486.36676025390625,0
exhaustive,60,nominal,"((0, 2), (3, 1))",0.004979700257536024,1.2578219797974493,1286.0266036987305,0.5833333333333334,4,486.36676025390625,0
exhaustive,60,nominal,"((0, 2, 1), (3,))",0.0054865540587343276,1.3916315346489285,1286.27001953125,0.6,4,486.4443130493164,0
exhaustive,60,nominal,"((0, 2, 3), (1,))",0.005047495185863227,1.2763224797025243,1286.0709381103516,0.6,4,486.3797187805176,0
exhaustive,60,nominal,"((0, 3), (1, 2))",0.004979700257536024,1.2578219797974493,1286.0266036987305,0.6,4,486.36676025390625,0
exhaustive,60,nominal,"((0, 3), (2, 1))",0.004979700257536024,1.2578219797974493,1286.0266036987305,0.6,4,486.36676025390625,0
exhaustive,60,nominal,"((0, 3, 1), (2,))",0.0054865540587343276,1.3916315346489285,1286.27001953125,0.5833333333333334,4,486.4443130493164,0
exhaustive,60,nominal,"((0, 3, 2), (1,))",0.004979700257536024,1.2578219797974493,1286.0266036987305,0.6,4,486.36676025390625,0
exhaustive,60,nominal,"((0,), (1, 2, 3))",0.005047495185863227,1.2763224797025243,1286.0709381103516,0.5666666666666667,4,486.3797187805176,0
exhaustive,60,nominal,"((0,), (1, 3, 2))",0.004979700257536024,1.2578219797974493,1286.0266036987305,0.55,4,486.36676025390625,0
exhaustive,60,nominal,"((0,), (2, 1, 3))",0.005047495185863227,1.2763224797025243,1286.0709381103516,0.55,4,486.3797187805176,0
exhaustive,60,nominal,"((0,), (2, 3, 1))",0.0054865540587343276,1.3916315346489285,1286.27001953125,0.55,4,486.4443130493164,0
exhaustive,60,nominal,"((0,), (3, 1, 2))",0.004979700257536024,1.2578219797974493,1286.0266036987305,0.55,4,486.36676025390625,0
exhaustive,60,nominal,"((0,), (3, 2, 1))",0.0054865540587343276,1.3916315346489285,1286.27001953125,0.5666666666666667,4,486.4443130493164,0
exhaustive,60,nominal,"((1, 0), (2, 3))",0.004979700257536024,1.2578219797974493,1286.0266036987305,0.6,4,486.36676025390625,0
exhaustive,60,nominal,"((1, 0), (3, 2))",0.004979700257536024,1.2578219797974493,1286.0266036987305,0.6,4,486.36676025390625,0
exhaustive,60,nominal,"((1, 0, 2), (3,))",0.004979700257536024,1.2578219797974493,1286.0266036987305,0.6333333333333333,4,486.36676025390625,0
exhaustive,60,nominal,"((1, 0, 3), (2,))",0.005047495185863227,1.2763224797025243,1286.0709381103516,0.6333333333333333,4,486.3797187805176,0
exhaustive,60,nominal,"((1, 2), (3, 0))",0.004979700257536024,1.2578219797974493,1286.0266036987305,0.6,4,486.36676025390625,0
exhaustive,60,nominal,"((1, 2, 0), (3,))",0.004979700257536024,1.2578219797974493,1286.0266036987305,0.6,4,486.36676025390625,0
exhaustive,60,nominal,"((1, 3), (2, 0))",0.004979700257536024,1.2578219797974493,1286.0266036987305,0.5833333333333334,4,486.36676025390625,0
exhaustive,60,nominal,"((1, 3, 0), (2,))",0.004979700257536024,1.2578219797974493,1286.0266036987305,0.5833333333333334,4,486.36676025390625,0
exhaustive,60,nominal,"((1,), (2, 0, 3))",0.005047495185863227,1.2763224797025243,1286.0709381103516,0.6333333333333333,4,486.3797187805176,0
exhaustive,60,nominal,"((1,), (2, 3, 0))",0.004979700257536024,1.2578219797974493,1286.0266036987305,0.6,4,486.36676025390625,0
exhaustive,60,nominal,"((1,), (3, 0, 2))",0.004979700257536024,1.2578219797974493,1286.0266036987305,0.6333333333333333,4,486.36676025390625,0
exhaustive,60,nominal,"((1,), (3, 2, 0))",0.004979700257536024,1.2578219797974493,1286.0266036987305,0.6,4,486.36676025390625,0
exhaustive,60,nominal,"((2, 0), (3, 1))",0.004979700257536024,1.2578219797974493,1286.0266036987305,0.5833333333333334,4,486.36676025390625,0
exhaustive,60,nominal,"((2, 0, 1), (3,))",0.0054865540587343276,1.3916315346489285,1286.27001953125,0.6333333333333333,4,486.4443130493164,0
exhaustive,60,nominal,"((2, 1), (3, 0))",0.004979700257536024,1.2578219797974493,1286.0266036987305,0.6,4,486.36676025390625,0
exhaustive,60,nominal,"((2, 1, 0), (3,))",0.004979700257536024,1.2578219797974493,1286.0266036987305,0.6,4,486.36676025390625,0
exhaustive,60,nominal,"((2,), (3, 0, 1))",0.0054865540587343276,1.3916315346489285,1286.27001953125,0.6333333333333333,4,486.4443130493164,0
exhaustive,60,nominal,"((2,), (3, 1, 0))",0.004979700257536024,1.2578219797974493,1286.0266036987305,0.5833333333333334,4,486.36676025390625,0
exhaustive,61,single_domain,"((), (0, 1, 2, 3))",9.695458225905895,17.858912067720297,910.2838592529297,0.4166666666666667,4,337.0691680908203,0
exhaustive,61,single_domain,"((), (0, 1, 3, 2))",9.702545009553432,18.70144957943478,911.5576019287109,0.4,4,337.2222213745117,0
exhaustive,61,single_domain,"((), (0, 2, 1, 3))",9.695697637274861,17.89706478508034,910.3298034667969,0.4,4,337.0717468261719,0
exhaustive,61,single_domain,"((), (0, 2, 3, 1))",9.695697637274861,17.89706478508034,910.3298034667969,0.4,4,337.0717468261719,0
exhaustive,61,single_domain,"((), (0, 3, 1, 2))",9.702784538269043,18.739602229521182,911.6046524047852,0.4,4,337.22484588623047,0
exhaustive,61,single_domain,"((), (0, 3, 2, 1))",9.702784538269043,18.739602229521182,911.6046524047852,0.4166666666666667,4,337.22484588623047,0
exhaustive,61,single_domain,"((), (1, 0, 2, 3))",9.702545009553432,18.70144957943478,911.5576019287109,0.45,4,337.2222213745117,0
exhaustive,61,single_domain,"((), (1, 0, 3, 2))",9.702545009553432,18.70144957943478,911.5576019287109,0.45,4,337.2222213745117,0
exhaustive,61,single_domain,"((), (1, 2, 0, 3))",9.695705439895391,17.91805312619202,910.3189544677734,0.45,4,337.0755195617676,0
exhaustive,61,single_domain,"((), (1, 2, 3, 0))",9.695705439895391,17.91805312619202,910.3189544677734,0.4166666666666667,4,337.0755195617676,0
exhaustive,61,single_domain,"((), (1, 3, 0, 2))",9.702792318537831,18.760590566710054,911.5938262939453,0.43333333333333335,4,337.22861099243164,0
exhaustive,61,single_domain,"((), (1, 3, 2, 0))",9.702792318537831,18.760590566710054,911.5938262939453,0.4,4,337.22861099243164,0
exhaustive,61,single_domain,"((), (2, 0, 1, 3))",9.695697637274861,17.89706478508034,910.3298034667969,0.43333333333333335,4,337.0717468261719,0
exhaustive,61,single_domain,"((), (2, 0, 3, 1))",9.695697637274861,17.89706478508034,910.3298034667969,0.43333333333333335,4,337.0717468261719,0
exhaustive,61,single_domain,"((), (2, 1, 0, 3))",9.695705439895391,17.91805312619202,910.3189544677734,0.45,4,337.0755195617676,0
exhaustive,61,single_domain,"((), (2, 1, 3, 0))",9.695705439895391,17.91805312619202,910.3189544677734,0.4,4,337.0755195617676,0
exhaustive,61,single_domain,"((), (2, 3, 0, 1))",9.695944862440228,17.956205826213804,910.3648986816406,0.45,4,337.07809829711914,0
exhaustive,61,single_domain,"((), (2, 3, 1, 0))",9.695944862440228,17.956205826213804,910.3648986816406,0.4,4,337.07809829711914,0
exhaustive,61,single_domain,"((), (3, 0, 1, 2))",9.702788960188627,18.76184470469345,911.5936813354492,0.45,4,337.22616958618164,0
exhaustive,61,single_domain,"((), (3, 0, 2, 1))",9.702788960188627,18.76184470469345,911.5936813354492,0.45,4,337.22616958618164,0
exhaustive,61,single_domain,"((), (3, 1, 0, 2))",9.702788960188627,18.76184470469345,911.5936813354492,0.43333333333333335,4,337.22616958618164,0
exhaustive,61,single_domain,"((), (3, 1, 2, 0))",9.702788960188627,18.76184470469345,911.5936813354492,0.4,4,337.22616958618164,0
exhaustive,61,single_domain,"((), (3, 2, 0, 1))",9.702788960188627,18.76184470469345,911.5936813354492,0.45,4,337.22616958618164,0
exhaustive,61,single_domain,"((), (3, 2, 1, 0))",9.702788960188627,18.76184470469345,911.5936813354492,0.4166666666666667,4,337.22616958618164,0
exhaustive,61,single_domain,"((0, 1), (2, 3))",9.695458225905895,17.858912067720297,910.2838592529297,0.6,4,337.0691680908203,0
exhaustive,61,single_domain,"((0, 1), (3, 2))",9.702302547171712,18.664550944196016,911.5104293823242,0.6,4,337.2171401977539,0
exhaustive,61,single_domain,"((0, 1, 2), (3,))",9.695216545835137,17.822013441953192,910.2374038696289,0.6,4,337.06406021118164,0
exhaustive,61,single_domain,"((0, 1, 3), (2,))",9.695458225905895,17.858912067720297,910.2838592529297,0.5833333333333334,4,337.0691680908203,0
exhaustive,61,single_domain,"((0, 2), (1, 3))",9.695458225905895,17.858912067720297,910.2838592529297,0.5833333333333334,4,337.0691680908203,0
exhaustive,61,single_domain,"((0, 2), (3, 1))",9.695455595850945,17.860166111276143,910.283332824707,0.5833333333333334,4,337.066650390625,0
exhaustive,61,single_domain,"((0, 2, 1), (3,))",9.695455595850945,17.860166111276143,910.283332824707,0.6,4,337.066650390625,0
exhaustive,61,single_domain,"((0, 2, 3), (1,))",9.695458225905895,17.858912067720297,910.2838592529297,0.6,4,337.0691680908203,0
exhaustive,61,single_domain,"((0, 3), (1, 2))",9.695458225905895,17.858912067720297,910.2838592529297,0.6,4,337.0691680908203,0
exhaustive,61,single_domain,"((0, 3), (2, 1))",9.695458225905895,17.858912067720297,910.2838592529297,0.6,4,337.0691680908203,0
exhaustive,61,single_domain,"((0, 3, 1), (2,))",9.695697637274861,17.89706478508034,910.3298034667969,0.5833333333333334,4,337.0717468261719,0
exhaustive,61,single_domain,"((0, 3, 2), (1,))",9.702545009553432,18.70144957943478,911.5576019287109,0.6,4,337.2222213745117,0
exhaustive,61,single_domain,"((0,), (1, 2, 3))",9.695458225905895,17.858912067720297,910.2838592529297,0.5666666666666667,4,337.0691680908203,0
exhaustive,61,single_domain,"((0,), (1, 3, 2))",9.702545009553432,18.70144957943478,911.5576019287109,0.55,4,337.2222213745117,0
exhaustive,61,single_domain,"((0,), (2, 1, 3))",9.695458225905895,17.858912067720297,910.2838592529297,0.55,4,337.0691680908203,0
exhaustive,61,single_domain,"((0,), (2, 3, 1))",9.695697637274861,17.89706478508034,910.3298034667969,0.55,4,337.0717468261719,0
exhaustive,61,single_domain,"((0,), (3, 1, 2))",9.702541716396809,18.70270355109527,911.5574569702148,0.55,4,337.2197799682617,0
exhaustive,61,single_domain,"((0,), (3, 2, 1))",9.702541716396809,18.70270355109527,911.5574569702148,0.5666666666666667,4,337.2197799682617,0
exhaustive,61,single_domain,"((1, 0), (2, 3))",9.695458225905895,17.858912067720297,910.2838592529297,0.6,4,337.0691680908203,0
exhaustive,61,single_domain,"((1, 0), (3, 2))",9.702302547171712,18.664550944196016,911.5104293823242,0.6,4,337.2171401977539,0
exhaustive,61,single_domain,"((1, 0, 2), (3,))",9.702302547171712,18.664550944196016,911.5104293823242,0.6333333333333333,4,337.2171401977539,0
exhaustive,61,single_domain,"((1, 0, 3), (2,))",9.695458225905895,17.858912067720297,910.2838592529297,0.6333333333333333,4,337.0691680908203,0
exhaustive,61,single_domain,"((1, 2), (3, 0))",9.695463696494699,17.881154528558394,910.2724990844727,0.6,4,337.07042694091797,0
exhaustive,61,single_domain,"((1, 2, 0), (3,))",9.695463696494699,17.881154528558394,910.2724990844727,0.6,4,337.07042694091797,0
exhaustive,61,single_domain,"((1, 3), (2, 0))",9.695458225905895,17.858912067720297,910.2838592529297,0.5833333333333334,4,337.0691680908203,0
exhaustive,61,single_domain,"((1, 3, 0), (2,))",9.695705439895391,17.91805312619202,910.3189544677734,0.5833333333333334,4,337.0755195617676,0
exhaustive,61,single_domain,"((1,), (2, 0, 3))",9.695458225905895,17.858912067720297,910.2838592529297,0.6333333333333333,4,337.0691680908203,0
exhaustive,61,single_domain,"((1,), (2, 3, 0))",9.695705439895391,17.91805312619202,910.3189544677734,0.6,4,337.0755195617676,0
exhaustive,61,single_domain,"((1,), (3, 0, 2))",9.70254979096353,18.723692000765507,911.5466842651367,0.6333333333333333,4,337.2235412597656,0
exhaustive,61,single_domain,"((1,), (3, 2, 0))",9.70254979096353,18.723692000765507,911.5466842651367,0.6,4,337.2235412597656,0
exhaustive,61,single_domain,"((2, 0), (3, 1))",9.695455595850945,17.860166111276143,910.283332824707,0.5833333333333334,4,337.066650390625,0
exhaustive,61,single_domain,"((2, 0, 1), (3,))",9.695455595850945,17.860166111276143,910.283332824707,0.6333333333333333,4,337.066650390625,0
exhaustive,61,single_domain,"((2, 1), (3, 0))",9.695463696494699,17.881154528558394,910.2724990844727,0.6,4,337.07042694091797,0
exhaustive,61,single_domain,"((2, 1, 0), (3,))",9.695463696494699,17.881154528558394,910.2724990844727,0.6,4,337.07042694091797,0
exhaustive,61,single_domain,"((2,), (3, 0, 1))",9.695702750235796,17.919307166996283,910.3183975219727,0.6333333333333333,4,337.07300567626953,0
exhaustive,61,single_domain,"((2,), (3, 1, 0))",9.695702750235796,17.919307166996283,910.3183975219727,0.5833333333333334,4,337.07300567626953,0
exhaustive,62,cascade,"((), (0, 1, 2, 3))",270.7118606567383,193.5866111189012,587.7309417724609,0.4166666666666667,3,103.66623830795288,0
exhaustive,62,cascade,"((), (0, 1, 3, 2))",270.7118606567383,193.5866111189012,587.7309417724609,0.4,3,103.66623830795288,0
exhaustive,62,cascade,"((), (0, 2, 1, 3))",267.5229835510254,192.01475040504516,583.6781997680664,0.4,3,103.63860368728638,0
exhaustive,62,cascade,"((), (0, 2, 3, 1))",265.5165672302246,191.31645879023253,581.863655090332,0.4,3,103.51930093765259,0
exhaustive,62,cascade,"((), (0, 3, 1, 2))",267.50979232788086,192.31156413075342,584.3872566223145,0.4,3,103.51991415023804,0
exhaustive,62,cascade,"((), (0, 3, 2, 1))",264.49658584594727,191.01771221392073,580.7355537414551,0.4166666666666667,3,103.47382354736328,0
exhaustive,62,cascade,"((), (1, 0, 2, 3))",277.14831924438477,197.1616455126682,596.409538269043,0.45,3,103.85513591766357,0
exhaustive,62,cascade,"((), (1, 0, 3, 2))",277.14831924438477,197.1616455126682,596.409538269043,0.45,3,103.85513591766357,0
exhaustive,62,cascade,"((), (1, 2, 0, 3))",277.7523307800293,197.59407436250817,600.7950668334961,0.45,3,103.9082441329956,0
exhaustive,62,cascade,"((), (1, 2, 3, 0))",277.7523307800293,197.59407436250817,600.7950668334961,0.4166666666666667,3,103.9082441329956,0
exhaustive,62,cascade,"((), (1, 3, 0, 2))",277.82324981689453,197.63256388356282,601.694709777832,0.43333333333333335,3,103.80200862884521,0
exhaustive,62,cascade,"((), (1, 3, 2, 0))",277.82324981689453,197.63256388356282,601.694709777832,0.4,3,103.80200862884521,0
exhaustive,62,cascade,"((), (2, 0, 1, 3))",270.4257926940918,193.56823803782538,587.5053329467773,0.43333333333333335,3,103.7108325958252,0
exhaustive,62,cascade,"((), (2, 0, 3, 1))",268.4275207519531,192.86974961989088,585.6865310668945,0.43333333333333335,3,103.59230613708496,0
exhaustive,62,cascade,"((), (2, 1, 0, 3))",275.4418487548828,196.36551867629822,598.5477485656738,0.45,3,103.8275089263916,0
exhaustive,62,cascade,"((), (2, 1, 3, 0))",275.4418487548828,196.36551867629822,598.5477485656738,0.4,3,103.8275089263916,0
exhaustive,62,cascade,"((), (2, 3, 0, 1))",269.47081756591797,193.59509273270248,587.457820892334,0.45,3,103.61486864089966,0
exhaustive,62,cascade,"((), (2, 3, 1, 0))",273.08421325683594,195.43528685159217,596.180736541748,0.4,3,103.71441125869751,0
exhaustive,62,cascade,"((), (3, 0, 1, 2))",268.648136138916,192.9032637919306,585.9149475097656,0.45,3,103.54850053787231,0
exhaustive,62,cascade,"((), (3, 0, 2, 1))",266.5722351074219,192.08979866912262,583.2166137695312,0.45,3,103.53698205947876,0
exhaustive,62,cascade,"((), (3, 1, 0, 2))",275.5100746154785,196.69476548601395,599.339054107666,0.43333333333333335,3,103.71569204330444,0
exhaustive,62,cascade,"((), (3, 1, 2, 0))",275.5100746154785,196.69476548601395,599.339054107666,0.4,3,103.71569204330444,0
exhaustive,62,cascade,"((), (3, 2, 0, 1))",269.4204864501953,193.68011982506317,587.3551292419434,0.45,3,103.60898113250732,0
exhaustive,62,cascade,"((), (3, 2, 1, 0))",273.03673553466797,195.52028058055964,596.0760688781738,0.4166666666666667,3,103.70869159698486,0
exhaustive,62,cascade,"((0, 1), (2, 3))",264.09088134765625,190.80579836982162,580.4558258056641,0.6,4,103.44310283660889,0
exhaustive,62,cascade,"((0, 1), (3, 2))",264.0620536804199,190.89834548724357,580.365421295166,0.6,4,103.43830871582031,0
exhaustive,62,cascade,"((0, 1, 2), (3,))",267.04784774780273,192.19219740407627,584.0109901428223,0.6,4,103.48418188095093,0
exhaustive,62,cascade,"((0, 1, 3), (2,))",266.97536849975586,191.8627227180645,583.2585067749023,0.5833333333333334,4,103.59892320632935,0
exhaustive,62,cascade,"((0, 2), (1, 3))",265.6253089904785,191.40607440694433,581.9645538330078,0.5833333333333334,4,103.50600290298462,0
exhaustive,62,cascade,"((0, 2), (3, 1))",263.2511520385742,190.46840211525708,579.5183181762695,0.5833333333333334,4,103.41299200057983,0
exhaustive,62,cascade,"((0, 2, 1), (3,))",263.68630599975586,190.58776884193423,579.8887405395508,0.6,4,103.44853353500366,0
exhaustive,62,cascade,"((0, 2, 3), (1,))",264.6790084838867,191.04911607442557,580.80224609375,0.6,4,103.44206094741821,0
exhaustive,62,cascade,"((0, 3), (1, 2))",265.68798065185547,191.726455488473,581.9576377868652,0.6,4,103.50572538375854,0
exhaustive,62,cascade,"((0, 3), (2, 1))",263.2511520385742,190.46840211525708,579.5183181762695,0.6,4,103.41299200057983,0
exhaustive,62,cascade,"((0, 3, 1), (2,))",263.68630599975586,190.58776884193423,579.8887405395508,0.5833333333333334,4,103.44853353500366,0
exhaustive,62,cascade,"((0, 3, 2), (1,))",263.76795959472656,190.7939313635614,579.7931480407715,0.6,4,103.40431213378906,0
exhaustive,62,cascade,"((0,), (1, 2, 3))",269.30179595947266,193.0912790616682,585.5846481323242,0.5666666666666667,4,103.68342351913452,0
exhaustive,62,cascade,"((0,), (1, 3, 2))",269.3761787414551,193.1299216020849,586.4457168579102,0.55,4,103.57452917098999,0
exhaustive,62,cascade,"((0,), (2, 1, 3))",266.97536849975586,191.8627227180645,583.2585067749023,0.55,4,103.59892320632935,0
exhaustive,62,cascade,"((0,), (2, 3, 1))",264.54462814331055,190.93268479491405,580.8398895263672,0.55,4,103.47983837127686,0
exhaustive,62,cascade,"((0,), (3, 1, 2))",267.04784774780273,192.19219740407627,584.0109901428223,0.55,4,103.48418188095093,0
exhaustive,62,cascade,"((0,), (3, 2, 1))",264.49658584594727,191.01771221392073,580.7355537414551,0.5666666666666667,4,103.47382354736328,0
exhaustive,62,cascade,"((1, 0), (2, 3))",270.60506439208984,194.39992196838963,589.3229026794434,0.6,4,103.64514017105103,0
exhaustive,62,cascade,"((1, 0), (3, 2))",270.59984588623047,194.50272230176307,589.2693748474121,0.6,4,103.6425313949585,0
exhaustive,62,cascade,"((1, 0, 2), (3,))",273.5448341369629,195.79657554747274,592.8839836120605,0.6333333333333333,4,103.6837592124939,0
exhaustive,62,cascade,"((1, 0, 3), (2,))",273.41120529174805,195.4377564263215,592.0281105041504,0.6333333333333333,4,103.792724609375,0
exhaustive,62,cascade,"((1, 2), (3, 0))",266.82532501220703,192.31815222034697,583.4829025268555,0.6,4,103.5344967842102,0
exhaustive,62,cascade,"((1, 2, 0), (3,))",274.1615409851074,196.22902226472388,597.2760887145996,0.6,4,103.73777151107788,0
exhaustive,62,cascade,"((1, 3), (2, 0))",268.5254592895508,192.9594044844378,585.7922058105469,0.5833333333333334,4,103.57899284362793,0
exhaustive,62,cascade,"((1, 3, 0), (2,))",274.1011619567871,195.908716023,597.2853126525879,0.5833333333333334,4,103.73810958862305,0
exhaustive,62,cascade,"((1,), (2, 0, 3))",267.58300399780273,192.60240530162343,584.6300811767578,0.6333333333333333,4,103.5156021118164,0
exhaustive,62,cascade,"((1,), (2, 3, 0))",268.686279296875,193.35353711256366,586.4754753112793,0.6,4,103.54298639297485,0
exhaustive,62,cascade,"((1,), (3, 0, 2))",265.840145111084,191.86601621310155,582.2776184082031,0.6333333333333333,4,103.4677414894104,0
exhaustive,62,cascade,"((1,), (3, 2, 0))",268.68062591552734,193.4563373790803,586.4225120544434,0.6,4,103.54032611846924,0
exhaustive,62,cascade,"((2, 0), (3, 1))",266.1715888977051,192.0216906735733,583.3638191223145,0.5833333333333334,4,103.48692464828491,0
exhaustive,62,cascade,"((2, 0, 1), (3,))",266.60879135131836,192.14105901382865,583.7332801818848,0.6333333333333333,4,103.52230215072632,0
exhaustive,62,cascade,"((2, 1), (3, 0))",264.39201736450195,191.06009906704216,581.0475807189941,0.6,4,103.44195461273193,0
exhaustive,62,cascade,"((2, 1, 0), (3,))",271.78992462158203,194.97096903780192,594.877326965332,0.6,4,103.64932680130005,0
exhaustive,62,cascade,"((2,), (3, 0, 1))",264.8264694213867,191.17946740729752,581.417667388916,0.6333333333333333,4,103.47743892669678,0
exhaustive,62,cascade,"((2,), (3, 1, 0))",271.78992462158203,194.97096903780192,594.877326965332,0.5833333333333334,4,103.64932680130005,0
exhaustive,63,ood,"((), (0, 1, 2))",1068.130630493164,345.4187829015766,1097.5244827270508,0.25,3,76.99304580688477,0
exhaustive,63,ood,"((), (0, 2, 1))",1110.123519897461,352.2529376014062,1153.5341796875,0.25,3,79.7913703918457,0
exhaustive,63,ood,"((), (1, 0, 2))",1037.9287719726562,339.27157223046976,1059.702522277832,0.3,3,75.6724796295166,0
exhaustive,63,ood,"((), (1, 2, 0))",1045.0706329345703,341.05690534847815,1062.0734939575195,0.25,3,75.70091342926025,0
exhaustive,63,ood,"((), (2, 0, 1))",1111.4849395751953,352.7736234249411,1152.9086456298828,0.3,3,79.78187370300293,0
exhaustive,63,ood,"((), (2, 1, 0))",1073.430892944336,346.7933349891058,1099.386344909668,0.25,3,77.01459407806396,0
exhaustive,63,ood,"((0, 1), (2,))",1059.9880065917969,342.8030983306961,1094.0387878417969,0.45,3,76.92929553985596,0
exhaustive,63,ood,"((0, 2), (1,))",1034.5562744140625,338.13819642111827,1058.0976333618164,0.45,3,75.63918209075928,0
exhaustive,63,ood,"((0,), (1, 2))",1031.7103271484375,337.0666683247297,1056.7263793945312,0.4,3,75.61689853668213,0
exhaustive,63,ood,"((0,), (2, 1))",1059.9880065917969,342.8030983306961,1094.0387878417969,0.4,3,76.92929553985596,0
exhaustive,63,ood,"((1, 0), (2,))",1031.7103271484375,337.0666683247297,1056.7263793945312,0.45,3,75.61689853668213,0
exhaustive,63,ood,"((1,), (2, 0))",1037.3011169433594,338.94371911797344,1058.3562622070312,0.45,3,75.65216064453125,0
portfolio,0,nominal,forecast_matched,8.315586684670848,0.5077845853462571,315.1555128097534,1.1666666666666667,15,120.60679817199707,0
portfolio,0,nominal,greedy,8.315586684670848,0.5077845853462571,315.1555128097534,1.1666666666666667,15,120.60679817199707,0
portfolio,0,nominal,pc_rollout,8.315647785704869,0.49679379260397954,315.1633348464966,1.2166666666666666,15,120.60952949523926,0
portfolio,0,nominal,robust_pc_rollout,8.315647785704869,0.49679379260397954,315.1633348464966,1.2166666666666666,15,120.60952949523926,0
portfolio,0,nominal,static,8.315598164161429,0.5276660908670103,315.15351963043213,1.15,15,120.60584449768066,0
portfolio,0,nominal,uniform_route,8.316251465280516,0.5149478710983676,315.7225704193115,1.2333333333333334,15,120.82489538192749,0
portfolio,1,single_domain,forecast_matched,2.3807868286967278,16.198445177551832,41.04297942109406,2.433333333333333,19,14.74448013305664,0
portfolio,1,single_domain,greedy,2.3807868286967278,16.198445177551832,41.04297942109406,2.433333333333333,19,14.74448013305664,0
portfolio,1,single_domain,pc_rollout,2.5666021928191185,14.8508900213953,41.02267459779978,2.7666666666666666,19,14.659490585327148,0
portfolio,1,single_domain,robust_pc_rollout,2.5666021928191185,14.8508900213953,41.02267459779978,2.7666666666666666,19,14.659490585327148,0
portfolio,1,single_domain,static,7.315806142985821,23.085277837467803,50.130140356719494,2.683333333333333,18,16.132484912872314,0
portfolio,1,single_domain,uniform_route,5.378315724432468,21.143234743612787,45.46542741730809,2.3666666666666667,20,15.19861912727356,0
portfolio,2,cascade,forecast_matched,162.05044829845428,79.81131556257323,1174.2250518798828,2.533333333333333,30,354.4491901397705,0
portfolio,2,cascade,greedy,150.23198246955872,92.51049512646826,1136.3598327636719,2.55,30,351.7627182006836,0
portfolio,2,cascade,pc_rollout,175.74833261966705,84.90446009389873,1219.079605102539,2.9,30,356.4223937988281,0
portfolio,2,cascade,robust_pc_rollout,164.12322103977203,79.16740779651488,1176.6263580322266,2.6333333333333333,30,353.78332328796387,0
portfolio,2,cascade,static,176.52401101589203,109.319597062734,1208.5126876831055,3.4166666666666665,29,355.8150463104248,0
portfolio,2,cascade,uniform_route,173.33872961997986,96.26415604150193,1199.9934616088867,2.9,30,355.6580753326416,0
portfolio,3,ood,forecast_matched,668.0316562652588,195.21238058735005,1721.7928771972656,1.9333333333333333,26,354.6556968688965,0
portfolio,3,ood,greedy,668.0316562652588,195.21238058735005,1721.7928771972656,1.9333333333333333,26,354.6556968688965,0
portfolio,3,ood,pc_rollout,668.6391181945801,193.64926296516668,1722.2748184204102,1.9166666666666667,26,354.71853828430176,0
portfolio,3,ood,robust_pc_rollout,668.0316562652588,195.21238058735005,1721.7928771972656,1.9333333333333333,26,354.6556968688965,0
portfolio,3,ood,static,662.8349075317383,227.96919989098427,1704.2539443969727,2.183333333333333,26,354.5162944793701,0
portfolio,3,ood,uniform_route,705.1740913391113,226.9451355808992,1754.1736145019531,2.3333333333333335,26,355.60702896118164,0
portfolio,4,nominal,forecast_matched,0.0003040257051907247,0.35901158482737267,64.82206439971924,1.4,16,24.931553959846497,0
portfolio,4,nominal,greedy,0.0003040257051907247,0.35901158482737267,64.82206439971924,1.4,16,24.931553959846497,0
portfolio,4,nominal,pc_rollout,0.00032744447662480525,0.3836148854230436,64.77932548522949,1.3666666666666667,16,24.915104269981384,0
portfolio,4,nominal,robust_pc_rollout,0.00032744447662480525,0.3836148854230436,64.77932548522949,1.3666666666666667,16,24.915104269981384,0
portfolio,4,nominal,static,0.00032768113851489034,0.41839296129456865,64.80694961547852,1.3166666666666667,16,24.925726890563965,0
portfolio,4,nominal,uniform_route,0.00041518198577250587,0.43372918446421743,64.95243406295776,1.3,16,24.981695294380188,0
portfolio,5,single_domain,forecast_matched,21.325898945331573,22.993421138269643,2094.866653442383,2.4,22,770.2792205810547,0
portfolio,5,single_domain,greedy,18.04769676923752,17.385235540688814,2061.7073974609375,2.283333333333333,26,768.1450805664062,0
portfolio,5,single_domain,pc_rollout,18.559889376163483,18.525703653552814,2086.2083129882812,2.183333333333333,26,769.2333526611328,0
portfolio,5,single_domain,robust_pc_rollout,18.559889376163483,18.525703653552814,2086.2083129882812,2.183333333333333,26,769.2333526611328,0
portfolio,5,single_domain,static,22.88771343231201,28.87243231498951,2072.34765625,2.1666666666666665,25,769.1059036254883,0
portfolio,5,single_domain,uniform_route,22.528420627117157,23.140242436227364,2093.3394927978516,2.25,25,770.1137084960938,0
portfolio,6,cascade,forecast_matched,164.09065103530884,61.18120136052713,2201.9818420410156,3.183333333333333,27,705.0446929931641,0
portfolio,6,cascade,greedy,168.15350234508514,58.619340419832334,2207.349395751953,2.85,27,704.8825836181641,0
portfolio,6,cascade,pc_rollout,168.1123378276825,56.899834987496206,2233.2907104492188,3.1666666666666665,27,706.696891784668,0
portfolio,6,cascade,robust_pc_rollout,157.7482634782791,54.064500574599016,2185.9402770996094,3.05,27,704.3758239746094,0
portfolio,6,cascade,static,179.2113608121872,67.42644541625282,2241.3926391601562,2.9,26,706.0495223999023,0
portfolio,6,cascade,uniform_route,179.06904244422913,61.35130317185688,2225.592254638672,2.8833333333333333,27,705.8804702758789,0
portfolio,7,ood,forecast_matched,718.213794708252,165.1471759944432,2035.0740661621094,1.9833333333333334,26,445.3067092895508,0
portfolio,7,ood,greedy,744.517204284668,176.29940358342088,2054.5740661621094,2.4166666666666665,25,445.7474250793457,0
portfolio,7,ood,pc_rollout,847.7223510742188,157.5099515037712,2228.0592041015625,2.3333333333333335,25,450.27737045288086,0
portfolio,7,ood,robust_pc_rollout,837.381217956543,175.25865751616163,2202.7881469726562,2.533333333333333,25,450.20742416381836,0
portfolio,7,ood,static,829.3302764892578,176.16013260527848,2192.329345703125,2.5833333333333335,25,450.1300506591797,0
portfolio,7,ood,uniform_route,837.381217956543,175.25865751616163,2202.7881469726562,2.533333333333333,25,450.20742416381836,0
portfolio,8,nominal,forecast_matched,0.0010195948456726,0.29798823810945785,1092.3330688476562,1.2833333333333334,17,416.11756896972656,0
portfolio,8,nominal,greedy,0.0010195948456726,0.29798823810945785,1092.3330688476562,1.2833333333333334,17,416.11756896972656,0
portfolio,8,nominal,pc_rollout,0.0010127695768744616,0.26663594189009365,1092.3185272216797,1.3166666666666667,17,416.1119499206543,0
portfolio,8,nominal,robust_pc_rollout,0.0010127695768744616,0.26663594189009365,1092.3185272216797,1.3166666666666667,17,416.1119499206543,0
portfolio,8,nominal,static,0.0010068233533786497,0.31981135437709024,1092.339096069336,1.3166666666666667,17,416.12015533447266,0
portfolio,8,nominal,uniform_route,0.001041643897806921,0.3343200554478747,1092.3343505859375,1.3666666666666667,17,416.11522674560547,0
portfolio,9,single_domain,forecast_matched,6.50676486431621,10.387408564652457,192.0128345489502,3.6166666666666667,28,73.13443899154663,0
portfolio,9,single_domain,greedy,6.5209345780313015,11.288430165903579,193.9029779434204,3.6333333333333333,28,73.86141920089722,0
portfolio,9,single_domain,pc_rollout,6.504964134073816,10.060465787663865,188.78437280654907,3.8833333333333333,29,71.89030909538269,0
portfolio,9,single_domain,robust_pc_rollout,6.504964134073816,10.060465787663865,188.78437280654907,3.8833333333333333,29,71.89030909538269,0
portfolio,9,single_domain,static,6.523823608644307,13.967372311664045,197.46901559829712,4.783333333333333,28,75.04293012619019,0
portfolio,9,single_domain,uniform_route,6.52244061161764,13.021800286933964,196.95871829986572,4.666666666666667,27,74.81139159202576,0
portfolio,10,cascade,forecast_matched,92.25323510169983,60.14383966511011,191.91448080539703,3.033333333333333,26,21.099099159240723,0
portfolio,10,cascade,greedy,87.8182202577591,56.15073952694003,188.04645800590515,3.05,25,21.531766891479492,0
portfolio,10,cascade,pc_rollout,112.24481558799744,63.51581796183907,219.84223568439484,4.55,24,22.273831605911255,0
portfolio,10,cascade,robust_pc_rollout,110.7761800289154,60.723186432301894,214.39449179172516,3.1166666666666667,25,21.3903751373291,0
portfolio,10,cascade,static,120.99903678894043,66.06186443367272,229.82834792137146,3.783333333333333,24,21.562091827392578,0
portfolio,10,cascade,uniform_route,120.06633949279785,64.68070469273776,229.80300760269165,3.45,24,22.449925661087036,0
portfolio,11,ood,forecast_matched,792.4698715209961,214.68747859721057,1625.4554138183594,3.283333333333333,22,207.33655548095703,0
portfolio,11,ood,greedy,781.4299774169922,238.13045193021426,1614.5430603027344,3.716666666666667,22,209.01318740844727,0
portfolio,11,ood,pc_rollout,830.3709869384766,210.3939957008818,1661.1973419189453,3.6166666666666667,22,206.91654777526855,0
portfolio,11,ood,robust_pc_rollout,792.4698715209961,214.68747859721057,1625.4554138183594,3.283333333333333,22,207.33655548095703,0
portfolio,11,ood,static,828.9917144775391,208.95164184133503,1662.8284454345703,3.316666666666667,22,207.08784294128418,0
portfolio,11,ood,uniform_route,828.9917144775391,208.95164184133503,1662.8284454345703,3.316666666666667,22,207.08784294128418,0
portfolio,12,nominal,forecast_matched,20.034096754927532,0.4626157568266719,2110.4378967285156,1.3666666666666667,17,795.5920562744141,0
portfolio,12,nominal,greedy,20.034096754927532,0.4626157568266719,2110.4378967285156,1.3666666666666667,17,795.5920562744141,0
portfolio,12,nominal,pc_rollout,20.03497575993265,0.39895628100356234,2110.3142700195312,1.3666666666666667,17,795.5883407592773,0
portfolio,12,nominal,robust_pc_rollout,20.03497575993265,0.39895628100356234,2110.3142700195312,1.3666666666666667,17,795.5883407592773,0
portfolio,12,nominal,static,20.04643665007552,0.6378776765217915,2111.7302856445312,1.25,17,795.6073760986328,0
portfolio,12,nominal,uniform_route,20.034846594775672,0.5307866635905607,2110.5184936523438,1.2833333333333334,17,795.612434387207,0
portfolio,13,single_domain,forecast_matched,0.07010108442045748,7.196913248328572,47.228229224681854,3.8666666666666667,29,18.11180865764618,0
portfolio,13,single_domain,greedy,0.07010108442045748,7.196913248328572,47.228229224681854,3.8666666666666667,29,18.11180865764618,0
portfolio,13,single_domain,pc_rollout,0.07010108442045748,7.196913248328572,47.228229224681854,3.8666666666666667,29,18.11180865764618,0
portfolio,13,single_domain,robust_pc_rollout,0.07010108442045748,7.196913248328572,47.228229224681854,3.8666666666666667,29,18.11180865764618,0
portfolio,13,single_domain,static,0.10821730503812432,7.982357704640025,47.94753021001816,4.55,29,18.36746633052826,0
portfolio,13,single_domain,uniform_route,0.13140424946323037,9.241560858394562,48.56129962205887,3.75,30,18.5907301902771,0
portfolio,14,cascade,forecast_matched,134.44240009784698,66.64230307170192,751.8068466186523,3.183333333333333,23,187.50128936767578,0
portfolio,14,cascade,greedy,134.44240009784698,66.64230307170192,751.8068466186523,3.183333333333333,23,187.50128936767578,0
portfolio,14,cascade,pc_rollout,140.36932229995728,66.06606024274105,754.4221801757812,3.1666666666666665,23,187.53614139556885,0
portfolio,14,cascade,robust_pc_rollout,134.44240009784698,66.64230307170192,751.8068466186523,3.2,23,187.50128936767578,0
portfolio,14,cascade,static,147.36731338500977,72.80836285330372,790.5659675598145,3.25,24,188.6983757019043,0
portfolio,14,cascade,uniform_route,134.78998136520386,60.50038771530437,765.0594329833984,2.5,25,187.78216361999512,0
portfolio,15,ood,forecast_matched,674.4751968383789,176.4001366992686,1765.41357421875,4.283333333333333,24,287.568256855011,0
portfolio,15,ood,greedy,674.4751968383789,176.4001366992686,1765.41357421875,4.283333333333333,24,287.568256855011,0
portfolio,15,ood,pc_rollout,749.3805084228516,181.19824940567045,1842.5082092285156,4.133333333333334,25,287.6708474159241,0
portfolio,15,ood,robust_pc_rollout,782.3645858764648,198.4656159222038,1888.5411224365234,3.7666666666666666,21,289.00653409957886,0
portfolio,15,ood,static,816.9470291137695,208.97279849023843,1929.3013153076172,4.116666666666666,22,289.69478940963745,0
portfolio,15,ood,uniform_route,713.8642044067383,176.46570989924376,1801.7920684814453,4.266666666666667,25,287.672194480896,0
portfolio,16,nominal,forecast_matched,0.007101926472387277,0.7847873981619924,1308.9617767333984,2.7,16,493.9327201843262,0
portfolio,16,nominal,greedy,0.007101926472387277,0.7847873981619924,1308.9617767333984,2.7,16,493.9327201843262,0
portfolio,16,nominal,pc_rollout,0.00713628830271773,0.6647319068517953,1308.9988708496094,2.5833333333333335,16,493.9317741394043,0
portfolio,16,nominal,robust_pc_rollout,0.00713628830271773,0.6647319068517953,1308.9988708496094,2.5833333333333335,16,493.9317741394043,0
portfolio,16,nominal,static,0.00806288537569344,0.840775105228098,1308.9535522460938,2.683333333333333,16,493.9500541687012,0
portfolio,16,nominal,uniform_route,0.007964392367284745,0.8253594233306626,1308.9425506591797,2.0833333333333335,16,493.9464988708496,0
portfolio,17,single_domain,forecast_matched,4.845463534351438,17.260723784944346,5.627057075500488,2.3333333333333335,22,0.7226071357727051,0
portfolio,17,single_domain,greedy,4.845463534351438,17.260723784944346,5.627057075500488,2.3333333333333335,22,0.7226071357727051,0
portfolio,17,single_domain,pc_rollout,8.371788968797773,19.39405885031028,8.50929605960846,2.6333333333333333,23,0.7604517936706543,0
portfolio,17,single_domain,robust_pc_rollout,8.371788968797773,19.39405885031028,8.50929605960846,2.6333333333333333,23,0.7604517936706543,0
portfolio,17,single_domain,static,9.662018050905317,22.771981962860963,9.534027695655823,2.683333333333333,22,0.7320919036865234,0
portfolio,17,single_domain,uniform_route,9.662018050905317,22.771981962860963,9.534027695655823,2.8666666666666667,22,0.7320919036865234,0
portfolio,18,cascade,forecast_matched,197.4561264514923,77.92868141067937,1575.8003234863281,2.216666666666667,24,482.1939392089844,0
portfolio,18,cascade,greedy,197.4561264514923,77.92868141067937,1575.8003234863281,2.216666666666667,24,482.1939392089844,0
portfolio,18,cascade,pc_rollout,198.00348615646362,79.19025653890688,1567.3837280273438,2.55,24,481.5140380859375,0
portfolio,18,cascade,robust_pc_rollout,197.4561264514923,77.92868141067937,1575.8003234863281,2.216666666666667,24,482.1939392089844,0
portfolio,18,cascade,static,215.9194188117981,90.02849330988221,1573.9226760864258,2.15,23,482.241024017334,0
portfolio,18,cascade,uniform_route,201.77555131912231,77.17260857611157,1574.6503982543945,2.2666666666666666,24,482.4807357788086,0
portfolio,19,ood,forecast_matched,733.8414459228516,178.48035595921363,2567.4940490722656,3.2666666666666666,25,576.8962326049805,0
portfolio,19,ood,greedy,859.5841827392578,191.19330527729022,2653.8731079101562,2.8333333333333335,26,577.3968505859375,0
portfolio,19,ood,pc_rollout,872.9546661376953,191.13202659628308,2671.0939025878906,3.05,25,577.8642730712891,0
portfolio,19,ood,robust_pc_rollout,859.5841827392578,191.19330527729022,2653.8731079101562,2.85,26,577.3968505859375,0
portfolio,19,ood,static,868.4787063598633,189.7447381122199,2675.9273681640625,3.1333333333333333,25,578.9678802490234,0
portfolio,19,ood,uniform_route,857.0867233276367,187.3277674260958,2652.8548889160156,2.816666666666667,26,577.5940322875977,0
portfolio,20,nominal,forecast_matched,0.0008462100513497717,0.667267552602685,38.74658441589009,1.25,14,14.902531385421753,0
portfolio,20,nominal,greedy,0.0008462100513497717,0.667267552602685,38.74658441589009,1.25,14,14.902531385421753,0
portfolio,20,nominal,pc_rollout,0.0009766571602085605,0.7366569317994993,38.78406821266036,1.35,13,14.916947364807129,0
portfolio,20,nominal,robust_pc_rollout,0.0009766571602085605,0.7366569317994993,38.78406821266036,1.35,13,14.916947364807129,0
portfolio,20,nominal,static,0.0008232406426031957,0.6661895774947088,38.75929832501502,1.2833333333333334,14,14.907423257827759,0
portfolio,20,nominal,uniform_route,0.0011115919824078446,0.7102907795321552,38.79436349897427,1.2833333333333334,14,14.92090916633606,0
portfolio,21,single_domain,forecast_matched,13.04858524352312,15.845571781832735,404.19374084472656,2.4,24,148.89719009399414,0
portfolio,21,single_domain,greedy,13.04858524352312,15.845571781832735,404.19374084472656,2.4,24,148.89719009399414,0
portfolio,21,single_domain,pc_rollout,15.407035812735558,19.018719401349138,418.61149406433105,2.6333333333333333,24,151.09746170043945,0
portfolio,21,single_domain,robust_pc_rollout,13.438641354441643,16.130282812118228,408.89680099487305,2.6333333333333333,24,149.7191925048828,0
portfolio,21,single_domain,static,14.661873638629913,16.58882773409831,410.33660316467285,2.6,24,149.91396713256836,0
portfolio,21,single_domain,uniform_route,16.269580364227295,19.05382868289163,419.44935417175293,2.7333333333333334,24,151.24476146697998,0
portfolio,22,cascade,forecast_matched,200.94763374328613,99.41160378688166,1819.8118743896484,2.183333333333333,24,524.5167236328125,0
portfolio,22,cascade,greedy,200.94763374328613,99.41160378688166,1819.8118743896484,2.183333333333333,24,524.5167236328125,0
portfolio,22,cascade,pc_rollout,186.76469802856445,97.78884250071953,1806.3759155273438,2.283333333333333,24,524.0881385803223,0
portfolio,22,cascade,robust_pc_rollout,193.19563674926758,101.11023030439395,1812.4893951416016,2.3333333333333335,24,524.3449668884277,0
portfolio,22,cascade,static,205.59029579162598,102.14292695246733,1829.27685546875,2.2333333333333334,24,524.5524253845215,0
portfolio,22,cascade,uniform_route,200.94763374328613,99.41160378688166,1819.8118743896484,2.183333333333333,24,524.5167236328125,0
portfolio,23,ood,forecast_matched,926.1511154174805,230.73426226669437,2363.0156860351562,2.1,20,479.9044532775879,0
portfolio,23,ood,greedy,926.1511154174805,230.73426226669437,2363.0156860351562,2.1,20,479.9044532775879,0
portfolio,23,ood,pc_rollout,998.5693511962891,222.40100278969243,2426.559356689453,2.55,21,480.0483055114746,0
portfolio,23,ood,robust_pc_rollout,987.1940765380859,217.34287053189604,2409.9933471679688,2.183333333333333,21,479.899471282959,0
portfolio,23,ood,static,997.5822143554688,221.00308346428167,2421.060546875,2.2,21,480.2591209411621,0
portfolio,23,ood,uniform_route,1012.7796325683594,223.78806700115123,2434.631561279297,2.466666666666667,21,480.42705154418945,0
portfolio,24,nominal,forecast_matched,0.004693610665821524,0.633686477029439,1399.1881103515625,1.1166666666666667,18,532.2197647094727,0
portfolio,24,nominal,greedy,0.004693610665821524,0.633686477029439,1399.1881103515625,1.1166666666666667,18,532.2197647094727,0
portfolio,24,nominal,pc_rollout,0.0047546787473606855,0.5713126599851123,1399.216552734375,1.15,18,532.2301559448242,0
portfolio,24,nominal,robust_pc_rollout,0.0047546787473606855,0.5713126599851123,1399.216552734375,1.15,18,532.2301559448242,0
portfolio,24,nominal,static,0.004864637141508865,0.6216999092822594,1399.2147216796875,1.1333333333333333,18,532.2393112182617,0
portfolio,24,nominal,uniform_route,0.006166589562781155,0.7780948404846884,1399.5005340576172,1.1166666666666667,18,532.3323669433594,0
portfolio,25,single_domain,forecast_matched,33.665834272280335,11.262074484572006,1253.8591766357422,2.8,26,463.9589424133301,0
portfolio,25,single_domain,greedy,34.03982025384903,11.09895295044234,1274.1734771728516,3.0,26,465.2406883239746,0
portfolio,25,single_domain,pc_rollout,32.09448632411659,8.836552111229569,1259.1278533935547,2.533333333333333,26,464.195987701416,0
portfolio,25,single_domain,robust_pc_rollout,32.09448632411659,8.836552111229569,1259.1278533935547,2.533333333333333,26,464.195987701416,0
portfolio,25,single_domain,static,33.489688996225595,11.324529920871896,1266.0679016113281,2.6166666666666667,26,464.86843490600586,0
portfolio,25,single_domain,uniform_route,35.749269504100084,13.030947630209894,1283.5074005126953,2.5166666666666666,27,466.0421257019043,0
portfolio,26,cascade,forecast_matched,119.58053994178772,72.42712083728345,1557.0033264160156,2.7333333333333334,22,450.0358533859253,0
portfolio,26,cascade,greedy,119.58053994178772,72.42712083728345,1557.0033264160156,2.7333333333333334,22,450.0358533859253,0
portfolio,26,cascade,pc_rollout,113.69070768356323,70.68485670853102,1588.591323852539,3.1666666666666665,22,451.83101749420166,0
portfolio,26,cascade,robust_pc_rollout,114.04820108413696,72.31181290176272,1600.0637512207031,3.066666666666667,22,453.2961587905884,0
portfolio,26,cascade,static,120.33626556396484,74.46276909506994,1623.4765014648438,3.3333333333333335,22,451.6713933944702,0
portfolio,26,cascade,uniform_route,123.35987687110901,72.70734847542843,1609.3316650390625,2.75,22,451.32120990753174,0
portfolio,27,ood,forecast_matched,705.9104919433594,232.1731843057836,1692.3618621826172,3.3833333333333333,26,253.55066871643066,0
portfolio,27,ood,greedy,793.4042663574219,234.8470932249323,1857.6302185058594,3.4166666666666665,26,257.2299327850342,0
portfolio,27,ood,pc_rollout,821.9499015808105,232.01025883808384,1904.551010131836,3.316666666666667,26,257.4762134552002,0
portfolio,27,ood,robust_pc_rollout,795.8421745300293,238.03306476930206,1861.6004943847656,3.4,25,257.3916358947754,0
portfolio,27,ood,static,823.4701652526855,239.94278061765965,1906.4535217285156,3.533333333333333,26,257.58871269226074,0
portfolio,27,ood,uniform_route,807.6231918334961,235.87096939814717,1875.6016998291016,3.6333333333333333,27,257.31178855895996,0
portfolio,28,nominal,forecast_matched,3.2563796962051583,0.5640609540406799,721.3470993041992,1.2666666666666666,15,274.11500358581543,0
portfolio,28,nominal,greedy,3.2563796962051583,0.5640609540406799,721.3470993041992,1.2666666666666666,15,274.11500358581543,0
portfolio,28,nominal,pc_rollout,3.256384572339414,0.4693028122768024,721.3313789367676,1.2833333333333334,15,274.10946464538574,0
portfolio,28,nominal,robust_pc_rollout,3.256384572339414,0.4693028122768024,721.3313789367676,1.2833333333333334,15,274.10946464538574,0
portfolio,28,nominal,static,3.2564445273879983,0.7112818388538211,721.4035034179688,1.2,15,274.1368627548218,0
portfolio,28,nominal,uniform_route,3.2563823151656948,0.5630256282030263,721.349666595459,1.25,15,274.11593437194824,0
portfolio,29,single_domain,forecast_matched,16.479562332853675,11.325639703575124,354.70753288269043,4.116666666666666,29,135.86536026000977,0
portfolio,29,single_domain,greedy,16.48268746584654,10.837114674332001,353.3481740951538,4.033333333333333,29,135.30031061172485,0
portfolio,29,single_domain,pc_rollout,16.48268746584654,10.837114674332001,353.3481740951538,4.033333333333333,29,135.30031061172485,0
portfolio,29,single_domain,robust_pc_rollout,16.48268746584654,10.837114674332001,353.3481740951538,4.033333333333333,29,135.30031061172485,0
portfolio,29,single_domain,static,16.571163416840136,17.14841815799534,360.8624105453491,4.366666666666666,28,138.12011861801147,0
portfolio,29,single_domain,uniform_route,16.468311957549304,10.614711372230166,353.08944511413574,3.7,32,135.22701978683472,0
portfolio,30,cascade,forecast_matched,173.01199960708618,143.68505576657526,1580.5771484375,3.25,28,443.1936864852905,0
portfolio,30,cascade,greedy,176.31151580810547,142.32228706608828,1584.9443359375,2.5,28,443.2964162826538,0
portfolio,30,cascade,pc_rollout,174.42201232910156,143.3898565552138,1585.3979034423828,2.9833333333333334,28,443.2312345504761,0
portfolio,30,cascade,robust_pc_rollout,174.42201232910156,143.3898565552138,1585.3979034423828,2.9833333333333334,28,443.2312345504761,0
portfolio,30,cascade,static,164.1381378173828,144.36304342148992,1530.7819519042969,3.95,27,439.050311088562,0
portfolio,30,cascade,uniform_route,191.08048486709595,149.03826404730444,1625.4779815673828,3.033333333333333,27,443.7564458847046,0
portfolio,31,ood,forecast_matched,602.486930847168,133.76299106611276,1983.7388000488281,2.2666666666666666,28,342.4871025085449,0
portfolio,31,ood,greedy,594.3681497573853,139.2994831890903,1936.4892578125,2.65,27,340.60763931274414,0
portfolio,31,ood,pc_rollout,611.3571853637695,135.68139709820466,1966.2693939208984,2.683333333333333,28,342.6828098297119,0
portfolio,31,ood,robust_pc_rollout,600.9674758911133,134.4186031655319,1962.1852722167969,2.6166666666666667,27,342.49471282958984,0
portfolio,31,ood,static,608.6267852783203,127.80672433188974,1999.2932739257812,2.566666666666667,28,343.4958076477051,0
portfolio,31,ood,uniform_route,638.0227012634277,129.6565216707134,2056.254898071289,2.6333333333333333,27,343.78852462768555,0
portfolio,32,nominal,forecast_matched,0.0004915489206496204,0.5783080467103622,30.476291898882582,1.4833333333333334,13,11.72165298461914,0
portfolio,32,nominal,greedy,0.0004915489206496204,0.5783080467103622,30.476291898882582,1.4833333333333334,13,11.72165298461914,0
portfolio,32,nominal,pc_rollout,0.000502888227714493,0.5349662268650393,30.476291997982045,1.6166666666666667,13,11.72165298461914,0
portfolio,32,nominal,robust_pc_rollout,0.000502888227714493,0.5349662268650393,30.476291997982045,1.6166666666666667,13,11.72165298461914,0
portfolio,32,nominal,static,0.0006029525029589422,0.6517006072649811,30.47629194129343,1.5,12,11.72165298461914,0
portfolio,32,nominal,uniform_route,0.0006029525029589422,0.6517006072649811,30.47629194129343,1.5,12,11.72165298461914,0
portfolio,33,single_domain,forecast_matched,3.2428946755826473,10.01765861749625,1322.8053092956543,2.8333333333333335,23,488.6515407562256,0
portfolio,33,single_domain,greedy,3.2428946755826473,10.01765861749625,1322.8053092956543,2.8333333333333335,23,488.6515407562256,0
portfolio,33,single_domain,pc_rollout,4.359219065401703,10.036032168882004,1331.500690460205,3.1166666666666667,23,488.7176036834717,0
portfolio,33,single_domain,robust_pc_rollout,3.2428946755826473,10.01765861749625,1322.8053092956543,2.8333333333333335,23,488.6515407562256,0
portfolio,33,single_domain,static,9.38997590355575,16.96362020644082,1364.6243934631348,3.0833333333333335,23,491.73981285095215,0
portfolio,33,single_domain,uniform_route,6.594316049478948,13.741446394686822,1336.7651100158691,3.1166666666666667,23,489.36133766174316,0
portfolio,34,cascade,forecast_matched,165.84124517440796,69.80100751392746,732.8543548583984,2.9166666666666665,25,179.44770622253418,0
portfolio,34,cascade,greedy,165.84124517440796,69.80100751392746,732.8543548583984,2.9166666666666665,25,179.44770622253418,0
portfolio,34,cascade,pc_rollout,145.90999221801758,64.82963178224443,707.4598159790039,2.9,25,178.78005599975586,0
portfolio,34,cascade,robust_pc_rollout,158.69790506362915,67.5709556069006,725.3759307861328,2.933333333333333,25,179.35157585144043,0
portfolio,34,cascade,static,145.8613805770874,61.411603464253076,708.4227066040039,3.6666666666666665,26,178.81591987609863,0
portfolio,34,cascade,uniform_route,165.8755750656128,67.83302521035021,731.8140335083008,3.0833333333333335,26,179.3291015625,0
portfolio,35,ood,forecast_matched,1084.3583450317383,316.5837357202632,3655.6979064941406,3.0166666666666666,25,703.9175491333008,0
portfolio,35,ood,greedy,1017.2742614746094,314.7403019663066,3548.542938232422,3.0833333333333335,25,703.4103012084961,0
portfolio,35,ood,pc_rollout,1084.3390426635742,316.3916106227217,3654.357391357422,3.0,25,703.8285903930664,0
portfolio,35,ood,robust_pc_rollout,1084.3390426635742,316.3916106227217,3654.357391357422,3.0,25,703.8285903930664,0
portfolio,35,ood,static,1144.8344116210938,383.4002865121648,3782.536407470703,2.966666666666667,24,705.7736206054688,0
portfolio,35,ood,uniform_route,1114.7432403564453,362.1278340330036,3723.000457763672,3.3833333333333333,25,704.9271011352539,0
portfolio,36,nominal,forecast_matched,8.929867789108073,0.2232402021984966,867.6268615722656,1.2166666666666666,13,333.0277099609375,0
portfolio,36,nominal,greedy,8.929867789108073,0.2232402021984966,867.6268615722656,1.2166666666666666,13,333.0277099609375,0
portfolio,36,nominal,pc_rollout,8.929891727159657,0.22524037462153737,867.6289215087891,1.2,13,333.0284652709961,0
portfolio,36,nominal,robust_pc_rollout,8.929891727159657,0.22524037462153737,867.6289215087891,1.2,13,333.0284652709961,0
portfolio,36,nominal,static,8.930124997015525,0.274163158426788,867.6377182006836,1.2,13,333.0315971374512,0
portfolio,36,nominal,uniform_route,8.931234651540194,0.3023524883001456,867.736701965332,1.25,13,333.02370834350586,0
portfolio,37,single_domain,forecast_matched,12.584961264859885,8.59730351715516,1868.8824462890625,3.3,24,709.2007293701172,0
portfolio,37,single_domain,greedy,12.605609104037285,10.021109259797436,1869.125473022461,3.05,23,709.2837219238281,0
portfolio,37,single_domain,pc_rollout,12.605609104037285,10.021109259797436,1869.125473022461,3.05,23,709.2837219238281,0
portfolio,37,single_domain,robust_pc_rollout,12.605609104037285,10.021109259797436,1869.125473022461,3.05,23,709.2837219238281,0
portfolio,37,single_domain,static,12.632579257246107,10.978410202816002,1869.3150329589844,3.1666666666666665,23,709.3393096923828,0
portfolio,37,single_domain,uniform_route,12.623647628352046,9.742019900698253,1869.5009307861328,3.1,23,709.4394149780273,0
portfolio,38,cascade,forecast_matched,165.55625915527344,73.3441354620871,496.3818702697754,2.2333333333333334,24,54.13586497306824,0
portfolio,38,cascade,greedy,165.55625915527344,73.3441354620871,496.3818702697754,2.2333333333333334,24,54.13586497306824,0
portfolio,38,cascade,pc_rollout,149.11875009536743,65.03350318128746,459.0798511505127,3.033333333333333,26,53.211771965026855,0
portfolio,38,cascade,robust_pc_rollout,156.99409675598145,67.1163597237663,470.5497512817383,2.8833333333333333,26,53.38786864280701,0
portfolio,38,cascade,static,156.07168626785278,67.2323349952288,474.32931900024414,2.8333333333333335,25,53.48539876937866,0
portfolio,38,cascade,uniform_route,156.11360597610474,68.28451569886339,475.69350242614746,2.933333333333333,25,53.54751658439636,0
portfolio,39,ood,forecast_matched,649.6664485931396,178.6866512137794,1827.106674194336,2.6166666666666667,26,194.65910720825195,0
portfolio,39,ood,greedy,649.6664485931396,178.6866512137794,1827.106674194336,2.6,26,194.65910720825195,0
portfolio,39,ood,pc_rollout,678.3951568603516,165.82357454172936,1900.345962524414,2.316666666666667,27,194.68163585662842,0
portfolio,39,ood,robust_pc_rollout,683.7590179443359,181.4604978116615,1916.4836120605469,2.8,27,194.94259071350098,0
portfolio,39,ood,static,639.2672080993652,174.45368564040157,1846.7202758789062,2.75,26,194.50291442871094,0
portfolio,39,ood,uniform_route,683.7590179443359,181.4604978116615,1916.4836120605469,2.8,27,194.94259071350098,0
portfolio,40,nominal,forecast_matched,0.0023634964213670173,0.32934695970706396,1672.3265533447266,1.0,14,633.5942001342773,0
portfolio,40,nominal,greedy,0.0023634964213670173,0.32934695970706396,1672.3265533447266,1.0,14,633.5942001342773,0
portfolio,40,nominal,pc_rollout,0.002371432902691595,0.3234438942913839,1672.338394165039,0.9833333333333333,14,633.5985260009766,0
portfolio,40,nominal,robust_pc_rollout,0.002371432902691595,0.3234438942913839,1672.338394165039,0.9833333333333333,14,633.5985260009766,0
portfolio,40,nominal,static,0.0030263132621257682,0.4834805024752007,1672.4498596191406,1.0,14,633.6411590576172,0
portfolio,40,nominal,uniform_route,0.0029527804608733277,0.41507621419647833,1672.424301147461,1.0166666666666666,14,633.6314163208008,0
portfolio,41,single_domain,forecast_matched,0.016070412006229162,7.757527953688608,19.259769574984407,3.15,25,7.407604217529297,0
portfolio,41,single_domain,greedy,0.016070412006229162,7.757527953688608,19.259769574984407,3.15,25,7.407604217529297,0
portfolio,41,single_domain,pc_rollout,0.01553829771000892,7.768723740456283,19.28456707044267,3.3,25,7.417141437530518,0
portfolio,41,single_domain,robust_pc_rollout,0.016070412006229162,7.757527953688608,19.259769574984407,3.15,25,7.407604217529297,0
portfolio,41,single_domain,static,0.01876735419500619,9.266152258115065,19.454202899421244,3.5,25,7.482386112213135,0
portfolio,41,single_domain,uniform_route,0.024192816810682416,8.78335553988065,18.237590960971865,2.9833333333333334,25,6.504396438598633,0
portfolio,42,cascade,forecast_matched,147.134174823761,95.88826415403284,1550.621810913086,2.1166666666666667,27,486.88225746154785,0
portfolio,42,cascade,greedy,150.2090528011322,114.91588696700578,1560.678970336914,2.2666666666666666,27,487.08113288879395,0
portfolio,42,cascade,pc_rollout,133.88499116897583,88.02428617057296,1555.7384338378906,2.716666666666667,28,487.27356147766113,0
portfolio,42,cascade,robust_pc_rollout,133.88499116897583,88.02428617057296,1555.7384338378906,2.716666666666667,28,487.27356147766113,0
portfolio,42,cascade,static,185.99937200546265,162.08793348265186,1615.1744232177734,2.9,27,488.97228050231934,0
portfolio,42,cascade,uniform_route,182.91010856628418,142.5901601597392,1627.0772705078125,1.8333333333333333,28,489.35154151916504,0
portfolio,43,ood,forecast_matched,873.4625549316406,201.598566185806,2904.1083374023438,2.6,24,457.1560859680176,0
portfolio,43,ood,greedy,873.4625549316406,201.598566185806,2904.1083374023438,2.6,24,457.1560859680176,0
portfolio,43,ood,pc_rollout,871.5924224853516,197.28155256742403,2898.1429748535156,2.566666666666667,24,457.2154960632324,0
portfolio,43,ood,robust_pc_rollout,860.2731094360352,195.89862377578496,2882.2206420898438,2.5166666666666666,24,457.0630683898926,0
portfolio,43,ood,static,873.4625549316406,201.598566185806,2904.1083374023438,2.6,24,457.1560859680176,0
portfolio,43,ood,uniform_route,873.4625549316406,201.598566185806,2904.1083374023438,2.6,24,457.1560859680176,0
portfolio,44,nominal,forecast_matched,0.0013430005365080433,0.3468597987302852,598.7330436706543,2.2,18,228.37452745437622,0
portfolio,44,nominal,greedy,0.0013430005365080433,0.3468597987302852,598.7330436706543,2.2,18,228.37452745437622,0
portfolio,44,nominal,pc_rollout,0.0014014866455553943,0.2869414729388045,598.6909255981445,2.2333333333333334,18,228.3596339225769,0
portfolio,44,nominal,robust_pc_rollout,0.0014014866455553943,0.2869414729388045,598.6909255981445,2.2333333333333334,18,228.3596339225769,0
portfolio,44,nominal,static,0.0013430005365080433,0.3468597987302852,598.7330436706543,2.2,18,228.37452745437622,0
portfolio,44,nominal,uniform_route,0.0013430005365080433,0.3468597987302852,598.7330436706543,2.2,18,228.37452745437622,0
portfolio,45,single_domain,forecast_matched,1.535348450881429,7.566246103028348,1060.6844863891602,2.933333333333333,25,400.27713775634766,0
portfolio,45,single_domain,greedy,1.535348450881429,7.566246103028348,1060.6844863891602,2.933333333333333,25,400.27713775634766,0
portfolio,45,single_domain,pc_rollout,1.5345728216925636,6.925842202692334,1062.2228698730469,3.283333333333333,25,400.0180244445801,0
portfolio,45,single_domain,robust_pc_rollout,1.5361326195998117,7.305604372812673,1059.0851745605469,3.2,25,400.10597229003906,0
portfolio,45,single_domain,static,1.5441680832300335,8.617378689411897,1063.5665283203125,3.1666666666666665,25,400.58849716186523,0
portfolio,45,single_domain,uniform_route,1.5436774612753652,7.905928445280712,1068.831298828125,2.933333333333333,25,400.5598907470703,0
portfolio,46,cascade,forecast_matched,197.2883529663086,108.76236311656413,1147.680435180664,3.4166666666666665,27,315.77274990081787,0
portfolio,46,cascade,greedy,167.4399766921997,117.94128243090253,1135.7680892944336,2.5166666666666666,28,316.60675525665283,0
portfolio,46,cascade,pc_rollout,193.37386322021484,108.22918920306682,1173.5466995239258,2.85,27,318.3310499191284,0
portfolio,46,cascade,robust_pc_rollout,193.37386322021484,108.22918920306682,1173.5466995239258,2.85,27,318.3310499191284,0
portfolio,46,cascade,static,172.35029888153076,115.71887090850176,1103.4534530639648,3.05,30,313.03096103668213,0
portfolio,46,cascade,uniform_route,166.87681436538696,107.52839504978745,1125.4320220947266,2.9,29,315.6257047653198,0
portfolio,47,ood,forecast_matched,678.6616401672363,200.75011050971239,1389.4760437011719,2.566666666666667,26,174.2561206817627,0
portfolio,47,ood,greedy,691.7426414489746,223.06229198028356,1402.9112548828125,2.683333333333333,26,174.67934226989746,0
portfolio,47,ood,pc_rollout,720.4328231811523,203.66316084062663,1440.6559753417969,2.7333333333333334,26,177.28898906707764,0
portfolio,47,ood,robust_pc_rollout,697.6549034118652,196.4785661537539,1419.603500366211,2.85,25,175.50104141235352,0
portfolio,47,ood,static,678.4841690063477,252.98970540537658,1386.257064819336,3.0166666666666666,26,177.90839099884033,0
portfolio,47,ood,uniform_route,728.6240310668945,230.2990289545355,1456.0462341308594,2.65,26,176.51760005950928,0
portfolio,48,nominal,forecast_matched,2.2939148300738452,0.3772316251954047,418.3232545852661,1.2333333333333334,16,159.34850811958313,0
portfolio,48,nominal,greedy,2.2939148300738452,0.3772316251954047,418.3232545852661,1.2333333333333334,16,159.34850811958313,0
portfolio,48,nominal,pc_rollout,2.2939148300738452,0.3772316251954047,418.3232545852661,1.3333333333333333,16,159.34850811958313,0
portfolio,48,nominal,robust_pc_rollout,2.2939148300738452,0.3772316251954047,418.3232545852661,1.3333333333333333,16,159.34850811958313,0
portfolio,48,nominal,static,2.2939223967750877,0.4110017865802154,418.32446098327637,1.3166666666666667,16,159.34912943840027,0
portfolio,48,nominal,uniform_route,2.2939138128540435,0.3591484337969287,418.3225917816162,1.2666666666666666,16,159.34829115867615,0
portfolio,49,single_domain,forecast_matched,6.125639125704765,16.626312155646183,95.27399778366089,3.3833333333333333,28,32.920995235443115,0
portfolio,49,single_domain,greedy,5.547299772500992,16.706310770109518,95.24182605743408,3.5833333333333335,29,33.15417957305908,0
portfolio,49,single_domain,pc_rollout,7.306097850203514,17.536212983351188,97.5676736831665,3.6,29,33.09548592567444,0
portfolio,49,single_domain,robust_pc_rollout,5.547299772500992,16.706310770109518,95.24182605743408,3.5833333333333335,29,33.15417957305908,0
portfolio,49,single_domain,static,8.491798534989357,21.050457449616463,101.30949783325195,3.9,29,33.87932324409485,0
portfolio,49,single_domain,uniform_route,8.23875017464161,18.61606005000955,98.43598699569702,3.9,30,33.10741305351257,0
portfolio,50,cascade,forecast_matched,136.9861159324646,68.03071990835933,254.93614387512207,2.7,25,37.77284288406372,0
portfolio,50,cascade,greedy,150.2209668159485,79.12964416668653,273.4001865386963,2.7333333333333334,25,38.219215869903564,0
portfolio,50,cascade,pc_rollout,158.94906973838806,66.99291556885754,271.15102195739746,3.033333333333333,26,37.801371574401855,0
portfolio,50,cascade,robust_pc_rollout,138.33758544921875,64.99345921881971,253.65394020080566,2.683333333333333,26,37.85044741630554,0
portfolio,50,cascade,static,188.8549518585205,87.47692763047588,306.73952293395996,2.8333333333333335,25,38.39880037307739,0
portfolio,50,cascade,uniform_route,162.88530492782593,82.51670195109345,291.3425407409668,3.033333333333333,25,38.73942041397095,0
portfolio,51,ood,forecast_matched,662.9085502624512,191.67588109736818,1379.0794486999512,2.816666666666667,25,230.73087978363037,0
portfolio,51,ood,greedy,662.9085502624512,191.67588109736818,1379.0794486999512,2.816666666666667,25,230.73087978363037,0
portfolio,51,ood,pc_rollout,715.4987030029297,179.75802367070196,1437.9760360717773,2.6,26,232.8199005126953,0
portfolio,51,ood,robust_pc_rollout,632.8450393676758,184.85595128659753,1354.219367980957,2.8333333333333335,25,230.31222534179688,0
portfolio,51,ood,static,660.4458045959473,184.86458579491284,1386.739860534668,2.8666666666666667,26,232.53023624420166,0
portfolio,51,ood,uniform_route,718.7752265930176,194.8308059504991,1430.5899810791016,2.8,26,231.90925693511963,0
portfolio,52,nominal,forecast_matched,0.0013266681344248354,1.2973095133452963,601.7015533447266,2.283333333333333,18,229.66236686706543,0
portfolio,52,nominal,greedy,0.0013266681344248354,1.2973095133452963,601.7015533447266,2.283333333333333,18,229.66236686706543,0
portfolio,52,nominal,pc_rollout,0.0013223142886999995,1.055310066241895,601.5761795043945,2.466666666666667,17,229.6247215270996,0
portfolio,52,nominal,robust_pc_rollout,0.0013223142886999995,1.055310066241895,601.5761795043945,2.466666666666667,17,229.6247215270996,0
portfolio,52,nominal,static,0.0017107242456404492,1.425934133320245,602.0843162536621,2.4833333333333334,18,229.81720733642578,0
portfolio,52,nominal,uniform_route,0.001619261922314763,1.1714793465107638,601.7348175048828,2.2333333333333334,19,229.7042007446289,0
portfolio,53,single_domain,forecast_matched,0.161158693023026,10.219947651422217,0.36908014863729477,2.933333333333333,25,0.0,0
portfolio,53,single_domain,greedy,0.161158693023026,10.219947651422217,0.36908014863729477,2.933333333333333,25,0.0,0
portfolio,53,single_domain,pc_rollout,0.16240230947732925,9.36797955010886,0.41564469784498215,2.933333333333333,25,0.0,0
portfolio,53,single_domain,robust_pc_rollout,0.16747570037841797,9.88449366504367,0.3524835482239723,3.1,25,0.0,0
portfolio,53,single_domain,static,0.21779393777251244,10.567071079358525,0.5538607537746429,3.5833333333333335,25,0.0,0
portfolio,53,single_domain,uniform_route,0.17397362925112247,9.563876487963991,0.433135200291872,3.066666666666667,27,0.0,0
portfolio,54,cascade,forecast_matched,197.86438059806824,78.89605183864933,1847.8167572021484,3.0166666666666666,26,591.0272369384766,0
portfolio,54,cascade,greedy,205.82364881038666,84.92561698700365,1857.502914428711,2.95,27,591.8516311645508,0
portfolio,54,cascade,pc_rollout,202.1368727684021,80.22018621594812,1872.3271179199219,2.7333333333333334,26,591.7433013916016,0
portfolio,54,cascade,robust_pc_rollout,214.3662097454071,83.38339604916696,1895.5571594238281,2.966666666666667,26,592.8207778930664,0
portfolio,54,cascade,static,214.03079533576965,93.61897580972133,1868.2592315673828,2.6,27,592.1802139282227,0
portfolio,54,cascade,uniform_route,217.21632289886475,88.81361599103539,1902.8875274658203,3.183333333333333,26,592.9331130981445,0
portfolio,55,ood,forecast_matched,724.5873718261719,175.05235997494145,2430.4898376464844,2.45,23,265.66827392578125,0
portfolio,55,ood,greedy,768.5572891235352,190.56519456209122,2570.086669921875,2.1333333333333333,22,268.20174407958984,0
portfolio,55,ood,pc_rollout,754.710033416748,169.28678107628687,2511.9563903808594,2.5166666666666666,22,269.1350898742676,0
portfolio,55,ood,robust_pc_rollout,730.8573265075684,175.48912937225143,2468.093780517578,2.466666666666667,22,267.42572021484375,0
portfolio,55,ood,static,747.8519477844238,178.29524667177103,2475.320098876953,2.3833333333333333,23,267.1962890625,0
portfolio,55,ood,uniform_route,730.8573265075684,175.48912937225143,2468.093780517578,2.466666666666667,22,267.42572021484375,0
portfolio,56,nominal,forecast_matched,0.23504249727920978,0.6799014489451779,298.620712518692,1.35,22,114.65649849176407,0
portfolio,56,nominal,greedy,0.23504249727920978,0.6799014489451779,298.620712518692,1.35,22,114.65649849176407,0
portfolio,56,nominal,pc_rollout,0.2349089356357581,0.58659662312799,298.60437965393066,1.2333333333333334,22,114.65097397565842,0
portfolio,56,nominal,robust_pc_rollout,0.2349089356357581,0.58659662312799,298.60437965393066,1.2333333333333334,22,114.65097397565842,0
portfolio,56,nominal,static,0.23629242243259796,0.7620298266176357,298.75220346450806,1.2833333333333334,22,114.70333987474442,0
portfolio,56,nominal,uniform_route,0.2366273592451762,0.8126680126416767,298.86703062057495,1.35,22,114.74439465999603,0
portfolio,57,single_domain,forecast_matched,0.5689142346382141,10.849154021865886,43.66083664447069,3.183333333333333,26,15.608062267303467,0
portfolio,57,single_domain,greedy,0.5535910911858082,12.641530587762292,43.549724370241165,3.783333333333333,26,15.607594013214111,0
portfolio,57,single_domain,pc_rollout,0.5750525956973433,10.73613576468434,43.670471861958504,3.45,26,15.606617450714111,0
portfolio,57,single_domain,robust_pc_rollout,0.5750525956973433,10.73613576468434,43.670471861958504,3.45,26,15.606617450714111,0
portfolio,57,single_domain,static,0.5938342921435833,13.99653791802747,43.84394796937704,3.433333333333333,26,15.61482858657837,0
portfolio,57,single_domain,uniform_route,0.6035573850385845,11.642015797078557,43.87935770303011,3.033333333333333,26,15.612203121185303,0
portfolio,58,cascade,forecast_matched,199.8880636692047,82.59361659723932,891.8931198120117,2.8666666666666667,26,232.34378051757812,0
portfolio,58,cascade,greedy,220.53490352630615,83.74433180731924,963.7452774047852,3.15,26,240.0255002975464,0
portfolio,58,cascade,pc_rollout,220.53490352630615,83.74433180731924,963.7452774047852,3.15,26,240.0255002975464,0
portfolio,58,cascade,robust_pc_rollout,220.53490352630615,83.74433180731924,963.7452774047852,3.15,26,240.0255002975464,0
portfolio,58,cascade,static,223.89856052398682,85.11851549282608,960.9626770019531,2.966666666666667,26,239.35954093933105,0
portfolio,58,cascade,uniform_route,232.0156126022339,86.32379417863359,968.4503746032715,2.933333333333333,26,239.76269245147705,0
portfolio,59,ood,forecast_matched,536.1615509986877,169.71746386252354,923.1285133361816,3.1,27,32.88776683807373,0
portfolio,59,ood,greedy,552.2318258285522,173.88860118994944,999.7896041870117,3.433333333333333,27,39.462414264678955,0
portfolio,59,ood,pc_rollout,577.7458906173706,157.61718973785094,1026.9780578613281,3.3666666666666667,26,34.87163066864014,0
portfolio,59,ood,robust_pc_rollout,576.5821733474731,174.604930335943,1038.3788299560547,3.066666666666667,27,37.17518329620361,0
portfolio,59,ood,static,526.6007180213928,147.4543502747537,947.8780059814453,3.183333333333333,27,34.72369194030762,0
portfolio,59,ood,uniform_route,547.6006417274475,150.76355345927462,992.3446807861328,3.533333333333333,27,34.83806896209717,0
portfolio,60,nominal,forecast_matched,0.002634071636975932,0.42623506672474554,1285.2079391479492,1.3,21,486.1093978881836,0
portfolio,60,nominal,greedy,0.002634071636975932,0.42623506672474554,1285.2079391479492,1.3,21,486.1093978881836,0
portfolio,60,nominal,pc_rollout,0.0027064700202572567,0.3765866197630612,1285.255989074707,1.3166666666666667,21,486.13216400146484,0
portfolio,60,nominal,robust_pc_rollout,0.0027064700202572567,0.3765866197630612,1285.255989074707,1.3166666666666667,21,486.13216400146484,0
portfolio,60,nominal,static,0.0030212933481834625,0.4803809908631649,1285.3829040527344,1.35,21,486.16273498535156,0
portfolio,60,nominal,uniform_route,0.0029474959458184458,0.4541325990330754,1285.3177871704102,1.3,21,486.14561462402344,0
portfolio,61,single_domain,forecast_matched,9.645135066704825,8.077574119827572,888.5681457519531,2.6333333333333333,29,335.1902389526367,0
portfolio,61,single_domain,greedy,9.645135066704825,8.077574119827572,888.5681457519531,2.6333333333333333,29,335.1902389526367,0
portfolio,61,single_domain,pc_rollout,9.606435527675785,8.644235109711499,889.3601303100586,2.8333333333333335,29,335.2729034423828,0
portfolio,61,single_domain,robust_pc_rollout,9.645135066704825,8.077574119827572,888.5681457519531,2.6333333333333333,29,335.1902389526367,0
portfolio,61,single_domain,static,9.699979525059462,9.808370883867369,897.3294982910156,2.683333333333333,29,335.54681396484375,0
portfolio,61,single_domain,uniform_route,9.688485398655757,9.076414325211559,895.9755020141602,2.566666666666667,29,335.3173713684082,0
portfolio,62,cascade,forecast_matched,129.12267196178436,74.65152721287794,402.2009735107422,3.716666666666667,27,98.18417310714722,0
portfolio,62,cascade,greedy,129.12267196178436,74.65152721287794,402.2009735107422,3.716666666666667,27,98.18417310714722,0
portfolio,62,cascade,pc_rollout,131.6768021583557,66.79603802678895,404.90136337280273,3.5166666666666666,27,98.25539541244507,0
portfolio,62,cascade,robust_pc_rollout,129.12267196178436,74.65152721287794,402.2009735107422,3.716666666666667,27,98.18417310714722,0
portfolio,62,cascade,static,150.46539449691772,85.27542022588588,431.18120765686035,3.7333333333333334,27,98.68244624137878,0
portfolio,62,cascade,uniform_route,149.93447613716125,75.9088798635548,429.1206245422363,3.2,28,98.43763971328735,0
portfolio,63,ood,forecast_matched,616.1574954986572,188.21556365998495,769.3254776000977,2.5833333333333335,22,71.45957946777344,0
portfolio,63,ood,greedy,660.2415962219238,193.91512924869494,805.1273651123047,3.3,22,71.71645641326904,0
portfolio,63,ood,pc_rollout,601.8807935714722,169.86850555963048,760.9462471008301,3.066666666666667,24,70.56267166137695,0
portfolio,63,ood,robust_pc_rollout,632.4300518035889,186.41507955162143,781.9721946716309,3.2,22,71.54913520812988,0
portfolio,63,ood,static,693.7904720306396,198.41056976827673,834.5837821960449,3.2666666666666666,22,71.81236457824707,0
portfolio,63,ood,uniform_route,659.7863330841064,182.6782244854839,811.2932510375977,2.8333333333333335,24,70.78895282745361,0
portfolio,64,nominal,forecast_matched,1.211314129707148,0.31193894581681264,267.3736963272095,1.3,16,102.45294284820557,0
portfolio,64,nominal,greedy,1.211314129707148,0.31193894581681264,267.3736963272095,1.3,16,102.45294284820557,0
portfolio,64,nominal,pc_rollout,1.2113426930456512,0.2607097846666158,267.3617887496948,1.4,16,102.4485936164856,0
portfolio,64,nominal,robust_pc_rollout,1.2113426930456512,0.2607097846666158,267.3617887496948,1.4,16,102.4485936164856,0
portfolio,64,nominal,static,1.2113388650999468,0.33338490563623535,267.3837990760803,1.2833333333333334,16,102.45670366287231,0
portfolio,64,nominal,uniform_route,1.2119128668944086,0.3945905989836802,267.5177698135376,1.3333333333333333,16,102.5067355632782,0
portfolio,65,single_domain,forecast_matched,0.10842769787996076,6.609790992771018,259.2945331649389,2.75,26,98.5189037322998,0
portfolio,65,single_domain,greedy,0.10842769787996076,6.609790992771018,259.2945331649389,2.75,26,98.5189037322998,0
portfolio,65,single_domain,pc_rollout,0.1639306404395029,6.194433409475274,259.1701347519411,2.7666666666666666,26,98.4292163848877,0
portfolio,65,single_domain,robust_pc_rollout,0.10842769787996076,6.609790992771018,259.2945331649389,2.75,26,98.5189037322998,0
portfolio,65,single_domain,static,0.31486701022367924,8.884984440628937,265.481843163725,2.3833333333333333,25,100.64019966125488,0
portfolio,65,single_domain,uniform_route,0.22662464337190613,7.135223608561296,261.3808118600864,2.533333333333333,26,99.18719673156738,0
portfolio,66,cascade,forecast_matched,132.92978501319885,80.82195996415685,262.44019508361816,2.783333333333333,26,33.892996072769165,0
portfolio,66,cascade,greedy,118.5386233329773,74.71894530114369,251.48881912231445,2.816666666666667,27,34.067893266677856,0
portfolio,66,cascade,pc_rollout,127.93012261390686,80.6000561670679,238.7995662689209,2.8666666666666667,26,31.92603087425232,0
portfolio,66,cascade,robust_pc_rollout,127.93012261390686,80.6000561670679,238.7995662689209,2.8666666666666667,26,31.92603087425232,0
portfolio,66,cascade,static,127.6939868927002,83.7282035432026,261.60923767089844,2.8666666666666667,26,34.55481815338135,0
portfolio,66,cascade,uniform_route,136.30996465682983,86.91873644750382,268.4019660949707,2.8,26,34.60725545883179,0
portfolio,67,ood,forecast_matched,739.1963958740234,221.63334296099296,2468.6558532714844,2.966666666666667,21,480.1188507080078,0
portfolio,67,ood,greedy,713.7368850708008,218.16023943374856,2435.6148376464844,2.85,21,478.15113067626953,0
portfolio,67,ood,pc_rollout,713.6769828796387,186.7373145445562,2447.7714233398438,3.25,22,477.7649917602539,0
portfolio,67,ood,robust_pc_rollout,657.7260894775391,184.94121547243333,2334.4237670898438,2.9,21,473.5840606689453,0
portfolio,67,ood,static,688.4117164611816,206.11178810215122,2371.435821533203,2.7666666666666666,22,473.40849685668945,0
portfolio,67,ood,uniform_route,685.8024673461914,192.07018355058398,2394.630859375,3.05,22,475.53079986572266,0
portfolio,68,nominal,forecast_matched,0.0010174919225391932,0.36056176594135647,493.4178228378296,2.2,19,187.1398082971573,0
portfolio,68,nominal,greedy,0.0010174919225391932,0.36056176594135647,493.4178228378296,2.2,19,187.1398082971573,0
portfolio,68,nominal,pc_rollout,0.0009423945921298582,0.27813536718669285,493.4227795600891,2.3666666666666667,19,187.141988158226,0
portfolio,68,nominal,robust_pc_rollout,0.0009423945921298582,0.27813536718669285,493.4227795600891,2.3666666666666667,19,187.141988158226,0
portfolio,68,nominal,static,0.0009611558198230341,0.35990958343190665,493.46304154396057,2.15,19,187.16036295890808,0
portfolio,68,nominal,uniform_route,0.0010174919225391932,0.36056176594135647,493.4178228378296,2.2,19,187.1398082971573,0
portfolio,69,single_domain,forecast_matched,8.093090040900279,8.615666336691998,894.2608032226562,2.8,29,331.2419128417969,0
portfolio,69,single_domain,greedy,8.093006882932968,8.369443028864811,893.4447250366211,2.816666666666667,29,331.10472679138184,0
portfolio,69,single_domain,pc_rollout,8.092573374742642,8.212799701847562,894.2196655273438,2.45,28,331.4057388305664,0
portfolio,69,single_domain,robust_pc_rollout,8.093006882932968,8.369443028864811,893.4447250366211,2.816666666666667,29,331.10472679138184,0
portfolio,69,single_domain,static,8.085901803104207,8.427404341965126,893.2411651611328,2.3666666666666667,28,331.6697998046875,0
portfolio,69,single_domain,uniform_route,8.090243215439841,8.469793175189794,893.9648208618164,2.4166666666666665,28,331.5988521575928,0
portfolio,70,cascade,forecast_matched,124.35100293159485,73.7144577897081,445.27515983581543,1.05,21,104.18167114257812,0
portfolio,70,cascade,greedy,124.35100293159485,73.7144577897081,445.27515983581543,1.05,21,104.18167114257812,0
portfolio,70,cascade,pc_rollout,124.24359512329102,71.67920573194931,445.4144096374512,1.1333333333333333,21,104.59361743927002,0
portfolio,70,cascade,robust_pc_rollout,124.24359512329102,71.67920573194931,445.4144096374512,1.1333333333333333,21,104.59361743927002,0
portfolio,70,cascade,static,150.5490527153015,104.04965882150321,472.0599317550659,1.1166666666666667,21,105.26701545715332,0
portfolio,70,cascade,uniform_route,142.95708513259888,86.22272123530462,465.95421409606934,1.1333333333333333,21,104.79224300384521,0
portfolio,71,ood,forecast_matched,842.4817390441895,247.26212056831912,2023.5401153564453,3.683333333333333,20,280.4770164489746,0
portfolio,71,ood,greedy,856.3256645202637,245.99641900833677,2043.3683471679688,3.933333333333333,20,280.9441452026367,0
portfolio,71,ood,pc_rollout,880.6496505737305,241.48402886852784,2083.165069580078,3.3,19,280.99449348449707,0
portfolio,71,ood,robust_pc_rollout,856.3256645202637,245.99641900833677,2043.3683471679688,3.933333333333333,20,280.9441452026367,0
portfolio,71,ood,static,923.9812927246094,259.1825971990074,2136.570343017578,3.966666666666667,20,281.54954528808594,0
portfolio,71,ood,uniform_route,922.5691452026367,257.27507778885797,2136.2699127197266,3.45,20,281.5128688812256,0
portfolio,72,nominal,forecast_matched,0.002841865561649115,0.3197179241906385,971.4296035766602,1.65,15,367.203161239624,0
portfolio,72,nominal,greedy,0.002841865561649115,0.3197179241906385,971.4296035766602,1.65,15,367.203161239624,0
portfolio,72,nominal,pc_rollout,0.002868161895651866,0.3324631088872778,971.4552001953125,2.35,15,367.2132339477539,0
portfolio,72,nominal,robust_pc_rollout,0.0028653624867729377,0.32489203729927174,971.4359588623047,2.1333333333333333,15,367.204553604126,0
portfolio,72,nominal,static,0.0033653499102006545,0.39563636423108556,971.4451904296875,1.6166666666666667,15,367.20786476135254,0
portfolio,72,nominal,uniform_route,0.0030828404269414023,0.4391214613146581,971.4184684753418,1.3333333333333333,15,367.1975326538086,0
portfolio,73,single_domain,forecast_matched,11.29825346916914,16.89340367427176,986.0844116210938,2.433333333333333,24,369.9270439147949,0
portfolio,73,single_domain,greedy,11.432119891047478,21.653781484457483,985.5888366699219,2.55,24,369.9967155456543,0
portfolio,73,single_domain,pc_rollout,12.178364098072052,15.821715020907384,989.5010528564453,2.65,24,370.2269630432129,0
portfolio,73,single_domain,robust_pc_rollout,12.178364098072052,15.821715020907384,989.5010528564453,2.65,24,370.2269630432129,0
portfolio,73,single_domain,static,13.120556890964508,23.0749900434834,991.1591644287109,2.5833333333333335,25,370.4443550109863,0
portfolio,73,single_domain,uniform_route,13.854678988456726,23.219185698110294,993.1318283081055,2.533333333333333,24,370.61975479125977,0
portfolio,74,cascade,forecast_matched,69.7385128736496,53.2545080132127,89.84969091415405,2.816666666666667,28,0.0,0
portfolio,74,cascade,greedy,69.7385128736496,53.2545080132127,89.84969091415405,2.816666666666667,28,0.0,0
portfolio,74,cascade,pc_rollout,66.27087032794952,49.60006514938797,79.37316131591797,2.7,29,0.0,0
portfolio,74,cascade,robust_pc_rollout,66.27087032794952,49.60006514938797,79.37316131591797,2.7,29,0.0,0
portfolio,74,cascade,static,68.26159334182739,52.40712340885865,81.03572463989258,2.8833333333333333,29,0.0,0
portfolio,74,cascade,uniform_route,73.17089080810547,54.067152959781524,90.0595178604126,2.6,29,0.0,0
portfolio,75,ood,forecast_matched,793.7621078491211,275.7629896208103,1258.3347549438477,3.0166666666666666,24,153.3334197998047,0
portfolio,75,ood,greedy,742.588809967041,282.00902240993094,1191.7256927490234,3.35,24,150.9489450454712,0
portfolio,75,ood,pc_rollout,804.7060165405273,270.0777132654948,1276.160629272461,2.75,23,153.46651458740234,0
portfolio,75,ood,robust_pc_rollout,793.7621078491211,275.7629896208103,1258.3347549438477,3.0166666666666666,24,153.3334197998047,0
portfolio,75,ood,static,798.9990272521973,292.0557818682912,1252.2159271240234,3.1,24,151.63016891479492,0
portfolio,75,ood,uniform_route,788.3092269897461,275.83201934247,1255.5775146484375,3.216666666666667,23,152.55180263519287,0
portfolio,76,nominal,forecast_matched,2.0589777114073513,0.5447452911570133,226.06068325614814,1.0833333333333333,18,86.8293309211731,0
portfolio,76,nominal,greedy,2.0589777114073513,0.5447452911570133,226.06068325614814,1.0833333333333333,18,86.8293309211731,0
portfolio,76,nominal,pc_rollout,2.0590493921072266,0.5313854958466507,226.08764172824516,1.15,18,86.8301510810852,0
portfolio,76,nominal,robust_pc_rollout,2.0590493921072266,0.5313854958466507,226.08764172824516,1.15,18,86.8301510810852,0
portfolio,76,nominal,static,2.05919758498203,0.631495550056473,226.23750782796662,1.1,18,86.89059352874756,0
portfolio,76,nominal,uniform_route,2.0592975658037176,0.6254444761674204,226.23636437232494,1.1,17,86.89015436172485,0
portfolio,77,single_domain,forecast_matched,0.12280940311029553,9.927232887150899,1400.4132690429688,3.7333333333333334,27,527.5978317260742,0
portfolio,77,single_domain,greedy,0.12280940311029553,9.927232887150899,1400.4132690429688,3.7333333333333334,27,527.5978317260742,0
portfolio,77,single_domain,pc_rollout,0.12280940311029553,9.927232887150899,1400.4132690429688,3.7333333333333334,27,527.5978317260742,0
portfolio,77,single_domain,robust_pc_rollout,0.12280940311029553,9.927232887150899,1400.4132690429688,3.7333333333333334,27,527.5978317260742,0
portfolio,77,single_domain,static,0.23148834891617298,11.665843007308014,1401.6845245361328,4.083333333333333,26,527.9738235473633,0
portfolio,77,single_domain,uniform_route,0.21537858806550503,11.36739307373997,1401.7359771728516,4.066666666666666,27,527.9819259643555,0
portfolio,78,cascade,forecast_matched,143.38815450668335,72.67876771785329,245.17902040481567,2.4166666666666665,25,23.582773566246033,0
portfolio,78,cascade,greedy,143.38815450668335,72.67876771785329,245.17902040481567,2.4166666666666665,25,23.582773566246033,0
portfolio,78,cascade,pc_rollout,163.95768070220947,75.19684258904167,272.4572916030884,2.683333333333333,25,23.70323872566223,0
portfolio,78,cascade,robust_pc_rollout,158.26980686187744,75.14379559522871,260.63835430145264,2.7,25,23.569639325141907,0
portfolio,78,cascade,static,160.69037437438965,75.33246940982214,270.26332092285156,2.5,23,25.031802713871002,0
portfolio,78,cascade,uniform_route,169.8670253753662,77.9937995569293,279.8506956100464,2.8333333333333335,25,24.088989973068237,0
portfolio,79,ood,forecast_matched,718.0863494873047,187.11052068466904,1418.203742980957,2.7333333333333334,26,164.42028045654297,0
portfolio,79,ood,greedy,704.7768478393555,174.6142880672092,1411.4489440917969,2.85,25,164.08965873718262,0
portfolio,79,ood,pc_rollout,694.9948234558105,175.81739675491812,1429.3686981201172,3.1666666666666665,25,163.94389629364014,0
portfolio,79,ood,robust_pc_rollout,718.0863494873047,187.11052068466904,1418.203742980957,2.7333333333333334,26,164.42028045654297,0
portfolio,79,ood,static,729.8760147094727,190.77206555875756,1483.1151580810547,2.8,25,164.39032554626465,0
portfolio,79,ood,uniform_route,716.0007019042969,188.4138743036222,1473.3743362426758,2.8333333333333335,25,164.66302680969238,0
portfolio,80,nominal,forecast_matched,8.4605929717236,0.5327545570451939,740.9637813568115,3.2,26,281.6843647956848,0
portfolio,80,nominal,greedy,8.4605929717236,0.5327545570451939,740.9637813568115,3.2,26,281.6843647956848,0
portfolio,80,nominal,pc_rollout,8.460633385621804,0.45906988139784516,740.8923950195312,3.1333333333333333,26,281.66405391693115,0
portfolio,80,nominal,robust_pc_rollout,8.460633385621804,0.45906988139784516,740.8923950195312,3.1333333333333333,26,281.66405391693115,0
portfolio,80,nominal,static,8.461008149028203,0.7487865959556379,741.5128402709961,3.4,26,281.85513401031494,0
portfolio,80,nominal,uniform_route,8.460997763864725,0.7381719187897968,741.5079002380371,3.3333333333333335,25,281.853102684021,0
portfolio,81,single_domain,forecast_matched,2.4686470553278923,12.472432711173509,2.2609282908961177,1.3333333333333333,22,0.0,0
portfolio,81,single_domain,greedy,2.4686470553278923,12.472432711173509,2.2609282908961177,1.3333333333333333,22,0.0,0
portfolio,81,single_domain,pc_rollout,2.157910025678575,11.126651183056737,1.8736106005962938,1.25,22,0.0,0
portfolio,81,single_domain,robust_pc_rollout,2.9316591573879123,12.814731471709681,2.6197297773323953,1.2833333333333334,22,0.0,0
portfolio,81,single_domain,static,3.396290917880833,13.498128629022423,3.154362216591835,1.3,22,0.0,0
portfolio,81,single_domain,uniform_route,4.386350883636624,12.220606849001141,3.982917016837746,1.3666666666666667,22,0.0,0
portfolio,82,cascade,forecast_matched,158.02915811538696,75.46308554149093,1523.700454711914,2.433333333333333,26,382.8255729675293,0
portfolio,82,cascade,greedy,170.8455367088318,80.11073664870788,1520.9779815673828,2.5,26,382.13975524902344,0
portfolio,82,cascade,pc_rollout,164.93111038208008,76.68813823704215,1518.3844451904297,3.0166666666666666,26,382.2560157775879,0
portfolio,82,cascade,robust_pc_rollout,161.39710426330566,72.66149716878621,1527.0694427490234,2.566666666666667,26,382.6165771484375,0
portfolio,82,cascade,static,168.60846519470215,84.58369072693944,1526.7392120361328,2.8666666666666667,26,383.2513885498047,0
portfolio,82,cascade,uniform_route,167.88927173614502,75.72286417710104,1540.8163604736328,2.466666666666667,26,382.9289970397949,0
portfolio,83,ood,forecast_matched,859.3836936950684,187.01164580332008,1636.3772888183594,1.8333333333333333,21,83.38400492072105,0
portfolio,83,ood,greedy,859.3836936950684,187.01164580332008,1636.3772888183594,1.8333333333333333,21,83.38400492072105,0
portfolio,83,ood,pc_rollout,861.2673645019531,175.69251393281556,1640.3174743652344,2.2666666666666666,21,83.32424831390381,0
portfolio,83,ood,robust_pc_rollout,859.3836936950684,187.01164580332008,1636.3772888183594,1.8333333333333333,21,83.38400492072105,0
portfolio,83,ood,static,859.9634780883789,176.40451733896074,1638.281021118164,2.1,21,83.30983950197697,0
portfolio,83,ood,uniform_route,862.2999496459961,179.75853829977765,1641.3507995605469,2.1333333333333333,21,83.32723307609558,0
portfolio,84,nominal,forecast_matched,7.329392085048312,0.4336841135595481,1883.4527893066406,1.65,16,712.0965881347656,0
portfolio,84,nominal,greedy,7.329392085048312,0.4336841135595481,1883.4527893066406,1.65,16,712.0965881347656,0
portfolio,84,nominal,pc_rollout,7.329520735704136,0.3952274871550733,1883.4645080566406,1.9666666666666666,17,712.0974578857422,0
portfolio,84,nominal,robust_pc_rollout,7.329520735704136,0.3952274871550733,1883.4645080566406,1.9666666666666666,17,712.0974578857422,0
portfolio,84,nominal,static,7.32943274441277,0.43949279613485337,1883.4556884765625,2.55,16,712.0976181030273,0
portfolio,84,nominal,uniform_route,7.3293868733289855,0.4336294221249303,1883.4532775878906,2.1,16,712.0967864990234,0
portfolio,85,single_domain,forecast_matched,8.054426088929176,23.86673618043219,8.780830532312393,2.683333333333333,17,1.6515977382659912,0
portfolio,85,single_domain,greedy,8.054426088929176,23.86673618043219,8.780830532312393,2.683333333333333,17,1.6515977382659912,0
portfolio,85,single_domain,pc_rollout,10.63145823776722,25.450158219543685,10.472352981567383,2.75,16,1.6515977382659912,0
portfolio,85,single_domain,robust_pc_rollout,10.831375196576118,27.518378015778694,10.52238267660141,2.35,14,1.6515977382659912,0
portfolio,85,single_domain,static,13.780047729611397,31.735381003528843,12.31644868850708,2.8333333333333335,16,1.6515977382659912,0
portfolio,85,single_domain,uniform_route,13.649282529950142,28.694717261828135,12.218795895576477,2.683333333333333,19,1.6515977382659912,0
portfolio,86,cascade,forecast_matched,180.709979057312,74.0479609631613,1014.1251068115234,2.433333333333333,27,227.71394157409668,0
portfolio,86,cascade,greedy,179.28707361221313,75.5471160296736,990.3581848144531,2.3,28,227.13061141967773,0
portfolio,86,cascade,pc_rollout,182.69947957992554,75.74436493270946,985.2549743652344,2.4166666666666665,27,227.2589454650879,0
portfolio,86,cascade,robust_pc_rollout,182.69947957992554,75.74436493270946,985.2549743652344,2.4166666666666665,27,227.2589454650879,0
portfolio,86,cascade,static,198.87350606918335,84.8480542326666,1061.4965057373047,2.5,26,229.55912017822266,0
portfolio,86,cascade,uniform_route,180.45166039466858,74.10433408881035,1034.222671508789,2.4166666666666665,28,227.9479923248291,0
portfolio,87,ood,forecast_matched,501.2547016143799,175.99082030786738,782.8661460876465,3.1166666666666667,26,61.984344482421875,0
portfolio,87,ood,greedy,501.2547016143799,175.99082030786738,782.8661460876465,3.1166666666666667,26,61.984344482421875,0
portfolio,87,ood,pc_rollout,575.3968057632446,165.2335610564,874.4461288452148,3.85,26,62.49164962768555,0
portfolio,87,ood,robust_pc_rollout,502.9119815826416,175.34275680537294,780.3733444213867,3.45,26,61.97978401184082,0
portfolio,87,ood,static,528.2337074279785,180.50293266230358,808.1360740661621,3.65,26,62.420576095581055,0
portfolio,87,ood,uniform_route,487.74785232543945,167.86190394918003,768.980167388916,3.0833333333333335,27,62.09414863586426,0
portfolio,88,nominal,forecast_matched,0.00033757478649931727,0.2903943665009613,112.40428161621094,2.566666666666667,22,43.232134103775024,0
portfolio,88,nominal,greedy,0.00033757478649931727,0.2903943665009613,112.40428161621094,2.566666666666667,22,43.232134103775024,0
portfolio,88,nominal,pc_rollout,0.0003505150179989869,0.2791057941279681,112.47187328338623,2.7,22,43.25800657272339,0
portfolio,88,nominal,robust_pc_rollout,0.0003505150179989869,0.2791057941279681,112.47187328338623,2.7,22,43.25800657272339,0
portfolio,88,nominal,static,0.0007560489793831948,0.6126158820595959,113.4181022644043,2.6333333333333333,23,43.622275829315186,0
portfolio,88,nominal,uniform_route,0.000587045189604396,0.4578647460282025,112.79501533508301,3.066666666666667,21,43.382463216781616,0
portfolio,89,single_domain,forecast_matched,0.06124901934526861,7.593036443005181,1322.809799194336,3.45,31,494.0381393432617,0
portfolio,89,single_domain,greedy,0.06124901934526861,7.593036443005181,1322.809799194336,3.45,31,494.0381393432617,0
portfolio,89,single_domain,pc_rollout,0.06797533622011542,7.659420462326758,1319.4195098876953,3.3666666666666667,31,493.93289947509766,0
portfolio,89,single_domain,robust_pc_rollout,0.06124901934526861,7.593036443005181,1322.809799194336,3.45,31,494.0381393432617,0
portfolio,89,single_domain,static,0.07910389173775911,9.612663576901243,1323.237564086914,3.95,30,494.35955810546875,0
portfolio,89,single_domain,uniform_route,0.0776270586065948,8.902416197183944,1325.1292572021484,3.6666666666666665,30,494.1307144165039,0
portfolio,90,cascade,forecast_matched,84.41609013080597,68.49085065027538,175.5952169895172,4.2,30,28.084247827529907,0
portfolio,90,cascade,greedy,85.99161350727081,70.87723964395096,177.12480282783508,4.516666666666667,30,28.313018321990967,0
portfolio,90,cascade,pc_rollout,106.07106184959412,65.23624480777076,202.93399739265442,4.333333333333333,31,28.02957510948181,0
portfolio,90,cascade,robust_pc_rollout,84.0356764793396,63.93091818666861,179.25776624679565,4.666666666666667,30,28.13182818889618,0
portfolio,90,cascade,static,90.4497247338295,74.49498215458789,187.22624826431274,3.75,31,28.037797927856445,0
portfolio,90,cascade,uniform_route,108.4098334312439,84.85161320588169,202.77197408676147,3.5,31,28.516140937805176,0
portfolio,91,ood,forecast_matched,590.7231178283691,183.16235393093416,1749.1090545654297,2.533333333333333,24,267.03857421875,0
portfolio,91,ood,greedy,568.5245380401611,201.36225793285013,1659.048110961914,2.7333333333333334,24,262.26248931884766,0
portfolio,91,ood,pc_rollout,708.7507781982422,210.43358318814356,1919.1129913330078,2.7666666666666666,20,268.9142723083496,0
portfolio,91,ood,robust_pc_rollout,708.7507781982422,210.43358318814356,1919.1129913330078,2.7666666666666666,20,268.9142723083496,0
portfolio,91,ood,static,622.0491600036621,209.9689854218122,1781.474594116211,2.683333333333333,21,265.97756576538086,0
portfolio,91,ood,uniform_route,590.5456562042236,182.74653722905222,1748.8209381103516,3.0833333333333335,23,263.7926826477051,0
portfolio,92,nominal,forecast_matched,0.0003396826768948813,0.3924251528548947,501.91601181030273,1.2333333333333334,12,186.24377155303955,0
portfolio,92,nominal,greedy,0.0003396826768948813,0.3924251528548947,501.91601181030273,1.2333333333333334,12,186.24377155303955,0
portfolio,92,nominal,pc_rollout,0.00033747073757695034,0.39352659683760627,501.9071159362793,1.2333333333333334,12,186.24102687835693,0
portfolio,92,nominal,robust_pc_rollout,0.00033747073757695034,0.39352659683760627,501.9071159362793,1.2333333333333334,12,186.24102687835693,0
portfolio,92,nominal,static,0.00045187626164988615,0.5737932551261896,502.10765266418457,1.2333333333333334,13,186.3167495727539,0
portfolio,92,nominal,uniform_route,0.0003396826768948813,0.3924251528548947,501.91601181030273,1.3166666666666667,12,186.24377155303955,0
portfolio,93,single_domain,forecast_matched,31.27282693888992,11.07017127571739,679.4014587402344,2.966666666666667,29,256.6285858154297,0
portfolio,93,single_domain,greedy,31.30202930327505,12.943552679458579,676.0908889770508,2.933333333333333,29,257.0166549682617,0
portfolio,93,single_domain,pc_rollout,31.27282693888992,11.07017127571739,679.4014587402344,2.966666666666667,29,256.6285858154297,0
portfolio,93,single_domain,robust_pc_rollout,31.300268242834136,11.393102127134151,675.9521636962891,3.1666666666666665,28,256.7914924621582,0
portfolio,93,single_domain,static,31.450573864392936,15.57620594801035,677.9846878051758,4.05,29,257.38977432250977,0
portfolio,93,single_domain,uniform_route,31.379600724205375,11.614177933321011,679.9422912597656,2.8666666666666667,30,256.6817512512207,0
portfolio,94,cascade,forecast_matched,146.98244869709015,73.77912065184367,1846.9268035888672,2.65,29,618.2813034057617,0
portfolio,94,cascade,greedy,153.36972510814667,72.8031388327998,1854.0454864501953,3.3,28,618.5331344604492,0
portfolio,94,cascade,pc_rollout,142.67648434638977,66.5429980772367,1843.570785522461,2.7333333333333334,28,618.0200729370117,0
portfolio,94,cascade,robust_pc_rollout,157.1081144809723,73.6101603862991,1864.0531921386719,3.1333333333333333,28,618.9688110351562,0
portfolio,94,cascade,static,172.96396696567535,85.82766345845695,1879.400650024414,3.3666666666666667,28,619.6219024658203,0
portfolio,94,cascade,uniform_route,166.07946038246155,77.4623505472371,1876.6504364013672,2.7333333333333334,28,619.6701736450195,0
portfolio,95,ood,forecast_matched,965.5483245849609,216.8944860100703,2104.8844146728516,2.5,22,349.80249214172363,0
portfolio,95,ood,greedy,959.5993118286133,224.7517288812711,2115.551483154297,2.4833333333333334,21,351.6741600036621,0
portfolio,95,ood,pc_rollout,1016.8894424438477,205.09909034453833,2188.4552154541016,2.2333333333333334,21,353.23251152038574,0
portfolio,95,ood,robust_pc_rollout,959.5993118286133,224.7517288812711,2115.551483154297,2.4833333333333334,21,351.6741600036621,0
portfolio,95,ood,static,959.5993118286133,224.7517288812711,2115.551483154297,2.4833333333333334,21,351.6741600036621,0
portfolio,95,ood,uniform_route,1006.2569274902344,221.4388161872566,2167.884719848633,2.566666666666667,22,351.75788402557373,0
portfolio,96,nominal,forecast_matched,11.490940106574271,0.6696816649646073,1550.10400390625,1.0333333333333334,14,586.2380599975586,0
portfolio,96,nominal,greedy,11.490940106574271,0.6696816649646073,1550.10400390625,1.0333333333333334,14,586.2380599975586,0
portfolio,96,nominal,pc_rollout,11.492345774990099,0.6189550659217404,1550.1285705566406,1.0,14,586.2345504760742,0
portfolio,96,nominal,robust_pc_rollout,11.492345774990099,0.6189550659217404,1550.1285705566406,1.0,14,586.2345504760742,0
portfolio,96,nominal,static,11.503370391961653,0.7655782342391566,1550.2378997802734,1.05,14,586.2837829589844,0
portfolio,96,nominal,uniform_route,11.503370391961653,0.7655782342391566,1550.2378997802734,1.0166666666666666,14,586.2837829589844,0
portfolio,97,single_domain,forecast_matched,2.630947799421847,7.556266122840418,831.4293746948242,3.6666666666666665,31,315.7315330505371,0
portfolio,97,single_domain,greedy,2.630947799421847,7.556266122840418,831.4293746948242,3.6666666666666665,31,315.7315330505371,0
portfolio,97,single_domain,pc_rollout,2.630947799421847,7.556266122840418,831.4293746948242,3.6666666666666665,31,315.7315330505371,0
portfolio,97,single_domain,robust_pc_rollout,2.630947799421847,7.556266122840418,831.4293746948242,3.6666666666666665,31,315.7315330505371,0
portfolio,97,single_domain,static,2.6682236953638494,9.468119385267117,837.1310729980469,4.25,30,317.76380157470703,0
portfolio,97,single_domain,uniform_route,2.6487680566497147,8.166365401063507,833.305778503418,3.8333333333333335,31,316.3706970214844,0
portfolio,98,cascade,forecast_matched,208.77578449249268,85.59004237778714,1976.1727447509766,3.5166666666666666,26,594.3417510986328,0
portfolio,98,cascade,greedy,212.7942304611206,81.54799501450547,2011.053482055664,3.3833333333333333,25,595.6405601501465,0
portfolio,98,cascade,pc_rollout,218.75996255874634,79.82272936345156,2054.286148071289,3.466666666666667,26,597.8815307617188,0
portfolio,98,cascade,robust_pc_rollout,218.75996255874634,79.82272936345156,2054.286148071289,3.466666666666667,26,597.8815307617188,0
portfolio,98,cascade,static,225.3672308921814,88.23763468717499,2029.6751403808594,3.5,26,595.1286277770996,0
portfolio,98,cascade,uniform_route,249.40245485305786,86.21176366878733,2132.132369995117,3.933333333333333,27,601.005786895752,0
portfolio,99,ood,forecast_matched,738.9893569946289,159.78827039389319,2202.4258880615234,3.5,24,400.7198495864868,0
portfolio,99,ood,greedy,738.9893569946289,159.78827039389319,2202.4258880615234,3.2333333333333334,24,400.7198495864868,0
portfolio,99,ood,pc_rollout,768.3187255859375,164.1198041181269,2239.007064819336,3.466666666666667,24,400.97282695770264,0
portfolio,99,ood,robust_pc_rollout,776.9370269775391,163.2405766529728,2255.1097869873047,3.3666666666666667,24,401.21139430999756,0
portfolio,99,ood,static,776.9370269775391,163.2405766529728,2255.1097869873047,3.4,24,401.21139430999756,0
portfolio,99,ood,uniform_route,768.3187255859375,164.1198041181269,2239.007064819336,3.466666666666667,24,400.97282695770264,0
portfolio,100,nominal,forecast_matched,2.977690801359131,0.8234156556352222,1577.8019104003906,2.0833333333333335,23,600.2771148681641,0
portfolio,100,nominal,greedy,2.977690801359131,0.8234156556352222,1577.8019104003906,2.0833333333333335,23,600.2771148681641,0
portfolio,100,nominal,pc_rollout,2.977724318334367,0.7610379046758141,1577.7632751464844,2.316666666666667,22,600.2669448852539,0
portfolio,100,nominal,robust_pc_rollout,2.977724318334367,0.7610379046758141,1577.7632751464844,2.316666666666667,22,600.2669448852539,0
portfolio,100,nominal,static,2.977794679100043,0.8332032713949294,1577.8108367919922,2.716666666666667,22,600.2797317504883,0
portfolio,100,nominal,uniform_route,2.9805274393293075,0.9128823511890208,1577.779052734375,2.45,23,600.2674789428711,0
portfolio,101,single_domain,forecast_matched,5.535497680306435,18.43364065822951,2.6671508699655533,3.2,28,0.0,0
portfolio,101,single_domain,greedy,5.535497680306435,18.43364065822951,2.6671508699655533,3.2,28,0.0,0
portfolio,101,single_domain,pc_rollout,5.606058686971664,17.968681664944494,2.660955920815468,3.5,28,0.0,0
portfolio,101,single_domain,robust_pc_rollout,5.606058686971664,17.968681664944494,2.660955920815468,3.5,28,0.0,0
portfolio,101,single_domain,static,12.264694809913635,37.887587700552785,5.751879692077637,3.8833333333333333,28,0.0,0
portfolio,101,single_domain,uniform_route,11.744895219802856,23.898108696898703,5.591537237167358,2.933333333333333,29,0.0,0
portfolio,102,cascade,forecast_matched,162.11518454551697,103.61356541772017,1699.9808807373047,3.066666666666667,27,516.2741470336914,0
portfolio,102,cascade,greedy,155.79276943206787,107.83489248112376,1700.5828399658203,2.9166666666666665,26,515.8669738769531,0
portfolio,102,cascade,pc_rollout,180.06911206245422,104.65749269944513,1770.0186462402344,3.466666666666667,26,519.8495407104492,0
portfolio,102,cascade,robust_pc_rollout,180.06911206245422,104.65749269944513,1770.0186462402344,3.466666666666667,26,519.8495407104492,0
portfolio,102,cascade,static,158.31368398666382,109.50858676302695,1721.1795806884766,3.6166666666666667,25,516.2832450866699,0
portfolio,102,cascade,uniform_route,180.46319913864136,113.73759979226091,1781.9873504638672,3.0833333333333335,27,518.702392578125,0
portfolio,103,ood,forecast_matched,762.0499725341797,224.85509522254125,2455.6385803222656,2.533333333333333,25,324.92358016967773,0
portfolio,103,ood,greedy,838.2568817138672,296.66350412799517,2585.042236328125,3.066666666666667,24,325.6893997192383,0
portfolio,103,ood,pc_rollout,794.9125900268555,216.61801694135238,2490.8467712402344,2.7333333333333334,24,325.070556640625,0
portfolio,103,ood,robust_pc_rollout,762.703498840332,223.8219134244063,2456.9432067871094,2.65,25,324.90475845336914,0
portfolio,103,ood,static,777.6562423706055,290.7377983238047,2398.1158752441406,3.05,24,321.2642936706543,0
portfolio,103,ood,uniform_route,838.2568817138672,296.66350412799517,2585.042236328125,3.066666666666667,24,325.6893997192383,0
portfolio,104,nominal,forecast_matched,0.0009126675104198512,2.0106087408649684,373.935387134552,1.95,18,139.7692083120346,0
portfolio,104,nominal,greedy,0.0009126675104198512,2.0106087408649684,373.935387134552,1.95,18,139.7692083120346,0
portfolio,104,nominal,pc_rollout,0.0009126675104198512,2.0106087408649684,373.935387134552,1.9666666666666666,18,139.7692083120346,0
portfolio,104,nominal,robust_pc_rollout,0.0009126675104198512,2.0106087408649684,373.935387134552,1.9666666666666666,18,139.7692083120346,0
portfolio,104,nominal,static,0.0010800673262565397,2.6510607222159046,374.2488362789154,1.7833333333333334,20,139.8253948688507,0
portfolio,104,nominal,uniform_route,0.0010800673262565397,2.6510607222159046,374.2488362789154,1.7833333333333334,20,139.8253948688507,0
portfolio,105,single_domain,forecast_matched,4.576604828238487,18.526532836074367,341.49181747436523,2.7666666666666666,23,121.14785385131836,0
portfolio,105,single_domain,greedy,4.576604828238487,18.526532836074367,341.49181747436523,2.7666666666666666,23,121.14785385131836,0
portfolio,105,single_domain,pc_rollout,6.5132445096969604,23.07249030739966,359.14171600341797,3.216666666666667,23,123.44167709350586,0
portfolio,105,single_domain,robust_pc_rollout,6.5132445096969604,23.07249030739966,359.14171600341797,3.216666666666667,23,123.44167709350586,0
portfolio,105,single_domain,static,8.722331449389458,24.260295986442507,356.2052764892578,3.3333333333333335,23,123.4738883972168,0
portfolio,105,single_domain,uniform_route,7.805741593241692,23.439290809164945,346.18323707580566,3.2666666666666666,22,122.14374446868896,0
portfolio,106,cascade,forecast_matched,226.94156217575073,99.00551527413097,2443.0181579589844,3.75,25,793.4159240722656,0
portfolio,106,cascade,greedy,226.94156217575073,99.00551527413097,2443.0181579589844,3.75,25,793.4159240722656,0
portfolio,106,cascade,pc_rollout,240.14362287521362,103.21224535596893,2455.2031860351562,4.2,23,794.1391296386719,0
portfolio,106,cascade,robust_pc_rollout,240.14362287521362,103.21224535596893,2455.2031860351562,4.2,23,794.1391296386719,0
portfolio,106,cascade,static,255.78797578811646,108.7636443549165,2528.9232482910156,4.4,24,797.0338287353516,0
portfolio,106,cascade,uniform_route,269.74390745162964,109.3910236608374,2592.7195434570312,4.183333333333334,23,799.6784973144531,0
portfolio,107,ood,forecast_matched,691.1941719055176,200.71449729992761,1823.9627380371094,2.5166666666666666,25,315.97853088378906,0
portfolio,107,ood,greedy,684.7258377075195,215.26598868317683,1860.4784851074219,2.533333333333333,26,320.046199798584,0
portfolio,107,ood,pc_rollout,686.1366996765137,193.38474244447127,1859.5296936035156,2.6666666666666665,25,320.5710754394531,0
portfolio,107,ood,robust_pc_rollout,685.0082778930664,192.07696874440396,1858.7643585205078,2.6333333333333333,25,320.5421447753906,0
portfolio,107,ood,static,709.4668388366699,224.050732203887,1887.217758178711,2.65,25,320.8983955383301,0
portfolio,107,ood,uniform_route,684.7258377075195,215.26598868317683,1860.4784851074219,2.566666666666667,25,320.046199798584,0
portfolio,108,nominal,forecast_matched,32.08754426160158,0.285712906350734,968.6038970947266,0.85,11,370.3993148803711,0
portfolio,108,nominal,greedy,32.08754426160158,0.285712906350734,968.6038970947266,0.85,11,370.3993148803711,0
portfolio,108,nominal,pc_rollout,32.088927038199415,0.26683053362891,968.6028594970703,0.9,11,370.39888763427734,0
portfolio,108,nominal,robust_pc_rollout,32.08746583233369,0.25759771843303925,968.6016998291016,0.8666666666666667,11,370.3984832763672,0
portfolio,108,nominal,static,32.08754426160158,0.285712906350734,968.6038970947266,0.8666666666666667,11,370.3993148803711,0
portfolio,108,nominal,uniform_route,32.08754426160158,0.285712906350734,968.6038970947266,0.85,11,370.3993148803711,0
portfolio,109,single_domain,forecast_matched,0.0863456791266799,10.04661091304203,1298.2294158935547,2.85,27,491.23784255981445,0
portfolio,109,single_domain,greedy,0.0863456791266799,10.04661091304203,1298.2294158935547,2.85,27,491.23784255981445,0
portfolio,109,single_domain,pc_rollout,0.0922666834667325,9.351794232486501,1298.0476837158203,3.3333333333333335,27,491.0291328430176,0
portfolio,109,single_domain,robust_pc_rollout,0.0896528959274292,9.3381105214174,1298.0227127075195,2.8,27,491.03236389160156,0
portfolio,109,single_domain,static,0.15050526801496744,11.572062400053559,1299.080711364746,3.35,27,491.4767036437988,0
portfolio,109,single_domain,uniform_route,0.10657712630927563,9.725753322500772,1298.618049621582,2.783333333333333,26,491.14986419677734,0
portfolio,110,cascade,forecast_matched,376.3954076766968,72.44701895250512,2544.678451538086,2.6166666666666667,27,718.9966621398926,0
portfolio,110,cascade,greedy,376.3954076766968,72.44701895250512,2544.678451538086,2.6166666666666667,27,718.9966621398926,0
portfolio,110,cascade,pc_rollout,366.4423007965088,70.21864696584049,2530.4022064208984,2.6166666666666667,27,718.8239250183105,0
portfolio,110,cascade,robust_pc_rollout,366.4423007965088,70.21864696584049,2530.4022064208984,2.6166666666666667,27,718.8239250183105,0
portfolio,110,cascade,static,409.4985570907593,83.08384544597172,2635.683059692383,2.5,27,720.2555351257324,0
portfolio,110,cascade,uniform_route,390.4057445526123,78.13734656452091,2602.1854400634766,2.6333333333333333,27,719.7054634094238,0
portfolio,111,ood,forecast_matched,673.8738107681274,159.65093445974404,1872.5918579101562,2.8333333333333335,29,281.91372299194336,0
portfolio,111,ood,greedy,653.9950065612793,156.43670785544404,1835.337387084961,2.6166666666666667,29,280.7788887023926,0
portfolio,111,ood,pc_rollout,645.7829761505127,156.39186844370658,1828.2572021484375,2.6666666666666665,29,281.0351257324219,0
portfolio,111,ood,robust_pc_rollout,671.786169052124,159.74284419595313,1866.038818359375,2.85,29,281.95638847351074,0
portfolio,111,ood,static,657.7165231704712,157.43126924768683,1834.0404357910156,2.683333333333333,29,280.30041313171387,0
portfolio,111,ood,uniform_route,653.9950065612793,156.43670785544404,1835.337387084961,2.6166666666666667,29,280.7788887023926,0
portfolio,112,nominal,forecast_matched,6.242636562098255,1.6723037205621998,1470.4093170166016,1.0666666666666667,16,559.5039825439453,0
portfolio,112,nominal,greedy,6.242636562098255,1.6723037205621998,1470.4093170166016,1.0666666666666667,16,559.5039825439453,0
portfolio,112,nominal,pc_rollout,6.242578467141925,1.6359590573306795,1470.398910522461,1.05,16,559.5002212524414,0
portfolio,112,nominal,robust_pc_rollout,6.242578467141925,1.6359590573306795,1470.398910522461,1.05,16,559.5002212524414,0
portfolio,112,nominal,static,6.243674037890742,2.403869523701883,1470.6817626953125,1.15,16,559.6272506713867,0
portfolio,112,nominal,uniform_route,6.243424273722212,2.1771138927160263,1470.5863647460938,1.15,16,559.5707168579102,0
portfolio,113,single_domain,forecast_matched,4.01807302236557,22.03906174037918,45.76964555680752,3.966666666666667,28,16.216726303100586,0
portfolio,113,single_domain,greedy,3.944874867796898,21.424309020966646,45.69297628104687,3.8,28,16.216726303100586,0
portfolio,113,single_domain,pc_rollout,5.830087229609489,23.614977617517905,47.50820618867874,3.816666666666667,28,16.171943187713623,0
portfolio,113,single_domain,robust_pc_rollout,4.3344916254282,21.937434856419458,46.02902540564537,3.8666666666666667,28,16.20557737350464,0
portfolio,113,single_domain,static,5.353742942214012,27.330421720996924,47.55202415585518,4.516666666666667,28,16.482289791107178,0
portfolio,113,single_domain,uniform_route,7.027784273028374,24.027925476941885,49.042627453804016,4.233333333333333,29,16.310993671417236,0
portfolio,114,cascade,forecast_matched,200.13014793395996,104.81867047166489,1813.0071411132812,3.433333333333333,27,537.6208038330078,0
portfolio,114,cascade,greedy,200.13014793395996,104.81867047166489,1813.0071411132812,3.433333333333333,27,537.6208038330078,0
portfolio,114,cascade,pc_rollout,181.93899703025818,91.38132386138346,1766.9484252929688,3.3666666666666667,26,535.703556060791,0
portfolio,114,cascade,robust_pc_rollout,184.31884574890137,95.98150890571783,1768.7654571533203,3.2,26,535.5387382507324,0
portfolio,114,cascade,static,198.57099676132202,103.0763315752646,1804.6334686279297,3.216666666666667,26,537.3399085998535,0
portfolio,114,cascade,uniform_route,200.13014793395996,104.81867047166489,1813.0071411132812,3.433333333333333,27,537.6208038330078,0
portfolio,115,ood,forecast_matched,792.3412590026855,238.55973674140014,1309.1377563476562,3.05,24,87.04413843154907,0
portfolio,115,ood,greedy,792.3412590026855,238.55973674140014,1309.1377563476562,3.05,24,87.04413843154907,0
portfolio,115,ood,pc_rollout,841.6779289245605,236.90698417115652,1362.5203857421875,2.4833333333333334,24,87.6675033569336,0
portfolio,115,ood,robust_pc_rollout,851.3154945373535,246.1959623675873,1366.081314086914,3.316666666666667,24,87.91796970367432,0
portfolio,115,ood,static,815.1274719238281,260.56789929821633,1310.9801940917969,2.8,24,86.5492296218872,0
portfolio,115,ood,uniform_route,792.3412590026855,238.55973674140014,1309.1377563476562,3.05,24,87.04413843154907,0
portfolio,116,nominal,forecast_matched,0.005382517927500885,0.44946047137992934,1264.0928649902344,3.5,19,477.1149444580078,0
portfolio,116,nominal,greedy,0.005382517927500885,0.44946047137992934,1264.0928649902344,3.5,19,477.1149444580078,0
portfolio,116,nominal,pc_rollout,0.005382517927500885,0.44946047137992934,1264.0928649902344,3.533333333333333,19,477.1149444580078,0
portfolio,116,nominal,robust_pc_rollout,0.005382517927500885,0.44946047137992934,1264.0928649902344,3.533333333333333,19,477.1149444580078,0
portfolio,116,nominal,static,0.0078060699452180415,0.7187683195852097,1264.4526062011719,3.55,17,477.2377471923828,0
portfolio,116,nominal,uniform_route,0.007370875217020512,0.6704147319631095,1264.3774108886719,3.533333333333333,19,477.21078872680664,0
portfolio,117,single_domain,forecast_matched,6.231626502238214,11.460267699647435,631.5423355102539,3.25,24,242.2724552154541,0
portfolio,117,single_domain,greedy,6.230581369251013,13.224485957139665,631.727180480957,3.183333333333333,24,242.3488941192627,0
portfolio,117,single_domain,pc_rollout,6.258948345668614,11.25819768037882,631.6268768310547,3.033333333333333,24,242.15903282165527,0
portfolio,117,single_domain,robust_pc_rollout,6.230409865267575,10.75927983877108,631.4913787841797,2.9166666666666665,24,242.26541137695312,0
portfolio,117,single_domain,static,6.296770911663771,15.151314629236738,633.8414611816406,3.3,25,242.9306182861328,0
portfolio,117,single_domain,uniform_route,6.267946921288967,13.752323279184747,632.8331069946289,2.8666666666666667,24,242.6629867553711,0
portfolio,118,cascade,forecast_matched,127.86762237548828,67.31049133554556,376.3203430175781,3.2333333333333334,23,53.46662950515747,0
portfolio,118,cascade,greedy,123.16625928878784,64.83668264897207,358.2047920227051,3.066666666666667,24,52.84933042526245,0
portfolio,118,cascade,pc_rollout,143.91838121414185,68.49938476390794,411.3864059448242,3.45,23,54.659993171691895,0
portfolio,118,cascade,robust_pc_rollout,143.91838121414185,68.49938476390794,411.3864059448242,3.45,23,54.659993171691895,0
portfolio,118,cascade,static,137.26109719276428,68.74016823025062,388.85303497314453,3.283333333333333,24,54.718531131744385,0
portfolio,118,cascade,uniform_route,155.2257399559021,74.28336749911024,426.1376647949219,2.8333333333333335,24,55.04787063598633,0
portfolio,119,ood,forecast_matched,562.946949005127,188.18404683067047,1964.1858520507812,3.2,25,236.3494472503662,0
portfolio,119,ood,greedy,578.2874870300293,194.39061132337042,1998.6123352050781,3.183333333333333,25,237.83289337158203,0
portfolio,119,ood,pc_rollout,626.9913787841797,183.39030254700177,2090.9927673339844,2.7333333333333334,24,239.92553329467773,0
portfolio,119,ood,robust_pc_rollout,578.2874870300293,194.39061132337042,1998.6123352050781,3.183333333333333,25,237.83289337158203,0
portfolio,119,ood,static,545.7030830383301,190.1092078167769,1924.5277862548828,2.9833333333333334,24,237.46193504333496,0
portfolio,119,ood,uniform_route,578.2874870300293,194.39061132337042,1998.6123352050781,3.216666666666667,25,237.83289337158203,0
portfolio,120,nominal,forecast_matched,0.00196218434803086,0.4362907598076647,416.7675247192383,2.55,22,159.71188163757324,0
portfolio,120,nominal,greedy,0.00196218434803086,0.4362907598076647,416.7675247192383,2.55,22,159.71188163757324,0
portfolio,120,nominal,pc_rollout,0.002000442794724222,0.4135006973524103,416.77304458618164,2.7,22,159.71400928497314,0
portfolio,120,nominal,robust_pc_rollout,0.002000442794724222,0.4135006973524103,416.77304458618164,2.7,22,159.71400928497314,0
portfolio,120,nominal,static,0.0022812586385043687,0.5194926335837496,416.6477813720703,2.8,22,159.66581916809082,0
portfolio,120,nominal,uniform_route,0.0022747947193693108,0.5168010652004201,416.779239654541,2.533333333333333,22,159.71638679504395,0
portfolio,121,single_domain,forecast_matched,11.78498652833514,7.7368776918360815,2038.5271606445312,2.5833333333333335,28,772.4612350463867,0
portfolio,121,single_domain,greedy,11.782260085456073,7.497753323371651,2038.9609680175781,2.783333333333333,28,772.5787734985352,0
portfolio,121,single_domain,pc_rollout,11.778656736714765,7.532681856957369,2038.9377136230469,2.7,28,772.6867141723633,0
portfolio,121,single_domain,robust_pc_rollout,11.782260085456073,7.497753323371651,2038.9609680175781,2.783333333333333,28,772.5787734985352,0
portfolio,121,single_domain,static,11.815377597231418,8.551568481571953,2040.3037109375,2.7666666666666666,28,772.901123046875,0
portfolio,121,single_domain,uniform_route,11.789525224477984,7.46950788271234,2039.0217590332031,2.783333333333333,27,772.7363815307617,0
portfolio,122,cascade,forecast_matched,117.18436843156815,48.53994176837123,1075.639965057373,3.066666666666667,27,345.9825782775879,0
portfolio,122,cascade,greedy,119.85084813833237,49.57393310290589,1076.4106979370117,2.85,27,346.1108627319336,0
portfolio,122,cascade,pc_rollout,136.69615000486374,54.84631620968212,1133.671474456787,2.9833333333333334,27,348.7829647064209,0
portfolio,122,cascade,robust_pc_rollout,136.69615000486374,54.84631620968212,1133.671474456787,2.9833333333333334,27,348.7829647064209,0
portfolio,122,cascade,static,143.73946076631546,60.70169421850929,1137.8422660827637,3.7,26,348.1293487548828,0
portfolio,122,cascade,uniform_route,145.09106332063675,58.14555400325815,1162.9006805419922,3.533333333333333,27,349.6273498535156,0
portfolio,123,ood,forecast_matched,678.547191619873,244.80500743515708,3139.128936767578,3.45,27,636.6357192993164,0
portfolio,123,ood,greedy,678.547191619873,244.80500743515708,3139.128936767578,3.45,27,636.6357192993164,0
portfolio,123,ood,pc_rollout,737.7006301879883,246.5491893018912,3254.8296508789062,3.6333333333333333,27,639.0294189453125,0
portfolio,123,ood,robust_pc_rollout,663.5818901062012,245.58560434198418,3106.5960693359375,3.2666666666666666,27,636.6774673461914,0
portfolio,123,ood,static,783.7688484191895,291.5648328168648,3202.6556701660156,3.466666666666667,28,635.66064453125,0
portfolio,123,ood,uniform_route,720.8818626403809,260.50735395578425,3240.9034118652344,3.533333333333333,27,639.8476409912109,0
portfolio,124,nominal,forecast_matched,0.0034916661643364932,0.758553902015926,1043.1654357910156,1.3,16,396.4016571044922,0
portfolio,124,nominal,greedy,0.0034916661643364932,0.758553902015926,1043.1654357910156,1.3,16,396.4016571044922,0
portfolio,124,nominal,pc_rollout,0.0035853334338753484,0.828414027849761,1043.1880950927734,1.2833333333333334,16,396.40964126586914,0
portfolio,124,nominal,robust_pc_rollout,0.0035853334338753484,0.828414027849761,1043.1880950927734,1.2833333333333334,16,396.40964126586914,0
portfolio,124,nominal,static,0.003476655923805083,0.8007197684459986,1043.1785736083984,1.2666666666666666,16,396.4060592651367,0
portfolio,124,nominal,uniform_route,0.0036143617253401317,0.8523966878741853,1043.592643737793,1.3166666666666667,16,396.42921447753906,0
portfolio,125,single_domain,forecast_matched,0.026616794988512993,9.590992429615074,657.678861618042,2.683333333333333,27,248.99396681785583,0
portfolio,125,single_domain,greedy,0.026616794988512993,9.590992429615074,657.678861618042,2.683333333333333,27,248.99396681785583,0
portfolio,125,single_domain,pc_rollout,0.028080112533643842,8.498725201785692,657.5109729766846,3.3833333333333333,27,248.90972304344177,0
portfolio,125,single_domain,robust_pc_rollout,0.026616794988512993,9.590992429615074,657.678861618042,2.683333333333333,27,248.99396681785583,0
portfolio,125,single_domain,static,0.03178376238793135,10.850323579992233,658.6420078277588,3.1166666666666667,27,249.38428568840027,0
portfolio,125,single_domain,uniform_route,0.037300162366591394,10.092332032385011,657.4542980194092,2.9833333333333334,27,248.67968344688416,0
portfolio,126,cascade,forecast_matched,176.4413080215454,89.45313710780711,1093.7361755371094,4.0,26,296.840051651001,0
portfolio,126,cascade,greedy,182.73043155670166,90.41145075140392,1119.7248992919922,4.183333333333334,26,299.75422286987305,0
portfolio,126,cascade,pc_rollout,182.73043155670166,90.41145075140392,1119.7248992919922,4.183333333333334,26,299.75422286987305,0
portfolio,126,cascade,robust_pc_rollout,182.73043155670166,90.41145075140392,1119.7248992919922,4.183333333333334,26,299.75422286987305,0
portfolio,126,cascade,static,184.486421585083,92.4486494357189,1122.1825256347656,4.233333333333333,26,299.9989776611328,0
portfolio,126,cascade,uniform_route,193.05605173110962,95.53397138897083,1133.16748046875,4.166666666666667,26,300.11755752563477,0
portfolio,127,ood,forecast_matched,834.6106872558594,203.7511909243879,2706.0216674804688,1.9666666666666666,25,421.8062553405762,0
portfolio,127,ood,greedy,834.6106872558594,203.7511909243879,2706.0216674804688,1.9666666666666666,25,421.8062553405762,0
portfolio,127,ood,pc_rollout,921.7964859008789,195.356228485116,2867.0838012695312,2.0166666666666666,25,423.12805557250977,0
portfolio,127,ood,robust_pc_rollout,876.9722290039062,207.03209741978216,2769.552947998047,2.2333333333333334,25,422.3106155395508,0
portfolio,127,ood,static,963.2601470947266,251.7582822176146,2871.6046142578125,2.433333333333333,25,422.5186195373535,0
portfolio,127,ood,uniform_route,987.621955871582,255.5426044772663,2905.922576904297,2.05,25,422.9497947692871,0
