scenario_id,group,first_hour,policy,smartds_mapping_index,true_road_persistence,true_spatial_spread,true_power_persistence,true_pr_coupling,true_pc_coupling,true_comm_persistence,true_rc_coupling,true_cr_coupling,true_cp_coupling,cost,mobility_delay,unserved_energy,comm_loss,feeder_margin_exceedance,power_service_loss,peak_risk,served_mobility,total_mobility,requested_restoration,executed_restoration,requested_charge_capacity,executed_charge_capacity,smartds_curtailed_energy_kwh,smartds_raw_infeasible_hours,smartds_projected_infeasible_hours,min_voltage_pu,voltage_violation_pu_hours,voltage_violating_bus_hours,thermal_overload_pu_hours,thermal_overloaded_branch_hours,losses_mwh,service_continuity,mean_control_action_fraction,mean_smartds_projection_fraction,crew_job_count,crew_jobs_dispatched,crew_jobs_completed,crew_completion_fraction,crew_mean_completion_h,crew_total_travel_h,crew_completion_events,crew_routes,crew_route_source_policy,route_score,latency_ms
4,nominal,50292,static,4,0.8693376195091862,0.19347304092851608,0.7649240891953508,0.021003679028118834,0.20942778127554046,0.33053305827102525,0.07169732798656613,0.02745860252809388,0.026558568775487422,639.2569522857666,0.22433014959096909,242.3724479675293,5.108704924583435,0.0,0.0,31.079931259155273,38.775670528411865,39.0,9.0,9.0,176.6024990081787,176.6024990081787,0.0,0,0,0.9889910979687832,0.0,0,0.0,0,0.8434022038972635,0.9942479622669709,1.0,1.0,9,9,9,1.0,1.475925925925926,1.0833333333333333,B034@0.367;B042@0.367;B044@0.617;B004@0.667;B032@1.117;B043@1.383;B005@2.133;B033@3.000;B006@3.633,v0:B004@0.667|B033@3.000;v1:B034@0.367|B043@1.383;v2:B042@0.367|B032@1.117|B006@3.633;v3:B044@0.617|B005@2.133,static,nan,0.502250079686443
4,nominal,50292,greedy,4,0.8693376195091862,0.19347304092851608,0.7649240891953508,0.021003679028118834,0.20942778127554046,0.33053305827102525,0.07169732798656613,0.02745860252809388,0.026558568775487422,617.9984946250916,2.170865759253502,232.8457305431366,5.112958192825317,0.0,0.0,30.608808517456055,36.82913398742676,39.0,9.0,9.0,176.60250091552734,176.60250091552734,0.0,0,0,0.9888802307253955,0.0,0,0.0,0,0.8437698410556754,0.9443367689083784,1.0,1.0,9,9,9,1.0,1.5018518518518518,1.0666666666666667,B034@0.367;B042@0.367;B004@0.667;B044@0.867;B032@1.117;B043@1.750;B033@2.367;B005@2.383;B006@3.633,v0:B004@0.667|B043@1.750;v1:B033@2.367;v2:B034@0.367|B044@0.867|B005@2.383;v3:B042@0.367|B032@1.117|B006@3.633,greedy,nan,0.486100014920036
4,nominal,50292,forecast_matched,4,0.8693376195091862,0.19347304092851608,0.7649240891953508,0.021003679028118834,0.20942778127554046,0.33053305827102525,0.07169732798656613,0.02745860252809388,0.026558568775487422,617.9984946250916,2.170865759253502,232.8457305431366,5.112958192825317,0.0,0.0,30.608808517456055,36.82913398742676,39.0,9.0,9.0,176.60250091552734,176.60250091552734,0.0,0,0,0.9888802307253955,0.0,0,0.0,0,0.8437701751404455,0.9443367689083784,1.0,1.0,9,9,9,1.0,1.5018518518518518,1.0666666666666667,B034@0.367;B042@0.367;B004@0.667;B044@0.867;B032@1.117;B043@1.750;B033@2.367;B005@2.383;B006@3.633,v0:B004@0.667|B043@1.750;v1:B033@2.367;v2:B034@0.367|B044@0.867|B005@2.383;v3:B042@0.367|B032@1.117|B006@3.633,forecast_matched,15.166666666666668,34.562449902296066
4,nominal,50292,pc_rollout,4,0.8693376195091862,0.19347304092851608,0.7649240891953508,0.021003679028118834,0.20942778127554046,0.33053305827102525,0.07169732798656613,0.02745860252809388,0.026558568775487422,617.9984946250916,2.170865759253502,232.8457305431366,5.112958192825317,0.0,0.0,30.608808517456055,36.82913398742676,39.0,9.0,9.0,176.60250091552734,176.60250091552734,0.0,0,0,0.9888802307253955,0.0,0,0.0,0,0.8437701751404455,0.9443367689083784,1.0,1.0,9,9,9,1.0,1.5018518518518518,1.0666666666666667,B034@0.367;B042@0.367;B004@0.667;B044@0.867;B032@1.117;B043@1.750;B033@2.367;B005@2.383;B006@3.633,v0:B004@0.667|B043@1.750;v1:B033@2.367;v2:B034@0.367|B044@0.867|B005@2.383;v3:B042@0.367|B032@1.117|B006@3.633,forecast_matched,0.33109281603187757,39.22191665818294
4,nominal,50292,robust_pc_rollout,4,0.8693376195091862,0.19347304092851608,0.7649240891953508,0.021003679028118834,0.20942778127554046,0.33053305827102525,0.07169732798656613,0.02745860252809388,0.026558568775487422,617.9984946250916,2.170865759253502,232.8457305431366,5.112958192825317,0.0,0.0,30.608808517456055,36.82913398742676,39.0,9.0,9.0,176.60250091552734,176.60250091552734,0.0,0,0,0.9888802307253955,0.0,0,0.0,0,0.8437701751404455,0.9443367689083784,1.0,1.0,9,9,9,1.0,1.5018518518518518,1.0666666666666667,B034@0.367;B042@0.367;B004@0.667;B044@0.867;B032@1.117;B043@1.750;B033@2.367;B005@2.383;B006@3.633,v0:B004@0.667|B043@1.750;v1:B033@2.367;v2:B034@0.367|B044@0.867|B005@2.383;v3:B042@0.367|B032@1.117|B006@3.633,forecast_matched,0.402475669692717,141.38233343449733
4,nominal,50292,oracle,4,0.8693376195091862,0.19347304092851608,0.7649240891953508,0.021003679028118834,0.20942778127554046,0.33053305827102525,0.07169732798656613,0.02745860252809388,0.026558568775487422,528.345440864563,5.261566911940463e-06,203.07541573047638,0.14715486764907837,0.0,4.323242137616035e-06,28.690841674804688,38.9999942779541,39.0,9.0,9.0,176.60250854492188,176.60250854492188,0.0,0,0,0.9888235592570604,0.0,0,0.0,0,0.845113552288581,0.9999998532808744,1.0,1.0,9,9,9,1.0,1.5629629629629629,1.0833333333333333,B042@0.367;B034@0.633;B004@0.667;B043@1.117;B044@1.133;B032@1.500;B033@2.367;B005@2.633;B006@3.650,v0:B042@0.367|B034@0.633|B044@1.133|B006@3.650;v1:B004@0.667|B032@1.500;v2:B043@1.117|B005@2.633;v3:B033@2.367,oracle,nan,5.35006665935119
5,single_domain,48983,static,5,0.8034954457937138,0.13766313849167355,0.7648946775140036,0.024562349056070104,0.15286537910735112,0.537918716247739,0.061420351321046764,0.051131378778964155,0.05312416807617999,1405.3041534423828,1.1822133261507588,516.1301803588867,31.54347848892212,0.0,4.234869956970215,73.09375,36.817787647247314,38.0,36.0,25.0,176.60250854492188,176.60250854492188,0.0,0,0,0.988755808119004,0.0,0,0.0,0,0.8438457432557103,0.9688891486117714,1.0,1.0,36,36,25,0.6944444444444444,4.456018518518519,3.6666666666666665,B019@0.250;B041@0.517;B008@0.567;B030@0.850;B036@0.900;B045@1.167;B002@1.267;B049@1.433;B027@1.817;B022@1.867;B026@1.917;B023@2.550;B025@2.667;B035@2.683;B007@3.317;B012@3.333;B038@3.450;B009@3.533;B040@4.083;B046@4.150;B037@4.450;B028@4.667;B048@5.150;B003@5.250;B047@5.700;B011@6.133;B034@6.417;B039@6.767;B013@7.350;B024@7.667;B000@8.117;B031@8.617;B020@9.100;B029@9.950;B001@10.800;B010@11.967,v0:B008@0.567|B036@0.900|B045@1.167|B049@1.433|B026@1.917|B025@2.667|B009@3.533|B028@4.667|B011@6.133|B024@7.667|B029@9.950;v1:B022@1.867|B035@2.683|B038@3.450|B037@4.450|B047@5.700|B013@7.350|B020@9.100;v2:B007@3.317|B046@4.150|B048@5.150|B034@6.417|B000@8.117|B001@10.800;v3:B019@0.250|B041@0.517|B030@0.850|B002@1.267|B027@1.817|B023@2.550|B012@3.333|B040@4.083|B003@5.250|B039@6.767|B031@8.617|B010@11.967,static,nan,0.6307832275827726
5,single_domain,48983,greedy,5,0.8034954457937138,0.13766313849167355,0.7648946775140036,0.024562349056070104,0.15286537910735112,0.537918716247739,0.061420351321046764,0.051131378778964155,0.05312416807617999,1291.5921325683594,1.1761225534492041,489.3590202331543,7.270955562591553,0.0,3.190870553255081,65.35443115234375,36.82387661933899,38.0,36.0,26.0,176.60249710083008,176.60249710083008,0.0,0,0,0.9886430305442863,0.0,0,0.0,0,0.8450184445912763,0.9690493847194471,1.0,1.0,36,36,26,0.7222222222222222,4.0032407407407415,3.4833333333333334,B019@0.250;B030@0.333;B041@0.517;B002@0.750;B038@0.833;B036@0.867;B037@1.083;B045@1.100;B049@1.133;B027@1.300;B026@1.550;B008@1.700;B023@1.833;B028@2.050;B025@2.300;B046@2.533;B012@2.617;B040@3.017;B009@3.167;B035@3.300;B048@3.767;B003@4.183;B011@4.567;B034@4.567;B047@5.017;B039@5.700;B013@6.067;B000@6.267;B024@6.700;B022@7.500;B020@7.817;B031@8.100;B029@8.983;B001@10.033;B007@11.167;B010@11.450,v0:B019@0.250|B041@0.517|B036@0.867|B049@1.133|B023@1.833|B012@2.617|B048@3.767|B047@5.017|B024@6.700|B029@8.983;v1:B030@0.333|B002@0.750|B027@1.300|B028@2.050|B040@3.017|B003@4.183|B039@5.700|B022@7.500|B001@10.033;v2:B038@0.833|B045@1.100|B008@1.700|B046@2.533|B035@3.300|B034@4.567|B000@6.267|B031@8.100|B010@11.450;v3:B037@1.083|B026@1.550|B025@2.300|B009@3.167|B011@4.567|B013@6.067|B020@7.817|B007@11.167,greedy,nan,0.6533833220601082
5,single_domain,48983,forecast_matched,5,0.8034954457937138,0.13766313849167355,0.7648946775140036,0.024562349056070104,0.15286537910735112,0.537918716247739,0.061420351321046764,0.051131378778964155,0.05312416807617999,1291.5921325683594,1.1761225534492041,489.3590202331543,7.270955562591553,0.0,3.190870553255081,65.35443115234375,36.82387661933899,38.0,36.0,26.0,176.60249710083008,176.60249710083008,0.0,0,0,0.9886430305442797,0.0,0,0.0,0,0.8450193635304659,0.9690493847194471,1.0,1.0,36,36,26,0.7222222222222222,4.0032407407407415,3.4833333333333334,B019@0.250;B030@0.333;B041@0.517;B002@0.750;B038@0.833;B036@0.867;B037@1.083;B045@1.100;B049@1.133;B027@1.300;B026@1.550;B008@1.700;B023@1.833;B028@2.050;B025@2.300;B046@2.533;B012@2.617;B040@3.017;B009@3.167;B035@3.300;B048@3.767;B003@4.183;B011@4.567;B034@4.567;B047@5.017;B039@5.700;B013@6.067;B000@6.267;B024@6.700;B022@7.500;B020@7.817;B031@8.100;B029@8.983;B001@10.033;B007@11.167;B010@11.450,v0:B019@0.250|B041@0.517|B036@0.867|B049@1.133|B023@1.833|B012@2.617|B048@3.767|B047@5.017|B024@6.700|B029@8.983;v1:B030@0.333|B002@0.750|B027@1.300|B028@2.050|B040@3.017|B003@4.183|B039@5.700|B022@7.500|B001@10.033;v2:B038@0.833|B045@1.100|B008@1.700|B046@2.533|B035@3.300|B034@4.567|B000@6.267|B031@8.100|B010@11.450;v3:B037@1.083|B026@1.550|B025@2.300|B009@3.167|B011@4.567|B013@6.067|B020@7.817|B007@11.167,forecast_matched,6.249999999999999,35.50773331274589
5,single_domain,48983,pc_rollout,5,0.8034954457937138,0.13766313849167355,0.7648946775140036,0.024562349056070104,0.15286537910735112,0.537918716247739,0.061420351321046764,0.051131378778964155,0.05312416807617999,1291.5921325683594,1.1761225534492041,489.3590202331543,7.270955562591553,0.0,3.190870553255081,65.35443115234375,36.82387661933899,38.0,36.0,26.0,176.60249710083008,176.60249710083008,0.0,0,0,0.9886430305442797,0.0,0,0.0,0,0.8450193635304659,0.9690493847194471,1.0,1.0,36,36,26,0.7222222222222222,4.0032407407407415,3.4833333333333334,B019@0.250;B030@0.333;B041@0.517;B002@0.750;B038@0.833;B036@0.867;B037@1.083;B045@1.100;B049@1.133;B027@1.300;B026@1.550;B008@1.700;B023@1.833;B028@2.050;B025@2.300;B046@2.533;B012@2.617;B040@3.017;B009@3.167;B035@3.300;B048@3.767;B003@4.183;B011@4.567;B034@4.567;B047@5.017;B039@5.700;B013@6.067;B000@6.267;B024@6.700;B022@7.500;B020@7.817;B031@8.100;B029@8.983;B001@10.033;B007@11.167;B010@11.450,v0:B019@0.250|B041@0.517|B036@0.867|B049@1.133|B023@1.833|B012@2.617|B048@3.767|B047@5.017|B024@6.700|B029@8.983;v1:B030@0.333|B002@0.750|B027@1.300|B028@2.050|B040@3.017|B003@4.183|B039@5.700|B022@7.500|B001@10.033;v2:B038@0.833|B045@1.100|B008@1.700|B046@2.533|B035@3.300|B034@4.567|B000@6.267|B031@8.100|B010@11.450;v3:B037@1.083|B026@1.550|B025@2.300|B009@3.167|B011@4.567|B013@6.067|B020@7.817|B007@11.167,forecast_matched,10.849334096270875,40.46494994933406
5,single_domain,48983,robust_pc_rollout,5,0.8034954457937138,0.13766313849167355,0.7648946775140036,0.024562349056070104,0.15286537910735112,0.537918716247739,0.061420351321046764,0.051131378778964155,0.05312416807617999,1291.5921325683594,1.1761225534492041,489.3590202331543,7.270955562591553,0.0,3.190870553255081,65.35443115234375,36.82387661933899,38.0,36.0,26.0,176.60249710083008,176.60249710083008,0.0,0,0,0.9886430305442797,0.0,0,0.0,0,0.8450193635304659,0.9690493847194471,1.0,1.0,36,36,26,0.7222222222222222,4.0032407407407415,3.4833333333333334,B019@0.250;B030@0.333;B041@0.517;B002@0.750;B038@0.833;B036@0.867;B037@1.083;B045@1.100;B049@1.133;B027@1.300;B026@1.550;B008@1.700;B023@1.833;B028@2.050;B025@2.300;B046@2.533;B012@2.617;B040@3.017;B009@3.167;B035@3.300;B048@3.767;B003@4.183;B011@4.567;B034@4.567;B047@5.017;B039@5.700;B013@6.067;B000@6.267;B024@6.700;B022@7.500;B020@7.817;B031@8.100;B029@8.983;B001@10.033;B007@11.167;B010@11.450,v0:B019@0.250|B041@0.517|B036@0.867|B049@1.133|B023@1.833|B012@2.617|B048@3.767|B047@5.017|B024@6.700|B029@8.983;v1:B030@0.333|B002@0.750|B027@1.300|B028@2.050|B040@3.017|B003@4.183|B039@5.700|B022@7.500|B001@10.033;v2:B038@0.833|B045@1.100|B008@1.700|B046@2.533|B035@3.300|B034@4.567|B000@6.267|B031@8.100|B010@11.450;v3:B037@1.083|B026@1.550|B025@2.300|B009@3.167|B011@4.567|B013@6.067|B020@7.817|B007@11.167,forecast_matched,17.11758984961052,142.0871999580413
5,single_domain,48983,oracle,5,0.8034954457937138,0.13766313849167355,0.7648946775140036,0.024562349056070104,0.15286537910735112,0.537918716247739,0.061420351321046764,0.051131378778964155,0.05312416807617999,1172.9074096679688,0.0027461543131721555,445.77828216552734,5.593854188919067,0.0,2.9451392740011215,61.67658615112305,37.99725353717804,38.0,36.0,26.0,176.60250091552734,176.60250091552734,0.0,0,0,0.9885573350910264,0.0,0,0.0,0,0.8468658712835431,0.99992772466258,1.0,1.0,36,36,26,0.7222222222222222,4.261574074074074,3.15,B008@0.567;B038@0.833;B019@0.883;B036@1.083;B037@1.083;B041@1.150;B045@1.350;B049@1.350;B030@1.483;B026@1.833;B002@1.900;B027@1.900;B023@2.550;B025@2.583;B001@2.600;B028@2.650;B012@3.333;B035@3.383;B009@3.450;B040@3.617;B046@4.150;B048@4.483;B003@4.650;B011@4.867;B047@5.400;B034@5.750;B039@6.167;B013@6.367;B000@7.067;B024@7.450;B022@7.967;B020@8.117;B031@8.900;B029@9.733;B010@11.300;B007@11.467,v0:B008@0.567|B019@0.883|B041@1.150|B030@1.483|B002@1.900|B023@2.550|B012@3.333|B048@4.483|B034@5.750|B024@7.450|B029@9.733;v1:B038@0.833|B036@1.083|B045@1.350|B026@1.833|B025@2.583|B009@3.450|B003@4.650|B039@6.167|B022@7.967|B010@11.300;v2:B037@1.083|B049@1.350|B027@1.900|B028@2.650|B040@3.617|B011@4.867|B013@6.367|B020@8.117|B007@11.467;v3:B001@2.600|B035@3.383|B046@4.150|B047@5.400|B000@7.067|B031@8.900,oracle,nan,5.538550050308307
6,cascade,47729,static,6,0.715066640828751,0.30478603627345974,0.7667210592390831,0.017820614026335398,0.23389850263417333,0.45196951849206396,0.07446516148611788,0.12918565571657334,0.0755394455118195,2117.3401794433594,11.357993245124817,654.2635955810547,128.24234580993652,0.0,36.73602795600891,95.8917236328125,58.64200687408447,70.0,31.0,27.0,176.60250091552734,173.49692153930664,0.0,0,0,0.9889859397469697,0.0,0,0.0,0,0.8442901009029711,0.8377429553440638,0.989378809928894,1.0,31,30,27,0.8709677419354839,2.8527777777777783,2.4,B019@0.250;B031@0.500;B008@0.817;B047@0.833;B004@0.917;B007@1.067;B046@1.083;B033@1.167;B034@1.250;B035@1.350;B039@1.417;B042@1.417;B025@1.717;B005@1.867;B049@1.917;B044@1.933;B038@2.383;B040@2.450;B036@2.683;B003@2.950;B048@3.383;B041@3.500;B043@3.700;B009@4.400;B045@5.150;B037@5.600;B032@5.700;B026@6.517;B006@8.417;B020@9.250,v0:B008@0.817|B033@1.167|B042@1.417|B044@1.933|B003@2.950|B009@4.400|B026@6.517;v1:B004@0.917|B034@1.250|B025@1.717|B040@2.450|B041@3.500|B037@5.600|B020@9.250;v2:B007@1.067|B039@1.417|B049@1.917|B036@2.683|B043@3.700|B032@5.700;v3:B019@0.250|B031@0.500|B047@0.833|B046@1.083|B035@1.350|B005@1.867|B038@2.383|B048@3.383|B045@5.150|B006@8.417,static,nan,0.5806665867567062
6,cascade,47729,greedy,6,0.715066640828751,0.30478603627345974,0.7667210592390831,0.017820614026335398,0.23389850263417333,0.45196951849206396,0.07446516148611788,0.12918565571657334,0.0755394455118195,2055.098190307617,10.668998509645462,645.8083038330078,106.42714357376099,0.0,37.66005712747574,96.49314880371094,59.33100175857544,70.0,31.0,27.0,176.60250091552734,172.40872764587402,0.0,0,0,0.9889020354609359,0.0,0,0.0,0,0.844698777038609,0.8475857394082206,0.9859590431054434,1.0,31,30,27,0.8709677419354839,2.7905555555555552,2.533333333333333,B019@0.250;B031@0.500;B038@0.583;B008@0.817;B046@0.833;B047@0.833;B004@0.917;B033@1.100;B034@1.100;B035@1.167;B042@1.250;B039@1.367;B025@1.567;B005@1.683;B044@1.767;B049@1.867;B040@2.300;B036@2.450;B003@2.783;B043@2.883;B041@3.350;B048@3.450;B007@3.867;B009@4.350;B045@5.217;B037@5.450;B032@5.967;B026@6.467;B006@8.483;B020@9.100,v0:B038@0.583|B046@0.833|B033@1.100|B039@1.367|B049@1.867|B043@2.883|B009@4.350|B026@6.467;v1:B008@0.817|B035@1.167|B005@1.683|B036@2.450|B048@3.450|B045@5.217|B006@8.483;v2:B004@0.917|B042@1.250|B044@1.767|B003@2.783|B007@3.867|B032@5.967;v3:B019@0.250|B031@0.500|B047@0.833|B034@1.100|B025@1.567|B040@2.300|B041@3.350|B037@5.450|B020@9.100,greedy,nan,0.5977999729414781
6,cascade,47729,forecast_matched,6,0.715066640828751,0.30478603627345974,0.7667210592390831,0.017820614026335398,0.23389850263417333,0.45196951849206396,0.07446516148611788,0.12918565571657334,0.0755394455118195,2157.178253173828,10.247485339641571,651.7518615722656,123.81637406349182,0.0,74.07405316829681,113.60633850097656,59.75251483917236,70.0,31.0,26.0,176.60250663757324,172.4186725616455,0.0,0,0,0.9889487295396339,0.0,0,0.0,0,0.8443922536072902,0.8536073548453195,0.984925776720047,1.0,31,30,26,0.8387096774193549,2.9427777777777773,2.7,B019@0.250;B031@0.500;B038@0.583;B008@0.817;B046@0.833;B047@0.833;B033@1.100;B034@1.100;B035@1.167;B042@1.350;B039@1.367;B025@1.650;B005@1.867;B049@1.867;B026@2.233;B044@2.367;B040@2.533;B036@2.633;B004@3.167;B003@3.383;B041@3.583;B048@3.633;B043@4.250;B007@4.467;B009@5.017;B045@5.400;B032@6.250;B037@6.550;B006@8.467;B020@9.067,v0:B038@0.583|B046@0.833|B033@1.100|B042@1.350|B005@1.867|B040@2.533|B041@3.583|B009@5.017|B006@8.467;v1:B008@0.817|B035@1.167|B025@1.650|B044@2.367|B003@3.383|B007@4.467|B037@6.550;v2:B026@2.233|B004@3.167|B043@4.250|B032@6.250;v3:B019@0.250|B031@0.500|B047@0.833|B034@1.100|B039@1.367|B049@1.867|B036@2.633|B048@3.633|B045@5.400|B020@9.067,forecast_matched,24.083333333333336,35.09661687227587
6,cascade,47729,pc_rollout,6,0.715066640828751,0.30478603627345974,0.7667210592390831,0.017820614026335398,0.23389850263417333,0.45196951849206396,0.07446516148611788,0.12918565571657334,0.0755394455118195,2055.098190307617,10.668998509645462,645.8083038330078,106.42714357376099,0.0,37.66005712747574,96.49314880371094,59.33100175857544,70.0,31.0,27.0,176.60250091552734,172.40872764587402,0.0,0,0,0.9889020354609359,0.0,0,0.0,0,0.844699703460615,0.8475857394082206,0.9859590431054434,1.0,31,30,27,0.8709677419354839,2.7905555555555552,2.533333333333333,B019@0.250;B031@0.500;B038@0.583;B008@0.817;B046@0.833;B047@0.833;B004@0.917;B033@1.100;B034@1.100;B035@1.167;B042@1.250;B039@1.367;B025@1.567;B005@1.683;B044@1.767;B049@1.867;B040@2.300;B036@2.450;B003@2.783;B043@2.883;B041@3.350;B048@3.450;B007@3.867;B009@4.350;B045@5.217;B037@5.450;B032@5.967;B026@6.467;B006@8.483;B020@9.100,v0:B038@0.583|B046@0.833|B033@1.100|B039@1.367|B049@1.867|B043@2.883|B009@4.350|B026@6.467;v1:B008@0.817|B035@1.167|B005@1.683|B036@2.450|B048@3.450|B045@5.217|B006@8.483;v2:B004@0.917|B042@1.250|B044@1.767|B003@2.783|B007@3.867|B032@5.967;v3:B019@0.250|B031@0.500|B047@0.833|B034@1.100|B025@1.567|B040@2.300|B041@3.350|B037@5.450|B020@9.100,greedy,44.466170793396955,41.126616609593235
6,cascade,47729,robust_pc_rollout,6,0.715066640828751,0.30478603627345974,0.7667210592390831,0.017820614026335398,0.23389850263417333,0.45196951849206396,0.07446516148611788,0.12918565571657334,0.0755394455118195,2055.098190307617,10.668998509645462,645.8083038330078,106.42714357376099,0.0,37.66005712747574,96.49314880371094,59.33100175857544,70.0,31.0,27.0,176.60250091552734,172.40872764587402,0.0,0,0,0.9889020354609359,0.0,0,0.0,0,0.8446997153239204,0.8475857394082206,0.9859590431054434,1.0,31,30,27,0.8709677419354839,2.7905555555555552,2.533333333333333,B019@0.250;B031@0.500;B038@0.583;B008@0.817;B046@0.833;B047@0.833;B004@0.917;B033@1.100;B034@1.100;B035@1.167;B042@1.250;B039@1.367;B025@1.567;B005@1.683;B044@1.767;B049@1.867;B040@2.300;B036@2.450;B003@2.783;B043@2.883;B041@3.350;B048@3.450;B007@3.867;B009@4.350;B045@5.217;B037@5.450;B032@5.967;B026@6.467;B006@8.483;B020@9.100,v0:B038@0.583|B046@0.833|B033@1.100|B039@1.367|B049@1.867|B043@2.883|B009@4.350|B026@6.467;v1:B008@0.817|B035@1.167|B005@1.683|B036@2.450|B048@3.450|B045@5.217|B006@8.483;v2:B004@0.917|B042@1.250|B044@1.767|B003@2.783|B007@3.867|B032@5.967;v3:B019@0.250|B031@0.500|B047@0.833|B034@1.100|B025@1.567|B040@2.300|B041@3.350|B037@5.450|B020@9.100,greedy,76.13553623424838,142.0950833708048
6,cascade,47729,oracle,6,0.715066640828751,0.30478603627345974,0.7667210592390831,0.017820614026335398,0.23389850263417333,0.45196951849206396,0.07446516148611788,0.12918565571657334,0.0755394455118195,1954.6807708740234,8.031040459871292,600.5256614685059,107.01046586036682,0.0,36.54123640060425,93.92107391357422,61.96896028518677,70.0,31.0,26.0,176.60249519348145,169.8048095703125,0.0,0,0,0.9889996116419797,0.0,0,0.0,0,0.8467728604736285,0.8852708612169539,0.9861626823743185,1.0,31,30,26,0.8387096774193549,3.1616666666666675,3.1666666666666665,B025@0.483;B004@0.917;B034@0.950;B003@1.100;B033@1.217;B035@1.250;B039@1.367;B042@1.467;B046@1.517;B047@1.633;B019@1.833;B031@1.867;B038@2.133;B026@2.233;B040@2.400;B005@2.467;B044@2.650;B049@2.967;B036@3.233;B008@3.250;B043@3.667;B048@3.983;B007@4.250;B041@4.333;B009@5.133;B045@5.750;B037@6.333;B032@6.467;B006@8.583;B020@9.417,v0:B025@0.483|B034@0.950|B033@1.217|B042@1.467|B019@1.833|B040@2.400|B008@3.250|B007@4.250|B037@6.333;v1:B004@0.917|B035@1.250|B046@1.517|B031@1.867|B005@2.467|B036@3.233|B041@4.333|B032@6.467;v2:B003@1.100|B039@1.367|B047@1.633|B038@2.133|B044@2.650|B043@3.667|B009@5.133|B006@8.583;v3:B026@2.233|B049@2.967|B048@3.983|B045@5.750|B020@9.417,oracle,nan,5.413100045795242
7,ood,44709,static,7,0.7231011518477146,0.2387632450041008,0.7841605559473599,0.000982123537045319,0.08336997435423266,0.4899837539600333,0.04380077544486152,0.12472863397678124,0.06467513630100165,1983.5514373779297,16.11027890071273,421.9181480407715,238.2792911529541,0.0,100.21873092651367,105.627197265625,40.25184178352356,56.0,36.0,29.0,176.60249710083008,166.13873672485352,0.0,0,0,0.9890173541918745,0.0,0,0.0,0,0.8427034879686626,0.7187828889914921,0.9726280669371287,1.0,36,33,29,0.8055555555555556,3.1676767676767676,2.6333333333333333,B019@0.250;B008@0.317;B041@0.517;B003@0.650;B007@0.817;B011@0.833;B006@0.900;B046@1.150;B032@1.167;B047@1.233;B039@1.417;B044@1.433;B045@1.500;B034@1.933;B031@2.017;B022@2.117;B014@2.167;B040@2.583;B005@2.700;B001@2.900;B020@2.917;B036@3.467;B026@3.567;B035@3.933;B038@4.067;B048@4.467;B025@4.817;B033@5.200;B049@5.583;B009@6.417;B043@7.800;B042@9.950;B021@13.750,v0:B008@0.317|B003@0.650|B006@0.900|B032@1.167|B044@1.433|B034@1.933|B005@2.700|B036@3.467|B048@4.467|B009@6.417;v1:B007@0.817|B046@1.150|B039@1.417|B031@2.017|B040@2.583|B026@3.567|B025@4.817|B043@7.800;v2:B022@2.117|B001@2.900|B035@3.933|B033@5.200|B042@9.950;v3:B019@0.250|B041@0.517|B011@0.833|B047@1.233|B045@1.500|B014@2.167|B020@2.917|B038@4.067|B049@5.583|B021@13.750,static,nan,0.6019998497019211
7,ood,44709,greedy,7,0.7231011518477146,0.2387632450041008,0.7841605559473599,0.000982123537045319,0.08336997435423266,0.4899837539600333,0.04380077544486152,0.12472863397678124,0.06467513630100165,1979.2251739501953,20.938835740089417,426.44770431518555,222.6336154937744,0.0,112.70923900604248,105.65489959716797,35.302215456962585,56.0,36.0,29.0,176.60250282287598,164.24243354797363,0.0,0,0,0.9890541385520978,0.0,0,0.0,0,0.8425313241557376,0.6303967045886176,0.9716351826985677,1.0,36,33,29,0.8055555555555556,3.0308080808080806,2.966666666666667,B019@0.250;B041@0.267;B011@0.317;B008@0.567;B046@0.617;B047@0.717;B007@0.817;B003@0.883;B006@0.917;B039@0.983;B032@1.150;B044@1.167;B045@1.183;B034@1.500;B031@1.767;B014@1.833;B040@1.850;B005@2.267;B020@2.583;B001@2.617;B036@2.750;B026@3.233;B035@3.650;B038@3.733;B048@3.750;B025@4.483;B033@4.917;B049@5.250;B009@5.700;B022@6.767;B043@7.667;B042@10.017;B021@13.850,v0:B011@0.317|B047@0.717|B039@0.983|B034@1.500|B005@2.267|B026@3.233|B025@4.483|B022@6.767;v1:B007@0.817|B044@1.167|B014@1.833|B020@2.583|B038@3.733|B049@5.250|B042@10.017;v2:B019@0.250|B008@0.567|B006@0.917|B045@1.183|B040@1.850|B036@2.750|B048@3.750|B009@5.700|B021@13.850;v3:B041@0.267|B046@0.617|B003@0.883|B032@1.150|B031@1.767|B001@2.617|B035@3.650|B033@4.917|B043@7.667,greedy,nan,0.6208999548107386
7,ood,44709,forecast_matched,7,0.7231011518477146,0.2387632450041008,0.7841605559473599,0.000982123537045319,0.08336997435423266,0.4899837539600333,0.04380077544486152,0.12472863397678124,0.06467513630100165,1858.3511962890625,15.123879600316286,418.3571014404297,201.56453704833984,0.0,84.39159154891968,105.65489959716797,41.00086712837219,56.0,36.0,29.0,176.60250282287598,167.04730415344238,0.0,0,0,0.9889021434197158,0.0,0,0.0,0,0.8429679183118957,0.7321583415780749,0.9735840757687887,1.0,36,33,29,0.8055555555555556,3.3984848484848484,3.1166666666666667,B011@0.317;B019@0.633;B007@0.817;B041@0.900;B008@1.067;B046@1.250;B003@1.400;B025@1.483;B047@1.500;B006@1.650;B039@1.767;B009@1.917;B032@1.917;B044@1.950;B045@2.033;B034@2.433;B014@2.567;B031@2.567;B040@2.700;B005@3.200;B020@3.317;B001@3.417;B036@3.600;B026@4.167;B035@4.450;B038@4.467;B048@4.600;B033@5.650;B049@5.967;B022@6.533;B043@7.383;B042@10.400;B021@14.133,v0:B011@0.317|B019@0.633|B041@0.900|B046@1.250|B047@1.500|B039@1.767|B045@2.033|B040@2.700|B036@3.600|B048@4.600|B043@7.383;v1:B007@0.817|B008@1.067|B003@1.400|B006@1.650|B032@1.917|B034@2.433|B005@3.200|B026@4.167|B033@5.650|B042@10.400;v2:B025@1.483|B044@1.950|B031@2.567|B001@3.417|B035@4.450|B049@5.967|B021@14.133;v3:B009@1.917|B014@2.567|B020@3.317|B038@4.467|B022@6.533,forecast_matched,11.333333333333332,35.172750164444246
7,ood,44709,pc_rollout,7,0.7231011518477146,0.2387632450041008,0.7841605559473599,0.000982123537045319,0.08336997435423266,0.4899837539600333,0.04380077544486152,0.12472863397678124,0.06467513630100165,1964.093734741211,20.92339050769806,426.2676658630371,218.2408628463745,0.0,112.56015872955322,105.65489959716797,35.31701922416687,56.0,36.0,29.0,176.60250091552734,164.52175521850586,0.0,0,0,0.9890538055777887,0.0,0,0.0,0,0.8425391913529638,0.6306610575744084,0.9726260503133138,1.0,36,33,29,0.8055555555555556,3.064646464646465,3.0833333333333335,B019@0.250;B011@0.317;B041@0.517;B034@0.617;B008@0.667;B007@0.817;B044@0.867;B046@0.867;B003@1.000;B047@1.117;B006@1.133;B032@1.167;B039@1.267;B045@1.383;B031@1.733;B014@1.850;B040@1.933;B005@2.150;B020@2.550;B036@2.750;B001@2.850;B026@3.117;B038@3.700;B048@3.750;B035@3.883;B025@4.367;B033@4.983;B049@5.267;B009@5.850;B022@6.650;B043@7.733;B042@10.033;B021@14.000,v0:B011@0.317|B008@0.667|B003@1.000|B039@1.267|B040@1.933|B001@2.850|B035@3.883|B009@5.850|B021@14.000;v1:B034@0.617|B044@0.867|B006@1.133|B031@1.733|B020@2.550|B038@3.700|B033@4.983|B043@7.733;v2:B007@0.817|B032@1.167|B014@1.850|B036@2.750|B048@3.750|B049@5.267|B042@10.033;v3:B019@0.250|B041@0.517|B046@0.867|B047@1.117|B045@1.383|B005@2.150|B026@3.117|B025@4.367|B022@6.650,pc_rollout,127.07660107249221,40.62228323891759
7,ood,44709,robust_pc_rollout,7,0.7231011518477146,0.2387632450041008,0.7841605559473599,0.000982123537045319,0.08336997435423266,0.4899837539600333,0.04380077544486152,0.12472863397678124,0.06467513630100165,1964.093734741211,20.92339050769806,426.2676658630371,218.2408628463745,0.0,112.56015872955322,105.65489959716797,35.31701922416687,56.0,36.0,29.0,176.60250091552734,164.52175521850586,0.0,0,0,0.9890538055777925,0.0,0,0.0,0,0.8425386889190456,0.6306610575744084,0.9726260503133138,1.0,36,33,29,0.8055555555555556,3.064646464646465,3.0833333333333335,B019@0.250;B011@0.317;B041@0.517;B034@0.617;B008@0.667;B007@0.817;B044@0.867;B046@0.867;B003@1.000;B047@1.117;B006@1.133;B032@1.167;B039@1.267;B045@1.383;B031@1.733;B014@1.850;B040@1.933;B005@2.150;B020@2.550;B036@2.750;B001@2.850;B026@3.117;B038@3.700;B048@3.750;B035@3.883;B025@4.367;B033@4.983;B049@5.267;B009@5.850;B022@6.650;B043@7.733;B042@10.033;B021@14.000,v0:B011@0.317|B008@0.667|B003@1.000|B039@1.267|B040@1.933|B001@2.850|B035@3.883|B009@5.850|B021@14.000;v1:B034@0.617|B044@0.867|B006@1.133|B031@1.733|B020@2.550|B038@3.700|B033@4.983|B043@7.733;v2:B007@0.817|B032@1.167|B014@1.850|B036@2.750|B048@3.750|B049@5.267|B042@10.033;v3:B019@0.250|B041@0.517|B046@0.867|B047@1.117|B045@1.383|B005@2.150|B026@3.117|B025@4.367|B022@6.650,pc_rollout,219.71692496286028,143.17111663209894
7,ood,44709,oracle,7,0.7231011518477146,0.2387632450041008,0.7841605559473599,0.000982123537045319,0.08336997435423266,0.4899837539600333,0.04380077544486152,0.12472863397678124,0.06467513630100165,1867.1143798828125,11.242787264287472,389.3831901550293,228.6337776184082,0.0,81.82162761688232,105.35855865478516,44.84029698371887,56.0,36.0,29.0,176.60249710083008,162.89320182800293,0.0,0,0,0.9888163069150916,0.0,0,0.0,0,0.8442574935474852,0.8007195889949799,0.9674939215183258,1.0,36,33,29,0.8055555555555556,3.3338383838383843,3.0166666666666666,B034@0.617;B005@0.850;B044@0.867;B026@0.983;B003@1.100;B006@1.133;B032@1.367;B008@1.400;B039@1.400;B045@1.633;B046@1.667;B019@1.717;B047@1.900;B009@1.917;B041@1.983;B011@2.067;B031@2.483;B040@2.533;B014@2.567;B007@2.783;B020@3.283;B001@3.333;B036@3.467;B038@3.867;B035@4.367;B048@4.433;B033@4.733;B025@5.333;B049@5.883;B022@6.500;B043@7.483;B042@10.317;B021@14.050,v0:B034@0.617|B044@0.867|B006@1.133|B039@1.400|B046@1.667|B011@2.067|B014@2.567|B036@3.467|B033@4.733|B043@7.483;v1:B005@0.850|B003@1.100|B032@1.367|B045@1.633|B047@1.900|B031@2.483|B001@3.333|B035@4.367|B049@5.883|B021@14.050;v2:B026@0.983|B008@1.400|B019@1.717|B041@1.983|B040@2.533|B020@3.283|B048@4.433|B022@6.500;v3:B009@1.917|B007@2.783|B038@3.867|B025@5.333|B042@10.317,oracle,nan,5.519966750095288
0,nominal,50716,static,0,0.8813455343815371,0.2644092295091314,0.778513805972404,0.016386059363011907,0.22573487788842098,0.5241902727000516,0.02710499626510095,0.04446387448002545,0.018106644547472274,143.7697229385376,0.0,55.29604959487915,0.0,0.0,5.729037422241845e-08,11.187840461730957,0.0,0.0,26.0,24.0,176.60250282287598,176.60250282287598,0.0,0,0,0.9888200438379816,0.0,0,0.0,0,0.841418520138993,0.0,1.0,1.0,26,26,24,0.9230769230769231,2.2173076923076924,2.533333333333333,B012@0.317;B014@0.317;B015@0.317;B016@0.567;B017@0.567;B021@0.567;B022@0.617;B030@0.833;B000@0.867;B049@0.917;B045@0.983;B028@1.300;B029@1.333;B039@1.417;B020@1.650;B027@1.800;B023@2.117;B002@2.517;B024@2.683;B040@3.267;B011@3.650;B034@4.367;B018@4.467;B001@5.683;B013@6.900;B035@7.633,v0:B022@0.617|B049@0.917|B039@1.417|B002@2.517|B034@4.367|B035@7.633;v1:B012@0.317|B016@0.567|B030@0.833|B029@1.333|B023@2.117|B011@3.650|B013@6.900;v2:B014@0.317|B017@0.567|B000@0.867|B028@1.300|B027@1.800|B040@3.267|B001@5.683;v3:B015@0.317|B021@0.567|B045@0.983|B020@1.650|B024@2.683|B018@4.467,static,nan,0.580766781543692
0,nominal,50716,greedy,0,0.8813455343815371,0.2644092295091314,0.778513805972404,0.016386059363011907,0.22573487788842098,0.5241902727000516,0.02710499626510095,0.04446387448002545,0.018106644547472274,39.582709742906005,0.0,15.224118709564209,0.0,0.0,4.094474537197357e-08,6.667071342468262,0.0,0.0,26.0,24.0,176.6024990081787,176.6024990081787,0.0,0,0,0.9885450041671553,0.0,0,0.0,0,0.8430512801611643,0.0,1.0,1.0,26,26,24,0.9230769230769231,2.1948717948717946,2.283333333333333,B012@0.317;B014@0.317;B015@0.567;B016@0.567;B029@0.583;B022@0.617;B017@0.817;B021@0.817;B030@0.833;B049@0.917;B000@1.117;B045@1.183;B028@1.283;B020@1.317;B039@1.700;B027@1.783;B023@1.933;B002@2.250;B024@2.900;B040@3.217;B011@3.500;B034@4.100;B018@4.683;B001@5.633;B013@6.750;B035@7.367,v0:B029@0.583|B030@0.833|B000@1.117|B023@1.933|B040@3.217|B001@5.633;v1:B022@0.617|B049@0.917|B045@1.183|B039@1.700|B024@2.900|B018@4.683;v2:B012@0.317|B015@0.567|B017@0.817|B028@1.283|B027@1.783|B011@3.500|B013@6.750;v3:B014@0.317|B016@0.567|B021@0.817|B020@1.317|B002@2.250|B034@4.100|B035@7.367,greedy,nan,0.5625165843715271
0,nominal,50716,forecast_matched,0,0.8813455343815371,0.2644092295091314,0.778513805972404,0.016386059363011907,0.22573487788842098,0.5241902727000516,0.02710499626510095,0.04446387448002545,0.018106644547472274,39.582709742906005,0.0,15.224118709564209,0.0,0.0,4.094474537197357e-08,6.667071342468262,0.0,0.0,26.0,24.0,176.6024990081787,176.6024990081787,0.0,0,0,0.9885450608684905,0.0,0,0.0,0,0.8430514250376463,0.0,1.0,1.0,26,26,24,0.9230769230769231,2.1948717948717946,2.283333333333333,B012@0.317;B014@0.317;B015@0.567;B016@0.567;B029@0.583;B022@0.617;B017@0.817;B021@0.817;B030@0.833;B049@0.917;B000@1.117;B045@1.183;B028@1.283;B020@1.317;B039@1.700;B027@1.783;B023@1.933;B002@2.250;B024@2.900;B040@3.217;B011@3.500;B034@4.100;B018@4.683;B001@5.633;B013@6.750;B035@7.367,v0:B029@0.583|B030@0.833|B000@1.117|B023@1.933|B040@3.217|B001@5.633;v1:B022@0.617|B049@0.917|B045@1.183|B039@1.700|B024@2.900|B018@4.683;v2:B012@0.317|B015@0.567|B017@0.817|B028@1.283|B027@1.783|B011@3.500|B013@6.750;v3:B014@0.317|B016@0.567|B021@0.817|B020@1.317|B002@2.250|B034@4.100|B035@7.367,forecast_matched,6.0,34.848499965543546
0,nominal,50716,pc_rollout,0,0.8813455343815371,0.2644092295091314,0.778513805972404,0.016386059363011907,0.22573487788842098,0.5241902727000516,0.02710499626510095,0.04446387448002545,0.018106644547472274,39.582709742906005,0.0,15.224118709564209,0.0,0.0,4.094474537197357e-08,6.667071342468262,0.0,0.0,26.0,24.0,176.6024990081787,176.6024990081787,0.0,0,0,0.9885450608684905,0.0,0,0.0,0,0.8430514250376463,0.0,1.0,1.0,26,26,24,0.9230769230769231,2.1948717948717946,2.283333333333333,B012@0.317;B014@0.317;B015@0.567;B016@0.567;B029@0.583;B022@0.617;B017@0.817;B021@0.817;B030@0.833;B049@0.917;B000@1.117;B045@1.183;B028@1.283;B020@1.317;B039@1.700;B027@1.783;B023@1.933;B002@2.250;B024@2.900;B040@3.217;B011@3.500;B034@4.100;B018@4.683;B001@5.633;B013@6.750;B035@7.367,v0:B029@0.583|B030@0.833|B000@1.117|B023@1.933|B040@3.217|B001@5.633;v1:B022@0.617|B049@0.917|B045@1.183|B039@1.700|B024@2.900|B018@4.683;v2:B012@0.317|B015@0.567|B017@0.817|B028@1.283|B027@1.783|B011@3.500|B013@6.750;v3:B014@0.317|B016@0.567|B021@0.817|B020@1.317|B002@2.250|B034@4.100|B035@7.367,forecast_matched,0.2519513685617329,40.050416719168425
0,nominal,50716,robust_pc_rollout,0,0.8813455343815371,0.2644092295091314,0.778513805972404,0.016386059363011907,0.22573487788842098,0.5241902727000516,0.02710499626510095,0.04446387448002545,0.018106644547472274,39.582709742906005,0.0,15.224118709564209,0.0,0.0,4.094474537197357e-08,6.667071342468262,0.0,0.0,26.0,24.0,176.6024990081787,176.6024990081787,0.0,0,0,0.9885450608684905,0.0,0,0.0,0,0.8430514250376463,0.0,1.0,1.0,26,26,24,0.9230769230769231,2.1948717948717946,2.283333333333333,B012@0.317;B014@0.317;B015@0.567;B016@0.567;B029@0.583;B022@0.617;B017@0.817;B021@0.817;B030@0.833;B049@0.917;B000@1.117;B045@1.183;B028@1.283;B020@1.317;B039@1.700;B027@1.783;B023@1.933;B002@2.250;B024@2.900;B040@3.217;B011@3.500;B034@4.100;B018@4.683;B001@5.633;B013@6.750;B035@7.367,v0:B029@0.583|B030@0.833|B000@1.117|B023@1.933|B040@3.217|B001@5.633;v1:B022@0.617|B049@0.917|B045@1.183|B039@1.700|B024@2.900|B018@4.683;v2:B012@0.317|B015@0.567|B017@0.817|B028@1.283|B027@1.783|B011@3.500|B013@6.750;v3:B014@0.317|B016@0.567|B021@0.817|B020@1.317|B002@2.250|B034@4.100|B035@7.367,forecast_matched,0.3810062714030376,142.5022998979936
0,nominal,50716,oracle,0,0.8813455343815371,0.2644092295091314,0.778513805972404,0.016386059363011907,0.22573487788842098,0.5241902727000516,0.02710499626510095,0.04446387448002545,0.018106644547472274,1.4019802563325356e-07,0.0,0.0,0.0,0.0,4.3232799118442244e-08,4.478182091816052e-08,0.0,0.0,26.0,24.0,176.60250282287598,176.60250282287598,0.0,0,0,0.98822395006391,0.0,0,0.0,0,0.8436769199132579,0.0,1.0,1.0,26,26,24,0.9230769230769231,2.4108974358974358,2.65,B029@0.583;B022@0.617;B030@0.833;B023@0.850;B049@0.917;B012@1.100;B024@1.100;B014@1.133;B045@1.183;B015@1.350;B016@1.383;B017@1.383;B021@1.600;B000@1.617;B028@1.850;B020@1.883;B039@2.267;B027@2.300;B002@2.817;B040@3.317;B034@3.783;B011@4.017;B018@4.750;B001@5.733;B035@7.050;B013@7.267,v0:B029@0.583|B030@0.833|B012@1.100|B015@1.350|B021@1.600|B039@2.267|B034@3.783|B035@7.050;v1:B022@0.617|B049@0.917|B045@1.183|B000@1.617|B027@2.300|B011@4.017|B013@7.267;v2:B023@0.850|B014@1.133|B016@1.383|B028@1.850|B040@3.317|B001@5.733;v3:B024@1.100|B017@1.383|B020@1.883|B002@2.817|B018@4.750,oracle,nan,5.515249911695719
1,single_domain,48103,static,1,0.6042455462545762,0.15224171627043032,0.7675379716624792,0.025525313648783472,0.2257990423889295,0.5686307552462946,0.0381065720424286,0.024698662313610703,0.04101569416077092,15.314832689706236,8.260046868713289e-09,4.612803936004639,0.6651799082756042,0.0,0.018214795777176107,11.993289947509766,2.0,2.0,32.0,26.0,176.60250282287598,176.57160758972168,0.0,0,0,0.9892896399656603,0.0,0,0.0,0,0.839820166473868,1.0,0.9998815457026163,1.0,32,32,26,0.8125,3.7640624999999996,2.5833333333333335,B007@0.317;B031@0.633;B008@0.817;B004@0.917;B040@0.950;B010@1.150;B032@1.250;B009@1.350;B037@1.417;B042@1.500;B046@1.667;B026@1.717;B043@1.750;B022@1.867;B035@2.183;B039@2.267;B045@2.433;B019@2.450;B044@2.950;B048@3.033;B025@3.417;B041@3.717;B034@4.200;B006@4.300;B003@5.133;B001@5.583;B049@6.467;B038@7.067;B005@8.883;B036@9.367;B033@14.483;B020@15.217,v0:B007@0.317|B031@0.633|B040@0.950|B009@1.350|B026@1.717|B019@2.450|B041@3.717|B001@5.583|B036@9.367;v1:B008@0.817|B010@1.150|B037@1.417|B046@1.667|B035@2.183|B044@2.950|B034@4.200|B049@6.467|B033@14.483;v2:B004@0.917|B032@1.250|B042@1.500|B043@1.750|B039@2.267|B048@3.033|B006@4.300|B038@7.067|B020@15.217;v3:B022@1.867|B045@2.433|B025@3.417|B003@5.133|B005@8.883,static,nan,0.5994500437130531
1,single_domain,48103,greedy,1,0.6042455462545762,0.15224171627043032,0.7675379716624792,0.025525313648783472,0.2257990423889295,0.5686307552462946,0.0381065720424286,0.024698662313610703,0.04101569416077092,12.781386773334816,8.260046868713289e-09,4.617588520050049,0.0,0.0,0.018227701941953,12.005729675292969,2.0,2.0,32.0,26.0,176.6024990081787,176.6024990081787,0.0,0,0,0.9892896347624385,0.0,0,0.0,0,0.8398194576004983,1.0,1.0,1.0,32,32,26,0.8125,3.6296875,2.816666666666667,B010@0.350;B026@0.483;B037@0.617;B008@0.817;B009@0.850;B046@0.867;B004@0.917;B007@1.067;B032@1.133;B040@1.250;B042@1.250;B031@1.383;B043@1.383;B035@1.767;B019@1.817;B039@1.900;B045@2.000;B044@2.533;B048@2.650;B025@2.883;B006@3.267;B034@3.783;B041@4.000;B003@4.600;B001@5.067;B022@5.600;B049@6.367;B038@7.367;B036@8.850;B005@9.433;B033@14.383;B020@15.517,v0:B010@0.350|B037@0.617|B046@0.867|B032@1.133|B043@1.383|B039@1.900|B025@2.883|B003@4.600|B038@7.367|B020@15.517;v1:B026@0.483|B009@0.850|B040@1.250|B019@1.817|B048@2.650|B041@4.000|B049@6.367|B033@14.383;v2:B008@0.817|B007@1.067|B031@1.383|B045@2.000|B006@3.267|B001@5.067|B036@8.850;v3:B004@0.917|B042@1.250|B035@1.767|B044@2.533|B034@3.783|B022@5.600|B005@9.433,greedy,nan,0.612650066614151
1,single_domain,48103,forecast_matched,1,0.6042455462545762,0.15224171627043032,0.7675379716624792,0.025525313648783472,0.2257990423889295,0.5686307552462946,0.0381065720424286,0.024698662313610703,0.04101569416077092,12.781386773334816,8.260046868713289e-09,4.617588520050049,0.0,0.0,0.018227701941953,12.005729675292969,2.0,2.0,32.0,26.0,176.6024990081787,176.6024990081787,0.0,0,0,0.9892896347624385,0.0,0,0.0,0,0.839819457600494,1.0,1.0,1.0,32,32,26,0.8125,3.6296875,2.816666666666667,B010@0.350;B026@0.483;B037@0.617;B008@0.817;B009@0.850;B046@0.867;B004@0.917;B007@1.067;B032@1.133;B040@1.250;B042@1.250;B031@1.383;B043@1.383;B035@1.767;B019@1.817;B039@1.900;B045@2.000;B044@2.533;B048@2.650;B025@2.883;B006@3.267;B034@3.783;B041@4.000;B003@4.600;B001@5.067;B022@5.600;B049@6.367;B038@7.367;B036@8.850;B005@9.433;B033@14.383;B020@15.517,v0:B010@0.350|B037@0.617|B046@0.867|B032@1.133|B043@1.383|B039@1.900|B025@2.883|B003@4.600|B038@7.367|B020@15.517;v1:B026@0.483|B009@0.850|B040@1.250|B019@1.817|B048@2.650|B041@4.000|B049@6.367|B033@14.383;v2:B008@0.817|B007@1.067|B031@1.383|B045@2.000|B006@3.267|B001@5.067|B036@8.850;v3:B004@0.917|B042@1.250|B035@1.767|B044@2.533|B034@3.783|B022@5.600|B005@9.433,forecast_matched,6.416666666666666,35.18229994612435
1,single_domain,48103,pc_rollout,1,0.6042455462545762,0.15224171627043032,0.7675379716624792,0.025525313648783472,0.2257990423889295,0.5686307552462946,0.0381065720424286,0.024698662313610703,0.04101569416077092,12.781386773334816,8.260046868713289e-09,4.617588520050049,0.0,0.0,0.018227701941953,12.005729675292969,2.0,2.0,32.0,26.0,176.6024990081787,176.6024990081787,0.0,0,0,0.9892896347624385,0.0,0,0.0,0,0.839819457600494,1.0,1.0,1.0,32,32,26,0.8125,3.6296875,2.816666666666667,B010@0.350;B026@0.483;B037@0.617;B008@0.817;B009@0.850;B046@0.867;B004@0.917;B007@1.067;B032@1.133;B040@1.250;B042@1.250;B031@1.383;B043@1.383;B035@1.767;B019@1.817;B039@1.900;B045@2.000;B044@2.533;B048@2.650;B025@2.883;B006@3.267;B034@3.783;B041@4.000;B003@4.600;B001@5.067;B022@5.600;B049@6.367;B038@7.367;B036@8.850;B005@9.433;B033@14.383;B020@15.517,v0:B010@0.350|B037@0.617|B046@0.867|B032@1.133|B043@1.383|B039@1.900|B025@2.883|B003@4.600|B038@7.367|B020@15.517;v1:B026@0.483|B009@0.850|B040@1.250|B019@1.817|B048@2.650|B041@4.000|B049@6.367|B033@14.383;v2:B008@0.817|B007@1.067|B031@1.383|B045@2.000|B006@3.267|B001@5.067|B036@8.850;v3:B004@0.917|B042@1.250|B035@1.767|B044@2.533|B034@3.783|B022@5.600|B005@9.433,forecast_matched,6.54329374604261,40.51706660538912
1,single_domain,48103,robust_pc_rollout,1,0.6042455462545762,0.15224171627043032,0.7675379716624792,0.025525313648783472,0.2257990423889295,0.5686307552462946,0.0381065720424286,0.024698662313610703,0.04101569416077092,12.781386773334816,8.260046868713289e-09,4.617588520050049,0.0,0.0,0.018227701941953,12.005729675292969,2.0,2.0,32.0,26.0,176.6024990081787,176.6024990081787,0.0,0,0,0.9892896347624385,0.0,0,0.0,0,0.839819457600494,1.0,1.0,1.0,32,32,26,0.8125,3.6296875,2.816666666666667,B010@0.350;B026@0.483;B037@0.617;B008@0.817;B009@0.850;B046@0.867;B004@0.917;B007@1.067;B032@1.133;B040@1.250;B042@1.250;B031@1.383;B043@1.383;B035@1.767;B019@1.817;B039@1.900;B045@2.000;B044@2.533;B048@2.650;B025@2.883;B006@3.267;B034@3.783;B041@4.000;B003@4.600;B001@5.067;B022@5.600;B049@6.367;B038@7.367;B036@8.850;B005@9.433;B033@14.383;B020@15.517,v0:B010@0.350|B037@0.617|B046@0.867|B032@1.133|B043@1.383|B039@1.900|B025@2.883|B003@4.600|B038@7.367|B020@15.517;v1:B026@0.483|B009@0.850|B040@1.250|B019@1.817|B048@2.650|B041@4.000|B049@6.367|B033@14.383;v2:B008@0.817|B007@1.067|B031@1.383|B045@2.000|B006@3.267|B001@5.067|B036@8.850;v3:B004@0.917|B042@1.250|B035@1.767|B044@2.533|B034@3.783|B022@5.600|B005@9.433,forecast_matched,8.558468647412436,143.40374999058744
1,single_domain,48103,oracle,1,0.6042455462545762,0.15224171627043032,0.7675379716624792,0.025525313648783472,0.2257990423889295,0.5686307552462946,0.0381065720424286,0.024698662313610703,0.04101569416077092,1.3667809064500034,8.260046868713289e-09,0.0,0.0,0.0,0.005773844598309097,0.486114501953125,2.0,2.0,32.0,26.0,176.60249710083008,176.10801696777344,0.0,0,0,0.989267250962978,0.0,0,0.0,0,0.8400198644484766,1.0,0.999716321627299,1.0,32,32,26,0.8125,3.5786458333333333,2.75,B010@0.350;B026@0.483;B035@0.617;B037@0.617;B008@0.817;B009@0.850;B046@0.867;B032@0.883;B007@1.067;B042@1.133;B043@1.133;B040@1.250;B031@1.383;B039@1.650;B045@1.650;B019@1.817;B048@2.217;B044@2.417;B004@2.483;B025@2.800;B006@3.483;B034@3.667;B041@3.917;B003@4.517;B001@5.283;B022@5.483;B049@6.283;B038@7.283;B036@9.067;B005@9.317;B033@14.300;B020@15.433,v0:B010@0.350|B037@0.617|B046@0.867|B043@1.133|B039@1.650|B044@2.417|B034@3.667|B022@5.483|B005@9.317;v1:B026@0.483|B009@0.850|B040@1.250|B019@1.817|B025@2.800|B003@4.517|B038@7.283|B020@15.433;v2:B035@0.617|B032@0.883|B042@1.133|B045@1.650|B004@2.483|B041@3.917|B049@6.283|B033@14.300;v3:B008@0.817|B007@1.067|B031@1.383|B048@2.217|B006@3.483|B001@5.283|B036@9.067,oracle,nan,5.530016729608178
2,cascade,46804,static,2,0.6291404630261243,0.1747367773210393,0.769709689534936,0.023432115881408217,0.23599417663596503,0.3135978832632685,0.06280059892554384,0.07938704720303683,0.0657386169067384,667.8709816932678,0.0,164.3017749786377,66.45283991098404,0.0,31.72593082487583,54.72438430786133,0.0,0.0,36.0,29.0,176.6024990081787,173.13832092285156,0.0,0,0,0.9890970359038338,0.0,0,0.0,0,0.8413772731275984,0.0,0.9898947278658549,1.0,36,36,29,0.8055555555555556,3.685648148148149,4.766666666666667,B008@0.567;B022@0.617;B019@0.883;B039@0.917;B003@1.183;B012@1.200;B005@1.433;B029@1.467;B004@1.667;B033@1.700;B000@1.750;B044@1.967;B045@2.000;B007@2.067;B028@2.183;B010@2.483;B049@2.517;B013@2.667;B027@2.683;B024@3.167;B030@3.183;B025@3.250;B023@3.667;B001@4.117;B042@4.133;B043@4.233;B041@4.767;B009@5.350;B031@5.467;B026@6.217;B002@6.767;B006@7.550;B035@7.583;B046@9.183;B032@10.133;B011@11.967,v0:B008@0.567|B019@0.883|B012@1.200|B029@1.467|B000@1.750|B028@2.183|B027@2.683|B023@3.667|B041@4.767|B002@6.767|B032@10.133;v1:B022@0.617|B039@0.917|B003@1.183|B005@1.433|B033@1.700|B044@1.967|B010@2.483|B024@3.167|B042@4.133|B009@5.350|B006@7.550|B011@11.967;v2:B004@1.667|B045@2.000|B049@2.517|B025@3.250|B043@4.233|B026@6.217|B046@9.183;v3:B007@2.067|B013@2.667|B030@3.183|B001@4.117|B031@5.467|B035@7.583,static,nan,0.6321332572648922
2,cascade,46804,greedy,2,0.6291404630261243,0.1747367773210393,0.769709689534936,0.023432115881408217,0.23599417663596503,0.3135978832632685,0.06280059892554384,0.07938704720303683,0.0657386169067384,527.098006606102,0.0,135.59358024597168,38.604604721069336,0.0,31.793581828475,46.33855056762695,0.0,0.0,36.0,29.0,176.6024990081787,170.10057830810547,0.0,0,0,0.9890879582935889,0.0,0,0.0,0,0.8424889205165261,0.0,0.9904658297697703,1.0,36,36,29,0.8055555555555556,3.6773148148148156,4.783333333333333,B030@0.583;B022@0.617;B029@0.833;B039@0.917;B012@1.100;B003@1.183;B000@1.400;B005@1.433;B004@1.667;B033@1.700;B019@1.733;B044@1.967;B045@2.000;B007@2.067;B028@2.217;B010@2.483;B049@2.517;B008@2.567;B027@2.717;B013@3.133;B024@3.183;B025@3.250;B023@3.700;B001@4.050;B042@4.150;B043@4.233;B041@4.800;B009@5.283;B031@5.517;B026@6.217;B002@6.800;B006@7.483;B035@7.633;B046@9.183;B032@10.167;B011@11.900,v0:B030@0.583|B029@0.833|B012@1.100|B000@1.400|B019@1.733|B028@2.217|B027@2.717|B023@3.700|B041@4.800|B002@6.800|B032@10.167;v1:B022@0.617|B039@0.917|B003@1.183|B005@1.433|B033@1.700|B044@1.967|B010@2.483|B013@3.133|B001@4.050|B009@5.283|B006@7.483|B011@11.900;v2:B004@1.667|B045@2.000|B049@2.517|B025@3.250|B043@4.233|B026@6.217|B046@9.183;v3:B007@2.067|B008@2.567|B024@3.183|B042@4.150|B031@5.517|B035@7.633,greedy,nan,0.6276166532188654
2,cascade,46804,forecast_matched,2,0.6291404630261243,0.1747367773210393,0.769709689534936,0.023432115881408217,0.23599417663596503,0.3135978832632685,0.06280059892554384,0.07938704720303683,0.0657386169067384,516.5910397768021,0.0,133.84293842315674,38.84544396400452,0.0,28.002302143722773,46.33855056762695,0.0,0.0,36.0,29.0,176.60250282287598,170.54758071899414,0.0,0,0,0.9890874591137414,0.0,0,0.0,0,0.8425558791030712,0.0,0.9906968673070272,1.0,36,36,29,0.8055555555555556,3.7254629629629625,4.666666666666667,B030@0.583;B025@0.733;B029@0.833;B012@1.100;B003@1.200;B000@1.400;B005@1.450;B004@1.667;B033@1.717;B019@1.733;B039@1.983;B044@2.000;B007@2.067;B045@2.100;B049@2.483;B010@2.517;B008@2.567;B028@2.650;B022@3.033;B027@3.150;B013@3.167;B024@3.200;B001@3.817;B023@3.950;B042@4.100;B043@4.217;B041@4.933;B009@5.100;B031@5.467;B026@6.200;B002@6.933;B006@7.300;B035@7.583;B046@9.167;B032@10.300;B011@11.717,v0:B030@0.583|B029@0.833|B012@1.100|B000@1.400|B019@1.733|B045@2.100|B028@2.650|B027@3.150|B043@4.217|B026@6.200|B046@9.167;v1:B025@0.733|B003@1.200|B005@1.450|B033@1.717|B039@1.983|B049@2.483|B022@3.033|B001@3.817|B041@4.933|B002@6.933|B032@10.300;v2:B004@1.667|B044@2.000|B010@2.517|B024@3.200|B023@3.950|B009@5.100|B006@7.300|B011@11.717;v3:B007@2.067|B008@2.567|B013@3.167|B042@4.100|B031@5.467|B035@7.583,forecast_matched,12.625000000000002,35.833616741001606
2,cascade,46804,pc_rollout,2,0.6291404630261243,0.1747367773210393,0.769709689534936,0.023432115881408217,0.23599417663596503,0.3135978832632685,0.06280059892554384,0.07938704720303683,0.0657386169067384,504.89787167310715,0.0,132.70145225524902,36.67630410194397,0.0,25.845374297350645,46.33855056762695,0.0,0.0,36.0,30.0,176.60249710083008,170.49254035949707,0.0,0,0,0.9890862416127415,0.0,0,0.0,0,0.8425994178463768,0.0,0.9902946949005127,1.0,36,36,30,0.8333333333333334,3.458333333333334,3.933333333333333,B008@0.567;B030@0.583;B022@0.617;B029@0.833;B019@0.883;B039@0.917;B012@1.100;B003@1.183;B000@1.217;B005@1.433;B044@1.517;B028@1.650;B033@1.700;B045@1.783;B007@2.067;B027@2.150;B049@2.217;B010@2.317;B013@2.667;B024@2.883;B025@2.950;B042@3.100;B023@3.450;B001@3.833;B043@3.850;B009@4.067;B041@4.550;B031@5.183;B004@5.433;B026@5.933;B002@6.550;B006@7.283;B035@7.517;B046@8.900;B032@9.917;B011@11.700,v0:B008@0.567|B019@0.883|B000@1.217|B028@1.650|B027@2.150|B024@2.883|B001@3.833|B031@5.183|B006@7.283|B011@11.700;v1:B030@0.583|B029@0.833|B012@1.100|B044@1.517|B045@1.783|B010@2.317|B042@3.100|B043@3.850|B004@5.433|B035@7.517;v2:B022@0.617|B039@0.917|B003@1.183|B005@1.433|B033@1.700|B049@2.217|B025@2.950|B009@4.067|B026@5.933|B046@8.900;v3:B007@2.067|B013@2.667|B023@3.450|B041@4.550|B002@6.550|B032@9.917,pc_rollout,43.74097111713888,40.692799957469106
2,cascade,46804,robust_pc_rollout,2,0.6291404630261243,0.1747367773210393,0.769709689534936,0.023432115881408217,0.23599417663596503,0.3135978832632685,0.06280059892554384,0.07938704720303683,0.0657386169067384,504.89787167310715,0.0,132.70145225524902,36.67630410194397,0.0,25.845374297350645,46.33855056762695,0.0,0.0,36.0,30.0,176.60249710083008,170.49254035949707,0.0,0,0,0.9890862416085304,0.0,0,0.0,0,0.8425994169234523,0.0,0.9902946949005127,1.0,36,36,30,0.8333333333333334,3.458333333333334,3.933333333333333,B008@0.567;B030@0.583;B022@0.617;B029@0.833;B019@0.883;B039@0.917;B012@1.100;B003@1.183;B000@1.217;B005@1.433;B044@1.517;B028@1.650;B033@1.700;B045@1.783;B007@2.067;B027@2.150;B049@2.217;B010@2.317;B013@2.667;B024@2.883;B025@2.950;B042@3.100;B023@3.450;B001@3.833;B043@3.850;B009@4.067;B041@4.550;B031@5.183;B004@5.433;B026@5.933;B002@6.550;B006@7.283;B035@7.517;B046@8.900;B032@9.917;B011@11.700,v0:B008@0.567|B019@0.883|B000@1.217|B028@1.650|B027@2.150|B024@2.883|B001@3.833|B031@5.183|B006@7.283|B011@11.700;v1:B030@0.583|B029@0.833|B012@1.100|B044@1.517|B045@1.783|B010@2.317|B042@3.100|B043@3.850|B004@5.433|B035@7.517;v2:B022@0.617|B039@0.917|B003@1.183|B005@1.433|B033@1.700|B049@2.217|B025@2.950|B009@4.067|B026@5.933|B046@8.900;v3:B007@2.067|B013@2.667|B023@3.450|B041@4.550|B002@6.550|B032@9.917,pc_rollout,78.83032813970539,143.2290665494899
2,cascade,46804,oracle,2,0.6291404630261243,0.1747367773210393,0.769709689534936,0.023432115881408217,0.23599417663596503,0.3135978832632685,0.06280059892554384,0.07938704720303683,0.0657386169067384,413.11783438920975,0.0,97.16751480102539,42.089030027389526,0.0,10.628352701663971,33.81393814086914,0.0,0.0,36.0,30.0,176.6024990081787,170.89796257019043,0.0,0,0,0.9890083400880094,0.0,0,0.0,0,0.8439765626457735,0.0,0.9903676013151804,1.0,36,36,30,0.8333333333333334,3.808333333333333,4.633333333333334,B022@0.617;B025@0.733;B039@0.917;B003@1.183;B005@1.200;B033@1.450;B044@1.467;B045@1.717;B019@1.833;B026@1.983;B007@2.067;B012@2.133;B000@2.167;B029@2.400;B008@2.567;B028@2.600;B010@2.700;B030@2.900;B027@3.100;B013@3.167;B049@3.233;B024@3.433;B023@3.950;B001@4.000;B042@4.167;B043@4.400;B041@5.050;B009@5.233;B031@5.533;B004@5.983;B002@7.050;B006@7.433;B035@7.650;B046@8.817;B032@10.417;B011@11.850,v0:B022@0.617|B039@0.917|B003@1.183|B033@1.450|B045@1.717|B012@2.133|B029@2.400|B030@2.900|B024@3.433|B043@4.400|B004@5.983|B046@8.817;v1:B025@0.733|B005@1.200|B044@1.467|B019@1.833|B000@2.167|B028@2.600|B027@3.100|B042@4.167|B031@5.533|B035@7.650;v2:B026@1.983|B010@2.700|B049@3.233|B001@4.000|B009@5.233|B006@7.433|B011@11.850;v3:B007@2.067|B008@2.567|B013@3.167|B023@3.950|B041@5.050|B002@7.050|B032@10.417,oracle,nan,5.527716673289736
3,ood,47283,static,3,0.5637235019948051,0.15004754230550327,0.7575646819598203,0.021852726385785233,0.23516792275075699,0.5697151747233834,0.006929687815927155,0.026506481490923956,0.05404667548071975,888.3112907409668,0.0,135.98984241485596,146.78709173202515,0.0,15.056818977929652,47.661643981933594,6.0,6.0,36.0,26.0,176.6024990081787,162.26659774780273,0.0,0,0,0.989258658960135,0.0,0,0.0,0,0.8410033126485856,1.0,0.9610352714856466,1.0,36,33,26,0.7222222222222222,3.7363636363636368,3.0833333333333335,B007@0.317;B011@0.317;B004@0.417;B033@0.667;B009@0.717;B034@0.750;B049@0.933;B001@1.033;B026@1.083;B037@1.450;B025@1.583;B042@1.583;B000@2.117;B046@2.350;B048@2.550;B008@2.567;B030@2.900;B041@3.200;B023@3.433;B036@3.550;B040@3.933;B043@4.333;B019@4.783;B035@4.817;B020@5.433;B044@5.850;B038@6.333;B031@6.533;B029@7.217;B039@7.617;B002@9.917;B024@10.133;B047@12.883,v0:B007@0.317|B033@0.667|B049@0.933|B037@1.450|B000@2.117|B030@2.900|B040@3.933|B020@5.433|B029@7.217|B047@12.883;v1:B004@0.417|B034@0.750|B001@1.033|B042@1.583|B046@2.350|B041@3.200|B043@4.333|B044@5.850|B039@7.617;v2:B008@2.567|B023@3.433|B019@4.783|B031@6.533|B024@10.133;v3:B011@0.317|B009@0.717|B026@1.083|B025@1.583|B048@2.550|B036@3.550|B035@4.817|B038@6.333|B002@9.917,static,nan,0.5854666233062744
3,ood,47283,greedy,3,0.5637235019948051,0.15004754230550327,0.7575646819598203,0.021852726385785233,0.23516792275075699,0.5697151747233834,0.006929687815927155,0.026506481490923956,0.05404667548071975,821.0475807189941,1.1815924942493439,128.94906044006348,127.39139473438263,0.0,15.038059368729591,47.19035339355469,4.818407654762268,6.0,36.0,26.0,176.60250282287598,158.8362579345703,0.0,0,0,0.9892560151772483,0.0,0,0.0,0,0.8412917044264971,0.803067942460378,0.9627284904321035,1.0,36,33,26,0.7222222222222222,3.7954545454545454,3.2666666666666666,B007@0.317;B004@0.417;B026@0.483;B011@0.667;B033@0.750;B009@0.850;B034@1.017;B001@1.083;B049@1.283;B025@1.467;B037@1.617;B042@1.800;B000@2.250;B046@2.367;B008@2.567;B048@2.583;B030@3.033;B041@3.217;B023@3.433;B036@3.583;B040@4.067;B043@4.350;B019@4.783;B035@4.850;B020@5.567;B044@5.867;B038@6.367;B031@6.533;B029@7.350;B039@7.633;B002@9.950;B024@10.133;B047@13.017,v0:B004@0.417|B033@0.750|B034@1.017|B049@1.283|B042@1.800|B048@2.583|B036@3.583|B035@4.850|B038@6.367|B002@9.950;v1:B026@0.483|B009@0.850|B025@1.467|B000@2.250|B030@3.033|B040@4.067|B020@5.567|B029@7.350|B047@13.017;v2:B008@2.567|B023@3.433|B019@4.783|B031@6.533|B024@10.133;v3:B007@0.317|B011@0.667|B001@1.083|B037@1.617|B046@2.367|B041@3.217|B043@4.350|B044@5.867|B039@7.633,greedy,nan,0.5888499629994234
3,ood,47283,forecast_matched,3,0.5637235019948051,0.15004754230550327,0.7575646819598203,0.021852726385785233,0.23516792275075699,0.5697151747233834,0.006929687815927155,0.026506481490923956,0.05404667548071975,821.0475807189941,1.1815924942493439,128.94906044006348,127.39139473438263,0.0,15.038059368729591,47.19035339355469,4.818407654762268,6.0,36.0,26.0,176.60250282287598,158.8362579345703,0.0,0,0,0.9892560151772463,0.0,0,0.0,0,0.8412920772212801,0.803067942460378,0.9627284904321035,1.0,36,33,26,0.7222222222222222,3.7954545454545454,3.2666666666666666,B007@0.317;B004@0.417;B026@0.483;B011@0.667;B033@0.750;B009@0.850;B034@1.017;B001@1.083;B049@1.283;B025@1.467;B037@1.617;B042@1.800;B000@2.250;B046@2.367;B008@2.567;B048@2.583;B030@3.033;B041@3.217;B023@3.433;B036@3.583;B040@4.067;B043@4.350;B019@4.783;B035@4.850;B020@5.567;B044@5.867;B038@6.367;B031@6.533;B029@7.350;B039@7.633;B002@9.950;B024@10.133;B047@13.017,v0:B004@0.417|B033@0.750|B034@1.017|B049@1.283|B042@1.800|B048@2.583|B036@3.583|B035@4.850|B038@6.367|B002@9.950;v1:B026@0.483|B009@0.850|B025@1.467|B000@2.250|B030@3.033|B040@4.067|B020@5.567|B029@7.350|B047@13.017;v2:B008@2.567|B023@3.433|B019@4.783|B031@6.533|B024@10.133;v3:B007@0.317|B011@0.667|B001@1.083|B037@1.617|B046@2.367|B041@3.217|B043@4.350|B044@5.867|B039@7.633,forecast_matched,23.666666666666668,35.32486649540564
3,ood,47283,pc_rollout,3,0.5637235019948051,0.15004754230550327,0.7575646819598203,0.021852726385785233,0.23516792275075699,0.5697151747233834,0.006929687815927155,0.026506481490923956,0.05404667548071975,802.0810432434082,1.150308758020401,125.50607872009277,123.93450713157654,0.0,14.394026100635529,47.19035339355469,4.849691271781921,6.0,36.0,26.0,176.60249710083008,160.3539810180664,0.0,0,0,0.9892534680997574,0.0,0,0.0,0,0.841433501527831,0.8082818786303202,0.9646781186262766,1.0,36,33,26,0.7222222222222222,3.932323232323233,3.6333333333333333,B026@0.483;B041@0.767;B030@0.833;B009@0.850;B011@1.083;B007@1.200;B004@1.300;B001@1.500;B033@1.550;B034@1.633;B049@1.767;B042@2.050;B037@2.150;B000@2.450;B008@2.567;B025@2.783;B046@2.900;B023@3.267;B048@3.400;B036@3.900;B040@4.017;B043@4.433;B019@4.617;B035@5.167;B020@5.517;B044@5.950;B038@6.200;B039@6.933;B029@7.300;B031@7.817;B002@9.783;B024@10.633;B047@12.967,v0:B026@0.483|B009@0.850|B004@1.300|B034@1.633|B037@2.150|B046@2.900|B036@3.900|B035@5.167|B039@6.933|B024@10.633;v1:B041@0.767|B011@1.083|B001@1.500|B049@1.767|B000@2.450|B023@3.267|B019@4.617|B038@6.200|B002@9.783;v2:B030@0.833|B007@1.200|B033@1.550|B042@2.050|B025@2.783|B040@4.017|B020@5.517|B029@7.300|B047@12.967;v3:B008@2.567|B048@3.400|B043@4.433|B044@5.950|B031@7.817,pc_rollout,106.68122497691454,40.50551673086981
3,ood,47283,robust_pc_rollout,3,0.5637235019948051,0.15004754230550327,0.7575646819598203,0.021852726385785233,0.23516792275075699,0.5697151747233834,0.006929687815927155,0.026506481490923956,0.05404667548071975,802.0810432434082,1.150308758020401,125.50607872009277,123.93450713157654,0.0,14.394026100635529,47.19035339355469,4.849691271781921,6.0,36.0,26.0,176.60249710083008,160.3539810180664,0.0,0,0,0.9892534680997574,0.0,0,0.0,0,0.8414334771057934,0.8082818786303202,0.9646781186262766,1.0,36,33,26,0.7222222222222222,3.932323232323233,3.6333333333333333,B026@0.483;B041@0.767;B030@0.833;B009@0.850;B011@1.083;B007@1.200;B004@1.300;B001@1.500;B033@1.550;B034@1.633;B049@1.767;B042@2.050;B037@2.150;B000@2.450;B008@2.567;B025@2.783;B046@2.900;B023@3.267;B048@3.400;B036@3.900;B040@4.017;B043@4.433;B019@4.617;B035@5.167;B020@5.517;B044@5.950;B038@6.200;B039@6.933;B029@7.300;B031@7.817;B002@9.783;B024@10.633;B047@12.967,v0:B026@0.483|B009@0.850|B004@1.300|B034@1.633|B037@2.150|B046@2.900|B036@3.900|B035@5.167|B039@6.933|B024@10.633;v1:B041@0.767|B011@1.083|B001@1.500|B049@1.767|B000@2.450|B023@3.267|B019@4.617|B038@6.200|B002@9.783;v2:B030@0.833|B007@1.200|B033@1.550|B042@2.050|B025@2.783|B040@4.017|B020@5.517|B029@7.300|B047@12.967;v3:B008@2.567|B048@3.400|B043@4.433|B044@5.950|B031@7.817,pc_rollout,191.75697545403574,144.44831657844284
3,ood,47283,oracle,3,0.5637235019948051,0.15004754230550327,0.7575646819598203,0.021852726385785233,0.23516792275075699,0.5697151747233834,0.006929687815927155,0.026506481490923956,0.05404667548071975,740.4525260925293,0.0,99.22762966156006,124.93735027313232,0.0,13.99016085267067,46.65163803100586,6.0,6.0,36.0,26.0,176.60249519348145,159.43916130065918,0.0,0,0,0.9892326736126552,0.0,0,0.0,0,0.8424005885862689,1.0,0.9619518021742502,1.0,36,33,26,0.7222222222222222,3.6707070707070706,3.816666666666667,B007@0.317;B004@0.417;B009@0.417;B011@0.667;B025@0.733;B033@0.750;B026@0.783;B034@1.017;B001@1.083;B049@1.217;B037@1.500;B042@1.533;B000@1.767;B046@1.983;B048@2.250;B041@2.417;B030@2.550;B023@2.917;B036@3.250;B040@3.467;B043@3.750;B019@4.267;B035@4.517;B020@4.967;B044@5.267;B038@5.850;B039@6.283;B029@6.750;B031@7.133;B008@8.433;B002@9.883;B024@10.283;B047@12.717,v0:B004@0.417|B033@0.750|B034@1.017|B042@1.533|B041@2.417|B040@3.467|B020@4.967|B029@6.750|B024@10.283;v1:B009@0.417|B026@0.783|B037@1.500|B048@2.250|B036@3.250|B035@4.517|B039@6.283|B002@9.883;v2:B025@0.733|B049@1.217|B046@1.983|B023@2.917|B019@4.267|B038@5.850|B008@8.433;v3:B007@0.317|B011@0.667|B001@1.083|B000@1.767|B030@2.550|B043@3.750|B044@5.267|B031@7.133|B047@12.717,oracle,nan,5.596649910633762
8,nominal,47933,static,8,0.6703621627606781,0.273927818770635,0.7619812132080703,0.0022503187438345277,0.2540922079445462,0.31920158142955923,0.05669093238054103,0.09849456025326149,0.04561302520920772,774.5924682617188,0.0,291.4940719604492,9.827828407287598,0.0,0.0004916466423310339,37.5163688659668,2.0,2.0,17.0,16.0,176.60250091552734,176.60250091552734,0.0,0,0,0.9890039208099352,0.0,0,0.0,0,0.84254418603847,1.0,1.0,1.0,17,17,16,0.9411764705882353,1.9323529411764702,1.8333333333333333,B019@0.250;B031@0.500;B008@0.567;B041@0.767;B007@0.817;B005@0.917;B034@1.133;B042@1.167;B043@1.183;B006@1.650;B025@1.900;B032@2.183;B004@2.667;B044@2.667;B026@2.900;B009@4.150;B033@7.433,v0:B008@0.567|B005@0.917|B043@1.183|B032@2.183|B009@4.150;v1:B007@0.817|B042@1.167|B025@1.900|B026@2.900;v2:B004@2.667;v3:B019@0.250|B031@0.500|B041@0.767|B034@1.133|B006@1.650|B044@2.667|B033@7.433,static,nan,0.507550003627936
8,nominal,47933,greedy,8,0.6703621627606781,0.273927818770635,0.7619812132080703,0.0022503187438345277,0.2540922079445462,0.31920158142955923,0.05669093238054103,0.09849456025326149,0.04561302520920772,598.2876205444336,0.24818843603134155,229.10756301879883,1.2688420414924622,0.0,0.0035081098903901875,35.210350036621094,1.7518115043640137,2.0,17.0,17.0,176.60250091552734,176.60250091552734,0.0,0,0,0.9886161417256268,0.0,0,0.0,0,0.845158992351597,0.8759057521820068,1.0,1.0,17,17,17,1.0,2.0441176470588234,2.033333333333333,B019@0.250;B031@0.250;B041@0.517;B005@0.600;B034@0.867;B042@0.900;B043@1.133;B006@1.417;B008@1.733;B009@1.917;B025@2.133;B007@2.483;B026@3.033;B044@3.350;B032@3.583;B033@4.867;B004@5.717,v0:B009@1.917|B026@3.033|B004@5.717;v1:B033@4.867;v2:B019@0.250|B041@0.517|B042@0.900|B006@1.417|B025@2.133|B044@3.350;v3:B031@0.250|B005@0.600|B034@0.867|B043@1.133|B008@1.733|B007@2.483|B032@3.583,greedy,nan,0.5285333997259537
8,nominal,47933,forecast_matched,8,0.6703621627606781,0.273927818770635,0.7619812132080703,0.0022503187438345277,0.2540922079445462,0.31920158142955923,0.05669093238054103,0.09849456025326149,0.04561302520920772,598.2876205444336,0.24818843603134155,229.10756301879883,1.2688420414924622,0.0,0.0035081098903901875,35.210350036621094,1.7518115043640137,2.0,17.0,17.0,176.60250091552734,176.60250091552734,0.0,0,0,0.9886161417256268,0.0,0,0.0,0,0.8451611472827903,0.8759057521820068,1.0,1.0,17,17,17,1.0,2.0441176470588234,2.033333333333333,B019@0.250;B031@0.250;B041@0.517;B005@0.600;B034@0.867;B042@0.900;B043@1.133;B006@1.417;B008@1.733;B009@1.917;B025@2.133;B007@2.483;B026@3.033;B044@3.350;B032@3.583;B033@4.867;B004@5.717,v0:B009@1.917|B026@3.033|B004@5.717;v1:B033@4.867;v2:B019@0.250|B041@0.517|B042@0.900|B006@1.417|B025@2.133|B044@3.350;v3:B031@0.250|B005@0.600|B034@0.867|B043@1.133|B008@1.733|B007@2.483|B032@3.583,forecast_matched,33.916666666666664,34.95711670257151
8,nominal,47933,pc_rollout,8,0.6703621627606781,0.273927818770635,0.7619812132080703,0.0022503187438345277,0.2540922079445462,0.31920158142955923,0.05669093238054103,0.09849456025326149,0.04561302520920772,598.1779327392578,0.24816226959228516,229.0651454925537,1.268791526556015,0.0,0.0041208064067177474,35.210350036621094,1.7518377304077148,2.0,17.0,17.0,176.6025047302246,176.6025047302246,0.0,0,0,0.98861665475882,0.0,0,0.0,0,0.8451625412571508,0.8759188652038574,1.0,1.0,17,17,17,1.0,2.4705882352941173,2.2333333333333334,B025@0.733;B005@1.200;B026@1.233;B034@1.467;B019@1.717;B042@1.733;B009@1.917;B031@1.967;B043@1.983;B041@2.233;B006@2.500;B008@2.533;B007@3.067;B032@3.517;B044@3.633;B033@4.867;B004@5.700,v0:B025@0.733|B005@1.200|B034@1.467|B042@1.733|B043@1.983|B006@2.500|B032@3.517;v1:B026@1.233|B019@1.717|B031@1.967|B041@2.233|B007@3.067|B004@5.700;v2:B009@1.917|B008@2.533|B044@3.633;v3:B033@4.867,pc_rollout,0.4443085530061477,39.818183441335954
8,nominal,47933,robust_pc_rollout,8,0.6703621627606781,0.273927818770635,0.7619812132080703,0.0022503187438345277,0.2540922079445462,0.31920158142955923,0.05669093238054103,0.09849456025326149,0.04561302520920772,598.1779327392578,0.24816226959228516,229.0651454925537,1.268791526556015,0.0,0.0041208064067177474,35.210350036621094,1.7518377304077148,2.0,17.0,17.0,176.6025047302246,176.6025047302246,0.0,0,0,0.98861665475882,0.0,0,0.0,0,0.8451625556967185,0.8759188652038574,1.0,1.0,17,17,17,1.0,2.4705882352941173,2.2333333333333334,B025@0.733;B005@1.200;B026@1.233;B034@1.467;B019@1.717;B042@1.733;B009@1.917;B031@1.967;B043@1.983;B041@2.233;B006@2.500;B008@2.533;B007@3.067;B032@3.517;B044@3.633;B033@4.867;B004@5.700,v0:B025@0.733|B005@1.200|B034@1.467|B042@1.733|B043@1.983|B006@2.500|B032@3.517;v1:B026@1.233|B019@1.717|B031@1.967|B041@2.233|B007@3.067|B004@5.700;v2:B009@1.917|B008@2.533|B044@3.633;v3:B033@4.867,pc_rollout,0.7107635257219388,141.86468332385024
8,nominal,47933,oracle,8,0.6703621627606781,0.273927818770635,0.7619812132080703,0.0022503187438345277,0.2540922079445462,0.31920158142955923,0.05669093238054103,0.09849456025326149,0.04561302520920772,441.0125961303711,0.0,169.62001609802246,0.0,0.0,0.0004687879057172495,24.799745559692383,2.0,2.0,17.0,17.0,176.60249710083008,176.60249710083008,0.0,0,0,0.9884113666155289,0.0,0,0.0,0,0.8476362592634757,1.0,1.0,1.0,17,17,17,1.0,2.588235294117647,2.05,B008@0.567;B019@0.883;B031@1.133;B041@1.400;B005@1.767;B009@1.917;B034@2.033;B042@2.300;B043@2.383;B004@2.667;B006@2.817;B025@3.117;B007@3.550;B032@3.833;B026@4.117;B044@4.650;B033@4.867,v0:B008@0.567|B019@0.883|B031@1.133|B041@1.400|B005@1.767|B034@2.033|B042@2.300|B006@2.817|B032@3.833;v1:B009@1.917|B043@2.383|B025@3.117|B026@4.117;v2:B004@2.667|B007@3.550|B044@4.650;v3:B033@4.867,oracle,nan,5.316950225581725
9,single_domain,50312,static,9,0.8012452687167858,0.3334458848821342,0.776779704249072,0.015417709213240996,0.2607707168108412,0.5657771472549817,0.05965669832103483,0.06754911097945346,0.059752339463378004,171.41681003570557,0.0004988317377865314,58.5033597946167,6.389538407325745,0.0,0.007085498480591923,34.22073745727539,5.99950110912323,6.0,36.0,29.0,176.60249710083008,176.60249710083008,0.0,0,0,0.9892710948490521,0.0,0,0.0,0,0.8405837904285106,0.9999168515205383,1.0,1.0,36,36,29,0.8055555555555556,3.625,3.8833333333333333,B019@0.250;B022@0.367;B031@0.500;B035@0.683;B013@0.817;B045@0.933;B015@1.067;B003@1.200;B007@1.317;B024@1.350;B005@1.450;B010@1.650;B000@1.667;B009@1.900;B026@2.117;B011@2.217;B014@2.550;B023@2.750;B046@2.833;B008@3.067;B028@3.267;B029@3.533;B034@3.600;B049@3.917;B002@4.317;B030@4.533;B044@4.600;B025@5.150;B039@5.867;B041@6.317;B001@6.467;B012@7.383;B032@8.133;B021@9.367;B006@10.267;B027@13.100,v0:B022@0.367|B035@0.683|B045@0.933|B003@1.200|B005@1.450|B009@1.900|B014@2.550|B028@3.267|B002@4.317|B041@6.317|B021@9.367;v1:B007@1.317|B010@1.650|B026@2.117|B046@2.833|B034@3.600|B044@4.600|B039@5.867|B032@8.133;v2:B008@3.067|B049@3.917|B025@5.150|B012@7.383|B027@13.100;v3:B019@0.250|B031@0.500|B013@0.817|B015@1.067|B024@1.350|B000@1.667|B011@2.217|B023@2.750|B029@3.533|B030@4.533|B001@6.467|B006@10.267,static,nan,0.6290833310534557
9,single_domain,50312,greedy,9,0.8012452687167858,0.3334458848821342,0.776779704249072,0.015417709213240996,0.2607707168108412,0.5657771472549817,0.05965669832103483,0.06754911097945346,0.059752339463378004,101.95726823806763,0.3666479289531708,38.13598680496216,1.2570493817329407,0.0,0.004252110549714416,23.235858917236328,5.633352160453796,6.0,36.0,30.0,176.60249710083008,176.60249710083008,0.0,0,0,0.9892340141690349,0.0,0,0.0,0,0.8414926275249586,0.9388920267422994,1.0,1.0,36,36,30,0.8333333333333334,3.333796296296297,4.4,B005@0.350;B022@0.367;B009@0.417;B026@0.483;B003@0.600;B035@0.683;B013@0.817;B010@0.850;B045@0.933;B015@0.967;B024@1.100;B019@1.200;B000@1.267;B031@1.300;B023@1.600;B011@1.767;B014@1.817;B046@1.900;B028@2.333;B029@2.533;B034@2.667;B049@2.733;B002@3.383;B030@3.533;B044@3.667;B025@3.967;B007@4.883;B039@4.933;B041@5.367;B001@5.983;B012@6.983;B032@7.200;B021@8.417;B008@9.100;B006@10.900;B027@13.017,v0:B005@0.350|B003@0.600|B010@0.850|B019@1.200|B011@1.767|B029@2.533|B030@3.533|B041@5.367|B021@8.417;v1:B022@0.367|B035@0.683|B045@0.933|B031@1.300|B046@1.900|B034@2.667|B044@3.667|B039@4.933|B032@7.200|B027@13.017;v2:B009@0.417|B013@0.817|B024@1.100|B023@1.600|B028@2.333|B002@3.383|B007@4.883|B012@6.983|B006@10.900;v3:B026@0.483|B015@0.967|B000@1.267|B014@1.817|B049@2.733|B025@3.967|B001@5.983|B008@9.100,greedy,nan,0.6424500606954098
9,single_domain,50312,forecast_matched,9,0.8012452687167858,0.3334458848821342,0.776779704249072,0.015417709213240996,0.2607707168108412,0.5657771472549817,0.05965669832103483,0.06754911097945346,0.059752339463378004,101.95726823806763,0.3666479289531708,38.13598680496216,1.2570493817329407,0.0,0.004252110549714416,23.235858917236328,5.633352160453796,6.0,36.0,30.0,176.60249710083008,176.60249710083008,0.0,0,0,0.9892340141690349,0.0,0,0.0,0,0.8414941989573217,0.9388920267422994,1.0,1.0,36,36,30,0.8333333333333334,3.333796296296297,4.4,B005@0.350;B022@0.367;B009@0.417;B026@0.483;B003@0.600;B035@0.683;B013@0.817;B010@0.850;B045@0.933;B015@0.967;B024@1.100;B019@1.200;B000@1.267;B031@1.300;B023@1.600;B011@1.767;B014@1.817;B046@1.900;B028@2.333;B029@2.533;B034@2.667;B049@2.733;B002@3.383;B030@3.533;B044@3.667;B025@3.967;B007@4.883;B039@4.933;B041@5.367;B001@5.983;B012@6.983;B032@7.200;B021@8.417;B008@9.100;B006@10.900;B027@13.017,v0:B005@0.350|B003@0.600|B010@0.850|B019@1.200|B011@1.767|B029@2.533|B030@3.533|B041@5.367|B021@8.417;v1:B022@0.367|B035@0.683|B045@0.933|B031@1.300|B046@1.900|B034@2.667|B044@3.667|B039@4.933|B032@7.200|B027@13.017;v2:B009@0.417|B013@0.817|B024@1.100|B023@1.600|B028@2.333|B002@3.383|B007@4.883|B012@6.983|B006@10.900;v3:B026@0.483|B015@0.967|B000@1.267|B014@1.817|B049@2.733|B025@3.967|B001@5.983|B008@9.100,forecast_matched,4.041666666666666,35.415333307658635
9,single_domain,50312,pc_rollout,9,0.8012452687167858,0.3334458848821342,0.776779704249072,0.015417709213240996,0.2607707168108412,0.5657771472549817,0.05965669832103483,0.06754911097945346,0.059752339463378004,103.08343887329102,0.3520176336169243,38.60876417160034,1.2109950482845306,0.0,0.005575313029112294,23.068578720092773,5.647982358932495,6.0,36.0,29.0,176.60249519348145,176.60249519348145,0.0,0,0,0.9892341066705643,0.0,0,0.0,0,0.8414729548316635,0.9413303931554159,1.0,1.0,36,36,29,0.8055555555555556,3.404166666666667,4.516666666666667,B022@0.367;B009@0.417;B026@0.483;B035@0.683;B013@0.817;B045@0.933;B003@0.950;B015@1.067;B030@1.083;B005@1.200;B010@1.217;B024@1.350;B000@1.367;B019@1.550;B031@1.567;B023@1.850;B011@1.917;B014@2.117;B046@2.167;B028@2.583;B029@2.683;B034@2.933;B049@3.033;B002@3.600;B044@3.883;B025@4.150;B039@4.283;B007@5.100;B001@5.667;B041@6.150;B012@6.383;B032@7.450;B008@8.783;B021@9.200;B006@10.300;B027@13.267,v0:B022@0.367|B035@0.683|B045@0.933|B010@1.217|B031@1.567|B046@2.167|B034@2.933|B025@4.150|B012@6.383|B006@10.300;v1:B009@0.417|B013@0.817|B015@1.067|B024@1.350|B023@1.850|B028@2.583|B044@3.883|B001@5.667|B008@8.783;v2:B026@0.483|B003@0.950|B005@1.200|B019@1.550|B014@2.117|B049@3.033|B039@4.283|B041@6.150|B021@9.200;v3:B030@1.083|B000@1.367|B011@1.917|B029@2.683|B002@3.600|B007@5.100|B032@7.450|B027@13.267,robust_pc_rollout,5.031246977281657,40.70468332308034
9,single_domain,50312,robust_pc_rollout,9,0.8012452687167858,0.3334458848821342,0.776779704249072,0.015417709213240996,0.2607707168108412,0.5657771472549817,0.05965669832103483,0.06754911097945346,0.059752339463378004,103.08343887329102,0.3520176336169243,38.60876417160034,1.2109950482845306,0.0,0.005575313029112294,23.068578720092773,5.647982358932495,6.0,36.0,29.0,176.60249519348145,176.60249519348145,0.0,0,0,0.9892341066705643,0.0,0,0.0,0,0.8414729675937892,0.9413303931554159,1.0,1.0,36,36,29,0.8055555555555556,3.404166666666667,4.516666666666667,B022@0.367;B009@0.417;B026@0.483;B035@0.683;B013@0.817;B045@0.933;B003@0.950;B015@1.067;B030@1.083;B005@1.200;B010@1.217;B024@1.350;B000@1.367;B019@1.550;B031@1.567;B023@1.850;B011@1.917;B014@2.117;B046@2.167;B028@2.583;B029@2.683;B034@2.933;B049@3.033;B002@3.600;B044@3.883;B025@4.150;B039@4.283;B007@5.100;B001@5.667;B041@6.150;B012@6.383;B032@7.450;B008@8.783;B021@9.200;B006@10.300;B027@13.267,v0:B022@0.367|B035@0.683|B045@0.933|B010@1.217|B031@1.567|B046@2.167|B034@2.933|B025@4.150|B012@6.383|B006@10.300;v1:B009@0.417|B013@0.817|B015@1.067|B024@1.350|B023@1.850|B028@2.583|B044@3.883|B001@5.667|B008@8.783;v2:B026@0.483|B003@0.950|B005@1.200|B019@1.550|B014@2.117|B049@3.033|B039@4.283|B041@6.150|B021@9.200;v3:B030@1.083|B000@1.367|B011@1.917|B029@2.683|B002@3.600|B007@5.100|B032@7.450|B027@13.267,robust_pc_rollout,7.937666776065001,141.9604499048243
9,single_domain,50312,oracle,9,0.8012452687167858,0.3334458848821342,0.776779704249072,0.015417709213240996,0.2607707168108412,0.5657771472549817,0.05965669832103483,0.06754911097945346,0.059752339463378004,36.728271184372716,0.0004988317377865314,14.123102188110352,0.0,0.0,0.005457686056615785,13.622970581054688,5.99950110912323,6.0,36.0,29.0,176.60250663757324,176.60250663757324,0.0,0,0,0.9892084760894889,0.0,0,0.0,0,0.8424781860329891,0.9999168515205383,1.0,1.0,36,36,29,0.8055555555555556,3.5509259259259256,4.833333333333333,B009@0.417;B026@0.483;B013@0.817;B003@0.950;B002@1.000;B015@1.067;B030@1.083;B005@1.200;B024@1.350;B000@1.367;B010@1.467;B019@1.500;B031@1.700;B035@1.750;B022@1.800;B045@1.867;B011@2.267;B046@2.267;B014@2.467;B023@2.567;B028@2.983;B034@3.033;B029@3.233;B049@3.517;B044@4.033;B025@4.450;B007@4.600;B039@4.767;B001@5.817;B041@6.433;B012@6.683;B032@7.033;B008@8.933;B021@9.483;B006@10.600;B027@12.850,v0:B009@0.417|B013@0.817|B015@1.067|B024@1.350|B022@1.800|B014@2.467|B029@3.233|B007@4.600|B041@6.433|B021@9.483;v1:B026@0.483|B003@0.950|B005@1.200|B010@1.467|B035@1.750|B046@2.267|B034@3.033|B044@4.033|B001@5.817|B008@8.933;v2:B002@1.000|B019@1.500|B045@1.867|B023@2.567|B049@3.517|B039@4.767|B032@7.033|B027@12.850;v3:B030@1.083|B000@1.367|B031@1.700|B011@2.267|B028@2.983|B025@4.450|B012@6.683|B006@10.600,oracle,nan,5.582366604357958
10,cascade,45870,static,10,0.8330192399304703,0.2261720722531883,0.7622861332614663,0.0196960121728556,0.23641770219233593,0.755772435745941,0.009017200668069787,0.15032410111891262,0.06126867952995969,417.41854095458984,0.0,12.511489152908325,110.23589897155762,0.0,5.280753135681152,48.665061950683594,2.0,2.0,36.0,28.0,176.6024990081787,169.442964553833,0.0,0,0,0.9892796949021196,0.0,0,0.0,0,0.8399573282919395,1.0,0.9772976934909821,1.0,36,34,28,0.7777777777777778,3.446078431372549,3.65,B019@0.250;B007@0.317;B004@0.417;B030@0.583;B022@0.617;B046@0.650;B006@0.750;B023@0.867;B032@0.917;B024@1.067;B009@1.200;B002@1.267;B026@1.400;B000@1.633;B047@1.900;B001@2.117;B043@2.383;B029@2.667;B036@2.900;B049@3.133;B033@3.383;B011@3.683;B038@3.900;B035@4.150;B044@4.650;B037@5.083;B042@5.433;B025@5.883;B005@6.417;B041@6.933;B003@7.450;B039@9.367;B031@11.267;B048@12.533,v0:B007@0.317|B046@0.650|B032@0.917|B026@1.400|B043@2.383|B033@3.383|B044@4.650|B005@6.417|B031@11.267;v1:B004@0.417|B006@0.750|B009@1.200|B047@1.900|B036@2.900|B038@3.900|B042@5.433|B003@7.450;v2:B022@0.617|B024@1.067|B000@1.633|B029@2.667|B011@3.683|B037@5.083|B041@6.933|B048@12.533;v3:B019@0.250|B030@0.583|B023@0.867|B002@1.267|B001@2.117|B049@3.133|B035@4.150|B025@5.883|B039@9.367,static,nan,0.6301833006242911
10,cascade,45870,greedy,10,0.8330192399304703,0.2261720722531883,0.7622861332614663,0.0196960121728556,0.23641770219233593,0.755772435745941,0.009017200668069787,0.15032410111891262,0.06126867952995969,263.0554656982422,0.34338217973709106,13.855045557022095,56.86614370346069,0.0,5.280753135681152,46.3873405456543,1.6566178798675537,2.0,36.0,28.0,176.60250282287598,159.67885208129883,0.0,0,0,0.9892799132656382,0.0,0,0.0,0,0.8398839211661268,0.8283089399337769,0.979144404331843,1.0,36,34,28,0.7777777777777778,3.4514705882352943,3.3333333333333335,B019@0.250;B026@0.483;B007@0.567;B022@0.617;B009@0.850;B046@0.900;B006@0.950;B033@1.117;B032@1.167;B023@1.250;B004@1.283;B024@1.500;B030@1.567;B047@1.700;B001@1.900;B002@1.900;B000@2.100;B043@2.483;B049@2.917;B029@3.067;B011@3.150;B035@3.500;B036@3.933;B038@4.233;B037@4.550;B044@4.767;B042@5.450;B025@5.950;B005@6.317;B041@6.633;B003@7.467;B039@9.433;B031@11.167;B048@12.233,v0:B026@0.483|B009@0.850|B023@1.250|B024@1.500|B002@1.900|B029@3.067|B038@4.233|B025@5.950|B039@9.433;v1:B022@0.617|B006@0.950|B004@1.283|B001@1.900|B049@2.917|B036@3.933|B042@5.450|B003@7.467;v2:B033@1.117|B030@1.567|B000@2.100|B011@3.150|B037@4.550|B005@6.317|B031@11.167;v3:B019@0.250|B007@0.567|B046@0.900|B032@1.167|B047@1.700|B043@2.483|B035@3.500|B044@4.767|B041@6.633|B048@12.233,greedy,nan,0.6179499129454294
10,cascade,45870,forecast_matched,10,0.8330192399304703,0.2261720722531883,0.7622861332614663,0.0196960121728556,0.23641770219233593,0.755772435745941,0.009017200668069787,0.15032410111891262,0.06126867952995969,246.95709228515625,0.3398134410381317,13.854949474334717,51.93147611618042,0.0,5.280753135681152,46.3873405456543,1.660186529159546,2.0,36.0,28.0,176.6025047302246,160.06219673156738,0.0,0,0,0.9892799134455156,0.0,0,0.0,0,0.8398836110237045,0.830093264579773,0.9807573060194651,1.0,36,34,28,0.7777777777777778,3.467156862745098,3.45,B030@0.333;B026@0.483;B022@0.617;B023@0.617;B009@0.850;B024@0.867;B046@0.933;B033@1.117;B006@1.200;B007@1.217;B019@1.217;B032@1.367;B004@1.533;B002@1.717;B047@1.800;B001@1.917;B000@2.283;B043@2.583;B029@2.883;B049@2.933;B011@3.333;B035@3.600;B036@3.950;B038@4.050;B037@4.733;B044@4.867;B042@5.467;B025@5.767;B005@6.500;B041@6.733;B003@7.483;B039@9.250;B031@11.350;B048@12.333,v0:B030@0.333|B023@0.617|B024@0.867|B019@1.217|B002@1.717|B029@2.883|B038@4.050|B025@5.767|B039@9.250;v1:B026@0.483|B009@0.850|B007@1.217|B047@1.800|B043@2.583|B035@3.600|B044@4.867|B041@6.733|B048@12.333;v2:B022@0.617|B046@0.933|B006@1.200|B004@1.533|B000@2.283|B011@3.333|B037@4.733|B005@6.500|B031@11.350;v3:B033@1.117|B032@1.367|B001@1.917|B049@2.933|B036@3.950|B042@5.467|B003@7.483,forecast_matched,6.375,35.525900001327194
10,cascade,45870,pc_rollout,10,0.8330192399304703,0.2261720722531883,0.7622861332614663,0.0196960121728556,0.23641770219233593,0.755772435745941,0.009017200668069787,0.15032410111891262,0.06126867952995969,246.95709228515625,0.3398134410381317,13.854949474334717,51.93147611618042,0.0,5.280753135681152,46.3873405456543,1.660186529159546,2.0,36.0,28.0,176.6025047302246,160.06219673156738,0.0,0,0,0.989279913445504,0.0,0,0.0,0,0.8398836156528194,0.830093264579773,0.9807573060194651,1.0,36,34,28,0.7777777777777778,3.467156862745098,3.45,B030@0.333;B026@0.483;B022@0.617;B023@0.617;B009@0.850;B024@0.867;B046@0.933;B033@1.117;B006@1.200;B007@1.217;B019@1.217;B032@1.367;B004@1.533;B002@1.717;B047@1.800;B001@1.917;B000@2.283;B043@2.583;B029@2.883;B049@2.933;B011@3.333;B035@3.600;B036@3.950;B038@4.050;B037@4.733;B044@4.867;B042@5.467;B025@5.767;B005@6.500;B041@6.733;B003@7.483;B039@9.250;B031@11.350;B048@12.333,v0:B030@0.333|B023@0.617|B024@0.867|B019@1.217|B002@1.717|B029@2.883|B038@4.050|B025@5.767|B039@9.250;v1:B026@0.483|B009@0.850|B007@1.217|B047@1.800|B043@2.583|B035@3.600|B044@4.867|B041@6.733|B048@12.333;v2:B022@0.617|B046@0.933|B006@1.200|B004@1.533|B000@2.283|B011@3.333|B037@4.733|B005@6.500|B031@11.350;v3:B033@1.117|B032@1.367|B001@1.917|B049@2.933|B036@3.950|B042@5.467|B003@7.483,forecast_matched,46.68790626008079,40.43538332916796
10,cascade,45870,robust_pc_rollout,10,0.8330192399304703,0.2261720722531883,0.7622861332614663,0.0196960121728556,0.23641770219233593,0.755772435745941,0.009017200668069787,0.15032410111891262,0.06126867952995969,246.95709228515625,0.3398134410381317,13.854949474334717,51.93147611618042,0.0,5.280753135681152,46.3873405456543,1.660186529159546,2.0,36.0,28.0,176.6025047302246,160.06219673156738,0.0,0,0,0.989279913445504,0.0,0,0.0,0,0.8398836156528194,0.830093264579773,0.9807573060194651,1.0,36,34,28,0.7777777777777778,3.467156862745098,3.45,B030@0.333;B026@0.483;B022@0.617;B023@0.617;B009@0.850;B024@0.867;B046@0.933;B033@1.117;B006@1.200;B007@1.217;B019@1.217;B032@1.367;B004@1.533;B002@1.717;B047@1.800;B001@1.917;B000@2.283;B043@2.583;B029@2.883;B049@2.933;B011@3.333;B035@3.600;B036@3.950;B038@4.050;B037@4.733;B044@4.867;B042@5.467;B025@5.767;B005@6.500;B041@6.733;B003@7.483;B039@9.250;B031@11.350;B048@12.333,v0:B030@0.333|B023@0.617|B024@0.867|B019@1.217|B002@1.717|B029@2.883|B038@4.050|B025@5.767|B039@9.250;v1:B026@0.483|B009@0.850|B007@1.217|B047@1.800|B043@2.583|B035@3.600|B044@4.867|B041@6.733|B048@12.333;v2:B022@0.617|B046@0.933|B006@1.200|B004@1.533|B000@2.283|B011@3.333|B037@4.733|B005@6.500|B031@11.350;v3:B033@1.117|B032@1.367|B001@1.917|B049@2.933|B036@3.950|B042@5.467|B003@7.483,forecast_matched,87.94524225306357,143.2524333552768
10,cascade,45870,oracle,10,0.8330192399304703,0.2261720722531883,0.7622861332614663,0.0196960121728556,0.23641770219233593,0.755772435745941,0.009017200668069787,0.15032410111891262,0.06126867952995969,274.2643051147461,0.0,11.674257040023804,61.148088455200195,0.0,6.857912868261337,40.50590515136719,2.0,2.0,36.0,28.0,176.60250663757324,154.21522521972656,0.0,0,0,0.9892822356445146,0.0,0,0.0,0,0.8400026010741405,1.0,0.9755120178063711,1.0,36,34,28,0.7777777777777778,3.478921568627451,3.316666666666667,B019@0.250;B030@0.333;B007@0.567;B023@0.617;B024@0.867;B046@0.900;B036@1.100;B033@1.117;B006@1.167;B002@1.267;B032@1.367;B004@1.433;B009@1.617;B026@1.850;B000@1.950;B047@2.033;B001@2.350;B022@2.600;B043@2.833;B029@2.983;B049@3.367;B035@3.667;B038@3.867;B011@4.000;B037@4.633;B044@4.933;B042@5.400;B025@5.733;B005@6.400;B041@6.800;B003@7.417;B039@9.217;B031@11.250;B048@12.400,v0:B030@0.333|B023@0.617|B024@0.867|B002@1.267|B000@1.950|B029@2.983|B011@4.000|B025@5.733|B039@9.217;v1:B036@1.100|B004@1.433|B047@2.033|B022@2.600|B035@3.667|B044@4.933|B041@6.800|B048@12.400;v2:B033@1.117|B032@1.367|B026@1.850|B043@2.833|B038@3.867|B042@5.400|B003@7.417;v3:B019@0.250|B007@0.567|B046@0.900|B006@1.167|B009@1.617|B001@2.350|B049@3.367|B037@4.633|B005@6.400|B031@11.250,oracle,nan,5.706966699411471
11,ood,44425,static,11,0.6427362777354463,0.27486098613383453,0.769732453001214,0.024028785592960903,0.07618304236476109,0.31195990135665774,0.05187109251292428,0.0036070389255339207,0.009426634300219226,1134.9037399291992,6.750659227371216,177.4570083618164,198.09792709350586,0.0,31.534277141094208,67.3422622680664,9.249340772628784,16.0,36.0,27.0,176.60250091552734,170.92210388183594,0.0,0,0,0.9892531116779834,0.0,0,0.0,0,0.8418540153485239,0.578083798289299,0.9796957770983378,1.0,36,31,27,0.75,2.723118279569893,3.1666666666666665,B007@0.317;B008@0.317;B011@0.317;B003@0.650;B038@0.650;B046@0.717;B048@0.900;B034@0.917;B039@0.983;B001@1.183;B043@1.183;B022@1.367;B049@1.483;B047@1.717;B019@1.783;B036@2.183;B032@2.250;B031@2.533;B000@2.633;B023@3.117;B009@3.217;B010@3.633;B042@3.833;B002@4.517;B037@4.667;B045@4.917;B033@5.333;B044@6.183;B041@6.267;B024@7.117;B029@7.533,v0:B007@0.317|B003@0.650|B034@0.917|B043@1.183|B047@1.717|B000@2.633|B042@3.833|B033@5.333|B029@7.533;v1:B008@0.317|B038@0.650|B048@0.900|B001@1.183|B019@1.783|B031@2.533|B010@3.633|B045@4.917|B024@7.117;v2:B022@1.367|B036@2.183|B023@3.117|B002@4.517|B041@6.267;v3:B011@0.317|B046@0.717|B039@0.983|B049@1.483|B032@2.250|B009@3.217|B037@4.667|B044@6.183,static,nan,0.5835834114501873
11,ood,44425,greedy,11,0.6427362777354463,0.27486098613383453,0.769732453001214,0.024028785592960903,0.07618304236476109,0.31195990135665774,0.05187109251292428,0.0036070389255339207,0.009426634300219226,1045.2616271972656,8.250254034996033,177.61709022521973,161.73549461364746,0.0,31.25783691741526,66.58358764648438,7.749745845794678,16.0,36.0,28.0,176.60250091552734,167.76550102233887,0.0,0,0,0.9892589808913982,0.0,0,0.0,0,0.8418870766508115,0.48435911536216736,0.9798038005828857,1.0,36,31,28,0.7777777777777778,2.8811827956989244,2.433333333333333,B007@0.317;B038@0.333;B008@0.567;B046@0.583;B048@0.833;B003@0.900;B034@1.100;B039@1.167;B043@1.367;B001@1.433;B041@1.517;B011@1.800;B049@1.950;B019@2.033;B029@2.083;B047@2.450;B032@2.717;B031@2.783;B000@2.867;B036@3.200;B023@3.633;B009@3.683;B010@4.050;B042@4.217;B002@5.033;B037@5.133;B045@5.333;B022@5.550;B044@6.650;B033@6.850;B024@7.183,v0:B038@0.333|B046@0.583|B048@0.833|B034@1.100|B043@1.367|B011@1.800|B047@2.450|B036@3.200|B042@4.217|B022@5.550;v1:B041@1.517|B019@2.033|B031@2.783|B023@3.633|B002@5.033|B024@7.183;v2:B029@2.083|B000@2.867|B010@4.050|B045@5.333|B033@6.850;v3:B007@0.317|B008@0.567|B003@0.900|B039@1.167|B001@1.433|B049@1.950|B032@2.717|B009@3.683|B037@5.133|B044@6.650,greedy,nan,0.5856333300471306
11,ood,44425,forecast_matched,11,0.6427362777354463,0.27486098613383453,0.769732453001214,0.024028785592960903,0.07618304236476109,0.31195990135665774,0.05187109251292428,0.0036070389255339207,0.009426634300219226,1028.300796508789,8.988267302513123,177.21861267089844,154.21615028381348,0.0,36.68740031123161,66.58358764648438,7.011732816696167,16.0,36.0,28.0,176.60250091552734,167.53373527526855,0.0,0,0,0.9892591117278344,0.0,0,0.0,0,0.8419096025445056,0.43823330104351044,0.979707678159078,1.0,36,31,28,0.7777777777777778,2.672043010752688,2.1666666666666665,B007@0.317;B038@0.333;B008@0.567;B046@0.583;B031@0.750;B048@0.833;B003@0.900;B011@1.067;B034@1.100;B039@1.167;B043@1.367;B001@1.433;B041@1.517;B019@1.633;B049@1.883;B047@1.967;B000@2.333;B023@2.483;B032@2.650;B036@2.717;B009@3.283;B042@3.650;B010@3.667;B037@3.967;B002@4.750;B045@4.917;B022@5.000;B044@5.483;B033@6.433;B024@6.900;B029@7.183,v0:B038@0.333|B046@0.583|B048@0.833|B034@1.100|B043@1.367|B049@1.883|B032@2.650|B042@3.650|B045@4.917|B033@6.433;v1:B031@0.750|B011@1.067|B019@1.633|B023@2.483|B010@3.667|B022@5.000|B029@7.183;v2:B041@1.517|B000@2.333|B009@3.283|B002@4.750|B024@6.900;v3:B007@0.317|B008@0.567|B003@0.900|B039@1.167|B001@1.433|B047@1.967|B036@2.717|B037@3.967|B044@5.483,forecast_matched,21.5,35.209116681168474
11,ood,44425,pc_rollout,11,0.6427362777354463,0.27486098613383453,0.769732453001214,0.024028785592960903,0.07618304236476109,0.31195990135665774,0.05187109251292428,0.0036070389255339207,0.009426634300219226,1028.300796508789,8.988267302513123,177.21861267089844,154.21615028381348,0.0,36.68740031123161,66.58358764648438,7.011732816696167,16.0,36.0,28.0,176.60250091552734,167.53373527526855,0.0,0,0,0.9892591117275575,0.0,0,0.0,0,0.8419097191282136,0.43823330104351044,0.979707678159078,1.0,36,31,28,0.7777777777777778,2.672043010752688,2.1666666666666665,B007@0.317;B038@0.333;B008@0.567;B046@0.583;B031@0.750;B048@0.833;B003@0.900;B011@1.067;B034@1.100;B039@1.167;B043@1.367;B001@1.433;B041@1.517;B019@1.633;B049@1.883;B047@1.967;B000@2.333;B023@2.483;B032@2.650;B036@2.717;B009@3.283;B042@3.650;B010@3.667;B037@3.967;B002@4.750;B045@4.917;B022@5.000;B044@5.483;B033@6.433;B024@6.900;B029@7.183,v0:B038@0.333|B046@0.583|B048@0.833|B034@1.100|B043@1.367|B049@1.883|B032@2.650|B042@3.650|B045@4.917|B033@6.433;v1:B031@0.750|B011@1.067|B019@1.633|B023@2.483|B010@3.667|B022@5.000|B029@7.183;v2:B041@1.517|B000@2.333|B009@3.283|B002@4.750|B024@6.900;v3:B007@0.317|B008@0.567|B003@0.900|B039@1.167|B001@1.433|B047@1.967|B036@2.717|B037@3.967|B044@5.483,forecast_matched,117.34232554948399,40.24209990166128
11,ood,44425,robust_pc_rollout,11,0.6427362777354463,0.27486098613383453,0.769732453001214,0.024028785592960903,0.07618304236476109,0.31195990135665774,0.05187109251292428,0.0036070389255339207,0.009426634300219226,1028.300796508789,8.988267302513123,177.21861267089844,154.21615028381348,0.0,36.68740031123161,66.58358764648438,7.011732816696167,16.0,36.0,28.0,176.60250091552734,167.53373527526855,0.0,0,0,0.9892591117275575,0.0,0,0.0,0,0.8419097191282136,0.43823330104351044,0.979707678159078,1.0,36,31,28,0.7777777777777778,2.672043010752688,2.1666666666666665,B007@0.317;B038@0.333;B008@0.567;B046@0.583;B031@0.750;B048@0.833;B003@0.900;B011@1.067;B034@1.100;B039@1.167;B043@1.367;B001@1.433;B041@1.517;B019@1.633;B049@1.883;B047@1.967;B000@2.333;B023@2.483;B032@2.650;B036@2.717;B009@3.283;B042@3.650;B010@3.667;B037@3.967;B002@4.750;B045@4.917;B022@5.000;B044@5.483;B033@6.433;B024@6.900;B029@7.183,v0:B038@0.333|B046@0.583|B048@0.833|B034@1.100|B043@1.367|B049@1.883|B032@2.650|B042@3.650|B045@4.917|B033@6.433;v1:B031@0.750|B011@1.067|B019@1.633|B023@2.483|B010@3.667|B022@5.000|B029@7.183;v2:B041@1.517|B000@2.333|B009@3.283|B002@4.750|B024@6.900;v3:B007@0.317|B008@0.567|B003@0.900|B039@1.167|B001@1.433|B047@1.967|B036@2.717|B037@3.967|B044@5.483,forecast_matched,221.1454826125331,143.677133290718
11,ood,44425,oracle,11,0.6427362777354463,0.27486098613383453,0.769732453001214,0.024028785592960903,0.07618304236476109,0.31195990135665774,0.05187109251292428,0.0036070389255339207,0.009426634300219226,954.0908012390137,5.350705100223422,142.30969429016113,163.4406032562256,0.0,26.83498092807713,63.29882049560547,10.64929485321045,16.0,36.0,28.0,176.6024990081787,167.25157356262207,0.0,0,0,0.9892380989026744,0.0,0,0.0,0,0.8435064635336149,0.6655809283256531,0.9801212648550669,1.0,36,31,28,0.7777777777777778,2.8704301075268814,2.7333333333333334,B007@0.317;B038@0.333;B008@0.567;B046@0.583;B048@0.833;B003@0.900;B034@1.100;B039@1.167;B022@1.367;B043@1.367;B001@1.433;B011@1.783;B049@1.883;B047@1.967;B029@2.083;B019@2.350;B032@2.650;B036@2.717;B000@2.867;B031@3.100;B009@3.617;B023@3.650;B010@4.050;B042@4.217;B002@5.050;B037@5.067;B045@5.333;B033@5.717;B044@6.583;B041@6.800;B024@7.533,v0:B038@0.333|B046@0.583|B048@0.833|B034@1.100|B043@1.367|B049@1.883|B032@2.650|B009@3.617|B037@5.067|B044@6.583;v1:B022@1.367|B011@1.783|B019@2.350|B031@3.100|B042@4.217|B033@5.717;v2:B029@2.083|B000@2.867|B010@4.050|B045@5.333|B024@7.533;v3:B007@0.317|B008@0.567|B003@0.900|B039@1.167|B001@1.433|B047@1.967|B036@2.717|B023@3.650|B002@5.050|B041@6.800,oracle,nan,5.40166674181819
12,nominal,49073,static,12,0.7709330711618576,0.17855294934624968,0.7853844194965628,0.02816827286104746,0.07536024952265177,0.41147271774186045,0.0683887478957337,0.043612705209984,0.07746015470665288,1843.1636352539062,1.4990515410900116,681.1113662719727,40.49944305419922,0.0,0.0005685586705794776,65.0147705078125,52.50094938278198,54.0,15.0,15.0,176.60250282287598,176.60250282287598,0.0,0,0,0.9888550202291922,0.0,0,0.0,0,0.844884113674666,0.9722398033848515,1.0,1.0,15,15,15,1.0,1.5433333333333332,1.2,B049@0.350;B022@0.367;B032@0.367;B033@0.617;B035@0.617;B004@0.667;B045@0.683;B042@1.367;B043@1.383;B044@1.450;B006@1.750;B001@2.417;B034@3.150;B039@3.217;B005@4.750,v0:B022@0.367|B045@0.683|B044@1.450|B039@3.217;v1:B004@0.667|B006@1.750|B005@4.750;v2:B049@0.350|B035@0.617|B043@1.383|B034@3.150;v3:B032@0.367|B033@0.617|B042@1.367|B001@2.417,static,nan,0.5553167623778185
12,nominal,49073,greedy,12,0.7709330711618576,0.17855294934624968,0.7853844194965628,0.02816827286104746,0.07536024952265177,0.41147271774186045,0.0683887478957337,0.043612705209984,0.07746015470665288,1753.1301727294922,2.714165136218071,664.0458679199219,12.579210877418518,0.0,0.00022060352779362802,61.892032623291016,51.28583383560181,54.0,15.0,15.0,176.6024990081787,176.6024990081787,0.0,0,0,0.9888396959890547,0.0,0,0.0,0,0.8457346669165533,0.9497376636222556,1.0,1.0,15,15,15,1.0,1.5711111111111113,1.2166666666666666,B049@0.350;B022@0.367;B032@0.367;B033@0.617;B035@0.617;B045@0.683;B001@1.100;B004@1.200;B042@1.383;B043@1.450;B044@1.883;B006@2.283;B034@3.150;B039@3.217;B005@4.900,v0:B032@0.367|B033@0.617|B004@1.200|B006@2.283;v1:B001@1.100|B044@1.883|B005@4.900;v2:B049@0.350|B035@0.617|B042@1.383|B034@3.150;v3:B022@0.367|B045@0.683|B043@1.450|B039@3.217,greedy,nan,0.501216622069478
12,nominal,49073,forecast_matched,12,0.7709330711618576,0.17855294934624968,0.7853844194965628,0.02816827286104746,0.07536024952265177,0.41147271774186045,0.0683887478957337,0.043612705209984,0.07746015470665288,1753.1301727294922,2.714165136218071,664.0458679199219,12.579210877418518,0.0,0.00022060352779362802,61.892032623291016,51.28583383560181,54.0,15.0,15.0,176.6024990081787,176.6024990081787,0.0,0,0,0.9888396959890549,0.0,0,0.0,0,0.8457356690513635,0.9497376636222556,1.0,1.0,15,15,15,1.0,1.5711111111111113,1.2166666666666666,B049@0.350;B022@0.367;B032@0.367;B033@0.617;B035@0.617;B045@0.683;B001@1.100;B004@1.200;B042@1.383;B043@1.450;B044@1.883;B006@2.283;B034@3.150;B039@3.217;B005@4.900,v0:B032@0.367|B033@0.617|B004@1.200|B006@2.283;v1:B001@1.100|B044@1.883|B005@4.900;v2:B049@0.350|B035@0.617|B042@1.383|B034@3.150;v3:B022@0.367|B045@0.683|B043@1.450|B039@3.217,forecast_matched,7.333333333333333,34.58316662969688
12,nominal,49073,pc_rollout,12,0.7709330711618576,0.17855294934624968,0.7853844194965628,0.02816827286104746,0.07536024952265177,0.41147271774186045,0.0683887478957337,0.043612705209984,0.07746015470665288,1753.120101928711,2.7141038477420807,664.0422058105469,12.578897953033447,0.0,0.0003029660436482118,61.892024993896484,51.28589487075806,54.0,15.0,15.0,176.60250663757324,176.60250663757324,0.0,0,0,0.9888396935884318,0.0,0,0.0,0,0.8457358517846568,0.9497387939029269,1.0,1.0,15,15,15,1.0,1.6955555555555557,1.2833333333333334,B049@0.350;B032@0.367;B033@0.617;B035@0.617;B045@0.867;B022@0.950;B001@1.100;B004@1.450;B044@1.767;B039@1.850;B042@1.900;B043@2.283;B006@2.783;B034@3.617;B005@4.917,v0:B049@0.350|B035@0.617|B045@0.867|B004@1.450|B043@2.283;v1:B032@0.367|B033@0.617|B022@0.950|B044@1.767|B006@2.783;v2:B001@1.100|B042@1.900|B005@4.917;v3:B039@1.850|B034@3.617,pc_rollout,0.3300912704965237,39.675366676722966
12,nominal,49073,robust_pc_rollout,12,0.7709330711618576,0.17855294934624968,0.7853844194965628,0.02816827286104746,0.07536024952265177,0.41147271774186045,0.0683887478957337,0.043612705209984,0.07746015470665288,1753.120101928711,2.7141038477420807,664.0422058105469,12.578897953033447,0.0,0.0003029660436482118,61.892024993896484,51.28589487075806,54.0,15.0,15.0,176.60250663757324,176.60250663757324,0.0,0,0,0.9888396935884318,0.0,0,0.0,0,0.8457358497067115,0.9497387939029269,1.0,1.0,15,15,15,1.0,1.6955555555555557,1.2833333333333334,B049@0.350;B032@0.367;B033@0.617;B035@0.617;B045@0.867;B022@0.950;B001@1.100;B004@1.450;B044@1.767;B039@1.850;B042@1.900;B043@2.283;B006@2.783;B034@3.617;B005@4.917,v0:B049@0.350|B035@0.617|B045@0.867|B004@1.450|B043@2.283;v1:B032@0.367|B033@0.617|B022@0.950|B044@1.767|B006@2.783;v2:B001@1.100|B042@1.900|B005@4.917;v3:B039@1.850|B034@3.617,pc_rollout,0.39318489733309114,142.49301662979028
12,nominal,49073,oracle,12,0.7709330711618576,0.17855294934624968,0.7853844194965628,0.02816827286104746,0.07536024952265177,0.41147271774186045,0.0683887478957337,0.043612705209984,0.07746015470665288,1604.2834777832031,0.1507343216973922,616.8511199951172,0.08921399712562561,0.0,0.0002174632354581263,56.86908721923828,53.849266052246094,54.0,15.0,15.0,176.6025047302246,176.6025047302246,0.0,0,0,0.9887503686903842,0.0,0,0.0,0,0.8479382549652155,0.9972086305971499,1.0,1.0,15,15,15,1.0,1.568888888888889,1.2,B022@0.367;B032@0.367;B045@0.367;B033@0.617;B035@0.617;B049@0.667;B001@1.100;B004@1.200;B042@1.383;B043@1.433;B044@1.883;B006@2.283;B034@3.150;B039@3.200;B005@4.900,v0:B022@0.367|B049@0.667|B043@1.433|B039@3.200;v1:B032@0.367|B033@0.617|B004@1.200|B006@2.283;v2:B045@0.367|B035@0.617|B042@1.383|B034@3.150;v3:B001@1.100|B044@1.883|B005@4.900,oracle,nan,5.297566608836253
13,single_domain,50962,static,13,0.743100307249349,0.32868577731159465,0.769102971352766,0.03163793758990849,0.23555701816227187,0.30875097770321847,0.0007497328083771127,0.1557059819665644,0.07269997564332202,222.8070478439331,0.4265383407473564,83.62931370735168,2.2610673308372498,0.0,0.4299030303955078,26.4871826171875,18.57346200942993,19.0,32.0,27.0,176.60250282287598,176.04445838928223,0.0,0,0,0.9892030682725154,0.0,0,0.0,0,0.8415625974891418,0.9775506320752596,0.9987041354179382,1.0,32,31,27,0.84375,3.394623655913979,2.3333333333333335,B020@0.317;B040@0.567;B008@0.817;B010@0.967;B005@1.167;B006@1.233;B004@1.417;B032@1.433;B033@1.500;B043@1.683;B035@1.750;B044@1.767;B049@1.950;B022@2.117;B025@2.233;B045@2.250;B039@2.450;B026@2.733;B041@2.733;B037@3.017;B042@3.217;B036@3.833;B046@3.950;B048@4.017;B003@4.483;B001@5.117;B031@5.300;B038@6.767;B019@7.833;B034@13.150;B009@13.467,v0:B008@0.817|B005@1.167|B032@1.433|B043@1.683|B049@1.950|B039@2.450|B042@3.217|B003@4.483|B019@7.833;v1:B004@1.417|B035@1.750|B045@2.250|B037@3.017|B048@4.017|B038@6.767;v2:B022@2.117|B041@2.733|B036@3.833|B001@5.117|B034@13.150;v3:B020@0.317|B040@0.567|B010@0.967|B006@1.233|B033@1.500|B044@1.767|B025@2.233|B026@2.733|B046@3.950|B031@5.300|B009@13.467,static,nan,0.5883999013652405
13,single_domain,50962,greedy,13,0.743100307249349,0.32868577731159465,0.769102971352766,0.03163793758990849,0.23555701816227187,0.30875097770321847,0.0007497328083771127,0.1557059819665644,0.07269997564332202,219.151264667511,0.7361751794815063,82.49237179756165,1.3808478713035583,0.0,0.5066317021846771,28.941415786743164,18.263824939727783,19.0,32.0,26.0,176.60250091552734,176.32477188110352,0.0,0,0,0.989211375113152,0.0,0,0.0,0,0.8416093813843051,0.9612539441961991,0.9987041354179382,1.0,32,31,26,0.8125,3.6709677419354834,2.3666666666666667,B020@0.317;B040@0.567;B026@0.733;B010@0.967;B025@0.983;B005@1.233;B004@1.417;B006@1.450;B032@1.500;B033@1.717;B035@1.750;B043@1.750;B044@1.983;B049@2.017;B039@2.267;B045@2.500;B041@2.633;B037@3.033;B042@3.267;B008@3.467;B036@4.033;B046@4.283;B048@4.550;B003@5.300;B001@5.567;B031@5.883;B022@7.383;B034@8.117;B038@8.350;B019@9.133;B009@15.650,v0:B026@0.733|B025@0.983|B006@1.450|B033@1.717|B044@1.983|B045@2.500|B042@3.267|B046@4.283|B001@5.567|B038@8.350;v1:B004@1.417|B035@1.750|B049@2.017|B041@2.633|B008@3.467|B048@4.550|B031@5.883|B019@9.133;v2:B034@8.117;v3:B020@0.317|B040@0.567|B010@0.967|B005@1.233|B032@1.500|B043@1.750|B039@2.267|B037@3.033|B036@4.033|B003@5.300|B022@7.383|B009@15.650,greedy,nan,0.5901499340931574
13,single_domain,50962,forecast_matched,13,0.743100307249349,0.32868577731159465,0.769102971352766,0.03163793758990849,0.23555701816227187,0.30875097770321847,0.0007497328083771127,0.1557059819665644,0.07269997564332202,219.151264667511,0.7361751794815063,82.49237179756165,1.3808478713035583,0.0,0.5066317021846771,28.941415786743164,18.263824939727783,19.0,32.0,26.0,176.60250091552734,176.32477188110352,0.0,0,0,0.9892113751131518,0.0,0,0.0,0,0.8416096997971065,0.9612539441961991,0.9987041354179382,1.0,32,31,26,0.8125,3.6709677419354834,2.3666666666666667,B020@0.317;B040@0.567;B026@0.733;B010@0.967;B025@0.983;B005@1.233;B004@1.417;B006@1.450;B032@1.500;B033@1.717;B035@1.750;B043@1.750;B044@1.983;B049@2.017;B039@2.267;B045@2.500;B041@2.633;B037@3.033;B042@3.267;B008@3.467;B036@4.033;B046@4.283;B048@4.550;B003@5.300;B001@5.567;B031@5.883;B022@7.383;B034@8.117;B038@8.350;B019@9.133;B009@15.650,v0:B026@0.733|B025@0.983|B006@1.450|B033@1.717|B044@1.983|B045@2.500|B042@3.267|B046@4.283|B001@5.567|B038@8.350;v1:B004@1.417|B035@1.750|B049@2.017|B041@2.633|B008@3.467|B048@4.550|B031@5.883|B019@9.133;v2:B034@8.117;v3:B020@0.317|B040@0.567|B010@0.967|B005@1.233|B032@1.500|B043@1.750|B039@2.267|B037@3.033|B036@4.033|B003@5.300|B022@7.383|B009@15.650,forecast_matched,35.375,35.3252167503039
13,single_domain,50962,pc_rollout,13,0.743100307249349,0.32868577731159465,0.769102971352766,0.03163793758990849,0.23555701816227187,0.30875097770321847,0.0007497328083771127,0.1557059819665644,0.07269997564332202,219.151264667511,0.7361751794815063,82.49237179756165,1.3808478713035583,0.0,0.5066317021846771,28.941415786743164,18.263824939727783,19.0,32.0,26.0,176.60250091552734,176.32477188110352,0.0,0,0,0.9892113751131518,0.0,0,0.0,0,0.8416096997971065,0.9612539441961991,0.9987041354179382,1.0,32,31,26,0.8125,3.6709677419354834,2.3666666666666667,B020@0.317;B040@0.567;B026@0.733;B010@0.967;B025@0.983;B005@1.233;B004@1.417;B006@1.450;B032@1.500;B033@1.717;B035@1.750;B043@1.750;B044@1.983;B049@2.017;B039@2.267;B045@2.500;B041@2.633;B037@3.033;B042@3.267;B008@3.467;B036@4.033;B046@4.283;B048@4.550;B003@5.300;B001@5.567;B031@5.883;B022@7.383;B034@8.117;B038@8.350;B019@9.133;B009@15.650,v0:B026@0.733|B025@0.983|B006@1.450|B033@1.717|B044@1.983|B045@2.500|B042@3.267|B046@4.283|B001@5.567|B038@8.350;v1:B004@1.417|B035@1.750|B049@2.017|B041@2.633|B008@3.467|B048@4.550|B031@5.883|B019@9.133;v2:B034@8.117;v3:B020@0.317|B040@0.567|B010@0.967|B005@1.233|B032@1.500|B043@1.750|B039@2.267|B037@3.033|B036@4.033|B003@5.300|B022@7.383|B009@15.650,forecast_matched,7.4194318665712045,40.51185003481805
13,single_domain,50962,robust_pc_rollout,13,0.743100307249349,0.32868577731159465,0.769102971352766,0.03163793758990849,0.23555701816227187,0.30875097770321847,0.0007497328083771127,0.1557059819665644,0.07269997564332202,218.15992975234985,0.8267611041665077,82.01249659061432,1.3830868005752563,0.0,0.5809342805296183,28.914735794067383,18.173239290714264,19.0,32.0,27.0,176.6024990081787,176.32476997375488,0.0,0,0,0.9892104189533364,0.0,0,0.0,0,0.8416349839090154,0.9564862784586454,0.9987041354179382,1.0,32,31,27,0.84375,3.0500000000000007,2.65,B020@0.317;B040@0.317;B005@0.350;B006@0.350;B010@0.617;B032@0.617;B035@0.733;B044@0.733;B033@0.867;B043@0.900;B049@1.000;B025@1.200;B039@1.383;B045@1.417;B041@1.617;B026@1.700;B037@2.150;B042@2.183;B008@2.450;B036@2.917;B046@3.150;B048@3.217;B031@3.767;B003@4.183;B001@4.433;B004@4.567;B022@5.883;B038@6.950;B019@7.783;B034@12.650;B009@14.150,v0:B020@0.317|B035@0.733|B049@1.000|B041@1.617|B008@2.450|B031@3.767|B022@5.883|B009@14.150;v1:B040@0.317|B044@0.733|B025@1.200|B026@1.700|B036@2.917|B003@4.183|B038@6.950;v2:B005@0.350|B010@0.617|B043@0.900|B045@1.417|B042@2.183|B048@3.217|B004@4.567|B034@12.650;v3:B006@0.350|B032@0.617|B033@0.867|B039@1.383|B037@2.150|B046@3.150|B001@4.433|B019@7.783,uniform_route,17.761867231216613,143.79101673451564
13,single_domain,50962,oracle,13,0.743100307249349,0.32868577731159465,0.769102971352766,0.03163793758990849,0.23555701816227187,0.30875097770321847,0.0007497328083771127,0.1557059819665644,0.07269997564332202,112.42743337154388,0.467329328879714,42.61902046203613,0.0,0.0,0.4849247336387634,20.831140518188477,18.532670974731445,19.0,32.0,26.0,176.6024990081787,175.41473007202148,0.0,0,0,0.9889255398038921,0.0,0,0.0,0,0.8433807595192959,0.9754037355121813,0.9987041354179382,1.0,32,31,26,0.8125,3.6709677419354834,2.3666666666666667,B020@0.317;B040@0.567;B026@0.733;B010@0.967;B025@0.983;B005@1.233;B004@1.417;B006@1.450;B032@1.500;B033@1.717;B035@1.750;B043@1.750;B044@1.983;B049@2.017;B039@2.267;B045@2.500;B041@2.633;B037@3.033;B042@3.267;B008@3.467;B036@4.033;B046@4.283;B048@4.550;B003@5.300;B001@5.567;B031@5.883;B022@7.383;B034@8.117;B038@8.350;B019@9.133;B009@15.650,v0:B026@0.733|B025@0.983|B006@1.450|B033@1.717|B044@1.983|B045@2.500|B042@3.267|B046@4.283|B001@5.567|B038@8.350;v1:B004@1.417|B035@1.750|B049@2.017|B041@2.633|B008@3.467|B048@4.550|B031@5.883|B019@9.133;v2:B034@8.117;v3:B020@0.317|B040@0.567|B010@0.967|B005@1.233|B032@1.500|B043@1.750|B039@2.267|B037@3.033|B036@4.033|B003@5.300|B022@7.383|B009@15.650,oracle,nan,5.588033236563206
14,cascade,45794,static,14,0.8181014323517619,0.22725163426341996,0.7548308996725621,0.009334058381279247,0.10935200049967816,0.6596409487184873,0.009399474083267806,0.12478522822179872,0.01120866624946335,635.1060428619385,3.2197089195251465,126.18917655944824,86.10962772369385,0.0,15.063627809286118,56.62979507446289,4.7802910804748535,8.0,36.0,29.0,176.60249519348145,173.48402976989746,0.0,0,0,0.9892560024723799,0.0,0,0.0,0,0.841519423021645,0.5975363850593567,0.9906897445519766,1.0,36,34,29,0.8055555555555556,3.3779411764705887,4.566666666666666,B001@0.350;B007@0.567;B039@0.617;B004@0.667;B005@0.883;B010@0.900;B006@1.000;B022@1.117;B035@1.150;B044@1.167;B042@1.267;B046@1.417;B027@1.617;B033@1.683;B028@1.833;B002@2.000;B019@2.300;B041@2.333;B009@2.717;B011@2.800;B043@3.167;B025@3.333;B029@3.817;B030@3.883;B045@4.183;B031@4.567;B049@5.000;B013@5.400;B034@5.950;B000@6.400;B032@8.267;B026@9.883;B023@10.900;B024@11.717,v0:B007@0.567|B010@0.900|B044@1.167|B033@1.683|B019@2.300|B043@3.167|B045@4.183|B034@5.950|B023@10.900;v1:B004@0.667|B006@1.000|B042@1.267|B028@1.833|B011@2.800|B029@3.817|B049@5.000|B032@8.267;v2:B022@1.117|B027@1.617|B041@2.333|B025@3.333|B031@4.567|B000@6.400|B024@11.717;v3:B001@0.350|B039@0.617|B005@0.883|B035@1.150|B046@1.417|B002@2.000|B009@2.717|B030@3.883|B013@5.400|B026@9.883,static,nan,0.6662832262615362
14,cascade,45794,greedy,14,0.8181014323517619,0.22725163426341996,0.7548308996725621,0.009334058381279247,0.10935200049967816,0.6596409487184873,0.009399474083267806,0.12478522822179872,0.01120866624946335,526.9341523647308,3.0508689880371094,118.15217876434326,57.74695158004761,0.0,9.05257888045162,33.52156066894531,4.949131011962891,8.0,36.0,28.0,176.6024990081787,171.96314430236816,0.0,0,0,0.9892414641416969,0.0,0,0.0,0,0.8417896485514917,0.6186413764953613,0.990461528301239,1.0,36,34,28,0.7777777777777778,3.361764705882353,5.066666666666666,B001@0.350;B005@0.350;B006@0.600;B033@0.617;B039@0.617;B004@0.667;B010@0.867;B042@0.867;B035@0.883;B044@1.000;B046@1.133;B027@1.417;B028@1.433;B007@1.600;B002@1.717;B041@2.133;B019@2.167;B009@2.317;B011@2.650;B043@3.017;B025@3.150;B029@3.483;B030@3.667;B045@4.033;B031@4.383;B022@4.667;B049@4.850;B013@5.700;B000@6.217;B034@6.483;B032@8.117;B026@10.183;B023@11.033;B024@11.933,v0:B033@0.617|B042@0.867|B046@1.133|B002@1.717|B011@2.650|B030@3.667|B049@4.850|B032@8.117;v1:B004@0.667|B044@1.000|B007@1.600|B019@2.167|B025@3.150|B031@4.383|B000@6.217|B023@11.033;v2:B001@0.350|B039@0.617|B035@0.883|B028@1.433|B009@2.317|B029@3.483|B022@4.667|B034@6.483|B024@11.933;v3:B005@0.350|B006@0.600|B010@0.867|B027@1.417|B041@2.133|B043@3.017|B045@4.033|B013@5.700|B026@10.183,greedy,nan,0.6268499419093132
14,cascade,45794,forecast_matched,14,0.8181014323517619,0.22725163426341996,0.7548308996725621,0.009334058381279247,0.10935200049967816,0.6596409487184873,0.009399474083267806,0.12478522822179872,0.01120866624946335,526.9341523647308,3.0508689880371094,118.15217876434326,57.74695158004761,0.0,9.05257888045162,33.52156066894531,4.949131011962891,8.0,36.0,28.0,176.6024990081787,171.96314430236816,0.0,0,0,0.9892414642065501,0.0,0,0.0,0,0.8417895520029072,0.6186413764953613,0.990461528301239,1.0,36,34,28,0.7777777777777778,3.361764705882353,5.066666666666666,B001@0.350;B005@0.350;B006@0.600;B033@0.617;B039@0.617;B004@0.667;B010@0.867;B042@0.867;B035@0.883;B044@1.000;B046@1.133;B027@1.417;B028@1.433;B007@1.600;B002@1.717;B041@2.133;B019@2.167;B009@2.317;B011@2.650;B043@3.017;B025@3.150;B029@3.483;B030@3.667;B045@4.033;B031@4.383;B022@4.667;B049@4.850;B013@5.700;B000@6.217;B034@6.483;B032@8.117;B026@10.183;B023@11.033;B024@11.933,v0:B033@0.617|B042@0.867|B046@1.133|B002@1.717|B011@2.650|B030@3.667|B049@4.850|B032@8.117;v1:B004@0.667|B044@1.000|B007@1.600|B019@2.167|B025@3.150|B031@4.383|B000@6.217|B023@11.033;v2:B001@0.350|B039@0.617|B035@0.883|B028@1.433|B009@2.317|B029@3.483|B022@4.667|B034@6.483|B024@11.933;v3:B005@0.350|B006@0.600|B010@0.867|B027@1.417|B041@2.133|B043@3.017|B045@4.033|B013@5.700|B026@10.183,forecast_matched,33.208333333333336,35.608766600489616
14,cascade,45794,pc_rollout,14,0.8181014323517619,0.22725163426341996,0.7548308996725621,0.009334058381279247,0.10935200049967816,0.6596409487184873,0.009399474083267806,0.12478522822179872,0.01120866624946335,537.8790917396545,4.695873260498047,118.09858560562134,59.84838151931763,0.0,11.16844985075295,33.309898376464844,3.304126739501953,8.0,36.0,29.0,176.60250091552734,171.2279453277588,0.0,0,0,0.9892466570562936,0.0,0,0.0,0,0.8417941653010879,0.41301584243774414,0.9891605079174042,1.0,36,34,29,0.8055555555555556,3.234313725490196,3.8,B001@0.350;B035@0.367;B033@0.617;B039@0.617;B005@0.633;B042@0.867;B006@0.883;B044@0.883;B029@1.083;B046@1.133;B010@1.150;B027@1.433;B002@1.500;B028@1.683;B004@1.717;B007@1.733;B009@2.217;B019@2.300;B041@2.400;B011@2.650;B025@3.083;B043@3.167;B031@3.417;B030@3.667;B045@4.183;B049@4.317;B022@4.533;B013@5.183;B034@5.950;B000@6.250;B032@7.867;B026@9.667;B023@10.900;B024@11.567,v0:B035@0.367|B005@0.633|B006@0.883|B010@1.150|B007@1.733|B019@2.300|B043@3.167|B045@4.183|B034@5.950|B023@10.900;v1:B033@0.617|B042@0.867|B046@1.133|B004@1.717|B041@2.400|B031@3.417|B022@4.533|B032@7.867;v2:B029@1.083|B002@1.500|B009@2.217|B025@3.083|B049@4.317|B000@6.250|B024@11.567;v3:B001@0.350|B039@0.617|B044@0.883|B027@1.433|B028@1.683|B011@2.650|B030@3.667|B013@5.183|B026@9.667,pc_rollout,51.936891126500555,41.15101656255623
14,cascade,45794,robust_pc_rollout,14,0.8181014323517619,0.22725163426341996,0.7548308996725621,0.009334058381279247,0.10935200049967816,0.6596409487184873,0.009399474083267806,0.12478522822179872,0.01120866624946335,537.8790917396545,4.695873260498047,118.09858560562134,59.84838151931763,0.0,11.16844985075295,33.309898376464844,3.304126739501953,8.0,36.0,29.0,176.60250091552734,171.2279453277588,0.0,0,0,0.9892466570681,0.0,0,0.0,0,0.8417941525233799,0.41301584243774414,0.9891605079174042,1.0,36,34,29,0.8055555555555556,3.234313725490196,3.8,B001@0.350;B035@0.367;B033@0.617;B039@0.617;B005@0.633;B042@0.867;B006@0.883;B044@0.883;B029@1.083;B046@1.133;B010@1.150;B027@1.433;B002@1.500;B028@1.683;B004@1.717;B007@1.733;B009@2.217;B019@2.300;B041@2.400;B011@2.650;B025@3.083;B043@3.167;B031@3.417;B030@3.667;B045@4.183;B049@4.317;B022@4.533;B013@5.183;B034@5.950;B000@6.250;B032@7.867;B026@9.667;B023@10.900;B024@11.567,v0:B035@0.367|B005@0.633|B006@0.883|B010@1.150|B007@1.733|B019@2.300|B043@3.167|B045@4.183|B034@5.950|B023@10.900;v1:B033@0.617|B042@0.867|B046@1.133|B004@1.717|B041@2.400|B031@3.417|B022@4.533|B032@7.867;v2:B029@1.083|B002@1.500|B009@2.217|B025@3.083|B049@4.317|B000@6.250|B024@11.567;v3:B001@0.350|B039@0.617|B044@0.883|B027@1.433|B028@1.683|B011@2.650|B030@3.667|B013@5.183|B026@9.667,pc_rollout,96.81161959390172,143.64309996987382
14,cascade,45794,oracle,14,0.8181014323517619,0.22725163426341996,0.7548308996725621,0.009334058381279247,0.10935200049967816,0.6596409487184873,0.009399474083267806,0.12478522822179872,0.01120866624946335,426.6969804763794,2.680083751678467,83.38907432556152,53.830562114715576,0.0,9.021855723112822,28.23232650756836,5.319916248321533,8.0,36.0,28.0,176.6025047302246,170.5405616760254,0.0,0,0,0.9892176981640476,0.0,0,0.0,0,0.8431523770226861,0.6649895310401917,0.9907275636990865,1.0,36,34,28,0.7777777777777778,3.3352941176470585,4.283333333333333,B035@0.367;B033@0.617;B005@0.633;B004@0.667;B042@0.867;B006@0.883;B010@1.000;B029@1.083;B039@1.133;B044@1.150;B046@1.267;B001@1.400;B002@1.500;B027@1.700;B028@1.817;B019@2.000;B009@2.217;B041@2.417;B007@2.567;B011@2.783;B025@3.083;B043@3.300;B031@3.633;B030@3.800;B045@4.317;B049@4.317;B022@4.750;B013@5.317;B034@6.083;B000@6.250;B032@8.083;B026@9.800;B023@11.033;B024@11.567,v0:B035@0.367|B005@0.633|B006@0.883|B044@1.150|B027@1.700|B041@2.417|B043@3.300|B045@4.317|B034@6.083|B023@11.033;v1:B033@0.617|B042@0.867|B039@1.133|B001@1.400|B019@2.000|B007@2.567|B031@3.633|B022@4.750|B032@8.083;v2:B004@0.667|B010@1.000|B046@1.267|B028@1.817|B011@2.783|B030@3.800|B013@5.317|B026@9.800;v3:B029@1.083|B002@1.500|B009@2.217|B025@3.083|B049@4.317|B000@6.250|B024@11.567,oracle,nan,5.545516653607289
15,ood,44195,static,15,0.8570021874806868,0.15426639703180547,0.7579101727904627,0.02944087179413334,0.1455503132345386,0.46625229606703406,0.07797052235386133,0.006288987200148295,0.0763788446380542,1742.5092010498047,17.164453744888306,274.0178608894348,281.0695629119873,0.0,66.39880418777466,104.91801452636719,32.52227735519409,48.0,36.0,28.0,176.6024990081787,159.00986862182617,0.0,0,0,0.988924636106486,0.0,0,0.0,0,0.8410558727805493,0.677547444899877,0.9562062819798788,1.0,36,32,28,0.7777777777777778,3.0625,3.3833333333333333,B019@0.250;B004@0.417;B011@0.567;B006@0.750;B000@0.867;B036@1.017;B037@1.267;B038@1.283;B022@1.367;B048@1.517;B007@1.567;B043@1.567;B009@1.883;B034@2.033;B002@2.067;B031@2.183;B013@2.533;B033@2.800;B024@2.967;B001@3.033;B039@3.450;B049@3.567;B023@3.967;B025@4.050;B005@4.467;B032@4.583;B047@5.150;B045@5.283;B029@6.900;B044@7.100;B041@8.500;B042@9.050,v0:B004@0.417|B006@0.750|B036@1.017|B037@1.267|B048@1.517|B034@2.033|B033@2.800|B049@3.567|B032@4.583|B044@7.100;v1:B022@1.367|B009@1.883|B013@2.533|B039@3.450|B005@4.467|B029@6.900;v2:B007@1.567|B002@2.067|B024@2.967|B023@3.967|B047@5.150|B041@8.500;v3:B019@0.250|B011@0.567|B000@0.867|B038@1.283|B043@1.567|B031@2.183|B001@3.033|B025@4.050|B045@5.283|B042@9.050,static,nan,0.6174332617471615
15,ood,44195,greedy,15,0.8570021874806868,0.15426639703180547,0.7579101727904627,0.02944087179413334,0.1455503132345386,0.46625229606703406,0.07797052235386133,0.006288987200148295,0.0763788446380542,1698.4557037353516,23.10642647743225,280.644793510437,259.0954132080078,0.0,64.3924777507782,101.21749114990234,26.17181420326233,48.0,36.0,28.0,176.6025047302246,154.40204238891602,0.0,0,0,0.9888071941708503,0.0,0,0.0,0,0.8407483464688961,0.5452461292346319,0.9598494569460551,1.0,36,32,28,0.7777777777777778,3.2276041666666666,3.75,B019@0.250;B009@0.417;B011@0.567;B000@0.867;B004@0.867;B006@1.200;B037@1.283;B022@1.367;B036@1.467;B038@1.533;B048@1.683;B043@1.733;B034@2.050;B031@2.267;B029@2.333;B002@2.350;B013@2.717;B001@3.117;B024@3.117;B025@3.433;B039@3.633;B049@3.883;B033@4.083;B005@4.650;B047@4.650;B032@4.900;B045@5.100;B023@5.833;B007@6.250;B044@7.417;B041@8.467;B042@9.800,v0:B009@0.417|B004@0.867|B006@1.200|B036@1.467|B043@1.733|B002@2.350|B025@3.433|B047@4.650|B023@5.833|B042@9.800;v1:B022@1.367|B048@1.683|B031@2.267|B001@3.117|B049@3.883|B032@4.900|B044@7.417;v2:B029@2.333|B024@3.117|B033@4.083|B045@5.100|B041@8.467;v3:B019@0.250|B011@0.567|B000@0.867|B037@1.283|B038@1.533|B034@2.050|B013@2.717|B039@3.633|B005@4.650|B007@6.250,greedy,nan,0.6206831894814968
15,ood,44195,forecast_matched,15,0.8570021874806868,0.15426639703180547,0.7579101727904627,0.02944087179413334,0.1455503132345386,0.46625229606703406,0.07797052235386133,0.006288987200148295,0.0763788446380542,1698.4557037353516,23.10642647743225,280.644793510437,259.0954132080078,0.0,64.3924777507782,101.21749114990234,26.17181420326233,48.0,36.0,28.0,176.6025047302246,154.40204238891602,0.0,0,0,0.9888071941708506,0.0,0,0.0,0,0.8407480415005285,0.5452461292346319,0.9598494569460551,1.0,36,32,28,0.7777777777777778,3.2276041666666666,3.75,B019@0.250;B009@0.417;B011@0.567;B000@0.867;B004@0.867;B006@1.200;B037@1.283;B022@1.367;B036@1.467;B038@1.533;B048@1.683;B043@1.733;B034@2.050;B031@2.267;B029@2.333;B002@2.350;B013@2.717;B001@3.117;B024@3.117;B025@3.433;B039@3.633;B049@3.883;B033@4.083;B005@4.650;B047@4.650;B032@4.900;B045@5.100;B023@5.833;B007@6.250;B044@7.417;B041@8.467;B042@9.800,v0:B009@0.417|B004@0.867|B006@1.200|B036@1.467|B043@1.733|B002@2.350|B025@3.433|B047@4.650|B023@5.833|B042@9.800;v1:B022@1.367|B048@1.683|B031@2.267|B001@3.117|B049@3.883|B032@4.900|B044@7.417;v2:B029@2.333|B024@3.117|B033@4.083|B045@5.100|B041@8.467;v3:B019@0.250|B011@0.567|B000@0.867|B037@1.283|B038@1.533|B034@2.050|B013@2.717|B039@3.633|B005@4.650|B007@6.250,forecast_matched,25.291666666666668,35.018133387590446
15,ood,44195,pc_rollout,15,0.8570021874806868,0.15426639703180547,0.7579101727904627,0.02944087179413334,0.1455503132345386,0.46625229606703406,0.07797052235386133,0.006288987200148295,0.0763788446380542,1770.2823486328125,28.312308311462402,282.9701018333435,272.3443374633789,0.0,79.57406210899353,101.04661560058594,20.991592407226562,48.0,36.0,28.0,176.6025047302246,152.25489807128906,0.0,0,0,0.9887836179965096,0.0,0,0.0,0,0.8406668443966745,0.43732484181722003,0.9575386742750803,1.0,36,32,28,0.7777777777777778,2.8052083333333333,3.4166666666666665,B019@0.250;B011@0.317;B000@0.333;B037@0.333;B036@0.583;B038@0.583;B009@0.717;B048@0.750;B006@0.850;B043@0.850;B004@1.100;B002@1.183;B034@1.367;B031@1.467;B013@1.817;B024@2.083;B033@2.133;B001@2.317;B039@2.733;B049@2.900;B023@3.083;B025@3.333;B005@3.750;B032@3.917;B047@4.267;B045@4.567;B022@5.083;B007@5.517;B029@6.683;B044@7.083;B041@8.450;B042@9.367,v0:B019@0.250|B038@0.583|B006@0.850|B034@1.367|B033@2.133|B049@2.900|B032@3.917|B007@5.517|B042@9.367;v1:B011@0.317|B009@0.717|B002@1.183|B024@2.083|B023@3.083|B047@4.267|B029@6.683;v2:B000@0.333|B048@0.750|B004@1.100|B013@1.817|B039@2.733|B005@3.750|B022@5.083|B041@8.450;v3:B037@0.333|B036@0.583|B043@0.850|B031@1.467|B001@2.317|B025@3.333|B045@4.567|B044@7.083,uniform_route,127.54770323527532,40.360849893962346
15,ood,44195,robust_pc_rollout,15,0.8570021874806868,0.15426639703180547,0.7579101727904627,0.02944087179413334,0.1455503132345386,0.46625229606703406,0.07797052235386133,0.006288987200148295,0.0763788446380542,1770.2823486328125,28.312308311462402,282.9701018333435,272.3443374633789,0.0,79.57406210899353,101.04661560058594,20.991592407226562,48.0,36.0,28.0,176.6025047302246,152.25489807128906,0.0,0,0,0.9887836179965096,0.0,0,0.0,0,0.8406666476021325,0.43732484181722003,0.9575386742750803,1.0,36,32,28,0.7777777777777778,2.8052083333333333,3.4166666666666665,B019@0.250;B011@0.317;B000@0.333;B037@0.333;B036@0.583;B038@0.583;B009@0.717;B048@0.750;B006@0.850;B043@0.850;B004@1.100;B002@1.183;B034@1.367;B031@1.467;B013@1.817;B024@2.083;B033@2.133;B001@2.317;B039@2.733;B049@2.900;B023@3.083;B025@3.333;B005@3.750;B032@3.917;B047@4.267;B045@4.567;B022@5.083;B007@5.517;B029@6.683;B044@7.083;B041@8.450;B042@9.367,v0:B019@0.250|B038@0.583|B006@0.850|B034@1.367|B033@2.133|B049@2.900|B032@3.917|B007@5.517|B042@9.367;v1:B011@0.317|B009@0.717|B002@1.183|B024@2.083|B023@3.083|B047@4.267|B029@6.683;v2:B000@0.333|B048@0.750|B004@1.100|B013@1.817|B039@2.733|B005@3.750|B022@5.083|B041@8.450;v3:B037@0.333|B036@0.583|B043@0.850|B031@1.467|B001@2.317|B025@3.333|B045@4.567|B044@7.083,uniform_route,227.10294553014177,143.77480000257492
15,ood,44195,oracle,15,0.8570021874806868,0.15426639703180547,0.7579101727904627,0.02944087179413334,0.1455503132345386,0.46625229606703406,0.07797052235386133,0.006288987200148295,0.0763788446380542,1631.0037994384766,19.362210512161255,262.4402575492859,248.12957572937012,0.0,72.71015524864197,94.8009033203125,29.7437481880188,48.0,36.0,28.0,176.60250282287598,154.16663551330566,0.0,0,0,0.9888681128840512,0.0,0,0.0,0,0.841683858187099,0.619661420583725,0.961845209201177,1.0,36,32,28,0.7777777777777778,2.972916666666667,3.5833333333333335,B019@0.250;B011@0.317;B009@0.417;B000@0.583;B036@0.717;B004@0.867;B037@0.967;B038@1.000;B006@1.200;B048@1.217;B043@1.283;B007@1.567;B034@1.717;B031@1.800;B002@1.900;B013@2.167;B033@2.483;B001@2.650;B024@2.800;B039@3.083;B049@3.250;B025@3.667;B023@3.800;B005@4.100;B032@4.267;B047@4.883;B045@5.000;B022@5.433;B029@6.717;B044@7.400;B041@8.367;B042@9.267,v0:B009@0.417|B004@0.867|B006@1.200|B034@1.717|B033@2.483|B049@3.250|B032@4.267|B029@6.717;v1:B007@1.567|B013@2.167|B039@3.083|B005@4.100|B022@5.433|B042@9.267;v2:B019@0.250|B000@0.583|B038@1.000|B043@1.283|B002@1.900|B024@2.800|B023@3.800|B045@5.000|B041@8.367;v3:B011@0.317|B036@0.717|B037@0.967|B048@1.217|B031@1.800|B001@2.650|B025@3.667|B047@4.883|B044@7.400,oracle,nan,5.583716634040077
