mapping_seed,hour_index,timestamp_local,sample_type,penetration_multiplier,requested_ev_kw,feasible_fraction,feasible_ev_kw,unconstrained_feasible,unconstrained_converged,unconstrained_v_min_pu,unconstrained_v_max_pu,unconstrained_nodes_below_0_95,unconstrained_nodes_above_1_05,unconstrained_deenergized_nodes,unconstrained_max_line_loading_pu,unconstrained_limiting_line,unconstrained_losses_kw,unconstrained_source_kw,projected_converged,projected_v_min_pu,projected_v_max_pu,projected_nodes_below_0_95,projected_nodes_above_1_05,projected_deenergized_nodes,projected_max_line_loading_pu,projected_limiting_line,projected_losses_kw,projected_source_kw
0,44103,2023-01-13T08:00,lower_activity_half,1.0,79.95436143875122,1.0,79.95436143875122,True,True,0.987815042523238,1.0299995211313533,0,0,18,0.923556749243022,recloser_disswitch(r:p1udt228-p1udt62)p1u_12237,144.3910613024022,6246.313368765051,True,0.987815042523238,1.0299995211313533,0,0,18,0.923556749243022,recloser_disswitch(r:p1udt228-p1udt62)p1u_12237,144.3910613024022,6246.313368765051
0,44103,2023-01-13T08:00,lower_activity_half,3.0,239.86308431625366,0.91552734375,219.601212447742,False,True,0.9838420802651473,1.0299995074451507,0,0,18,1.028852622084851,l(r:p1udt175lv-p1ulv493),153.87405525159903,6415.670737970579,True,0.984513756276537,1.0299995091835852,0,0,18,0.9999885271229179,l(r:p1udt175lv-p1ulv493),152.6313139624477,6394.222985866783
0,44103,2023-01-13T08:00,lower_activity_half,5.0,399.7718071937561,0.54931640625,219.601212447742,False,True,0.9784739215751755,1.0299994935978778,0,0,18,1.258322154592919,l(r:p1udt175lv-p1ulv493),164.15828996379457,6585.840421844587,True,0.9845137552888328,1.0299995091835805,0,0,18,0.999988557527761,l(r:p1udt175lv-p1ulv493),152.6313131410906,6394.223040793701
0,44103,2023-01-13T08:00,lower_activity_half,10.0,799.5436143875122,0.274658203125,219.601212447742,False,True,0.9645583185697723,1.0299994582377077,0,0,18,1.8441792208904069,l(r:p1udt175lv-p1ulv493),193.5356252538963,7015.031241481103,True,0.9845137528198123,1.0299995091835694,0,0,18,0.9999886335334942,l(r:p1udt175lv-p1ulv493),152.63129926468645,6394.223177299172
0,44752,2023-02-09T09:00,lower_activity_half,1.0,125.63688196241856,1.0,125.63688196241856,True,True,0.9849388116128552,1.0299995173071943,0,0,18,0.9291543186861898,recloser_disswitch(r:p1udt228-p1udt62)p1u_12237,146.77556905772886,6294.431197911885,True,0.9849388116128552,1.0299995173071943,0,0,18,0.9291543186861898,recloser_disswitch(r:p1udt228-p1udt62)p1u_12237,146.77556905772886,6294.431197911885
0,44752,2023-02-09T09:00,lower_activity_half,3.0,376.91064588725567,1.0,376.91064588725567,True,True,0.9760268600517287,1.0299994958658172,0,0,18,0.9627120993558691,recloser_disswitch(r:p1udt228-p1udt62)p1u_12237,161.74265239271767,6560.548876423449,True,0.9760268600517287,1.0299994958658172,0,0,18,0.9627120993558691,recloser_disswitch(r:p1udt228-p1udt62)p1u_12237,161.74265239271767,6560.548876423449
0,44752,2023-02-09T09:00,lower_activity_half,5.0,628.1844098120928,0.990478515625,622.2031617694483,False,True,0.966835652819522,1.0299994740845213,0,0,18,1.0029813927172953,l(r:p1udt175lv-p1ulv493),178.52996219552625,6828.576739067769,True,0.9670530208543647,1.0299994745952632,0,0,18,0.999998176144126,l(r:p1udt175lv-p1ulv493),178.11657470527618,6822.310377343739
0,44752,2023-02-09T09:00,lower_activity_half,10.0,1256.3688196241856,0.4952392578125,622.2031617694483,False,True,0.9399180720306984,1.0299994180520757,12,0,18,1.3229587812658028,l(r:p1udt175lv-p1ulv493),229.06961646050263,7507.357373079592,True,0.9670530116853012,1.0299994745952405,0,0,18,0.9999982432213141,l(r:p1udt175lv-p1ulv493),178.11658608133905,6822.31064475089
0,46073,2023-04-05T10:00,upper_activity_half,1.0,190.9374189376831,1.0,190.9374189376831,True,True,0.9858504151987747,1.0299995117349385,0,0,18,0.9298958000555307,recloser_disswitch(r:p1udt228-p1udt62)p1u_12237,150.14425303116013,6363.196477295952,True,0.9858504151987747,1.0299995117349385,0,0,18,0.9298958000555307,recloser_disswitch(r:p1udt228-p1udt62)p1u_12237,150.14425303116013,6363.196477295952
0,46073,2023-04-05T10:00,upper_activity_half,3.0,572.8122568130493,0.9151611328125,524.2155138339149,False,True,0.9757409182326205,1.029999478840309,0,0,18,1.03862326909484,l(r:p1udm822-p1ulv579),173.2575291813856,6767.889243353586,True,0.9770419363751307,1.0299994830582067,0,0,18,0.9999964613086736,l(r:p1udm822-p1ulv579),170.11634017086794,6716.32245340553
0,46073,2023-04-05T10:00,upper_activity_half,5.0,954.6870946884155,0.549072265625,524.1922060435172,False,True,0.9653164967617157,1.0299994451242749,0,0,18,1.3458083159913767,l(r:p1udm822-p1ulv579),200.18666460824937,7176.578521977568,True,0.9770425580043214,1.029999483060221,0,0,18,0.9999779877457389,l(r:p1udm822-p1ulv579),170.1148469416246,6716.297802490087
0,46073,2023-04-05T10:00,upper_activity_half,10.0,1909.374189376831,0.2745361328125,524.1922060435172,False,True,0.9377025072635276,1.0299993569622448,6,0,18,2.1418923583559737,l(r:p1udm822-p1ulv579),285.6358501590978,8216.721702229279,True,0.977042551740697,1.02999948306019,0,0,18,0.9999781346225964,l(r:p1udm822-p1ulv579),170.1148693222875,6716.2981717993125
0,46294,2023-04-14T15:00,lower_activity_half,1.0,91.37446284294128,1.0,91.37446284294128,True,True,0.9865762882854632,1.0299995201171264,0,0,18,0.9235411977269533,recloser_disswitch(r:p1udt228-p1udt62)p1u_12237,145.40358474199775,6258.876827724976,True,0.9865762882854632,1.0299995201171264,0,0,18,0.9235411977269533,recloser_disswitch(r:p1udt228-p1udt62)p1u_12237,145.40358474199775,6258.876827724976
0,46294,2023-04-14T15:00,lower_activity_half,3.0,274.12338852882385,1.0,274.12338852882385,True,True,0.9779759238191421,1.029999504346796,0,0,18,0.9458118349084543,recloser_disswitch(r:p1udt228-p1udt62)p1u_12237,157.50236264383508,6453.539603944509,True,0.9779759238191421,1.029999504346796,0,0,18,0.9458118349084543,recloser_disswitch(r:p1udt228-p1udt62)p1u_12237,157.50236264383508,6453.539603944509
0,46294,2023-04-14T15:00,lower_activity_half,5.0,456.8723142147064,1.0,456.8723142147064,True,True,0.9691438281282811,1.0299994882768106,0,0,18,0.9684063431833895,recloser_disswitch(r:p1udt228-p1udt62)p1u_12237,171.2645598185581,6650.02436611704,True,0.9691438281282811,1.0299994882768106,0,0,18,0.9684063431833895,recloser_disswitch(r:p1udt228-p1udt62)p1u_12237,171.2645598185581,6650.02436611704
0,46294,2023-04-14T15:00,lower_activity_half,10.0,913.7446284294128,0.70928955078125,648.1095170274784,False,True,0.9459464124995736,1.0299994467480835,6,0,18,1.1714533368661668,l(r:p1udm822-p1ulv579),213.45788462199883,7149.141694362425,True,0.9596333476762833,1.0299994711272025,0,0,18,0.9999993828943207,l(r:p1udm822-p1ulv579),187.53326032721418,6857.633166261362
0,46385,2023-04-18T10:00,upper_activity_half,1.0,188.02274084091187,1.0,188.02274084091187,True,True,0.9808278320742373,1.0299995119125152,0,0,18,0.9403598105879721,recloser_disswitch(r:p1udt228-p1udt62)p1u_12237,150.99792247759436,6361.167559623034,True,0.9808278320742373,1.0299995119125152,0,0,18,0.9403598105879721,recloser_disswitch(r:p1udt228-p1udt62)p1u_12237,150.99792247759436,6361.167559623034
0,46385,2023-04-18T10:00,upper_activity_half,3.0,564.0682225227356,1.0,564.0682225227356,True,True,0.9631124647516542,1.0299994791845324,0,0,18,0.996919637778312,recloser_disswitch(r:p1udt228-p1udt62)p1u_12237,177.38413878004027,6763.423416602951,True,0.9631124647516542,1.0299994791845324,0,0,18,0.996919637778312,recloser_disswitch(r:p1udt228-p1udt62)p1u_12237,177.38413878004027,6763.423416602951
0,46385,2023-04-18T10:00,upper_activity_half,5.0,940.1137042045593,0.6214599609375,584.2430258917739,False,True,0.9423815268348549,1.0299994453344143,12,0,18,1.1707532789334183,l(r:p1udt175lv-p1ulv493),210.03009504941573,7172.088771629872,True,0.9620905678460561,1.02999947739576,0,0,18,0.9999939903829537,recloser_disswitch(r:p1udt228-p1udt62)p1u_12237,178.9722838552116,6785.206147447018
0,46385,2023-04-18T10:00,upper_activity_half,10.0,1880.2274084091187,0.31072998046875,584.2430258917739,False,True,0.8831945463208865,1.0299993548597344,15,0,18,1.6862045358340538,l(r:p1udm722-p1ulv1845),324.67331781215313,8226.735378894891,True,0.9620905893481744,1.0299994773958019,0,0,18,0.999993915685931,recloser_disswitch(r:p1udt228-p1udt62)p1u_12237,178.97224156874236,6785.205654982729
0,46413,2023-04-19T14:00,lower_activity_half,1.0,57.698155641555786,1.0,57.698155641555786,True,True,0.9877711944174076,1.0299995230289092,0,0,18,0.9189276691796834,recloser_disswitch(r:p1udt228-p1udt62)p1u_12237,143.0371137901507,6222.874510126156,True,0.9877711944174076,1.0299995230289092,0,0,18,0.9189276691796834,recloser_disswitch(r:p1udt228-p1udt62)p1u_12237,143.0371137901507,6222.874510126156
0,46413,2023-04-19T14:00,lower_activity_half,3.0,173.09446692466736,1.0,173.09446692466736,True,True,0.9847034789861373,1.0299995132406594,0,0,18,0.9317860459492067,recloser_disswitch(r:p1udt228-p1udt62)p1u_12237,149.47777923470315,6344.527751137607,True,0.9847034789861373,1.0299995132406594,0,0,18,0.9317860459492067,recloser_disswitch(r:p1udt228-p1udt62)p1u_12237,149.47777923470315,6344.527751137607
0,46413,2023-04-19T14:00,lower_activity_half,5.0,288.49077820777893,1.0,288.49077820777893,True,True,0.9816032214260911,1.0299995033630398,0,0,18,0.971360765791144,l(r:p1udt175lv-p1ulv493),156.29928121543904,6466.7397690588805,True,0.9816032214260911,1.0299995033630398,0,0,18,0.971360765791144,l(r:p1udt175lv-p1ulv493),156.29928121543904,6466.7397690588805
0,46413,2023-04-19T14:00,lower_activity_half,10.0,576.9815564155579,0.55035400390625,317.54410975336214,False,True,0.9737191811237412,1.0299994783424409,0,0,18,1.2574538294474857,l(r:p1udt175lv-p1ulv493),175.0176116858701,6773.846676185567,True,0.9808171806857602,1.0299995008605964,0,0,18,0.9999982862902717,l(r:p1udt175lv-p1ulv493),158.0783217613228,6497.612832502436
0,46948,2023-05-11T21:00,lower_activity_half,1.0,43.385165214538574,1.0,43.385165214538574,True,True,0.9871337437321575,1.0299995242418627,0,0,18,0.9193290265407427,recloser_disswitch(r:p1udt228-p1udt62)p1u_12237,142.39965982104977,6207.842857676155,True,0.9871337437321575,1.0299995242418627,0,0,18,0.9193290265407427,recloser_disswitch(r:p1udt228-p1udt62)p1u_12237,142.39965982104977,6207.842857676155
0,46948,2023-05-11T21:00,lower_activity_half,3.0,130.15549564361572,1.0,130.15549564361572,True,True,0.9796846280516536,1.029999516847949,0,0,18,0.9330657611914659,recloser_disswitch(r:p1udt228-p1udt62)p1u_12237,147.70099662835784,6299.817118054026,True,0.9796846280516536,1.029999516847949,0,0,18,0.9330657611914659,recloser_disswitch(r:p1udt228-p1udt62)p1u_12237,147.70099662835784,6299.817118054026
0,46948,2023-05-11T21:00,lower_activity_half,5.0,216.92582607269287,1.0,216.92582607269287,True,True,0.9720615038959916,1.0299995093555023,0,0,18,0.9469286338752926,recloser_disswitch(r:p1udt228-p1udt62)p1u_12237,153.5575659106126,6392.436128095835,True,0.9720615038959916,1.0299995093555023,0,0,18,0.9469286338752926,recloser_disswitch(r:p1udt228-p1udt62)p1u_12237,153.5575659106126,6392.436128095835
0,46948,2023-05-11T21:00,lower_activity_half,10.0,433.85165214538574,1.0,433.85165214538574,True,True,0.9521735746316925,1.029999490194582,0,0,18,0.9821205591134903,recloser_disswitch(r:p1udt228-p1udt62)p1u_12237,170.77872676253415,6626.605383445079,True,0.9521735746316925,1.029999490194582,0,0,18,0.9821205591134903,recloser_disswitch(r:p1udt228-p1udt62)p1u_12237,170.77872676253415,6626.605383445079
0,47304,2023-05-26T17:00,lower_activity_half,1.0,83.14106774330139,1.0,83.14106774330139,True,True,0.9870288807557142,1.029999520926278,0,0,18,0.923009212646286,recloser_disswitch(r:p1udt228-p1udt62)p1u_12237,144.22716076198267,6249.463489530965,True,0.9870288807557142,1.029999520926278,0,0,18,0.923009212646286,recloser_disswitch(r:p1udt228-p1udt62)p1u_12237,144.22716076198267,6249.463489530965
0,47304,2023-05-26T17:00,lower_activity_half,3.0,249.42320322990417,1.0,249.42320322990417,True,True,0.979374111285192,1.0299995068764192,0,0,18,0.9441045687663336,recloser_disswitch(r:p1udt228-p1udt62)p1u_12237,153.34467494182567,6424.708226850996,True,0.979374111285192,1.0299995068764192,0,0,18,0.9441045687663336,recloser_disswitch(r:p1udt228-p1udt62)p1u_12237,153.34467494182567,6424.708226850996
0,47304,2023-05-26T17:00,lower_activity_half,5.0,415.70533871650696,1.0,415.70533871650696,True,True,0.9715407823967023,1.0299994926747416,0,0,18,0.9653611059964745,recloser_disswitch(r:p1udt228-p1udt62)p1u_12237,163.2468175515745,6600.8806558335245,True,0.9715407823967023,1.0299994926747416,0,0,18,0.9653611059964745,recloser_disswitch(r:p1udt228-p1udt62)p1u_12237,163.2468175515745,6600.8806558335245
0,47304,2023-05-26T17:00,lower_activity_half,10.0,831.4106774330139,0.81512451171875,677.7032224803406,False,True,0.951114412535676,1.0299994565195645,0,0,18,1.0768700877733044,l(r:p1udt454lv-p1ulv1912)p1ud1,191.60152511626524,7044.979865311973,True,0.9588123078972958,1.0299994699952504,0,0,18,0.9999863225522778,l(r:p1udt454lv-p1ulv1912)p1ud1,180.50145559050858,6880.19506895861
0,47458,2023-06-02T03:00,lower_activity_half,1.0,11.082432746887207,1.0,11.082432746887207,True,True,0.9892501391758652,1.0299995269632067,0,0,18,0.914351558299866,recloser_disswitch(r:p1udt228-p1udt62)p1u_12237,140.52372840411033,6173.74919205587,True,0.9892501391758652,1.0299995269632067,0,0,18,0.914351558299866,recloser_disswitch(r:p1udt228-p1udt62)p1u_12237,140.52372840411033,6173.74919205587
0,47458,2023-06-02T03:00,lower_activity_half,3.0,33.24729824066162,1.0,33.24729824066162,True,True,0.989159478843238,1.0299995250996117,0,0,18,0.9180073885588885,recloser_disswitch(r:p1udt228-p1udt62)p1u_12237,141.67839472914926,6196.821009799712,True,0.989159478843238,1.0299995250996117,0,0,18,0.9180073885588885,recloser_disswitch(r:p1udt228-p1udt62)p1u_12237,141.67839472914926,6196.821009799712
0,47458,2023-06-02T03:00,lower_activity_half,5.0,55.412163734436035,1.0,55.412163734436035,True,True,0.9890663735306756,1.0299995232096597,0,0,18,0.9217070115391457,recloser_disswitch(r:p1udt228-p1udt62)p1u_12237,142.86939004646828,6220.171425814297,True,0.9890663735306756,1.0299995232096597,0,0,18,0.9217070115391457,recloser_disswitch(r:p1udt228-p1udt62)p1u_12237,142.86939004646828,6220.171425814297
0,47458,2023-06-02T03:00,lower_activity_half,10.0,110.82432746887207,1.0,110.82432746887207,True,True,0.9888330687749977,1.0299995184707014,0,0,18,0.9412004426888448,l(r:p1udt61lv-p1ulv156),145.9505416200869,6278.485181440944,True,0.9888330687749977,1.0299995184707014,0,0,18,0.9412004426888448,l(r:p1udt61lv-p1ulv156),145.9505416200869,6278.485181440944
0,47868,2023-06-19T05:00,lower_activity_half,1.0,3.571868658065796,1.0,3.571868658065796,True,True,0.9889440700053385,1.029999527607035,0,0,18,0.9130888486319633,recloser_disswitch(r:p1udt228-p1udt62)p1u_12237,140.1734797322076,6165.760365878038,True,0.9889440700053385,1.029999527607035,0,0,18,0.9130888486319633,recloser_disswitch(r:p1udt228-p1udt62)p1u_12237,140.1734797322076,6165.760365878038
0,47868,2023-06-19T05:00,lower_activity_half,3.0,10.715605974197388,1.0,10.715605974197388,True,True,0.9882371112455114,1.0299995269987066,0,0,18,0.9142829549059683,recloser_disswitch(r:p1udt228-p1udt62)p1u_12237,140.6338978449233,6173.302025186406,True,0.9882371112455114,1.0299995269987066,0,0,18,0.9142829549059683,recloser_disswitch(r:p1udt228-p1udt62)p1u_12237,140.6338978449233,6173.302025186406
0,47868,2023-06-19T05:00,lower_activity_half,5.0,17.85934329032898,1.0,17.85934329032898,True,True,0.987527320570794,1.0299995263841286,0,0,18,0.9154880896352565,recloser_disswitch(r:p1udt228-p1udt62)p1u_12237,141.10387961705536,6180.914658854814,True,0.987527320570794,1.0299995263841286,0,0,18,0.9154880896352565,recloser_disswitch(r:p1udt228-p1udt62)p1u_12237,141.10387961705536,6180.914658854814
0,47868,2023-06-19T05:00,lower_activity_half,10.0,35.71868658065796,1.0,35.71868658065796,True,True,0.9857474029294191,1.029999524847619,0,0,18,0.9184974535354444,recloser_disswitch(r:p1udt228-p1udt62)p1u_12237,142.30527890258648,6199.91181870635,True,0.9857474029294191,1.029999524847619,0,0,18,0.9184974535354444,recloser_disswitch(r:p1udt228-p1udt62)p1u_12237,142.30527890258648,6199.91181870635
0,48214,2023-07-03T15:00,lower_activity_half,1.0,73.25083684921265,1.0,73.25083684921265,True,True,0.9858554057386274,1.0299995216714914,0,0,18,0.9229183668867346,recloser_disswitch(r:p1udt228-p1udt62)p1u_12237,144.36897625399826,6239.600116247585,True,0.9858554057386274,1.0299995216714914,0,0,18,0.9229183668867346,recloser_disswitch(r:p1udt228-p1udt62)p1u_12237,144.36897625399826,6239.600116247585
0,48214,2023-07-03T15:00,lower_activity_half,3.0,219.75251054763794,1.0,219.75251054763794,True,True,0.9788527726955896,1.029999509028753,0,0,18,0.9439657052481502,recloser_disswitch(r:p1udt228-p1udt62)p1u_12237,154.1278157810805,6395.808555504738,True,0.9788527726955896,1.029999509028753,0,0,18,0.9439657052481502,recloser_disswitch(r:p1udt228-p1udt62)p1u_12237,154.1278157810805,6395.808555504738
0,48214,2023-07-03T15:00,lower_activity_half,5.0,366.25418424606323,1.0,366.25418424606323,True,True,0.9713799090592176,1.029999496165529,0,0,18,0.9652716863344488,recloser_disswitch(r:p1udt228-p1udt62)p1u_12237,165.1443576277744,6553.306028737033,True,0.9713799090592176,1.029999496165529,0,0,18,0.9652716863344488,recloser_disswitch(r:p1udt228-p1udt62)p1u_12237,165.1443576277744,6553.306028737033
0,48214,2023-07-03T15:00,lower_activity_half,10.0,732.5083684921265,0.81903076171875,599.9468870114652,False,True,0.9507235891914468,1.0299994629777325,0,0,18,1.069437104607065,l(r:p1udt175lv-p1ulv493),198.5816451097132,6953.039929317128,True,0.958352539674238,1.0299994751598163,0,0,18,0.9999892180869432,l(r:p1udt175lv-p1ulv493),185.47111609199308,6807.408392029405
0,48449,2023-07-13T10:00,upper_activity_half,1.0,185.93796157836914,1.0,185.93796157836914,True,True,0.9822174028032515,1.0299995120393115,0,0,18,0.9370449351897162,recloser_disswitch(r:p1udt228-p1udt62)p1u_12237,151.02973096666219,6359.124067476446,True,0.9822174028032515,1.0299995120393115,0,0,18,0.9370449351897162,recloser_disswitch(r:p1udt228-p1udt62)p1u_12237,151.02973096666219,6359.124067476446
0,48449,2023-07-13T10:00,upper_activity_half,3.0,557.8138847351074,1.0,557.8138847351074,True,True,0.9643916956651702,1.0299994796777283,0,0,18,0.9867736672058885,recloser_disswitch(r:p1udt228-p1udt62)p1u_12237,176.9889585748049,6756.587069328582,True,0.9643916956651702,1.0299994796777283,0,0,18,0.9867736672058885,recloser_disswitch(r:p1udt228-p1udt62)p1u_12237,176.9889585748049,6756.587069328582
0,48449,2023-07-13T10:00,upper_activity_half,5.0,929.6898078918457,0.70465087890625,655.1067402411718,False,True,0.9455293397403721,1.0299994463098283,6,0,18,1.0646144069705048,l(r:p1udt175lv-p1ulv493),208.45372260981566,7160.100811877907,True,0.9595541012123154,1.0299994710288027,0,0,18,0.9999989420768335,recloser_disswitch(r:p1udt228-p1udt62)p1u_12237,184.68282499712893,6861.7799593083155
0,48449,2023-07-13T10:00,upper_activity_half,10.0,1859.3796157836914,0.352294921875,655.0499964784831,False,True,0.8927917511874521,1.0299993580997038,21,0,18,1.539134755631384,l(r:p1udm822-p1ulv579),314.8823638622847,8196.178302882163,True,0.9595568975400298,1.0299994710337714,0,0,18,0.9999913701060099,recloser_disswitch(r:p1udt228-p1udt62)p1u_12237,184.67829584680024,6861.719603836716
0,48450,2023-07-13T11:00,upper_activity_half,1.0,197.65360134840012,1.0,197.65360134840012,True,True,0.9827911930291015,1.0299995110370628,0,0,18,0.9355354199582971,recloser_disswitch(r:p1udt228-p1udt62)p1u_12237,151.6375990083088,6371.4426030239965,True,0.9827911930291015,1.0299995110370628,0,0,18,0.9355354199582971,recloser_disswitch(r:p1udt228-p1udt62)p1u_12237,151.6375990083088,6371.4426030239965
0,48450,2023-07-13T11:00,upper_activity_half,3.0,592.9608040452003,1.0,592.9608040452003,True,True,0.966203900733311,1.029999476630732,0,0,18,0.982185542731517,recloser_disswitch(r:p1udt228-p1udt62)p1u_12237,178.88604053699285,6793.624191975275,True,0.966203900733311,1.029999476630732,0,0,18,0.982185542731517,recloser_disswitch(r:p1udt228-p1udt62)p1u_12237,178.88604053699285,6793.624191975275
0,48450,2023-07-13T11:00,upper_activity_half,5.0,988.2680067420006,0.72454833984375,716.0479436056085,False,True,0.9487277056981259,1.0299994411713196,6,0,18,1.1592893827516304,l(r:p1udm822-p1ulv579),211.68761887728718,7221.914219910128,True,0.960855526532476,1.029999465686363,0,0,18,0.999983899614603,l(r:p1udm822-p1ulv579),188.49761855712882,6926.535954456803
0,48450,2023-07-13T11:00,upper_activity_half,10.0,1976.5360134840012,0.36224365234375,715.9876245134001,False,True,0.9003531987797354,1.029999347619392,21,0,18,1.7519998651543924,l(r:p1udm822-p1ulv579),321.0485453684178,8319.517378410592,True,0.9608581652854916,1.0299994656917413,0,0,18,0.9999487736143924,l(r:p1udm822-p1ulv579),188.4927894519255,6926.470794804774
0,49081,2023-08-08T18:00,upper_activity_half,1.0,184.03811740875244,1.0,184.03811740875244,True,True,0.9815403650026028,1.0299995122170418,0,0,18,0.9383388503270043,recloser_disswitch(r:p1udt228-p1udt62)p1u_12237,150.9074514739943,6357.113275206576,True,0.9815403650026028,1.0299995122170418,0,0,18,0.9383388503270043,recloser_disswitch(r:p1udt228-p1udt62)p1u_12237,150.9074514739943,6357.113275206576
0,49081,2023-08-08T18:00,upper_activity_half,3.0,552.1143522262573,1.0,552.1143522262573,True,True,0.9654425255948519,1.0299994801869545,0,0,18,0.9907184110981528,recloser_disswitch(r:p1udt228-p1udt62)p1u_12237,176.73256127742684,6750.6242020095115,True,0.9654425255948519,1.0299994801869545,0,0,18,0.9907184110981528,recloser_disswitch(r:p1udt228-p1udt62)p1u_12237,176.73256127742684,6750.6242020095115
0,49081,2023-08-08T18:00,upper_activity_half,5.0,920.1905870437622,0.627197265625,577.1410200477112,False,True,0.9484418593216768,1.0299994471078482,3,0,18,1.187466297099547,l(r:p1udt175lv-p1ulv493),208.2243481083791,7150.369240543256,True,0.9643076917700566,1.0299994779517911,0,0,18,0.9999908130324364,l(r:p1udt175lv-p1ulv493),178.70275221712745,6777.834594411641
0,49081,2023-08-08T18:00,upper_activity_half,10.0,1840.3811740875244,0.3135986328125,577.1410200477112,False,True,0.9011940996613904,1.0299993594050443,21,0,18,1.917155145958875,l(r:p1udm722-p1ulv1845),315.4840888509659,8177.768193831691,True,0.9643076746099453,1.0299994779517525,0,0,18,0.9999909189961146,l(r:p1udt175lv-p1ulv493),178.7027632809165,6777.835047684938
0,49289,2023-08-17T10:00,upper_activity_half,1.0,186.71374398469925,1.0,186.71374398469925,True,True,0.9831750588780795,1.0299995120072343,0,0,18,0.9360492751400805,recloser_disswitch(r:p1udt228-p1udt62)p1u_12237,150.77664035097615,6359.617946937254,True,0.9831750588780795,1.0299995120072343,0,0,18,0.9360492751400805,recloser_disswitch(r:p1udt228-p1udt62)p1u_12237,150.77664035097615,6359.617946937254
0,49289,2023-08-17T10:00,upper_activity_half,3.0,560.1412319540977,1.0,560.1412319540977,True,True,0.9705720054962648,1.0299994796414011,0,0,18,0.9836779934539441,recloser_disswitch(r:p1udt228-p1udt62)p1u_12237,175.71934282486185,6757.660945408711,True,0.9705720054962648,1.0299994796414011,0,0,18,0.9836779934539441,recloser_disswitch(r:p1udt228-p1udt62)p1u_12237,175.71934282486185,6757.660945408711
0,49289,2023-08-17T10:00,upper_activity_half,5.0,933.5687199234962,0.735107421875,686.2732948461053,False,True,0.9574211304257435,1.0299994463844084,0,0,18,1.1329886983138477,l(r:p1udm822-p1ulv579),205.357605462462,7160.889702005047,True,0.9661886692458442,1.0299994684935891,0,0,18,0.9999992084591648,recloser_disswitch(r:p1udt228-p1udt62)p1u_12237,185.20007612002507,6893.464196820855
0,49289,2023-08-17T10:00,upper_activity_half,10.0,1867.1374398469925,0.3675537109375,686.2732948461053,False,True,0.9218149960791767,1.0299993591381569,21,0,18,1.6947609281801281,l(r:p1udm822-p1ulv579),302.3229072202109,8191.408905570678,True,0.9661886560406492,1.02999946849355,0,0,18,0.9999992771996581,recloser_disswitch(r:p1udt228-p1udt62)p1u_12237,185.20009217919275,6893.464651331323
0,49408,2023-08-22T09:00,upper_activity_half,1.0,197.64600601792336,1.0,197.64600601792336,True,True,0.9844730413658807,1.029999511122873,0,0,18,0.9340177131932781,recloser_disswitch(r:p1udt228-p1udt62)p1u_12237,151.03790665685509,6370.838722223535,True,0.9844730413658807,1.029999511122873,0,0,18,0.9340177131932781,recloser_disswitch(r:p1udt228-p1udt62)p1u_12237,151.03790665685509,6370.838722223535
0,49408,2023-08-22T09:00,upper_activity_half,3.0,592.9380180537701,0.93878173828125,556.6393832815575,False,True,0.9714746520058442,1.0299994769789873,0,0,18,1.0271128559791485,l(r:p1udm822-p1ulv579),176.38872964954234,6791.127788454378,True,0.9726853577146778,1.0299994801352788,0,0,18,0.9999990403714305,l(r:p1udm822-p1ulv579),173.88764761118392,6752.517433682816
0,49408,2023-08-22T09:00,upper_activity_half,5.0,988.2300300896168,0.563232421875,556.603193216979,False,True,0.9579450280135476,1.0299994419265281,0,0,18,1.3256343172524236,l(r:p1udm822-p1ulv579),206.239826218865,7216.4326869108245,True,0.9726865577837098,1.0299994801384043,0,0,18,0.9999721010998541,l(r:p1udm822-p1ulv579),173.8851952080383,6752.479170176385
0,49408,2023-08-22T09:00,upper_activity_half,10.0,1976.4600601792336,0.2816162109375,556.603193216979,False,True,0.9214722325455309,1.0299993501928881,15,0,18,2.094969818669235,l(r:p1udm822-p1ulv579),302.36342672717547,8300.777172620745,True,0.9726865486125412,1.0299994801383698,0,0,18,0.9999722255830573,l(r:p1udm822-p1ulv579),173.88522523894957,6752.479574714462
0,49409,2023-08-22T10:00,upper_activity_half,1.0,219.909832239151,1.0,219.909832239151,True,True,0.9841160517145059,1.0299995092893195,0,0,18,0.9369191808470285,recloser_disswitch(r:p1udt228-p1udt62)p1u_12237,152.0123871560272,6394.022326750236,True,0.9841160517145059,1.0299995092893195,0,0,18,0.9369191808470285,recloser_disswitch(r:p1udt228-p1udt62)p1u_12237,152.0123871560272,6394.022326750236
0,49409,2023-08-22T10:00,upper_activity_half,3.0,659.729496717453,0.97698974609375,644.5489534885419,False,True,0.9734916224697914,1.029999471400351,0,0,18,1.0097395839280194,l(r:p1udm822-p1ulv579),179.63470254666277,6861.147751208508,True,0.9738605123044207,1.0299994727058719,0,0,18,0.9999787036438478,l(r:p1udm822-p1ulv579),178.61271834611517,6845.152061832138
0,49409,2023-08-22T10:00,upper_activity_half,5.0,1099.549161195755,0.586181640625,644.5355312575703,False,True,0.9624816092550929,1.0299994325413981,0,0,18,1.2966701052127723,l(r:p1udm822-p1ulv579),212.170759546721,7333.389129425778,True,0.9738608331057674,1.029999472707003,0,0,18,0.9999701652372881,l(r:p1udm822-p1ulv579),178.61183861709114,6845.13818683403
0,49409,2023-08-22T10:00,upper_activity_half,10.0,2199.09832239151,0.2930908203125,644.5355312575703,False,True,0.9323636570185246,1.0299993307961681,21,0,18,2.03766633323699,l(r:p1udm822-p1ulv579),317.0573239863633,8537.806081903156,True,0.9738608244136627,1.0299994727069648,0,0,18,0.9999703020878257,l(r:p1udm822-p1ulv579),178.61185112949084,6845.138635762403
0,49410,2023-08-22T11:00,upper_activity_half,1.0,204.56667828559875,1.0,204.56667828559875,True,True,0.9828479585972314,1.0299995105435862,0,0,18,0.9344791118360535,recloser_disswitch(r:p1udt228-p1udt62)p1u_12237,151.27686063295923,6377.966186596707,True,0.9828479585972314,1.0299995105435862,0,0,18,0.9344791118360535,recloser_disswitch(r:p1udt228-p1udt62)p1u_12237,151.27686063295923,6377.966186596707
0,49410,2023-08-22T11:00,upper_activity_half,3.0,613.7000348567963,0.95379638671875,585.3448757755832,False,True,0.9695600920660468,1.0299994751918722,0,0,18,1.0201303288237977,l(r:p1udm822-p1ulv579),177.23592986702542,6812.724835245484,True,0.9704937199154847,1.0299994776547923,0,0,18,0.9999959372495315,l(r:p1udm822-p1ulv579),175.30046868601966,6782.6357328538825
0,49410,2023-08-22T11:00,upper_activity_half,5.0,1022.8333914279938,0.572265625,585.3323900164105,False,True,0.9556813556133577,1.029999438869243,0,0,18,1.3141460619864904,l(r:p1udm822-p1ulv579),207.89030098935666,7252.683205959296,True,0.9704941213776885,1.029999477655847,0,0,18,0.9999871869617009,l(r:p1udm822-p1ulv579),175.2996480320338,6782.622833269631
0,49410,2023-08-22T11:00,upper_activity_half,10.0,2045.6667828559875,0.2861328125,585.3323900164105,False,True,0.9180219648859338,1.0299993436191826,15,0,18,2.072895076222075,l(r:p1udm822-p1ulv579),307.1706242635026,8374.778836608306,True,0.9704941098089539,1.02999947765581,0,0,18,0.9999873216644394,l(r:p1udm822-p1ulv579),175.29966618209477,6782.623270467572
0,49458,2023-08-24T11:00,upper_activity_half,1.0,192.7057340145111,1.0,192.7057340145111,True,True,0.982830680310757,1.0299995115468141,0,0,18,0.9377092556293116,recloser_disswitch(r:p1udt228-p1udt62)p1u_12237,150.94463092866718,6365.760804897167,True,0.982830680310757,1.0299995115468141,0,0,18,0.9377092556293116,recloser_disswitch(r:p1udt228-p1udt62)p1u_12237,150.94463092866718,6365.760804897167
0,49458,2023-08-24T11:00,upper_activity_half,3.0,578.1172020435333,1.0,578.1172020435333,True,True,0.9694829435844449,1.0299994782620336,0,0,18,0.994118807726305,l(r:p1udt175lv-p1ulv493),176.17188856684294,6776.089277531028,True,0.9694829435844449,1.0299994782620336,0,0,18,0.994118807726305,l(r:p1udt175lv-p1ulv493),176.17188856684294,6776.089277531028
0,49458,2023-08-24T11:00,upper_activity_half,5.0,963.5286700725555,0.611328125,589.032175259199,False,True,0.9555039009700715,1.0299994440972495,0,0,18,1.2005566211646563,l(r:p1udt175lv-p1ulv493),206.0098171731318,7191.501821664413,True,0.9690900045374576,1.02999947728938,0,0,18,0.9999752164067529,l(r:p1udt175lv-p1ulv493),176.96363800785363,6787.986609466436
0,49458,2023-08-24T11:00,upper_activity_half,10.0,1927.057340145111,0.3056640625,589.032175259199,False,True,0.9157855747235751,1.0299993546340434,21,0,18,1.7290347842245417,l(r:p1udt175lv-p1ulv493),303.0090346104944,8252.009779972035,True,0.9690899919044561,1.0299994772893437,0,0,18,0.9999753242937838,l(r:p1udt175lv-p1ulv493),176.9636689345693,6787.987034845115
0,49459,2023-08-24T12:00,upper_activity_half,1.0,189.81134700775146,1.0,189.81134700775146,True,True,0.9852760167898187,1.0299995118474046,0,0,18,0.9341269323679608,recloser_disswitch(r:p1udt228-p1udt62)p1u_12237,150.31578998222525,6362.244898466262,True,0.9852760167898187,1.0299995118474046,0,0,18,0.9341269323679608,recloser_disswitch(r:p1udt228-p1udt62)p1u_12237,150.31578998222525,6362.244898466262
0,49459,2023-08-24T12:00,upper_activity_half,3.0,569.4340410232544,0.99652099609375,567.4529777701828,False,True,0.9770877531001628,1.0299994792912306,0,0,18,1.0010456259124128,l(r:p1udt175lv-p1ulv493),173.42356115625157,6764.689866067934,True,0.9771283820864375,1.0299994794487997,0,0,18,0.9999955137460427,l(r:p1udt175lv-p1ulv493),173.30331308249907,6762.746686460772
0,49459,2023-08-24T12:00,upper_activity_half,5.0,949.0567350387573,0.597900390625,567.4413926049601,False,True,0.9686816212504968,1.0299994460731725,0,0,18,1.212075694693879,l(r:p1udt175lv-p1ulv493),199.83955960160435,7170.66382799189,True,0.9771286292942931,1.0299994794497729,0,0,18,0.9999892177487721,l(r:p1udt175lv-p1ulv493),173.3025788013537,6762.734712083288
0,49459,2023-08-24T12:00,upper_activity_half,10.0,1898.1134700775146,0.2989501953125,567.4413926049601,False,True,0.9466274091456222,1.029999359997871,6,0,18,1.7827489723185523,l(r:p1udm822-p1ulv579),281.31045743873887,8201.236796944346,True,0.9771286234206427,1.0299994794497427,0,0,18,0.9999893189067567,l(r:p1udt175lv-p1ulv493),173.30261167014598,6762.735068586682
0,49553,2023-08-28T10:00,upper_activity_half,1.0,197.9076976776123,1.0,197.9076976776123,True,True,0.9831339154245302,1.029999511096182,0,0,18,0.9340752041562029,recloser_disswitch(r:p1udt228-p1udt62)p1u_12237,150.8880308983061,6370.893860473574,True,0.9831339154245302,1.029999511096182,0,0,18,0.9340752041562029,recloser_disswitch(r:p1udt228-p1udt62)p1u_12237,150.8880308983061,6370.893860473574
0,49553,2023-08-28T10:00,upper_activity_half,3.0,593.7230930328369,0.99395751953125,590.1355328393402,False,True,0.9704518755337251,1.0299994768978373,0,0,18,1.0024558093050617,l(r:p1udm822-p1ulv579),175.7804924030808,6791.304030942244,True,0.9705638701817888,1.0299994771945018,0,0,18,0.9999746498947558,l(r:p1udm822-p1ulv579),175.5472459612565,6787.673173311911
0,49553,2023-08-28T10:00,upper_activity_half,5.0,989.5384883880615,0.59637451171875,590.1355328393402,False,True,0.9572344147385443,1.0299994418129292,0,0,18,1.2841331878800641,l(r:p1udm822-p1ulv579),204.94189748694941,7216.4443725326355,True,0.9705638702770301,1.0299994771945022,0,0,18,0.9999746490069039,l(r:p1udm822-p1ulv579),175.54724754691802,6787.673169085425
0,49553,2023-08-28T10:00,upper_activity_half,10.0,1979.076976776123,0.29815673828125,590.075136203086,False,True,0.9215287101149119,1.0299993500700138,15,0,18,2.009704037387246,l(r:p1udm822-p1ulv579),298.307130209693,8299.334184579582,True,0.9705658442733373,1.0299994771997858,0,0,18,0.9999320258634972,l(r:p1udm822-p1ulv579),175.54312370876892,6787.608667539418
0,49846,2023-09-09T15:00,lower_activity_half,1.0,30.41227789223194,1.0,30.41227789223194,True,True,0.9886205104065299,1.029999525318655,0,0,18,0.915811003474668,recloser_disswitch(r:p1udt228-p1udt62)p1u_12237,141.68062510476236,6194.226658487983,True,0.9886205104065299,1.029999525318655,0,0,18,0.915811003474668,recloser_disswitch(r:p1udt228-p1udt62)p1u_12237,141.68062510476236,6194.226658487983
0,49846,2023-09-09T15:00,lower_activity_half,3.0,91.23683367669582,1.0,91.23683367669582,True,True,0.9861453557855149,1.029999520138936,0,0,18,0.9224192691508495,recloser_disswitch(r:p1udt228-p1udt62)p1u_12237,145.26164724304843,6258.470384965165,True,0.9861453557855149,1.029999520138936,0,0,18,0.9224192691508495,recloser_disswitch(r:p1udt228-p1udt62)p1u_12237,145.26164724304843,6258.470384965165
0,49846,2023-09-09T15:00,lower_activity_half,5.0,152.0613894611597,1.0,152.0613894611597,True,True,0.9830074013313477,1.0299995149147247,0,0,18,0.9290806044104812,recloser_disswitch(r:p1udt228-p1udt62)p1u_12237,149.02144862970485,6323.052520952466,True,0.9830074013313477,1.0299995149147247,0,0,18,0.9290806044104812,recloser_disswitch(r:p1udt228-p1udt62)p1u_12237,149.02144862970485,6323.052520952466
0,49846,2023-09-09T15:00,lower_activity_half,10.0,304.1227789223194,1.0,304.1227789223194,True,True,0.9750310772211387,1.029999501717782,0,0,18,0.9458574635941518,recloser_disswitch(r:p1udt228-p1udt62)p1u_12237,159.1847981304203,6485.23106915123,True,0.9750310772211387,1.029999501717782,0,0,18,0.9458574635941518,recloser_disswitch(r:p1udt228-p1udt62)p1u_12237,159.1847981304203,6485.23106915123
0,50168,2023-09-23T01:00,lower_activity_half,1.0,8.444974184036255,1.0,8.444974184036255,True,True,0.9885905133562266,1.0299995271909987,0,0,18,0.9133882238734631,recloser_disswitch(r:p1udt228-p1udt62)p1u_12237,140.43836813587927,6170.952769904881,True,0.9885905133562266,1.0299995271909987,0,0,18,0.9133882238734631,recloser_disswitch(r:p1udt228-p1udt62)p1u_12237,140.43836813587927,6170.952769904881
0,50168,2023-09-23T01:00,lower_activity_half,3.0,25.334922552108765,1.0,25.334922552108765,True,True,0.9871759731534718,1.0299995257648344,0,0,18,0.9151527846113356,recloser_disswitch(r:p1udt228-p1udt62)p1u_12237,141.43494888932784,6188.678123914184,True,0.9871759731534718,1.0299995257648344,0,0,18,0.9151527846113356,recloser_disswitch(r:p1udt228-p1udt62)p1u_12237,141.43494888932784,6188.678123914184
0,50168,2023-09-23T01:00,lower_activity_half,5.0,42.224870920181274,1.0,42.224870920181274,True,True,0.9857518413885081,1.0299995243206597,0,0,18,0.9169464466770457,recloser_disswitch(r:p1udt228-p1udt62)p1u_12237,142.46725892367905,6206.596065492176,True,0.9857518413885081,1.0299995243206597,0,0,18,0.9169464466770457,recloser_disswitch(r:p1udt228-p1udt62)p1u_12237,142.46725892367905,6206.596065492176
0,50168,2023-09-23T01:00,lower_activity_half,10.0,84.44974184036255,1.0,84.44974184036255,True,True,0.9821583973775019,1.0299995206808121,0,0,18,0.9214664625599528,recloser_disswitch(r:p1udt228-p1udt62)p1u_12237,145.1778955237991,6251.602272341559,True,0.9821583973775019,1.0299995206808121,0,0,18,0.9214664625599528,recloser_disswitch(r:p1udt228-p1udt62)p1u_12237,145.1778955237991,6251.602272341559
0,51647,2023-11-23T16:00,lower_activity_half,1.0,17.233353793621063,1.0,17.233353793621063,True,True,0.9872986754644311,1.0299995264347424,0,0,18,0.9153920309884503,recloser_disswitch(r:p1udt228-p1udt62)p1u_12237,141.0766862490635,6180.319719249232,True,0.9872986754644311,1.0299995264347424,0,0,18,0.9153920309884503,recloser_disswitch(r:p1udt228-p1udt62)p1u_12237,141.0766862490635,6180.319719249232
0,51647,2023-11-23T16:00,lower_activity_half,3.0,51.70006138086319,1.0,51.70006138086319,True,True,0.9832611108566129,1.0299995234524515,0,0,18,0.9212302642099355,recloser_disswitch(r:p1udt228-p1udt62)p1u_12237,143.49509820136106,6217.171269961916,True,0.9832611108566129,1.0299995234524515,0,0,18,0.9212302642099355,recloser_disswitch(r:p1udt228-p1udt62)p1u_12237,143.49509820136106,6217.171269961916
0,51647,2023-11-23T16:00,lower_activity_half,5.0,86.16676896810532,1.0,86.16676896810532,True,True,0.9791668316524528,1.0299995204308452,0,0,18,0.9271174913373376,recloser_disswitch(r:p1udt228-p1udt62)p1u_12237,146.12584948141605,6254.265673267385,True,0.9791668316524528,1.0299995204308452,0,0,18,0.9271174913373376,recloser_disswitch(r:p1udt228-p1udt62)p1u_12237,146.12584948141605,6254.265673267385
0,51647,2023-11-23T16:00,lower_activity_half,10.0,172.33353793621063,1.0,172.33353793621063,True,True,0.9686765850511107,1.0299995127132004,0,0,18,0.9420306851541106,recloser_disswitch(r:p1udt228-p1udt62)p1u_12237,153.659890136367,6347.917044548462,True,0.9686765850511107,1.0299995127132004,0,0,18,0.9420306851541106,recloser_disswitch(r:p1udt228-p1udt62)p1u_12237,153.659890136367,6347.917044548462
1,44103,2023-01-13T08:00,lower_activity_half,1.0,79.95436143875122,1.0,79.95436143875122,True,True,0.988198567923287,1.0299995212617112,0,0,18,0.9246526567177131,recloser_disswitch(r:p1udt228-p1udt62)p1u_12237,143.82867983259447,6245.815583379256,True,0.988198567923287,1.0299995212617112,0,0,18,0.9246526567177131,recloser_disswitch(r:p1udt228-p1udt62)p1u_12237,143.82867983259447,6245.815583379256
1,44103,2023-01-13T08:00,lower_activity_half,3.0,239.86308431625366,1.0,239.86308431625366,True,True,0.98520012784964,1.029999507907163,0,0,18,0.9490363239080138,recloser_disswitch(r:p1udt228-p1udt62)p1u_12237,151.95016932471387,6413.764757502339,True,0.98520012784964,1.029999507907163,0,0,18,0.9490363239080138,recloser_disswitch(r:p1udt228-p1udt62)p1u_12237,151.95016932471387,6413.764757502339
1,44103,2023-01-13T08:00,lower_activity_half,5.0,399.7718071937561,1.0,399.7718071937561,True,True,0.9800612415056317,1.0299994944637574,0,0,18,0.9735286521455293,recloser_disswitch(r:p1udt228-p1udt62)p1u_12237,160.56109293529755,6582.278603053719,True,0.9800612415056317,1.0299994944637574,0,0,18,0.9735286521455293,recloser_disswitch(r:p1udt228-p1udt62)p1u_12237,160.56109293529755,6582.278603053719
1,44103,2023-01-13T08:00,lower_activity_half,10.0,799.5436143875122,0.71514892578125,571.7927569444873,False,True,0.9668827901855344,1.029999460491526,0,0,18,1.0351831919430425,recloser_disswitch(r:p1udt228-p1udt62)p1u_12237,184.2736897302017,7005.653178384434,True,0.9744476682983553,1.0299994799034793,0,0,18,0.9999950064045158,recloser_disswitch(r:p1udt228-p1udt62)p1u_12237,170.38071256670156,6764.1638718561735
1,44752,2023-02-09T09:00,lower_activity_half,1.0,125.63688196241856,1.0,125.63688196241856,True,True,0.986633750323944,1.0299995173423253,0,0,18,0.9304558353000566,recloser_disswitch(r:p1udt228-p1udt62)p1u_12237,146.5584317493984,6294.2839233720015,True,0.986633750323944,1.0299995173423253,0,0,18,0.9304558353000566,recloser_disswitch(r:p1udt228-p1udt62)p1u_12237,146.5584317493984,6294.2839233720015
1,44752,2023-02-09T09:00,lower_activity_half,3.0,376.91064588725567,1.0,376.91064588725567,True,True,0.9812438467846397,1.0299994960287935,0,0,18,0.9665587520061864,recloser_disswitch(r:p1udt228-p1udt62)p1u_12237,160.878464063127,6559.698534201852,True,0.9812438467846397,1.0299994960287935,0,0,18,0.9665587520061864,recloser_disswitch(r:p1udt228-p1udt62)p1u_12237,160.878464063127,6559.698534201852
1,44752,2023-02-09T09:00,lower_activity_half,5.0,628.1844098120928,0.9671630859375,607.5567723316908,False,True,0.9757607593778654,1.0299994744297971,0,0,18,1.0029838684151133,recloser_disswitch(r:p1udt228-p1udt62)p1u_12237,176.72286835779207,6826.794576914273,True,0.9762125897522843,1.0299994762043216,0,0,18,0.9999981192363715,recloser_disswitch(r:p1udt228-p1udt62)p1u_12237,175.36957199851545,6804.916943996583
1,44752,2023-02-09T09:00,lower_activity_half,10.0,1256.3688196241856,0.48358154296875,607.5567723316908,False,True,0.9592076233390728,1.0299994191678294,0,0,18,1.0954503142810463,recloser_disswitch(r:p1udt228-p1udt62)p1u_12237,223.3255413909286,7501.64323109236,True,0.976212593773553,1.029999476204341,0,0,18,0.9999980835566231,recloser_disswitch(r:p1udt228-p1udt62)p1u_12237,175.36954500150043,6804.916709845145
1,46073,2023-04-05T10:00,upper_activity_half,1.0,190.9374189376831,1.0,190.9374189376831,True,True,0.9845658938486151,1.0299995118158967,0,0,18,0.9433130201444178,recloser_disswitch(r:p1udt228-p1udt62)p1u_12237,150.5373044359275,6363.574158483032,True,0.9845658938486151,1.0299995118158967,0,0,18,0.9433130201444178,recloser_disswitch(r:p1udt228-p1udt62)p1u_12237,150.5373044359275,6363.574158483032
1,46073,2023-04-05T10:00,upper_activity_half,3.0,572.8122568130493,0.939208984375,537.9904179589357,False,True,0.9675468112276505,1.0299994789914468,0,0,18,1.0057116040291338,recloser_disswitch(r:p1udt228-p1udt62)p1u_12237,175.6512499906477,6770.273839244037,True,0.9691281706751818,1.0299994820088736,0,0,18,0.9999997198327987,recloser_disswitch(r:p1udt228-p1udt62)p1u_12237,173.14408245776005,6733.125112496922
1,46073,2023-04-05T10:00,upper_activity_half,5.0,954.6870946884155,0.5634765625,537.9438023781404,False,True,0.9496000458511434,1.0299994451726264,3,0,18,1.0693595754032097,recloser_disswitch(r:p1udt228-p1udt62)p1u_12237,206.43662380288856,7183.083892954135,True,0.9691302867818296,1.0299994820129161,0,0,18,0.9999920617193405,recloser_disswitch(r:p1udt228-p1udt62)p1u_12237,173.14076092048325,6733.07531372466
1,46073,2023-04-05T10:00,upper_activity_half,10.0,1909.374189376831,0.28173828125,537.9438023781404,False,True,0.89979760406025,1.0299993558535485,18,0,18,1.5738249556202086,l(r:p1udt62lv-p1ulv157),311.86617144802995,8243.166409844112,True,0.9691302723549781,1.029999482012883,0,0,18,0.9999921230920222,recloser_disswitch(r:p1udt228-p1udt62)p1u_12237,173.1407820997307,6733.075709176373
1,46294,2023-04-14T15:00,lower_activity_half,1.0,91.37446284294128,1.0,91.37446284294128,True,True,0.9869631462312063,1.0299995202456715,0,0,18,0.9256817511235678,recloser_disswitch(r:p1udt228-p1udt62)p1u_12237,144.77689251376717,6258.254415844471,True,0.9869631462312063,1.0299995202456715,0,0,18,0.9256817511235678,recloser_disswitch(r:p1udt228-p1udt62)p1u_12237,144.77689251376717,6258.254415844471
1,46294,2023-04-14T15:00,lower_activity_half,3.0,274.12338852882385,1.0,274.12338852882385,True,True,0.9797563541171911,1.0299995048000337,0,0,18,0.9521779947319577,recloser_disswitch(r:p1udt228-p1udt62)p1u_12237,155.25229940679645,6451.307680098788,True,0.9797563541171911,1.0299995048000337,0,0,18,0.9521779947319577,recloser_disswitch(r:p1udt228-p1udt62)p1u_12237,155.25229940679645,6451.307680098788
1,46294,2023-04-14T15:00,lower_activity_half,5.0,456.8723142147064,1.0,456.8723142147064,True,True,0.9707949834996866,1.029999489149724,0,0,18,0.9789215442074989,recloser_disswitch(r:p1udt228-p1udt62)p1u_12237,166.87462351334287,6645.662425664262,True,0.9707949834996866,1.029999489149724,0,0,18,0.9789215442074989,recloser_disswitch(r:p1udt228-p1udt62)p1u_12237,166.87462351334287,6645.662425664262
1,46294,2023-04-14T15:00,lower_activity_half,10.0,913.7446284294128,0.65631103515625,599.700682952971,False,True,0.9472771388859139,1.029999449122397,5,0,18,1.0468434185242823,recloser_disswitch(r:p1udt228-p1udt62)p1u_12237,201.25216867187757,7136.954901139751,True,0.9636171749520598,1.029999476771432,0,0,18,0.9999995361178677,recloser_disswitch(r:p1udt228-p1udt62)p1u_12237,176.7881661839965,6798.479238866052
1,46385,2023-04-18T10:00,upper_activity_half,1.0,188.02274084091187,1.0,188.02274084091187,True,True,0.9840802581995802,1.029999512048991,0,0,18,0.9382302663113838,recloser_disswitch(r:p1udt228-p1udt62)p1u_12237,150.19881867205896,6360.32851418747,True,0.9840802581995802,1.029999512048991,0,0,18,0.9382302663113838,recloser_disswitch(r:p1udt228-p1udt62)p1u_12237,150.19881867205896,6360.32851418747
1,46385,2023-04-18T10:00,upper_activity_half,3.0,564.0682225227356,1.0,564.0682225227356,True,True,0.9732211087101748,1.0299994798822967,0,0,18,0.9901527141551608,recloser_disswitch(r:p1udt228-p1udt62)p1u_12237,173.41854384545823,6759.318076254441,True,0.9732211087101748,1.0299994798822967,0,0,18,0.9901527141551608,recloser_disswitch(r:p1udt228-p1udt62)p1u_12237,173.41854384545823,6759.318076254441
1,46385,2023-04-18T10:00,upper_activity_half,5.0,940.1137042045593,0.67498779296875,634.5652743407118,False,True,0.9595453754603507,1.0299994470302254,0,0,18,1.042824524478766,recloser_disswitch(r:p1udt228-p1udt62)p1u_12237,200.48282503160667,7162.354287574257,True,0.9706933544420463,1.0299994737599796,0,0,18,0.9999980423072938,recloser_disswitch(r:p1udt228-p1udt62)p1u_12237,178.20351268454928,6834.759170588574
1,46385,2023-04-18T10:00,upper_activity_half,10.0,1880.2274084091187,0.33746337890625,634.5078943538829,False,True,0.9226604431501265,1.029999361629576,19,0,18,1.6095502328939755,l(r:p1udm722-p1ulv1845),286.7589146276756,8188.948880865847,True,0.9706954157202706,1.02999947376496,0,0,18,0.9999900390145039,recloser_disswitch(r:p1udt228-p1udt62)p1u_12237,178.19956324283734,6834.697854842649
1,46413,2023-04-19T14:00,lower_activity_half,1.0,57.698155641555786,1.0,57.698155641555786,True,True,0.9880186177030046,1.0299995231014405,0,0,18,0.9216468770175112,recloser_disswitch(r:p1udt228-p1udt62)p1u_12237,142.8288991791377,6222.6614197560975,True,0.9880186177030046,1.0299995231014405,0,0,18,0.9216468770175112,recloser_disswitch(r:p1udt228-p1udt62)p1u_12237,142.8288991791377,6222.6614197560975
1,46413,2023-04-19T14:00,lower_activity_half,3.0,173.09446692466736,1.0,173.09446692466736,True,True,0.9854509919527246,1.0299995134695608,0,0,18,0.9399528952900702,recloser_disswitch(r:p1udt228-p1udt62)p1u_12237,148.82056726401294,6343.877135405921,True,0.9854509919527246,1.0299995134695608,0,0,18,0.9399528952900702,recloser_disswitch(r:p1udt228-p1udt62)p1u_12237,148.82056726401294,6343.877135405921
1,46413,2023-04-19T14:00,lower_activity_half,5.0,288.49077820777893,1.0,288.49077820777893,True,True,0.9828607070529863,1.0299995037669654,0,0,18,0.9583526916276611,recloser_disswitch(r:p1udt228-p1udt62)p1u_12237,155.14683185241114,6465.59596590635,True,0.9828607070529863,1.0299995037669654,0,0,18,0.9583526916276611,recloser_disswitch(r:p1udt228-p1udt62)p1u_12237,155.14683185241114,6465.59596590635
1,46413,2023-04-19T14:00,lower_activity_half,10.0,576.9815564155579,0.9498291015625,548.0338733483222,False,True,0.9757533237488726,1.029999479261442,0,0,18,1.004647206221395,recloser_disswitch(r:p1udt228-p1udt62)p1u_12237,172.42410414444953,6771.289230747679,True,0.976521787286703,1.0299994817282705,0,0,18,0.9999977814401747,recloser_disswitch(r:p1udt228-p1udt62)p1u_12237,170.59987592803344,6740.624311599784
1,46948,2023-05-11T21:00,lower_activity_half,1.0,43.385165214538574,1.0,43.385165214538574,True,True,0.9884912016189651,1.0299995242156408,0,0,18,0.9187567898350675,recloser_disswitch(r:p1udt228-p1udt62)p1u_12237,142.52016469538148,6208.002536461078,True,0.9884912016189651,1.0299995242156408,0,0,18,0.9187567898350675,recloser_disswitch(r:p1udt228-p1udt62)p1u_12237,142.52016469538148,6208.002536461078
1,46948,2023-05-11T21:00,lower_activity_half,3.0,130.15549564361572,1.0,130.15549564361572,True,True,0.985743669275327,1.029999516793873,0,0,18,0.9313103331334573,recloser_disswitch(r:p1udt228-p1udt62)p1u_12237,147.9678076752403,6300.0846348979885,True,0.985743669275327,1.029999516793873,0,0,18,0.9313103331334573,recloser_disswitch(r:p1udt228-p1udt62)p1u_12237,147.9678076752403,6300.0846348979885
1,46948,2023-05-11T21:00,lower_activity_half,5.0,216.92582607269287,1.0,216.92582607269287,True,True,0.9809741528750819,1.0299995092916618,0,0,18,0.9439675181195741,recloser_disswitch(r:p1udt228-p1udt62)p1u_12237,153.84329580594806,6392.725323032128,True,0.9809741528750819,1.0299995092916618,0,0,18,0.9439675181195741,recloser_disswitch(r:p1udt228-p1udt62)p1u_12237,153.84329580594806,6392.725323032128
1,46948,2023-05-11T21:00,lower_activity_half,10.0,433.85165214538574,1.0,433.85165214538574,True,True,0.968745272935534,1.0299994902269565,0,0,18,0.9759785306034887,recloser_disswitch(r:p1udt228-p1udt62)p1u_12237,170.44393543931943,6626.161468650236,True,0.968745272935534,1.0299994902269565,0,0,18,0.9759785306034887,recloser_disswitch(r:p1udt228-p1udt62)p1u_12237,170.44393543931943,6626.161468650236
1,47304,2023-05-26T17:00,lower_activity_half,1.0,83.14106774330139,1.0,83.14106774330139,True,True,0.9862442896021328,1.0299995208582176,0,0,18,0.925720674290574,recloser_disswitch(r:p1udt228-p1udt62)p1u_12237,144.77586329221808,6250.017144522733,True,0.9862442896021328,1.0299995208582176,0,0,18,0.925720674290574,recloser_disswitch(r:p1udt228-p1udt62)p1u_12237,144.77586329221808,6250.017144522733
1,47304,2023-05-26T17:00,lower_activity_half,3.0,249.42320322990417,1.0,249.42320322990417,True,True,0.9728007909178119,1.0299995065654157,0,0,18,0.9523968795193563,recloser_disswitch(r:p1udt228-p1udt62)p1u_12237,155.72660481175498,6427.068870221613,True,0.9728007909178119,1.0299995065654157,0,0,18,0.9523968795193563,recloser_disswitch(r:p1udt228-p1udt62)p1u_12237,155.72660481175498,6427.068870221613
1,47304,2023-05-26T17:00,lower_activity_half,5.0,415.70533871650696,1.0,415.70533871650696,True,True,0.958782804162498,1.029999491959791,0,0,18,0.9794722853415041,recloser_disswitch(r:p1udt228-p1udt62)p1u_12237,168.53560774471558,6606.126730413178,True,0.958782804162498,1.029999491959791,0,0,18,0.9794722853415041,recloser_disswitch(r:p1udt228-p1udt62)p1u_12237,168.53560774471558,6606.126730413178
1,47304,2023-05-26T17:00,lower_activity_half,10.0,831.4106774330139,0.6207275390625,516.0795037532807,False,True,0.9207502115421975,1.029999453935751,6,0,18,1.3270944259978628,l(r:p1udt62lv-p1ulv157),209.7739292331083,7063.163536510555,True,0.9500038590663515,1.0299994829752437,0,0,18,0.9960332206601774,recloser_disswitch(r:p1udt228-p1udt62)p1u_12237,177.23777059886282,6715.3081375249385
1,47458,2023-06-02T03:00,lower_activity_half,1.0,11.082432746887207,1.0,11.082432746887207,True,True,0.9892502643751215,1.0299995269620343,0,0,18,0.9143635960682179,recloser_disswitch(r:p1udt228-p1udt62)p1u_12237,140.63970372913252,6173.844051709442,True,0.9892502643751215,1.0299995269620343,0,0,18,0.9143635960682179,recloser_disswitch(r:p1udt228-p1udt62)p1u_12237,140.63970372913252,6173.844051709442
1,47458,2023-06-02T03:00,lower_activity_half,3.0,33.24729824066162,1.0,33.24729824066162,True,True,0.9857971245222406,1.0299995250673701,0,0,18,0.9180878568807271,recloser_disswitch(r:p1udt228-p1udt62)p1u_12237,142.1456746026486,6197.375332239535,True,0.9857971245222406,1.0299995250673701,0,0,18,0.9180878568807271,recloser_disswitch(r:p1udt228-p1udt62)p1u_12237,142.1456746026486,6197.375332239535
1,47458,2023-06-02T03:00,lower_activity_half,5.0,55.412163734436035,1.0,55.412163734436035,True,True,0.9811385010590208,1.0299995231326255,0,0,18,0.9218696451037812,recloser_disswitch(r:p1udt228-p1udt62)p1u_12237,143.83761179728785,6221.230166794588,True,0.9811385010590208,1.0299995231326255,0,0,18,0.9218696451037812,recloser_disswitch(r:p1udt228-p1udt62)p1u_12237,143.83761179728785,6221.230166794588
1,47458,2023-06-02T03:00,lower_activity_half,10.0,110.82432746887207,1.0,110.82432746887207,True,True,0.9691875525957555,1.0299995181663857,0,0,18,0.931486054960153,recloser_disswitch(r:p1udt228-p1udt62)p1u_12237,148.88817791951467,6281.662201277456,True,0.9691875525957555,1.0299995181663857,0,0,18,0.931486054960153,recloser_disswitch(r:p1udt228-p1udt62)p1u_12237,148.88817791951467,6281.662201277456
1,47868,2023-06-19T05:00,lower_activity_half,1.0,3.571868658065796,1.0,3.571868658065796,True,True,0.9889452699879371,1.029999527610504,0,0,18,0.9130853766257782,recloser_disswitch(r:p1udt228-p1udt62)p1u_12237,140.15481625594,6165.746656102876,True,0.9889452699879371,1.029999527610504,0,0,18,0.9130853766257782,recloser_disswitch(r:p1udt228-p1udt62)p1u_12237,140.15481625594,6165.746656102876
1,47868,2023-06-19T05:00,lower_activity_half,3.0,10.715605974197388,1.0,10.715605974197388,True,True,0.9882407965793006,1.0299995270100661,0,0,18,0.9142707844571606,recloser_disswitch(r:p1udt228-p1udt62)p1u_12237,140.57706942434027,6173.249406592313,True,0.9882407965793006,1.0299995270100661,0,0,18,0.9142707844571606,recloser_disswitch(r:p1udt228-p1udt62)p1u_12237,140.57706942434027,6173.249406592313
1,47868,2023-06-19T05:00,lower_activity_half,5.0,17.85934329032898,1.0,17.85934329032898,True,True,0.987533495330428,1.0299995264033928,0,0,18,0.9154672508129733,recloser_disswitch(r:p1udt228-p1udt62)p1u_12237,141.00851751820136,6180.82357100063,True,0.987533495330428,1.0299995264033928,0,0,18,0.9154672508129733,recloser_disswitch(r:p1udt228-p1udt62)p1u_12237,141.00851751820136,6180.82357100063
1,47868,2023-06-19T05:00,lower_activity_half,10.0,35.71868658065796,1.0,35.71868658065796,True,True,0.9857597916101994,1.0299995248864506,0,0,18,0.9184556084602968,recloser_disswitch(r:p1udt228-p1udt62)p1u_12237,142.11214723354962,6199.729725720654,True,0.9857597916101994,1.0299995248864506,0,0,18,0.9184556084602968,recloser_disswitch(r:p1udt228-p1udt62)p1u_12237,142.11214723354962,6199.729725720654
1,48214,2023-07-03T15:00,lower_activity_half,1.0,73.25083684921265,1.0,73.25083684921265,True,True,0.986660085974552,1.0299995217295574,0,0,18,0.9232924846409519,recloser_disswitch(r:p1udt228-p1udt62)p1u_12237,144.07493101746508,6239.307034121966,True,0.986660085974552,1.0299995217295574,0,0,18,0.9232924846409519,recloser_disswitch(r:p1udt228-p1udt62)p1u_12237,144.07493101746508,6239.307034121966
1,48214,2023-07-03T15:00,lower_activity_half,3.0,219.75251054763794,1.0,219.75251054763794,True,True,0.9810814045052613,1.0299995092425918,0,0,18,0.9450458578515638,recloser_disswitch(r:p1udt228-p1udt62)p1u_12237,153.0358525120587,6394.726929580343,True,0.9810814045052613,1.0299995092425918,0,0,18,0.9450458578515638,recloser_disswitch(r:p1udt228-p1udt62)p1u_12237,153.0358525120587,6394.726929580343
1,48214,2023-07-03T15:00,lower_activity_half,5.0,366.25418424606323,1.0,366.25418424606323,True,True,0.9730559301367382,1.0299994965916384,0,0,18,0.9669963132685508,recloser_disswitch(r:p1udt228-p1udt62)p1u_12237,162.96021646544224,6551.138647710368,True,0.9730559301367382,1.0299994965916384,0,0,18,0.9669963132685508,recloser_disswitch(r:p1udt228-p1udt62)p1u_12237,162.96021646544224,6551.138647710368
1,48214,2023-07-03T15:00,lower_activity_half,10.0,732.5083684921265,0.797119140625,583.8964411930647,False,True,0.9520949931318383,1.0299994642056807,0,0,18,1.0227868976456498,recloser_disswitch(r:p1udt228-p1udt62)p1u_12237,192.25404546016222,6946.725316810508,True,0.9607599431506285,1.029999477476696,0,0,18,0.9999947856184119,recloser_disswitch(r:p1udt228-p1udt62)p1u_12237,179.5717427315034,6785.458934285047
1,48449,2023-07-13T10:00,upper_activity_half,1.0,185.93796157836914,1.0,185.93796157836914,True,True,0.9835870620026231,1.0299995122168795,0,0,18,0.9399331938693765,recloser_disswitch(r:p1udt228-p1udt62)p1u_12237,150.38766533029724,6358.453435631992,True,0.9835870620026231,1.0299995122168795,0,0,18,0.9399331938693765,recloser_disswitch(r:p1udt228-p1udt62)p1u_12237,150.38766533029724,6358.453435631992
1,48449,2023-07-13T10:00,upper_activity_half,3.0,557.8138847351074,1.0,557.8138847351074,True,True,0.9667550044973446,1.0299994802575667,0,0,18,0.9954623725434147,recloser_disswitch(r:p1udt228-p1udt62)p1u_12237,174.88835948896073,6754.510083474817,True,0.9667550044973446,1.0299994802575667,0,0,18,0.9954623725434147,recloser_disswitch(r:p1udt228-p1udt62)p1u_12237,174.88835948896073,6754.510083474817
1,48449,2023-07-13T10:00,upper_activity_half,5.0,929.6898078918457,0.632080078125,587.6384064042941,False,True,0.9482059634968293,1.029999447378153,3,0,18,1.052111441286802,recloser_disswitch(r:p1udt228-p1udt62)p1u_12237,204.63331054878012,7156.284455517525,True,0.9652975078612713,1.0299994776384152,0,0,18,0.9999933582349316,recloser_disswitch(r:p1udt228-p1udt62)p1u_12237,177.08622182722414,6786.7154056384425
1,48449,2023-07-13T10:00,upper_activity_half,10.0,1859.3796157836914,0.3160400390625,587.6384064042941,False,True,0.8965242177943552,1.0299993607746019,21,0,18,1.6276807821381152,l(r:p1udt62lv-p1ulv157),305.45543109431355,8186.7570375523355,True,0.9652974909513401,1.029999477638381,0,0,18,0.9999934172143145,recloser_disswitch(r:p1udt228-p1udt62)p1u_12237,177.08624581482837,6786.7158093083835
1,48450,2023-07-13T11:00,upper_activity_half,1.0,197.65360134840012,1.0,197.65360134840012,True,True,0.984169027342573,1.0299995112447142,0,0,18,0.9404745109424215,recloser_disswitch(r:p1udt228-p1udt62)p1u_12237,150.89766043203548,6370.663213229112,True,0.984169027342573,1.0299995112447142,0,0,18,0.9404745109424215,recloser_disswitch(r:p1udt228-p1udt62)p1u_12237,150.89766043203548,6370.663213229112
1,48450,2023-07-13T11:00,upper_activity_half,3.0,592.9608040452003,1.0,592.9608040452003,True,True,0.9663019900613965,1.0299994773162247,0,0,18,0.9970912129934841,recloser_disswitch(r:p1udt228-p1udt62)p1u_12237,176.51606093388432,6791.280829477394,True,0.9663019900613965,1.0299994773162247,0,0,18,0.9970912129934841,recloser_disswitch(r:p1udt228-p1udt62)p1u_12237,176.51606093388432,6791.280829477394
1,48450,2023-07-13T11:00,upper_activity_half,5.0,988.2680067420006,0.6201171875,612.8419768370804,False,True,0.9474132296222327,1.029999442441835,5,0,18,1.0548196806946384,recloser_disswitch(r:p1udt228-p1udt62)p1u_12237,207.4963330917314,7217.726063349835,True,0.9653691509823222,1.0299994755681896,0,0,18,0.999997536250313,recloser_disswitch(r:p1udt228-p1udt62)p1u_12237,177.95420061593285,6812.786960672195
1,48450,2023-07-13T11:00,upper_activity_half,10.0,1976.5360134840012,0.31005859375,612.8419768370804,False,True,0.8946944782809674,1.0299993507529412,18,0,18,1.6483558611024864,l(r:p1udt62lv-p1ulv157),311.8301794014044,8310.29003986678,True,0.9653691334430593,1.0299994755681536,0,0,18,0.9999975947627049,recloser_disswitch(r:p1udt228-p1udt62)p1u_12237,177.95422756311024,6812.787384239521
1,49081,2023-08-08T18:00,upper_activity_half,1.0,184.03811740875244,1.0,184.03811740875244,True,True,0.9832062116189142,1.0299995123123387,0,0,18,0.9404488614243116,recloser_disswitch(r:p1udt228-p1udt62)p1u_12237,150.64504806763603,6356.79952374386,True,0.9832062116189142,1.0299995123123387,0,0,18,0.9404488614243116,recloser_disswitch(r:p1udt228-p1udt62)p1u_12237,150.64504806763603,6356.79952374386
1,49081,2023-08-08T18:00,upper_activity_half,3.0,552.1143522262573,1.0,552.1143522262573,True,True,0.9653152988821534,1.0299994804685058,0,0,18,0.9971277725944816,recloser_disswitch(r:p1udt228-p1udt62)p1u_12237,176.04569551208454,6750.134676987838,True,0.9653152988821534,1.0299994804685058,0,0,18,0.9971277725944816,recloser_disswitch(r:p1udt228-p1udt62)p1u_12237,176.04569551208454,6750.134676987838
1,49081,2023-08-08T18:00,upper_activity_half,5.0,920.1905870437622,0.6199951171875,570.5136708490318,False,True,0.9456689663052104,1.029999447649036,6,0,18,1.0955948104301017,l(r:p1udm722-p1ulv1845),207.23567229606672,7149.383053457144,True,0.964359785665895,1.0299994788500588,0,0,18,0.9999945447736973,recloser_disswitch(r:p1udt228-p1udt62)p1u_12237,177.4639863726045,6769.968473819785
1,49081,2023-08-08T18:00,upper_activity_half,10.0,1840.3811740875244,0.30999755859375,570.5136708490318,False,True,0.8904505221265553,1.0299993606461533,21,0,18,1.8736583508194196,l(r:p1udm722-p1ulv1845),314.98428008424486,8177.266037515057,True,0.9643598046326787,1.0299994788500961,0,0,18,0.9999944767391685,recloser_disswitch(r:p1udt228-p1udt62)p1u_12237,177.46399137796038,6769.968034972275
1,49289,2023-08-17T10:00,upper_activity_half,1.0,186.71374398469925,1.0,186.71374398469925,True,True,0.9835570848921863,1.0299995121288485,0,0,18,0.9409304479501798,recloser_disswitch(r:p1udt228-p1udt62)p1u_12237,150.51829364540495,6359.347927257303,True,0.9835570848921863,1.0299995121288485,0,0,18,0.9409304479501798,recloser_disswitch(r:p1udt228-p1udt62)p1u_12237,150.51829364540495,6359.347927257303
1,49289,2023-08-17T10:00,upper_activity_half,3.0,560.1412319540977,1.0,560.1412319540977,True,True,0.9716920556788128,1.0299994800117145,0,0,18,0.9984388810304737,recloser_disswitch(r:p1udt228-p1udt62)p1u_12237,175.08832325389918,6757.044123479709,True,0.9716920556788128,1.0299994800117145,0,0,18,0.9984388810304737,recloser_disswitch(r:p1udt228-p1udt62)p1u_12237,175.08832325389918,6757.044123479709
1,49289,2023-08-17T10:00,upper_activity_half,5.0,933.5687199234962,0.61053466796875,569.9760684445027,False,True,0.9568650076214604,1.0299994470188063,0,0,18,1.0570186363133647,recloser_disswitch(r:p1udt228-p1udt62)p1u_12237,204.55746101880112,7160.091777940473,True,0.9713047962943997,1.0299994791382225,0,0,18,0.9999962368592336,recloser_disswitch(r:p1udt228-p1udt62)p1u_12237,175.81084972252648,6767.7773166133165
1,49289,2023-08-17T10:00,upper_activity_half,10.0,1867.1374398469925,0.30523681640625,569.9190879318121,False,True,0.916572002274011,1.0299993604689996,21,0,18,1.4337606724602139,l(r:p1udm722-p1ulv1845),302.17206529001567,8191.257009884475,True,0.9713070112335732,1.0299994791431921,0,0,18,0.9999873794218592,recloser_disswitch(r:p1udt228-p1udt62)p1u_12237,175.80671432119374,6767.7162090021875
1,49408,2023-08-22T09:00,upper_activity_half,1.0,197.64600601792336,1.0,197.64600601792336,True,True,0.9845476852114616,1.029999511248879,0,0,18,0.9424189872886344,recloser_disswitch(r:p1udt228-p1udt62)p1u_12237,150.7694980183122,6370.521017287822,True,0.9845476852114616,1.029999511248879,0,0,18,0.9424189872886344,recloser_disswitch(r:p1udt228-p1udt62)p1u_12237,150.7694980183122,6370.521017287822
1,49408,2023-08-22T09:00,upper_activity_half,3.0,592.9380180537701,0.484375,287.2043524947949,False,True,0.9748382879524208,1.0299994774243395,0,0,18,1.0028337364190247,recloser_disswitch(r:p1udt228-p1udt62)p1u_12237,175.46859010471292,6790.232163477273,True,0.9823734557179385,1.0299995036453709,0,0,18,0.9560388541554807,recloser_disswitch(r:p1udt228-p1udt62)p1u_12237,156.00380704162714,6465.288867390659
1,49408,2023-08-22T09:00,upper_activity_half,5.0,988.2300300896168,0.5811767578125,574.3363248604328,False,True,0.9623376406304759,1.0299994428145882,0,0,18,1.0641933923324765,recloser_disswitch(r:p1udt228-p1udt62)p1u_12237,204.49165405726717,7214.676160439111,True,0.9753021197309374,1.0299994790188738,0,0,18,0.9999957813465976,recloser_disswitch(r:p1udt228-p1udt62)p1u_12237,174.22072884804382,6770.547792248432
1,49408,2023-08-22T09:00,upper_activity_half,10.0,1976.4600601792336,0.29058837890625,574.3363248604328,False,True,0.9289007785356986,1.029999352734269,24,0,18,1.221804841468177,recloser_disswitch(r:p1udt228-p1udt62)p1u_12237,297.72596592882076,8295.930346424766,True,0.975302126861359,1.0299994790189047,0,0,18,0.9999957301925742,recloser_disswitch(r:p1udt228-p1udt62)p1u_12237,174.2206924190522,6770.547423122667
1,49409,2023-08-22T10:00,upper_activity_half,1.0,219.909832239151,1.0,219.909832239151,True,True,0.9847390384962915,1.0299995093858316,0,0,18,0.9443092553000723,recloser_disswitch(r:p1udt228-p1udt62)p1u_12237,151.8049404281876,6393.8073030488595,True,0.9847390384962915,1.0299995093858316,0,0,18,0.9443092553000723,recloser_disswitch(r:p1udt228-p1udt62)p1u_12237,151.8049404281876,6393.8073030488595
1,49409,2023-08-22T10:00,upper_activity_half,3.0,659.729496717453,0.9124755859375,601.9870590775099,False,True,0.9754381963306722,1.0299994718628764,0,0,18,1.0084397785895065,recloser_disswitch(r:p1udt228-p1udt62)p1u_12237,178.37681074157356,6859.924726019386,True,0.9766716357935119,1.029999476816127,0,0,18,0.9999985927583059,recloser_disswitch(r:p1udt228-p1udt62)p1u_12237,174.6731670166176,6798.650838837653
1,49409,2023-08-22T10:00,upper_activity_half,5.0,1099.549161195755,0.5474853515625,601.9870590775099,False,True,0.9658666912151027,1.0299994336265685,0,0,18,1.0733698385329322,recloser_disswitch(r:p1udt228-p1udt62)p1u_12237,208.93619338088726,7330.2043850570635,True,0.9766716331253178,1.029999476816114,0,0,18,0.9999986167578876,recloser_disswitch(r:p1udt228-p1udt62)p1u_12237,174.67317401608616,6798.6509928845835
1,49409,2023-08-22T10:00,upper_activity_half,10.0,2199.09832239151,0.27374267578125,601.9870590775099,False,True,0.9406185298550693,1.0299993347110827,18,0,18,1.2727890540813387,l(r:p1udm822-p1ulv579),304.1143136090383,8525.002298966088,True,0.9766716397325942,1.029999476816146,0,0,18,0.9999985573133328,recloser_disswitch(r:p1udt228-p1udt62)p1u_12237,174.6731599668308,6798.650612389492
1,49410,2023-08-22T11:00,upper_activity_half,1.0,204.56667828559875,1.0,204.56667828559875,True,True,0.9834829417893997,1.0299995106505313,0,0,18,0.9426952500116486,recloser_disswitch(r:p1udt228-p1udt62)p1u_12237,151.18416529214264,6377.849867210875,True,0.9834829417893997,1.0299995106505313,0,0,18,0.9426952500116486,recloser_disswitch(r:p1udt228-p1udt62)p1u_12237,151.18416529214264,6377.849867210875
1,49410,2023-08-22T11:00,upper_activity_half,3.0,613.7000348567963,0.480224609375,294.71385951252887,False,True,0.971549441412345,1.0299994756613373,0,0,18,1.003611371696905,recloser_disswitch(r:p1udt228-p1udt62)p1u_12237,176.52005277506726,6812.04023283864,True,0.9808885545357923,1.0299995029951579,0,0,18,0.956058466305086,recloser_disswitch(r:p1udt228-p1udt62)p1u_12237,156.435449241184,6473.232979906557
1,49410,2023-08-22T11:00,upper_activity_half,5.0,1022.8333914279938,0.57623291015625,589.3902617475396,False,True,0.9591582242111908,1.0299994399355947,0,0,18,1.0653939194108637,recloser_disswitch(r:p1udt228-p1udt62)p1u_12237,205.89541829532848,7250.682249449117,True,0.9722664491942345,1.0299994777457018,0,0,18,0.9999944568906217,recloser_disswitch(r:p1udt228-p1udt62)p1u_12237,174.91366167560264,6786.294316747801
1,49410,2023-08-22T11:00,upper_activity_half,10.0,2045.6667828559875,0.2880859375,589.3278329516761,False,True,0.9259269811031607,1.029999347302413,21,0,18,1.6336300529027061,l(r:p1udm722-p1ulv1845),298.5284179492445,8366.157366336816,True,0.9722682811839418,1.0299994777510262,0,0,18,0.9999852173378985,recloser_disswitch(r:p1udt228-p1udt62)p1u_12237,174.90958365194436,6786.228519714816
1,49458,2023-08-24T11:00,upper_activity_half,1.0,192.7057340145111,1.0,192.7057340145111,True,True,0.9838252376670598,1.0299995117257421,0,0,18,0.9408604288962471,recloser_disswitch(r:p1udt228-p1udt62)p1u_12237,150.1645140015859,6364.975410901636,True,0.9838252376670598,1.0299995117257421,0,0,18,0.9408604288962471,recloser_disswitch(r:p1udt228-p1udt62)p1u_12237,150.1645140015859,6364.975410901636
1,49458,2023-08-24T11:00,upper_activity_half,3.0,578.1172020435333,1.0,578.1172020435333,True,True,0.9726105663669296,1.0299994789700204,0,0,18,0.998009896944965,recloser_disswitch(r:p1udt228-p1udt62)p1u_12237,172.98312553707993,6772.943624059643,True,0.9726105663669296,1.0299994789700204,0,0,18,0.998009896944965,recloser_disswitch(r:p1udt228-p1udt62)p1u_12237,172.98312553707993,6772.943624059643
1,49458,2023-08-24T11:00,upper_activity_half,5.0,963.5286700725555,0.6136474609375,591.2669219305099,False,True,0.9609957982061296,1.0299994456157127,0,0,18,1.0558519926517884,recloser_disswitch(r:p1udt228-p1udt62)p1u_12237,199.15109246215155,7184.462621906983,True,0.9722169224017893,1.0299994778284383,0,0,18,0.9999959562447046,recloser_disswitch(r:p1udt228-p1udt62)p1u_12237,173.82858204973348,6787.086212027811
1,49458,2023-08-24T11:00,upper_activity_half,10.0,1927.057340145111,0.30682373046875,591.2669219305099,False,True,0.9299616888002054,1.0299993594429024,18,0,18,1.365158384117163,l(r:p1udm722-p1ulv1845),280.4791670350481,8229.340265232808,True,0.9722169313774675,1.029999477828467,0,0,18,0.9999959067862056,recloser_disswitch(r:p1udt228-p1udt62)p1u_12237,173.82855207382875,6787.085868874814
1,49459,2023-08-24T12:00,upper_activity_half,1.0,189.81134700775146,1.0,189.81134700775146,True,True,0.985017264424342,1.0299995119613852,0,0,18,0.9416038855280042,recloser_disswitch(r:p1udt228-p1udt62)p1u_12237,150.11295462151799,6362.0211707376275,True,0.985017264424342,1.0299995119613852,0,0,18,0.9416038855280042,recloser_disswitch(r:p1udt228-p1udt62)p1u_12237,150.11295462151799,6362.0211707376275
1,49459,2023-08-24T12:00,upper_activity_half,3.0,569.4340410232544,0.99700927734375,567.7310217355262,False,True,0.9742530182306005,1.029999479695337,0,0,18,1.0002410390827539,recloser_disswitch(r:p1udt228-p1udt62)p1u_12237,172.74974921242094,6764.032071009959,True,0.9743005343701459,1.0299994798288037,0,0,18,0.9999990090240257,recloser_disswitch(r:p1udt228-p1udt62)p1u_12237,172.6491324498599,6762.370540141471
1,49459,2023-08-24T12:00,upper_activity_half,5.0,949.0567350387573,0.59820556640625,567.7310217355262,False,True,0.9627779358888127,1.029999446862127,0,0,18,1.0595619561080492,recloser_disswitch(r:p1udt228-p1udt62)p1u_12237,198.61585321534,7169.465362549924,True,0.9743005343177633,1.0299994798288035,0,0,18,0.9999990130536114,recloser_disswitch(r:p1udt228-p1udt62)p1u_12237,172.64912662331363,6762.370543491891
1,49459,2023-08-24T12:00,upper_activity_half,10.0,1898.1134700775146,0.299072265625,567.673095909413,False,True,0.9322866882160831,1.0299993621546546,18,0,18,1.21102437510833,recloser_disswitch(r:p1udt228-p1udt62)p1u_12237,278.5338351283666,8198.477489686114,True,0.9743022425072873,1.0299994798337155,0,0,18,0.9999901099279539,recloser_disswitch(r:p1udt228-p1udt62)p1u_12237,172.64547437111244,6762.309585472081
1,49553,2023-08-28T10:00,upper_activity_half,1.0,197.9076976776123,1.0,197.9076976776123,True,True,0.9841926982782254,1.0299995112044547,0,0,18,0.9393548749854516,recloser_disswitch(r:p1udt228-p1udt62)p1u_12237,150.88258199666578,6370.878680713472,True,0.9841926982782254,1.0299995112044547,0,0,18,0.9393548749854516,recloser_disswitch(r:p1udt228-p1udt62)p1u_12237,150.88258199666578,6370.878680713472
1,49553,2023-08-28T10:00,upper_activity_half,3.0,593.7230930328369,1.0,593.7230930328369,True,True,0.973744460032788,1.029999477315289,0,0,18,0.9935552075840058,recloser_disswitch(r:p1udt228-p1udt62)p1u_12237,175.58124936728612,6791.130438247975,True,0.973744460032788,1.029999477315289,0,0,18,0.9935552075840058,recloser_disswitch(r:p1udt228-p1udt62)p1u_12237,175.58124936728612,6791.130438247975
1,49553,2023-08-28T10:00,upper_activity_half,5.0,989.5384883880615,0.64697265625,640.204344294034,False,True,0.9629449626778506,1.0299994427071033,0,0,18,1.0485256286572442,recloser_disswitch(r:p1udt228-p1udt62)p1u_12237,204.2375534453261,7215.532353214004,True,0.9724907999819808,1.0299994732727622,0,0,18,0.9999982953646699,recloser_disswitch(r:p1udt228-p1udt62)p1u_12237,178.7481121015964,6840.943214597911
1,49553,2023-08-28T10:00,upper_activity_half,10.0,1979.076976776123,0.323486328125,640.204344294034,False,True,0.9342093655376803,1.0299993528361384,9,0,18,1.5656393149683525,l(r:p1udm722-p1ulv1845),294.60363194508324,8295.472918367399,True,0.9724907913732987,1.0299994732727287,0,0,18,0.9999983534115079,recloser_disswitch(r:p1udt228-p1udt62)p1u_12237,178.7481414786184,6840.943607133264
1,49846,2023-09-09T15:00,lower_activity_half,1.0,30.41227789223194,1.0,30.41227789223194,True,True,0.9891672788362534,1.0299995253725962,0,0,18,0.9165678779337244,recloser_disswitch(r:p1udt228-p1udt62)p1u_12237,141.43255361967215,6193.984832946925,True,0.9891672788362534,1.0299995253725962,0,0,18,0.9165678779337244,recloser_disswitch(r:p1udt228-p1udt62)p1u_12237,141.43255361967215,6193.984832946925
1,49846,2023-09-09T15:00,lower_activity_half,3.0,91.23683367669582,1.0,91.23683367669582,True,True,0.9880424150673052,1.0299995203101941,0,0,18,0.9246817947211138,recloser_disswitch(r:p1udt228-p1udt62)p1u_12237,144.47769743718138,6257.691133779056,True,0.9880424150673052,1.0299995203101941,0,0,18,0.9246817947211138,recloser_disswitch(r:p1udt228-p1udt62)p1u_12237,144.47769743718138,6257.691133779056
1,49846,2023-09-09T15:00,lower_activity_half,5.0,152.0613894611597,1.0,152.0613894611597,True,True,0.9848520809208625,1.0299995152142973,0,0,18,0.9328424288038131,recloser_disswitch(r:p1udt228-p1udt62)p1u_12237,147.64888565572878,6321.685544336523,True,0.9848520809208625,1.0299995152142973,0,0,18,0.9328424288038131,recloser_disswitch(r:p1udt228-p1udt62)p1u_12237,147.64888565572878,6321.685544336523
1,49846,2023-09-09T15:00,lower_activity_half,10.0,304.1227789223194,1.0,304.1227789223194,True,True,0.9767446481199358,1.0299995023868858,0,0,18,0.9533379878799788,recloser_disswitch(r:p1udt228-p1udt62)p1u_12237,156.1058601744037,6482.172158233887,True,0.9767446481199358,1.0299995023868858,0,0,18,0.9533379878799788,recloser_disswitch(r:p1udt228-p1udt62)p1u_12237,156.1058601744037,6482.172158233887
1,50168,2023-09-23T01:00,lower_activity_half,1.0,8.444974184036255,1.0,8.444974184036255,True,True,0.9885897250165615,1.0299995271868103,0,0,18,0.9139154945644502,recloser_disswitch(r:p1udt228-p1udt62)p1u_12237,140.49719677513312,6170.992068728983,True,0.9885897250165615,1.0299995271868103,0,0,18,0.9139154945644502,recloser_disswitch(r:p1udt228-p1udt62)p1u_12237,140.49719677513312,6170.992068728983
1,50168,2023-09-23T01:00,lower_activity_half,3.0,25.334922552108765,1.0,25.334922552108765,True,True,0.9871725038756154,1.0299995257470715,0,0,18,0.9167434461962582,recloser_disswitch(r:p1udt228-p1udt62)p1u_12237,141.6224719736366,6188.854448474428,True,0.9871725038756154,1.0299995257470715,0,0,18,0.9167434461962582,recloser_disswitch(r:p1udt228-p1udt62)p1u_12237,141.6224719736366,6188.854448474428
1,50168,2023-09-23T01:00,lower_activity_half,5.0,42.224870920181274,1.0,42.224870920181274,True,True,0.985745878447947,1.0299995242883253,0,0,18,0.919602696953561,recloser_disswitch(r:p1udt228-p1udt62)p1u_12237,142.79498064648905,6206.9112877382095,True,0.985745878447947,1.0299995242883253,0,0,18,0.919602696953561,recloser_disswitch(r:p1udt228-p1udt62)p1u_12237,142.79498064648905,6206.9112877382095
1,50168,2023-09-23T01:00,lower_activity_half,10.0,84.44974184036255,1.0,84.44974184036255,True,True,0.9821456054914696,1.0299995206029975,0,0,18,0.926803122156727,recloser_disswitch(r:p1udt228-p1udt62)p1u_12237,145.9101203698733,6252.331440266941,True,0.9821456054914696,1.0299995206029975,0,0,18,0.926803122156727,recloser_disswitch(r:p1udt228-p1udt62)p1u_12237,145.9101203698733,6252.331440266941
1,51647,2023-11-23T16:00,lower_activity_half,1.0,17.233353793621063,1.0,17.233353793621063,True,True,0.987298704594812,1.0299995264354336,0,0,18,0.9153914246742002,recloser_disswitch(r:p1udt228-p1udt62)p1u_12237,141.07143777556215,6180.317617638609,True,0.987298704594812,1.0299995264354336,0,0,18,0.9153914246742002,recloser_disswitch(r:p1udt228-p1udt62)p1u_12237,141.07143777556215,6180.317617638609
1,51647,2023-11-23T16:00,lower_activity_half,3.0,51.70006138086319,1.0,51.70006138086319,True,True,0.9832612740324637,1.0299995234553114,0,0,18,0.9212267940124584,recloser_disswitch(r:p1udt228-p1udt62)p1u_12237,143.47893475240528,6217.155164528094,True,0.9832612740324637,1.0299995234553114,0,0,18,0.9212267940124584,recloser_disswitch(r:p1udt228-p1udt62)p1u_12237,143.47893475240528,6217.155164528094
1,51647,2023-11-23T16:00,lower_activity_half,5.0,86.16676896810532,1.0,86.16676896810532,True,True,0.9791671051061004,1.0299995204356127,0,0,18,0.9271117202370595,recloser_disswitch(r:p1udt228-p1udt62)p1u_12237,146.0989679704532,6254.238862659035,True,0.9791671051061004,1.0299995204356127,0,0,18,0.9271117202370595,recloser_disswitch(r:p1udt228-p1udt62)p1u_12237,146.0989679704532,6254.238862659035
1,51647,2023-11-23T16:00,lower_activity_half,10.0,172.33353793621063,1.0,172.33353793621063,True,True,0.9686771370914656,1.0299995127227175,0,0,18,0.9420191776809858,recloser_disswitch(r:p1udt228-p1udt62)p1u_12237,153.60650303575034,6347.863858839937,True,0.9686771370914656,1.0299995127227175,0,0,18,0.9420191776809858,recloser_disswitch(r:p1udt228-p1udt62)p1u_12237,153.60650303575034,6347.863858839937
2,44103,2023-01-13T08:00,lower_activity_half,1.0,79.95436143875122,1.0,79.95436143875122,True,True,0.9881742574573482,1.0299995212978348,0,0,18,0.922963966038647,recloser_disswitch(r:p1udt228-p1udt62)p1u_12237,143.60859890113457,6245.594355581674,True,0.9881742574573482,1.0299995212978348,0,0,18,0.922963966038647,recloser_disswitch(r:p1udt228-p1udt62)p1u_12237,143.60859890113457,6245.594355581674
2,44103,2023-01-13T08:00,lower_activity_half,3.0,239.86308431625366,1.0,239.86308431625366,True,True,0.9828722363655902,1.0299995080198758,0,0,18,0.9439519223749939,recloser_disswitch(r:p1udt228-p1udt62)p1u_12237,151.2517405635332,6413.069267760135,True,0.9828722363655902,1.0299995080198758,0,0,18,0.9439519223749939,recloser_disswitch(r:p1udt228-p1udt62)p1u_12237,151.2517405635332,6413.069267760135
2,44103,2023-01-13T08:00,lower_activity_half,5.0,399.7718071937561,1.0,399.7718071937561,True,True,0.977490967340161,1.029999494660008,0,0,18,0.9650215975951457,recloser_disswitch(r:p1udt228-p1udt62)p1u_12237,159.33222799387073,6581.0530218856165,True,0.977490967340161,1.029999494660008,0,0,18,0.9650215975951457,recloser_disswitch(r:p1udt228-p1udt62)p1u_12237,159.33222799387073,6581.0530218856165
2,44103,2023-01-13T08:00,lower_activity_half,10.0,799.5436143875122,0.83038330078125,663.9276656336733,False,True,0.9636776623559232,1.0299994609254801,0,0,18,1.0180033718596502,recloser_disswitch(r:p1udt228-p1udt62)p1u_12237,181.48834012277382,7002.878119849262,True,0.9684194616160778,1.0299994724154298,0,0,18,0.9999942228390115,recloser_disswitch(r:p1udt228-p1udt62)p1u_12237,173.6587037636407,6859.576755909127
2,44752,2023-02-09T09:00,lower_activity_half,1.0,125.63688196241856,1.0,125.63688196241856,True,True,0.9840445206194588,1.0299995174036893,0,0,18,0.9291954454085157,recloser_disswitch(r:p1udt228-p1udt62)p1u_12237,146.38801046057654,6294.126794143433,True,0.9840445206194588,1.0299995174036893,0,0,18,0.9291954454085157,recloser_disswitch(r:p1udt228-p1udt62)p1u_12237,146.38801046057654,6294.126794143433
2,44752,2023-02-09T09:00,lower_activity_half,3.0,376.91064588725567,1.0,376.91064588725567,True,True,0.9701330962977969,1.02999949615744,0,0,18,0.962835055265795,recloser_disswitch(r:p1udt228-p1udt62)p1u_12237,160.79070198909386,6559.601390489986,True,0.9701330962977969,1.02999949615744,0,0,18,0.962835055265795,recloser_disswitch(r:p1udt228-p1udt62)p1u_12237,160.79070198909386,6559.601390489986
2,44752,2023-02-09T09:00,lower_activity_half,5.0,628.1844098120928,1.0,628.1844098120928,True,True,0.9556080062247659,1.0299994745213394,0,0,18,0.9969185421114256,recloser_disswitch(r:p1udt228-p1udt62)p1u_12237,177.37861677334953,6827.542143313934,True,0.9556080062247659,1.0299994745213394,0,0,18,0.9969185421114256,recloser_disswitch(r:p1udt228-p1udt62)p1u_12237,177.37861677334953,6827.542143313934
2,44752,2023-02-09T09:00,lower_activity_half,10.0,1256.3688196241856,0.5179443359375,650.7291139728295,False,True,0.9161675746273229,1.0299994186486943,6,0,18,1.174701585301279,l(r:p1udm822-p1ulv579),229.56273133832377,7507.907975542812,True,0.9542724118327113,1.029999472560849,0,0,18,0.9999981272774129,recloser_disswitch(r:p1udt228-p1udt62)p1u_12237,178.97914565299237,6851.699165482876
2,46073,2023-04-05T10:00,upper_activity_half,1.0,190.9374189376831,1.0,190.9374189376831,True,True,0.9762245815423429,1.0299995116507148,0,0,18,0.9420570094960544,recloser_disswitch(r:p1udt228-p1udt62)p1u_12237,151.6177041446827,6364.674197391562,True,0.9762245815423429,1.0299995116507148,0,0,18,0.9420570094960544,recloser_disswitch(r:p1udt228-p1udt62)p1u_12237,151.6177041446827,6364.674197391562
2,46073,2023-04-05T10:00,upper_activity_half,3.0,572.8122568130493,0.89727783203125,513.9717399541405,False,True,0.94498624992151,1.0299994780057393,6,0,18,1.0025638521106022,recloser_disswitch(r:p1udt228-p1udt62)p1u_12237,181.98634711637698,6776.755755728361,True,0.9500004835301554,1.029999483296914,0,0,18,0.9931080331718636,recloser_disswitch(r:p1udt228-p1udt62)p1u_12237,176.64751295287866,6712.609639053006
2,46073,2023-04-05T10:00,upper_activity_half,5.0,954.6870946884155,0.538330078125,513.936778268544,False,True,0.9102813632948914,1.0299994425533778,6,0,18,1.0653403833703647,recloser_disswitch(r:p1udt228-p1udt62)p1u_12237,223.3355800712405,7199.995327805458,True,0.9500033948395754,1.029999483299998,0,0,18,0.9931025193710037,recloser_disswitch(r:p1udt228-p1udt62)p1u_12237,176.6444393990133,6712.572153687393
2,46073,2023-04-05T10:00,upper_activity_half,10.0,1909.374189376831,0.2691650390625,513.936778268544,False,True,0.7991704544845837,1.029999342533056,18,0,18,2.0414381381613205,l(r:p1udt259lv-p1ulv647),397.5358859050608,8326.9894318844,True,0.9500033496692067,1.0299994832999502,0,0,18,0.993102606677964,recloser_disswitch(r:p1udt228-p1udt62)p1u_12237,176.64448977918596,6712.572711749511
2,46294,2023-04-14T15:00,lower_activity_half,1.0,91.37446284294128,1.0,91.37446284294128,True,True,0.9838833629624882,1.0299995201461816,0,0,18,0.9213050810701872,recloser_disswitch(r:p1udt228-p1udt62)p1u_12237,145.09991544376427,6258.596740060424,True,0.9838833629624882,1.0299995201461816,0,0,18,0.9213050810701872,recloser_disswitch(r:p1udt228-p1udt62)p1u_12237,145.09991544376427,6258.596740060424
2,46294,2023-04-14T15:00,lower_activity_half,3.0,274.12338852882385,1.0,274.12338852882385,True,True,0.9696175551555086,1.0299995043564718,0,0,18,0.9391434602889501,recloser_disswitch(r:p1udt228-p1udt62)p1u_12237,157.01711043055485,6453.045921398549,True,0.9696175551555086,1.0299995043564718,0,0,18,0.9391434602889501,recloser_disswitch(r:p1udt228-p1udt62)p1u_12237,157.01711043055485,6453.045921398549
2,46294,2023-04-14T15:00,lower_activity_half,5.0,456.8723142147064,0.906005859375,413.9289936647401,False,True,0.9546810186481516,1.0299994881282444,0,0,18,1.0431662930621066,l(r:p1udm822-p1ulv579),171.2623193588062,6650.113291972914,True,0.9582522888189767,1.0299994919778166,0,0,18,0.9999855077190877,l(r:p1udm822-p1ulv579),167.69892530152168,6603.618533543548
2,46294,2023-04-14T15:00,lower_activity_half,10.0,913.7446284294128,0.4530029296875,413.9289936647401,False,True,0.9139007104155568,1.029999445530975,6,0,18,1.5084013240610803,l(r:p1udm822-p1ulv579),218.3940540709648,7154.111153943739,True,0.9582522725299711,1.029999491977796,0,0,18,0.9999855748634587,l(r:p1udm822-p1ulv579),167.69893355067606,6603.618776546617
2,46385,2023-04-18T10:00,upper_activity_half,1.0,188.02274084091187,1.0,188.02274084091187,True,True,0.9843520930312895,1.0299995121986936,0,0,18,0.935860491427785,recloser_disswitch(r:p1udt228-p1udt62)p1u_12237,149.3959153589605,6359.492099835559,True,0.9843520930312895,1.0299995121986936,0,0,18,0.935860491427785,recloser_disswitch(r:p1udt228-p1udt62)p1u_12237,149.3959153589605,6359.492099835559
2,46385,2023-04-18T10:00,upper_activity_half,3.0,564.0682225227356,1.0,564.0682225227356,True,True,0.971108086426453,1.0299994803891235,0,0,18,0.982921369188635,recloser_disswitch(r:p1udt228-p1udt62)p1u_12237,170.57861024938995,6756.503485307361,True,0.971108086426453,1.0299994803891235,0,0,18,0.982921369188635,recloser_disswitch(r:p1udt228-p1udt62)p1u_12237,170.57861024938995,6756.503485307361
2,46385,2023-04-18T10:00,upper_activity_half,5.0,940.1137042045593,0.74383544921875,699.2898994837014,False,True,0.9573370924467922,1.029999447995861,0,0,18,1.137887152969061,l(r:p1udm822-p1ulv579),194.9772904363993,7156.890086801383,True,0.9662134664769997,1.0299994687941743,0,0,18,0.9999997508784961,recloser_disswitch(r:p1udt228-p1udt62)p1u_12237,178.98218043431166,6900.262473886034
2,46385,2023-04-18T10:00,upper_activity_half,10.0,1880.2274084091187,0.37188720703125,699.2325194968726,False,True,0.9201971842064611,1.0299993642463106,12,0,18,1.7046174003089747,l(r:p1udm822-p1ulv579),271.4270427767372,8173.625762884022,True,0.9662155562610687,1.0299994687991048,0,0,18,0.9999925049448122,recloser_disswitch(r:p1udt228-p1udt62)p1u_12237,178.97851841939496,6900.201447854408
2,46413,2023-04-19T14:00,lower_activity_half,1.0,57.698155641555786,1.0,57.698155641555786,True,True,0.9877524275666335,1.0299995230937224,0,0,18,0.9204995974728026,recloser_disswitch(r:p1udt228-p1udt62)p1u_12237,142.83522083789856,6222.665727578513,True,0.9877524275666335,1.0299995230937224,0,0,18,0.9204995974728026,recloser_disswitch(r:p1udt228-p1udt62)p1u_12237,142.83522083789856,6222.665727578513
2,46413,2023-04-19T14:00,lower_activity_half,3.0,173.09446692466736,1.0,173.09446692466736,True,True,0.9815874943679122,1.029999513435243,0,0,18,0.9365220490779197,recloser_disswitch(r:p1udt228-p1udt62)p1u_12237,148.91587096197696,6343.970233514974,True,0.9815874943679122,1.029999513435243,0,0,18,0.9365220490779197,recloser_disswitch(r:p1udt228-p1udt62)p1u_12237,148.91587096197696,6343.970233514974
2,46413,2023-04-19T14:00,lower_activity_half,5.0,288.49077820777893,1.0,288.49077820777893,True,True,0.9753072256000145,1.0299995036906275,0,0,18,0.95265198300486,recloser_disswitch(r:p1udt228-p1udt62)p1u_12237,155.43878979395734,6465.883760762024,True,0.9753072256000145,1.0299995036906275,0,0,18,0.95265198300486,recloser_disswitch(r:p1udt228-p1udt62)p1u_12237,155.43878979395734,6465.883760762024
2,46413,2023-04-19T14:00,lower_activity_half,10.0,576.9815564155579,1.0,576.9815564155579,True,True,0.9590742642727156,1.0299994789939109,0,0,18,0.9933616780529712,recloser_disswitch(r:p1udt228-p1udt62)p1u_12237,173.74165628992756,6772.702477311016,True,0.9590742642727156,1.0299994789939109,0,0,18,0.9933616780529712,recloser_disswitch(r:p1udt228-p1udt62)p1u_12237,173.74165628992756,6772.702477311016
2,46948,2023-05-11T21:00,lower_activity_half,1.0,43.385165214538574,1.0,43.385165214538574,True,True,0.9871412907338997,1.0299995242346434,0,0,18,0.9181853086733471,recloser_disswitch(r:p1udt228-p1udt62)p1u_12237,142.4475980795116,6207.946289439727,True,0.9871412907338997,1.0299995242346434,0,0,18,0.9181853086733471,recloser_disswitch(r:p1udt228-p1udt62)p1u_12237,142.4475980795116,6207.946289439727
2,46948,2023-05-11T21:00,lower_activity_half,3.0,130.15549564361572,1.0,130.15549564361572,True,True,0.9797126472330578,1.029999516837438,0,0,18,0.9296069184508071,recloser_disswitch(r:p1udt228-p1udt62)p1u_12237,147.8543834848359,6299.969622520819,True,0.9797126472330578,1.029999516837438,0,0,18,0.9296069184508071,recloser_disswitch(r:p1udt228-p1udt62)p1u_12237,147.8543834848359,6299.969622520819
2,46948,2023-05-11T21:00,lower_activity_half,5.0,216.92582607269287,1.0,216.92582607269287,True,True,0.9721083911356945,1.0299995093331182,0,0,18,0.9411612804983125,recloser_disswitch(r:p1udt228-p1udt62)p1u_12237,153.84271686001026,6392.720087549007,True,0.9721083911356945,1.0299995093331182,0,0,18,0.9411612804983125,recloser_disswitch(r:p1udt228-p1udt62)p1u_12237,153.84271686001026,6392.720087549007
2,46948,2023-05-11T21:00,lower_activity_half,10.0,433.85165214538574,1.0,433.85165214538574,True,True,0.95226850123447,1.0299994901250678,0,0,18,0.9705723864782904,recloser_disswitch(r:p1udt228-p1udt62)p1u_12237,171.49847645532068,6627.32471427589,True,0.95226850123447,1.0299994901250678,0,0,18,0.9705723864782904,recloser_disswitch(r:p1udt228-p1udt62)p1u_12237,171.49847645532068,6627.32471427589
2,47304,2023-05-26T17:00,lower_activity_half,1.0,83.14106774330139,1.0,83.14106774330139,True,True,0.9855654273297669,1.0299995208800097,0,0,18,0.9230960708226209,recloser_disswitch(r:p1udt228-p1udt62)p1u_12237,144.60159717253467,6249.845543166859,True,0.9855654273297669,1.0299995208800097,0,0,18,0.9230960708226209,recloser_disswitch(r:p1udt228-p1udt62)p1u_12237,144.60159717253467,6249.845543166859
2,47304,2023-05-26T17:00,lower_activity_half,3.0,249.42320322990417,1.0,249.42320322990417,True,True,0.9748595885901392,1.029999506668642,0,0,18,0.9444491587893342,recloser_disswitch(r:p1udt228-p1udt62)p1u_12237,154.91791702346993,6426.267393254981,True,0.9748595885901392,1.029999506668642,0,0,18,0.9444491587893342,recloser_disswitch(r:p1udt228-p1udt62)p1u_12237,154.91791702346993,6426.267393254981
2,47304,2023-05-26T17:00,lower_activity_half,5.0,415.70533871650696,1.0,415.70533871650696,True,True,0.9637920464238504,1.0299994922017337,0,0,18,0.9660927343513132,recloser_disswitch(r:p1udt228-p1udt62)p1u_12237,166.6626691475287,6604.2704891984295,True,0.9637920464238504,1.0299994922017337,0,0,18,0.9660927343513132,recloser_disswitch(r:p1udt228-p1udt62)p1u_12237,166.6626691475287,6604.2704891984295
2,47304,2023-05-26T17:00,lower_activity_half,10.0,831.4106774330139,0.73968505859375,614.9820556525083,False,True,0.9343304257528736,1.029999454867112,6,0,18,1.0508077043874504,l(r:p1udm822-p1ulv579),202.82815797534985,7056.176922793143,True,0.9500030166700912,1.0299994745136616,0,0,18,0.992426536479973,recloser_disswitch(r:p1udt228-p1udt62)p1u_12237,182.73688830077216,6819.70933683817
2,47458,2023-06-02T03:00,lower_activity_half,1.0,11.082432746887207,1.0,11.082432746887207,True,True,0.9892534815746501,1.0299995269759117,0,0,18,0.9125452631262934,recloser_disswitch(r:p1udt228-p1udt62)p1u_12237,140.45750484360414,6173.685119149486,True,0.9892534815746501,1.0299995269759117,0,0,18,0.9125452631262934,recloser_disswitch(r:p1udt228-p1udt62)p1u_12237,140.45750484360414,6173.685119149486
2,47458,2023-06-02T03:00,lower_activity_half,3.0,33.24729824066162,1.0,33.24729824066162,True,True,0.9891705022707653,1.0299995251362961,0,0,18,0.9125869539200419,recloser_disswitch(r:p1udt228-p1udt62)p1u_12237,141.48804645279176,6196.643037779787,True,0.9891705022707653,1.0299995251362961,0,0,18,0.9125869539200419,recloser_disswitch(r:p1udt228-p1udt62)p1u_12237,141.48804645279176,6196.643037779787
2,47458,2023-06-02T03:00,lower_activity_half,5.0,55.412163734436035,1.0,55.412163734436035,True,True,0.98908475384735,1.0299995232698558,0,0,18,0.9126631446784258,recloser_disswitch(r:p1udt228-p1udt62)p1u_12237,142.56555578766284,6219.879768118447,True,0.98908475384735,1.0299995232698558,0,0,18,0.9126631446784258,recloser_disswitch(r:p1udt228-p1udt62)p1u_12237,142.56555578766284,6219.879768118447
2,47458,2023-06-02T03:00,lower_activity_half,10.0,110.82432746887207,1.0,110.82432746887207,True,True,0.988869509885593,1.0299995185822548,0,0,18,0.9128370341444514,recloser_disswitch(r:p1udt228-p1udt62)p1u_12237,145.4129307944395,6277.976044724193,True,0.988869509885593,1.0299995185822548,0,0,18,0.9128370341444514,recloser_disswitch(r:p1udt228-p1udt62)p1u_12237,145.4129307944395,6277.976044724193
2,47868,2023-06-19T05:00,lower_activity_half,1.0,3.571868658065796,1.0,3.571868658065796,True,True,0.9892836195983423,1.0299995276149543,0,0,18,0.9126502796840262,recloser_disswitch(r:p1udt228-p1udt62)p1u_12237,140.10875910814252,6165.692519168078,True,0.9892836195983423,1.0299995276149543,0,0,18,0.9126502796840262,recloser_disswitch(r:p1udt228-p1udt62)p1u_12237,140.10875910814252,6165.692519168078
2,47868,2023-06-19T05:00,lower_activity_half,3.0,10.715605974197388,1.0,10.715605974197388,True,True,0.989256099486115,1.0299995270211684,0,0,18,0.9129707456223196,recloser_disswitch(r:p1udt228-p1udt62)p1u_12237,140.43715364381788,6173.117837590274,True,0.989256099486115,1.0299995270211684,0,0,18,0.9129707456223196,recloser_disswitch(r:p1udt228-p1udt62)p1u_12237,140.43715364381788,6173.117837590274
2,47868,2023-06-19T05:00,lower_activity_half,5.0,17.85934329032898,1.0,17.85934329032898,True,True,0.9892281835613512,1.0299995264231308,0,0,18,0.9132978153130991,recloser_disswitch(r:p1udt228-p1udt62)p1u_12237,140.76942258326443,6180.593387512678,True,0.9892281835613512,1.0299995264231308,0,0,18,0.9132978153130991,recloser_disswitch(r:p1udt228-p1udt62)p1u_12237,140.76942258326443,6180.593387512678
2,47868,2023-06-19T05:00,lower_activity_half,10.0,35.71868658065796,1.0,35.71868658065796,True,True,0.9891585766868065,1.0299995249293492,0,0,18,0.9141103904572695,recloser_disswitch(r:p1udt228-p1udt62)p1u_12237,141.60614479469595,6199.249112446868,True,0.9891585766868065,1.0299995249293492,0,0,18,0.9141103904572695,recloser_disswitch(r:p1udt228-p1udt62)p1u_12237,141.60614479469595,6199.249112446868
2,48214,2023-07-03T15:00,lower_activity_half,1.0,73.25083684921265,1.0,73.25083684921265,True,True,0.9856298800152321,1.0299995217429372,0,0,18,0.921749537224617,recloser_disswitch(r:p1udt228-p1udt62)p1u_12237,143.9515325810698,6239.180826615018,True,0.9856298800152321,1.0299995217429372,0,0,18,0.921749537224617,recloser_disswitch(r:p1udt228-p1udt62)p1u_12237,143.9515325810698,6239.180826615018
2,48214,2023-07-03T15:00,lower_activity_half,3.0,219.75251054763794,1.0,219.75251054763794,True,True,0.9750489627054001,1.0299995092574679,0,0,18,0.9404359396558702,recloser_disswitch(r:p1udt228-p1udt62)p1u_12237,152.81270033814985,6394.502279008667,True,0.9750489627054001,1.0299995092574679,0,0,18,0.9404359396558702,recloser_disswitch(r:p1udt228-p1udt62)p1u_12237,152.81270033814985,6394.502279008667
2,48214,2023-07-03T15:00,lower_activity_half,5.0,366.25418424606323,1.0,366.25418424606323,True,True,0.9641172329843424,1.0299994965717918,0,0,18,0.9593464299836766,recloser_disswitch(r:p1udt228-p1udt62)p1u_12237,162.85671137911632,6551.028460064594,True,0.9641172329843424,1.0299994965717918,0,0,18,0.9593464299836766,recloser_disswitch(r:p1udt228-p1udt62)p1u_12237,162.85671137911632,6551.028460064594
2,48214,2023-07-03T15:00,lower_activity_half,10.0,732.5083684921265,0.748291015625,548.1294310127851,False,True,0.9350364110501731,1.0299994638982346,6,0,18,1.0077082296700615,recloser_disswitch(r:p1udt228-p1udt62)p1u_12237,193.65453806402456,6948.109014731338,True,0.9500034393656132,1.029999480519382,0,0,18,0.983169430554648,recloser_disswitch(r:p1udt228-p1udt62)p1u_12237,177.08939492652257,6747.209610022297
2,48449,2023-07-13T10:00,upper_activity_half,1.0,185.93796157836914,1.0,185.93796157836914,True,True,0.9795616332298234,1.029999512171268,0,0,18,0.9350704988668829,recloser_disswitch(r:p1udt228-p1udt62)p1u_12237,150.3324762150235,6358.386791027827,True,0.9795616332298234,1.029999512171268,0,0,18,0.9350704988668829,recloser_disswitch(r:p1udt228-p1udt62)p1u_12237,150.3324762150235,6358.386791027827
2,48449,2023-07-13T10:00,upper_activity_half,3.0,557.8138847351074,1.0,557.8138847351074,True,True,0.9559026164237175,1.029999479968121,0,0,18,0.9809572867283529,recloser_disswitch(r:p1udt228-p1udt62)p1u_12237,175.4280359054154,6755.214030213012,True,0.9559026164237175,1.029999479968121,0,0,18,0.9809572867283529,recloser_disswitch(r:p1udt228-p1udt62)p1u_12237,175.4280359054154,6755.214030213012
2,48449,2023-07-13T10:00,upper_activity_half,5.0,929.6898078918457,0.69525146484375,646.3682007871103,False,True,0.9303793616333043,1.029999446649801,6,0,18,1.090715741350512,l(r:p1udm822-p1ulv579),206.96229565245002,7158.594591987774,True,0.9500046924485234,1.0299994721373913,0,0,18,0.9920576633396835,recloser_disswitch(r:p1udt228-p1udt62)p1u_12237,182.32262554401478,6850.681221234288
2,48449,2023-07-13T10:00,upper_activity_half,10.0,1859.3796157836914,0.34759521484375,646.3114570244215,False,True,0.855171822475664,1.029999357218775,6,0,18,1.6097078250040204,l(r:p1udm822-p1ulv579),321.8452141102626,8203.1494817401,True,0.9500085058627524,1.0299994721424286,0,0,18,0.9920505293197384,recloser_disswitch(r:p1udt228-p1udt62)p1u_12237,182.3180946127255,6850.61993672792
2,48450,2023-07-13T11:00,upper_activity_half,1.0,197.65360134840012,1.0,197.65360134840012,True,True,0.9799867670189732,1.0299995111659546,0,0,18,0.9381879188348159,recloser_disswitch(r:p1udt228-p1udt62)p1u_12237,151.0596066005358,6370.84950155881,True,0.9799867670189732,1.0299995111659546,0,0,18,0.9381879188348159,recloser_disswitch(r:p1udt228-p1udt62)p1u_12237,151.0596066005358,6370.84950155881
2,48450,2023-07-13T11:00,upper_activity_half,3.0,592.9608040452003,1.0,592.9608040452003,True,True,0.9572796982787309,1.0299994769674332,0,0,18,0.990313377890801,recloser_disswitch(r:p1udt228-p1udt62)p1u_12237,177.5581097590884,6792.491319899497,True,0.9572796982787309,1.0299994769674332,0,0,18,0.990313377890801,recloser_disswitch(r:p1udt228-p1udt62)p1u_12237,177.5581097590884,6792.491319899497
2,48450,2023-07-13T11:00,upper_activity_half,5.0,988.2680067420006,0.336669921875,332.7201126213913,False,True,0.932877441506408,1.0299994416768201,6,0,18,1.105139234499068,l(r:p1udm822-p1ulv579),210.36238392934268,7220.5766520387,True,0.9723980985676524,1.029999499591348,0,0,18,0.9558823503294448,recloser_disswitch(r:p1udt228-p1udt62)p1u_12237,159.45345292087063,6514.294751210673
2,48450,2023-07-13T11:00,upper_activity_half,10.0,1976.5360134840012,0.1683349609375,332.7201126213913,False,True,0.8617158251562262,1.0299993475983233,6,0,18,1.637991609893148,l(r:p1udm822-p1ulv579),326.7724436483813,8325.239636656652,True,0.9723980985596091,1.029999499591348,0,0,18,0.9558823474715783,recloser_disswitch(r:p1udt228-p1udt62)p1u_12237,159.4534696976796,6514.294751652673
2,49081,2023-08-08T18:00,upper_activity_half,1.0,184.03811740875244,1.0,184.03811740875244,True,True,0.9810004011356036,1.0299995123893828,0,0,18,0.9341162693164365,recloser_disswitch(r:p1udt228-p1udt62)p1u_12237,149.9754588747889,6356.050359407351,True,0.9810004011356036,1.0299995123893828,0,0,18,0.9341162693164365,recloser_disswitch(r:p1udt228-p1udt62)p1u_12237,149.9754588747889,6356.050359407351
2,49081,2023-08-08T18:00,upper_activity_half,3.0,552.1143522262573,1.0,552.1143522262573,True,True,0.9605117553658212,1.0299994806949362,0,0,18,0.9779832671793113,recloser_disswitch(r:p1udt228-p1udt62)p1u_12237,173.7453255140884,6747.835004478209,True,0.9605117553658212,1.0299994806949362,0,0,18,0.9779832671793113,recloser_disswitch(r:p1udt228-p1udt62)p1u_12237,173.7453255140884,6747.835004478209
2,49081,2023-08-08T18:00,upper_activity_half,5.0,920.1905870437622,0.64862060546875,596.8545757149695,False,True,0.9386604088390939,1.0299994480492871,6,0,18,1.226756514213578,l(r:p1udm822-p1ulv579),202.90770047199103,7145.054347334977,True,0.9579316494262932,1.0299994767777414,0,0,18,0.9999994911747847,l(r:p1udm822-p1ulv579),176.99186886998123,6795.836835163163
2,49081,2023-08-08T18:00,upper_activity_half,10.0,1840.3811740875244,0.32427978515625,596.7984117387095,False,True,0.876174262535544,1.0299993614700045,6,0,18,1.8879476513026743,l(r:p1udm822-p1ulv579),304.2954352102946,8166.64053713663,True,0.9579348994639916,1.0299994767826652,0,0,18,0.9999603358137452,l(r:p1udm822-p1ulv579),176.98773819912748,6795.7765559162835
2,49289,2023-08-17T10:00,upper_activity_half,1.0,186.71374398469925,1.0,186.71374398469925,True,True,0.9779055973546401,1.0299995120584755,0,0,18,0.9348376558135442,recloser_disswitch(r:p1udt228-p1udt62)p1u_12237,150.70270738567598,6359.533575262735,True,0.9779055973546401,1.0299995120584755,0,0,18,0.9348376558135442,recloser_disswitch(r:p1udt228-p1udt62)p1u_12237,150.70270738567598,6359.533575262735
2,49289,2023-08-17T10:00,upper_activity_half,3.0,560.1412319540977,1.0,560.1412319540977,True,True,0.950512570921968,1.0299994794559468,0,0,18,0.9804641006184116,recloser_disswitch(r:p1udt228-p1udt62)p1u_12237,177.60147270130025,6759.708764829226,True,0.950512570921968,1.0299994794559468,0,0,18,0.9804641006184116,recloser_disswitch(r:p1udt228-p1udt62)p1u_12237,177.60147270130025,6759.708764829226
2,49289,2023-08-17T10:00,upper_activity_half,5.0,933.5687199234962,0.60711669921875,566.7851597338267,False,True,0.9205367330330719,1.0299994454468548,6,0,18,1.1024458437455429,l(r:p1udm822-p1ulv579),212.726037608289,7168.210312652564,True,0.9500011697754953,1.0299994788613769,0,0,18,0.9812931519317444,recloser_disswitch(r:p1udt228-p1udt62)p1u_12237,178.15244826878015,6766.927997546636
2,49289,2023-08-17T10:00,upper_activity_half,10.0,1867.1374398469925,0.30352783203125,566.7281792211361,False,True,0.8284265350142345,1.0299993520357429,6,0,18,1.7665692077723163,l(r:p1udt259lv-p1ulv647),350.3650393716692,8239.445623734511,True,0.9500055389974963,1.0299994788664575,0,0,18,0.9812860769708079,recloser_disswitch(r:p1udt228-p1udt62)p1u_12237,178.1477415435274,6766.866309178284
2,49408,2023-08-22T09:00,upper_activity_half,1.0,197.64600601792336,1.0,197.64600601792336,True,True,0.9760458240893274,1.0299995111284561,0,0,18,0.9396900915130041,recloser_disswitch(r:p1udt228-p1udt62)p1u_12237,151.55577693487282,6371.326948773454,True,0.9760458240893274,1.0299995111284561,0,0,18,0.9396900915130041,recloser_disswitch(r:p1udt228-p1udt62)p1u_12237,151.55577693487282,6371.326948773454
2,49408,2023-08-22T09:00,upper_activity_half,3.0,592.9380180537701,0.88677978515625,525.8054482606949,False,True,0.9444052523289458,1.029999476478299,6,0,18,0.9953433277260033,recloser_disswitch(r:p1udt228-p1udt62)p1u_12237,181.48902313256448,6796.384309814074,True,0.9500013424737094,1.0299994824755296,0,0,18,0.9857587477604111,recloser_disswitch(r:p1udt228-p1udt62)p1u_12237,175.72144993251547,6723.517286350394
2,49408,2023-08-22T09:00,upper_activity_half,5.0,988.2300300896168,0.53204345703125,525.7813215509759,False,True,0.9092100609430611,1.0299994400682493,6,0,18,1.0531070429461886,recloser_disswitch(r:p1udt228-p1udt62)p1u_12237,222.00090315127034,7232.202784225593,True,0.9500033371272429,1.0299994824776775,0,0,18,0.9857553152763457,recloser_disswitch(r:p1udt228-p1udt62)p1u_12237,175.71941088920067,6723.491140362666
2,49408,2023-08-22T09:00,upper_activity_half,10.0,1976.4600601792336,0.2659912109375,525.7210047766785,False,True,0.7975827644722439,1.029999338388321,6,0,18,2.055245485134252,l(r:p1udt259lv-p1ulv647),390.8893762123519,8383.738043781894,True,0.9500082319101589,1.029999482482952,0,0,18,0.9857468849890012,recloser_disswitch(r:p1udt228-p1udt62)p1u_12237,175.71445069977645,6723.426875605837
2,49409,2023-08-22T10:00,upper_activity_half,1.0,219.909832239151,1.0,219.909832239151,True,True,0.9791858989500616,1.02999950933,0,0,18,0.9442208354366899,recloser_disswitch(r:p1udt228-p1udt62)p1u_12237,152.3768820946759,6394.389942857912,True,0.9791858989500616,1.02999950933,0,0,18,0.9442208354366899,recloser_disswitch(r:p1udt228-p1udt62)p1u_12237,152.3768820946759,6394.389942857912
2,49409,2023-08-22T10:00,upper_activity_half,3.0,659.729496717453,0.911376953125,601.262258605042,False,True,0.9547057443378275,1.0299994713353378,0,0,18,1.0086390371417175,recloser_disswitch(r:p1udt228-p1udt62)p1u_12237,182.35105495218573,6864.049324808758,True,0.9580650953103443,1.0299994764549087,0,0,18,0.9999948714322452,recloser_disswitch(r:p1udt228-p1udt62)p1u_12237,177.95149587830264,6801.204430573102
2,49409,2023-08-22T10:00,upper_activity_half,5.0,1099.549161195755,0.2734375,300.65797376446426,False,True,0.9282454556889921,1.0299994320711663,6,0,18,1.0745661195887446,recloser_disswitch(r:p1udt228-p1udt62)p1u_12237,219.91100413053184,7341.387506696979,True,0.9748229200666396,1.0299995024401332,0,0,18,0.9559481664958229,recloser_disswitch(r:p1udt228-p1udt62)p1u_12237,157.3556766038543,6480.11310862644
2,49409,2023-08-22T10:00,upper_activity_half,10.0,2199.09832239151,0.13671875,300.65797376446426,False,True,0.849817516124604,1.0299993269009333,12,0,18,1.538699965059447,l(r:p1udt259lv-p1ulv647),356.10777800224685,8577.096911098879,True,0.9748229200605011,1.0299995024401332,0,0,18,0.95594816293245,recloser_disswitch(r:p1udt228-p1udt62)p1u_12237,157.35567909111904,6480.11310862644
2,49410,2023-08-22T11:00,upper_activity_half,1.0,204.56667828559875,1.0,204.56667828559875,True,True,0.9833297397294495,1.0299995106368411,0,0,18,0.9376998799114474,recloser_disswitch(r:p1udt228-p1udt62)p1u_12237,151.14679505035085,6377.733428191768,True,0.9833297397294495,1.0299995106368411,0,0,18,0.9376998799114474,recloser_disswitch(r:p1udt228-p1udt62)p1u_12237,151.14679505035085,6377.733428191768
2,49410,2023-08-22T11:00,upper_activity_half,3.0,613.7000348567963,1.0,613.7000348567963,True,True,0.9679024061682899,1.0299994755208934,0,0,18,0.9886200017494297,recloser_disswitch(r:p1udt228-p1udt62)p1u_12237,176.74089373859832,6812.249121400703,True,0.9679024061682899,1.0299994755208934,0,0,18,0.9886200017494297,recloser_disswitch(r:p1udt228-p1udt62)p1u_12237,176.74089373859832,6812.249121400703
2,49410,2023-08-22T11:00,upper_activity_half,5.0,1022.8333914279938,0.6590576171875,674.1061377343431,False,True,0.9517309880374457,1.0299994395537593,0,0,18,1.2165272882737084,l(r:p1udm822-p1ulv579),206.860425265979,7251.659595963124,True,0.9655575902370734,1.0299994702488777,0,0,18,0.9999702457443228,l(r:p1udm822-p1ulv579),180.9067084707292,6877.003646979757
2,49410,2023-08-22T11:00,upper_activity_half,10.0,2045.6667828559875,0.32952880859375,674.1061377343431,False,True,0.9074461753844888,1.0299993456992513,6,0,18,1.8672202385898613,l(r:p1udm822-p1ulv579),304.1234010801529,8371.741048526968,True,0.9655576044346347,1.029999470248914,0,0,18,0.9999701365729088,l(r:p1udm822-p1ulv579),180.90669439557976,6877.003216652379
2,49458,2023-08-24T11:00,upper_activity_half,1.0,192.7057340145111,1.0,192.7057340145111,True,True,0.9821924122008056,1.0299995116940042,0,0,18,0.9381908648468502,recloser_disswitch(r:p1udt228-p1udt62)p1u_12237,150.28573581347752,6365.12450326418,True,0.9821924122008056,1.0299995116940042,0,0,18,0.9381908648468502,recloser_disswitch(r:p1udt228-p1udt62)p1u_12237,150.28573581347752,6365.12450326418
2,49458,2023-08-24T11:00,upper_activity_half,3.0,578.1172020435333,1.0,578.1172020435333,True,True,0.9643258187973464,1.0299994787839164,0,0,18,0.9900562696444828,recloser_disswitch(r:p1udt228-p1udt62)p1u_12237,173.94025572015727,6773.881072273076,True,0.9643258187973464,1.0299994787839164,0,0,18,0.9900562696444828,recloser_disswitch(r:p1udt228-p1udt62)p1u_12237,173.94025572015727,6773.881072273076
2,49458,2023-08-24T11:00,upper_activity_half,5.0,963.5286700725555,0.67572021484375,651.0757999495399,False,True,0.9454417232194319,1.0299994450950805,6,0,18,1.0660395395719617,l(r:p1udt175lv-p1ulv493),201.9063314698443,7187.400414329703,True,0.9608251638292936,1.0299994724524375,0,0,18,0.9999954548542459,recloser_disswitch(r:p1udt228-p1udt62)p1u_12237,178.90269488486308,6851.968879107145
2,49458,2023-08-24T11:00,upper_activity_half,10.0,1927.057340145111,0.33782958984375,651.0169908266107,False,True,0.8927502816661246,1.0299993571852015,6,0,18,1.4997097582906382,l(r:p1udm822-p1ulv579),293.5286135596955,8242.51851194235,True,0.9608279939020874,1.0299994724575399,0,0,18,0.9999874538815728,recloser_disswitch(r:p1udt228-p1udt62)p1u_12237,178.89862999418972,6851.906012801671
2,49459,2023-08-24T12:00,upper_activity_half,1.0,189.81134700775146,1.0,189.81134700775146,True,True,0.9826815908825597,1.029999511873977,0,0,18,0.9394060559357813,recloser_disswitch(r:p1udt228-p1udt62)p1u_12237,150.5610828813741,6362.492276888608,True,0.9826815908825597,1.029999511873977,0,0,18,0.9394060559357813,recloser_disswitch(r:p1udt228-p1udt62)p1u_12237,150.5610828813741,6362.492276888608
2,49459,2023-08-24T12:00,upper_activity_half,3.0,569.4340410232544,1.0,569.4340410232544,True,True,0.9658695909263998,1.0299994792998106,0,0,18,0.9937708337712828,recloser_disswitch(r:p1udt228-p1udt62)p1u_12237,174.92002621410157,6766.172817697382,True,0.9658695909263998,1.0299994792998106,0,0,18,0.9937708337712828,recloser_disswitch(r:p1udt228-p1udt62)p1u_12237,174.92002621410157,6766.172817697382
2,49459,2023-08-24T12:00,upper_activity_half,5.0,949.0567350387573,0.6451416015625,612.2759820165811,False,True,0.9481620498152827,1.0299994459220287,6,0,18,1.0660019385223334,l(r:p1udt175lv-p1ulv493),203.7750091724518,7174.797734917445,True,0.9639109012684444,1.0299994755582262,0,0,18,0.9999919330983096,recloser_disswitch(r:p1udt228-p1udt62)p1u_12237,177.9557167295614,6812.222465822736
2,49459,2023-08-24T12:00,upper_activity_half,10.0,1898.1134700775146,0.32257080078125,612.2759820165811,False,True,0.899155232123109,1.0299993587270422,8,0,18,1.4525939784869761,l(r:p1udt175lv-p1ulv493),298.1395154810305,8218.194762674382,True,0.9639109169534992,1.0299994755582593,0,0,18,0.9999918712564776,recloser_disswitch(r:p1udt228-p1udt62)p1u_12237,177.9556893715328,6812.222075077058
2,49553,2023-08-28T10:00,upper_activity_half,1.0,197.9076976776123,1.0,197.9076976776123,True,True,0.9829420415005401,1.0299995112018951,0,0,18,0.9362178571109672,recloser_disswitch(r:p1udt228-p1udt62)p1u_12237,150.7012811256453,6370.724722352557,True,0.9829420415005401,1.0299995112018951,0,0,18,0.9362178571109672,recloser_disswitch(r:p1udt228-p1udt62)p1u_12237,150.7012811256453,6370.724722352557
2,49553,2023-08-28T10:00,upper_activity_half,3.0,593.7230930328369,1.0,593.7230930328369,True,True,0.9666888294877766,1.0299994772465049,0,0,18,0.984127937931417,recloser_disswitch(r:p1udt228-p1udt62)p1u_12237,175.40231715491436,6790.94182421864,True,0.9666888294877766,1.0299994772465049,0,0,18,0.984127937931417,recloser_disswitch(r:p1udt228-p1udt62)p1u_12237,175.40231715491436,6790.94182421864
2,49553,2023-08-28T10:00,upper_activity_half,5.0,989.5384883880615,0.73077392578125,723.1289258709876,False,True,0.9496024069776161,1.029999442439375,3,0,18,1.1284133190792622,l(r:p1udm822-p1ulv579),204.67061476301637,7216.175253495937,True,0.9611927894026095,1.0299994659475913,0,0,18,0.9999929318482822,recloser_disswitch(r:p1udt228-p1udt62)p1u_12237,184.46274368849552,6929.582062284711
2,49553,2023-08-28T10:00,upper_activity_half,10.0,1979.076976776123,0.3653564453125,723.0685292347334,False,True,0.9025184655793604,1.0299993514716812,12,0,18,1.6875398960652133,l(r:p1udm822-p1ulv579),300.24279396735596,8301.268078422341,True,0.9611953380330394,1.0299994659528042,0,0,18,0.9999856495283922,recloser_disswitch(r:p1udt228-p1udt62)p1u_12237,184.45844315569312,6929.518190558175
2,49846,2023-09-09T15:00,lower_activity_half,1.0,30.41227789223194,1.0,30.41227789223194,True,True,0.9882702480868725,1.0299995253484686,0,0,18,0.9175121988791888,recloser_disswitch(r:p1udt228-p1udt62)p1u_12237,141.60583303207602,6194.176283893248,True,0.9882702480868725,1.0299995253484686,0,0,18,0.9175121988791888,recloser_disswitch(r:p1udt228-p1udt62)p1u_12237,141.60583303207602,6194.176283893248
2,49846,2023-09-09T15:00,lower_activity_half,3.0,91.23683367669582,1.0,91.23683367669582,True,True,0.9831650167817594,1.0299995202279504,0,0,18,0.9275266835548502,recloser_disswitch(r:p1udt228-p1udt62)p1u_12237,145.08767621511578,6258.297111505333,True,0.9831650167817594,1.0299995202279504,0,0,18,0.9275266835548502,recloser_disswitch(r:p1udt228-p1udt62)p1u_12237,145.08767621511578,6258.297111505333
2,49846,2023-09-09T15:00,lower_activity_half,5.0,152.0613894611597,1.0,152.0613894611597,True,True,0.9779769057184781,1.0299995150518024,0,0,18,0.9376195799411879,recloser_disswitch(r:p1udt228-p1udt62)p1u_12237,148.82480828259727,6322.855598966764,True,0.9779769057184781,1.0299995150518024,0,0,18,0.9376195799411879,recloser_disswitch(r:p1udt228-p1udt62)p1u_12237,148.82480828259727,6322.855598966764
2,49846,2023-09-09T15:00,lower_activity_half,10.0,304.1227789223194,1.0,304.1227789223194,True,True,0.9646380542346378,1.029999501930214,0,0,18,0.9630754960025802,recloser_disswitch(r:p1udt228-p1udt62)p1u_12237,159.29430872370585,6485.330011761779,True,0.9646380542346378,1.029999501930214,0,0,18,0.9630754960025802,recloser_disswitch(r:p1udt228-p1udt62)p1u_12237,159.29430872370585,6485.330011761779
2,50168,2023-09-23T01:00,lower_activity_half,1.0,8.444974184036255,1.0,8.444974184036255,True,True,0.9892634203505773,1.0299995271955027,0,0,18,0.9130483797381734,recloser_disswitch(r:p1udt228-p1udt62)p1u_12237,140.3655681401475,6170.872451476792,True,0.9892634203505773,1.0299995271955027,0,0,18,0.9130483797381734,recloser_disswitch(r:p1udt228-p1udt62)p1u_12237,140.3655681401475,6170.872451476792
2,50168,2023-09-23T01:00,lower_activity_half,3.0,25.334922552108765,1.0,25.334922552108765,True,True,0.9891970000694652,1.0299995257772754,0,0,18,0.9141356328929979,recloser_disswitch(r:p1udt228-p1udt62)p1u_12237,141.20445603936292,6188.462044980608,True,0.9891970000694652,1.0299995257772754,0,0,18,0.9141356328929979,recloser_disswitch(r:p1udt228-p1udt62)p1u_12237,141.20445603936292,6188.462044980608
2,50168,2023-09-23T01:00,lower_activity_half,5.0,42.224870920181274,1.0,42.224870920181274,True,True,0.989129348659361,1.029999524345403,0,0,18,0.9152440290490764,recloser_disswitch(r:p1udt228-p1udt62)p1u_12237,142.05909709600132,6206.20453028704,True,0.989129348659361,1.029999524345403,0,0,18,0.9152440290490764,recloser_disswitch(r:p1udt228-p1udt62)p1u_12237,142.05909709600132,6206.20453028704
2,50168,2023-09-23T01:00,lower_activity_half,10.0,84.44974184036255,1.0,84.44974184036255,True,True,0.9889604220774288,1.0299995207646095,0,0,18,0.9180031118545641,recloser_disswitch(r:p1udt228-p1udt62)p1u_12237,144.2323194577137,6250.48811913524,True,0.9889604220774288,1.0299995207646095,0,0,18,0.9180031118545641,recloser_disswitch(r:p1udt228-p1udt62)p1u_12237,144.2323194577137,6250.48811913524
2,51647,2023-11-23T16:00,lower_activity_half,1.0,17.233353793621063,1.0,17.233353793621063,True,True,0.9892281854756777,1.0299995264374495,0,0,18,0.9129554150073395,recloser_disswitch(r:p1udt228-p1udt62)p1u_12237,140.81442318167257,6180.306957813468,True,0.9892281854756777,1.0299995264374495,0,0,18,0.9129554150073395,recloser_disswitch(r:p1udt228-p1udt62)p1u_12237,140.81442318167257,6180.306957813468
2,51647,2023-11-23T16:00,lower_activity_half,3.0,51.70006138086319,1.0,51.70006138086319,True,True,0.9890955393789701,1.029999523549713,0,0,18,0.9137659782728587,recloser_disswitch(r:p1udt228-p1udt62)p1u_12237,142.55783584130074,6216.101428302339,True,0.9890955393789701,1.029999523549713,0,0,18,0.9137659782728587,recloser_disswitch(r:p1udt228-p1udt62)p1u_12237,142.55783584130074,6216.101428302339
2,51647,2023-11-23T16:00,lower_activity_half,5.0,86.16676896810532,1.0,86.16676896810532,True,True,0.9887908777542872,1.0299995206138821,0,0,18,0.9146348847525386,recloser_disswitch(r:p1udt228-p1udt62)p1u_12237,144.37885497451504,6252.377035052893,True,0.9887908777542872,1.0299995206138821,0,0,18,0.9146348847525386,recloser_disswitch(r:p1udt228-p1udt62)p1u_12237,144.37885497451504,6252.377035052893
2,51647,2023-11-23T16:00,lower_activity_half,10.0,172.33353793621063,1.0,172.33353793621063,True,True,0.9867657421047166,1.0299995131953925,0,0,18,0.9289660931017071,l(r:p1udm822-p1ulv579),149.2022152303528,6343.495619443136,True,0.9867657421047166,1.0299995131953925,0,0,18,0.9289660931017071,l(r:p1udm822-p1ulv579),149.2022152303528,6343.495619443136
3,44103,2023-01-13T08:00,lower_activity_half,1.0,79.95436143875122,1.0,79.95436143875122,True,True,0.9886148514746662,1.0299995211682846,0,0,18,0.920404329732293,recloser_disswitch(r:p1udt228-p1udt62)p1u_12237,144.0550265250099,6246.023708817564,True,0.9886148514746662,1.0299995211682846,0,0,18,0.920404329732293,recloser_disswitch(r:p1udt228-p1udt62)p1u_12237,144.0550265250099,6246.023708817564
3,44103,2023-01-13T08:00,lower_activity_half,3.0,239.86308431625366,1.0,239.86308431625366,True,True,0.9872420509684233,1.0299995075979544,0,0,18,0.9362687107637053,recloser_disswitch(r:p1udt228-p1udt62)p1u_12237,152.6680376818873,6414.474316903554,True,0.9872420509684233,1.0299995075979544,0,0,18,0.9362687107637053,recloser_disswitch(r:p1udt228-p1udt62)p1u_12237,152.6680376818873,6414.474316903554
3,44103,2023-01-13T08:00,lower_activity_half,5.0,399.7718071937561,1.0,399.7718071937561,True,True,0.9858578731008805,1.0299994939058887,0,0,18,0.9656310061495627,l(r:p1udm822-p1ulv579),161.8182212035959,6583.524213713343,True,0.9858578731008805,1.0299994939058887,0,0,18,0.9656310061495627,l(r:p1udm822-p1ulv579),161.8182212035959,6583.524213713343
3,44103,2023-01-13T08:00,lower_activity_half,10.0,799.5436143875122,0.5450439453125,435.7864060351858,False,True,0.9802234377209018,1.0299994591632284,0,0,18,1.3499006527599597,l(r:p1udm822-p1ulv579),187.0874470082275,7008.4144183765675,True,0.9855440650821413,1.0299994908007168,0,0,18,0.9999831536192358,l(r:p1udm822-p1ulv579),163.95677343885586,6621.733829495824
3,44752,2023-02-09T09:00,lower_activity_half,1.0,125.63688196241856,1.0,125.63688196241856,True,True,0.9870699761724399,1.0299995173330718,0,0,18,0.9287681458104748,recloser_disswitch(r:p1udt228-p1udt62)p1u_12237,146.51883018393636,6294.225931022993,True,0.9870699761724399,1.0299995173330718,0,0,18,0.9287681458104748,recloser_disswitch(r:p1udt228-p1udt62)p1u_12237,146.51883018393636,6294.225931022993
3,44752,2023-02-09T09:00,lower_activity_half,3.0,376.91064588725567,1.0,376.91064588725567,True,True,0.9819664810520881,1.0299994960102388,0,0,18,0.9614644125849778,recloser_disswitch(r:p1udt228-p1udt62)p1u_12237,160.64695696563962,6559.466704180625,True,0.9819664810520881,1.0299994960102388,0,0,18,0.9614644125849778,recloser_disswitch(r:p1udt228-p1udt62)p1u_12237,160.64695696563962,6559.466704180625
3,44752,2023-02-09T09:00,lower_activity_half,5.0,628.1844098120928,1.0,628.1844098120928,True,True,0.9750941230562209,1.0299994744230887,0,0,18,0.9944224875282696,recloser_disswitch(r:p1udt228-p1udt62)p1u_12237,176.13679579985117,6826.209262604125,True,0.9750941230562209,1.0299994744230887,0,0,18,0.9944224875282696,recloser_disswitch(r:p1udt228-p1udt62)p1u_12237,176.13679579985117,6826.209262604125
3,44752,2023-02-09T09:00,lower_activity_half,10.0,1256.3688196241856,0.5335693359375,670.3598767794574,False,True,0.9572722103373272,1.0299994192887747,0,0,18,1.2750155289828702,l(r:p1udt454lv-p1ulv1912)p1ud1,221.0733187051951,7499.394590502799,True,0.9739248553432608,1.0299994707649311,0,0,18,0.9999949918942005,recloser_disswitch(r:p1udt228-p1udt62)p1u_12237,178.87846094673486,6871.22919101703
3,46073,2023-04-05T10:00,upper_activity_half,1.0,190.9374189376831,1.0,190.9374189376831,True,True,0.9852075466985712,1.0299995116921996,0,0,18,0.936093538981699,recloser_disswitch(r:p1udt228-p1udt62)p1u_12237,150.48328732668642,6363.536700425165,True,0.9852075466985712,1.0299995116921996,0,0,18,0.936093538981699,recloser_disswitch(r:p1udt228-p1udt62)p1u_12237,150.48328732668642,6363.536700425165
3,46073,2023-04-05T10:00,upper_activity_half,3.0,572.8122568130493,0.875244140625,501.35057145380415,False,True,0.973757363766262,1.0299994787834954,0,0,18,1.0446718858635267,l(r:p1udt175lv-p1ulv493),174.09540569807962,6768.729567415426,True,0.9759264562162062,1.029999484984155,0,0,18,0.9999997839516249,l(r:p1udt175lv-p1ulv493),169.41851936585732,6692.759690027713
3,46073,2023-04-05T10:00,upper_activity_half,5.0,954.6870946884155,0.525146484375,501.35057145380415,False,True,0.961912632030715,1.0299994451560996,0,0,18,1.2856374848366783,l(r:p1udt175lv-p1ulv493),201.26353490868996,7177.655642849056,True,0.9759264533299855,1.0299994849841423,0,0,18,0.9999998282676432,l(r:p1udt175lv-p1ulv493),169.41853118087565,6692.759836864656
3,46073,2023-04-05T10:00,upper_activity_half,10.0,1909.374189376831,0.2625732421875,501.35057145380415,False,True,0.9303197016468597,1.0299993577325917,6,0,18,1.904230140023007,l(r:p1udt175lv-p1ulv493),285.9762947151808,8217.118751540305,True,0.975926446240765,1.0299994849841123,0,0,18,0.999999937088856,l(r:p1udt175lv-p1ulv493),169.4185450793791,6692.760196726408
3,46294,2023-04-14T15:00,lower_activity_half,1.0,91.37446284294128,1.0,91.37446284294128,True,True,0.9888973140728897,1.029999520264211,0,0,18,0.9236986320797971,recloser_disswitch(r:p1udt228-p1udt62)p1u_12237,144.38186051365233,6257.8571557016985,True,0.9888973140728897,1.029999520264211,0,0,18,0.9236986320797971,recloser_disswitch(r:p1udt228-p1udt62)p1u_12237,144.38186051365233,6257.8571557016985
3,46294,2023-04-14T15:00,lower_activity_half,3.0,274.12338852882385,1.0,274.12338852882385,True,True,0.9873553185817754,1.0299995049192465,0,0,18,0.9461237502408806,recloser_disswitch(r:p1udt228-p1udt62)p1u_12237,153.61102602456896,6449.677986407272,True,0.9873553185817754,1.0299995049192465,0,0,18,0.9461237502408806,recloser_disswitch(r:p1udt228-p1udt62)p1u_12237,153.61102602456896,6449.677986407272
3,46294,2023-04-14T15:00,lower_activity_half,5.0,456.8723142147064,1.0,456.8723142147064,True,True,0.9836982057471072,1.0299994894619127,0,0,18,0.9686424564649407,recloser_disswitch(r:p1udt228-p1udt62)p1u_12237,163.3459187309888,6642.154339164445,True,0.9836982057471072,1.0299994894619127,0,0,18,0.9686424564649407,recloser_disswitch(r:p1udt228-p1udt62)p1u_12237,163.3459187309888,6642.154339164445
3,46294,2023-04-14T15:00,lower_activity_half,10.0,913.7446284294128,0.74462890625,680.4006632592063,False,True,0.974392982249545,1.029999450381936,0,0,18,1.1431792366932565,l(r:p1udm822-p1ulv579),189.90740555610515,7125.453714885389,True,0.9791734464420742,1.0299994704115878,0,0,18,0.9999691063239003,l(r:p1udm822-p1ulv579),175.945456856215,6878.336791650361
3,46385,2023-04-18T10:00,upper_activity_half,1.0,188.02274084091187,1.0,188.02274084091187,True,True,0.9852794039627358,1.02999951208835,0,0,18,0.9364957052035213,recloser_disswitch(r:p1udt228-p1udt62)p1u_12237,149.84224624630335,6359.965992499601,True,0.9852794039627358,1.02999951208835,0,0,18,0.9364957052035213,recloser_disswitch(r:p1udt228-p1udt62)p1u_12237,149.84224624630335,6359.965992499601
3,46385,2023-04-18T10:00,upper_activity_half,3.0,564.0682225227356,1.0,564.0682225227356,True,True,0.9733499080534722,1.029999480040187,0,0,18,0.9848524030033335,recloser_disswitch(r:p1udt228-p1udt62)p1u_12237,172.00258890328848,6757.91632413622,True,0.9733499080534722,1.029999480040187,0,0,18,0.9848524030033335,recloser_disswitch(r:p1udt228-p1udt62)p1u_12237,172.00258890328848,6757.91632413622
3,46385,2023-04-18T10:00,upper_activity_half,5.0,940.1137042045593,0.72406005859375,680.6987837511406,False,True,0.960299222020055,1.0299994473708511,0,0,18,1.1008313534920173,l(r:p1udm822-p1ulv579),197.49793907276663,7159.3966586190345,True,0.9693521900877231,1.0299994699592168,0,0,18,0.999998085859492,recloser_disswitch(r:p1udt228-p1udt62)p1u_12237,179.555170895401,6882.244357934762
3,46385,2023-04-18T10:00,upper_activity_half,10.0,1880.2274084091187,0.36199951171875,680.6414037643117,False,True,0.9251770191197689,1.0299993627897401,15,0,18,1.6285310000235518,l(r:p1udm822-p1ulv579),277.16519462668253,8179.207632140066,True,0.9693541670765277,1.0299994699641846,0,0,18,0.9999906286038086,recloser_disswitch(r:p1udt228-p1udt62)p1u_12237,179.55139549035275,6882.183183422383
3,46413,2023-04-19T14:00,lower_activity_half,1.0,57.698155641555786,1.0,57.698155641555786,True,True,0.9888072943469545,1.0299995230251402,0,0,18,0.9194432176896206,recloser_disswitch(r:p1udt228-p1udt62)p1u_12237,143.06738116124973,6222.904474405004,True,0.9888072943469545,1.0299995230251402,0,0,18,0.9194432176896206,recloser_disswitch(r:p1udt228-p1udt62)p1u_12237,143.06738116124973,6222.904474405004
3,46413,2023-04-19T14:00,lower_activity_half,3.0,173.09446692466736,1.0,173.09446692466736,True,True,0.9861125241339691,1.0299995132307653,0,0,18,0.9333376957380882,recloser_disswitch(r:p1udt228-p1udt62)p1u_12237,149.57886321223452,6344.629659128564,True,0.9861125241339691,1.0299995132307653,0,0,18,0.9333376957380882,recloser_disswitch(r:p1udt228-p1udt62)p1u_12237,149.57886321223452,6344.629659128564
3,46413,2023-04-19T14:00,lower_activity_half,5.0,288.49077820777893,1.0,288.49077820777893,True,True,0.9816768509829498,1.0299995033492777,0,0,18,0.9473244613325927,recloser_disswitch(r:p1udt228-p1udt62)p1u_12237,156.48518581293231,6466.926918803558,True,0.9816768509829498,1.0299995033492777,0,0,18,0.9473244613325927,recloser_disswitch(r:p1udt228-p1udt62)p1u_12237,156.48518581293231,6466.926918803558
3,46413,2023-04-19T14:00,lower_activity_half,10.0,576.9815564155579,1.0,576.9815564155579,True,True,0.9703321901953538,1.029999478327534,0,0,18,0.9825742887146608,recloser_disswitch(r:p1udt228-p1udt62)p1u_12237,175.48594935254573,6774.320619579159,True,0.9703321901953538,1.029999478327534,0,0,18,0.9825742887146608,recloser_disswitch(r:p1udt228-p1udt62)p1u_12237,175.48594935254573,6774.320619579159
3,46948,2023-05-11T21:00,lower_activity_half,1.0,43.385165214538574,1.0,43.385165214538574,True,True,0.9885474658708856,1.0299995242920923,0,0,18,0.9183936290852357,recloser_disswitch(r:p1udt228-p1udt62)p1u_12237,142.09768370210998,6207.6096363651295,True,0.9885474658708856,1.0299995242920923,0,0,18,0.9183936290852357,recloser_disswitch(r:p1udt228-p1udt62)p1u_12237,142.09768370210998,6207.6096363651295
3,46948,2023-05-11T21:00,lower_activity_half,3.0,130.15549564361572,1.0,130.15549564361572,True,True,0.9845869747661075,1.0299995170525675,0,0,18,0.9301796583054295,recloser_disswitch(r:p1udt228-p1udt62)p1u_12237,146.5572218320042,6298.681835544941,True,0.9845869747661075,1.0299995170525675,0,0,18,0.9301796583054295,recloser_disswitch(r:p1udt228-p1udt62)p1u_12237,146.5572218320042,6298.681835544941
3,46948,2023-05-11T21:00,lower_activity_half,5.0,216.92582607269287,1.0,216.92582607269287,True,True,0.9803835025942911,1.0299995097617265,0,0,18,0.9420321184855983,recloser_disswitch(r:p1udt228-p1udt62)p1u_12237,151.25486462389966,6390.147084519583,True,0.9803835025942911,1.0299995097617265,0,0,18,0.9420321184855983,recloser_disswitch(r:p1udt228-p1udt62)p1u_12237,151.25486462389966,6390.147084519583
3,46948,2023-05-11T21:00,lower_activity_half,10.0,433.85165214538574,1.0,433.85165214538574,True,True,0.9696447987686786,1.0299994913653272,0,0,18,0.9718493016194595,recloser_disswitch(r:p1udt228-p1udt62)p1u_12237,164.03709370615073,6619.799324359285,True,0.9696447987686786,1.0299994913653272,0,0,18,0.9718493016194595,recloser_disswitch(r:p1udt228-p1udt62)p1u_12237,164.03709370615073,6619.799324359285
3,47304,2023-05-26T17:00,lower_activity_half,1.0,83.14106774330139,1.0,83.14106774330139,True,True,0.9875744152634703,1.029999520905249,0,0,18,0.9250041134792495,recloser_disswitch(r:p1udt228-p1udt62)p1u_12237,144.4459159662842,6249.655754133817,True,0.9875744152634703,1.029999520905249,0,0,18,0.9250041134792495,recloser_disswitch(r:p1udt228-p1udt62)p1u_12237,144.4459159662842,6249.655754133817
3,47304,2023-05-26T17:00,lower_activity_half,3.0,249.42320322990417,1.0,249.42320322990417,True,True,0.9810430274069115,1.0299995068085408,0,0,18,0.9501179344013894,recloser_disswitch(r:p1udt228-p1udt62)p1u_12237,154.0207717902004,6425.382354659716,True,0.9810430274069115,1.0299995068085408,0,0,18,0.9501179344013894,recloser_disswitch(r:p1udt228-p1udt62)p1u_12237,154.0207717902004,6425.382354659716
3,47304,2023-05-26T17:00,lower_activity_half,5.0,415.70533871650696,1.0,415.70533871650696,True,True,0.9743846169539367,1.02999949256492,0,0,18,0.9949101228285244,l(r:p1udt175lv-p1ulv493),164.39746533492425,6602.029817258157,True,0.9743846169539367,1.02999949256492,0,0,18,0.9949101228285244,l(r:p1udt175lv-p1ulv493),164.39746533492425,6602.029817258157
3,47304,2023-05-26T17:00,lower_activity_half,10.0,831.4106774330139,0.5081787109375,422.50520631758263,False,True,0.9571465414419996,1.0299994563228183,0,0,18,1.3056589683386968,l(r:p1udt175lv-p1ulv493),193.98765409838595,7047.367669279232,True,0.9741078316823584,1.0299994919738353,0,0,18,0.9999703046616074,l(r:p1udt175lv-p1ulv493),164.84261065342992,6609.338492349938
3,47458,2023-06-02T03:00,lower_activity_half,1.0,11.082432746887207,1.0,11.082432746887207,True,True,0.989248736641569,1.0299995270085778,0,0,18,0.914304286458992,recloser_disswitch(r:p1udt228-p1udt62)p1u_12237,140.37404997685732,6173.5457517398445,True,0.989248736641569,1.0299995270085778,0,0,18,0.914304286458992,recloser_disswitch(r:p1udt228-p1udt62)p1u_12237,140.37404997685732,6173.5457517398445
3,47458,2023-06-02T03:00,lower_activity_half,3.0,33.24729824066162,1.0,33.24729824066162,True,True,0.9891537086833875,1.0299995252235399,0,0,18,0.9178917827768819,recloser_disswitch(r:p1udt228-p1udt62)p1u_12237,141.22230623825178,6196.404196382643,True,0.9891537086833875,1.0299995252235399,0,0,18,0.9178917827768819,recloser_disswitch(r:p1udt228-p1udt62)p1u_12237,141.22230623825178,6196.404196382643
3,47458,2023-06-02T03:00,lower_activity_half,5.0,55.412163734436035,1.0,55.412163734436035,True,True,0.9890573453133603,1.0299995234253259,0,0,18,0.9215037324492232,recloser_disswitch(r:p1udt228-p1udt62)p1u_12237,142.08107046620796,6219.427064566204,True,0.9890573453133603,1.0299995234253259,0,0,18,0.9215037324492232,recloser_disswitch(r:p1udt228-p1udt62)p1u_12237,142.08107046620796,6219.427064566204
3,47458,2023-06-02T03:00,lower_activity_half,10.0,110.82432746887207,1.0,110.82432746887207,True,True,0.9888170345530655,1.0299995189343794,0,0,18,0.9305236238137944,recloser_disswitch(r:p1udt228-p1udt62)p1u_12237,144.23960737363393,6276.911563724945,True,0.9888170345530655,1.0299995189343794,0,0,18,0.9305236238137944,recloser_disswitch(r:p1udt228-p1udt62)p1u_12237,144.23960737363393,6276.911563724945
3,47868,2023-06-19T05:00,lower_activity_half,1.0,3.571868658065796,1.0,3.571868658065796,True,True,0.9892787830723205,1.0299995276000897,0,0,18,0.9129569514285738,recloser_disswitch(r:p1udt228-p1udt62)p1u_12237,140.10619946671756,6165.936835603135,True,0.9892787830723205,1.0299995276000897,0,0,18,0.9129569514285738,recloser_disswitch(r:p1udt228-p1udt62)p1u_12237,140.10619946671756,6165.936835603135
3,47868,2023-06-19T05:00,lower_activity_half,3.0,10.715605974197388,1.0,10.715605974197388,True,True,0.9892478934956255,1.0299995270371334,0,0,18,0.9137761954618234,recloser_disswitch(r:p1udt228-p1udt62)p1u_12237,140.39563955831824,6173.081417270772,True,0.9892478934956255,1.0299995270371334,0,0,18,0.9137761954618234,recloser_disswitch(r:p1udt228-p1udt62)p1u_12237,140.39563955831824,6173.081417270772
3,47868,2023-06-19T05:00,lower_activity_half,5.0,17.85934329032898,1.0,17.85934329032898,True,True,0.9892145542985414,1.0299995264504835,0,0,18,0.9146398126864251,recloser_disswitch(r:p1udt228-p1udt62)p1u_12237,140.69852807060482,6180.527053721842,True,0.9892145542985414,1.0299995264504835,0,0,18,0.9146398126864251,recloser_disswitch(r:p1udt228-p1udt62)p1u_12237,140.69852807060482,6180.527053721842
3,47868,2023-06-19T05:00,lower_activity_half,10.0,35.71868658065796,1.0,35.71868658065796,True,True,0.9891314217983472,1.0299995249858314,0,0,18,0.9167948064967786,recloser_disswitch(r:p1udt228-p1udt62)p1u_12237,141.4568762847791,6199.1126330894385,True,0.9891314217983472,1.0299995249858314,0,0,18,0.9167948064967786,recloser_disswitch(r:p1udt228-p1udt62)p1u_12237,141.4568762847791,6199.1126330894385
3,48214,2023-07-03T15:00,lower_activity_half,1.0,73.25083684921265,1.0,73.25083684921265,True,True,0.9881779735987373,1.0299995218263531,0,0,18,0.9216215023312985,recloser_disswitch(r:p1udt228-p1udt62)p1u_12237,143.44213758770022,6238.525945435898,True,0.9881779735987373,1.0299995218263531,0,0,18,0.9216215023312985,recloser_disswitch(r:p1udt228-p1udt62)p1u_12237,143.44213758770022,6238.525945435898
3,48214,2023-07-03T15:00,lower_activity_half,3.0,219.75251054763794,1.0,219.75251054763794,True,True,0.9859153250064779,1.0299995095663452,0,0,18,0.9399986567287522,recloser_disswitch(r:p1udt228-p1udt62)p1u_12237,150.70155949682007,6392.409402879946,True,0.9859153250064779,1.0299995095663452,0,0,18,0.9399986567287522,recloser_disswitch(r:p1udt228-p1udt62)p1u_12237,150.70155949682007,6392.409402879946
3,48214,2023-07-03T15:00,lower_activity_half,5.0,366.25418424606323,1.0,366.25418424606323,True,True,0.9836316730032262,1.0299994972554967,0,0,18,0.9584040317082839,recloser_disswitch(r:p1udt228-p1udt62)p1u_12237,158.27977654009683,6546.485015135799,True,0.9836316730032262,1.0299994972554967,0,0,18,0.9584040317082839,recloser_disswitch(r:p1udt228-p1udt62)p1u_12237,158.27977654009683,6546.485015135799
3,48214,2023-07-03T15:00,lower_activity_half,10.0,732.5083684921265,0.949951171875,695.8471830573399,False,True,0.9751923886864686,1.0299994662113734,0,0,18,1.0046180873664234,recloser_disswitch(r:p1udt228-p1udt62)p1u_12237,178.66987534801007,6933.040094137275,True,0.9760517507917572,1.0299994693260108,0,0,18,0.9999959955927719,recloser_disswitch(r:p1udt228-p1udt62)p1u_12237,176.54095876579547,6894.378761424734
3,48449,2023-07-13T10:00,upper_activity_half,1.0,185.93796157836914,1.0,185.93796157836914,True,True,0.9875263920755195,1.0299995122893986,0,0,18,0.9380409006021776,recloser_disswitch(r:p1udt228-p1udt62)p1u_12237,149.5636576279377,6357.607806693106,True,0.9875263920755195,1.0299995122893986,0,0,18,0.9380409006021776,recloser_disswitch(r:p1udt228-p1udt62)p1u_12237,149.5636576279377,6357.607806693106
3,48449,2023-07-13T10:00,upper_activity_half,3.0,557.8138847351074,1.0,557.8138847351074,True,True,0.9811137089506876,1.0299994807864912,0,0,18,0.9893638097377657,recloser_disswitch(r:p1udt228-p1udt62)p1u_12237,170.36775984200222,6750.049153610745,True,0.9811137089506876,1.0299994807864912,0,0,18,0.9893638097377657,recloser_disswitch(r:p1udt228-p1udt62)p1u_12237,170.36775984200222,6750.049153610745
3,48449,2023-07-13T10:00,upper_activity_half,5.0,929.6898078918457,0.6710205078125,623.8409269996919,False,True,0.9745136981764885,1.029999448869719,0,0,18,1.1543677419778706,l(r:p1udt175lv-p1ulv493),193.34725749317747,7144.869134318434,True,0.9799487639360689,1.0299994751375074,0,0,18,0.9999816272671486,l(r:p1udt175lv-p1ulv493),174.2949593876206,6820.126572199258
3,48449,2023-07-13T10:00,upper_activity_half,10.0,1859.3796157836914,0.33551025390625,623.8409269996919,False,True,0.9574672613127619,1.0299993672459662,0,0,18,1.633366659364318,l(r:p1udt175lv-p1ulv493),260.71597718843094,8142.001147362339,True,0.9799487678722124,1.0299994751375325,0,0,18,0.9999815357385966,l(r:p1udt175lv-p1ulv493),174.2949502551313,6820.126272309888
3,48450,2023-07-13T11:00,upper_activity_half,1.0,197.65360134840012,1.0,197.65360134840012,True,True,0.9849450641912809,1.0299995111949778,0,0,18,0.9399490638718657,recloser_disswitch(r:p1udt228-p1udt62)p1u_12237,150.71185880284594,6370.464133335759,True,0.9849450641912809,1.0299995111949778,0,0,18,0.9399490638718657,recloser_disswitch(r:p1udt228-p1udt62)p1u_12237,150.71185880284594,6370.464133335759
3,48450,2023-07-13T11:00,upper_activity_half,3.0,592.9608040452003,0.95245361328125,564.7676603470063,False,True,0.9729520069121024,1.0299994773683654,0,0,18,1.015587828387907,l(r:p1udt175lv-p1ulv493),174.5674923921042,6789.361876428645,True,0.9738176045089709,1.0299994797878105,0,0,18,0.999980563100087,l(r:p1udt175lv-p1ulv493),172.7682714213231,6759.526317985806
3,48450,2023-07-13T11:00,upper_activity_half,5.0,988.2680067420006,0.57147216796875,564.7676603470063,False,True,0.960535393678147,1.0299994429356556,0,0,18,1.2366230668343121,l(r:p1udt175lv-p1ulv493),201.67635013811312,7211.702696811626,True,0.9738176045663766,1.0299994797878105,0,0,18,0.9999805623444374,l(r:p1udt175lv-p1ulv493),172.76825278638296,6759.526314355168
3,48450,2023-07-13T11:00,upper_activity_half,10.0,1976.5360134840012,0.28570556640625,564.7073412547979,False,True,0.9273612709473599,1.02999935405202,6,0,18,1.803090746344217,l(r:p1udt175lv-p1ulv493),284.7715564167579,8283.120189778278,True,0.9738194619582907,1.0299994797930132,0,0,18,0.9999470886953161,l(r:p1udt175lv-p1ulv493),172.76442058839044,6759.462149821337
3,49081,2023-08-08T18:00,upper_activity_half,1.0,184.03811740875244,1.0,184.03811740875244,True,True,0.9868743626480023,1.0299995124674581,0,0,18,0.9359072101164786,recloser_disswitch(r:p1udt228-p1udt62)p1u_12237,149.40270126394554,6355.539313642156,True,0.9868743626480023,1.0299995124674581,0,0,18,0.9359072101164786,recloser_disswitch(r:p1udt228-p1udt62)p1u_12237,149.40270126394554,6355.539313642156
3,49081,2023-08-08T18:00,upper_activity_half,3.0,552.1143522262573,1.0,552.1143522262573,True,True,0.9812696215963481,1.0299994812974695,0,0,18,0.9829545117161579,recloser_disswitch(r:p1udt228-p1udt62)p1u_12237,169.9953386398026,6743.977747246816,True,0.9812696215963481,1.0299994812974695,0,0,18,0.9829545117161579,recloser_disswitch(r:p1udt228-p1udt62)p1u_12237,169.9953386398026,6743.977747246816
3,49081,2023-08-08T18:00,upper_activity_half,5.0,920.1905870437622,0.3719482421875,342.26327132841107,False,True,0.9743001756883274,1.0299994496843765,0,0,18,1.0304004034993273,recloser_disswitch(r:p1udt228-p1udt62)p1u_12237,192.91817545415418,7134.939446786398,True,0.9847711377786883,1.0299994991119652,0,0,18,0.9561006120021803,recloser_disswitch(r:p1udt228-p1udt62)p1u_12237,157.97995747444983,6522.332781268239
3,49081,2023-08-08T18:00,upper_activity_half,10.0,1840.3811740875244,0.18597412109375,342.26327132841107,False,True,0.955631816672552,1.0299993686740656,0,0,18,1.4073631478701458,l(r:p1udm822-p1ulv579),260.9101095214592,8123.172208777636,True,0.9847711377777512,1.0299994991119652,0,0,18,0.95610061247296,recloser_disswitch(r:p1udt228-p1udt62)p1u_12237,157.97997537794183,6522.332781268239
3,49289,2023-08-17T10:00,upper_activity_half,1.0,186.71374398469925,1.0,186.71374398469925,True,True,0.9868811475698039,1.029999512175866,0,0,18,0.9389963349361767,recloser_disswitch(r:p1udt228-p1udt62)p1u_12237,149.95363618629847,6358.694104235253,True,0.9868811475698039,1.029999512175866,0,0,18,0.9389963349361767,recloser_disswitch(r:p1udt228-p1udt62)p1u_12237,149.95363618629847,6358.694104235253
3,49289,2023-08-17T10:00,upper_activity_half,3.0,560.1412319540977,0.9715576171875,544.2094806057939,False,True,0.9804312624451543,1.0299994803581147,0,0,18,1.009117523025221,l(r:p1udt175lv-p1ulv493),171.93551228783042,6753.929368452009,True,0.9807285990633865,1.029999481714036,0,0,18,0.9999827629561363,l(r:p1udt175lv-p1ulv493),170.95020677932652,6737.150261378543
3,49289,2023-08-17T10:00,upper_activity_half,5.0,933.5687199234962,0.58294677734375,544.2208767083321,False,True,0.9733469831111586,1.029999448036568,0,0,18,1.225683765674289,l(r:p1udt175lv-p1ulv493),196.63207596011296,7151.999634161071,True,0.9807283876725119,1.0299994817130738,0,0,18,0.9999892648834839,l(r:p1udt175lv-p1ulv493),170.95090024332214,6737.162173729682
3,49289,2023-08-17T10:00,upper_activity_half,10.0,1867.1374398469925,0.29144287109375,544.1638961956414,False,True,0.954972339907057,1.0299993649296466,0,0,18,1.7803153677225727,l(r:p1udt175lv-p1ulv493),270.91730950000397,8159.924699856,True,0.980729457086931,1.0299994817179654,0,0,18,0.9999564483988242,l(r:p1udt175lv-p1ulv493),170.94736052134357,6737.1016480023145
3,49408,2023-08-22T09:00,upper_activity_half,1.0,197.64600601792336,1.0,197.64600601792336,True,True,0.9865146421993934,1.0299995112409246,0,0,18,0.937846875802688,recloser_disswitch(r:p1udt228-p1udt62)p1u_12237,150.3120984378513,6370.044263279616,True,0.9865146421993934,1.0299995112409246,0,0,18,0.937846875802688,recloser_disswitch(r:p1udt228-p1udt62)p1u_12237,150.3120984378513,6370.044263279616
3,49408,2023-08-22T09:00,upper_activity_half,3.0,592.9380180537701,1.0,592.9380180537701,True,True,0.977800233628418,1.0299994775467816,0,0,18,0.9888311907538111,recloser_disswitch(r:p1udt228-p1udt62)p1u_12237,172.98000273379625,6787.763702029243,True,0.977800233628418,1.0299994775467816,0,0,18,0.9888311907538111,recloser_disswitch(r:p1udt228-p1udt62)p1u_12237,172.98000273379625,6787.763702029243
3,49408,2023-08-22T09:00,upper_activity_half,5.0,988.2300300896168,0.6868896484375,678.8049779436369,False,True,0.9688679628469764,1.0299994433127766,0,0,18,1.1304204453564484,l(r:p1udt454lv-p1ulv1912)p1ud1,198.33398668871308,7208.3600382255445,True,0.9758760974386572,1.0299994701415474,0,0,18,0.9999946855848372,recloser_disswitch(r:p1udt228-p1udt62)p1u_12237,178.2654329104094,6879.061131845678
3,49408,2023-08-22T09:00,upper_activity_half,10.0,1976.4600601792336,0.34344482421875,678.8049779436369,False,True,0.9454928334008984,1.0299993552884703,6,0,18,1.6094454597941388,l(r:p1udt454lv-p1ulv1912)p1ud1,274.09906032589896,8272.426729047455,True,0.9758761033832819,1.0299994701415776,0,0,18,0.9999946327951004,recloser_disswitch(r:p1udt228-p1udt62)p1u_12237,178.26542184676546,6879.0607745471125
3,49409,2023-08-22T10:00,upper_activity_half,1.0,219.909832239151,1.0,219.909832239151,True,True,0.9848043020186538,1.0299995092975716,0,0,18,0.9396205157200493,recloser_disswitch(r:p1udt228-p1udt62)p1u_12237,151.8929365222543,6393.918814796863,True,0.9848043020186538,1.0299995092975716,0,0,18,0.9396205157200493,recloser_disswitch(r:p1udt228-p1udt62)p1u_12237,151.8929365222543,6393.918814796863
3,49409,2023-08-22T10:00,upper_activity_half,3.0,659.729496717453,1.0,659.729496717453,True,True,0.9725146280204667,1.0299994715562197,0,0,18,0.9942811484993606,recloser_disswitch(r:p1udt228-p1udt62)p1u_12237,178.6947043180129,6860.2294325322655,True,0.9725146280204667,1.0299994715562197,0,0,18,0.9942811484993606,recloser_disswitch(r:p1udt228-p1udt62)p1u_12237,178.6947043180129,6860.2294325322655
3,49409,2023-08-22T10:00,upper_activity_half,5.0,1099.549161195755,0.64129638671875,705.1369040944701,False,True,0.9597762125298874,1.0299994330278377,0,0,18,1.1349998400917252,l(r:p1udt175lv-p1ulv493),209.57446189613796,7330.850045012943,True,0.971216391632445,1.0299994675972015,0,0,18,0.9999942219171607,recloser_disswitch(r:p1udt228-p1udt62)p1u_12237,181.70233057611483,6908.829616836103
3,49409,2023-08-22T10:00,upper_activity_half,10.0,2199.09832239151,0.32061767578125,705.069792939612,False,True,0.9256684619532282,1.029999333056329,6,0,18,1.6767201748296825,l(r:p1udm822-p1ulv579),306.0477823334698,8526.909451543259,True,0.9712183078025031,1.029999467603034,0,0,18,0.9999858103978281,recloser_disswitch(r:p1udt228-p1udt62)p1u_12237,181.69786410157064,6908.758051276781
3,49410,2023-08-22T11:00,upper_activity_half,1.0,204.56667828559875,1.0,204.56667828559875,True,True,0.9864533295812361,1.0299995106221957,0,0,18,0.9392582582205279,recloser_disswitch(r:p1udt228-p1udt62)p1u_12237,150.93557492651087,6377.63649211988,True,0.9864533295812361,1.0299995106221957,0,0,18,0.9392582582205279,recloser_disswitch(r:p1udt228-p1udt62)p1u_12237,150.93557492651087,6377.63649211988
3,49410,2023-08-22T11:00,upper_activity_half,3.0,613.7000348567963,0.7496337890625,460.0502824774885,False,True,0.9776111527326584,1.029999475644414,0,0,18,1.104885833937972,l(r:p1udt175lv-p1ulv493),175.20849612099437,6810.738215248617,True,0.9809568719435958,1.0299994888460209,0,0,18,0.9999988601645615,l(r:p1udt175lv-p1ulv493),165.72816410708876,6647.76901885239
3,49410,2023-08-22T11:00,upper_activity_half,5.0,1022.8333914279938,0.44976806640625,460.0377967183158,False,True,0.9685407828710122,1.029999440045338,0,0,18,1.3874019177289745,l(r:p1udt175lv-p1ulv493),202.67985963889288,7247.201679654333,True,0.9809571455901791,1.029999488847108,0,0,18,0.9999902860845379,l(r:p1udt175lv-p1ulv493),165.7273951172017,6647.755576669384
3,49410,2023-08-22T11:00,upper_activity_half,10.0,2045.6667828559875,0.224853515625,459.9753679224523,False,True,0.944758791932835,1.0299993481691052,6,0,18,2.115699008727105,l(r:p1udt175lv-p1ulv493),286.25405816637794,8353.730538572983,True,0.9809584899393404,1.0299994888524038,0,0,18,0.9999480140865212,l(r:p1udt175lv-p1ulv493),165.72365239117727,6647.690067484301
3,49458,2023-08-24T11:00,upper_activity_half,1.0,192.7057340145111,1.0,192.7057340145111,True,True,0.9863405841089062,1.0299995115910345,0,0,18,0.9369701354075645,recloser_disswitch(r:p1udt228-p1udt62)p1u_12237,150.63653911869494,6365.404456865879,True,0.9863405841089062,1.0299995115910345,0,0,18,0.9369701354075645,recloser_disswitch(r:p1udt228-p1udt62)p1u_12237,150.63653911869494,6365.404456865879
3,49458,2023-08-24T11:00,upper_activity_half,3.0,578.1172020435333,0.8917236328125,515.5207715976576,False,True,0.9765044170872278,1.0299994784836137,0,0,18,1.0380357744365123,l(r:p1udt175lv-p1ulv493),174.6864440751634,6774.631351447442,True,0.9782877313774028,1.0299994838950308,0,0,18,0.9999913089614072,l(r:p1udt175lv-p1ulv493),170.53915277347525,6708.050510561166
3,49458,2023-08-24T11:00,upper_activity_half,5.0,963.5286700725555,0.5350341796875,515.5207715976576,False,True,0.9653028425114016,1.0299994446854983,0,0,18,1.2744697853537086,l(r:p1udt175lv-p1ulv493),202.46174390045846,7187.714663631076,True,0.9782877289690098,1.029999483895019,0,0,18,0.9999913525679681,l(r:p1udt175lv-p1ulv493),170.53915839445781,6708.05065490208
3,49458,2023-08-24T11:00,upper_activity_half,10.0,1927.057340145111,0.26751708984375,515.5207715976576,False,True,0.9355579577070522,1.0299993569512789,9,0,18,1.8812675787168305,l(r:p1udt175lv-p1ulv493),289.4961373787437,8238.346393866372,True,0.9782877350413346,1.0299994838950493,0,0,18,0.9999912425604771,l(r:p1udt175lv-p1ulv493),170.53912089695896,6708.050292102302
3,49459,2023-08-24T12:00,upper_activity_half,1.0,189.81134700775146,1.0,189.81134700775146,True,True,0.9853073693550594,1.0299995117812166,0,0,18,0.9351859384805912,recloser_disswitch(r:p1udt228-p1udt62)p1u_12237,150.66673429786312,6362.563205344264,True,0.9853073693550594,1.0299995117812166,0,0,18,0.9351859384805912,recloser_disswitch(r:p1udt228-p1udt62)p1u_12237,150.66673429786312,6362.563205344264
3,49459,2023-08-24T12:00,upper_activity_half,3.0,569.4340410232544,1.0,569.4340410232544,True,True,0.9740639933228653,1.0299994790333495,0,0,18,0.9936636353044582,l(r:p1udt175lv-p1ulv493),174.8821505242825,6766.137848547226,True,0.9740639933228653,1.0299994790333495,0,0,18,0.9936636353044582,l(r:p1udt175lv-p1ulv493),174.8821505242825,6766.137848547226
3,49459,2023-08-24T12:00,upper_activity_half,5.0,949.0567350387573,0.61224365234375,581.0539617415634,False,True,0.9624351544276897,1.029999445549757,0,0,18,1.199647996039548,l(r:p1udt175lv-p1ulv493),202.99066988224652,7173.795588276966,True,0.9737103326711961,1.0299994780039823,0,0,18,0.9999755007175256,l(r:p1udt175lv-p1ulv493),175.69364816991973,6778.73800239151
3,49459,2023-08-24T12:00,upper_activity_half,10.0,1898.1134700775146,0.30609130859375,580.9960359154502,False,True,0.9314409212368592,1.029999358403445,12,0,18,1.7267744093422162,l(r:p1udt175lv-p1ulv493),291.7667024508054,8211.654829614386,True,0.9737120793224832,1.0299994780090402,0,0,18,0.9999442516291848,l(r:p1udt175lv-p1ulv493),175.68964607632512,6778.67606828716
3,49553,2023-08-28T10:00,upper_activity_half,1.0,197.9076976776123,1.0,197.9076976776123,True,True,0.9873622558463977,1.0299995112088383,0,0,18,0.9391277923229607,recloser_disswitch(r:p1udt228-p1udt62)p1u_12237,150.4322589382125,6370.4484207813375,True,0.9873622558463977,1.0299995112088383,0,0,18,0.9391277923229607,recloser_disswitch(r:p1udt228-p1udt62)p1u_12237,150.4322589382125,6370.4484207813375
3,49553,2023-08-28T10:00,upper_activity_half,3.0,593.7230930328369,1.0,593.7230930328369,True,True,0.9819010002699159,1.029999477481247,0,0,18,0.992667079106862,recloser_disswitch(r:p1udt228-p1udt62)p1u_12237,173.25455514680033,6788.826103451512,True,0.9819010002699159,1.029999477481247,0,0,18,0.992667079106862,recloser_disswitch(r:p1udt228-p1udt62)p1u_12237,173.25455514680033,6788.826103451512
3,49553,2023-08-28T10:00,upper_activity_half,5.0,989.5384883880615,0.654296875,647.4519406445324,False,True,0.9758426226555987,1.0299994432481079,0,0,18,1.097113922076959,l(r:p1udt175lv-p1ulv493),198.64101135360173,7209.983121620698,True,0.9810829872234903,1.0299994728501247,0,0,18,0.999996022907888,recloser_disswitch(r:p1udt228-p1udt62)p1u_12237,176.55724047963875,6845.999899322415
3,49553,2023-08-28T10:00,upper_activity_half,10.0,1979.076976776123,0.3271484375,647.4519406445324,False,True,0.9602163350186106,1.0299993554114661,0,0,18,1.5164170109167943,l(r:p1udt175lv-p1ulv493),273.8261324026372,8274.784404675904,True,0.9810829832958553,1.0299994728500956,0,0,18,0.9999960688068799,recloser_disswitch(r:p1udt228-p1udt62)p1u_12237,176.55726367308648,6846.000246017221
3,49846,2023-09-09T15:00,lower_activity_half,1.0,30.41227789223194,1.0,30.41227789223194,True,True,0.9886143391631833,1.0299995253389373,0,0,18,0.9165332036086048,recloser_disswitch(r:p1udt228-p1udt62)p1u_12237,141.55638222767553,6194.105399637275,True,0.9886143391631833,1.0299995253389373,0,0,18,0.9165332036086048,recloser_disswitch(r:p1udt228-p1udt62)p1u_12237,141.55638222767553,6194.105399637275
3,49846,2023-09-09T15:00,lower_activity_half,3.0,91.23683367669582,1.0,91.23683367669582,True,True,0.9872482982460492,1.0299995202311913,0,0,18,0.9245381060212534,recloser_disswitch(r:p1udt228-p1udt62)p1u_12237,144.81948880270954,6257.7834521871455,True,0.9872482982460492,1.0299995202311913,0,0,18,0.9245381060212534,recloser_disswitch(r:p1udt228-p1udt62)p1u_12237,144.81948880270954,6257.7834521871455
3,49846,2023-09-09T15:00,lower_activity_half,5.0,152.0613894611597,1.0,152.0613894611597,True,True,0.9858679924508859,1.0299995150732526,0,0,18,0.9326206227697035,recloser_disswitch(r:p1udt228-p1udt62)p1u_12237,148.1942559444642,6321.968561223351,True,0.9858679924508859,1.0299995150732526,0,0,18,0.9326206227697035,recloser_disswitch(r:p1udt228-p1udt62)p1u_12237,148.1942559444642,6321.968561223351
3,49846,2023-09-09T15:00,lower_activity_half,10.0,304.1227789223194,1.0,304.1227789223194,True,True,0.9814511898429107,1.0299995020781345,0,0,18,0.9529441251040851,recloser_disswitch(r:p1udt228-p1udt62)p1u_12237,157.05858732615357,6483.120759750679,True,0.9814511898429107,1.0299995020781345,0,0,18,0.9529441251040851,recloser_disswitch(r:p1udt228-p1udt62)p1u_12237,157.05858732615357,6483.120759750679
3,50168,2023-09-23T01:00,lower_activity_half,1.0,8.444974184036255,1.0,8.444974184036255,True,True,0.9892585760566032,1.0299995272129903,0,0,18,0.9133586899313862,recloser_disswitch(r:p1udt228-p1udt62)p1u_12237,140.31181918712863,6170.818719213444,True,0.9892585760566032,1.0299995272129903,0,0,18,0.9133586899313862,recloser_disswitch(r:p1udt228-p1udt62)p1u_12237,140.31181918712863,6170.818719213444
3,50168,2023-09-23T01:00,lower_activity_half,3.0,25.334922552108765,1.0,25.334922552108765,True,True,0.9891830259347603,1.0299995258294845,0,0,18,0.9150687279282317,recloser_disswitch(r:p1udt228-p1udt62)p1u_12237,141.03998889593106,6188.312798135821,True,0.9891830259347603,1.0299995258294845,0,0,18,0.9150687279282317,recloser_disswitch(r:p1udt228-p1udt62)p1u_12237,141.03998889593106,6188.312798135821
3,50168,2023-09-23T01:00,lower_activity_half,5.0,42.224870920181274,1.0,42.224870920181274,True,True,0.9891062126052325,1.0299995244349787,0,0,18,0.9167974421944608,recloser_disswitch(r:p1udt228-p1udt62)p1u_12237,141.77796807007425,6205.939727286585,True,0.9891062126052325,1.0299995244349787,0,0,18,0.9167974421944608,recloser_disswitch(r:p1udt228-p1udt62)p1u_12237,141.77796807007425,6205.939727286585
3,50168,2023-09-23T01:00,lower_activity_half,10.0,84.44974184036255,1.0,84.44974184036255,True,True,0.9889146061704618,1.0299995209515047,0,0,18,0.9211090190268783,recloser_disswitch(r:p1udt228-p1udt62)p1u_12237,143.6376430395432,6249.9406924552695,True,0.9889146061704618,1.0299995209515047,0,0,18,0.9211090190268783,recloser_disswitch(r:p1udt228-p1udt62)p1u_12237,143.6376430395432,6249.9406924552695
3,51647,2023-11-23T16:00,lower_activity_half,1.0,17.233353793621063,1.0,17.233353793621063,True,True,0.9892128569863008,1.029999526494179,0,0,18,0.9153298138704771,recloser_disswitch(r:p1udt228-p1udt62)p1u_12237,140.6589231397287,6180.096719002261,True,0.9892128569863008,1.029999526494179,0,0,18,0.9153298138704771,recloser_disswitch(r:p1udt228-p1udt62)p1u_12237,140.6589231397287,6180.096719002261
3,51647,2023-11-23T16:00,lower_activity_half,3.0,51.70006138086319,1.0,51.70006138086319,True,True,0.989048964786307,1.0299995237111588,0,0,18,0.9209177149759724,recloser_disswitch(r:p1udt228-p1udt62)p1u_12237,142.0646966017031,6215.6616362625955,True,0.989048964786307,1.0299995237111588,0,0,18,0.9209177149759724,recloser_disswitch(r:p1udt228-p1udt62)p1u_12237,142.0646966017031,6215.6616362625955
3,51647,2023-11-23T16:00,lower_activity_half,5.0,86.16676896810532,1.0,86.16676896810532,True,True,0.9888824941926871,1.029999520901494,0,0,18,0.9265522916067623,recloser_disswitch(r:p1udt228-p1udt62)p1u_12237,143.4942406645058,6251.556096846288,True,0.9888824941926871,1.029999520901494,0,0,18,0.9265522916067623,recloser_disswitch(r:p1udt228-p1udt62)p1u_12237,143.4942406645058,6251.556096846288
3,51647,2023-11-23T16:00,lower_activity_half,10.0,172.33353793621063,1.0,172.33353793621063,True,True,0.9884671728311399,1.0299995138825593,0,0,18,0.9406251940034738,recloser_disswitch(r:p1udt228-p1udt62)p1u_12237,147.10523517159697,6341.186595289603,True,0.9884671728311399,1.0299995138825593,0,0,18,0.9406251940034738,recloser_disswitch(r:p1udt228-p1udt62)p1u_12237,147.10523517159697,6341.186595289603
4,44103,2023-01-13T08:00,lower_activity_half,1.0,79.95436143875122,1.0,79.95436143875122,True,True,0.9869786259210586,1.0299995212521702,0,0,18,0.925002006549779,recloser_disswitch(r:p1udt228-p1udt62)p1u_12237,143.8615256005862,6245.987370615853,True,0.9869786259210586,1.0299995212521702,0,0,18,0.925002006549779,recloser_disswitch(r:p1udt228-p1udt62)p1u_12237,143.8615256005862,6245.987370615853
4,44103,2023-01-13T08:00,lower_activity_half,3.0,239.86308431625366,1.0,239.86308431625366,True,True,0.9792060890603637,1.029999507894149,0,0,18,0.9500454563273822,recloser_disswitch(r:p1udt228-p1udt62)p1u_12237,152.15441262323824,6413.965826664575,True,0.9792060890603637,1.029999507894149,0,0,18,0.9500454563273822,recloser_disswitch(r:p1udt228-p1udt62)p1u_12237,152.15441262323824,6413.965826664575
4,44103,2023-01-13T08:00,lower_activity_half,5.0,399.7718071937561,1.0,399.7718071937561,True,True,0.9712552619824212,1.0299994944094941,0,0,18,0.9752556630443286,recloser_disswitch(r:p1udt228-p1udt62)p1u_12237,161.1199182869016,6582.830695947403,True,0.9712552619824212,1.0299994944094941,0,0,18,0.9752556630443286,recloser_disswitch(r:p1udt228-p1udt62)p1u_12237,161.1199182869016,6582.830695947403
4,44103,2023-01-13T08:00,lower_activity_half,10.0,799.5436143875122,0.69512939453125,555.7862685705186,False,True,0.9505122092594865,1.0299994601852214,0,0,18,1.0389151084793604,recloser_disswitch(r:p1udt228-p1udt62)p1u_12237,186.62132755653914,7008.136265997489,True,0.9633106405112222,1.029999481138357,0,0,18,0.999996196836092,recloser_disswitch(r:p1udt228-p1udt62)p1u_12237,170.53550117023508,6748.312172456226
4,44752,2023-02-09T09:00,lower_activity_half,1.0,125.63688196241856,1.0,125.63688196241856,True,True,0.9806096754273168,1.0299995172832914,0,0,18,0.9316449537513344,recloser_disswitch(r:p1udt228-p1udt62)p1u_12237,147.1542455736909,6294.883282924892,True,0.9806096754273168,1.0299995172832914,0,0,18,0.9316449537513344,recloser_disswitch(r:p1udt228-p1udt62)p1u_12237,147.1542455736909,6294.883282924892
4,44752,2023-02-09T09:00,lower_activity_half,3.0,376.91064588725567,1.0,376.91064588725567,True,True,0.9592407483044334,1.0299994955335063,0,0,18,0.9705481442770458,recloser_disswitch(r:p1udt228-p1udt62)p1u_12237,164.68414338946357,6563.572999166051,True,0.9592407483044334,1.0299994955335063,0,0,18,0.9705481442770458,recloser_disswitch(r:p1udt228-p1udt62)p1u_12237,164.68414338946357,6563.572999166051
4,44752,2023-02-09T09:00,lower_activity_half,5.0,628.1844098120928,0.76483154296875,480.4552514254965,False,True,0.9363391270434572,1.0299994730171171,6,0,18,1.0104053119158498,recloser_disswitch(r:p1udt228-p1udt62)p1u_12237,186.84938205464476,6836.992607931417,True,0.9500020778900938,1.0299994863508548,0,0,18,0.9868542943927485,recloser_disswitch(r:p1udt228-p1udt62)p1u_12237,173.22238701041599,6675.668029942978
4,44752,2023-02-09T09:00,lower_activity_half,10.0,1256.3688196241856,0.38238525390625,480.4169100918898,False,True,0.8700628564339645,1.0299994125194363,6,0,18,1.3826099301097583,l(r:p1udt259lv-p1ulv647),267.97637607171566,7546.302131522646,True,0.9500055479008253,1.0299994863542783,0,0,18,0.9868482282278496,recloser_disswitch(r:p1udt228-p1udt62)p1u_12237,173.21907333795664,6675.626387149923
4,46073,2023-04-05T10:00,upper_activity_half,1.0,190.9374189376831,1.0,190.9374189376831,True,True,0.9762380820032572,1.0299995117283964,0,0,18,0.941901286293309,recloser_disswitch(r:p1udt228-p1udt62)p1u_12237,151.17149479630507,6364.208617240835,True,0.9762380820032572,1.0299995117283964,0,0,18,0.941901286293309,recloser_disswitch(r:p1udt228-p1udt62)p1u_12237,151.17149479630507,6364.208617240835
4,46073,2023-04-05T10:00,upper_activity_half,3.0,572.8122568130493,0.89813232421875,514.4612035524915,False,True,0.9450344872739039,1.029999478300547,6,0,18,1.002019448840732,recloser_disswitch(r:p1udt228-p1udt62)p1u_12237,180.25053486876655,6775.021163327895,True,0.9500014579777697,1.0299994835085835,0,0,18,0.9927094517726084,recloser_disswitch(r:p1udt228-p1udt62)p1u_12237,175.18792554468146,6711.639513625155
4,46073,2023-04-05T10:00,upper_activity_half,5.0,954.6870946884155,0.53887939453125,514.4612035524915,False,True,0.9103749313903425,1.029999443161916,6,0,18,1.064280444077642,recloser_disswitch(r:p1udt228-p1udt62)p1u_12237,219.73892595727443,7196.39906407558,True,0.9500014573201144,1.0299994835085833,0,0,18,0.9927094551010944,recloser_disswitch(r:p1udt228-p1udt62)p1u_12237,175.18790974958975,6711.63952041482
4,46073,2023-04-05T10:00,upper_activity_half,10.0,1909.374189376831,0.2694091796875,514.4029340764973,False,True,0.799236731934064,1.0299993443314182,12,0,18,2.042278923349035,l(r:p1udt259lv-p1ulv647),386.5927479996057,8316.224800617676,True,0.9500062909187315,1.0299994835136752,0,0,18,0.992700343645206,recloser_disswitch(r:p1udt228-p1udt62)p1u_12237,175.18304700856882,6711.577389281753
4,46294,2023-04-14T15:00,lower_activity_half,1.0,91.37446284294128,1.0,91.37446284294128,True,True,0.9807218499440375,1.0299995200783556,0,0,18,0.9278886535835743,recloser_disswitch(r:p1udt228-p1udt62)p1u_12237,145.83733357443,6259.333337781468,True,0.9807218499440375,1.0299995200783556,0,0,18,0.9278886535835743,recloser_disswitch(r:p1udt228-p1udt62)p1u_12237,145.83733357443,6259.333337781468
4,46294,2023-04-14T15:00,lower_activity_half,3.0,274.12338852882385,1.0,274.12338852882385,True,True,0.9595866852973894,1.0299995039525995,0,0,18,0.9592435033093647,recloser_disswitch(r:p1udt228-p1udt62)p1u_12237,160.5800458228134,6456.682361785851,True,0.9595866852973894,1.0299995039525995,0,0,18,0.9592435033093647,recloser_disswitch(r:p1udt228-p1udt62)p1u_12237,160.5800458228134,6456.682361785851
4,46294,2023-04-14T15:00,lower_activity_half,5.0,456.8723142147064,0.772705078125,353.0275572484243,False,True,0.9369253805169839,1.0299994870941538,6,0,18,0.9915268547231048,recloser_disswitch(r:p1udt228-p1udt62)p1u_12237,179.75340891241842,6658.585646754828,True,0.9500025625424923,1.0299994967663986,0,0,18,0.9730662654975645,recloser_disswitch(r:p1udt228-p1udt62)p1u_12237,168.2806365271764,6543.298902448572
4,46294,2023-04-14T15:00,lower_activity_half,10.0,913.7446284294128,0.3863525390625,353.0275572484243,False,True,0.871310606296201,1.029999440916635,6,0,18,1.385755989081795,l(r:p1udt259lv-p1ulv647),252.40190428256076,7188.1043656304755,True,0.9500025309848035,1.02999949676637,0,0,18,0.9730663142558066,recloser_disswitch(r:p1udt228-p1udt62)p1u_12237,168.2806514448962,6543.299232758206
4,46385,2023-04-18T10:00,upper_activity_half,1.0,188.02274084091187,1.0,188.02274084091187,True,True,0.9772360841758055,1.029999512027183,0,0,18,0.9391731203217287,recloser_disswitch(r:p1udt228-p1udt62)p1u_12237,150.5408879043012,6360.645301345726,True,0.9772360841758055,1.029999512027183,0,0,18,0.9391731203217287,recloser_disswitch(r:p1udt228-p1udt62)p1u_12237,150.5408879043012,6360.645301345726
4,46385,2023-04-18T10:00,upper_activity_half,3.0,564.0682225227356,0.962890625,543.136003327556,False,True,0.9483236213990668,1.029999479286053,6,0,18,0.9936841623085613,recloser_disswitch(r:p1udt228-p1udt62)p1u_12237,177.68014701637,6763.712648122284,True,0.9500008353199244,1.0299994811440791,0,0,18,0.9906083042973052,recloser_disswitch(r:p1udt228-p1udt62)p1u_12237,175.9456383143678,6741.07233464834
4,46385,2023-04-18T10:00,upper_activity_half,5.0,940.1137042045593,0.57769775390625,543.1015753354586,False,True,0.9165068529014673,1.0299994450215157,6,0,18,1.0500367751731112,recloser_disswitch(r:p1udt228-p1udt62)p1u_12237,213.98610752627846,7175.998605369682,True,0.9500036166511018,1.029999481147162,0,0,18,0.9906031951409451,recloser_disswitch(r:p1udt228-p1udt62)p1u_12237,175.94279890101495,6741.034763043735
4,46385,2023-04-18T10:00,upper_activity_half,10.0,1880.2274084091187,0.288818359375,543.0441953486297,False,True,0.8169542452371898,1.0299993498970665,6,0,18,1.8731645546788187,l(r:p1udt259lv-p1ulv647),362.1154127759354,8264.257553931424,True,0.9500081230148456,1.0299994811521667,0,0,18,0.9905949187022722,recloser_disswitch(r:p1udt228-p1udt62)p1u_12237,175.93814587848698,6740.973700243146
4,46413,2023-04-19T14:00,lower_activity_half,1.0,57.698155641555786,1.0,57.698155641555786,True,True,0.986124319035271,1.0299995230440955,0,0,18,0.9205554889326444,recloser_disswitch(r:p1udt228-p1udt62)p1u_12237,143.14595998708162,6222.960694370386,True,0.986124319035271,1.0299995230440955,0,0,18,0.9205554889326444,recloser_disswitch(r:p1udt228-p1udt62)p1u_12237,143.14595998708162,6222.960694370386
4,46413,2023-04-19T14:00,lower_activity_half,3.0,173.09446692466736,1.0,173.09446692466736,True,True,0.9765854534229252,1.029999513233644,0,0,18,0.9367567665842569,recloser_disswitch(r:p1udt228-p1udt62)p1u_12237,150.15759310452947,6345.201293534663,True,0.9765854534229252,1.029999513233644,0,0,18,0.9367567665842569,recloser_disswitch(r:p1udt228-p1udt62)p1u_12237,150.15759310452947,6345.201293534663
4,46413,2023-04-19T14:00,lower_activity_half,5.0,288.49077820777893,1.0,288.49077820777893,True,True,0.9667566786299003,1.0299995032669176,0,0,18,0.9531531876109763,recloser_disswitch(r:p1udt228-p1udt62)p1u_12237,158.05016324807943,6468.476228909895,True,0.9667566786299003,1.0299995032669176,0,0,18,0.9531531876109763,recloser_disswitch(r:p1udt228-p1udt62)p1u_12237,158.05016324807943,6468.476228909895
4,46413,2023-04-19T14:00,lower_activity_half,10.0,576.9815564155579,0.8270263671875,477.1789605365484,False,True,0.9407723861177203,1.0299994776580856,6,0,18,0.9949799255303651,recloser_disswitch(r:p1udt228-p1udt62)p1u_12237,181.96684583375082,6780.908296158439,True,0.9500014319356114,1.029999486630793,0,0,18,0.9803750813524501,recloser_disswitch(r:p1udt228-p1udt62)p1u_12237,172.9821859350186,6672.151838348069
4,46948,2023-05-11T21:00,lower_activity_half,1.0,43.385165214538574,1.0,43.385165214538574,True,True,0.9882598583119616,1.0299995242169022,0,0,18,0.9194048403392819,recloser_disswitch(r:p1udt228-p1udt62)p1u_12237,142.47424320531638,6207.965166827472,True,0.9882598583119616,1.0299995242169022,0,0,18,0.9194048403392819,recloser_disswitch(r:p1udt228-p1udt62)p1u_12237,142.47424320531638,6207.965166827472
4,46948,2023-05-11T21:00,lower_activity_half,3.0,130.15549564361572,1.0,130.15549564361572,True,True,0.9838471100596456,1.0299995168084501,0,0,18,0.9332404967821518,recloser_disswitch(r:p1udt228-p1udt62)p1u_12237,147.7627292137533,6299.880749880015,True,0.9838471100596456,1.0299995168084501,0,0,18,0.9332404967821518,recloser_disswitch(r:p1udt228-p1udt62)p1u_12237,147.7627292137533,6299.880749880015
4,46948,2023-05-11T21:00,lower_activity_half,5.0,216.92582607269287,1.0,216.92582607269287,True,True,0.9791325397146708,1.0299995093308205,0,0,18,0.9471668600396007,recloser_disswitch(r:p1udt228-p1udt62)p1u_12237,153.38872362287302,6392.272725023438,True,0.9791325397146708,1.0299995093308205,0,0,18,0.9471668600396007,recloser_disswitch(r:p1udt228-p1udt62)p1u_12237,153.38872362287302,6392.272725023438
4,46948,2023-05-11T21:00,lower_activity_half,10.0,433.85165214538574,1.0,433.85165214538574,True,True,0.9670494116736714,1.029999490382749,0,0,18,0.9822854070426377,recloser_disswitch(r:p1udt228-p1udt62)p1u_12237,168.94525186130318,6624.674832858667,True,0.9670494116736714,1.029999490382749,0,0,18,0.9822854070426377,recloser_disswitch(r:p1udt228-p1udt62)p1u_12237,168.94525186130318,6624.674832858667
4,47304,2023-05-26T17:00,lower_activity_half,1.0,83.14106774330139,1.0,83.14106774330139,True,True,0.9860994776516622,1.0299995208405042,0,0,18,0.9248720970322305,recloser_disswitch(r:p1udt228-p1udt62)p1u_12237,144.74648813416337,6249.985285656705,True,0.9860994776516622,1.0299995208405042,0,0,18,0.9248720970322305,recloser_disswitch(r:p1udt228-p1udt62)p1u_12237,144.74648813416337,6249.985285656705
4,47304,2023-05-26T17:00,lower_activity_half,3.0,249.42320322990417,1.0,249.42320322990417,True,True,0.9765096091691856,1.0299995065709373,0,0,18,0.9497680827087506,recloser_disswitch(r:p1udt228-p1udt62)p1u_12237,155.21894033990506,6426.568707983118,True,0.9765096091691856,1.0299995065709373,0,0,18,0.9497680827087506,recloser_disswitch(r:p1udt228-p1udt62)p1u_12237,155.21894033990506,6426.568707983118
4,47304,2023-05-26T17:00,lower_activity_half,5.0,415.70533871650696,1.0,415.70533871650696,True,True,0.9666331845771162,1.029999492078211,0,0,18,0.9749368864786152,recloser_disswitch(r:p1udt228-p1udt62)p1u_12237,166.9244971425977,6604.536298300477,True,0.9666331845771162,1.029999492078211,0,0,18,0.9749368864786152,recloser_disswitch(r:p1udt228-p1udt62)p1u_12237,166.9244971425977,6604.536298300477
4,47304,2023-05-26T17:00,lower_activity_half,10.0,831.4106774330139,0.69696044921875,579.4603592289786,False,True,0.9405428561066168,1.0299994548459936,6,0,18,1.0986428642868618,l(r:p1udt61lv-p1ulv156),201.981571330049,7055.341143446681,True,0.956601795769417,1.029999477580313,0,0,18,0.9999972024412267,recloser_disswitch(r:p1udt228-p1udt62)p1u_12237,179.71717584959765,6781.16792047094
4,47458,2023-06-02T03:00,lower_activity_half,1.0,11.082432746887207,1.0,11.082432746887207,True,True,0.9892498034015804,1.02999952696316,0,0,18,0.9143518454377795,recloser_disswitch(r:p1udt228-p1udt62)p1u_12237,140.5238004118142,6173.749541083232,True,0.9892498034015804,1.02999952696316,0,0,18,0.9143518454377795,recloser_disswitch(r:p1udt228-p1udt62)p1u_12237,140.5238004118142,6173.749541083232
4,47458,2023-06-02T03:00,lower_activity_half,3.0,33.24729824066162,1.0,33.24729824066162,True,True,0.9891594784688961,1.029999525099611,0,0,18,0.9180073859415863,recloser_disswitch(r:p1udt228-p1udt62)p1u_12237,141.6783846054242,6196.821015624484,True,0.9891594784688961,1.029999525099611,0,0,18,0.9180073859415863,recloser_disswitch(r:p1udt228-p1udt62)p1u_12237,141.6783846054242,6196.821015624484
4,47458,2023-06-02T03:00,lower_activity_half,5.0,55.412163734436035,1.0,55.412163734436035,True,True,0.989066373529943,1.0299995232096597,0,0,18,0.9217070103560694,recloser_disswitch(r:p1udt228-p1udt62)p1u_12237,142.86939152485968,6220.171425814297,True,0.989066373529943,1.0299995232096597,0,0,18,0.9217070103560694,recloser_disswitch(r:p1udt228-p1udt62)p1u_12237,142.86939152485968,6220.171425814297
4,47458,2023-06-02T03:00,lower_activity_half,10.0,110.82432746887207,1.0,110.82432746887207,True,True,0.9888330687749957,1.0299995184707014,0,0,18,0.9412004426888776,l(r:p1udt61lv-p1ulv156),145.9505380106449,6278.485181440944,True,0.9888330687749957,1.0299995184707014,0,0,18,0.9412004426888776,l(r:p1udt61lv-p1ulv156),145.9505380106449,6278.485181440944
4,47868,2023-06-19T05:00,lower_activity_half,1.0,3.571868658065796,1.0,3.571868658065796,True,True,0.989281846259705,1.029999527612328,0,0,18,0.9130833831715763,recloser_disswitch(r:p1udt228-p1udt62)p1u_12237,140.150141442677,6165.737215331489,True,0.989281846259705,1.029999527612328,0,0,18,0.9130833831715763,recloser_disswitch(r:p1udt228-p1udt62)p1u_12237,140.150141442677,6165.737215331489
4,47868,2023-06-19T05:00,lower_activity_half,3.0,10.715605974197388,1.0,10.715605974197388,True,True,0.9891564917757945,1.0299995270138356,0,0,18,0.9142678318484452,recloser_disswitch(r:p1udt228-p1udt62)p1u_12237,140.56659410754176,6173.2404225287155,True,0.9891564917757945,1.0299995270138356,0,0,18,0.9142678318484452,recloser_disswitch(r:p1udt228-p1udt62)p1u_12237,140.56659410754176,6173.2404225287155
4,47868,2023-06-19T05:00,lower_activity_half,5.0,17.85934329032898,1.0,17.85934329032898,True,True,0.9880572261348561,1.029999526409125,0,0,18,0.9154630168745055,recloser_disswitch(r:p1udt228-p1udt62)p1u_12237,140.99570805763733,6180.8119148350925,True,0.9880572261348561,1.029999526409125,0,0,18,0.9154630168745055,recloser_disswitch(r:p1udt228-p1udt62)p1u_12237,140.99570805763733,6180.8119148350925
4,47868,2023-06-19T05:00,lower_activity_half,10.0,35.71868658065796,1.0,35.71868658065796,True,True,0.9852908811867445,1.0299995248875247,0,0,18,0.9184649477923771,recloser_disswitch(r:p1udt228-p1udt62)p1u_12237,142.11439826345622,6199.81777316483,True,0.9852908811867445,1.0299995248875247,0,0,18,0.9184649477923771,recloser_disswitch(r:p1udt228-p1udt62)p1u_12237,142.11439826345622,6199.81777316483
4,48214,2023-07-03T15:00,lower_activity_half,1.0,73.25083684921265,1.0,73.25083684921265,True,True,0.9819049182800483,1.0299995217033706,0,0,18,0.9235995293631467,recloser_disswitch(r:p1udt228-p1udt62)p1u_12237,144.32985646038424,6239.559757277988,True,0.9819049182800483,1.0299995217033706,0,0,18,0.9235995293631467,recloser_disswitch(r:p1udt228-p1udt62)p1u_12237,144.32985646038424,6239.559757277988
4,48214,2023-07-03T15:00,lower_activity_half,3.0,219.75251054763794,1.0,219.75251054763794,True,True,0.9633545241090188,1.0299995089382747,0,0,18,0.9462519862825804,recloser_disswitch(r:p1udt228-p1udt62)p1u_12237,155.23489295116232,6396.886108568309,True,0.9633545241090188,1.0299995089382747,0,0,18,0.9462519862825804,recloser_disswitch(r:p1udt228-p1udt62)p1u_12237,155.23489295116232,6396.886108568309
4,48214,2023-07-03T15:00,lower_activity_half,5.0,366.25418424606323,0.87347412109375,319.91355168123846,False,True,0.9436303574171963,1.0299994956480953,6,0,18,0.9695667314866508,recloser_disswitch(r:p1udt228-p1udt62)p1u_12237,169.2979538357928,6557.523494289628,True,0.9500012711354271,1.0299994999072797,0,0,18,0.9621248513764027,recloser_disswitch(r:p1udt228-p1udt62)p1u_12237,164.48745436304065,6506.3913954840245
4,48214,2023-07-03T15:00,lower_activity_half,10.0,732.5083684921265,0.43670654296875,319.8911972998758,False,True,0.8878327995886712,1.0299994596744175,6,0,18,1.2265149806253268,l(r:p1udt259lv-p1ulv647),221.5219548222885,6975.961081781872,True,0.950004314346949,1.0299994999093218,0,0,18,0.9621212780051887,recloser_disswitch(r:p1udt228-p1udt62)p1u_12237,164.48522362943018,6506.366800637454
4,48449,2023-07-13T10:00,upper_activity_half,1.0,185.93796157836914,1.0,185.93796157836914,True,True,0.975803693052855,1.029999512083765,0,0,18,0.9398345832140088,recloser_disswitch(r:p1udt228-p1udt62)p1u_12237,151.0172191073547,6359.017479944387,True,0.975803693052855,1.029999512083765,0,0,18,0.9398345832140088,recloser_disswitch(r:p1udt228-p1udt62)p1u_12237,151.0172191073547,6359.017479944387
4,48449,2023-07-13T10:00,upper_activity_half,3.0,557.8138847351074,0.87255859375,486.7252988386899,False,True,0.9435911521480806,1.0299994793518525,6,0,18,0.9958259959095309,recloser_disswitch(r:p1udt228-p1udt62)p1u_12237,179.79163992122534,6759.562149040578,True,0.9500030157886997,1.0299994857295547,0,0,18,0.9849753603668245,recloser_disswitch(r:p1udt228-p1udt62)p1u_12237,173.5489536039625,6682.2649462083255
4,48449,2023-07-13T10:00,upper_activity_half,5.0,929.6898078918457,0.5235595703125,486.7479963437654,False,True,0.9076652443167915,1.0299994448832652,6,0,18,1.0539676597565553,recloser_disswitch(r:p1udt228-p1udt62)p1u_12237,219.1054601121166,7170.7653786254505,True,0.9500009696781818,1.029999485727509,0,0,18,0.9849788495337143,recloser_disswitch(r:p1udt228-p1udt62)p1u_12237,173.55089635536257,6682.2897879386865
4,48449,2023-07-13T10:00,upper_activity_half,10.0,1859.3796157836914,0.26177978515625,486.7479963437654,False,True,0.7950661579680006,1.0299993488602293,6,0,18,2.083760212242048,l(r:p1udt259lv-p1ulv647),383.0722329365431,8252.514619153539,True,0.9500010158854945,1.0299994857275543,0,0,18,0.9849787712831765,recloser_disswitch(r:p1udt228-p1udt62)p1u_12237,173.55087106630887,6682.289261946392
4,48450,2023-07-13T11:00,upper_activity_half,1.0,197.65360134840012,1.0,197.65360134840012,True,True,0.9777710458430753,1.0299995110957738,0,0,18,0.942009548862759,recloser_disswitch(r:p1udt228-p1udt62)p1u_12237,151.6342883571065,6371.386627259333,True,0.9777710458430753,1.0299995110957738,0,0,18,0.942009548862759,recloser_disswitch(r:p1udt228-p1udt62)p1u_12237,151.6342883571065,6371.386627259333
4,48450,2023-07-13T11:00,upper_activity_half,3.0,592.9608040452003,0.97674560546875,579.171859566366,False,True,0.9500881522050191,1.0299994765707206,0,0,18,1.0021155727806395,recloser_disswitch(r:p1udt228-p1udt62)p1u_12237,180.53159725161544,6795.457277260372,True,0.9510925113222972,1.0299994777951138,0,0,18,0.9999955574679671,recloser_disswitch(r:p1udt228-p1udt62)p1u_12237,179.3917166700437,6780.553965684995
4,48450,2023-07-13T11:00,upper_activity_half,5.0,988.2680067420006,0.5860595703125,579.1839233848077,False,True,0.9197807525910235,1.0299994406471766,6,0,18,1.0639394881116118,recloser_disswitch(r:p1udt228-p1udt62)p1u_12237,217.8603981405618,7228.038628166799,True,0.9510915920938258,1.029999477793995,0,0,18,0.9999975024975557,recloser_disswitch(r:p1udt228-p1udt62)p1u_12237,179.39275042383122,6780.567562082229
4,48450,2023-07-13T11:00,upper_activity_half,10.0,1976.5360134840012,0.29302978515625,579.1839233848077,False,True,0.8264758467963028,1.029999342413099,6,0,18,1.778578982154785,l(r:p1udt259lv-p1ulv647),362.3888391216788,8360.864147952127,True,0.9510916310648488,1.0299994777940402,0,0,18,0.9999974180478812,recloser_disswitch(r:p1udt228-p1udt62)p1u_12237,179.39272327088818,6780.567035655875
4,49081,2023-08-08T18:00,upper_activity_half,1.0,184.03811740875244,1.0,184.03811740875244,True,True,0.9723582081493323,1.0299995121337766,0,0,18,0.9404987749992779,recloser_disswitch(r:p1udt228-p1udt62)p1u_12237,151.77018105845264,6357.943433479877,True,0.9723582081493323,1.0299995121337766,0,0,18,0.9404987749992779,recloser_disswitch(r:p1udt228-p1udt62)p1u_12237,151.77018105845264,6357.943433479877
4,49081,2023-08-08T18:00,upper_activity_half,3.0,552.1143522262573,0.712890625,393.5971456300467,False,True,0.9319676707013598,1.0299994789656515,6,0,18,0.9984960100458161,recloser_disswitch(r:p1udt228-p1udt62)p1u_12237,185.50322292642434,6759.545026569339,True,0.950002395692826,1.0299994935454573,0,0,18,0.9731488785192721,recloser_disswitch(r:p1udt228-p1udt62)p1u_12237,169.1742999578958,6584.762171866806
4,49081,2023-08-08T18:00,upper_activity_half,5.0,920.1905870437622,0.427734375,393.5971456300467,False,True,0.8853316841303955,1.0299994430114265,6,0,18,1.243921293420267,l(r:p1udt259lv-p1ulv647),236.25461888896308,7178.368239659508,True,0.9500023721421268,1.029999493545436,0,0,18,0.9731489146640844,recloser_disswitch(r:p1udt228-p1udt62)p1u_12237,169.1743182667248,6584.762418271577
4,49081,2023-08-08T18:00,upper_activity_half,10.0,1840.3811740875244,0.2138671875,393.5971456300467,False,True,0.7643287132503294,1.029999351102825,6,0,18,2.3754958685250678,l(r:p1udt259lv-p1ulv647),423.00800970788947,8182.019676705718,True,0.9500023132640274,1.0299994935453833,0,0,18,0.9731490107761732,recloser_disswitch(r:p1udt228-p1udt62)p1u_12237,169.1743650205883,6584.763030753592
4,49289,2023-08-17T10:00,upper_activity_half,1.0,186.71374398469925,1.0,186.71374398469925,True,True,0.9744736507058032,1.0299995119567649,0,0,18,0.9422514761806491,recloser_disswitch(r:p1udt228-p1udt62)p1u_12237,151.54175467504896,6360.341657521228,True,0.9744736507058032,1.0299995119567649,0,0,18,0.9422514761806491,recloser_disswitch(r:p1udt228-p1udt62)p1u_12237,151.54175467504896,6360.341657521228
4,49289,2023-08-17T10:00,upper_activity_half,3.0,560.1412319540977,0.802978515625,449.7813749748602,False,True,0.9391481104084031,1.02999947875602,6,0,18,1.0033698110825073,recloser_disswitch(r:p1udt228-p1udt62)p1u_12237,182.73002748889314,6764.8182497518255,True,0.9500011982414308,1.0299994887652446,0,0,18,0.9850604338366022,recloser_disswitch(r:p1udt228-p1udt62)p1u_12237,172.30579610066545,6644.07787531841
4,49289,2023-08-17T10:00,upper_activity_half,5.0,933.5687199234962,0.48175048828125,449.74718666724584,False,True,0.8992474505916099,1.029999443424096,6,0,18,1.0992019725419955,l(r:p1udt259lv-p1ulv647),226.8796616615607,7182.405726620653,True,0.9500045353650652,1.0299994887683488,0,0,18,0.9850547452750904,recloser_disswitch(r:p1udt228-p1udt62)p1u_12237,172.30268723853263,6644.040277217727
4,49289,2023-08-17T10:00,upper_activity_half,10.0,1867.1374398469925,0.2408447265625,449.6902061545552,False,True,0.7827909437674356,1.0299993476765683,6,0,18,2.1980964169108725,l(r:p1udt259lv-p1ulv647),403.2233700395026,8247.535449536272,True,0.9500099438068027,1.0299994887733763,0,0,18,0.9850455145881013,recloser_disswitch(r:p1udt228-p1udt62)p1u_12237,172.29767828293504,6643.9793263856545
4,49408,2023-08-22T09:00,upper_activity_half,1.0,197.64600601792336,1.0,197.64600601792336,True,True,0.9732649479968398,1.0299995110534608,0,0,18,0.943533411784187,recloser_disswitch(r:p1udt228-p1udt62)p1u_12237,152.1569280724421,6371.902395828977,True,0.9732649479968398,1.0299995110534608,0,0,18,0.943533411784187,recloser_disswitch(r:p1udt228-p1udt62)p1u_12237,152.1569280724421,6371.902395828977
4,49408,2023-08-22T09:00,upper_activity_half,3.0,592.9380180537701,0.7489013671875,444.05209237791496,False,True,0.9350714367566921,1.0299994758840751,6,0,18,1.0074186612772151,recloser_disswitch(r:p1udt228-p1udt62)p1u_12237,185.66120197240247,6800.535795810709,True,0.9500022578792638,1.029999489382947,0,0,18,0.9830395066974754,recloser_disswitch(r:p1udt228-p1udt62)p1u_12237,171.4915496990954,6637.5343612138195
4,49408,2023-08-22T09:00,upper_activity_half,5.0,988.2300300896168,0.4493408203125,444.05209237791496,False,True,0.8914127647207033,1.029999438255408,6,0,18,1.1792934727560311,l(r:p1udt259lv-p1ulv647),234.2298278174156,7244.400441370461,True,0.9500022358918677,1.0299994893829265,0,0,18,0.9830395423762656,recloser_disswitch(r:p1udt228-p1udt62)p1u_12237,171.49157170932602,6637.534600284357
4,49408,2023-08-22T09:00,upper_activity_half,10.0,1976.4600601792336,0.22467041015625,444.05209237791496,False,True,0.7721108656427524,1.0299993397658807,6,0,18,2.2974542325165133,l(r:p1udt259lv-p1ulv647),418.3562119399433,8339.53042972676,True,0.9500022898049985,1.029999489382977,0,0,18,0.9830394548435066,recloser_disswitch(r:p1udt228-p1udt62)p1u_12237,171.49152314047814,6637.534014909722
4,49409,2023-08-22T10:00,upper_activity_half,1.0,219.909832239151,1.0,219.909832239151,True,True,0.9771545351112936,1.0299995092840788,0,0,18,0.9457472748100106,recloser_disswitch(r:p1udt228-p1udt62)p1u_12237,152.66254960030773,6394.659845837631,True,0.9771545351112936,1.0299995092840788,0,0,18,0.9457472748100106,recloser_disswitch(r:p1udt228-p1udt62)p1u_12237,152.66254960030773,6394.659845837631
4,49409,2023-08-22T10:00,upper_activity_half,3.0,659.729496717453,0.86859130859375,573.0353068717086,False,True,0.9480777336588475,1.0299994710051699,6,0,18,1.0134959657634917,recloser_disswitch(r:p1udt228-p1udt62)p1u_12237,184.42191846794427,6866.112592011603,True,0.9540168908449407,1.029999478667506,0,0,18,0.9999985611003485,recloser_disswitch(r:p1udt228-p1udt62)p1u_12237,177.44806938958524,6772.47377867691
4,49409,2023-08-22T10:00,upper_activity_half,5.0,1099.549161195755,0.5211181640625,572.9950401787937,False,True,0.916080756254507,1.0299994311190428,6,0,18,1.0832335999218043,recloser_disswitch(r:p1udt228-p1udt62)p1u_12237,225.88701058814573,7347.4129108575535,True,0.9540195876942463,1.0299994786710058,0,0,18,0.999992390156184,recloser_disswitch(r:p1udt228-p1udt62)p1u_12237,177.44495822791572,6772.430902289669
4,49409,2023-08-22T10:00,upper_activity_half,10.0,2199.09832239151,0.26055908203125,572.9950401787937,False,True,0.8160807164865955,1.0299993216055283,18,0,18,1.8694322590848886,l(r:p1udt259lv-p1ulv647),389.44559775871016,8610.455437162464,True,0.9540196245868464,1.0299994786710513,0,0,18,0.9999923050128067,recloser_disswitch(r:p1udt228-p1udt62)p1u_12237,177.444941084625,6772.430366952469
4,49410,2023-08-22T11:00,upper_activity_half,1.0,204.56667828559875,1.0,204.56667828559875,True,True,0.9771583997933903,1.029999510596485,0,0,18,0.9451643619139749,recloser_disswitch(r:p1udt228-p1udt62)p1u_12237,151.72344898946326,6378.407474112647,True,0.9771583997933903,1.029999510596485,0,0,18,0.9451643619139749,recloser_disswitch(r:p1udt228-p1udt62)p1u_12237,151.72344898946326,6378.407474112647
4,49410,2023-08-22T11:00,upper_activity_half,3.0,613.7000348567963,0.88421630859375,542.6435794049321,False,True,0.9480849828956811,1.0299994750184112,6,0,18,1.0116758041434635,recloser_disswitch(r:p1udt228-p1udt62)p1u_12237,181.21964314199198,6816.882412616533,True,0.9533231680165825,1.0299994812972435,0,0,18,0.9999996185134469,recloser_disswitch(r:p1udt228-p1udt62)p1u_12237,175.48609917372625,6740.120073129403
4,49410,2023-08-22T11:00,upper_activity_half,5.0,1022.8333914279938,0.530517578125,542.6310936457594,False,True,0.9160842842122638,1.0299994379266204,6,0,18,1.0800980342891573,recloser_disswitch(r:p1udt228-p1udt62)p1u_12237,219.89256213988924,7264.703249432795,True,0.9533240424093885,1.0299994812982987,0,0,18,0.9999976521074887,recloser_disswitch(r:p1udt228-p1udt62)p1u_12237,175.48515024995604,6740.107127321736
4,49410,2023-08-22T11:00,upper_activity_half,10.0,2045.6667828559875,0.2652587890625,542.6310936457594,False,True,0.8159996799133271,1.029999335848414,8,0,18,1.8755089276841819,l(r:p1udt259lv-p1ulv647),373.9826261030404,8441.560601124229,True,0.9533240047889734,1.0299994812982554,0,0,18,0.9999977303594979,recloser_disswitch(r:p1udt228-p1udt62)p1u_12237,175.48520031184714,6740.107633777749
4,49458,2023-08-24T11:00,upper_activity_half,1.0,192.7057340145111,1.0,192.7057340145111,True,True,0.979057183656856,1.0299995116176552,0,0,18,0.9415547334066617,recloser_disswitch(r:p1udt228-p1udt62)p1u_12237,150.8882275184426,6365.702093385216,True,0.979057183656856,1.0299995116176552,0,0,18,0.9415547334066617,recloser_disswitch(r:p1udt228-p1udt62)p1u_12237,150.8882275184426,6365.702093385216
4,49458,2023-08-24T11:00,upper_activity_half,3.0,578.1172020435333,0.993408203125,574.306370877719,False,True,0.9542746157738179,1.0299994782734272,0,0,18,1.0005847411727815,recloser_disswitch(r:p1udt228-p1udt62)p1u_12237,177.4758886963042,6777.563637215925,True,0.9545275102789783,1.0299994786068034,0,0,18,0.9999975608416252,recloser_disswitch(r:p1udt228-p1udt62)p1u_12237,177.18159466011224,6773.478620192781
4,49458,2023-08-24T11:00,upper_activity_half,5.0,963.5286700725555,0.59600830078125,574.2710854039615,False,True,0.9274363124171384,1.0299994437573594,6,0,18,1.061055539780534,recloser_disswitch(r:p1udt228-p1udt62)p1u_12237,211.10968592304314,7196.573977719813,True,0.9545298848235315,1.0299994786099311,0,0,18,0.9999920521417366,recloser_disswitch(r:p1udt228-p1udt62)p1u_12237,177.17883982293634,6773.440318430744
4,49458,2023-08-24T11:00,upper_activity_half,10.0,1927.057340145111,0.2979736328125,574.2122762810322,False,True,0.8474825948129961,1.0299993508503187,6,0,18,1.5743557505189159,l(r:p1udt259lv-p1ulv647),335.39207566626106,8284.344641425601,True,0.954533747395814,1.0299994786150242,0,0,18,0.9999830833313427,recloser_disswitch(r:p1udt228-p1udt62)p1u_12237,177.17433026891948,6773.377880338851
4,49459,2023-08-24T12:00,upper_activity_half,1.0,189.81134700775146,1.0,189.81134700775146,True,True,0.9814946113741118,1.029999511869534,0,0,18,0.9407730403144812,recloser_disswitch(r:p1udt228-p1udt62)p1u_12237,150.6634815797742,6362.585935450577,True,0.9814946113741118,1.029999511869534,0,0,18,0.9407730403144812,recloser_disswitch(r:p1udt228-p1udt62)p1u_12237,150.6634815797742,6362.585935450577
4,49459,2023-08-24T12:00,upper_activity_half,3.0,569.4340410232544,1.0,569.4340410232544,True,True,0.9620985571373584,1.029999479183319,0,0,18,0.9980400484901281,recloser_disswitch(r:p1udt228-p1udt62)p1u_12237,175.82782535957222,6767.236950606156,True,0.9620985571373584,1.029999479183319,0,0,18,0.9980400484901281,recloser_disswitch(r:p1udt228-p1udt62)p1u_12237,175.82782535957222,6767.236950606156
4,49459,2023-08-24T12:00,upper_activity_half,5.0,949.0567350387573,0.613525390625,582.2704040899407,False,True,0.9414944447255299,1.0299994455831933,6,0,18,1.0564132292397048,recloser_disswitch(r:p1udt228-p1udt62)p1u_12237,206.40360613672436,7177.4176642153225,True,0.9614217276820907,1.0299994780609674,0,0,18,0.9999980480240842,recloser_disswitch(r:p1udt228-p1udt62)p1u_12237,176.7714322268365,6781.032626285564
4,49459,2023-08-24T12:00,upper_activity_half,10.0,1898.1134700775146,0.3067626953125,582.2704040899407,False,True,0.8831846083070048,1.0299993569010584,21,0,18,1.2192425256761876,l(r:p1udt259lv-p1ulv647),310.9392094938193,8230.945572594337,True,0.9614217080771277,1.0299994780609325,0,0,18,0.9999981193854673,recloser_disswitch(r:p1udt228-p1udt62)p1u_12237,176.77145368039973,6781.033039262872
4,49553,2023-08-28T10:00,upper_activity_half,1.0,197.9076976776123,1.0,197.9076976776123,True,True,0.9760736699706181,1.0299995110521674,0,0,18,0.9412303804051083,recloser_disswitch(r:p1udt228-p1udt62)p1u_12237,151.75455513369903,6371.772691237733,True,0.9760736699706181,1.0299995110521674,0,0,18,0.9412303804051083,recloser_disswitch(r:p1udt228-p1udt62)p1u_12237,151.75455513369903,6371.772691237733
4,49553,2023-08-28T10:00,upper_activity_half,3.0,593.7230930328369,0.8883056640625,527.4075864257757,False,True,0.9444901370364586,1.0299994762555178,6,0,18,0.9999934310573959,recloser_disswitch(r:p1udt228-p1udt62)p1u_12237,182.03887579043408,6797.71907257913,True,0.9500007829574273,1.0299994821954594,0,0,18,0.9900149618016278,recloser_disswitch(r:p1udt228-p1udt62)p1u_12237,176.29340445416565,6725.691699446789
4,49553,2023-08-28T10:00,upper_activity_half,5.0,989.5384883880615,0.532958984375,527.383427771274,False,True,0.9093664592412376,1.029999439715992,6,0,18,1.060896794601611,recloser_disswitch(r:p1udt228-p1udt62)p1u_12237,222.8238129441355,7234.334256937784,True,0.9500027550588267,1.0299994821975957,0,0,18,0.9900113664737992,recloser_disswitch(r:p1udt228-p1udt62)p1u_12237,176.29138270699005,6725.665732225737
4,49553,2023-08-28T10:00,upper_activity_half,10.0,1979.076976776123,0.2664794921875,527.383427771274,False,True,0.7978029700134117,1.0299993377213625,6,0,18,2.0538295885784748,l(r:p1udt259lv-p1ulv647),392.1650203187354,8388.102448111827,True,0.9500027095643649,1.0299994821975484,0,0,18,0.9900114547136148,recloser_disswitch(r:p1udt228-p1udt62)p1u_12237,176.29141718193364,6725.666283940189
4,49846,2023-09-09T15:00,lower_activity_half,1.0,30.41227789223194,1.0,30.41227789223194,True,True,0.9882616875454463,1.0299995253615344,0,0,18,0.9174509120434319,recloser_disswitch(r:p1udt228-p1udt62)p1u_12237,141.5570235734329,6194.094468067014,True,0.9882616875454463,1.0299995253615344,0,0,18,0.9174509120434319,recloser_disswitch(r:p1udt228-p1udt62)p1u_12237,141.5570235734329,6194.094468067014
4,49846,2023-09-09T15:00,lower_activity_half,3.0,91.23683367669582,1.0,91.23683367669582,True,True,0.9831395048923878,1.0299995202582466,0,0,18,0.9273582152369654,recloser_disswitch(r:p1udt228-p1udt62)p1u_12237,144.9508497132284,6258.161253431204,True,0.9831395048923878,1.0299995202582466,0,0,18,0.9273582152369654,recloser_disswitch(r:p1udt228-p1udt62)p1u_12237,144.9508497132284,6258.161253431204
4,49846,2023-09-09T15:00,lower_activity_half,5.0,152.0613894611597,1.0,152.0613894611597,True,True,0.977933973735177,1.029999515101117,0,0,18,0.9373402489473962,recloser_disswitch(r:p1udt228-p1udt62)p1u_12237,148.60532925348596,6322.637168732064,True,0.977933973735177,1.029999515101117,0,0,18,0.9373402489473962,recloser_disswitch(r:p1udt228-p1udt62)p1u_12237,148.60532925348596,6322.637168732064
4,49846,2023-09-09T15:00,lower_activity_half,10.0,304.1227789223194,1.0,304.1227789223194,True,True,0.9645499800295886,1.0299995020224608,0,0,18,0.9625248807813078,recloser_disswitch(r:p1udt228-p1udt62)p1u_12237,158.89961181399718,6484.938160944972,True,0.9645499800295886,1.0299995020224608,0,0,18,0.9625248807813078,recloser_disswitch(r:p1udt228-p1udt62)p1u_12237,158.89961181399718,6484.938160944972
4,50168,2023-09-23T01:00,lower_activity_half,1.0,8.444974184036255,1.0,8.444974184036255,True,True,0.9892627341714558,1.02999952719159,0,0,18,0.9133847610180583,recloser_disswitch(r:p1udt228-p1udt62)p1u_12237,140.43866267673263,6170.942421458872,True,0.9892627341714558,1.02999952719159,0,0,18,0.9133847610180583,recloser_disswitch(r:p1udt228-p1udt62)p1u_12237,140.43866267673263,6170.942421458872
4,50168,2023-09-23T01:00,lower_activity_half,3.0,25.334922552108765,1.0,25.334922552108765,True,True,0.9875085221138372,1.029999525762546,0,0,18,0.9151488090719656,recloser_disswitch(r:p1udt228-p1udt62)p1u_12237,141.44798462068604,6188.690782135852,True,0.9875085221138372,1.029999525762546,0,0,18,0.9151488090719656,recloser_disswitch(r:p1udt228-p1udt62)p1u_12237,141.44798462068604,6188.690782135852
4,50168,2023-09-23T01:00,lower_activity_half,5.0,42.224870920181274,1.0,42.224870920181274,True,True,0.9852958142627195,1.0299995243143207,0,0,18,0.9169431493812706,recloser_disswitch(r:p1udt228-p1udt62)p1u_12237,142.5069634114629,6206.633936831261,True,0.9852958142627195,1.0299995243143207,0,0,18,0.9169431493812706,recloser_disswitch(r:p1udt228-p1udt62)p1u_12237,142.5069634114629,6206.633936831261
4,50168,2023-09-23T01:00,lower_activity_half,10.0,84.44974184036255,1.0,84.44974184036255,True,True,0.9796916764509027,1.0299995206543548,0,0,18,0.9214785316541056,recloser_disswitch(r:p1udt228-p1udt62)p1u_12237,145.3504731101908,6251.773668249396,True,0.9796916764509027,1.0299995206543548,0,0,18,0.9214785316541056,recloser_disswitch(r:p1udt228-p1udt62)p1u_12237,145.3504731101908,6251.773668249396
4,51647,2023-11-23T16:00,lower_activity_half,1.0,17.233353793621063,1.0,17.233353793621063,True,True,0.9873508984290693,1.0299995264368709,0,0,18,0.915286241400554,recloser_disswitch(r:p1udt228-p1udt62)p1u_12237,141.07720181826872,6180.320442717087,True,0.9873508984290693,1.0299995264368709,0,0,18,0.915286241400554,recloser_disswitch(r:p1udt228-p1udt62)p1u_12237,141.07720181826872,6180.320442717087
4,51647,2023-11-23T16:00,lower_activity_half,3.0,51.70006138086319,1.0,51.70006138086319,True,True,0.9803463907047819,1.029999523437288,0,0,18,0.9209411102042873,recloser_disswitch(r:p1udt228-p1udt62)p1u_12237,143.64349903013823,6217.317851305672,True,0.9803463907047819,1.029999523437288,0,0,18,0.9209411102042873,recloser_disswitch(r:p1udt228-p1udt62)p1u_12237,143.64349903013823,6217.317851305672
4,51647,2023-11-23T16:00,lower_activity_half,5.0,86.16676896810532,1.0,86.16676896810532,True,True,0.9731828945756235,1.0299995203676875,0,0,18,0.9266852174721436,recloser_disswitch(r:p1udt228-p1udt62)p1u_12237,146.62897157213308,6254.764170143558,True,0.9731828945756235,1.0299995203676875,0,0,18,0.9266852174721436,recloser_disswitch(r:p1udt228-p1udt62)p1u_12237,146.62897157213308,6254.764170143558
4,51647,2023-11-23T16:00,lower_activity_half,10.0,172.33353793621063,1.0,172.33353793621063,True,True,0.9545190670006379,1.0299995123736252,0,0,18,0.9414486872917609,recloser_disswitch(r:p1udt228-p1udt62)p1u_12237,156.05814045934744,6350.371402601098,True,0.9545190670006379,1.0299995123736252,0,0,18,0.9414486872917609,recloser_disswitch(r:p1udt228-p1udt62)p1u_12237,156.05814045934744,6350.371402601098
5,44103,2023-01-13T08:00,lower_activity_half,1.0,79.95436143875122,1.0,79.95436143875122,True,True,0.9883916044022982,1.0299995211700212,0,0,18,0.923515212353979,recloser_disswitch(r:p1udt228-p1udt62)p1u_12237,144.30992311045358,6246.289379000814,True,0.9883916044022982,1.0299995211700212,0,0,18,0.923515212353979,recloser_disswitch(r:p1udt228-p1udt62)p1u_12237,144.30992311045358,6246.289379000814
5,44103,2023-01-13T08:00,lower_activity_half,3.0,239.86308431625366,1.0,239.86308431625366,True,True,0.9830076031568006,1.0299995075269124,0,0,18,0.9457377818860813,recloser_disswitch(r:p1udt228-p1udt62)p1u_12237,153.9498286838558,6415.748803370456,True,0.9830076031568006,1.0299995075269124,0,0,18,0.9457377818860813,recloser_disswitch(r:p1udt228-p1udt62)p1u_12237,153.9498286838558,6415.748803370456
5,44103,2023-01-13T08:00,lower_activity_half,5.0,399.7718071937561,1.0,399.7718071937561,True,True,0.9763333999984097,1.0299994936495056,0,0,18,0.9682264777047003,recloser_disswitch(r:p1udt228-p1udt62)p1u_12237,164.85292746367577,6586.543553501943,True,0.9763333999984097,1.0299994936495056,0,0,18,0.9682264777047003,recloser_disswitch(r:p1udt228-p1udt62)p1u_12237,164.85292746367577,6586.543553501943
5,44103,2023-01-13T08:00,lower_activity_half,10.0,799.5436143875122,0.7784423828125,622.3986363463337,False,True,0.9590218134844486,1.029999457883201,0,0,18,1.0256616379489758,recloser_disswitch(r:p1udt228-p1udt62)p1u_12237,197.9915449345453,7019.493529657709,True,0.9668058397430667,1.0299994739216392,0,0,18,0.9999991221816408,recloser_disswitch(r:p1udt228-p1udt62)p1u_12237,182.2379067752709,6826.62734547095
5,44752,2023-02-09T09:00,lower_activity_half,1.0,125.63688196241856,1.0,125.63688196241856,True,True,0.9868076521022912,1.0299995173220935,0,0,18,0.929059571784547,recloser_disswitch(r:p1udt228-p1udt62)p1u_12237,146.74995790481563,6294.516579481567,True,0.9868076521022912,1.0299995173220935,0,0,18,0.929059571784547,recloser_disswitch(r:p1udt228-p1udt62)p1u_12237,146.74995790481563,6294.516579481567
5,44752,2023-02-09T09:00,lower_activity_half,3.0,376.91064588725567,1.0,376.91064588725567,True,True,0.9745672738404045,1.0299994959124235,0,0,18,0.9624184470197281,recloser_disswitch(r:p1udt228-p1udt62)p1u_12237,161.87897527065016,6560.68646147505,True,0.9745672738404045,1.0299994959124235,0,0,18,0.9624184470197281,recloser_disswitch(r:p1udt228-p1udt62)p1u_12237,161.87897527065016,6560.68646147505
5,44752,2023-02-09T09:00,lower_activity_half,5.0,628.1844098120928,1.0,628.1844098120928,True,True,0.9618656517605817,1.0299994741157403,0,0,18,0.996208944084827,recloser_disswitch(r:p1udt228-p1udt62)p1u_12237,179.16658645527767,6829.2119500878825,True,0.9618656517605817,1.0299994741157403,0,0,18,0.996208944084827,recloser_disswitch(r:p1udt228-p1udt62)p1u_12237,179.16658645527767,6829.2119500878825
5,44752,2023-02-09T09:00,lower_activity_half,10.0,1256.3688196241856,0.52215576171875,656.0202180105534,False,True,0.9277761351315721,1.0299994178400393,6,0,18,1.192705032637119,l(r:p1udt62lv-p1ulv157),232.7006478168771,7510.977210156804,True,0.9604205335275595,1.0299994716650076,0,0,18,0.9999993839414609,recloser_disswitch(r:p1udt228-p1udt62)p1u_12237,181.22824498267263,6859.238841737001
5,46073,2023-04-05T10:00,upper_activity_half,1.0,190.9374189376831,1.0,190.9374189376831,True,True,0.9823509187249071,1.0299995116611587,0,0,18,0.9346688032649103,recloser_disswitch(r:p1udt228-p1udt62)p1u_12237,151.11990262328612,6364.186864904122,True,0.9823509187249071,1.0299995116611587,0,0,18,0.9346688032649103,recloser_disswitch(r:p1udt228-p1udt62)p1u_12237,151.11990262328612,6364.186864904122
5,46073,2023-04-05T10:00,upper_activity_half,3.0,572.8122568130493,1.0,572.8122568130493,True,True,0.9604927566671955,1.029999478324522,0,0,18,0.9798474084694545,recloser_disswitch(r:p1udt228-p1udt62)p1u_12237,178.42934802115022,6773.213566966292,True,0.9604927566671955,1.029999478324522,0,0,18,0.9798474084694545,recloser_disswitch(r:p1udt228-p1udt62)p1u_12237,178.42934802115022,6773.213566966292
5,46073,2023-04-05T10:00,upper_activity_half,5.0,954.6870946884155,0.7747802734375,739.672728269943,False,True,0.9370648834987907,1.0299994437247424,6,0,18,1.067753454758489,l(r:p1udt62lv-p1ulv157),212.9772746152019,7189.611299616327,True,0.9504625026704515,1.0299994633650942,0,0,18,0.9999969434062623,recloser_disswitch(r:p1udt228-p1udt62)p1u_12237,192.5905726352679,6954.254222279275
5,46073,2023-04-05T10:00,upper_activity_half,10.0,1909.374189376831,0.38739013671875,739.672728269943,False,True,0.8692413973814704,1.029999350643348,12,0,18,2.0281106204490276,l(r:p1udt62lv-p1ulv157),337.67955412957406,8269.007799972958,True,0.9504625388314407,1.0299994633651448,0,0,18,0.9999968584806885,recloser_disswitch(r:p1udt228-p1udt62)p1u_12237,192.59053561781738,6954.25363827402
5,46294,2023-04-14T15:00,lower_activity_half,1.0,91.37446284294128,1.0,91.37446284294128,True,True,0.9871282368009209,1.0299995202378893,0,0,18,0.9275425346397673,recloser_disswitch(r:p1udt228-p1udt62)p1u_12237,144.92786353298848,6258.482144195425,True,0.9871282368009209,1.0299995202378893,0,0,18,0.9275425346397673,recloser_disswitch(r:p1udt228-p1udt62)p1u_12237,144.92786353298848,6258.482144195425
5,46294,2023-04-14T15:00,lower_activity_half,3.0,274.12338852882385,1.0,274.12338852882385,True,True,0.9755613696591066,1.0299995047336845,0,0,18,0.9578161456352825,recloser_disswitch(r:p1udt228-p1udt62)p1u_12237,156.11364072699402,6452.15974072708,True,0.9755613696591066,1.0299995047336845,0,0,18,0.9578161456352825,recloser_disswitch(r:p1udt228-p1udt62)p1u_12237,156.11364072699402,6452.15974072708
5,46294,2023-04-14T15:00,lower_activity_half,5.0,456.8723142147064,1.0,456.8723142147064,True,True,0.963574359496651,1.029999488927038,0,0,18,0.9884817456257573,recloser_disswitch(r:p1udt228-p1udt62)p1u_12237,169.0569162871476,6647.824476497868,True,0.963574359496651,1.029999488927038,0,0,18,0.9884817456257573,recloser_disswitch(r:p1udt228-p1udt62)p1u_12237,169.0569162871476,6647.824476497868
5,46294,2023-04-14T15:00,lower_activity_half,10.0,913.7446284294128,0.5743408203125,524.8008394482895,False,True,0.9315031792799695,1.0299994480332058,6,0,18,1.156616681375772,l(r:p1udt62lv-p1ulv157),209.85138209268436,7145.522625077072,True,0.9589971748499826,1.0299994829658607,0,0,18,0.9999936690379625,recloser_disswitch(r:p1udt228-p1udt62)p1u_12237,174.34295951389845,6721.134606778607
5,46385,2023-04-18T10:00,upper_activity_half,1.0,188.02274084091187,1.0,188.02274084091187,True,True,0.9855887784854238,1.0299995120574668,0,0,18,0.9334956255784684,recloser_disswitch(r:p1udt228-p1udt62)p1u_12237,149.97824139799047,6360.085531335965,True,0.9855887784854238,1.0299995120574668,0,0,18,0.9334956255784684,recloser_disswitch(r:p1udt228-p1udt62)p1u_12237,149.97824139799047,6360.085531335965
5,46385,2023-04-18T10:00,upper_activity_half,3.0,564.0682225227356,1.0,564.0682225227356,True,True,0.9780330515366622,1.0299994799082262,0,0,18,0.9758083797400393,recloser_disswitch(r:p1udt228-p1udt62)p1u_12237,172.47939735755213,6758.390985889442,True,0.9780330515366622,1.0299994799082262,0,0,18,0.9758083797400393,recloser_disswitch(r:p1udt228-p1udt62)p1u_12237,172.47939735755213,6758.390985889442
5,46385,2023-04-18T10:00,upper_activity_half,5.0,940.1137042045593,0.82623291015625,776.752881702705,False,True,0.9702732783823187,1.0299994470950429,0,0,18,1.0209292031200357,l(r:p1udt104-p1uhs0_1247)_cont,198.37502442961207,7160.273246487377,True,0.9736664485176172,1.0299994614146244,0,0,18,0.9999989594699858,recloser_disswitch(r:p1udt228-p1udt62)p1u_12237,186.71099695656966,6985.454274764954
5,46385,2023-04-18T10:00,upper_activity_half,10.0,1880.2274084091187,0.4130859375,776.6955017158762,False,True,0.9477474691592841,1.029999362004479,5,0,18,1.399649390414055,l(r:p1udm822-p1ulv579),278.969285838334,8181.050754503544,True,0.9736676210589221,1.0299994614195709,0,0,18,0.999992530740219,recloser_disswitch(r:p1udt228-p1udt62)p1u_12237,186.70705639137304,6985.39370479748
5,46413,2023-04-19T14:00,lower_activity_half,1.0,57.698155641555786,1.0,57.698155641555786,True,True,0.987825405016868,1.0299995230384102,0,0,18,0.9205099593492667,recloser_disswitch(r:p1udt228-p1udt62)p1u_12237,143.11778539725256,6222.983056774304,True,0.987825405016868,1.0299995230384102,0,0,18,0.9205099593492667,recloser_disswitch(r:p1udt228-p1udt62)p1u_12237,143.11778539725256,6222.983056774304
5,46413,2023-04-19T14:00,lower_activity_half,3.0,173.09446692466736,1.0,173.09446692466736,True,True,0.9834825498974076,1.029999513249854,0,0,18,0.9365695332558027,recloser_disswitch(r:p1udt228-p1udt62)p1u_12237,149.91110949766204,6344.959605950296,True,0.9834825498974076,1.029999513249854,0,0,18,0.9365695332558027,recloser_disswitch(r:p1udt228-p1udt62)p1u_12237,149.91110949766204,6344.959605950296
5,46413,2023-04-19T14:00,lower_activity_half,5.0,288.49077820777893,1.0,288.49077820777893,True,True,0.9771431066039094,1.029999503333032,0,0,18,0.9527877043147462,recloser_disswitch(r:p1udt228-p1udt62)p1u_12237,157.35694277754638,6467.793528673731,True,0.9771431066039094,1.029999503333032,0,0,18,0.9527877043147462,recloser_disswitch(r:p1udt228-p1udt62)p1u_12237,157.35694277754638,6467.793528673731
5,46413,2023-04-19T14:00,lower_activity_half,10.0,576.9815564155579,1.0,576.9815564155579,True,True,0.9607410176906355,1.0299994780270874,0,0,18,0.993927866996991,recloser_disswitch(r:p1udt228-p1udt62)p1u_12237,178.91935411677156,6777.876629828953,True,0.9607410176906355,1.0299994780270874,0,0,18,0.993927866996991,recloser_disswitch(r:p1udt228-p1udt62)p1u_12237,178.91935411677156,6777.876629828953
5,46948,2023-05-11T21:00,lower_activity_half,1.0,43.385165214538574,1.0,43.385165214538574,True,True,0.9881505398259643,1.0299995242400817,0,0,18,0.9179503227065767,recloser_disswitch(r:p1udt228-p1udt62)p1u_12237,142.22581296680627,6207.736028604453,True,0.9881505398259643,1.0299995242400817,0,0,18,0.9179503227065767,recloser_disswitch(r:p1udt228-p1udt62)p1u_12237,142.22581296680627,6207.736028604453
5,46948,2023-05-11T21:00,lower_activity_half,3.0,130.15549564361572,1.0,130.15549564361572,True,True,0.985840215238045,1.0299995168939593,0,0,18,0.92884781031295,recloser_disswitch(r:p1udt228-p1udt62)p1u_12237,146.93364611128382,6299.055459431201,True,0.985840215238045,1.0299995168939593,0,0,18,0.92884781031295,recloser_disswitch(r:p1udt228-p1udt62)p1u_12237,146.93364611128382,6299.055459431201
5,46948,2023-05-11T21:00,lower_activity_half,5.0,216.92582607269287,1.0,216.92582607269287,True,True,0.9830471217710748,1.0299995094932528,0,0,18,0.9398093953721585,recloser_disswitch(r:p1udt228-p1udt62)p1u_12237,151.86833282030148,6390.75749539529,True,0.9830471217710748,1.0299995094932528,0,0,18,0.9398093953721585,recloser_disswitch(r:p1udt228-p1udt62)p1u_12237,151.86833282030148,6390.75749539529
5,46948,2023-05-11T21:00,lower_activity_half,10.0,433.85165214538574,1.0,433.85165214538574,True,True,0.9738203543552424,1.0299994908094239,0,0,18,0.9673862371642784,recloser_disswitch(r:p1udt228-p1udt62)p1u_12237,165.18681300849119,6620.940409399854,True,0.9738203543552424,1.0299994908094239,0,0,18,0.9673862371642784,recloser_disswitch(r:p1udt228-p1udt62)p1u_12237,165.18681300849119,6620.940409399854
5,47304,2023-05-26T17:00,lower_activity_half,1.0,83.14106774330139,1.0,83.14106774330139,True,True,0.9866366314701457,1.0299995208846677,0,0,18,0.9220019912985001,recloser_disswitch(r:p1udt228-p1udt62)p1u_12237,144.4745681699778,6249.697531295796,True,0.9866366314701457,1.0299995208846677,0,0,18,0.9220019912985001,recloser_disswitch(r:p1udt228-p1udt62)p1u_12237,144.4745681699778,6249.697531295796
5,47304,2023-05-26T17:00,lower_activity_half,3.0,249.42320322990417,1.0,249.42320322990417,True,True,0.9812434072021208,1.0299995067249634,0,0,18,0.941102184822787,recloser_disswitch(r:p1udt228-p1udt62)p1u_12237,154.2121830430034,6425.569652600643,True,0.9812434072021208,1.0299995067249634,0,0,18,0.941102184822787,recloser_disswitch(r:p1udt228-p1udt62)p1u_12237,154.2121830430034,6425.569652600643
5,47304,2023-05-26T17:00,lower_activity_half,5.0,415.70533871650696,1.0,415.70533871650696,True,True,0.9757435318270677,1.0299994923823228,0,0,18,0.9603790230133799,recloser_disswitch(r:p1udt228-p1udt62)p1u_12237,164.89997261960775,6602.525526220236,True,0.9757435318270677,1.0299994923823228,0,0,18,0.9603790230133799,recloser_disswitch(r:p1udt228-p1udt62)p1u_12237,164.89997261960775,6602.525526220236
5,47304,2023-05-26T17:00,lower_activity_half,10.0,831.4106774330139,0.9056396484375,752.9584736176184,False,True,0.9602640234106488,1.0299994557312364,0,0,18,1.0093073225399751,recloser_disswitch(r:p1udt228-p1udt62)p1u_12237,195.951968147871,7049.327551487015,True,0.9633951188154581,1.0299994627337565,0,0,18,0.9999965272845057,recloser_disswitch(r:p1udt228-p1udt62)p1u_12237,189.60516289540146,6964.554422084509
5,47458,2023-06-02T03:00,lower_activity_half,1.0,11.082432746887207,1.0,11.082432746887207,True,True,0.9892348599682268,1.0299995269530562,0,0,18,0.9143656292975844,recloser_disswitch(r:p1udt228-p1udt62)p1u_12237,140.56969511620386,6173.829453604348,True,0.9892348599682268,1.0299995269530562,0,0,18,0.9143656292975844,recloser_disswitch(r:p1udt228-p1udt62)p1u_12237,140.56969511620386,6173.829453604348
5,47458,2023-06-02T03:00,lower_activity_half,3.0,33.24729824066162,1.0,33.24729824066162,True,True,0.9891163560537223,1.0299995250776062,0,0,18,0.9180331518588342,recloser_disswitch(r:p1udt228-p1udt62)p1u_12237,141.8150730153093,6196.945808333684,True,0.9891163560537223,1.0299995250776062,0,0,18,0.9180331518588342,recloser_disswitch(r:p1udt228-p1udt62)p1u_12237,141.8150730153093,6196.945808333684
5,47458,2023-06-02T03:00,lower_activity_half,5.0,55.412163734436035,1.0,55.412163734436035,True,True,0.9889941803151127,1.0299995231707877,0,0,18,0.9217527087978231,recloser_disswitch(r:p1udt228-p1udt62)p1u_12237,143.10473780322891,6220.39338748629,True,0.9889941803151127,1.0299995231707877,0,0,18,0.9217527087978231,recloser_disswitch(r:p1udt228-p1udt62)p1u_12237,143.10473780322891,6220.39338748629
5,47458,2023-06-02T03:00,lower_activity_half,10.0,110.82432746887207,1.0,110.82432746887207,True,True,0.988226880813162,1.029999518359985,0,0,18,0.9311039577206468,recloser_disswitch(r:p1udt228-p1udt62)p1u_12237,146.47190220321457,6279.265556851428,True,0.988226880813162,1.029999518359985,0,0,18,0.9311039577206468,recloser_disswitch(r:p1udt228-p1udt62)p1u_12237,146.47190220321457,6279.265556851428
5,47868,2023-06-19T05:00,lower_activity_half,1.0,3.571868658065796,1.0,3.571868658065796,True,True,0.989283229234381,1.0299995276201053,0,0,18,0.9130735585368727,recloser_disswitch(r:p1udt228-p1udt62)p1u_12237,140.09760066372115,6165.688642592414,True,0.989283229234381,1.0299995276201053,0,0,18,0.9130735585368727,recloser_disswitch(r:p1udt228-p1udt62)p1u_12237,140.09760066372115,6165.688642592414
5,47868,2023-06-19T05:00,lower_activity_half,3.0,10.715605974197388,1.0,10.715605974197388,True,True,0.9892551231855242,1.029999527038228,0,0,18,0.9142370494653128,recloser_disswitch(r:p1udt228-p1udt62)p1u_12237,140.40222024829214,6173.087492079213,True,0.9892551231855242,1.029999527038228,0,0,18,0.9142370494653128,recloser_disswitch(r:p1udt228-p1udt62)p1u_12237,140.40222024829214,6173.087492079213
5,47868,2023-06-19T05:00,lower_activity_half,5.0,17.85934329032898,1.0,17.85934329032898,True,True,0.9892265918422053,1.0299995264521427,0,0,18,0.9154083568002053,recloser_disswitch(r:p1udt228-p1udt62)p1u_12237,140.71004558444886,6180.53879233794,True,0.9892265918422053,1.0299995264521427,0,0,18,0.9154083568002053,recloser_disswitch(r:p1udt228-p1udt62)p1u_12237,140.71004558444886,6180.53879233794
5,47868,2023-06-19T05:00,lower_activity_half,10.0,35.71868658065796,1.0,35.71868658065796,True,True,0.9891554734545515,1.0299995249887774,0,0,18,0.918332649407728,recloser_disswitch(r:p1udt228-p1udt62)p1u_12237,141.48237357717122,6199.138490348394,True,0.9891554734545515,1.0299995249887774,0,0,18,0.918332649407728,recloser_disswitch(r:p1udt228-p1udt62)p1u_12237,141.48237357717122,6199.138490348394
5,48214,2023-07-03T15:00,lower_activity_half,1.0,73.25083684921265,1.0,73.25083684921265,True,True,0.9874267101478427,1.0299995217854776,0,0,18,0.9220646895947334,recloser_disswitch(r:p1udt228-p1udt62)p1u_12237,143.7738842153982,6238.823682926395,True,0.9874267101478427,1.0299995217854776,0,0,18,0.9220646895947334,recloser_disswitch(r:p1udt228-p1udt62)p1u_12237,143.7738842153982,6238.823682926395
5,48214,2023-07-03T15:00,lower_activity_half,3.0,219.75251054763794,1.0,219.75251054763794,True,True,0.9831957829413744,1.0299995093928487,0,0,18,0.9414005999089776,recloser_disswitch(r:p1udt228-p1udt62)p1u_12237,151.96624220251303,6393.666166896215,True,0.9831957829413744,1.0299995093928487,0,0,18,0.9414005999089776,recloser_disswitch(r:p1udt228-p1udt62)p1u_12237,151.96624220251303,6393.666166896215
5,48214,2023-07-03T15:00,lower_activity_half,5.0,366.25418424606323,1.0,366.25418424606323,True,True,0.9771753190573785,1.0299994968929789,0,0,18,0.9608410574632633,recloser_disswitch(r:p1udt228-p1udt62)p1u_12237,160.8397215026244,6549.032567937381,True,0.9771753190573785,1.0299994968929789,0,0,18,0.9608410574632633,recloser_disswitch(r:p1udt228-p1udt62)p1u_12237,160.8397215026244,6549.032567937381
5,48214,2023-07-03T15:00,lower_activity_half,10.0,732.5083684921265,0.89862060546875,658.2471136053209,False,True,0.9616184552609168,1.0299994651060056,0,0,18,1.0100110306425276,recloser_disswitch(r:p1udt228-p1udt62)p1u_12237,186.15720385006335,6940.457507127075,True,0.964827847491952,1.0299994716006462,0,0,18,0.9999979167351213,recloser_disswitch(r:p1udt228-p1udt62)p1u_12237,180.66131968632985,6860.898819486162
5,48449,2023-07-13T10:00,upper_activity_half,1.0,185.93796157836914,1.0,185.93796157836914,True,True,0.9846844083927797,1.0299995122096415,0,0,18,0.9389081335424323,recloser_disswitch(r:p1udt228-p1udt62)p1u_12237,150.24487293306132,6358.307226877716,True,0.9846844083927797,1.0299995122096415,0,0,18,0.9389081335424323,recloser_disswitch(r:p1udt228-p1udt62)p1u_12237,150.24487293306132,6358.307226877716
5,48449,2023-07-13T10:00,upper_activity_half,3.0,557.8138847351074,1.0,557.8138847351074,True,True,0.9742419123037405,1.029999480335114,0,0,18,0.9922475123209566,recloser_disswitch(r:p1udt228-p1udt62)p1u_12237,173.80176155000837,6753.446533465894,True,0.9742419123037405,1.029999480335114,0,0,18,0.9922475123209566,recloser_disswitch(r:p1udt228-p1udt62)p1u_12237,173.80176155000837,6753.446533465894
5,48449,2023-07-13T10:00,upper_activity_half,5.0,929.6898078918457,0.6573486328125,611.1303241574205,False,True,0.9618496000717615,1.029999447726822,0,0,18,1.0464359566926986,recloser_disswitch(r:p1udt228-p1udt62)p1u_12237,201.5486844790072,7152.994634283945,True,0.9724888879639999,1.0299994756895496,0,0,18,0.99999238002258,recloser_disswitch(r:p1udt228-p1udt62)p1u_12237,177.5274622439264,6810.648525985763
5,48449,2023-07-13T10:00,upper_activity_half,10.0,1859.3796157836914,0.32867431640625,611.1303241574205,False,True,0.928662794583394,1.029999362731442,27,0,18,1.1859420748356513,recloser_disswitch(r:p1udt228-p1udt62)p1u_12237,291.133520258246,8172.270067613251,True,0.972488896275949,1.0299994756895812,0,0,18,0.9999923222079992,recloser_disswitch(r:p1udt228-p1udt62)p1u_12237,177.52743692886787,6810.64815258223
5,48450,2023-07-13T11:00,upper_activity_half,1.0,197.65360134840012,1.0,197.65360134840012,True,True,0.9853387460121612,1.0299995112356688,0,0,18,0.9385950913963478,recloser_disswitch(r:p1udt228-p1udt62)p1u_12237,150.79270789852,6370.56053864888,True,0.9853387460121612,1.0299995112356688,0,0,18,0.9385950913963478,recloser_disswitch(r:p1udt228-p1udt62)p1u_12237,150.79270789852,6370.56053864888
5,48450,2023-07-13T11:00,upper_activity_half,3.0,592.9608040452003,1.0,592.9608040452003,True,True,0.9699848101131188,1.029999477331924,0,0,18,0.9913612044349842,recloser_disswitch(r:p1udt228-p1udt62)p1u_12237,175.89367225695116,6790.669779643356,True,0.9699848101131188,1.029999477331924,0,0,18,0.9913612044349842,recloser_disswitch(r:p1udt228-p1udt62)p1u_12237,175.89367225695116,6790.669779643356
5,48450,2023-07-13T11:00,upper_activity_half,5.0,988.2680067420006,0.66455078125,656.7542759647768,False,True,0.9538910712201972,1.0299994425552907,0,0,18,1.0450920410462474,recloser_disswitch(r:p1udt228-p1udt62)p1u_12237,205.86029213105274,7216.094825751221,True,0.9674338433790541,1.0299994717639913,0,0,18,0.999993406585103,recloser_disswitch(r:p1udt228-p1udt62)p1u_12237,180.40223284138534,6859.147291951364
5,48450,2023-07-13T11:00,upper_activity_half,10.0,1976.5360134840012,0.332275390625,656.7542759647768,False,True,0.9098302308504137,1.0299993515757413,24,0,18,1.4196763141729427,l(r:p1udt62lv-p1ulv157),304.5122434110061,8302.99937813853,True,0.9674338291302251,1.029999471763956,0,0,18,0.9999934698267897,recloser_disswitch(r:p1udt228-p1udt62)p1u_12237,180.4022544983519,6859.147710459483
5,49081,2023-08-08T18:00,upper_activity_half,1.0,184.03811740875244,1.0,184.03811740875244,True,True,0.9847087192038819,1.0299995124433727,0,0,18,0.9350098006017977,recloser_disswitch(r:p1udt228-p1udt62)p1u_12237,149.60692312253983,6355.7714854142405,True,0.9847087192038819,1.0299995124433727,0,0,18,0.9350098006017977,recloser_disswitch(r:p1udt228-p1udt62)p1u_12237,149.60692312253983,6355.7714854142405
5,49081,2023-08-08T18:00,upper_activity_half,3.0,552.1143522262573,1.0,552.1143522262573,True,True,0.9748104556811658,1.0299994810506516,0,0,18,0.9804424421960273,recloser_disswitch(r:p1udt228-p1udt62)p1u_12237,171.62688602093965,6745.585289804169,True,0.9748104556811658,1.0299994810506516,0,0,18,0.9804424421960273,recloser_disswitch(r:p1udt228-p1udt62)p1u_12237,171.62688602093965,6745.585289804169
5,49081,2023-08-08T18:00,upper_activity_half,5.0,920.1905870437622,0.77008056640625,708.6208884723601,False,True,0.9628291770707319,1.029999448949421,0,0,18,1.0265621358319543,recloser_disswitch(r:p1udt228-p1udt62)p1u_12237,197.4493527197338,7139.417301983098,True,0.9697634838995193,1.0299994674717197,0,0,18,0.9999970067732643,recloser_disswitch(r:p1udt228-p1udt62)p1u_12237,182.14167666145673,6912.752942630144
5,49081,2023-08-08T18:00,upper_activity_half,10.0,1840.3811740875244,0.385009765625,708.5647244961001,False,True,0.9308132471643226,1.0299993653813324,21,0,18,1.2673959424923986,l(r:p1udm822-p1ulv579),280.14005022790826,8142.331510630157,True,0.969765288886204,1.0299994674765456,0,0,18,0.9999900894494448,recloser_disswitch(r:p1udt228-p1udt62)p1u_12237,182.13779657818168,6912.69365233987
5,49289,2023-08-17T10:00,upper_activity_half,1.0,186.71374398469925,1.0,186.71374398469925,True,True,0.9853292521595713,1.0299995121565333,0,0,18,0.9383414194391763,recloser_disswitch(r:p1udt228-p1udt62)p1u_12237,150.16413262247696,6359.006352955753,True,0.9853292521595713,1.0299995121565333,0,0,18,0.9383414194391763,recloser_disswitch(r:p1udt228-p1udt62)p1u_12237,150.16413262247696,6359.006352955753
5,49289,2023-08-17T10:00,upper_activity_half,3.0,560.1412319540977,1.0,560.1412319540977,True,True,0.9699578359807491,1.0299994802077452,0,0,18,0.9905006130756886,recloser_disswitch(r:p1udt228-p1udt62)p1u_12237,173.40215202416488,6755.377674527669,True,0.9699578359807491,1.0299994802077452,0,0,18,0.9905006130756886,recloser_disswitch(r:p1udt228-p1udt62)p1u_12237,173.40215202416488,6755.377674527669
5,49289,2023-08-17T10:00,upper_activity_half,5.0,933.5687199234962,0.67193603515625,627.2984642112897,False,True,0.9538487128626908,1.029999447546046,0,0,18,1.0434818199540683,recloser_disswitch(r:p1udt228-p1udt62)p1u_12237,200.6455385355517,7156.18432623003,True,0.9671117005565212,1.0299994743731327,0,0,18,0.9999922026550288,recloser_disswitch(r:p1udt228-p1udt62)p1u_12237,178.00780800108905,6827.296679822536
5,49289,2023-08-17T10:00,upper_activity_half,10.0,1867.1374398469925,0.3359375,627.241483698599,False,True,0.9097571661800451,1.0299993626270072,10,0,18,1.4287974742633252,l(r:p1udt62lv-p1ulv157),288.2480513323207,8177.343276792184,True,0.9671140921593613,1.029999474378017,0,0,18,0.9999842656641696,recloser_disswitch(r:p1udt228-p1udt62)p1u_12237,178.00391023831384,6827.2364952974895
5,49408,2023-08-22T09:00,upper_activity_half,1.0,197.64600601792336,1.0,197.64600601792336,True,True,0.9809770602629251,1.0299995111723306,0,0,18,0.9409261984049389,recloser_disswitch(r:p1udt228-p1udt62)p1u_12237,151.2817400335267,6371.044304407779,True,0.9809770602629251,1.0299995111723306,0,0,18,0.9409261984049389,recloser_disswitch(r:p1udt228-p1udt62)p1u_12237,151.2817400335267,6371.044304407779
5,49408,2023-08-22T09:00,upper_activity_half,3.0,592.9380180537701,1.0,592.9380180537701,True,True,0.9560737934406375,1.0299994768830572,0,0,18,0.9987438719554217,recloser_disswitch(r:p1udt228-p1udt62)p1u_12237,178.99384495133793,6793.901979266937,True,0.9560737934406375,1.0299994768830572,0,0,18,0.9987438719554217,recloser_disswitch(r:p1udt228-p1udt62)p1u_12237,178.99384495133793,6793.901979266937
5,49408,2023-08-22T09:00,upper_activity_half,5.0,988.2300300896168,0.6085205078125,601.3582397456958,False,True,0.9291067824230913,1.0299994413434903,6,0,18,1.1892359159539863,l(r:p1udt62lv-p1ulv157),214.22580822267875,7224.391812467157,True,0.9555205486953844,1.0299994761375544,0,0,18,0.9999947914372807,recloser_disswitch(r:p1udt228-p1udt62)p1u_12237,179.66389931721855,6803.012992663643
5,49408,2023-08-22T09:00,upper_activity_half,10.0,1976.4600601792336,0.30426025390625,601.3582397456958,False,True,0.8487671249369328,1.0299993455169445,8,0,18,2.3228794876880485,l(r:p1udt62lv-p1ulv157),344.78894150284634,8343.146926981875,True,0.9555205815004667,1.029999476137596,0,0,18,0.999994719606231,recloser_disswitch(r:p1udt228-p1udt62)p1u_12237,179.66386147802967,6803.012508086089
5,49409,2023-08-22T10:00,upper_activity_half,1.0,219.909832239151,1.0,219.909832239151,True,True,0.9829177637516399,1.0299995093057417,0,0,18,0.940689468473277,recloser_disswitch(r:p1udt228-p1udt62)p1u_12237,152.2362507092917,6394.2636664675065,True,0.9829177637516399,1.0299995093057417,0,0,18,0.940689468473277,recloser_disswitch(r:p1udt228-p1udt62)p1u_12237,152.2362507092917,6394.2636664675065
5,49409,2023-08-22T10:00,upper_activity_half,3.0,659.729496717453,1.0,659.729496717453,True,True,0.9623250379500092,1.0299994713254044,0,0,18,0.9978677252866048,recloser_disswitch(r:p1udt228-p1udt62)p1u_12237,181.40091459668287,6863.103089681469,True,0.9623250379500092,1.0299994713254044,0,0,18,0.9978677252866048,recloser_disswitch(r:p1udt228-p1udt62)p1u_12237,181.40091459668287,6863.103089681469
5,49409,2023-08-22T10:00,upper_activity_half,5.0,1099.549161195755,0.61468505859375,675.8764405763213,False,True,0.9403754742351891,1.029999432193061,6,0,18,1.0562735590801375,recloser_disswitch(r:p1udt228-p1udt62)p1u_12237,217.19573758090115,7338.696755949058,True,0.9615434570286158,1.0299994699078971,0,0,18,0.999992682603627,recloser_disswitch(r:p1udt228-p1udt62)p1u_12237,182.59522386210648,6880.462047113534
5,49409,2023-08-22T10:00,upper_activity_half,10.0,2199.09832239151,0.30731201171875,675.8093294214632,False,True,0.8777074996155436,1.029999328483575,12,0,18,1.8869550076390431,l(r:p1udt62lv-p1ulv157),341.01877986887865,8562.081006367845,True,0.961546705569083,1.0299994699137853,0,0,18,0.9999838579880552,recloser_disswitch(r:p1udt228-p1udt62)p1u_12237,182.590241951563,6880.389955871518
5,49410,2023-08-22T11:00,upper_activity_half,1.0,204.56667828559875,1.0,204.56667828559875,True,True,0.9837214778040557,1.029999510663618,0,0,18,0.9387003544606011,recloser_disswitch(r:p1udt228-p1udt62)p1u_12237,151.09145622316203,6377.7935546426825,True,0.9837214778040557,1.029999510663618,0,0,18,0.9387003544606011,recloser_disswitch(r:p1udt228-p1udt62)p1u_12237,151.09145622316203,6377.7935546426825
5,49410,2023-08-22T11:00,upper_activity_half,3.0,613.7000348567963,1.0,613.7000348567963,True,True,0.9648787596739425,1.0299994755187378,0,0,18,0.9917760257300814,recloser_disswitch(r:p1udt228-p1udt62)p1u_12237,177.33896280331007,6813.014543026135,True,0.9648787596739425,1.0299994755187378,0,0,18,0.9917760257300814,recloser_disswitch(r:p1udt228-p1udt62)p1u_12237,177.33896280331007,6813.014543026135
5,49410,2023-08-22T11:00,upper_activity_half,5.0,1022.8333914279938,0.6612548828125,676.35357438543,False,True,0.9449108341230844,1.029999439390316,6,0,18,1.0459049888593348,recloser_disswitch(r:p1udt228-p1udt62)p1u_12237,209.2894101707969,7254.082277189724,True,0.9618968021155715,1.0299994700496227,0,0,18,0.9999984148136252,recloser_disswitch(r:p1udt228-p1udt62)p1u_12237,181.85068640824787,6880.195068710812
5,49410,2023-08-22T11:00,upper_activity_half,10.0,2045.6667828559875,0.33062744140625,676.35357438543,False,True,0.8887284331825073,1.029999344138971,12,0,18,1.7339409610940506,l(r:p1udt62lv-p1ulv157),318.2556711209577,8385.833441443354,True,0.9618968225551053,1.0299994700496602,0,0,18,0.9999983501077516,recloser_disswitch(r:p1udt228-p1udt62)p1u_12237,181.8506553679446,6880.194625297387
5,49458,2023-08-24T11:00,upper_activity_half,1.0,192.7057340145111,1.0,192.7057340145111,True,True,0.985496280370741,1.0299995116644802,0,0,18,0.938515293764411,recloser_disswitch(r:p1udt228-p1udt62)p1u_12237,150.41296443913907,6365.244654773148,True,0.985496280370741,1.0299995116644802,0,0,18,0.938515293764411,recloser_disswitch(r:p1udt228-p1udt62)p1u_12237,150.41296443913907,6365.244654773148
5,49458,2023-08-24T11:00,upper_activity_half,3.0,578.1172020435333,1.0,578.1172020435333,True,True,0.9746568875879807,1.0299994787340707,0,0,18,0.9909941190939092,recloser_disswitch(r:p1udt228-p1udt62)p1u_12237,174.0492906689137,6774.003373447578,True,0.9746568875879807,1.0299994787340707,0,0,18,0.9909941190939092,recloser_disswitch(r:p1udt228-p1udt62)p1u_12237,174.0492906689137,6774.003373447578
5,49458,2023-08-24T11:00,upper_activity_half,5.0,963.5286700725555,0.6678466796875,643.4894230916689,False,True,0.9634661782070681,1.0299994451230303,0,0,18,1.0442104438397108,recloser_disswitch(r:p1udt228-p1udt62)p1u_12237,201.4866644512828,7186.7879655861625,True,0.9727804600551854,1.0299994730658004,0,0,18,0.9999955964949976,recloser_disswitch(r:p1udt228-p1udt62)p1u_12237,178.4404168483638,6843.920586052076
5,49458,2023-08-24T11:00,upper_activity_half,10.0,1927.057340145111,0.33392333984375,643.4894230916689,False,True,0.9337526826640958,1.0299993579342466,12,0,18,1.180677284188883,recloser_disswitch(r:p1udt228-p1udt62)p1u_12237,288.1170881266841,8236.986096689947,True,0.9727804679949222,1.029999473065832,0,0,18,0.9999955420102549,recloser_disswitch(r:p1udt228-p1udt62)p1u_12237,178.44038529294596,6843.920212810326
5,49459,2023-08-24T12:00,upper_activity_half,1.0,189.81134700775146,1.0,189.81134700775146,True,True,0.9855113690285809,1.0299995118820415,0,0,18,0.9379061364738316,recloser_disswitch(r:p1udt228-p1udt62)p1u_12237,150.4101009424122,6362.339276757523,True,0.9855113690285809,1.0299995118820415,0,0,18,0.9379061364738316,recloser_disswitch(r:p1udt228-p1udt62)p1u_12237,150.4101009424122,6362.339276757523
5,49459,2023-08-24T12:00,upper_activity_half,3.0,569.4340410232544,1.0,569.4340410232544,True,True,0.9719165864772473,1.0299994793382352,0,0,18,0.989226445549601,recloser_disswitch(r:p1udt228-p1udt62)p1u_12237,174.34511205811353,6765.6087437366195,True,0.9719165864772473,1.0299994793382352,0,0,18,0.989226445549601,recloser_disswitch(r:p1udt228-p1udt62)p1u_12237,174.34511205811353,6765.6087437366195
5,49459,2023-08-24T12:00,upper_activity_half,5.0,949.0567350387573,0.68292236328125,648.1320683806553,False,True,0.9572650619643122,1.0299994460224327,0,0,18,1.0414056918779846,recloser_disswitch(r:p1udt228-p1udt62)p1u_12237,202.55788031657653,7173.584539807316,True,0.9689266707666426,1.0299994724817003,0,0,18,0.9999971425127012,recloser_disswitch(r:p1udt228-p1udt62)p1u_12237,179.84291955522477,6849.965379788834
5,49459,2023-08-24T12:00,upper_activity_half,10.0,1898.1134700775146,0.3414306640625,648.074142554542,False,True,0.9175300107234985,1.029999359211567,12,0,18,1.30719604825448,l(r:p1udt62lv-p1ulv157),293.73035913060124,8213.8054514328,True,0.9689288530722482,1.0299994724866823,0,0,18,0.9999893365173484,recloser_disswitch(r:p1udt228-p1udt62)p1u_12237,179.8388604254485,6849.904122204077
5,49553,2023-08-28T10:00,upper_activity_half,1.0,197.9076976776123,1.0,197.9076976776123,True,True,0.9813832086524561,1.029999511192707,0,0,18,0.9370754967308026,recloser_disswitch(r:p1udt228-p1udt62)p1u_12237,150.89841705682176,6370.928572134129,True,0.9813832086524561,1.029999511192707,0,0,18,0.9370754967308026,recloser_disswitch(r:p1udt228-p1udt62)p1u_12237,150.89841705682176,6370.928572134129
5,49553,2023-08-28T10:00,upper_activity_half,3.0,593.7230930328369,1.0,593.7230930328369,True,True,0.9573869545906268,1.0299994769889533,0,0,18,0.987034063403196,recloser_disswitch(r:p1udt228-p1udt62)p1u_12237,177.46617506877558,6793.161032095889,True,0.9573869545906268,1.0299994769889533,0,0,18,0.987034063403196,recloser_disswitch(r:p1udt228-p1udt62)p1u_12237,177.46617506877558,6793.161032095889
5,49553,2023-08-28T10:00,upper_activity_half,5.0,989.5384883880615,0.7021484375,694.8029034677893,False,True,0.9314879462866411,1.0299994416063025,6,0,18,1.1530132454924378,l(r:p1udt62lv-p1ulv157),210.9583921692755,7222.438906396162,True,0.9509660212112836,1.029999468067826,0,0,18,0.9999952516341488,recloser_disswitch(r:p1udt228-p1udt62)p1u_12237,185.32656938857295,6902.120349303528
5,49553,2023-08-28T10:00,upper_activity_half,10.0,1979.076976776123,0.35107421875,694.8029034677893,False,True,0.8550423919787963,1.0299993466921178,6,0,18,2.233579405912678,l(r:p1udt62lv-p1ulv157),333.24332066418845,8334.243264698904,True,0.9509659830111854,1.0299994680677806,0,0,18,0.9999953298920149,recloser_disswitch(r:p1udt228-p1udt62)p1u_12237,185.3266084651766,6902.1208720479535
5,49846,2023-09-09T15:00,lower_activity_half,1.0,30.41227789223194,1.0,30.41227789223194,True,True,0.9885032792315893,1.0299995253251883,0,0,18,0.916555852056929,recloser_disswitch(r:p1udt228-p1udt62)p1u_12237,141.69523020450376,6194.259562457332,True,0.9885032792315893,1.0299995253251883,0,0,18,0.916555852056929,recloser_disswitch(r:p1udt228-p1udt62)p1u_12237,141.69523020450376,6194.259562457332
5,49846,2023-09-09T15:00,lower_activity_half,3.0,91.23683367669582,1.0,91.23683367669582,True,True,0.9866405914889457,1.029999520161798,0,0,18,0.9246510826257055,recloser_disswitch(r:p1udt228-p1udt62)p1u_12237,145.3192765491982,6258.528326820582,True,0.9866405914889457,1.029999520161798,0,0,18,0.9246510826257055,recloser_disswitch(r:p1udt228-p1udt62)p1u_12237,145.3192765491982,6258.528326820582
5,49846,2023-09-09T15:00,lower_activity_half,5.0,152.0613894611597,1.0,152.0613894611597,True,True,0.9838400763485594,1.029999514950667,0,0,18,0.9328108134749015,recloser_disswitch(r:p1udt228-p1udt62)p1u_12237,149.14495985906487,6323.176345290348,True,0.9838400763485594,1.029999514950667,0,0,18,0.9328108134749015,recloser_disswitch(r:p1udt228-p1udt62)p1u_12237,149.14495985906487,6323.176345290348
5,49846,2023-09-09T15:00,lower_activity_half,10.0,304.1227789223194,1.0,304.1227789223194,True,True,0.9767340151811983,1.0299995017784807,0,0,18,0.9533713037102127,recloser_disswitch(r:p1udt228-p1udt62)p1u_12237,159.5715921624546,6485.618511610564,True,0.9767340151811983,1.0299995017784807,0,0,18,0.9533713037102127,recloser_disswitch(r:p1udt228-p1udt62)p1u_12237,159.5715921624546,6485.618511610564
5,50168,2023-09-23T01:00,lower_activity_half,1.0,8.444974184036255,1.0,8.444974184036255,True,True,0.9889672578536288,1.029999527209422,0,0,18,0.9138884938071232,recloser_disswitch(r:p1udt228-p1udt62)p1u_12237,140.3512715262054,6170.864507621801,True,0.9889672578536288,1.029999527209422,0,0,18,0.9138884938071232,recloser_disswitch(r:p1udt228-p1udt62)p1u_12237,140.3512715262054,6170.864507621801
5,50168,2023-09-23T01:00,lower_activity_half,3.0,25.334922552108765,1.0,25.334922552108765,True,True,0.9883083195914613,1.0299995258200936,0,0,18,0.9166549605990428,recloser_disswitch(r:p1udt228-p1udt62)p1u_12237,141.1633502647377,6188.428699822949,True,0.9883083195914613,1.0299995258200936,0,0,18,0.9166549605990428,recloser_disswitch(r:p1udt228-p1udt62)p1u_12237,141.1633502647377,6188.428699822949
5,50168,2023-09-23T01:00,lower_activity_half,5.0,42.224870920181274,1.0,42.224870920181274,True,True,0.9876448603752769,1.0299995244174172,0,0,18,0.9194451125859229,recloser_disswitch(r:p1udt228-p1udt62)p1u_12237,141.99449729017016,6206.147885026559,True,0.9876448603752769,1.0299995244174172,0,0,18,0.9194451125859229,recloser_disswitch(r:p1udt228-p1udt62)p1u_12237,141.99449729017016,6206.147885026559
5,50168,2023-09-23T01:00,lower_activity_half,10.0,84.44974184036255,1.0,84.44974184036255,True,True,0.9859774941494529,1.0299995209093438,0,0,18,0.9264168705989443,recloser_disswitch(r:p1udt228-p1udt62)p1u_12237,144.1239936522001,6250.400734649937,True,0.9859774941494529,1.0299995209093438,0,0,18,0.9264168705989443,recloser_disswitch(r:p1udt228-p1udt62)p1u_12237,144.1239936522001,6250.400734649937
5,51647,2023-11-23T16:00,lower_activity_half,1.0,17.233353793621063,1.0,17.233353793621063,True,True,0.9889951521581309,1.0299995265021604,0,0,18,0.9153099701952793,recloser_disswitch(r:p1udt228-p1udt62)p1u_12237,140.681787563577,6179.919844827346,True,0.9889951521581309,1.0299995265021604,0,0,18,0.9153099701952793,recloser_disswitch(r:p1udt228-p1udt62)p1u_12237,140.681787563577,6179.919844827346
5,51647,2023-11-23T16:00,lower_activity_half,3.0,51.70006138086319,1.0,51.70006138086319,True,True,0.9883910984188425,1.0299995236860908,0,0,18,0.9209421247520622,recloser_disswitch(r:p1udt228-p1udt62)p1u_12237,142.16264134540577,6215.750233055842,True,0.9883910984188425,1.0299995236860908,0,0,18,0.9209421247520622,recloser_disswitch(r:p1udt228-p1udt62)p1u_12237,142.16264134540577,6215.750233055842
5,51647,2023-11-23T16:00,lower_activity_half,5.0,86.16676896810532,1.0,86.16676896810532,True,True,0.9877842602545912,1.0299995208582329,0,0,18,0.9265950835526874,recloser_disswitch(r:p1udt228-p1udt62)p1u_12237,143.6626258781206,6251.715212486404,True,0.9877842602545912,1.0299995208582329,0,0,18,0.9265950835526874,recloser_disswitch(r:p1udt228-p1udt62)p1u_12237,143.6626258781206,6251.715212486404
5,51647,2023-11-23T16:00,lower_activity_half,10.0,172.33353793621063,1.0,172.33353793621063,True,True,0.9862641012116513,1.0299995137920346,0,0,18,0.9407148552550393,recloser_disswitch(r:p1udt228-p1udt62)p1u_12237,147.46601042820507,6341.5207519777305,True,0.9862641012116513,1.0299995137920346,0,0,18,0.9407148552550393,recloser_disswitch(r:p1udt228-p1udt62)p1u_12237,147.46601042820507,6341.5207519777305
6,44103,2023-01-13T08:00,lower_activity_half,1.0,79.95436143875122,1.0,79.95436143875122,True,True,0.9883220631159113,1.0299995211351705,0,0,18,0.9170977568681767,recloser_disswitch(r:p1udt228-p1udt62)p1u_12237,144.17857898021768,6246.2901695065275,True,0.9883220631159113,1.0299995211351705,0,0,18,0.9170977568681767,recloser_disswitch(r:p1udt228-p1udt62)p1u_12237,144.17857898021768,6246.2901695065275
6,44103,2023-01-13T08:00,lower_activity_half,3.0,239.86308431625366,1.0,239.86308431625366,True,True,0.9833127740966625,1.029999507455766,0,0,18,0.9262823176602965,recloser_disswitch(r:p1udt228-p1udt62)p1u_12237,153.37931873950413,6415.176155109009,True,0.9833127740966625,1.029999507455766,0,0,18,0.9262823176602965,recloser_disswitch(r:p1udt228-p1udt62)p1u_12237,153.37931873950413,6415.176155109009
6,44103,2023-01-13T08:00,lower_activity_half,5.0,399.7718071937561,0.9776611328125,390.84135788754793,False,True,0.9782235714129353,1.0299994935349812,0,0,18,1.0094796841214408,l(r:p1udm822-p1ulv579),163.62110243609263,6585.308939333253,True,0.9785087130220409,1.0299994943118504,0,0,18,0.9999826578129476,l(r:p1udm822-p1ulv579),163.02534540114277,6575.857261411797
6,44103,2023-01-13T08:00,lower_activity_half,10.0,799.5436143875122,0.48883056640625,390.84135788754793,False,True,0.9651356091393601,1.0299994577257878,0,0,18,1.4417602407566317,l(r:p1udm822-p1ulv579),193.9373102728158,7015.13310149395,True,0.9785087158976848,1.0299994943118644,0,0,18,0.9999825748299603,l(r:p1udm822-p1ulv579),163.02532939009802,6575.857094507746
6,44752,2023-02-09T09:00,lower_activity_half,1.0,125.63688196241856,1.0,125.63688196241856,True,True,0.9876266485215319,1.0299995172549838,0,0,18,0.9206298904154692,recloser_disswitch(r:p1udt228-p1udt62)p1u_12237,146.78970065807482,6294.494080754502,True,0.9876266485215319,1.0299995172549838,0,0,18,0.9206298904154692,recloser_disswitch(r:p1udt228-p1udt62)p1u_12237,146.78970065807482,6294.494080754502
6,44752,2023-02-09T09:00,lower_activity_half,3.0,376.91064588725567,1.0,376.91064588725567,True,True,0.9811908638185196,1.0299994955854426,0,0,18,0.9370278331950854,recloser_disswitch(r:p1udt228-p1udt62)p1u_12237,162.28370092769993,6561.078544550149,True,0.9811908638185196,1.0299994955854426,0,0,18,0.9370278331950854,recloser_disswitch(r:p1udt228-p1udt62)p1u_12237,162.28370092769993,6561.078544550149
6,44752,2023-02-09T09:00,lower_activity_half,5.0,628.1844098120928,0.97808837890625,614.4198710472892,False,True,0.9746167451400409,1.0299994733830102,0,0,18,1.0093318555327866,l(r:p1udm822-p1ulv579),180.29409664628065,6830.317107698485,True,0.974978144675804,1.0299994745991452,0,0,18,0.9999984752058243,l(r:p1udm822-p1ulv579),179.24955867307125,6815.659822970074
6,44752,2023-02-09T09:00,lower_activity_half,10.0,1256.3688196241856,0.489013671875,614.3815297136825,False,True,0.9575315144955384,1.0299994154131586,0,0,18,1.6022054529761076,l(r:p1udm823-p1ulv1893),237.08979252719942,7515.352806809343,True,0.9749791476093663,1.0299994746025143,0,0,18,0.9999726164630169,l(r:p1udm822-p1ulv579),179.24667072824084,6815.619209995875
6,46073,2023-04-05T10:00,upper_activity_half,1.0,190.9374189376831,1.0,190.9374189376831,True,True,0.9778345592879613,1.0299995116654324,0,0,18,0.9309657536698113,recloser_disswitch(r:p1udt228-p1udt62)p1u_12237,150.99310807299236,6364.051799582737,True,0.9778345592879613,1.0299995116654324,0,0,18,0.9309657536698113,recloser_disswitch(r:p1udt228-p1udt62)p1u_12237,150.99310807299236,6364.051799582737
6,46073,2023-04-05T10:00,upper_activity_half,3.0,572.8122568130493,1.0,572.8122568130493,True,True,0.9502645263246114,1.0299994781044635,0,0,18,0.9688715024108203,recloser_disswitch(r:p1udt228-p1udt62)p1u_12237,179.2620035345672,6774.038313258258,True,0.9502645263246114,1.0299994781044635,0,0,18,0.9688715024108203,recloser_disswitch(r:p1udt228-p1udt62)p1u_12237,179.2620035345672,6774.038313258258
6,46073,2023-04-05T10:00,upper_activity_half,5.0,954.6870946884155,0.6036376953125,576.2851175823016,False,True,0.9200655759167035,1.029999442889557,6,0,18,1.0265012811060317,l(r:p1udt104-p1uhs0_1247)_cont,216.88847891834942,7193.4849602563145,True,0.9500002257946208,1.0299994777894228,0,0,18,0.9692273832705068,recloser_disswitch(r:p1udt228-p1udt62)p1u_12237,179.5619069573378,6777.837939362938
6,46073,2023-04-05T10:00,upper_activity_half,10.0,1909.374189376831,0.30181884765625,576.2851175823016,False,True,0.8270161483577585,1.0299993451960843,6,0,18,1.7773577063594803,l(r:p1udt259lv-p1ulv647),366.67363740489884,8297.987641498805,True,0.9500002663370475,1.029999477789471,0,0,18,0.9692273026264743,recloser_disswitch(r:p1udt228-p1udt62)p1u_12237,179.561859566033,6777.8373803359345
6,46294,2023-04-14T15:00,lower_activity_half,1.0,91.37446284294128,1.0,91.37446284294128,True,True,0.9863723592620732,1.0299995202568997,0,0,18,0.9220097584293123,recloser_disswitch(r:p1udt228-p1udt62)p1u_12237,144.556384926726,6258.061426463767,True,0.9863723592620732,1.0299995202568997,0,0,18,0.9220097584293123,recloser_disswitch(r:p1udt228-p1udt62)p1u_12237,144.556384926726,6258.061426463767
6,46294,2023-04-14T15:00,lower_activity_half,3.0,274.12338852882385,1.0,274.12338852882385,True,True,0.9773562948611123,1.0299995048316264,0,0,18,0.9411060817104294,recloser_disswitch(r:p1udt228-p1udt62)p1u_12237,154.58604031043518,6450.643125842468,True,0.9773562948611123,1.0299995048316264,0,0,18,0.9411060817104294,recloser_disswitch(r:p1udt228-p1udt62)p1u_12237,154.58604031043518,6450.643125842468
6,46294,2023-04-14T15:00,lower_activity_half,5.0,456.8723142147064,1.0,456.8723142147064,True,True,0.9680889951750233,1.0299994891870763,0,0,18,0.9603913556636959,recloser_disswitch(r:p1udt228-p1udt62)p1u_12237,165.7641985074573,6644.553084182589,True,0.9680889951750233,1.0299994891870763,0,0,18,0.9603913556636959,recloser_disswitch(r:p1udt228-p1udt62)p1u_12237,165.7641985074573,6644.553084182589
6,46294,2023-04-14T15:00,lower_activity_half,10.0,913.7446284294128,0.87445068359375,799.0246149602171,False,True,0.9437103953323922,1.0299994491145026,6,0,18,1.0823839033613318,l(r:p1udm823-p1ulv1893),199.04977407091462,7134.75106855997,True,0.9500022925890051,1.0299994593062534,0,0,18,0.999350946513829,l(r:p1udt104-p1uhs0_1247)_cont,189.94543950244088,7010.960445473972
6,46385,2023-04-18T10:00,upper_activity_half,1.0,188.02274084091187,1.0,188.02274084091187,True,True,0.9844923673800976,1.0299995119734078,0,0,18,0.9261256621889012,recloser_disswitch(r:p1udt228-p1udt62)p1u_12237,150.0907555120415,6360.274362715279,True,0.9844923673800976,1.0299995119734078,0,0,18,0.9261256621889012,recloser_disswitch(r:p1udt228-p1udt62)p1u_12237,150.0907555120415,6360.274362715279
6,46385,2023-04-18T10:00,upper_activity_half,3.0,564.0682225227356,0.9556884765625,539.0735002600704,False,True,0.9715258038760681,1.0299994793956506,0,0,18,1.0193078229469466,l(r:p1udm822-p1ulv579),173.96577145603666,6759.8338794385645,True,0.9723997104489995,1.0299994815777445,0,0,18,0.9999935094399397,l(r:p1udm822-p1ulv579),172.23441502981814,6733.298538399915
6,46385,2023-04-18T10:00,upper_activity_half,5.0,940.1137042045593,0.5733642578125,539.0275962706073,False,True,0.9580116236219294,1.029999445708902,0,0,18,1.3145414044210386,l(r:p1udm822-p1ulv579),202.9604983991313,7165.033390486947,True,0.9724013178253897,1.0299994815817661,0,0,18,0.9999579987106767,l(r:p1udm822-p1ulv579),172.23123906870472,6733.249619649168
6,46385,2023-04-18T10:00,upper_activity_half,10.0,1880.2274084091187,0.28668212890625,539.0275962706073,False,True,0.9214932682094996,1.029999356346024,18,0,18,2.084537562943781,l(r:p1udm822-p1ulv579),300.28859887712866,8202.452399600923,True,0.9724013271396686,1.029999481581801,0,0,18,0.9999578121552783,l(r:p1udm822-p1ulv579),172.23122443519094,6733.249209491451
6,46413,2023-04-19T14:00,lower_activity_half,1.0,57.698155641555786,1.0,57.698155641555786,True,True,0.988185251463271,1.0299995230260945,0,0,18,0.9155051703827372,recloser_disswitch(r:p1udt228-p1udt62)p1u_12237,142.97460570314652,6222.785845552766,True,0.988185251463271,1.0299995230260945,0,0,18,0.9155051703827372,recloser_disswitch(r:p1udt228-p1udt62)p1u_12237,142.97460570314652,6222.785845552766
6,46413,2023-04-19T14:00,lower_activity_half,3.0,173.09446692466736,1.0,173.09446692466736,True,True,0.9855571970645896,1.02999951318714,0,0,18,0.9215233040932163,recloser_disswitch(r:p1udt228-p1udt62)p1u_12237,149.46076023047266,6344.508395785375,True,0.9855571970645896,1.02999951318714,0,0,18,0.9215233040932163,recloser_disswitch(r:p1udt228-p1udt62)p1u_12237,149.46076023047266,6344.508395785375
6,46413,2023-04-19T14:00,lower_activity_half,5.0,288.49077820777893,1.0,288.49077820777893,True,True,0.9820139976535258,1.0299995032079137,0,0,18,0.927610865042684,recloser_disswitch(r:p1udt228-p1udt62)p1u_12237,156.5545815083414,6466.989574207883,True,0.9820139976535258,1.0299995032079137,0,0,18,0.927610865042684,recloser_disswitch(r:p1udt228-p1udt62)p1u_12237,156.5545815083414,6466.989574207883
6,46413,2023-04-19T14:00,lower_activity_half,10.0,576.9815564155579,0.93536376953125,539.6876435588638,False,True,0.9729767227612395,1.0299994776922523,0,0,18,1.0288878310508611,l(r:p1udm822-p1ulv579),177.00220720725727,6775.790078381378,True,0.9741569675036975,1.0299994810227586,0,0,18,0.9999784454492434,l(r:p1udm822-p1ulv579),174.1445804971677,6735.822612835079
6,46948,2023-05-11T21:00,lower_activity_half,1.0,43.385165214538574,1.0,43.385165214538574,True,True,0.9880041460860468,1.029999524255747,0,0,18,0.9187094265632697,recloser_disswitch(r:p1udt228-p1udt62)p1u_12237,142.28526454770838,6207.786717582958,True,0.9880041460860468,1.029999524255747,0,0,18,0.9187094265632697,recloser_disswitch(r:p1udt228-p1udt62)p1u_12237,142.28526454770838,6207.786717582958
6,46948,2023-05-11T21:00,lower_activity_half,3.0,130.15549564361572,1.0,130.15549564361572,True,True,0.982351942922303,1.029999516925691,0,0,18,0.9311530239640593,recloser_disswitch(r:p1udt228-p1udt62)p1u_12237,147.21609774592028,6299.336303727856,True,0.982351942922303,1.029999516925691,0,0,18,0.9311530239640593,recloser_disswitch(r:p1udt228-p1udt62)p1u_12237,147.21609774592028,6299.336303727856
6,46948,2023-05-11T21:00,lower_activity_half,5.0,216.92582607269287,1.0,216.92582607269287,True,True,0.976600133128107,1.0299995095232848,0,0,18,0.9436899458082455,recloser_disswitch(r:p1udt228-p1udt62)p1u_12237,152.5163306669496,6391.402097908784,True,0.976600133128107,1.0299995095232848,0,0,18,0.9436899458082455,recloser_disswitch(r:p1udt228-p1udt62)p1u_12237,152.5163306669496,6391.402097908784
6,46948,2023-05-11T21:00,lower_activity_half,10.0,433.85165214538574,1.0,433.85165214538574,True,True,0.961769568943225,1.0299994907482832,0,0,18,0.9753486621814208,recloser_disswitch(r:p1udt228-p1udt62)p1u_12237,167.42280822703793,6623.151068668462,True,0.961769568943225,1.0299994907482832,0,0,18,0.9753486621814208,recloser_disswitch(r:p1udt228-p1udt62)p1u_12237,167.42280822703793,6623.151068668462
6,47304,2023-05-26T17:00,lower_activity_half,1.0,83.14106774330139,1.0,83.14106774330139,True,True,0.982505634497469,1.029999520806635,0,0,18,0.9249470470435717,recloser_disswitch(r:p1udt228-p1udt62)p1u_12237,145.16832855482642,6250.398457657352,True,0.982505634497469,1.029999520806635,0,0,18,0.9249470470435717,recloser_disswitch(r:p1udt228-p1udt62)p1u_12237,145.16832855482642,6250.398457657352
6,47304,2023-05-26T17:00,lower_activity_half,3.0,249.42320322990417,1.0,249.42320322990417,True,True,0.9652732425597431,1.0299995062864238,0,0,18,0.9502274763654408,recloser_disswitch(r:p1udt228-p1udt62)p1u_12237,157.66962072247162,6428.986308231198,True,0.9652732425597431,1.0299995062864238,0,0,18,0.9502274763654408,recloser_disswitch(r:p1udt228-p1udt62)p1u_12237,157.66962072247162,6428.986308231198
6,47304,2023-05-26T17:00,lower_activity_half,5.0,415.70533871650696,0.9365234375,389.31779280188493,False,True,0.9470394192930037,1.0299994912538253,6,0,18,0.9761577603203446,recloser_disswitch(r:p1udt228-p1udt62)p1u_12237,173.19283074997165,6610.871710001664,True,0.9500018445238814,1.0299994936713737,0,0,18,0.9720044802862557,recloser_disswitch(r:p1udt228-p1udt62)p1u_12237,170.51732353740528,6581.825774261172
6,47304,2023-05-26T17:00,lower_activity_half,10.0,831.4106774330139,0.46826171875,389.31779280188493,False,True,0.8960595901753685,1.029999451137833,6,0,18,1.1374867324433218,l(r:p1udt259lv-p1ulv647),227.73818283771408,7081.099386591221,True,0.9500018175223882,1.0299994936713484,0,0,18,0.9720045285780606,recloser_disswitch(r:p1udt228-p1udt62)p1u_12237,170.51735604379027,6581.826067854167
6,47458,2023-06-02T03:00,lower_activity_half,1.0,11.082432746887207,1.0,11.082432746887207,True,True,0.9892485489192446,1.029999527007795,0,0,18,0.9143057831686536,recloser_disswitch(r:p1udt228-p1udt62)p1u_12237,140.37451932312288,6173.555526460668,True,0.9892485489192446,1.029999527007795,0,0,18,0.9143057831686536,recloser_disswitch(r:p1udt228-p1udt62)p1u_12237,140.37451932312288,6173.555526460668
6,47458,2023-06-02T03:00,lower_activity_half,3.0,33.24729824066162,1.0,33.24729824066162,True,True,0.9891537082686287,1.0299995252235372,0,0,18,0.9178917889582546,recloser_disswitch(r:p1udt228-p1udt62)p1u_12237,141.2223120027313,6196.404232134391,True,0.9891537082686287,1.0299995252235372,0,0,18,0.9178917889582546,recloser_disswitch(r:p1udt228-p1udt62)p1u_12237,141.2223120027313,6196.404232134391
6,47458,2023-06-02T03:00,lower_activity_half,5.0,55.412163734436035,1.0,55.412163734436035,True,True,0.9890573453120614,1.0299995234253259,0,0,18,0.9215037298323276,recloser_disswitch(r:p1udt228-p1udt62)p1u_12237,142.08108057887605,6219.427064566204,True,0.9890573453120614,1.0299995234253259,0,0,18,0.9215037298323276,recloser_disswitch(r:p1udt228-p1udt62)p1u_12237,142.08108057887605,6219.427064566204
6,47458,2023-06-02T03:00,lower_activity_half,10.0,110.82432746887207,1.0,110.82432746887207,True,True,0.9888170345530599,1.0299995189343794,0,0,18,0.9305236238137944,recloser_disswitch(r:p1udt228-p1udt62)p1u_12237,144.2396200161921,6276.911563724945,True,0.9888170345530599,1.0299995189343794,0,0,18,0.9305236238137944,recloser_disswitch(r:p1udt228-p1udt62)p1u_12237,144.2396200161921,6276.911563724945
6,47868,2023-06-19T05:00,lower_activity_half,1.0,3.571868658065796,1.0,3.571868658065796,True,True,0.9892817254955324,1.0299995275942777,0,0,18,0.9125371988919556,recloser_disswitch(r:p1udt228-p1udt62)p1u_12237,140.1202648872009,6165.948658703149,True,0.9892817254955324,1.0299995275942777,0,0,18,0.9125371988919556,recloser_disswitch(r:p1udt228-p1udt62)p1u_12237,140.1202648872009,6165.948658703149
6,47868,2023-06-19T05:00,lower_activity_half,3.0,10.715605974197388,1.0,10.715605974197388,True,True,0.9892566875765427,1.0299995270191051,0,0,18,0.9125171182309072,recloser_disswitch(r:p1udt228-p1udt62)p1u_12237,140.4398159115274,6173.120701760187,True,0.9892566875765427,1.0299995270191051,0,0,18,0.9125171182309072,recloser_disswitch(r:p1udt228-p1udt62)p1u_12237,140.4398159115274,6173.120701760187
6,47868,2023-06-19T05:00,lower_activity_half,5.0,17.85934329032898,1.0,17.85934329032898,True,True,0.9892291560682424,1.029999526419447,0,0,18,0.9125415630437416,recloser_disswitch(r:p1udt228-p1udt62)p1u_12237,140.77547430642184,6180.598708844157,True,0.9892291560682424,1.029999526419447,0,0,18,0.9125415630437416,recloser_disswitch(r:p1udt228-p1udt62)p1u_12237,140.77547430642184,6180.598708844157
6,47868,2023-06-19T05:00,lower_activity_half,10.0,35.71868658065796,1.0,35.71868658065796,True,True,0.9891604345312196,1.0299995249204392,0,0,18,0.9125977674616694,recloser_disswitch(r:p1udt228-p1udt62)p1u_12237,141.6264040299765,6199.266671910128,True,0.9891604345312196,1.0299995249204392,0,0,18,0.9125977674616694,recloser_disswitch(r:p1udt228-p1udt62)p1u_12237,141.6264040299765,6199.266671910128
6,48214,2023-07-03T15:00,lower_activity_half,1.0,73.25083684921265,1.0,73.25083684921265,True,True,0.9870193876293144,1.0299995217426567,0,0,18,0.9174593271207687,recloser_disswitch(r:p1udt228-p1udt62)p1u_12237,143.74211769917454,6238.973046383966,True,0.9870193876293144,1.0299995217426567,0,0,18,0.9174593271207687,recloser_disswitch(r:p1udt228-p1udt62)p1u_12237,143.74211769917454,6238.973046383966
6,48214,2023-07-03T15:00,lower_activity_half,3.0,219.75251054763794,1.0,219.75251054763794,True,True,0.9793321662306984,1.0299995092549086,0,0,18,0.9274881677480896,recloser_disswitch(r:p1udt228-p1udt62)p1u_12237,152.06802752182355,6393.761347086691,True,0.9793321662306984,1.0299995092549086,0,0,18,0.9274881677480896,recloser_disswitch(r:p1udt228-p1udt62)p1u_12237,152.06802752182355,6393.761347086691
6,48214,2023-07-03T15:00,lower_activity_half,5.0,366.25418424606323,1.0,366.25418424606323,True,True,0.9714608931628766,1.0299994965677781,0,0,18,0.9376312686085627,recloser_disswitch(r:p1udt228-p1udt62)p1u_12237,161.39650981384736,6549.575909077986,True,0.9714608931628766,1.0299994965677781,0,0,18,0.9376312686085627,recloser_disswitch(r:p1udt228-p1udt62)p1u_12237,161.39650981384736,6549.575909077986
6,48214,2023-07-03T15:00,lower_activity_half,10.0,732.5083684921265,0.89764404296875,657.5317734017153,False,True,0.9508997455407061,1.0299994639306378,0,0,18,1.0479133764594006,l(r:p1udm822-p1ulv579),189.3638081472029,6943.834363265526,True,0.9552156261958742,1.0299994707186455,0,0,18,0.999977609517105,l(r:p1udm822-p1ulv579),183.07934552721912,6862.601503250522
6,48449,2023-07-13T10:00,upper_activity_half,1.0,185.93796157836914,1.0,185.93796157836914,True,True,0.9824642082678282,1.0299995121963335,0,0,18,0.9314599496839099,recloser_disswitch(r:p1udt228-p1udt62)p1u_12237,149.99618797319505,6358.07399090605,True,0.9824642082678282,1.0299995121963335,0,0,18,0.9314599496839099,recloser_disswitch(r:p1udt228-p1udt62)p1u_12237,149.99618797319505,6358.07399090605
6,48449,2023-07-13T10:00,upper_activity_half,3.0,557.8138847351074,1.0,557.8138847351074,True,True,0.9651737387497391,1.0299994801844723,0,0,18,0.9698052397387043,recloser_disswitch(r:p1udt228-p1udt62)p1u_12237,173.4621543100884,6753.091635400496,True,0.9651737387497391,1.0299994801844723,0,0,18,0.9698052397387043,recloser_disswitch(r:p1udt228-p1udt62)p1u_12237,173.4621543100884,6753.091635400496
6,48449,2023-07-13T10:00,upper_activity_half,5.0,929.6898078918457,0.861572265625,800.9949541138485,False,True,0.9469144665419142,1.0299994472404137,6,0,18,1.0201550881084003,l(r:p1udt104-p1uhs0_1247)_cont,201.78140740913778,7153.434984061629,True,0.9533453770121042,1.029999458739219,0,0,18,0.999995377145392,l(r:p1udt104-p1uhs0_1247)_cont,191.41472727698442,7014.400536899379
6,48449,2023-07-13T10:00,upper_activity_half,10.0,1859.3796157836914,0.4307861328125,800.9949541138485,False,True,0.8960948480113814,1.029999360486191,6,0,18,1.5836499644411948,l(r:p1udm823-p1ulv1893),296.7692900472434,8178.089131768583,True,0.9533453532321577,1.0299994587391774,0,0,18,0.9999954476896934,l(r:p1udt104-p1uhs0_1247)_cont,191.41477398760443,7014.401016247995
6,48450,2023-07-13T11:00,upper_activity_half,1.0,197.65360134840012,1.0,197.65360134840012,True,True,0.9796564722315518,1.0299995111417943,0,0,18,0.934272381184263,recloser_disswitch(r:p1udt228-p1udt62)p1u_12237,151.0923261466417,6370.924253132105,True,0.9796564722315518,1.0299995111417943,0,0,18,0.934272381184263,recloser_disswitch(r:p1udt228-p1udt62)p1u_12237,151.0923261466417,6370.924253132105
6,48450,2023-07-13T11:00,upper_activity_half,3.0,592.9608040452003,1.0,592.9608040452003,True,True,0.9562067576870223,1.0299994767932208,0,0,18,0.9785598590683801,recloser_disswitch(r:p1udt228-p1udt62)p1u_12237,178.17304747761838,6793.104446519623,True,0.9562067576870223,1.0299994767932208,0,0,18,0.9785598590683801,recloser_disswitch(r:p1udt228-p1udt62)p1u_12237,178.17304747761838,6793.104446519623
6,48450,2023-07-13T11:00,upper_activity_half,5.0,988.2680067420006,0.70111083984375,692.8854121975928,False,True,0.9309250847293086,1.029999441183325,6,0,18,1.030354282710835,l(r:p1udt104-p1uhs0_1247)_cont,212.34594230538818,7222.553895210311,True,0.950000179007089,1.0299994679128988,0,0,18,0.9899482916107623,recloser_disswitch(r:p1udt228-p1udt62)p1u_12237,186.10869014113513,6900.984485768848
6,48450,2023-07-13T11:00,upper_activity_half,10.0,1976.5360134840012,0.35052490234375,692.8250931053844,False,True,0.856575237096989,1.0299993453793903,6,0,18,1.484361217581527,l(r:p1udt259lv-p1ulv647),336.74220115716656,8335.206054192582,True,0.9500039613400915,1.0299994679182831,0,0,18,0.9899413879328247,recloser_disswitch(r:p1udt228-p1udt62)p1u_12237,186.10377418063263,6900.919232683358
6,49081,2023-08-08T18:00,upper_activity_half,1.0,184.03811740875244,1.0,184.03811740875244,True,True,0.9796544137324446,1.0299995122185959,0,0,18,0.9260139734429726,recloser_disswitch(r:p1udt228-p1udt62)p1u_12237,150.5122306503067,6356.709109843729,True,0.9796544137324446,1.0299995122185959,0,0,18,0.9260139734429726,recloser_disswitch(r:p1udt228-p1udt62)p1u_12237,150.5122306503067,6356.709109843729
6,49081,2023-08-08T18:00,upper_activity_half,3.0,552.1143522262573,1.0,552.1143522262573,True,True,0.9561729394833173,1.0299994798144698,0,0,18,0.9622016374081696,l(r:p1udt104-p1uhs0_1247)_cont,177.21206652406613,6751.2946133614405,True,0.9561729394833173,1.0299994798144698,0,0,18,0.9622016374081696,l(r:p1udt104-p1uhs0_1247)_cont,177.21206652406613,6751.2946133614405
6,49081,2023-08-08T18:00,upper_activity_half,5.0,920.1905870437622,0.7003173828125,644.4254636071855,False,True,0.9308140499741612,1.0299994458540456,6,0,18,1.152439523249346,l(r:p1udm823-p1ulv1893),212.14204796798657,7154.2641941910015,True,0.9500007070621368,1.0299994714465237,0,0,18,0.9767784435126267,l(r:p1udt104-p1uhs0_1247)_cont,185.16146797644822,6851.577876034801
6,49081,2023-08-08T18:00,upper_activity_half,10.0,1840.3811740875244,0.35015869140625,644.4254636071855,False,True,0.855960566729089,1.029999352617154,18,0,18,2.2438239870382186,l(r:p1udm823-p1ulv1893),344.5380234657431,8206.83895107087,True,0.9500007425879757,1.0299994714465746,0,0,18,0.9767783565254707,l(r:p1udt104-p1uhs0_1247)_cont,185.16141677694395,6851.57728600544
6,49289,2023-08-17T10:00,upper_activity_half,1.0,186.71374398469925,1.0,186.71374398469925,True,True,0.9840287417640177,1.0299995120945722,0,0,18,0.9283819761158842,recloser_disswitch(r:p1udt228-p1udt62)p1u_12237,150.06475735597272,6358.928299757667,True,0.9840287417640177,1.0299995120945722,0,0,18,0.9283819761158842,recloser_disswitch(r:p1udt228-p1udt62)p1u_12237,150.06475735597272,6358.928299757667
6,49289,2023-08-17T10:00,upper_activity_half,3.0,560.1412319540977,1.0,560.1412319540977,True,True,0.9700834631803377,1.0299994798325942,0,0,18,0.9626434300299308,l(r:p1udt104-p1uhs0_1247)_cont,173.72432041751313,6755.678753814286,True,0.9700834631803377,1.0299994798325942,0,0,18,0.9626434300299308,l(r:p1udt104-p1uhs0_1247)_cont,173.72432041751313,6755.678753814286
6,49289,2023-08-17T10:00,upper_activity_half,5.0,933.5687199234962,0.84765625,791.3453602476511,False,True,0.9555112523884309,1.029999446575782,0,0,18,1.1613591409402602,l(r:p1udm823-p1ulv1893),202.26384694571203,7157.797737275584,True,0.9611352872198063,1.0299994593504627,0,0,18,0.9999657980632847,l(r:p1udm823-p1ulv1893),190.80621189028113,7004.142428267201
6,49289,2023-08-17T10:00,upper_activity_half,10.0,1867.1374398469925,0.423828125,791.3453602476511,False,True,0.9159071949709259,1.029999358844726,6,0,18,2.2555669606961,l(r:p1udm823-p1ulv1893),297.2458071855544,8186.338407811293,True,0.9611352713628519,1.0299994593504194,0,0,18,0.9999659393595504,l(r:p1udm823-p1ulv1893),190.80622928715067,7004.142928235421
6,49408,2023-08-22T09:00,upper_activity_half,1.0,197.64600601792336,1.0,197.64600601792336,True,True,0.983565971358965,1.0299995111967448,0,0,18,0.9297896558025103,recloser_disswitch(r:p1udt228-p1udt62)p1u_12237,150.5626932566603,6370.383399767105,True,0.983565971358965,1.0299995111967448,0,0,18,0.9297896558025103,recloser_disswitch(r:p1udt228-p1udt62)p1u_12237,150.5626932566603,6370.383399767105
6,49408,2023-08-22T09:00,upper_activity_half,3.0,592.9380180537701,1.0,592.9380180537701,True,True,0.9686380930728113,1.029999477106393,0,0,18,0.9675795571787738,l(r:p1udt104-p1uhs0_1247)_cont,175.44615244918188,6790.1875119577335,True,0.9686380930728113,1.029999477106393,0,0,18,0.9675795571787738,l(r:p1udt104-p1uhs0_1247)_cont,175.44615244918188,6790.1875119577335
6,49408,2023-08-22T09:00,upper_activity_half,5.0,988.2300300896168,0.81103515625,801.4892968646745,False,True,0.9529961278520338,1.0299994419580625,0,0,18,1.2024148105211854,l(r:p1udm823-p1ulv1893),205.5563958063342,7215.749225220696,True,0.9604746172360603,1.0299994586835184,0,0,18,0.9999972823123096,l(r:p1udt104-p1uhs0_1247)_cont,190.66670038444425,7014.146883003934
6,49408,2023-08-22T09:00,upper_activity_half,10.0,1976.4600601792336,0.405517578125,801.4892968646745,False,True,0.9102227049943256,1.0299993491748083,12,0,18,2.3422489937425692,l(r:p1udm823-p1ulv1893),306.3451101489834,8304.752215128263,True,0.9604746001051111,1.029999458683474,0,0,18,0.9999973577420498,l(r:p1udt104-p1uhs0_1247)_cont,190.6667490788172,7014.147396756617
6,49409,2023-08-22T10:00,upper_activity_half,1.0,219.909832239151,1.0,219.909832239151,True,True,0.983320007697887,1.029999509302293,0,0,18,0.9332019397169804,recloser_disswitch(r:p1udt228-p1udt62)p1u_12237,151.8730237555717,6393.952718785882,True,0.983320007697887,1.029999509302293,0,0,18,0.9332019397169804,recloser_disswitch(r:p1udt228-p1udt62)p1u_12237,151.8730237555717,6393.952718785882
6,49409,2023-08-22T10:00,upper_activity_half,3.0,659.729496717453,1.0,659.729496717453,True,True,0.9678707206623405,1.0299994713323963,0,0,18,0.9778401145435632,l(r:p1udt104-p1uhs0_1247)_cont,179.8573804568494,6861.3631974337795,True,0.9678707206623405,1.0299994713323963,0,0,18,0.9778401145435632,l(r:p1udt104-p1uhs0_1247)_cont,179.8573804568494,6861.3631974337795
6,49409,2023-08-22T10:00,upper_activity_half,5.0,1099.549161195755,0.72967529296875,802.3138563290559,False,True,0.9516602096352037,1.0299994321704617,0,0,18,1.1402188012401764,l(r:p1udm822-p1ulv579),213.74990494729568,7335.257240743232,True,0.9626967610562119,1.0299994587510393,0,0,18,0.9999982692274396,l(r:p1udt104-p1uhs0_1247)_cont,190.1903862951041,7014.494633586453
6,49409,2023-08-22T10:00,upper_activity_half,10.0,2199.09832239151,0.36480712890625,802.2467451741977,False,True,0.9072004834779691,1.0299993287242581,11,0,18,1.9111090657831882,l(r:p1udm823-p1ulv1893),327.3168795810531,8548.350534492241,True,0.962699211916652,1.0299994587569794,0,0,18,0.9999878267846347,l(r:p1udt104-p1uhs0_1247)_cont,190.18539024769515,7014.422528774499
6,49410,2023-08-22T11:00,upper_activity_half,1.0,204.56667828559875,1.0,204.56667828559875,True,True,0.9839994940704268,1.0299995105988478,0,0,18,0.9306405252476431,recloser_disswitch(r:p1udt228-p1udt62)p1u_12237,151.0202086983537,6377.7581555405,True,0.9839994940704268,1.0299995105988478,0,0,18,0.9306405252476431,recloser_disswitch(r:p1udt228-p1udt62)p1u_12237,151.0202086983537,6377.7581555405
6,49410,2023-08-22T11:00,upper_activity_half,3.0,613.7000348567963,1.0,613.7000348567963,True,True,0.9699937400291542,1.029999475263359,0,0,18,0.9708175897782585,l(r:p1udt104-p1uhs0_1247)_cont,177.05864187265814,6812.553159121203,True,0.9699937400291542,1.029999475263359,0,0,18,0.9708175897782585,l(r:p1udt104-p1uhs0_1247)_cont,177.05864187265814,6812.553159121203
6,49410,2023-08-22T11:00,upper_activity_half,5.0,1022.8333914279938,0.78338623046875,801.2735949083435,False,True,0.9553609225560173,1.0299994388018203,0,0,18,1.1745166903092528,l(r:p1udm823-p1ulv1893),208.6460222518447,7253.441284334146,True,0.9633620663841702,1.0299994586741597,0,0,18,0.999996758104468,l(r:p1udt104-p1uhs0_1247)_cont,190.8397989925348,7014.10379591718
6,49410,2023-08-22T11:00,upper_activity_half,10.0,2045.6667828559875,0.39166259765625,801.21116611248,False,True,0.9156048705943843,1.0299993424419656,12,0,18,2.285831683218449,l(r:p1udm823-p1ulv1893),314.50281908271216,8382.117081255075,True,0.9633642937140103,1.0299994586797123,0,0,18,0.9999870175367975,l(r:p1udt104-p1uhs0_1247)_cont,190.83504466777725,7014.036598352507
6,49458,2023-08-24T11:00,upper_activity_half,1.0,192.7057340145111,1.0,192.7057340145111,True,True,0.9866433554364509,1.029999511570954,0,0,18,0.9283120582692332,recloser_disswitch(r:p1udt228-p1udt62)p1u_12237,150.37308354119924,6365.24883808524,True,0.9866433554364509,1.029999511570954,0,0,18,0.9283120582692332,recloser_disswitch(r:p1udt228-p1udt62)p1u_12237,150.37308354119924,6365.24883808524
6,49458,2023-08-24T11:00,upper_activity_half,3.0,578.1172020435333,1.0,578.1172020435333,True,True,0.9781796433491607,1.0299994782673938,0,0,18,0.965365273889018,l(r:p1udt104-p1uhs0_1247)_cont,174.45981386969166,6774.387908259716,True,0.9781796433491607,1.0299994782673938,0,0,18,0.965365273889018,l(r:p1udt104-p1uhs0_1247)_cont,174.45981386969166,6774.387908259716
6,49458,2023-08-24T11:00,upper_activity_half,5.0,963.5286700725555,0.68231201171875,657.4271852258971,False,True,0.9694804342003063,1.0299994439984792,0,0,18,1.1963156005316455,l(r:p1udm822-p1ulv579),203.10730621801795,7188.352899228316,True,0.9764060609548291,1.029999471275962,0,0,18,0.9999675539908669,l(r:p1udm822-p1ulv579),179.98659408423563,6859.404165631786
6,49458,2023-08-24T11:00,upper_activity_half,10.0,1927.057340145111,0.34112548828125,657.3683761029679,False,True,0.9466015524922163,1.0299993537831476,6,0,18,1.8377310027255171,l(r:p1udm822-p1ulv579),296.4803668831293,8245.226197544396,True,0.9764073777890371,1.0299994712811482,0,0,18,0.9999301144446066,l(r:p1udm822-p1ulv579),179.98241710029436,6859.341201694407
6,49459,2023-08-24T12:00,upper_activity_half,1.0,189.81134700775146,1.0,189.81134700775146,True,True,0.9862334651030167,1.029999511892804,0,0,18,0.9309444913998492,recloser_disswitch(r:p1udt228-p1udt62)p1u_12237,149.9792525426226,6361.92120489731,True,0.9862334651030167,1.029999511892804,0,0,18,0.9309444913998492,recloser_disswitch(r:p1udt228-p1udt62)p1u_12237,149.9792525426226,6361.92120489731
6,49459,2023-08-24T12:00,upper_activity_half,3.0,569.4340410232544,1.0,569.4340410232544,True,True,0.9769251116830787,1.0299994793681673,0,0,18,0.968088550226686,recloser_disswitch(r:p1udt228-p1udt62)p1u_12237,172.69462646499025,6763.964869602352,True,0.9769251116830787,1.0299994793681673,0,0,18,0.968088550226686,recloser_disswitch(r:p1udt228-p1udt62)p1u_12237,172.69462646499025,6763.964869602352
6,49459,2023-08-24T12:00,upper_activity_half,5.0,949.0567350387573,0.8475341796875,804.3580214079702,False,True,0.9673500924471864,1.0299994460921325,0,0,18,1.0495383344886071,l(r:p1udm822-p1ulv579),199.1235874569015,7169.948106140159,True,0.9710281731433588,1.029999458846094,0,0,18,0.9999994528094271,l(r:p1udt104-p1uhs0_1247)_cont,188.61365148616844,7014.962457447813
6,49459,2023-08-24T12:00,upper_activity_half,10.0,1898.1134700775146,0.42376708984375,804.3580214079702,False,True,0.9421191029882066,1.0299993594189112,6,0,18,1.5565885858121078,l(r:p1udm823-p1ulv1893),282.6864779699864,8202.621412761355,True,0.9710281810679982,1.0299994588461308,0,0,18,0.999999389661912,l(r:p1udt104-p1uhs0_1247)_cont,188.61361231376023,7014.962026950728
6,49553,2023-08-28T10:00,upper_activity_half,1.0,197.9076976776123,1.0,197.9076976776123,True,True,0.9846791406043118,1.0299995112886022,0,0,18,0.9293383848800123,recloser_disswitch(r:p1udt228-p1udt62)p1u_12237,149.94952604000073,6370.022082932341,True,0.9846791406043118,1.0299995112886022,0,0,18,0.9293383848800123,recloser_disswitch(r:p1udt228-p1udt62)p1u_12237,149.94952604000073,6370.022082932341
6,49553,2023-08-28T10:00,upper_activity_half,3.0,593.7230930328369,1.0,593.7230930328369,True,True,0.9721141153048082,1.0299994774443582,0,0,18,0.9672563634594666,l(r:p1udt104-p1uhs0_1247)_cont,173.17082880589948,6788.716937361438,True,0.9721141153048082,1.0299994774443582,0,0,18,0.9672563634594666,l(r:p1udt104-p1uhs0_1247)_cont,173.17082880589948,6788.716937361438
6,49553,2023-08-28T10:00,upper_activity_half,5.0,989.5384883880615,0.7921142578125,783.8275453064125,False,True,0.9590594601565372,1.0299994426681944,0,0,18,1.235884506777787,l(r:p1udm823-p1ulv1893),200.9542254549811,7212.223951344307,True,0.965901521159299,1.0299994608391225,0,0,18,0.9999668761692293,l(r:p1udm823-p1ulv1893),185.94204054729775,6991.760399565167
6,49553,2023-08-28T10:00,upper_activity_half,10.0,1979.076976776123,0.39605712890625,783.8275453064125,False,True,0.9239227877698966,1.029999351258589,12,0,18,2.4126473911055215,l(r:p1udm823-p1ulv1893),292.52116488793433,8293.555858023195,True,0.9659015328653444,1.0299994608391607,0,0,18,0.9999667349731804,l(r:p1udm823-p1ulv1893),185.94200867389503,6991.759955143507
6,49846,2023-09-09T15:00,lower_activity_half,1.0,30.41227789223194,1.0,30.41227789223194,True,True,0.9891563498172239,1.0299995253357372,0,0,18,0.9149214136678652,recloser_disswitch(r:p1udt228-p1udt62)p1u_12237,141.54675039597984,6194.117806631219,True,0.9891563498172239,1.0299995253357372,0,0,18,0.9149214136678652,recloser_disswitch(r:p1udt228-p1udt62)p1u_12237,141.54675039597984,6194.117806631219
6,49846,2023-09-09T15:00,lower_activity_half,3.0,91.23683367669582,1.0,91.23683367669582,True,True,0.986132422476789,1.029999520194777,0,0,18,0.9197359040994306,recloser_disswitch(r:p1udt228-p1udt62)p1u_12237,144.85552382734798,6258.06625089292,True,0.986132422476789,1.029999520194777,0,0,18,0.9197359040994306,recloser_disswitch(r:p1udt228-p1udt62)p1u_12237,144.85552382734798,6258.06625089292
6,49846,2023-09-09T15:00,lower_activity_half,5.0,152.0613894611597,1.0,152.0613894611597,True,True,0.9829855395102238,1.0299995150054542,0,0,18,0.9246003456387758,recloser_disswitch(r:p1udt228-p1udt62)p1u_12237,148.34219931592068,6322.37531630891,True,0.9829855395102238,1.0299995150054542,0,0,18,0.9246003456387758,recloser_disswitch(r:p1udt228-p1udt62)p1u_12237,148.34219931592068,6322.37531630891
6,49846,2023-09-09T15:00,lower_activity_half,10.0,304.1227789223194,1.0,304.1227789223194,True,True,0.97498572769597,1.0299995018868118,0,0,18,0.936857838449806,recloser_disswitch(r:p1udt228-p1udt62)p1u_12237,157.81449467827372,6483.865927406709,True,0.97498572769597,1.0299995018868118,0,0,18,0.936857838449806,recloser_disswitch(r:p1udt228-p1udt62)p1u_12237,157.81449467827372,6483.865927406709
6,50168,2023-09-23T01:00,lower_activity_half,1.0,8.444974184036255,1.0,8.444974184036255,True,True,0.9892611861195736,1.0299995272112072,0,0,18,0.9130372332838754,recloser_disswitch(r:p1udt228-p1udt62)p1u_12237,140.31357671625034,6170.818745749424,True,0.9892611861195736,1.0299995272112072,0,0,18,0.9130372332838754,recloser_disswitch(r:p1udt228-p1udt62)p1u_12237,140.31357671625034,6170.818745749424
6,50168,2023-09-23T01:00,lower_activity_half,3.0,25.334922552108765,1.0,25.334922552108765,True,True,0.9891901973026327,1.029999525823158,0,0,18,0.9141055465918231,recloser_disswitch(r:p1udt228-p1udt62)p1u_12237,141.04928006792383,6188.320188697772,True,0.9891901973026327,1.029999525823158,0,0,18,0.9141055465918231,recloser_disswitch(r:p1udt228-p1udt62)p1u_12237,141.04928006792383,6188.320188697772
6,50168,2023-09-23T01:00,lower_activity_half,5.0,42.224870920181274,1.0,42.224870920181274,True,True,0.9891180948119559,1.0299995244231346,0,0,18,0.9151920915594586,recloser_disswitch(r:p1udt228-p1udt62)p1u_12237,141.79970383135984,6205.959035931961,True,0.9891180948119559,1.0299995244231346,0,0,18,0.9151920915594586,recloser_disswitch(r:p1udt228-p1udt62)p1u_12237,141.79970383135984,6205.959035931961
6,50168,2023-09-23T01:00,lower_activity_half,10.0,84.44974184036255,1.0,84.44974184036255,True,True,0.9889380444800531,1.029999520921995,0,0,18,0.9178975922293066,recloser_disswitch(r:p1udt228-p1udt62)p1u_12237,143.71234937721323,6250.005829347478,True,0.9889380444800531,1.029999520921995,0,0,18,0.9178975922293066,recloser_disswitch(r:p1udt228-p1udt62)p1u_12237,143.71234937721323,6250.005829347478
6,51647,2023-11-23T16:00,lower_activity_half,1.0,17.233353793621063,1.0,17.233353793621063,True,True,0.989169843315178,1.0299995264529156,0,0,18,0.9129485783145372,recloser_disswitch(r:p1udt228-p1udt62)p1u_12237,140.78273715404802,6180.214614156424,True,0.989169843315178,1.0299995264529156,0,0,18,0.9129485783145372,recloser_disswitch(r:p1udt228-p1udt62)p1u_12237,140.78273715404802,6180.214614156424
6,51647,2023-11-23T16:00,lower_activity_half,3.0,51.70006138086319,1.0,51.70006138086319,True,True,0.9889193016272939,1.02999952357976,0,0,18,0.9137727227097943,recloser_disswitch(r:p1udt228-p1udt62)p1u_12237,142.48129094712138,6216.0337114342265,True,0.9889193016272939,1.02999952357976,0,0,18,0.9137727227097943,recloser_disswitch(r:p1udt228-p1udt62)p1u_12237,142.48129094712138,6216.0337114342265
6,51647,2023-11-23T16:00,lower_activity_half,5.0,86.16676896810532,1.0,86.16676896810532,True,True,0.9886650843772167,1.0299995206638177,0,0,18,0.9146458698956473,recloser_disswitch(r:p1udt228-p1udt62)p1u_12237,144.26755390148108,6252.275729852709,True,0.9886650843772167,1.0299995206638177,0,0,18,0.9146458698956473,recloser_disswitch(r:p1udt228-p1udt62)p1u_12237,144.26755390148108,6252.275729852709
6,51647,2023-11-23T16:00,lower_activity_half,10.0,172.33353793621063,1.0,172.33353793621063,True,True,0.9867817614076795,1.0299995132941322,0,0,18,0.9168554692729162,recloser_disswitch(r:p1udt228-p1udt62)p1u_12237,149.0620820882933,6343.358517730054,True,0.9867817614076795,1.0299995132941322,0,0,18,0.9168554692729162,recloser_disswitch(r:p1udt228-p1udt62)p1u_12237,149.0620820882933,6343.358517730054
7,44103,2023-01-13T08:00,lower_activity_half,1.0,79.95436143875122,1.0,79.95436143875122,True,True,0.9875420824150191,1.0299995211639548,0,0,18,0.9182269160589297,recloser_disswitch(r:p1udt228-p1udt62)p1u_12237,144.0885359894943,6246.05450105189,True,0.9875420824150191,1.0299995211639548,0,0,18,0.9182269160589297,recloser_disswitch(r:p1udt228-p1udt62)p1u_12237,144.0885359894943,6246.05450105189
7,44103,2023-01-13T08:00,lower_activity_half,3.0,239.86308431625366,1.0,239.86308431625366,True,True,0.9838486353502799,1.0299995075188768,0,0,18,0.9297609563282002,recloser_disswitch(r:p1udt228-p1udt62)p1u_12237,153.07650111241608,6414.875081706533,True,0.9838486353502799,1.0299995075188768,0,0,18,0.9297609563282002,recloser_disswitch(r:p1udt228-p1udt62)p1u_12237,153.07650111241608,6414.875081706533
7,44103,2023-01-13T08:00,lower_activity_half,5.0,399.7718071937561,0.7762451171875,310.32091332337586,False,True,0.9782782223975439,1.0299994936608536,0,0,18,1.1200554104420954,l(r:p1udm822-p1ulv579),163.02792916393074,6584.718641674081,True,0.9814055084093706,1.02999950143339,0,0,18,0.9999697344316969,l(r:p1udm822-p1ulv579),157.34435060549114,6489.655794684567
7,44103,2023-01-13T08:00,lower_activity_half,10.0,799.5436143875122,0.38812255859375,310.32091332337586,False,True,0.9638971895675169,1.029999458054536,0,0,18,1.6653038466249774,l(r:p1udm822-p1ulv579),192.31591573755531,7013.813977137645,True,0.9814055107487571,1.0299995014334025,0,0,18,0.9999696653503737,l(r:p1udm822-p1ulv579),157.34433706098724,6489.655647052445
7,44752,2023-02-09T09:00,lower_activity_half,1.0,125.63688196241856,1.0,125.63688196241856,True,True,0.9839790011655458,1.029999517286224,0,0,18,0.9290535831360944,recloser_disswitch(r:p1udt228-p1udt62)p1u_12237,147.00983406123,6294.6854040398875,True,0.9839790011655458,1.029999517286224,0,0,18,0.9290535831360944,recloser_disswitch(r:p1udt228-p1udt62)p1u_12237,147.00983406123,6294.6854040398875
7,44752,2023-02-09T09:00,lower_activity_half,3.0,376.91064588725567,1.0,376.91064588725567,True,True,0.9698035456138984,1.0299994956424845,0,0,18,0.9626030885673805,recloser_disswitch(r:p1udt228-p1udt62)p1u_12237,163.45513521414466,6562.2359075582945,True,0.9698035456138984,1.0299994956424845,0,0,18,0.9626030885673805,recloser_disswitch(r:p1udt228-p1udt62)p1u_12237,163.45513521414466,6562.2359075582945
7,44752,2023-02-09T09:00,lower_activity_half,5.0,628.1844098120928,1.0,628.1844098120928,True,True,0.954090128914151,1.0299994733935358,0,0,18,0.9968407462226186,recloser_disswitch(r:p1udt228-p1udt62)p1u_12237,183.22872765515956,6833.385848173434,True,0.954090128914151,1.0299994733935358,0,0,18,0.9968407462226186,recloser_disswitch(r:p1udt228-p1udt62)p1u_12237,183.22872765515956,6833.385848173434
7,44752,2023-02-09T09:00,lower_activity_half,10.0,1256.3688196241856,0.5181884765625,651.0358446416831,False,True,0.9109879915234887,1.0299994148868994,18,0,18,1.4373084316567477,l(r:p1udm721-p1ulv530),249.2556012508543,7527.588113597654,True,0.9526212927215034,1.0299994713387468,0,0,18,0.9999901280855499,recloser_disswitch(r:p1udt228-p1udt62)p1u_12237,185.20199996384193,6858.228964101833
7,46073,2023-04-05T10:00,upper_activity_half,1.0,190.9374189376831,1.0,190.9374189376831,True,True,0.9836216110311027,1.0299995116769645,0,0,18,0.9369210642306623,recloser_disswitch(r:p1udt228-p1udt62)p1u_12237,150.72420682111738,6363.804747504654,True,0.9836216110311027,1.0299995116769645,0,0,18,0.9369210642306623,recloser_disswitch(r:p1udt228-p1udt62)p1u_12237,150.72420682111738,6363.804747504654
7,46073,2023-04-05T10:00,upper_activity_half,3.0,572.8122568130493,1.0,572.8122568130493,True,True,0.9663868961315768,1.0299994785881639,0,0,18,0.9863699005758665,recloser_disswitch(r:p1udt228-p1udt62)p1u_12237,175.92352398301472,6770.533794171221,True,0.9663868961315768,1.0299994785881639,0,0,18,0.9863699005758665,recloser_disswitch(r:p1udt228-p1udt62)p1u_12237,175.92352398301472,6770.533794171221
7,46073,2023-04-05T10:00,upper_activity_half,5.0,954.6870946884155,0.70855712890625,676.4503468162729,False,True,0.9480909385583624,1.0299994445022989,3,0,18,1.1179201924828979,l(r:p1udm822-p1ulv579),206.39333764198446,7183.040790255102,True,0.9615179545247771,1.0299994694213477,0,0,18,0.9999985795326192,recloser_disswitch(r:p1udt228-p1udt62)p1u_12237,183.66474942730713,6882.10548623561
7,46073,2023-04-05T10:00,upper_activity_half,10.0,1909.374189376831,0.354248046875,676.3920773402788,False,True,0.8970495722558688,1.0299993545435575,16,0,18,1.7744595748800367,l(r:p1udm721-p1ulv530),309.0397351384163,8240.338591655176,True,0.9615206746170365,1.0299994694264312,0,0,18,0.9999910509657157,recloser_disswitch(r:p1udt228-p1udt62)p1u_12237,183.6603494787916,6882.043704271056
7,46294,2023-04-14T15:00,lower_activity_half,1.0,91.37446284294128,1.0,91.37446284294128,True,True,0.9858654910820366,1.0299995201450765,0,0,18,0.9247321883020074,recloser_disswitch(r:p1udt228-p1udt62)p1u_12237,145.22175089713184,6258.74561424926,True,0.9858654910820366,1.0299995201450765,0,0,18,0.9247321883020074,recloser_disswitch(r:p1udt228-p1udt62)p1u_12237,145.22175089713184,6258.74561424926
7,46294,2023-04-14T15:00,lower_activity_half,3.0,274.12338852882385,1.0,274.12338852882385,True,True,0.9757795451626323,1.0299995043803667,0,0,18,0.9494467792604001,recloser_disswitch(r:p1udt228-p1udt62)p1u_12237,157.26895363822578,6453.30600648294,True,0.9757795451626323,1.0299995043803667,0,0,18,0.9494467792604001,recloser_disswitch(r:p1udt228-p1udt62)p1u_12237,157.26895363822578,6453.30600648294
7,46294,2023-04-14T15:00,lower_activity_half,5.0,456.8723142147064,1.0,456.8723142147064,True,True,0.965368872887874,1.0299994882228138,0,0,18,0.9746153184223348,recloser_disswitch(r:p1udt228-p1udt62)p1u_12237,171.43765196701582,6650.190951836931,True,0.965368872887874,1.0299994882228138,0,0,18,0.9746153184223348,recloser_disswitch(r:p1udt228-p1udt62)p1u_12237,171.43765196701582,6650.190951836931
7,46294,2023-04-14T15:00,lower_activity_half,10.0,913.7446284294128,0.697998046875,637.7919659862528,False,True,0.9377405775940311,1.0299994460270898,6,0,18,1.0397288351800529,l(r:p1udt1lv-p1ulv2),216.93247975753428,7152.599123034406,True,0.9547110230866548,1.0299994718223533,0,0,18,0.9999986121373088,recloser_disswitch(r:p1udt228-p1udt62)p1u_12237,187.67230537315683,6847.45524286437
7,46385,2023-04-18T10:00,upper_activity_half,1.0,188.02274084091187,1.0,188.02274084091187,True,True,0.9826859284338567,1.029999512039947,0,0,18,0.93731897777838,recloser_disswitch(r:p1udt228-p1udt62)p1u_12237,150.2750280448635,6360.441674624436,True,0.9826859284338567,1.029999512039947,0,0,18,0.93731897777838,recloser_disswitch(r:p1udt228-p1udt62)p1u_12237,150.2750280448635,6360.441674624436
7,46385,2023-04-18T10:00,upper_activity_half,3.0,564.0682225227356,1.0,564.0682225227356,True,True,0.9658805742315183,1.029999479766683,0,0,18,0.9875043767528995,recloser_disswitch(r:p1udt228-p1udt62)p1u_12237,174.26526461829832,6760.152501321524,True,0.9658805742315183,1.029999479766683,0,0,18,0.9875043767528995,recloser_disswitch(r:p1udt228-p1udt62)p1u_12237,174.26526461829832,6760.152501321524
7,46385,2023-04-18T10:00,upper_activity_half,5.0,940.1137042045593,0.34912109375,328.2135246612597,False,True,0.9481726637093536,1.02999944663365,6,0,18,1.0483383906216002,l(r:p1udm822-p1ulv579),203.05535723378844,7165.134481033097,True,0.9765139282528823,1.0299995000924254,0,0,18,0.9559436056076712,recloser_disswitch(r:p1udt228-p1udt62)p1u_12237,158.689082395159,6509.00974556619
7,46385,2023-04-18T10:00,upper_activity_half,10.0,1880.2274084091187,0.174560546875,328.2135246612597,False,True,0.8991293582199288,1.0299993597709336,14,0,18,1.5210636303963847,l(r:p1udm822-p1ulv579),298.84121558965273,8200.998484542743,True,0.9765139282492145,1.0299995000924251,0,0,18,0.9559436084652153,recloser_disswitch(r:p1udt228-p1udt62)p1u_12237,158.6890777943838,6509.00974567669
7,46413,2023-04-19T14:00,lower_activity_half,1.0,57.698155641555786,1.0,57.698155641555786,True,True,0.986904595844446,1.0299995230013332,0,0,18,0.9192290787707985,recloser_disswitch(r:p1udt228-p1udt62)p1u_12237,143.26400635281874,6223.017905594628,True,0.986904595844446,1.0299995230013332,0,0,18,0.9192290787707985,recloser_disswitch(r:p1udt228-p1udt62)p1u_12237,143.26400635281874,6223.017905594628
7,46413,2023-04-19T14:00,lower_activity_half,3.0,173.09446692466736,1.0,173.09446692466736,True,True,0.9804533481240336,1.029999513082611,0,0,18,0.9327989676157971,recloser_disswitch(r:p1udt228-p1udt62)p1u_12237,150.51818920761445,6345.5595918797735,True,0.9804533481240336,1.029999513082611,0,0,18,0.9327989676157971,recloser_disswitch(r:p1udt228-p1udt62)p1u_12237,150.51818920761445,6345.5595918797735
7,46413,2023-04-19T14:00,lower_activity_half,5.0,288.49077820777893,1.0,288.49077820777893,True,True,0.9724964889586758,1.0299995030035138,0,0,18,0.9465437766172835,recloser_disswitch(r:p1udt228-p1udt62)p1u_12237,158.63770996545094,6469.062770341596,True,0.9724964889586758,1.0299995030035138,0,0,18,0.9465437766172835,recloser_disswitch(r:p1udt228-p1udt62)p1u_12237,158.63770996545094,6469.062770341596
7,46413,2023-04-19T14:00,lower_activity_half,10.0,576.9815564155579,1.0,576.9815564155579,True,True,0.951656831631427,1.0299994770886256,0,0,18,0.999299325260751,l(r:p1udm822-p1ulv579),182.96418458837786,6781.9118839021585,True,0.951656831631427,1.0299994770886256,0,0,18,0.999299325260751,l(r:p1udm822-p1ulv579),182.96418458837786,6781.9118839021585
7,46948,2023-05-11T21:00,lower_activity_half,1.0,43.385165214538574,1.0,43.385165214538574,True,True,0.9883661369542939,1.0299995242605104,0,0,18,0.9197146278847737,recloser_disswitch(r:p1udt228-p1udt62)p1u_12237,142.24979903509634,6207.777755137404,True,0.9883661369542939,1.0299995242605104,0,0,18,0.9197146278847737,recloser_disswitch(r:p1udt228-p1udt62)p1u_12237,142.24979903509634,6207.777755137404
7,46948,2023-05-11T21:00,lower_activity_half,3.0,130.15549564361572,1.0,130.15549564361572,True,True,0.9865063950205802,1.0299995169930722,0,0,18,0.9340794302699132,recloser_disswitch(r:p1udt228-p1udt62)p1u_12237,146.97087186973667,6298.742568450639,True,0.9865063950205802,1.0299995169930722,0,0,18,0.9340794302699132,recloser_disswitch(r:p1udt228-p1udt62)p1u_12237,146.97087186973667,6298.742568450639
7,46948,2023-05-11T21:00,lower_activity_half,5.0,216.92582607269287,1.0,216.92582607269287,True,True,0.9846291198427135,1.0299995096480312,0,0,18,0.9485648730028188,recloser_disswitch(r:p1udt228-p1udt62)p1u_12237,151.91362610279845,6390.427797484154,True,0.9846291198427135,1.0299995096480312,0,0,18,0.9485648730028188,recloser_disswitch(r:p1udt228-p1udt62)p1u_12237,151.91362610279845,6390.427797484154
7,46948,2023-05-11T21:00,lower_activity_half,10.0,433.85165214538574,0.93560791015625,405.9150375815807,False,True,0.9798802488077575,1.0299994910895667,0,0,18,1.0215366073570793,l(r:p1udt175lv-p1ulv493),165.17505096158342,6620.937135102554,True,0.9804940072347085,1.0299994934822074,0,0,18,0.9999969481482851,l(r:p1udt175lv-p1ulv493),163.40181308679522,6591.307243517041
7,47304,2023-05-26T17:00,lower_activity_half,1.0,83.14106774330139,1.0,83.14106774330139,True,True,0.9863586209425675,1.029999520888222,0,0,18,0.9227690142854861,recloser_disswitch(r:p1udt228-p1udt62)p1u_12237,144.43419671525453,6249.644905099576,True,0.9863586209425675,1.029999520888222,0,0,18,0.9227690142854861,recloser_disswitch(r:p1udt228-p1udt62)p1u_12237,144.43419671525453,6249.644905099576
7,47304,2023-05-26T17:00,lower_activity_half,3.0,249.42320322990417,1.0,249.42320322990417,True,True,0.9803834297288803,1.0299995067300107,0,0,18,0.9434184068849362,recloser_disswitch(r:p1udt228-p1udt62)p1u_12237,154.09274918237696,6425.450566762022,True,0.9803834297288803,1.0299995067300107,0,0,18,0.9434184068849362,recloser_disswitch(r:p1udt228-p1udt62)p1u_12237,154.09274918237696,6425.450566762022
7,47304,2023-05-26T17:00,lower_activity_half,5.0,415.70533871650696,1.0,415.70533871650696,True,True,0.9733716688708747,1.0299994923859428,0,0,18,0.9642573877336565,recloser_disswitch(r:p1udt228-p1udt62)p1u_12237,164.70384829910083,6602.328994401252,True,0.9733716688708747,1.0299994923859428,0,0,18,0.9642573877336565,recloser_disswitch(r:p1udt228-p1udt62)p1u_12237,164.70384829910083,6602.328994401252
7,47304,2023-05-26T17:00,lower_activity_half,10.0,831.4106774330139,0.81719970703125,679.4285620209121,False,True,0.9536076010524245,1.0299994557072552,0,0,18,1.0933346001336657,l(r:p1udm822-p1ulv579),195.60973644758295,7048.982909370708,True,0.9609703392090113,1.0299994692516619,0,0,18,0.9999877013179123,l(r:p1udm822-p1ulv579),183.5651147063382,6884.984078714146
7,47458,2023-06-02T03:00,lower_activity_half,1.0,11.082432746887207,1.0,11.082432746887207,True,True,0.9892372074314651,1.0299995269529556,0,0,18,0.9143690323935257,recloser_disswitch(r:p1udt228-p1udt62)p1u_12237,140.61921358959592,6173.856241125034,True,0.9892372074314651,1.0299995269529556,0,0,18,0.9143690323935257,recloser_disswitch(r:p1udt228-p1udt62)p1u_12237,140.61921358959592,6173.856241125034
7,47458,2023-06-02T03:00,lower_activity_half,3.0,33.24729824066162,1.0,33.24729824066162,True,True,0.989122805832007,1.0299995250700273,0,0,18,0.918055384911482,recloser_disswitch(r:p1udt228-p1udt62)p1u_12237,141.98323290667292,6197.1033908964555,True,0.989122805832007,1.0299995250700273,0,0,18,0.918055384911482,recloser_disswitch(r:p1udt228-p1udt62)p1u_12237,141.98323290667292,6197.1033908964555
7,47458,2023-06-02T03:00,lower_activity_half,5.0,55.412163734436035,1.0,55.412163734436035,True,True,0.9876924771951765,1.0299995231533592,0,0,18,0.9217961693017306,recloser_disswitch(r:p1udt228-p1udt62)p1u_12237,143.41409007770923,6220.689402551052,True,0.9876924771951765,1.0299995231533592,0,0,18,0.9217961693017306,recloser_disswitch(r:p1udt228-p1udt62)p1u_12237,143.41409007770923,6220.689402551052
7,47458,2023-06-02T03:00,lower_activity_half,10.0,110.82432746887207,0.81976318359375,90.84970350551885,False,True,0.9836146155218495,1.0299995183004615,0,0,18,1.0688322091736095,l(r:p1udt175lv-p1ulv493),147.2388216881392,6280.0277930353495,True,0.985090879306817,1.0299995200528334,0,0,18,0.9999872972718185,l(r:p1udt175lv-p1ulv493),145.8231865175148,6258.663282362227
7,47868,2023-06-19T05:00,lower_activity_half,1.0,3.571868658065796,1.0,3.571868658065796,True,True,0.9892828501017884,1.0299995276093534,0,0,18,0.912932376780763,recloser_disswitch(r:p1udt228-p1udt62)p1u_12237,140.15793694447098,6165.745438867143,True,0.9892828501017884,1.0299995276093534,0,0,18,0.912932376780763,recloser_disswitch(r:p1udt228-p1udt62)p1u_12237,140.15793694447098,6165.745438867143
7,47868,2023-06-19T05:00,lower_activity_half,3.0,10.715605974197388,1.0,10.715605974197388,True,True,0.9891566920577143,1.0299995270051563,0,0,18,0.9138143966844713,recloser_disswitch(r:p1udt228-p1udt62)p1u_12237,140.5899063281819,6173.261450177859,True,0.9891566920577143,1.0299995270051563,0,0,18,0.9138143966844713,recloser_disswitch(r:p1udt228-p1udt62)p1u_12237,140.5899063281819,6173.261450177859
7,47868,2023-06-19T05:00,lower_activity_half,5.0,17.85934329032898,1.0,17.85934329032898,True,True,0.9880575485536996,1.0299995263944755,0,0,18,0.914707399627661,recloser_disswitch(r:p1udt228-p1udt62)p1u_12237,141.03482110801178,6180.848722134937,True,0.9880575485536996,1.0299995263944755,0,0,18,0.914707399627661,recloser_disswitch(r:p1udt228-p1udt62)p1u_12237,141.03482110801178,6180.848722134937
7,47868,2023-06-19T05:00,lower_activity_half,10.0,35.71868658065796,1.0,35.71868658065796,True,True,0.9852914856619608,1.0299995248575569,0,0,18,0.9169539723775669,recloser_disswitch(r:p1udt228-p1udt62)p1u_12237,142.1939853023967,6199.896981451614,True,0.9852914856619608,1.0299995248575569,0,0,18,0.9169539723775669,recloser_disswitch(r:p1udt228-p1udt62)p1u_12237,142.1939853023967,6199.896981451614
7,48214,2023-07-03T15:00,lower_activity_half,1.0,73.25083684921265,1.0,73.25083684921265,True,True,0.9867933747506198,1.0299995217398772,0,0,18,0.9228877062722487,recloser_disswitch(r:p1udt228-p1udt62)p1u_12237,144.02277635915638,6239.126059385899,True,0.9867933747506198,1.0299995217398772,0,0,18,0.9228877062722487,recloser_disswitch(r:p1udt228-p1udt62)p1u_12237,144.02277635915638,6239.126059385899
7,48214,2023-07-03T15:00,lower_activity_half,3.0,219.75251054763794,1.0,219.75251054763794,True,True,0.9786439056432553,1.0299995092369894,0,0,18,0.9438936540122943,recloser_disswitch(r:p1udt228-p1udt62)p1u_12237,152.91323077067267,6394.606320377017,True,0.9786439056432553,1.0299995092369894,0,0,18,0.9438936540122943,recloser_disswitch(r:p1udt228-p1udt62)p1u_12237,152.91323077067267,6394.606320377017
7,48214,2023-07-03T15:00,lower_activity_half,5.0,366.25418424606323,1.0,366.25418424606323,True,True,0.9702897317360636,1.02999949657511,0,0,18,0.9650787422384136,recloser_disswitch(r:p1udt228-p1udt62)p1u_12237,162.7823826609384,6550.963465155378,True,0.9702897317360636,1.02999949657511,0,0,18,0.9650787422384136,recloser_disswitch(r:p1udt228-p1udt62)p1u_12237,162.7823826609384,6550.963465155378
7,48214,2023-07-03T15:00,lower_activity_half,10.0,732.5083684921265,0.82537841796875,604.5965983349015,False,True,0.9484220743077189,1.02999946413641,6,0,18,1.0189654827088381,recloser_disswitch(r:p1udt228-p1udt62)p1u_12237,192.0309874296902,6946.503626877629,True,0.9562249564018581,1.0299994755926156,0,0,18,0.9999980078452375,recloser_disswitch(r:p1udt228-p1udt62)p1u_12237,181.04891959884924,6807.6359072972555
7,48449,2023-07-13T10:00,upper_activity_half,1.0,185.93796157836914,1.0,185.93796157836914,True,True,0.9839012156523239,1.0299995121496013,0,0,18,0.9363662396692998,recloser_disswitch(r:p1udt228-p1udt62)p1u_12237,150.36941311927555,6358.431732837519,True,0.9839012156523239,1.0299995121496013,0,0,18,0.9363662396692998,recloser_disswitch(r:p1udt228-p1udt62)p1u_12237,150.36941311927555,6358.431732837519
7,48449,2023-07-13T10:00,upper_activity_half,3.0,557.8138847351074,1.0,557.8138847351074,True,True,0.9696954533385123,1.0299994801226633,0,0,18,0.9845861744358407,recloser_disswitch(r:p1udt228-p1udt62)p1u_12237,174.2329760801968,6753.872474078439,True,0.9696954533385123,1.0299994801226633,0,0,18,0.9845861744358407,recloser_disswitch(r:p1udt228-p1udt62)p1u_12237,174.2329760801968,6753.872474078439
7,48449,2023-07-13T10:00,upper_activity_half,5.0,929.6898078918457,0.7261962890625,675.1372884702869,False,True,0.9548573684086664,1.0299994472947982,0,0,18,1.0953746774370559,l(r:p1udm822-p1ulv579),202.38575848384016,7154.044828409432,True,0.9650805129640551,1.0299994698394692,0,0,18,0.9999958854409001,recloser_disswitch(r:p1udt228-p1udt62)p1u_12237,182.6486508117168,6879.776708195798
7,48449,2023-07-13T10:00,upper_activity_half,10.0,1859.3796157836914,0.36309814453125,675.1372884702869,False,True,0.9145527803834832,1.0299993615807321,9,0,18,1.6173976455656076,l(r:p1udm822-p1ulv579),293.4133872721261,8174.754656016746,True,0.9650805261354685,1.029999469839504,0,0,18,0.9999958326490604,recloser_disswitch(r:p1udt228-p1udt62)p1u_12237,182.6486247926651,6879.776300542051
7,48450,2023-07-13T11:00,upper_activity_half,1.0,197.65360134840012,1.0,197.65360134840012,True,True,0.9853363253352557,1.0299995111711564,0,0,18,0.9366405570533709,recloser_disswitch(r:p1udt228-p1udt62)p1u_12237,150.78619099028342,6370.5753237927365,True,0.9853363253352557,1.0299995111711564,0,0,18,0.9366405570533709,recloser_disswitch(r:p1udt228-p1udt62)p1u_12237,150.78619099028342,6370.5753237927365
7,48450,2023-07-13T11:00,upper_activity_half,3.0,592.9608040452003,1.0,592.9608040452003,True,True,0.9741614271813807,1.0299994771917547,0,0,18,0.9853397161975499,recloser_disswitch(r:p1udt228-p1udt62)p1u_12237,175.3465388376504,6790.131880243782,True,0.9741614271813807,1.0299994771917547,0,0,18,0.9853397161975499,recloser_disswitch(r:p1udt228-p1udt62)p1u_12237,175.3465388376504,6790.131880243782
7,48450,2023-07-13T11:00,upper_activity_half,5.0,988.2680067420006,0.66302490234375,655.2462986595674,False,True,0.9626099110625644,1.0299994424398873,0,0,18,1.2126564283446868,l(r:p1udm822-p1ulv579),203.95278654318992,7213.973033604771,True,0.9723630411085636,1.0299994717510574,0,0,18,0.9999966462158525,l(r:p1udm822-p1ulv579),179.59106144520865,6856.827743417738
7,48450,2023-07-13T11:00,upper_activity_half,10.0,1976.5360134840012,0.33148193359375,655.185979567359,False,True,0.9318638468614824,1.0299993519762332,6,0,18,1.8590578293304971,l(r:p1udm822-p1ulv579),294.6107015826208,8292.93608961064,True,0.9723647840069101,1.0299994717563214,0,0,18,0.9999583316581768,l(r:p1udm822-p1ulv579),179.5868957844217,6856.76327177175
7,49081,2023-08-08T18:00,upper_activity_half,1.0,184.03811740875244,1.0,184.03811740875244,True,True,0.9815940043795139,1.0299995122379182,0,0,18,0.9362843494629,recloser_disswitch(r:p1udt228-p1udt62)p1u_12237,150.77872714151354,6356.939931969217,True,0.9815940043795139,1.0299995122379182,0,0,18,0.9362843494629,recloser_disswitch(r:p1udt228-p1udt62)p1u_12237,150.77872714151354,6356.939931969217
7,49081,2023-08-08T18:00,upper_activity_half,3.0,552.1143522262573,1.0,552.1143522262573,True,True,0.9623974700216889,1.0299994801518957,0,0,18,0.9846464101201138,recloser_disswitch(r:p1udt228-p1udt62)p1u_12237,176.82577592479984,6750.913633802118,True,0.9623974700216889,1.0299994801518957,0,0,18,0.9846464101201138,recloser_disswitch(r:p1udt228-p1udt62)p1u_12237,176.82577592479984,6750.913633802118
7,49081,2023-08-08T18:00,upper_activity_half,5.0,920.1905870437622,0.72491455078125,667.0595460399636,False,True,0.9420029785055979,1.0299994469533633,6,0,18,1.0856479807974653,l(r:p1udm822-p1ulv579),209.21803708450966,7151.362002170585,True,0.9561641880829823,1.0299994699055426,0,0,18,0.9999987609234585,recloser_disswitch(r:p1udt228-p1udt62)p1u_12237,186.23282787981142,6875.2827725868765
7,49081,2023-08-08T18:00,upper_activity_half,10.0,1840.3811740875244,0.3624267578125,667.0033820637036,False,True,0.884284352086761,1.0299993582960771,21,0,18,1.5977132615555654,l(r:p1udm822-p1ulv579),322.98411794454745,8185.256837133283,True,0.9561672141858567,1.0299994699104873,0,0,18,0.9999913846846143,recloser_disswitch(r:p1udt228-p1udt62)p1u_12237,186.22813671975427,6875.222878636569
7,49289,2023-08-17T10:00,upper_activity_half,1.0,186.71374398469925,1.0,186.71374398469925,True,True,0.9830575271010947,1.029999512041128,0,0,18,0.9385682120412743,recloser_disswitch(r:p1udt228-p1udt62)p1u_12237,150.7776022767187,6359.6452009367,True,0.9830575271010947,1.029999512041128,0,0,18,0.9385682120412743,recloser_disswitch(r:p1udt228-p1udt62)p1u_12237,150.7776022767187,6359.6452009367
7,49289,2023-08-17T10:00,upper_activity_half,3.0,560.1412319540977,1.0,560.1412319540977,True,True,0.9662512133853443,1.0299994796495846,0,0,18,0.9914210183006477,recloser_disswitch(r:p1udt228-p1udt62)p1u_12237,176.45364390326355,6758.382780039536,True,0.9662512133853443,1.0299994796495846,0,0,18,0.9914210183006477,recloser_disswitch(r:p1udt228-p1udt62)p1u_12237,176.45364390326355,6758.382780039536
7,49289,2023-08-17T10:00,upper_activity_half,5.0,933.5687199234962,0.663818359375,619.7200560234342,False,True,0.9478612730754695,1.0299994462003303,3,0,18,1.0455083751448073,recloser_disswitch(r:p1udt228-p1udt62)p1u_12237,207.97473512988768,7163.499753989177,True,0.9633796099555604,1.0299994743668068,0,0,18,0.9999984766746767,recloser_disswitch(r:p1udt228-p1udt62)p1u_12237,181.08992913708076,6822.800817448432
7,49289,2023-08-17T10:00,upper_activity_half,10.0,1867.1374398469925,0.3319091796875,619.7200560234342,False,True,0.8965777612678031,1.0299993574593524,21,0,18,1.6259522104057866,l(r:p1udm721-p1ulv530),316.53912367486913,8205.58333694081,True,0.9633795938285666,1.0299994743667678,0,0,18,0.9999985478106393,recloser_disswitch(r:p1udt228-p1udt62)p1u_12237,181.08995473133177,6822.801275993999
7,49408,2023-08-22T09:00,upper_activity_half,1.0,197.64600601792336,1.0,197.64600601792336,True,True,0.9834212779340378,1.029999511136392,0,0,18,0.9380098042110696,recloser_disswitch(r:p1udt228-p1udt62)p1u_12237,151.17000743159045,6370.949233654834,True,0.9834212779340378,1.029999511136392,0,0,18,0.9380098042110696,recloser_disswitch(r:p1udt228-p1udt62)p1u_12237,151.17000743159045,6370.949233654834
7,49408,2023-08-22T09:00,upper_activity_half,3.0,592.9380180537701,1.0,592.9380180537701,True,True,0.9660196606860427,1.0299994769025298,0,0,18,0.9897204382956594,recloser_disswitch(r:p1udt228-p1udt62)p1u_12237,177.6976644547192,6792.421055213897,True,0.9660196606860427,1.0299994769025298,0,0,18,0.9897204382956594,recloser_disswitch(r:p1udt228-p1udt62)p1u_12237,177.6976644547192,6792.421055213897
7,49408,2023-08-22T09:00,upper_activity_half,5.0,988.2300300896168,0.67816162109375,670.1796792190999,False,True,0.9474439447324623,1.029999441577932,3,0,18,1.1197217628900127,l(r:p1udm822-p1ulv579),210.1329255939694,7220.3201396979575,True,0.9624668502247059,1.0299994700691244,0,0,18,0.9999921781519181,recloser_disswitch(r:p1udt228-p1udt62)p1u_12237,183.56799563352834,6875.738067869543
7,49408,2023-08-22T09:00,upper_activity_half,10.0,1976.4600601792336,0.33905029296875,670.1193624448024,False,True,0.8955319580973327,1.029999348030567,21,0,18,1.7644040833473609,l(r:p1udm721-p1ulv530),321.0264638986318,8319.39980244675,True,0.9624696341519565,1.0299994700744617,0,0,18,0.9999841628641714,recloser_disswitch(r:p1udt228-p1udt62)p1u_12237,183.56333672900013,6875.673085201889
7,49409,2023-08-22T10:00,upper_activity_half,1.0,219.909832239151,1.0,219.909832239151,True,True,0.9831672911603353,1.0299995092738299,0,0,18,0.9411726506617694,recloser_disswitch(r:p1udt228-p1udt62)p1u_12237,152.227360461012,6394.27596148924,True,0.9831672911603353,1.0299995092738299,0,0,18,0.9411726506617694,recloser_disswitch(r:p1udt228-p1udt62)p1u_12237,152.227360461012,6394.27596148924
7,49409,2023-08-22T10:00,upper_activity_half,3.0,659.729496717453,1.0,659.729496717453,True,True,0.9672993016067519,1.0299994713214147,0,0,18,0.9991781520606932,recloser_disswitch(r:p1udt228-p1udt62)p1u_12237,180.8007910200629,6862.304524939082,True,0.9672993016067519,1.0299994713214147,0,0,18,0.9991781520606932,recloser_disswitch(r:p1udt228-p1udt62)p1u_12237,180.8007910200629,6862.304524939082
7,49409,2023-08-22T10:00,upper_activity_half,5.0,1099.549161195755,0.6053466796875,665.608433883026,False,True,0.9497344315840928,1.0299994322894277,2,0,18,1.157054005448639,l(r:p1udm822-p1ulv579),215.14218496456522,7336.64891479142,True,0.9670637120446823,1.029999470787063,0,0,18,0.9999949648306953,recloser_disswitch(r:p1udt228-p1udt62)p1u_12237,181.23414678967654,6868.8334197827935
7,49409,2023-08-22T10:00,upper_activity_half,10.0,2199.09832239151,0.30267333984375,665.608433883026,False,True,0.9011457316874425,1.0299993296352699,21,0,18,1.7451827686315493,l(r:p1udm822-p1ulv579),329.5565267795602,8550.5770126912,True,0.9670637260363109,1.0299994707871039,0,0,18,0.9999948967937808,recloser_disswitch(r:p1udt228-p1udt62)p1u_12237,181.23411478926928,6868.83293908649
7,49410,2023-08-22T11:00,upper_activity_half,1.0,204.56667828559875,1.0,204.56667828559875,True,True,0.9821972219448518,1.0299995105161035,0,0,18,0.9379531749303801,recloser_disswitch(r:p1udt228-p1udt62)p1u_12237,151.637332089816,6378.33493874441,True,0.9821972219448518,1.0299995105161035,0,0,18,0.9379531749303801,recloser_disswitch(r:p1udt228-p1udt62)p1u_12237,151.637332089816,6378.33493874441
7,49410,2023-08-22T11:00,upper_activity_half,3.0,613.7000348567963,1.0,613.7000348567963,True,True,0.9643275223547804,1.0299994750142776,0,0,18,0.989543353547606,recloser_disswitch(r:p1udt228-p1udt62)p1u_12237,179.22836551833916,6814.699150310227,True,0.9643275223547804,1.0299994750142776,0,0,18,0.989543353547606,recloser_disswitch(r:p1udt228-p1udt62)p1u_12237,179.22836551833916,6814.699150310227
7,49410,2023-08-22T11:00,upper_activity_half,5.0,1022.8333914279938,0.66802978515625,683.2831707262812,False,True,0.9454237373733619,1.0299994383802282,6,0,18,1.20803482076632,l(r:p1udm822-p1ulv579),212.91619154526643,7257.704241597543,True,0.9611806487165553,1.0299994688453882,0,0,18,0.9999996707197155,l(r:p1udm822-p1ulv579),184.52690920672273,6889.800469078079
7,49410,2023-08-22T11:00,upper_activity_half,10.0,2045.6667828559875,0.333984375,683.2207419304177,False,True,0.8925928964556258,1.0299993413791022,21,0,18,1.8499941852383084,l(r:p1udm822-p1ulv579),327.89637735635927,8395.47146430728,True,0.9611834390109542,1.0299994688508314,0,0,18,0.9999618603517492,l(r:p1udm822-p1ulv579),184.5221444582346,6889.734237293083
7,49458,2023-08-24T11:00,upper_activity_half,1.0,192.7057340145111,1.0,192.7057340145111,True,True,0.983098388085666,1.0299995115608254,0,0,18,0.9379454046498261,recloser_disswitch(r:p1udt228-p1udt62)p1u_12237,150.88866702418753,6365.744963409398,True,0.983098388085666,1.0299995115608254,0,0,18,0.9379454046498261,recloser_disswitch(r:p1udt228-p1udt62)p1u_12237,150.88866702418753,6365.744963409398
7,49458,2023-08-24T11:00,upper_activity_half,3.0,578.1172020435333,1.0,578.1172020435333,True,True,0.9675808291693916,1.0299994782222262,0,0,18,0.9894922134563866,recloser_disswitch(r:p1udt228-p1udt62)p1u_12237,176.62703324025563,6776.534712502138,True,0.9675808291693916,1.0299994782222262,0,0,18,0.9894922134563866,recloser_disswitch(r:p1udt228-p1udt62)p1u_12237,176.62703324025563,6776.534712502138
7,49458,2023-08-24T11:00,upper_activity_half,5.0,963.5286700725555,0.68023681640625,655.4276750463032,False,True,0.9502106963413832,1.0299994438545286,0,0,18,1.0655212460717933,l(r:p1udm822-p1ulv579),207.94264473366948,7193.4298344540575,True,0.9641639602591202,1.029999471394458,0,0,18,0.9999983201219104,recloser_disswitch(r:p1udt228-p1udt62)p1u_12237,182.45907711644657,6859.877146298635
7,49458,2023-08-24T11:00,upper_activity_half,10.0,1927.057340145111,0.340087890625,655.368865923374,False,True,0.9021420862267078,1.0299993530380243,21,0,18,1.556506870598962,l(r:p1udm822-p1ulv579),314.19852229826523,8263.17784086571,True,0.9641665365581064,1.0299994713995726,0,0,18,0.9999904764968417,recloser_disswitch(r:p1udt228-p1udt62)p1u_12237,182.4546283975983,6859.814768333774
7,49459,2023-08-24T12:00,upper_activity_half,1.0,189.81134700775146,1.0,189.81134700775146,True,True,0.98345010199112,1.0299995117521226,0,0,18,0.9371713728358104,recloser_disswitch(r:p1udt228-p1udt62)p1u_12237,150.95467044992057,6362.9048397208035,True,0.98345010199112,1.0299995117521226,0,0,18,0.9371713728358104,recloser_disswitch(r:p1udt228-p1udt62)p1u_12237,150.95467044992057,6362.9048397208035
7,49459,2023-08-24T12:00,upper_activity_half,3.0,569.4340410232544,1.0,569.4340410232544,True,True,0.9694182657879172,1.0299994788105007,0,0,18,0.9871452914389891,recloser_disswitch(r:p1udt228-p1udt62)p1u_12237,176.71522208363092,6767.941879391266,True,0.9694182657879172,1.0299994788105007,0,0,18,0.9871452914389891,recloser_disswitch(r:p1udt228-p1udt62)p1u_12237,176.71522208363092,6767.941879391266
7,49459,2023-08-24T12:00,upper_activity_half,5.0,949.0567350387573,0.70123291015625,665.5098162146169,False,True,0.9534362061207211,1.0299994448730792,0,0,18,1.0899556506959622,l(r:p1udm822-p1ulv579),207.85390660438253,7178.871629034955,True,0.965441686160941,1.0299994702999686,0,0,18,0.9999926429322474,recloser_disswitch(r:p1udt228-p1udt62)p1u_12237,184.08368720738218,6871.583897725659
7,49459,2023-08-24T12:00,upper_activity_half,10.0,1898.1134700775146,0.3505859375,665.4518903885037,False,True,0.9096239371627317,1.0299993553729427,27,0,18,1.6065376274096748,l(r:p1udm822-p1ulv579),312.20625806714537,8232.257858699686,True,0.9654440663979115,1.0299994703050264,0,0,18,0.9999850448093435,recloser_disswitch(r:p1udt228-p1udt62)p1u_12237,184.07920481177,6871.52238221913
7,49553,2023-08-28T10:00,upper_activity_half,1.0,197.9076976776123,1.0,197.9076976776123,True,True,0.9832214757928455,1.0299995110248314,0,0,18,0.935491270891096,recloser_disswitch(r:p1udt228-p1udt62)p1u_12237,151.56171038928275,6371.616452181671,True,0.9832214757928455,1.0299995110248314,0,0,18,0.935491270891096,recloser_disswitch(r:p1udt228-p1udt62)p1u_12237,151.56171038928275,6371.616452181671
7,49553,2023-08-28T10:00,upper_activity_half,3.0,593.7230930328369,1.0,593.7230930328369,True,True,0.9675488690656459,1.0299994764937956,0,0,18,0.9821739886344991,recloser_disswitch(r:p1udt228-p1udt62)p1u_12237,179.2844363168644,6794.7745807865285,True,0.9675488690656459,1.0299994764937956,0,0,18,0.9821739886344991,recloser_disswitch(r:p1udt228-p1udt62)p1u_12237,179.2844363168644,6794.7745807865285
7,49553,2023-08-28T10:00,upper_activity_half,5.0,989.5384883880615,0.6629638671875,656.0282629926223,False,True,0.9510785144008989,1.029999440756148,0,0,18,1.2130889786296652,l(r:p1udm822-p1ulv579),213.50715349211973,7224.999967143116,True,0.9650048083615809,1.0299994709295932,0,0,18,0.9999784083919282,l(r:p1udm822-p1ulv579),184.24028863315237,6862.2594289465305
7,49553,2023-08-28T10:00,upper_activity_half,10.0,1979.076976776123,0.33148193359375,656.0282629926223,False,True,0.905745163839016,1.0299993456476748,27,0,18,1.8623278415043023,l(r:p1udm822-p1ulv579),331.73264260728706,8332.722768318446,True,0.965004823674824,1.0299994709296378,0,0,18,0.9999782843222284,l(r:p1udm822-p1ulv579),184.24026448229316,6862.2589098623475
7,49846,2023-09-09T15:00,lower_activity_half,1.0,30.41227789223194,1.0,30.41227789223194,True,True,0.9887153646154185,1.0299995253503762,0,0,18,0.9166455171178689,recloser_disswitch(r:p1udt228-p1udt62)p1u_12237,141.4889470333843,6194.060464168377,True,0.9887153646154185,1.0299995253503762,0,0,18,0.9166455171178689,recloser_disswitch(r:p1udt228-p1udt62)p1u_12237,141.4889470333843,6194.060464168377
7,49846,2023-09-09T15:00,lower_activity_half,3.0,91.23683367669582,1.0,91.23683367669582,True,True,0.9875543739813234,1.0299995202688021,0,0,18,0.924868964783119,recloser_disswitch(r:p1udt228-p1udt62)p1u_12237,144.61877871826798,6257.601292111603,True,0.9875543739813234,1.0299995202688021,0,0,18,0.924868964783119,recloser_disswitch(r:p1udt228-p1udt62)p1u_12237,144.61877871826798,6257.601292111603
7,49846,2023-09-09T15:00,lower_activity_half,5.0,152.0613894611597,1.0,152.0613894611597,True,True,0.9863815156315826,1.0299995151357277,0,0,18,0.933172305859325,recloser_disswitch(r:p1udt228-p1udt62)p1u_12237,147.86550821275662,6321.658587622532,True,0.9863815156315826,1.0299995151357277,0,0,18,0.933172305859325,recloser_disswitch(r:p1udt228-p1udt62)p1u_12237,147.86550821275662,6321.658587622532
7,49846,2023-09-09T15:00,lower_activity_half,10.0,304.1227789223194,1.0,304.1227789223194,True,True,0.9830916621504138,1.029999502199822,0,0,18,0.9540531769521412,recloser_disswitch(r:p1udt228-p1udt62)p1u_12237,156.43118208498245,6482.497865846338,True,0.9830916621504138,1.029999502199822,0,0,18,0.9540531769521412,recloser_disswitch(r:p1udt228-p1udt62)p1u_12237,156.43118208498245,6482.497865846338
7,50168,2023-09-23T01:00,lower_activity_half,1.0,8.444974184036255,1.0,8.444974184036255,True,True,0.9892627830490041,1.0299995271946765,0,0,18,0.9133838518912807,recloser_disswitch(r:p1udt228-p1udt62)p1u_12237,140.4291748061816,6170.9289561613505,True,0.9892627830490041,1.0299995271946765,0,0,18,0.9133838518912807,recloser_disswitch(r:p1udt228-p1udt62)p1u_12237,140.4291748061816,6170.9289561613505
7,50168,2023-09-23T01:00,lower_activity_half,3.0,25.334922552108765,1.0,25.334922552108765,True,True,0.9875089994516999,1.0299995257705503,0,0,18,0.9151486019462106,recloser_disswitch(r:p1udt228-p1udt62)p1u_12237,141.42069210152405,6188.665786572181,True,0.9875089994516999,1.0299995257705503,0,0,18,0.9151486019462106,recloser_disswitch(r:p1udt228-p1udt62)p1u_12237,141.42069210152405,6188.665786572181
7,50168,2023-09-23T01:00,lower_activity_half,5.0,42.224870920181274,1.0,42.224870920181274,True,True,0.9852966187728767,1.029999524327764,0,0,18,0.916942650977583,recloser_disswitch(r:p1udt228-p1udt62)p1u_12237,142.46212582031373,6206.591474425579,True,0.9852966187728767,1.029999524327764,0,0,18,0.916942650977583,recloser_disswitch(r:p1udt228-p1udt62)p1u_12237,142.46212582031373,6206.591474425579
7,50168,2023-09-23T01:00,lower_activity_half,10.0,84.44974184036255,1.0,84.44974184036255,True,True,0.9796933222580142,1.0299995206815225,0,0,18,0.9214771105284741,recloser_disswitch(r:p1udt228-p1udt62)p1u_12237,145.2642202119562,6251.687820049914,True,0.9796933222580142,1.0299995206815225,0,0,18,0.9214771105284741,recloser_disswitch(r:p1udt228-p1udt62)p1u_12237,145.2642202119562,6251.687820049914
7,51647,2023-11-23T16:00,lower_activity_half,1.0,17.233353793621063,1.0,17.233353793621063,True,True,0.987684221229022,1.0299995264405688,0,0,18,0.9153868448899382,recloser_disswitch(r:p1udt228-p1udt62)p1u_12237,141.05639492473085,6180.298943329915,True,0.987684221229022,1.0299995264405688,0,0,18,0.9153868448899382,recloser_disswitch(r:p1udt228-p1udt62)p1u_12237,141.05639492473085,6180.298943329915
7,51647,2023-11-23T16:00,lower_activity_half,3.0,51.70006138086319,1.0,51.70006138086319,True,True,0.9813676648780768,1.02999952345686,0,0,18,0.9212324730519941,recloser_disswitch(r:p1udt228-p1udt62)p1u_12237,143.52681632325803,6217.202562832494,True,0.9813676648780768,1.02999952345686,0,0,18,0.9212324730519941,recloser_disswitch(r:p1udt228-p1udt62)p1u_12237,143.52681632325803,6217.202562832494
7,51647,2023-11-23T16:00,lower_activity_half,5.0,86.16676896810532,1.0,86.16676896810532,True,True,0.974922562271944,1.0299995204155687,0,0,18,0.9271517928373751,recloser_disswitch(r:p1udt228-p1udt62)p1u_12237,146.33964659985483,6254.477502319768,True,0.974922562271944,1.0299995204155687,0,0,18,0.9271517928373751,recloser_disswitch(r:p1udt228-p1udt62)p1u_12237,146.33964659985483,6254.477502319768
7,51647,2023-11-23T16:00,lower_activity_half,10.0,172.33353793621063,1.0,172.33353793621063,True,True,0.95820528757174,1.0299995125529071,0,0,18,0.9422771901605839,recloser_disswitch(r:p1udt228-p1udt62)p1u_12237,154.96324153975166,6349.279006176053,True,0.95820528757174,1.0299995125529071,0,0,18,0.9422771901605839,recloser_disswitch(r:p1udt228-p1udt62)p1u_12237,154.96324153975166,6349.279006176053
8,44103,2023-01-13T08:00,lower_activity_half,1.0,79.95436143875122,1.0,79.95436143875122,True,True,0.9854300181223629,1.029999521190308,0,0,18,0.9244224408046314,recloser_disswitch(r:p1udt228-p1udt62)p1u_12237,144.26488493198002,6246.241662172405,True,0.9854300181223629,1.029999521190308,0,0,18,0.9244224408046314,recloser_disswitch(r:p1udt228-p1udt62)p1u_12237,144.26488493198002,6246.241662172405
8,44103,2023-01-13T08:00,lower_activity_half,3.0,239.86308431625366,1.0,239.86308431625366,True,True,0.9744422003060429,1.029999507554977,0,0,18,0.9485111485173359,recloser_disswitch(r:p1udt228-p1udt62)p1u_12237,154.05601727918287,6415.8456699901935,True,0.9744422003060429,1.029999507554977,0,0,18,0.9485111485173359,recloser_disswitch(r:p1udt228-p1udt62)p1u_12237,154.05601727918287,6415.8456699901935
8,44103,2023-01-13T08:00,lower_activity_half,5.0,399.7718071937561,1.0,399.7718071937561,True,True,0.9621613108042816,1.0299994936336452,0,0,18,0.9729450536937251,recloser_disswitch(r:p1udt228-p1udt62)p1u_12237,165.48273841875553,6587.151802011251,True,0.9621613108042816,1.0299994936336452,0,0,18,0.9729450536937251,recloser_disswitch(r:p1udt228-p1udt62)p1u_12237,165.48273841875553,6587.151802011251
8,44103,2023-01-13T08:00,lower_activity_half,10.0,799.5436143875122,0.6903076171875,551.9310472853249,False,True,0.9291484954841027,1.029999457441054,12,0,18,1.250749234171249,l(r:p1udm721-p1ulv530),202.08318370333583,7023.540876997894,True,0.9500028287753783,1.0299994800947188,0,0,18,0.9965517068907477,recloser_disswitch(r:p1udt228-p1udt62)p1u_12237,177.9959251658333,6751.917823851748
8,44752,2023-02-09T09:00,lower_activity_half,1.0,125.63688196241856,1.0,125.63688196241856,True,True,0.984742210099806,1.0299995173588843,0,0,18,0.9313825616675661,recloser_disswitch(r:p1udt228-p1udt62)p1u_12237,146.6434434037747,6294.399450455561,True,0.984742210099806,1.0299995173588843,0,0,18,0.9313825616675661,recloser_disswitch(r:p1udt228-p1udt62)p1u_12237,146.6434434037747,6294.399450455561
8,44752,2023-02-09T09:00,lower_activity_half,3.0,376.91064588725567,1.0,376.91064588725567,True,True,0.9754281343497494,1.0299994960495393,0,0,18,0.9693804753294645,recloser_disswitch(r:p1udt228-p1udt62)p1u_12237,161.37270782150617,6560.182198751922,True,0.9754281343497494,1.0299994960495393,0,0,18,0.9693804753294645,recloser_disswitch(r:p1udt228-p1udt62)p1u_12237,161.37270782150617,6560.182198751922
8,44752,2023-02-09T09:00,lower_activity_half,5.0,628.1844098120928,0.9189453125,577.2671187824017,False,True,0.9658074265568245,1.0299994743958698,0,0,18,1.0077904720318422,recloser_disswitch(r:p1udt228-p1udt62)p1u_12237,177.98967497861895,6828.039476671982,True,0.9677778270199636,1.0299994788002493,0,0,18,0.9999943365204549,recloser_disswitch(r:p1udt228-p1udt62)p1u_12237,174.47341178819244,6773.731161376447
8,44752,2023-02-09T09:00,lower_activity_half,10.0,1256.3688196241856,0.45947265625,577.2671187824017,False,True,0.9380671533626542,1.0299994186886117,12,0,18,1.2648268842914616,l(r:p1udt175lv-p1ulv493),228.45369022742582,7506.7329762160225,True,0.9677778177086891,1.0299994788002276,0,0,18,0.99999437506053,recloser_disswitch(r:p1udt228-p1udt62)p1u_12237,174.4734361540689,6773.7314181719075
8,46073,2023-04-05T10:00,upper_activity_half,1.0,190.9374189376831,1.0,190.9374189376831,True,True,0.9848328002406269,1.0299995118919292,0,0,18,0.9426108056940252,recloser_disswitch(r:p1udt228-p1udt62)p1u_12237,150.11189823507434,6363.14750992886,True,0.9848328002406269,1.0299995118919292,0,0,18,0.9426108056940252,recloser_disswitch(r:p1udt228-p1udt62)p1u_12237,150.11189823507434,6363.14750992886
8,46073,2023-04-05T10:00,upper_activity_half,3.0,572.8122568130493,0.963134765625,551.6953987127636,False,True,0.9733186710965178,1.029999479423603,0,0,18,1.0033539217835328,recloser_disswitch(r:p1udt228-p1udt62)p1u_12237,173.18533650131798,6767.838285732519,True,0.9740231574967846,1.0299994812234603,0,0,18,0.9999965480883174,recloser_disswitch(r:p1udt228-p1udt62)p1u_12237,171.81836726831799,6745.504345781147
8,46073,2023-04-05T10:00,upper_activity_half,5.0,954.6870946884155,0.577880859375,551.6953987127636,False,True,0.9602566103233467,1.029999446292997,0,0,18,1.064918604464577,recloser_disswitch(r:p1udt228-p1udt62)p1u_12237,200.1396835246421,7176.5879163368045,True,0.9740231544025829,1.0299994812234488,0,0,18,0.9999965702177425,recloser_disswitch(r:p1udt228-p1udt62)p1u_12237,171.8183622217736,6745.504483855288
8,46073,2023-04-05T10:00,upper_activity_half,10.0,1909.374189376831,0.2889404296875,551.6953987127636,False,True,0.9251344511970756,1.0299993602856614,27,0,18,1.222794989623554,recloser_disswitch(r:p1udt228-p1udt62)p1u_12237,286.33167990413745,8217.67017745364,True,0.9740231468109551,1.0299994812234206,0,0,18,0.9999966227700952,recloser_disswitch(r:p1udt228-p1udt62)p1u_12237,171.81839294321836,6745.504819747013
8,46294,2023-04-14T15:00,lower_activity_half,1.0,91.37446284294128,1.0,91.37446284294128,True,True,0.9866735675957593,1.0299995202714545,0,0,18,0.9276405088371346,recloser_disswitch(r:p1udt228-p1udt62)p1u_12237,144.608894923646,6258.085458773865,True,0.9866735675957593,1.0299995202714545,0,0,18,0.9276405088371346,recloser_disswitch(r:p1udt228-p1udt62)p1u_12237,144.608894923646,6258.085458773865
8,46294,2023-04-14T15:00,lower_activity_half,3.0,274.12338852882385,1.0,274.12338852882385,True,True,0.9795921487337137,1.0299995048910129,0,0,18,0.9580461976588547,recloser_disswitch(r:p1udt228-p1udt62)p1u_12237,154.64867217099382,6450.707282676516,True,0.9795921487337137,1.0299995048910129,0,0,18,0.9580461976588547,recloser_disswitch(r:p1udt228-p1udt62)p1u_12237,154.64867217099382,6450.707282676516
8,46294,2023-04-14T15:00,lower_activity_half,5.0,456.8723142147064,1.0,456.8723142147064,True,True,0.9710351081891784,1.029999489325357,0,0,18,0.9886866030000946,recloser_disswitch(r:p1udt228-p1udt62)p1u_12237,165.69876953427735,6644.491506433898,True,0.9710351081891784,1.029999489325357,0,0,18,0.9886866030000946,recloser_disswitch(r:p1udt228-p1udt62)p1u_12237,165.69876953427735,6644.491506433898
8,46294,2023-04-14T15:00,lower_activity_half,10.0,913.7446284294128,0.5733642578125,523.9085107095889,False,True,0.9485868667243308,1.0299994495968428,3,0,18,1.2166735302618537,l(r:p1udt175lv-p1ulv493),198.0205507139701,7133.7256835700055,True,0.9678359014480032,1.0299994835639792,0,0,18,0.9999933450480416,recloser_disswitch(r:p1udt228-p1udt62)p1u_12237,170.01675622506474,6715.9159743636465
8,46385,2023-04-18T10:00,upper_activity_half,1.0,188.02274084091187,1.0,188.02274084091187,True,True,0.9814038713747079,1.029999511959413,0,0,18,0.9419423743697465,recloser_disswitch(r:p1udt228-p1udt62)p1u_12237,150.85503153911296,6360.954700540734,True,0.9814038713747079,1.029999511959413,0,0,18,0.9419423743697465,recloser_disswitch(r:p1udt228-p1udt62)p1u_12237,150.85503153911296,6360.954700540734
8,46385,2023-04-18T10:00,upper_activity_half,3.0,564.0682225227356,0.88250732421875,497.79433773536584,False,True,0.9649705113086448,1.029999479383466,0,0,18,1.0417738813485367,l(r:p1udt175lv-p1ulv493),176.55695993837162,6762.59839379162,True,0.9679330507147618,1.0299994851937622,0,0,18,0.9999998221199439,l(r:p1udt175lv-p1ulv493),171.63606724197183,6691.420789248254
8,46385,2023-04-18T10:00,upper_activity_half,5.0,940.1137042045593,0.52947998046875,497.7713857406343,False,True,0.947569073819405,1.0299994458129915,6,0,18,1.2808449235579324,l(r:p1udt175lv-p1ulv493),207.85662258221578,7169.917219579033,True,0.9679340718754058,1.0299994851957697,0,0,18,0.9999853712447913,l(r:p1udt175lv-p1ulv493),171.63439025703266,6691.39616147002
8,46385,2023-04-18T10:00,upper_activity_half,10.0,1880.2274084091187,0.26470947265625,497.7140057538054,False,True,0.8963726799146694,1.0299993568182475,21,0,18,1.8948818016523719,l(r:p1udt175lv-p1ulv493),314.81328513991855,8216.92345719238,True,0.9679366244015865,1.0299994852007879,0,0,18,0.9999492464336387,l(r:p1udt175lv-p1ulv493),171.63018794051925,6691.334602447642
8,46413,2023-04-19T14:00,lower_activity_half,1.0,57.698155641555786,1.0,57.698155641555786,True,True,0.9872049092904986,1.0299995230749983,0,0,18,0.9220795010133668,recloser_disswitch(r:p1udt228-p1udt62)p1u_12237,142.99794617079658,6222.809136955362,True,0.9872049092904986,1.0299995230749983,0,0,18,0.9220795010133668,recloser_disswitch(r:p1udt228-p1udt62)p1u_12237,142.99794617079658,6222.809136955362
8,46413,2023-04-19T14:00,lower_activity_half,3.0,173.09446692466736,1.0,173.09446692466736,True,True,0.9829300756448371,1.029999513361654,0,0,18,0.9412894976134706,recloser_disswitch(r:p1udt228-p1udt62)p1u_12237,149.47502075125988,6344.525791989829,True,0.9829300756448371,1.029999513361654,0,0,18,0.9412894976134706,recloser_disswitch(r:p1udt228-p1udt62)p1u_12237,149.47502075125988,6344.525791989829
8,46413,2023-04-19T14:00,lower_activity_half,5.0,288.49077820777893,1.0,288.49077820777893,True,True,0.976726741706021,1.0299995035457539,0,0,18,0.960633180555892,recloser_disswitch(r:p1udt228-p1udt62)p1u_12237,156.4879478117991,6466.927948615093,True,0.976726741706021,1.0299995035457539,0,0,18,0.960633180555892,recloser_disswitch(r:p1udt228-p1udt62)p1u_12237,156.4879478117991,6466.927948615093
8,46413,2023-04-19T14:00,lower_activity_half,10.0,576.9815564155579,0.90325927734375,521.1639436885889,False,True,0.9606904025751023,1.0299994786015243,0,0,18,1.0094846029566713,recloser_disswitch(r:p1udt228-p1udt62)p1u_12237,176.44072975469737,6775.252787652855,True,0.9638484086819521,1.0299994834627337,0,0,18,0.9999966221074206,recloser_disswitch(r:p1udt228-p1udt62)p1u_12237,172.30949146046353,6715.463828551812
8,46948,2023-05-11T21:00,lower_activity_half,1.0,43.385165214538574,1.0,43.385165214538574,True,True,0.9883212273407435,1.0299995242689735,0,0,18,0.9186217402974013,recloser_disswitch(r:p1udt228-p1udt62)p1u_12237,142.23961304217934,6207.731121441898,True,0.9883212273407435,1.0299995242689735,0,0,18,0.9186217402974013,recloser_disswitch(r:p1udt228-p1udt62)p1u_12237,142.23961304217934,6207.731121441898
8,46948,2023-05-11T21:00,lower_activity_half,3.0,130.15549564361572,1.0,130.15549564361572,True,True,0.9863644124769075,1.0299995169781968,0,0,18,0.9308721635135931,recloser_disswitch(r:p1udt228-p1udt62)p1u_12237,146.97981947457225,6299.1032015035935,True,0.9863644124769075,1.0299995169781968,0,0,18,0.9308721635135931,recloser_disswitch(r:p1udt228-p1udt62)p1u_12237,146.97981947457225,6299.1032015035935
8,46948,2023-05-11T21:00,lower_activity_half,5.0,216.92582607269287,1.0,216.92582607269287,True,True,0.9843933675547051,1.0299995096377577,0,0,18,0.9431862054158884,recloser_disswitch(r:p1udt228-p1udt62)p1u_12237,151.94834891175162,6390.839570037116,True,0.9843933675547051,1.0299995096377577,0,0,18,0.9431862054158884,recloser_disswitch(r:p1udt228-p1udt62)p1u_12237,151.94834891175162,6390.839570037116
8,46948,2023-05-11T21:00,lower_activity_half,10.0,433.85165214538574,1.0,433.85165214538574,True,True,0.9789052188913582,1.0299994911194157,0,0,18,0.9741542190348174,recloser_disswitch(r:p1udt228-p1udt62)p1u_12237,165.35695791311502,6621.119417847242,True,0.9789052188913582,1.0299994911194157,0,0,18,0.9741542190348174,recloser_disswitch(r:p1udt228-p1udt62)p1u_12237,165.35695791311502,6621.119417847242
8,47304,2023-05-26T17:00,lower_activity_half,1.0,83.14106774330139,1.0,83.14106774330139,True,True,0.9889441665866932,1.0299995210356665,0,0,18,0.9240399881012336,recloser_disswitch(r:p1udt228-p1udt62)p1u_12237,143.79006762230316,6249.009068303449,True,0.9889441665866932,1.0299995210356665,0,0,18,0.9240399881012336,recloser_disswitch(r:p1udt228-p1udt62)p1u_12237,143.79006762230316,6249.009068303449
8,47304,2023-05-26T17:00,lower_activity_half,3.0,249.42320322990417,1.0,249.42320322990417,True,True,0.986126808676923,1.0299995072461563,0,0,18,0.9471646288143208,recloser_disswitch(r:p1udt228-p1udt62)p1u_12237,151.7991124552876,6423.1757003435105,True,0.986126808676923,1.0299995072461563,0,0,18,0.9471646288143208,recloser_disswitch(r:p1udt228-p1udt62)p1u_12237,151.7991124552876,6423.1757003435105
8,47304,2023-05-26T17:00,lower_activity_half,5.0,415.70533871650696,1.0,415.70533871650696,True,True,0.9817060226200819,1.0299994933723733,0,0,18,0.9703863424791166,recloser_disswitch(r:p1udt228-p1udt62)p1u_12237,160.2596083342488,6597.913248718594,True,0.9817060226200819,1.0299994933723733,0,0,18,0.9703863424791166,recloser_disswitch(r:p1udt228-p1udt62)p1u_12237,160.2596083342488,6597.913248718594
8,47304,2023-05-26T17:00,lower_activity_half,10.0,831.4106774330139,0.75396728515625,626.8564513140882,False,True,0.9704186090646065,1.029999458361223,0,0,18,1.0287828712687637,recloser_disswitch(r:p1udt228-p1udt62)p1u_12237,183.41238732215825,7036.671017444272,True,0.9760140543241571,1.0299994756413016,0,0,18,0.9999977833010179,recloser_disswitch(r:p1udt228-p1udt62)p1u_12237,171.6615559692411,6820.508394674881
8,47458,2023-06-02T03:00,lower_activity_half,1.0,11.082432746887207,1.0,11.082432746887207,True,True,0.9892512770647034,1.0299995269770947,0,0,18,0.9143405736679406,recloser_disswitch(r:p1udt228-p1udt62)p1u_12237,140.5264279481853,6173.715146367299,True,0.9892512770647034,1.0299995269770947,0,0,18,0.9143405736679406,recloser_disswitch(r:p1udt228-p1udt62)p1u_12237,140.5264279481853,6173.715146367299
8,47458,2023-06-02T03:00,lower_activity_half,3.0,33.24729824066162,1.0,33.24729824066162,True,True,0.9891614032111742,1.029999525125887,0,0,18,0.9179993389111996,recloser_disswitch(r:p1udt228-p1udt62)p1u_12237,141.73024268789885,6196.8749238751325,True,0.9891614032111742,1.029999525125887,0,0,18,0.9179993389111996,recloser_disswitch(r:p1udt228-p1udt62)p1u_12237,141.73024268789885,6196.8749238751325
8,47458,2023-06-02T03:00,lower_activity_half,5.0,55.412163734436035,1.0,55.412163734436035,True,True,0.9890689999291317,1.0299995232435588,0,0,18,0.9217056881632664,recloser_disswitch(r:p1udt228-p1udt62)p1u_12237,143.02065757189493,6220.319947767278,True,0.9890689999291317,1.0299995232435588,0,0,18,0.9217056881632664,recloser_disswitch(r:p1udt228-p1udt62)p1u_12237,143.02065757189493,6220.319947767278
8,47458,2023-06-02T03:00,lower_activity_half,10.0,110.82432746887207,1.0,110.82432746887207,True,True,0.9863122112271939,1.0299995184624227,0,0,18,0.9310647429583018,recloser_disswitch(r:p1udt228-p1udt62)p1u_12237,146.59867496383947,6279.392931964393,True,0.9863122112271939,1.0299995184624227,0,0,18,0.9310647429583018,recloser_disswitch(r:p1udt228-p1udt62)p1u_12237,146.59867496383947,6279.392931964393
8,47868,2023-06-19T05:00,lower_activity_half,1.0,3.571868658065796,1.0,3.571868658065796,True,True,0.9891929994184655,1.0299995276084342,0,0,18,0.9130861733386955,recloser_disswitch(r:p1udt228-p1udt62)p1u_12237,140.15884813834768,6165.743480422931,True,0.9891929994184655,1.0299995276084342,0,0,18,0.9130861733386955,recloser_disswitch(r:p1udt228-p1udt62)p1u_12237,140.15884813834768,6165.743480422931
8,47868,2023-06-19T05:00,lower_activity_half,3.0,10.715605974197388,1.0,10.715605974197388,True,True,0.9889843621208607,1.0299995270023745,0,0,18,0.9142761033832517,recloser_disswitch(r:p1udt228-p1udt62)p1u_12237,140.58855181297304,6173.2595647829785,True,0.9889843621208607,1.0299995270023745,0,0,18,0.9142761033832517,recloser_disswitch(r:p1udt228-p1udt62)p1u_12237,140.58855181297304,6173.2595647829785
8,47868,2023-06-19T05:00,lower_activity_half,5.0,17.85934329032898,1.0,17.85934329032898,True,True,0.9887748133890669,1.0299995263908341,0,0,18,0.9154757826287279,recloser_disswitch(r:p1udt228-p1udt62)p1u_12237,141.02501164694914,6180.838973752234,True,0.9887748133890669,1.0299995263908341,0,0,18,0.9154757826287279,recloser_disswitch(r:p1udt228-p1udt62)p1u_12237,141.02501164694914,6180.838973752234
8,47868,2023-06-19T05:00,lower_activity_half,10.0,35.71868658065796,1.0,35.71868658065796,True,True,0.9882505314442782,1.0299995248630185,0,0,18,0.9184703219008977,recloser_disswitch(r:p1udt228-p1udt62)p1u_12237,142.13160013857697,6199.747880676784,True,0.9882505314442782,1.0299995248630185,0,0,18,0.9184703219008977,recloser_disswitch(r:p1udt228-p1udt62)p1u_12237,142.13160013857697,6199.747880676784
8,48214,2023-07-03T15:00,lower_activity_half,1.0,73.25083684921265,1.0,73.25083684921265,True,True,0.9868413123652097,1.0299995217482167,0,0,18,0.9246678367094365,recloser_disswitch(r:p1udt228-p1udt62)p1u_12237,144.00238048604274,6239.104052724017,True,0.9868413123652097,1.0299995217482167,0,0,18,0.9246678367094365,recloser_disswitch(r:p1udt228-p1udt62)p1u_12237,144.00238048604274,6239.104052724017
8,48214,2023-07-03T15:00,lower_activity_half,3.0,219.75251054763794,1.0,219.75251054763794,True,True,0.9818569517177234,1.029999509291301,0,0,18,0.9492044758520345,recloser_disswitch(r:p1udt228-p1udt62)p1u_12237,152.65257517396458,6394.347134984229,True,0.9818569517177234,1.029999509291301,0,0,18,0.9492044758520345,recloser_disswitch(r:p1udt228-p1udt62)p1u_12237,152.65257517396458,6394.347134984229
8,48214,2023-07-03T15:00,lower_activity_half,5.0,366.25418424606323,1.0,366.25418424606323,True,True,0.9767865286764891,1.0299994967179067,0,0,18,0.9987708823982354,l(r:p1udt175lv-p1ulv493),161.99875659766676,6550.184462662308,True,0.9767865286764891,1.0299994967179067,0,0,18,0.9987708823982354,l(r:p1udt175lv-p1ulv493),161.99875659766676,6550.184462662308
8,48214,2023-07-03T15:00,lower_activity_half,10.0,732.5083684921265,0.50189208984375,367.64015589054907,False,True,0.9627348961438309,1.029999464728023,0,0,18,1.3133403423272174,l(r:p1udt175lv-p1ulv493),188.55094609148992,6942.820197513939,True,0.97673668881217,1.0299994965931725,0,0,18,0.9999712628728197,l(r:p1udt175lv-p1ulv493),162.09384837125828,6551.7243872958525
8,48449,2023-07-13T10:00,upper_activity_half,1.0,185.93796157836914,1.0,185.93796157836914,True,True,0.9848310335414787,1.0299995123023384,0,0,18,0.9414864344612911,recloser_disswitch(r:p1udt228-p1udt62)p1u_12237,149.7790070971756,6357.768451619161,True,0.9848310335414787,1.0299995123023384,0,0,18,0.9414864344612911,recloser_disswitch(r:p1udt228-p1udt62)p1u_12237,149.7790070971756,6357.768451619161
8,48449,2023-07-13T10:00,upper_activity_half,3.0,557.8138847351074,1.0,557.8138847351074,True,True,0.9748505155067941,1.029999480727798,0,0,18,0.9998842067461924,recloser_disswitch(r:p1udt228-p1udt62)p1u_12237,171.58512692972226,6751.251372438843,True,0.9748505155067941,1.029999480727798,0,0,18,0.9998842067461924,recloser_disswitch(r:p1udt228-p1udt62)p1u_12237,171.58512692972226,6751.251372438843
8,48449,2023-07-13T10:00,upper_activity_half,5.0,929.6898078918457,0.6005859375,558.358624856919,False,True,0.9629188778054595,1.0299994486194308,0,0,18,1.2016455298266076,l(r:p1udt175lv-p1ulv493),196.38293885987184,7147.872315537191,True,0.9748301761317988,1.029999480668891,0,0,18,0.9999923695617919,recloser_disswitch(r:p1udt228-p1udt62)p1u_12237,171.62704965467316,6751.976367830644
8,48449,2023-07-13T10:00,upper_activity_half,10.0,1859.3796157836914,0.30029296875,558.358624856919,False,True,0.9311268645612947,1.0299993658616045,15,0,18,1.7307759489546897,l(r:p1udt175lv-p1ulv493),272.52140510769533,8153.732698427828,True,0.9748301689644944,1.029999480668864,0,0,18,0.9999924168603567,recloser_disswitch(r:p1udt228-p1udt62)p1u_12237,171.62706779989273,6751.976690665931
8,48450,2023-07-13T11:00,upper_activity_half,1.0,197.65360134840012,1.0,197.65360134840012,True,True,0.9840617854187684,1.0299995112993077,0,0,18,0.943466797913255,recloser_disswitch(r:p1udt228-p1udt62)p1u_12237,150.57134452525,6370.312997320711,True,0.9840617854187684,1.0299995112993077,0,0,18,0.943466797913255,recloser_disswitch(r:p1udt228-p1udt62)p1u_12237,150.57134452525,6370.312997320711
8,48450,2023-07-13T11:00,upper_activity_half,3.0,592.9608040452003,0.9368896484375,555.5388392391251,False,True,0.9716762800819853,1.029999477639235,0,0,18,1.0059202974610417,recloser_disswitch(r:p1udt228-p1udt62)p1u_12237,174.5266745985697,6789.318789267957,True,0.9729919814211532,1.0299994808409676,0,0,18,0.9999969780441893,recloser_disswitch(r:p1udt228-p1udt62)p1u_12237,172.10707125507673,6749.636491644193
8,48450,2023-07-13T11:00,upper_activity_half,5.0,988.2680067420006,0.5621337890625,555.5388392391251,False,True,0.9574092775152211,1.0299994432903392,0,0,18,1.0759278913877777,l(r:p1udt175lv-p1ulv493),202.3186543512202,7212.55516770569,True,0.9729919778630248,1.0299994808409558,0,0,18,0.9999969956209017,recloser_disswitch(r:p1udt228-p1udt62)p1u_12237,172.1070710452258,6749.6366327372525
8,48450,2023-07-13T11:00,upper_activity_half,10.0,1976.5360134840012,0.28106689453125,555.5388392391251,False,True,0.9188472685675234,1.0299993542866765,19,0,18,1.4731710018807176,l(r:p1udt175lv-p1ulv493),290.2206692790953,8288.717358630543,True,0.9729919866720004,1.0299994808409851,0,0,18,0.9999969430676744,recloser_disswitch(r:p1udt228-p1udt62)p1u_12237,172.10704775002114,6749.636285085482
8,49081,2023-08-08T18:00,upper_activity_half,1.0,184.03811740875244,1.0,184.03811740875244,True,True,0.9835622122448773,1.029999512403764,0,0,18,0.9431567840183507,recloser_disswitch(r:p1udt228-p1udt62)p1u_12237,150.17217072505318,6356.301600715118,True,0.9835622122448773,1.029999512403764,0,0,18,0.9431567840183507,recloser_disswitch(r:p1udt228-p1udt62)p1u_12237,150.17217072505318,6356.301600715118
8,49081,2023-08-08T18:00,upper_activity_half,3.0,552.1143522262573,0.73651123046875,406.6384209176176,False,True,0.9710032220644407,1.0299994809054631,0,0,18,1.1123123109190691,l(r:p1udt175lv-p1ulv493),173.5279806248016,6747.467165347077,True,0.9764665222362993,1.029999493433035,0,0,18,0.9999739863645869,l(r:p1udt175lv-p1ulv493),163.82446434815452,6592.4532693716565
8,49081,2023-08-08T18:00,upper_activity_half,5.0,920.1905870437622,0.44189453125,406.6271881223656,False,True,0.9562187638487969,1.0299994486461677,0,0,18,1.399983391238059,l(r:p1udt175lv-p1ulv493),201.01896484395462,7143.168629471145,True,0.9764668768168554,1.0299994934339718,0,0,18,0.9999654537075869,l(r:p1udt175lv-p1ulv493),163.8237502484821,6592.441642483875
8,49081,2023-08-08T18:00,upper_activity_half,10.0,1840.3811740875244,0.220947265625,406.6271881223656,False,True,0.916052276464939,1.0299993644878935,15,0,18,2.1412625848488394,l(r:p1udt175lv-p1ulv493),289.79410627787337,8152.124344113073,True,0.9764668686379964,1.029999493433944,0,0,18,0.9999655723703181,l(r:p1udt175lv-p1ulv493),163.82377365869326,6592.441973728794
8,49289,2023-08-17T10:00,upper_activity_half,1.0,186.71374398469925,1.0,186.71374398469925,True,True,0.984809027393432,1.0299995122486338,0,0,18,0.941411102564098,recloser_disswitch(r:p1udt228-p1udt62)p1u_12237,149.7468298365575,6358.517124732196,True,0.984809027393432,1.0299995122486338,0,0,18,0.941411102564098,recloser_disswitch(r:p1udt228-p1udt62)p1u_12237,149.7468298365575,6358.517124732196
8,49289,2023-08-17T10:00,upper_activity_half,3.0,560.1412319540977,1.0,560.1412319540977,True,True,0.9756430887785216,1.029999480591801,0,0,18,0.9996238664279423,recloser_disswitch(r:p1udt228-p1udt62)p1u_12237,171.3381325190506,6753.335968335892,True,0.9756430887785216,1.029999480591801,0,0,18,0.9996238664279423,recloser_disswitch(r:p1udt228-p1udt62)p1u_12237,171.3381325190506,6753.335968335892
8,49289,2023-08-17T10:00,upper_activity_half,5.0,933.5687199234962,0.6024169921875,562.3976602566472,False,True,0.966200570099795,1.029999448436802,0,0,18,1.18944485155168,l(r:p1udt175lv-p1ulv493),195.69841565260532,7151.076228079221,True,0.9755839458480162,1.0299994803871149,0,0,18,0.9999988901846144,recloser_disswitch(r:p1udt228-p1udt62)p1u_12237,171.48442450155923,6755.872785666623
8,49289,2023-08-17T10:00,upper_activity_half,10.0,1867.1374398469925,0.30120849609375,562.3976602566472,False,True,0.9399660594215699,1.029999365760128,12,0,18,1.7056048219356577,l(r:p1udt175lv-p1ulv493),269.5349788135616,8158.5287424310745,True,0.9755839525691048,1.0299994803871413,0,0,18,0.9999988435873232,recloser_disswitch(r:p1udt228-p1udt62)p1u_12237,171.4844138740503,6755.872471049568
8,49408,2023-08-22T09:00,upper_activity_half,1.0,197.64600601792336,1.0,197.64600601792336,True,True,0.9846311645952253,1.0299995113415283,0,0,18,0.9417922824434252,recloser_disswitch(r:p1udt228-p1udt62)p1u_12237,150.25852141333152,6369.991831536102,True,0.9846311645952253,1.0299995113415283,0,0,18,0.9417922824434252,recloser_disswitch(r:p1udt228-p1udt62)p1u_12237,150.25852141333152,6369.991831536102
8,49408,2023-08-22T09:00,upper_activity_half,3.0,592.9380180537701,0.99066162109375,587.4009381732631,False,True,0.9724319463031776,1.029999477827101,0,0,18,1.0008028399534976,recloser_disswitch(r:p1udt228-p1udt62)p1u_12237,173.20521369068118,6787.988527627209,True,0.9726163042427961,1.029999478287774,0,0,18,0.9999943559581547,recloser_disswitch(r:p1udt228-p1udt62)p1u_12237,172.869765266621,6782.26110017099
8,49408,2023-08-22T09:00,upper_activity_half,5.0,988.2300300896168,0.59442138671875,587.425064882982,False,True,0.9587299420497531,1.0299994437342095,0,0,18,1.0895858217279184,l(r:p1udt175lv-p1ulv493),199.42352683895328,7209.437509656897,True,0.9726154845682484,1.029999478285711,0,0,18,0.9999979787409857,recloser_disswitch(r:p1udt228-p1udt62)p1u_12237,172.87126515500074,6782.286722737469
8,49408,2023-08-22T09:00,upper_activity_half,10.0,1976.4600601792336,0.29718017578125,587.3647481086846,False,True,0.9217875992507332,1.0299993557624876,15,0,18,1.5010460361468152,l(r:p1udt175lv-p1ulv493),280.6622187368305,8279.090324013332,True,0.9726175336710627,1.0299994782908686,0,0,18,0.9999889199136959,recloser_disswitch(r:p1udt228-p1udt62)p1u_12237,172.86752918957188,6782.222671490975
8,49409,2023-08-22T10:00,upper_activity_half,1.0,219.909832239151,1.0,219.909832239151,True,True,0.9830584927678724,1.0299995093626417,0,0,18,0.9454481965057073,recloser_disswitch(r:p1udt228-p1udt62)p1u_12237,152.09189107427503,6394.089026508765,True,0.9830584927678724,1.0299995093626417,0,0,18,0.9454481965057073,recloser_disswitch(r:p1udt228-p1udt62)p1u_12237,152.09189107427503,6394.089026508765
8,49409,2023-08-22T10:00,upper_activity_half,3.0,659.729496717453,0.88018798828125,580.6859785255365,False,True,0.9686755351619096,1.0299994716898822,0,0,18,1.0120101468456286,recloser_disswitch(r:p1udt228-p1udt62)p1u_12237,179.8989559860072,6861.421014415471,True,0.9715520756113996,1.0299994785088198,0,0,18,0.9999990420393008,recloser_disswitch(r:p1udt228-p1udt62)p1u_12237,174.55269818449338,6777.229075073986
8,49409,2023-08-22T10:00,upper_activity_half,5.0,1099.549161195755,0.528076171875,580.6457118326216,False,True,0.9521679292320366,1.0299994331150037,0,0,18,1.0796560453727413,recloser_disswitch(r:p1udt228-p1udt62)p1u_12237,212.72561825458934,7334.232280207029,True,0.9715535267847156,1.0299994785122604,0,0,18,0.9999929822821388,recloser_disswitch(r:p1udt228-p1udt62)p1u_12237,174.5500264214034,6777.186538422098
8,49409,2023-08-22T10:00,upper_activity_half,10.0,2199.09832239151,0.2640380859375,580.6457118326216,False,True,0.9068950531402477,1.0299993324779024,15,0,18,1.404757554752905,l(r:p1udt175lv-p1ulv493),319.347622436038,8540.381734847098,True,0.9715535157801458,1.029999478512226,0,0,18,0.9999930476836791,recloser_disswitch(r:p1udt228-p1udt62)p1u_12237,174.55005657263828,6777.1869488441625
8,49410,2023-08-22T11:00,upper_activity_half,1.0,204.56667828559875,1.0,204.56667828559875,True,True,0.9845601798554029,1.0299995106409372,0,0,18,0.9437980324598428,recloser_disswitch(r:p1udt228-p1udt62)p1u_12237,151.20931641973485,6377.87532988224,True,0.9845601798554029,1.0299995106409372,0,0,18,0.9437980324598428,recloser_disswitch(r:p1udt228-p1udt62)p1u_12237,151.20931641973485,6377.87532988224
8,49410,2023-08-22T11:00,upper_activity_half,3.0,613.7000348567963,0.87359619140625,536.1260131167801,False,True,0.9742557383549367,1.0299994756580484,0,0,18,1.0453351961041406,l(r:p1udt175lv-p1ulv493),176.41588307435208,6811.937281700666,True,0.9765484548428848,1.0299994823303926,0,0,18,0.999979548966918,l(r:p1udt175lv-p1ulv493),171.36090944802714,6729.4773249925565
8,49410,2023-08-22T11:00,upper_activity_half,5.0,1022.8333914279938,0.524169921875,536.1384988759528,False,True,0.9618927977516365,1.0299994400001136,0,0,18,1.2868544109715232,l(r:p1udt175lv-p1ulv493),205.38076791965992,7249.921695811909,True,0.9765480792788782,1.0299994823292875,0,0,18,0.9999869612803258,l(r:p1udt175lv-p1ulv493),171.36173473247771,6729.490983513106
8,49410,2023-08-22T11:00,upper_activity_half,10.0,2045.6667828559875,0.2620849609375,536.1384988759528,False,True,0.9288607955664919,1.0299993476799052,15,0,18,1.9072659732672044,l(r:p1udt175lv-p1ulv493),295.6243237871032,8363.060143782668,True,0.9765480722226386,1.029999482329257,0,0,18,0.9999870731863282,l(r:p1udt175lv-p1ulv493),171.36175783042543,6729.491346003058
8,49458,2023-08-24T11:00,upper_activity_half,1.0,192.7057340145111,1.0,192.7057340145111,True,True,0.982764211622571,1.0299995116264251,0,0,18,0.9423298083092034,recloser_disswitch(r:p1udt228-p1udt62)p1u_12237,150.71105689093497,6365.505507689109,True,0.982764211622571,1.0299995116264251,0,0,18,0.9423298083092034,recloser_disswitch(r:p1udt228-p1udt62)p1u_12237,150.71105689093497,6365.505507689109
8,49458,2023-08-24T11:00,upper_activity_half,3.0,578.1172020435333,0.97113037109375,561.427172956217,False,True,0.9689421696034175,1.0299994785355548,0,0,18,1.0025998677374044,recloser_disswitch(r:p1udt228-p1udt62)p1u_12237,175.37432774604105,6775.301490388783,True,0.9696250744204569,1.0299994799690573,0,0,18,0.9999984990559071,recloser_disswitch(r:p1udt228-p1udt62)p1u_12237,174.22652841352053,6757.644090361329
8,49458,2023-08-24T11:00,upper_activity_half,5.0,963.5286700725555,0.5826416015625,561.3918874824594,False,True,0.9526129893321811,1.0299994446212544,0,0,18,1.1591565424992645,l(r:p1udt175lv-p1ulv493),204.52912483627497,7190.0206637909705,True,0.9696265175482024,1.0299994799720877,0,0,18,0.9999929961680188,recloser_disswitch(r:p1udt228-p1udt62)p1u_12237,174.22411837486587,6757.606757487803
8,49458,2023-08-24T11:00,upper_activity_half,10.0,1927.057340145111,0.29132080078125,561.3918874824594,False,True,0.9077904661604378,1.029999355982341,15,0,18,1.6439454175272654,l(r:p1udt175lv-p1ulv493),299.54035772758755,8248.535102504507,True,0.9696265296672726,1.0299994799721204,0,0,18,0.9999929345596497,recloser_disswitch(r:p1udt228-p1udt62)p1u_12237,174.22409359823035,6757.606368575151
8,49459,2023-08-24T12:00,upper_activity_half,1.0,189.81134700775146,1.0,189.81134700775146,True,True,0.9844419590159972,1.0299995118861374,0,0,18,0.942174154497681,recloser_disswitch(r:p1udt228-p1udt62)p1u_12237,150.49487437043095,6362.4086969945765,True,0.9844419590159972,1.0299995118861374,0,0,18,0.942174154497681,recloser_disswitch(r:p1udt228-p1udt62)p1u_12237,150.49487437043095,6362.4086969945765
8,49459,2023-08-24T12:00,upper_activity_half,3.0,569.4340410232544,0.97735595703125,556.5397521304549,False,True,0.9725890490246296,1.0299994794173846,0,0,18,1.002018194486461,recloser_disswitch(r:p1udt228-p1udt62)p1u_12237,174.20776666561258,6765.47546572444,True,0.9730374894058994,1.0299994805172055,0,0,18,0.9999970731632818,recloser_disswitch(r:p1udt228-p1udt62)p1u_12237,173.35172041644722,6751.881864531595
8,49459,2023-08-24T12:00,upper_activity_half,5.0,949.0567350387573,0.58642578125,556.5513372956775,False,True,0.9589997136758277,1.029999446301055,0,0,18,1.0626518840036354,recloser_disswitch(r:p1udt228-p1udt62)p1u_12237,201.60874213731802,7172.425092942858,True,0.9730370746511218,1.0299994805161752,0,0,18,0.9999989647768391,recloser_disswitch(r:p1udt228-p1udt62)p1u_12237,173.35249528719652,6751.89458383188
8,49459,2023-08-24T12:00,upper_activity_half,10.0,1898.1134700775146,0.293212890625,556.5513372956775,False,True,0.9223768970876253,1.029999360438887,15,0,18,1.3199758029715156,l(r:p1udt175lv-p1ulv493),287.8066711455918,8207.885334678695,True,0.9730370660817785,1.0299994805161448,0,0,18,0.9999990199599463,recloser_disswitch(r:p1udt228-p1udt62)p1u_12237,173.35253504814636,6751.894941896019
8,49553,2023-08-28T10:00,upper_activity_half,1.0,197.9076976776123,1.0,197.9076976776123,True,True,0.9849337869000095,1.02999951128996,0,0,18,0.9440221906734876,recloser_disswitch(r:p1udt228-p1udt62)p1u_12237,150.52151647138638,6370.524961891777,True,0.9849337869000095,1.02999951128996,0,0,18,0.9440221906734876,recloser_disswitch(r:p1udt228-p1udt62)p1u_12237,150.52151647138638,6370.524961891777
8,49553,2023-08-28T10:00,upper_activity_half,3.0,593.7230930328369,0.91351318359375,542.3738728895551,False,True,0.9758585804889341,1.0299994776609918,0,0,18,1.0296471136856904,l(r:p1udt175lv-p1ulv493),174.0713210097494,6789.634535325179,True,0.9771796749821161,1.029999482045363,0,0,18,0.9999958140238482,l(r:p1udt175lv-p1ulv493),170.83718792063098,6735.201446208761
8,49553,2023-08-28T10:00,upper_activity_half,5.0,989.5384883880615,0.548095703125,542.3617935623042,False,True,0.9646578399181553,1.0299994434387396,0,0,18,1.2603357604391412,l(r:p1udt175lv-p1ulv493),200.97935845491818,7212.27289397219,True,0.977179944181601,1.029999482046368,0,0,18,0.9999889419743168,l(r:p1udt175lv-p1ulv493),170.8364424621832,6735.188950014103
8,49553,2023-08-28T10:00,upper_activity_half,10.0,1979.076976776123,0.2740478515625,542.3617935623042,False,True,0.9349439482487701,1.0299993551191338,18,0,18,1.8520982036285973,l(r:p1udt175lv-p1ulv493),284.092323288421,8284.98311803411,True,0.9771799377997167,1.0299994820463405,0,0,18,0.9999890479276845,l(r:p1udt175lv-p1ulv493),170.83645360259717,6735.1892827764095
8,49846,2023-09-09T15:00,lower_activity_half,1.0,30.41227789223194,1.0,30.41227789223194,True,True,0.9878550046851265,1.0299995253517331,0,0,18,0.9175553396690286,recloser_disswitch(r:p1udt228-p1udt62)p1u_12237,141.56486574825897,6194.087569780063,True,0.9878550046851265,1.0299995253517331,0,0,18,0.9175553396690286,recloser_disswitch(r:p1udt228-p1udt62)p1u_12237,141.56486574825897,6194.087569780063
8,49846,2023-09-09T15:00,lower_activity_half,3.0,91.23683367669582,1.0,91.23683367669582,True,True,0.9849525811038788,1.0299995202359147,0,0,18,0.9276638559315961,recloser_disswitch(r:p1udt228-p1udt62)p1u_12237,144.9001159261108,6258.110656772516,True,0.9849525811038788,1.0299995202359147,0,0,18,0.9276638559315961,recloser_disswitch(r:p1udt228-p1udt62)p1u_12237,144.9001159261108,6258.110656772516
8,49846,2023-09-09T15:00,lower_activity_half,5.0,152.0613894611597,1.0,152.0613894611597,True,True,0.9820190882129255,1.0299995150825163,0,0,18,0.9378247867155167,recloser_disswitch(r:p1udt228-p1udt62)p1u_12237,148.38952718219764,6322.422622338072,True,0.9820190882129255,1.0299995150825163,0,0,18,0.9378247867155167,recloser_disswitch(r:p1udt228-p1udt62)p1u_12237,148.38952718219764,6322.422622338072
8,49846,2023-09-09T15:00,lower_activity_half,10.0,304.1227789223194,1.0,304.1227789223194,True,True,0.9745536455777605,1.0299995020834376,0,0,18,0.9633631832869763,recloser_disswitch(r:p1udt228-p1udt62)p1u_12237,157.77498097879175,6483.827249815783,True,0.9745536455777605,1.0299995020834376,0,0,18,0.9633631832869763,recloser_disswitch(r:p1udt228-p1udt62)p1u_12237,157.77498097879175,6483.827249815783
8,50168,2023-09-23T01:00,lower_activity_half,1.0,8.444974184036255,1.0,8.444974184036255,True,True,0.9892566897586035,1.0299995271906977,0,0,18,0.9133827506732346,recloser_disswitch(r:p1udt228-p1udt62)p1u_12237,140.4157976567424,6170.921912210558,True,0.9892566897586035,1.0299995271906977,0,0,18,0.9133827506732346,recloser_disswitch(r:p1udt228-p1udt62)p1u_12237,140.4157976567424,6170.921912210558
8,50168,2023-09-23T01:00,lower_activity_half,3.0,25.334922552108765,1.0,25.334922552108765,True,True,0.989178107492,1.0299995257627985,0,0,18,0.915138712905545,recloser_disswitch(r:p1udt228-p1udt62)p1u_12237,141.35900249251665,6188.606584630251,True,0.989178107492,1.0299995257627985,0,0,18,0.915138712905545,recloser_disswitch(r:p1udt228-p1udt62)p1u_12237,141.35900249251665,6188.606584630251
8,50168,2023-09-23T01:00,lower_activity_half,5.0,42.224870920181274,1.0,42.224870920181274,True,True,0.9890976950061954,1.0299995243196352,0,0,18,0.9169196682916335,recloser_disswitch(r:p1udt228-p1udt62)p1u_12237,142.3242370427895,6206.458871621653,True,0.9890976950061954,1.0299995243196352,0,0,18,0.9169196682916335,recloser_disswitch(r:p1udt228-p1udt62)p1u_12237,142.3242370427895,6206.458871621653
8,50168,2023-09-23T01:00,lower_activity_half,10.0,84.44974184036255,1.0,84.44974184036255,True,True,0.9877971542295713,1.0299995207081936,0,0,18,0.9213654943478912,recloser_disswitch(r:p1udt228-p1udt62)p1u_12237,144.79854798868834,6251.022615942594,True,0.9877971542295713,1.0299995207081936,0,0,18,0.9213654943478912,recloser_disswitch(r:p1udt228-p1udt62)p1u_12237,144.79854798868834,6251.022615942594
8,51647,2023-11-23T16:00,lower_activity_half,1.0,17.233353793621063,1.0,17.233353793621063,True,True,0.9892090557667148,1.0299995264470516,0,0,18,0.9153697718365132,recloser_disswitch(r:p1udt228-p1udt62)p1u_12237,140.9416395332666,6180.183503206332,True,0.9892090557667148,1.0299995264470516,0,0,18,0.9153697718365132,recloser_disswitch(r:p1udt228-p1udt62)p1u_12237,140.9416395332666,6180.183503206332
8,51647,2023-11-23T16:00,lower_activity_half,3.0,51.70006138086319,1.0,51.70006138086319,True,True,0.9884341483336391,1.0299995235143098,0,0,18,0.9211228212566044,recloser_disswitch(r:p1udt228-p1udt62)p1u_12237,143.00250016245474,6216.515421792031,True,0.9884341483336391,1.0299995235143098,0,0,18,0.9211228212566044,recloser_disswitch(r:p1udt228-p1udt62)p1u_12237,143.00250016245474,6216.515421792031
8,51647,2023-11-23T16:00,lower_activity_half,5.0,86.16676896810532,1.0,86.16676896810532,True,True,0.9862277624925423,1.0299995205300911,0,0,18,0.9446100547168724,l(r:p1udt175lv-p1ulv493),145.1823286323723,6253.326778570012,True,0.9862277624925423,1.0299995205300911,0,0,18,0.9446100547168724,l(r:p1udt175lv-p1ulv493),145.1823286323723,6253.326778570012
8,51647,2023-11-23T16:00,lower_activity_half,10.0,172.33353793621063,0.60772705078125,104.73175276067195,False,True,0.9806346682277134,1.0299995130130286,0,0,18,1.2027610267180706,l(r:p1udt175lv-p1ulv493),151.06329792323373,6345.344592644095,True,0.9850328881748653,1.0299995189202913,0,0,18,0.999985452458027,l(r:p1udt175lv-p1ulv493),146.3952962905173,6273.117430044548
9,44103,2023-01-13T08:00,lower_activity_half,1.0,79.95436143875122,1.0,79.95436143875122,True,True,0.9889343651583651,1.029999521361179,0,0,18,0.9255977692487171,recloser_disswitch(r:p1udt228-p1udt62)p1u_12237,143.44570894056756,6245.4052813783155,True,0.9889343651583651,1.029999521361179,0,0,18,0.9255977692487171,recloser_disswitch(r:p1udt228-p1udt62)p1u_12237,143.44570894056756,6245.4052813783155
9,44103,2023-01-13T08:00,lower_activity_half,3.0,239.86308431625366,1.0,239.86308431625366,True,True,0.9865720786396802,1.0299995082213165,0,0,18,0.9518626589698893,recloser_disswitch(r:p1udt228-p1udt62)p1u_12237,150.68697134564238,6412.509482701414,True,0.9865720786396802,1.0299995082213165,0,0,18,0.9518626589698893,recloser_disswitch(r:p1udt228-p1udt62)p1u_12237,150.68697134564238,6412.509482701414
9,44103,2023-01-13T08:00,lower_activity_half,5.0,399.7718071937561,1.0,399.7718071937561,True,True,0.9823804541944101,1.0299994950270333,0,0,18,0.978199418859102,recloser_disswitch(r:p1udt228-p1udt62)p1u_12237,158.25367699152105,6579.981717455224,True,0.9823804541944101,1.0299994950270333,0,0,18,0.978199418859102,recloser_disswitch(r:p1udt228-p1udt62)p1u_12237,158.25367699152105,6579.981717455224
9,44103,2023-01-13T08:00,lower_activity_half,10.0,799.5436143875122,0.66510009765625,531.7765360095655,False,True,0.9716923989638381,1.0299994618194461,0,0,18,1.0443231999023401,recloser_disswitch(r:p1udt228-p1udt62)p1u_12237,178.61313984688599,7000.039005205022,True,0.9788836137287734,1.0299994840930902,0,0,18,0.9999961511734935,recloser_disswitch(r:p1udt228-p1udt62)p1u_12237,164.74896542412102,6718.515906299429
9,44752,2023-02-09T09:00,lower_activity_half,1.0,125.63688196241856,1.0,125.63688196241856,True,True,0.987978441750968,1.0299995175452152,0,0,18,0.9331654424550053,recloser_disswitch(r:p1udt228-p1udt62)p1u_12237,145.71396494517,6293.414192633254,True,0.987978441750968,1.0299995175452152,0,0,18,0.9331654424550053,recloser_disswitch(r:p1udt228-p1udt62)p1u_12237,145.71396494517,6293.414192633254
9,44752,2023-02-09T09:00,lower_activity_half,3.0,376.91064588725567,1.0,376.91064588725567,True,True,0.9822800477726659,1.0299994967215176,0,0,18,0.974620831914501,recloser_disswitch(r:p1udt228-p1udt62)p1u_12237,157.90191470314625,6556.744267375924,True,0.9822800477726659,1.0299994967215176,0,0,18,0.974620831914501,recloser_disswitch(r:p1udt228-p1udt62)p1u_12237,157.90191470314625,6556.744267375924
9,44752,2023-02-09T09:00,lower_activity_half,5.0,628.1844098120928,0.84375,530.0305957789533,False,True,0.9764925363584497,1.0299994757429125,0,0,18,1.0162787420116894,recloser_disswitch(r:p1udt228-p1udt62)p1u_12237,170.99322937151038,6821.098431348438,True,0.9787627501630907,1.0299994839494866,0,0,18,0.9999943158344218,recloser_disswitch(r:p1udt228-p1udt62)p1u_12237,165.77463824181396,6717.795767715545
9,44752,2023-02-09T09:00,lower_activity_half,10.0,1256.3688196241856,0.421875,530.0305957789533,False,True,0.9610797749487479,1.029999422630593,0,0,18,1.1212748718617143,recloser_disswitch(r:p1udt228-p1udt62)p1u_12237,207.80904877179267,7486.1439969695975,True,0.9787627471097294,1.0299994839494735,0,0,18,0.9999943417554085,recloser_disswitch(r:p1udt228-p1udt62)p1u_12237,165.7746312690422,6717.795928573817
9,46073,2023-04-05T10:00,upper_activity_half,1.0,190.9374189376831,1.0,190.9374189376831,True,True,0.9852385367741303,1.029999512035146,0,0,18,0.9409284187497623,recloser_disswitch(r:p1udt228-p1udt62)p1u_12237,149.25796026262634,6362.252651347721,True,0.9852385367741303,1.029999512035146,0,0,18,0.9409284187497623,recloser_disswitch(r:p1udt228-p1udt62)p1u_12237,149.25796026262634,6362.252651347721
9,46073,2023-04-05T10:00,upper_activity_half,3.0,572.8122568130493,1.0,572.8122568130493,True,True,0.9738636983809436,1.0299994800006007,0,0,18,0.9981137223157606,recloser_disswitch(r:p1udt228-p1udt62)p1u_12237,169.68238402542698,6764.369158470735,True,0.9738636983809436,1.0299994800006007,0,0,18,0.9981137223157606,recloser_disswitch(r:p1udt228-p1udt62)p1u_12237,169.68238402542698,6764.369158470735
9,46073,2023-04-05T10:00,upper_activity_half,5.0,954.6870946884155,0.61297607421875,585.200347409409,False,True,0.9621131440208185,1.0299994475383036,0,0,18,1.0558008798388494,recloser_disswitch(r:p1udt228-p1udt62)p1u_12237,192.6165695331621,7169.140164775124,True,0.9734854268979298,1.029999478943863,0,0,18,0.9999959165636664,recloser_disswitch(r:p1udt228-p1udt62)p1u_12237,170.39293826817521,6777.583686424826
9,46073,2023-04-05T10:00,upper_activity_half,10.0,1909.374189376831,0.30645751953125,585.1420779334148,False,True,0.9308620147339917,1.0299993644165615,6,0,18,1.2023176692536899,recloser_disswitch(r:p1udt228-p1udt62)p1u_12237,261.72351259196546,8192.97857703157,True,0.9734871927436602,1.0299994789487863,0,0,18,0.9999871493886633,recloser_disswitch(r:p1udt228-p1udt62)p1u_12237,170.38962486718984,6777.522102351599
9,46294,2023-04-14T15:00,lower_activity_half,1.0,91.37446284294128,1.0,91.37446284294128,True,True,0.9889035156777831,1.0299995202925043,0,0,18,0.924731013222057,recloser_disswitch(r:p1udt228-p1udt62)p1u_12237,144.27691937751922,6257.745469924947,True,0.9889035156777831,1.0299995202925043,0,0,18,0.924731013222057,recloser_disswitch(r:p1udt228-p1udt62)p1u_12237,144.27691937751922,6257.745469924947
9,46294,2023-04-14T15:00,lower_activity_half,3.0,274.12338852882385,1.0,274.12338852882385,True,True,0.9881145894691682,1.0299995050065927,0,0,18,0.9492324188074803,recloser_disswitch(r:p1udt228-p1udt62)p1u_12237,153.28077211231343,6449.350557272781,True,0.9881145894691682,1.0299995050065927,0,0,18,0.9492324188074803,recloser_disswitch(r:p1udt228-p1udt62)p1u_12237,153.28077211231343,6449.350557272781
9,46294,2023-04-14T15:00,lower_activity_half,5.0,456.8723142147064,1.0,456.8723142147064,True,True,0.987318949972742,1.0299994896151283,0,0,18,0.9738380166398504,recloser_disswitch(r:p1udt228-p1udt62)p1u_12237,162.76712668383036,6641.57934877898,True,0.987318949972742,1.0299994896151283,0,0,18,0.9738380166398504,recloser_disswitch(r:p1udt228-p1udt62)p1u_12237,162.76712668383036,6641.57934877898
9,46294,2023-04-14T15:00,lower_activity_half,10.0,913.7446284294128,0.7117919921875,650.3961094203987,False,True,0.9816826633317439,1.0299994507267491,0,0,18,1.122798358991946,l(r:p1udt61lv-p1ulv156),188.60201433775416,7124.1651663200055,True,0.9855716820393665,1.0299994732073279,0,0,18,0.99999462717097,recloser_disswitch(r:p1udt228-p1udt62)p1u_12237,173.3418739334775,6845.728643060319
9,46385,2023-04-18T10:00,upper_activity_half,1.0,188.02274084091187,1.0,188.02274084091187,True,True,0.9869410479973985,1.0299995123632975,0,0,18,0.9419165559886734,recloser_disswitch(r:p1udt228-p1udt62)p1u_12237,148.71864436926245,6358.833041406827,True,0.9869410479973985,1.0299995123632975,0,0,18,0.9419165559886734,recloser_disswitch(r:p1udt228-p1udt62)p1u_12237,148.71864436926245,6358.833041406827
9,46385,2023-04-18T10:00,upper_activity_half,3.0,564.0682225227356,0.98870849609375,557.6990439847286,False,True,0.9809006487271555,1.029999481072361,0,0,18,1.000987920916254,recloser_disswitch(r:p1udt228-p1udt62)p1u_12237,167.6005225271147,6753.561898512174,True,0.9810124396760632,1.029999481596697,0,0,18,0.9999991919258306,recloser_disswitch(r:p1udt228-p1udt62)p1u_12237,167.27047645869274,6746.9599175166295
9,46385,2023-04-18T10:00,upper_activity_half,5.0,940.1137042045593,0.59320068359375,557.6760919899971,False,True,0.9741595883807892,1.0299994494661346,0,0,18,1.0604515842753428,recloser_disswitch(r:p1udt228-p1udt62)p1u_12237,188.3337952439239,7150.315006275075,True,0.9810128474794042,1.0299994815986167,0,0,18,0.9999955769854664,recloser_disswitch(r:p1udt228-p1udt62)p1u_12237,167.269280105903,6746.935757518398
9,46385,2023-04-18T10:00,upper_activity_half,10.0,1880.2274084091187,0.29656982421875,557.6187120031682,False,True,0.956763396782253,1.0299993690613702,0,0,18,1.210816405446424,recloser_disswitch(r:p1udt228-p1udt62)p1u_12237,248.60951065042084,8150.766386829246,True,0.9810138669854591,1.029999481603416,0,0,18,0.9999865285940163,recloser_disswitch(r:p1udt228-p1udt62)p1u_12237,167.26625031509246,6746.875360468784
9,46413,2023-04-19T14:00,lower_activity_half,1.0,57.698155641555786,1.0,57.698155641555786,True,True,0.9874001987389633,1.02999952315123,0,0,18,0.9219943521376917,recloser_disswitch(r:p1udt228-p1udt62)p1u_12237,142.63893321100326,6222.4242363641415,True,0.9874001987389633,1.02999952315123,0,0,18,0.9219943521376917,recloser_disswitch(r:p1udt228-p1udt62)p1u_12237,142.63893321100326,6222.4242363641415
9,46413,2023-04-19T14:00,lower_activity_half,3.0,173.09446692466736,1.0,173.09446692466736,True,True,0.9805060977600049,1.0299995135960465,0,0,18,0.9410338285623132,recloser_disswitch(r:p1udt228-p1udt62)p1u_12237,148.34694726032305,6343.404049433008,True,0.9805060977600049,1.0299995135960465,0,0,18,0.9410338285623132,recloser_disswitch(r:p1udt228-p1udt62)p1u_12237,148.34694726032305,6343.404049433008
9,46413,2023-04-19T14:00,lower_activity_half,5.0,288.49077820777893,1.0,288.49077820777893,True,True,0.9734663944219363,1.0299995039579797,0,0,18,0.960184005808648,recloser_disswitch(r:p1udt228-p1udt62)p1u_12237,154.5163467638,6464.9637198698065,True,0.9734663944219363,1.0299995039579797,0,0,18,0.960184005808648,recloser_disswitch(r:p1udt228-p1udt62)p1u_12237,154.5163467638,6464.9637198698065
9,46413,2023-04-19T14:00,lower_activity_half,10.0,576.9815564155579,0.9124755859375,526.4815837654169,False,True,0.9551812976915548,1.0299994795194074,0,0,18,1.0084962188997164,recloser_disswitch(r:p1udt228-p1udt62)p1u_12237,172.06073677519953,6771.020615778921,True,0.9584553868876149,1.0299994838325102,0,0,18,0.9999954108658009,recloser_disswitch(r:p1udt228-p1udt62)p1u_12237,168.76264420640945,6717.234807705667
9,46948,2023-05-11T21:00,lower_activity_half,1.0,43.385165214538574,1.0,43.385165214538574,True,True,0.9889117864737521,1.029999524277125,0,0,18,0.9185903177859689,recloser_disswitch(r:p1udt228-p1udt62)p1u_12237,142.06795191138391,6207.537260288451,True,0.9889117864737521,1.029999524277125,0,0,18,0.9185903177859689,recloser_disswitch(r:p1udt228-p1udt62)p1u_12237,142.06795191138391,6207.537260288451
9,46948,2023-05-11T21:00,lower_activity_half,3.0,130.15549564361572,1.0,130.15549564361572,True,True,0.9881435226459178,1.0299995170364213,0,0,18,0.9307237897795968,recloser_disswitch(r:p1udt228-p1udt62)p1u_12237,146.36781687894165,6298.177652550322,True,0.9881435226459178,1.0299995170364213,0,0,18,0.9307237897795968,recloser_disswitch(r:p1udt228-p1udt62)p1u_12237,146.36781687894165,6298.177652550322
9,46948,2023-05-11T21:00,lower_activity_half,5.0,216.92582607269287,1.0,216.92582607269287,True,True,0.9872231204423565,1.029999509740631,0,0,18,0.9429406602069182,recloser_disswitch(r:p1udt228-p1udt62)p1u_12237,150.79273324243883,6389.356631982217,True,0.9872231204423565,1.029999509740631,0,0,18,0.9429406602069182,recloser_disswitch(r:p1udt228-p1udt62)p1u_12237,150.79273324243883,6389.356631982217
9,46948,2023-05-11T21:00,lower_activity_half,10.0,433.85165214538574,1.0,433.85165214538574,True,True,0.9836073276569882,1.0299994913804524,0,0,18,0.9736222567096718,recloser_disswitch(r:p1udt228-p1udt62)p1u_12237,162.33997287058241,6618.118905952483,True,0.9836073276569882,1.0299994913804524,0,0,18,0.9736222567096718,recloser_disswitch(r:p1udt228-p1udt62)p1u_12237,162.33997287058241,6618.118905952483
9,47304,2023-05-26T17:00,lower_activity_half,1.0,83.14106774330139,1.0,83.14106774330139,True,True,0.9866864090788847,1.0299995209380506,0,0,18,0.9254939131352028,recloser_disswitch(r:p1udt228-p1udt62)p1u_12237,144.28377597764467,6249.4925427087,True,0.9866864090788847,1.0299995209380506,0,0,18,0.9254939131352028,recloser_disswitch(r:p1udt228-p1udt62)p1u_12237,144.28377597764467,6249.4925427087
9,47304,2023-05-26T17:00,lower_activity_half,3.0,249.42320322990417,1.0,249.42320322990417,True,True,0.9783173588929743,1.0299995069014858,0,0,18,0.9515994663341835,recloser_disswitch(r:p1udt228-p1udt62)p1u_12237,153.58440575553362,6424.947439858912,True,0.9783173588929743,1.0299995069014858,0,0,18,0.9515994663341835,recloser_disswitch(r:p1udt228-p1udt62)p1u_12237,153.58440575553362,6424.947439858912
9,47304,2023-05-26T17:00,lower_activity_half,5.0,415.70533871650696,1.0,415.70533871650696,True,True,0.9697356674103981,1.0299994927101908,0,0,18,0.9779001798193113,recloser_disswitch(r:p1udt228-p1udt62)p1u_12237,163.76259465592923,6601.394931071535,True,0.9697356674103981,1.0299994927101908,0,0,18,0.9779001798193113,recloser_disswitch(r:p1udt228-p1udt62)p1u_12237,163.76259465592923,6601.394931071535
9,47304,2023-05-26T17:00,lower_activity_half,10.0,831.4106774330139,0.6668701171875,554.4429358906928,False,True,0.9472578648401492,1.0299994565486037,6,0,18,1.0444957700412856,recloser_disswitch(r:p1udt228-p1udt62)p1u_12237,193.2831528680745,7046.6584061120675,True,0.9623998587409603,1.0299994807474038,0,0,18,0.9999980015921303,recloser_disswitch(r:p1udt228-p1udt62)p1u_12237,172.95370154270407,6749.387340665327
9,47458,2023-06-02T03:00,lower_activity_half,1.0,11.082432746887207,1.0,11.082432746887207,True,True,0.9892527563018231,1.0299995270012878,0,0,18,0.9143140486167602,recloser_disswitch(r:p1udt228-p1udt62)p1u_12237,140.400311404476,6173.597142004797,True,0.9892527563018231,1.0299995270012878,0,0,18,0.9143140486167602,recloser_disswitch(r:p1udt228-p1udt62)p1u_12237,140.400311404476,6173.597142004797
9,47458,2023-06-02T03:00,lower_activity_half,3.0,33.24729824066162,1.0,33.24729824066162,True,True,0.989166407121173,1.0299995252080434,0,0,18,0.917908995162919,recloser_disswitch(r:p1udt228-p1udt62)p1u_12237,141.29830129689083,6196.476363225647,True,0.989166407121173,1.0299995252080434,0,0,18,0.917908995162919,recloser_disswitch(r:p1udt228-p1udt62)p1u_12237,141.29830129689083,6196.476363225647
9,47458,2023-06-02T03:00,lower_activity_half,5.0,55.412163734436035,1.0,55.412163734436035,True,True,0.9890784891741485,1.029999523399058,0,0,18,0.9215331023591751,recloser_disswitch(r:p1udt228-p1udt62)p1u_12237,142.2092041559319,6219.551163938742,True,0.9890784891741485,1.029999523399058,0,0,18,0.9215331023591751,recloser_disswitch(r:p1udt228-p1udt62)p1u_12237,142.2092041559319,6219.551163938742
9,47458,2023-06-02T03:00,lower_activity_half,10.0,110.82432746887207,1.0,110.82432746887207,True,True,0.98885927592926,1.0299995188809221,0,0,18,0.9305833477804211,recloser_disswitch(r:p1udt228-p1udt62)p1u_12237,144.50249225296417,6277.163824265307,True,0.98885927592926,1.0299995188809221,0,0,18,0.9305833477804211,recloser_disswitch(r:p1udt228-p1udt62)p1u_12237,144.50249225296417,6277.163824265307
9,47868,2023-06-19T05:00,lower_activity_half,1.0,3.571868658065796,1.0,3.571868658065796,True,True,0.9892792745126866,1.0299995276017646,0,0,18,0.9131106133775861,recloser_disswitch(r:p1udt228-p1udt62)p1u_12237,140.09500482397146,6165.946001982611,True,0.9892792745126866,1.0299995276017646,0,0,18,0.9131106133775861,recloser_disswitch(r:p1udt228-p1udt62)p1u_12237,140.09500482397146,6165.946001982611
9,47868,2023-06-19T05:00,lower_activity_half,3.0,10.715605974197388,1.0,10.715605974197388,True,True,0.9892496052197494,1.029999527047307,0,0,18,0.9142274326252655,recloser_disswitch(r:p1udt228-p1udt62)p1u_12237,140.35933209190284,6173.048024492103,True,0.9892496052197494,1.029999527047307,0,0,18,0.9142274326252655,recloser_disswitch(r:p1udt228-p1udt62)p1u_12237,140.35933209190284,6173.048024492103
9,47868,2023-06-19T05:00,lower_activity_half,5.0,17.85934329032898,1.0,17.85934329032898,True,True,0.9892174238615381,1.029999526467667,0,0,18,0.9153916930857707,recloser_disswitch(r:p1udt228-p1udt62)p1u_12237,140.63767507270936,6180.46910661561,True,0.9892174238615381,1.029999526467667,0,0,18,0.9153916930857707,recloser_disswitch(r:p1udt228-p1udt62)p1u_12237,140.63767507270936,6180.46910661561
9,47868,2023-06-19T05:00,lower_activity_half,10.0,35.71868658065796,1.0,35.71868658065796,True,True,0.9891371699478864,1.0299995250203766,0,0,18,0.9182987979578096,recloser_disswitch(r:p1udt228-p1udt62)p1u_12237,141.3340260174381,6198.997272027023,True,0.9891371699478864,1.0299995250203766,0,0,18,0.9182987979578096,recloser_disswitch(r:p1udt228-p1udt62)p1u_12237,141.3340260174381,6198.997272027023
9,48214,2023-07-03T15:00,lower_activity_half,1.0,73.25083684921265,1.0,73.25083684921265,True,True,0.9883337337068456,1.0299995218753986,0,0,18,0.923747897962578,recloser_disswitch(r:p1udt228-p1udt62)p1u_12237,143.22619576293923,6238.319875622112,True,0.9883337337068456,1.0299995218753986,0,0,18,0.923747897962578,recloser_disswitch(r:p1udt228-p1udt62)p1u_12237,143.22619576293923,6238.319875622112
9,48214,2023-07-03T15:00,lower_activity_half,3.0,219.75251054763794,1.0,219.75251054763794,True,True,0.9863885786323535,1.0299995097253605,0,0,18,0.9463803363120437,recloser_disswitch(r:p1udt228-p1udt62)p1u_12237,150.0068493407221,6391.7190578010295,True,0.9863885786323535,1.0299995097253605,0,0,18,0.9463803363120437,recloser_disswitch(r:p1udt228-p1udt62)p1u_12237,150.0068493407221,6391.7190578010295
9,48214,2023-07-03T15:00,lower_activity_half,5.0,366.25418424606323,1.0,366.25418424606323,True,True,0.9844292312176819,1.0299994975371183,0,0,18,0.9690482521620236,recloser_disswitch(r:p1udt228-p1udt62)p1u_12237,157.04477311814165,6545.2555692387805,True,0.9844292312176819,1.0299994975371183,0,0,18,0.9690482521620236,recloser_disswitch(r:p1udt228-p1udt62)p1u_12237,157.04477311814165,6545.2555692387805
9,48214,2023-07-03T15:00,lower_activity_half,10.0,732.5083684921265,0.772216796875,565.6552660011221,False,True,0.9778280239975238,1.029999466857941,0,0,18,1.082102696257912,l(r:p1udt61lv-p1ulv156),175.804166606055,6930.197038291511,True,0.9811084454595664,1.0299994808662152,0,0,18,0.9999952636382788,recloser_disswitch(r:p1udt228-p1udt62)p1u_12237,167.05328258425,6754.6991079872
9,48449,2023-07-13T10:00,upper_activity_half,1.0,185.93796157836914,1.0,185.93796157836914,True,True,0.9878023103882527,1.0299995124753327,0,0,18,0.9372258588287912,recloser_disswitch(r:p1udt228-p1udt62)p1u_12237,148.6112749132281,6356.615524054316,True,0.9878023103882527,1.0299995124753327,0,0,18,0.9372258588287912,recloser_disswitch(r:p1udt228-p1udt62)p1u_12237,148.6112749132281,6356.615524054316
9,48449,2023-07-13T10:00,upper_activity_half,3.0,557.8138847351074,1.0,557.8138847351074,True,True,0.981744727591224,1.0299994813937847,0,0,18,0.9868586079505921,recloser_disswitch(r:p1udt228-p1udt62)p1u_12237,167.17422855703387,6746.880331687951,True,0.981744727591224,1.0299994813937847,0,0,18,0.9868586079505921,recloser_disswitch(r:p1udt228-p1udt62)p1u_12237,167.17422855703387,6746.880331687951
9,48449,2023-07-13T10:00,upper_activity_half,5.0,929.6898078918457,0.705322265625,655.7309216307476,False,True,0.9755886272529544,1.0299994499886849,0,0,18,1.0367845528109474,recloser_disswitch(r:p1udt228-p1udt62)p1u_12237,187.43219769278647,7138.990440315892,True,0.980131915148303,1.0299994731459399,0,0,18,0.99999371384582,recloser_disswitch(r:p1udt228-p1udt62)p1u_12237,172.34853454812503,6850.070087250011
9,48449,2023-07-13T10:00,upper_activity_half,10.0,1859.3796157836914,0.3526611328125,655.7309216307476,False,True,0.9597433758986492,1.0299993700536196,0,0,18,1.3002014786363008,l(r:p1udt61lv-p1ulv156),245.73298984616153,8127.048790484741,True,0.9801319116688088,1.029999473145919,0,0,18,0.9999937471284565,recloser_disswitch(r:p1udt228-p1udt62)p1u_12237,172.34854922177414,6850.070339045481
9,48450,2023-07-13T11:00,upper_activity_half,1.0,197.65360134840012,1.0,197.65360134840012,True,True,0.9859397118439674,1.0299995114399603,0,0,18,0.9371014531830901,recloser_disswitch(r:p1udt228-p1udt62)p1u_12237,149.44194443822968,6369.183924497194,True,0.9859397118439674,1.0299995114399603,0,0,18,0.9371014531830901,recloser_disswitch(r:p1udt228-p1udt62)p1u_12237,149.44194443822968,6369.183924497194
9,48450,2023-07-13T11:00,upper_activity_half,3.0,592.9608040452003,1.0,592.9608040452003,True,True,0.9760319899359062,1.0299994781829682,0,0,18,0.9865507173591984,recloser_disswitch(r:p1udt228-p1udt62)p1u_12237,170.24867836585466,6785.078958884136,True,0.9760319899359062,1.0299994781829682,0,0,18,0.9865507173591984,recloser_disswitch(r:p1udt228-p1udt62)p1u_12237,170.24867836585466,6785.078958884136
9,48450,2023-07-13T11:00,upper_activity_half,5.0,988.2680067420006,0.7080078125,699.7014696171391,False,True,0.9658430257361684,1.0299994444422405,0,0,18,1.0364089301537263,recloser_disswitch(r:p1udt228-p1udt62)p1u_12237,193.57865510931973,7203.675767820525,True,0.9733060866161304,1.0299994691074714,0,0,18,0.9999947758371356,recloser_disswitch(r:p1udt228-p1udt62)p1u_12237,176.30376762597868,6897.995917716996
9,48450,2023-07-13T11:00,upper_activity_half,10.0,1976.5360134840012,0.35400390625,699.7014696171391,False,True,0.9389988455633067,1.0299993578998898,6,0,18,1.3391851245971276,l(r:p1udm822-p1ulv579),263.5887557522152,8262.015428486475,True,0.9733060797305321,1.0299994691074454,0,0,18,0.9999948210297296,recloser_disswitch(r:p1udt228-p1udt62)p1u_12237,176.30376836871687,6897.99622857123
9,49081,2023-08-08T18:00,upper_activity_half,1.0,184.03811740875244,1.0,184.03811740875244,True,True,0.9851754801806892,1.0299995126811183,0,0,18,0.9428197281326425,recloser_disswitch(r:p1udt228-p1udt62)p1u_12237,148.5349927336876,6354.6787940103595,True,0.9851754801806892,1.0299995126811183,0,0,18,0.9428197281326425,recloser_disswitch(r:p1udt228-p1udt62)p1u_12237,148.5349927336876,6354.6787940103595
9,49081,2023-08-08T18:00,upper_activity_half,3.0,552.1143522262573,0.9591064453125,529.5364337697392,False,True,0.9736725585529207,1.0299994820047493,0,0,18,1.0037296216805773,recloser_disswitch(r:p1udt228-p1udt62)p1u_12237,167.1761426319945,6741.18014670581,True,0.9743861263616083,1.029999483888393,0,0,18,0.999995377063349,recloser_disswitch(r:p1udt228-p1udt62)p1u_12237,165.97949361922915,6717.506462251062
9,49081,2023-08-08T18:00,upper_activity_half,5.0,920.1905870437622,0.575439453125,529.5139681792352,False,True,0.96178757299215,1.0299994509745227,0,0,18,1.0650918170434593,recloser_disswitch(r:p1udt228-p1udt62)p1u_12237,187.8709353261037,7129.912255380907,True,0.9743868357860701,1.029999483890267,0,0,18,0.9999916574871947,recloser_disswitch(r:p1udt228-p1udt62)p1u_12237,165.97832533175463,6717.482904535461
9,49081,2023-08-08T18:00,upper_activity_half,10.0,1840.3811740875244,0.2877197265625,529.5139681792352,False,True,0.9301654616290397,1.0299993717899183,6,0,18,1.2583155867747824,l(r:p1udt61lv-p1ulv156),249.24431493835272,8111.520385266839,True,0.9743868289240013,1.0299994838902473,0,0,18,0.9999916931588693,recloser_disswitch(r:p1udt228-p1udt62)p1u_12237,165.97830895562896,6717.483144018391
9,49289,2023-08-17T10:00,upper_activity_half,1.0,186.71374398469925,1.0,186.71374398469925,True,True,0.9872785199876286,1.0299995124884398,0,0,18,0.9386297631675357,recloser_disswitch(r:p1udt228-p1udt62)p1u_12237,148.32358674401428,6357.100314846655,True,0.9872785199876286,1.0299995124884398,0,0,18,0.9386297631675357,recloser_disswitch(r:p1udt228-p1udt62)p1u_12237,148.32358674401428,6357.100314846655
9,49289,2023-08-17T10:00,upper_activity_half,3.0,560.1412319540977,1.0,560.1412319540977,True,True,0.9801497869107135,1.0299994814718214,0,0,18,0.9910571354824615,recloser_disswitch(r:p1udt228-p1udt62)p1u_12237,166.1592792867648,6748.201371822845,True,0.9801497869107135,1.0299994814718214,0,0,18,0.9910571354824615,recloser_disswitch(r:p1udt228-p1udt62)p1u_12237,166.1592792867648,6748.201371822845
9,49289,2023-08-17T10:00,upper_activity_half,5.0,933.5687199234962,0.6678466796875,623.4807698610166,False,True,0.9728866465174993,1.0299994501872376,0,0,18,1.043755290475204,recloser_disswitch(r:p1udt228-p1udt62)p1u_12237,185.48121008213388,7140.931633845709,True,0.97892577892331,1.0299994761755515,0,0,18,0.99999214992708,recloser_disswitch(r:p1udt228-p1udt62)p1u_12237,169.3363530918386,6814.807737121055
9,49289,2023-08-17T10:00,upper_activity_half,10.0,1867.1374398469925,0.33392333984375,623.4807698610166,False,True,0.9541005369637551,1.0299993708061226,0,0,18,1.1766505231620175,recloser_disswitch(r:p1udt228-p1udt62)p1u_12237,240.49057597128953,8129.5719121033735,True,0.9789257828616039,1.0299994761755709,0,0,18,0.999992110458158,recloser_disswitch(r:p1udt228-p1udt62)p1u_12237,169.33633939658864,6814.807504508687
9,49408,2023-08-22T09:00,upper_activity_half,1.0,197.64600601792336,1.0,197.64600601792336,True,True,0.9874551971887222,1.0299995115125689,0,0,18,0.9407055742371311,recloser_disswitch(r:p1udt228-p1udt62)p1u_12237,149.27549828778982,6368.994189855351,True,0.9874551971887222,1.0299995115125689,0,0,18,0.9407055742371311,recloser_disswitch(r:p1udt228-p1udt62)p1u_12237,149.27549828778982,6368.994189855351
9,49408,2023-08-22T09:00,upper_activity_half,3.0,592.9380180537701,1.0,592.9380180537701,True,True,0.9806878237995611,1.0299994784968356,0,0,18,0.9973449902254707,recloser_disswitch(r:p1udt228-p1udt62)p1u_12237,169.32377107505326,6784.1466978342705,True,0.9806878237995611,1.0299994784968356,0,0,18,0.9973449902254707,recloser_disswitch(r:p1udt228-p1udt62)p1u_12237,169.32377107505326,6784.1466978342705
9,49408,2023-08-22T09:00,upper_activity_half,5.0,988.2300300896168,0.6185302734375,611.2501907304795,False,True,0.9737977465674602,1.0299994451411787,0,0,18,1.0543499330839607,recloser_disswitch(r:p1udt228-p1udt62)p1u_12237,191.28643676050044,7201.375782289833,True,0.9803698209809208,1.0299994769495922,0,0,18,0.9999946640686294,recloser_disswitch(r:p1udt228-p1udt62)p1u_12237,170.3043505783946,6803.5451918305025
9,49408,2023-08-22T09:00,upper_activity_half,10.0,1976.4600601792336,0.30926513671875,611.2501907304795,False,True,0.9560018333427679,1.0299993602547581,0,0,18,1.1984445190423598,recloser_disswitch(r:p1udt228-p1udt62)p1u_12237,254.87614484889485,8253.263403071916,True,0.9803698247680804,1.0299994769496141,0,0,18,0.9999946215049276,recloser_disswitch(r:p1udt228-p1udt62)p1u_12237,170.30434595140562,6803.5449251080245
9,49409,2023-08-22T10:00,upper_activity_half,1.0,219.909832239151,1.0,219.909832239151,True,True,0.9853466818376498,1.0299995096052197,0,0,18,0.9436936393693819,recloser_disswitch(r:p1udt228-p1udt62)p1u_12237,150.69952758023092,6392.683713114042,True,0.9853466818376498,1.0299995096052197,0,0,18,0.9436936393693819,recloser_disswitch(r:p1udt228-p1udt62)p1u_12237,150.69952758023092,6392.683713114042
9,49409,2023-08-22T10:00,upper_activity_half,3.0,659.729496717453,0.931640625,614.6308006527834,False,True,0.9742044121179404,1.0299994726569497,0,0,18,1.0064382670715157,recloser_disswitch(r:p1udt228-p1udt62)p1u_12237,174.32758462815275,6855.911769411304,True,0.9753599593968638,1.0299994764581266,0,0,18,0.9999980571037065,recloser_disswitch(r:p1udt228-p1udt62)p1u_12237,171.77770373064055,6808.399079935636
9,49409,2023-08-22T10:00,upper_activity_half,5.0,1099.549161195755,0.5589599609375,614.6039561908401,False,True,0.9627105014357967,1.0299994351986543,0,0,18,1.0697394034884151,recloser_disswitch(r:p1udt228-p1udt62)p1u_12237,200.90500306720992,7322.2459948596215,True,0.9753606452491693,1.0299994764603844,0,0,18,0.9999942327770638,recloser_disswitch(r:p1udt228-p1udt62)p1u_12237,171.7762006629909,6808.370847563645
9,49409,2023-08-22T10:00,upper_activity_half,10.0,2199.09832239151,0.27947998046875,614.6039561908401,False,True,0.9322265581759335,1.0299993392116076,6,0,18,1.2305432602992399,recloser_disswitch(r:p1udt228-p1udt62)p1u_12237,281.102386387816,8502.06310141634,True,0.9753606521720652,1.0299994764604108,0,0,18,0.9999941830871498,recloser_disswitch(r:p1udt228-p1udt62)p1u_12237,171.77618898874974,6808.370527084279
9,49410,2023-08-22T11:00,upper_activity_half,1.0,204.56667828559875,1.0,204.56667828559875,True,True,0.987182431528562,1.0299995109655211,0,0,18,0.941617824826424,recloser_disswitch(r:p1udt228-p1udt62)p1u_12237,149.54080093194952,6376.193519292379,True,0.987182431528562,1.0299995109655211,0,0,18,0.941617824826424,recloser_disswitch(r:p1udt228-p1udt62)p1u_12237,149.54080093194952,6376.193519292379
9,49410,2023-08-22T11:00,upper_activity_half,3.0,613.7000348567963,0.99871826171875,612.9134320289158,False,True,0.9798549219959728,1.0299994768417438,0,0,18,1.0000908792921714,recloser_disswitch(r:p1udt228-p1udt62)p1u_12237,170.24696545589242,6805.828705701692,True,0.9798675175930368,1.0299994768982828,0,0,18,0.9999948325035918,recloser_disswitch(r:p1udt228-p1udt62)p1u_12237,170.2108825214577,6805.114710830345
9,49410,2023-08-22T11:00,upper_activity_half,5.0,1022.8333914279938,0.5992431640625,612.9259177880886,False,True,0.9723825820388355,1.0299994423522805,0,0,18,1.0589543351656807,recloser_disswitch(r:p1udt228-p1udt62)p1u_12237,193.04759271804423,7237.735200158393,True,0.9798672876938246,1.0299994768972132,0,0,18,0.9999966650869915,recloser_disswitch(r:p1udt228-p1udt62)p1u_12237,170.2115592176505,6805.128129455496
9,49410,2023-08-22T11:00,upper_activity_half,10.0,2045.6667828559875,0.29962158203125,612.9259177880886,False,True,0.9530233466210075,1.029999354514465,0,0,18,1.207803937943906,recloser_disswitch(r:p1udt228-p1udt62)p1u_12237,259.57547506348124,8327.16402295433,True,0.9798672917103468,1.0299994768972354,0,0,18,0.9999966229929299,recloser_disswitch(r:p1udt228-p1udt62)p1u_12237,170.2115573683033,6805.127863417692
9,49458,2023-08-24T11:00,upper_activity_half,1.0,192.7057340145111,1.0,192.7057340145111,True,True,0.9854565916939138,1.0299995119408485,0,0,18,0.9387590215222122,recloser_disswitch(r:p1udt228-p1udt62)p1u_12237,148.93270030613817,6363.717440398058,True,0.9854565916939138,1.0299995119408485,0,0,18,0.9387590215222122,recloser_disswitch(r:p1udt228-p1udt62)p1u_12237,148.93270030613817,6363.717440398058
9,49458,2023-08-24T11:00,upper_activity_half,3.0,578.1172020435333,1.0,578.1172020435333,True,True,0.974541900043568,1.0299994797569214,0,0,18,0.991512681258534,recloser_disswitch(r:p1udt228-p1udt62)p1u_12237,168.44707704932554,6768.4479730453495,True,0.974541900043568,1.0299994797569214,0,0,18,0.991512681258534,recloser_disswitch(r:p1udt228-p1udt62)p1u_12237,168.44707704932554,6768.4479730453495
9,49458,2023-08-24T11:00,upper_activity_half,5.0,963.5286700725555,0.6639404296875,639.725639224198,False,True,0.9632864145402608,1.029999447192855,0,0,18,1.0446514348638307,recloser_disswitch(r:p1udt228-p1udt62)p1u_12237,190.10936668926618,7175.489588522841,True,0.9727630192972383,1.029999474566651,0,0,18,0.9999995657805644,recloser_disswitch(r:p1udt228-p1udt62)p1u_12237,171.76999699111218,6833.486288579939
9,49458,2023-08-24T11:00,upper_activity_half,10.0,1927.057340145111,0.33197021484375,639.725639224198,False,True,0.9334595115772272,1.0299993640606024,6,0,18,1.1792205340107162,recloser_disswitch(r:p1udt228-p1udt62)p1u_12237,254.2647814744011,8203.224468117061,True,0.9727630266093079,1.0299994745666736,0,0,18,0.9999995320293384,recloser_disswitch(r:p1udt228-p1udt62)p1u_12237,171.76999661492732,6833.486017873649
9,49459,2023-08-24T12:00,upper_activity_half,1.0,189.81134700775146,1.0,189.81134700775146,True,True,0.9832826522678588,1.0299995120786685,0,0,18,0.9384073048209353,recloser_disswitch(r:p1udt228-p1udt62)p1u_12237,149.4017581427483,6361.298890469745,True,0.9832826522678588,1.0299995120786685,0,0,18,0.9384073048209353,recloser_disswitch(r:p1udt228-p1udt62)p1u_12237,149.4017581427483,6361.298890469745
9,49459,2023-08-24T12:00,upper_activity_half,3.0,569.4340410232544,1.0,569.4340410232544,True,True,0.9677589937661998,1.0299994800530041,0,0,18,0.9906029336770021,recloser_disswitch(r:p1udt228-p1udt62)p1u_12237,170.59745273489733,6761.888832810016,True,0.9677589937661998,1.0299994800530041,0,0,18,0.9906029336770021,recloser_disswitch(r:p1udt228-p1udt62)p1u_12237,170.59745273489733,6761.888832810016
9,49459,2023-08-24T12:00,upper_activity_half,5.0,949.0567350387573,0.67132568359375,637.1261614191462,False,True,0.9514840085456563,1.0299994474498537,0,0,18,1.0434403184707515,recloser_disswitch(r:p1udt228-p1udt62)p1u_12237,195.06038360139848,7166.090414570889,True,0.9649087535499752,1.029999474270558,0,0,18,0.9999977337764784,recloser_disswitch(r:p1udt228-p1udt62)p1u_12237,174.72141864808,6833.837961377578
9,49459,2023-08-24T12:00,upper_activity_half,10.0,1898.1134700775146,0.33563232421875,637.068235593033,False,True,0.9068887820271009,1.029999363277349,6,0,18,1.1784400350016662,recloser_disswitch(r:p1udt228-p1udt62)p1u_12237,272.2276952943551,8192.301726201675,True,0.9649111979818812,1.0299994742755032,0,0,18,0.9999896998183826,recloser_disswitch(r:p1udt228-p1udt62)p1u_12237,174.7178504573738,6833.77646831506
9,49553,2023-08-28T10:00,upper_activity_half,1.0,197.9076976776123,1.0,197.9076976776123,True,True,0.9856674155990504,1.0299995115249625,0,0,18,0.9435590215783298,recloser_disswitch(r:p1udt228-p1udt62)p1u_12237,149.38246393244134,6369.388488713814,True,0.9856674155990504,1.0299995115249625,0,0,18,0.9435590215783298,recloser_disswitch(r:p1udt228-p1udt62)p1u_12237,149.38246393244134,6369.388488713814
9,49553,2023-08-28T10:00,upper_activity_half,3.0,593.7230930328369,0.935791015625,555.6007362292148,False,True,0.9751959219366386,1.0299994784677655,0,0,18,1.00602196548121,recloser_disswitch(r:p1udt228-p1udt62)p1u_12237,170.13496857083842,6785.733194246849,True,0.9762154664887006,1.0299994816619102,0,0,18,0.9999983480189766,recloser_disswitch(r:p1udt228-p1udt62)p1u_12237,168.02927485464753,6745.620560273295
9,49553,2023-08-28T10:00,upper_activity_half,5.0,989.5384883880615,0.56146240234375,555.588656901964,False,True,0.9644110760820037,1.02999944496354,0,0,18,1.0690384752404312,recloser_disswitch(r:p1udt228-p1udt62)p1u_12237,193.51342159019822,7204.874084800745,True,0.9762157936162749,1.0299994816629385,0,0,18,0.9999964089393899,recloser_disswitch(r:p1udt228-p1udt62)p1u_12237,168.0285922826323,6745.607648449303
9,49553,2023-08-28T10:00,upper_activity_half,10.0,1979.076976776123,0.28070068359375,555.5282602657098,False,True,0.9359074052566424,1.0299993591541248,9,0,18,1.229105302278129,recloser_disswitch(r:p1udt228-p1udt62)p1u_12237,264.2441082028067,8265.200029071522,True,0.9762174107843659,1.029999481668012,0,0,18,0.9999868426811759,recloser_disswitch(r:p1udt228-p1udt62)p1u_12237,168.0252693170015,6745.543923595275
9,49846,2023-09-09T15:00,lower_activity_half,1.0,30.41227789223194,1.0,30.41227789223194,True,True,0.9891288518972606,1.029999525392863,0,0,18,0.9164495215322825,recloser_disswitch(r:p1udt228-p1udt62)p1u_12237,141.29089283516245,6193.795304859746,True,0.9891288518972606,1.029999525392863,0,0,18,0.9164495215322825,recloser_disswitch(r:p1udt228-p1udt62)p1u_12237,141.29089283516245,6193.795304859746
9,49846,2023-09-09T15:00,lower_activity_half,3.0,91.23683367669582,1.0,91.23683367669582,True,True,0.9887956978945983,1.0299995203829362,0,0,18,0.9243092856773004,recloser_disswitch(r:p1udt228-p1udt62)p1u_12237,143.99683465283817,6257.0245748217685,True,0.9887956978945983,1.0299995203829362,0,0,18,0.9243092856773004,recloser_disswitch(r:p1udt228-p1udt62)p1u_12237,143.99683465283817,6257.0245748217685
9,49846,2023-09-09T15:00,lower_activity_half,5.0,152.0613894611597,1.0,152.0613894611597,True,True,0.9884592346866854,1.0299995153399484,0,0,18,0.9322204726643316,recloser_disswitch(r:p1udt228-p1udt62)p1u_12237,146.7613559972973,6320.606989471,True,0.9884592346866854,1.0299995153399484,0,0,18,0.9322204726643316,recloser_disswitch(r:p1udt228-p1udt62)p1u_12237,146.7613559972973,6320.606989471
9,49846,2023-09-09T15:00,lower_activity_half,10.0,304.1227789223194,1.0,304.1227789223194,True,True,0.9876183095818882,1.0299995027215727,0,0,18,0.9519788175319928,recloser_disswitch(r:p1udt228-p1udt62)p1u_12237,153.85564244499622,6479.419281696979,True,0.9876183095818882,1.0299995027215727,0,0,18,0.9519788175319928,recloser_disswitch(r:p1udt228-p1udt62)p1u_12237,153.85564244499622,6479.419281696979
9,50168,2023-09-23T01:00,lower_activity_half,1.0,8.444974184036255,1.0,8.444974184036255,True,True,0.9892611325720279,1.0299995272144546,0,0,18,0.9138787357374839,recloser_disswitch(r:p1udt228-p1udt62)p1u_12237,140.3126055698444,6170.80143352699,True,0.9892611325720279,1.0299995272144546,0,0,18,0.9138787357374839,recloser_disswitch(r:p1udt228-p1udt62)p1u_12237,140.3126055698444,6170.80143352699
9,50168,2023-09-23T01:00,lower_activity_half,3.0,25.334922552108765,1.0,25.334922552108765,True,True,0.9891897455755251,1.0299995258295227,0,0,18,0.9166370186655993,recloser_disswitch(r:p1udt228-p1udt62)p1u_12237,141.04458954954845,6188.31714834666,True,0.9891897455755251,1.0299995258295227,0,0,18,0.9166370186655993,recloser_disswitch(r:p1udt228-p1udt62)p1u_12237,141.04458954954845,6188.31714834666
9,50168,2023-09-23T01:00,lower_activity_half,5.0,42.224870920181274,1.0,42.224870920181274,True,True,0.9891174174133298,1.0299995244351388,0,0,18,0.9194123882928348,recloser_disswitch(r:p1udt228-p1udt62)p1u_12237,141.78515781877712,6205.94678451937,True,0.9891174174133298,1.0299995244351388,0,0,18,0.9194123882928348,recloser_disswitch(r:p1udt228-p1udt62)p1u_12237,141.78515781877712,6205.94678451937
9,50168,2023-09-23T01:00,lower_activity_half,10.0,84.44974184036255,1.0,84.44974184036255,True,True,0.9889370414551476,1.029999520952419,0,0,18,0.9263419679188467,recloser_disswitch(r:p1udt228-p1udt62)p1u_12237,143.64952455155944,6249.952618531253,True,0.9889370414551476,1.029999520952419,0,0,18,0.9263419679188467,recloser_disswitch(r:p1udt228-p1udt62)p1u_12237,143.64952455155944,6249.952618531253
9,51647,2023-11-23T16:00,lower_activity_half,1.0,17.233353793621063,1.0,17.233353793621063,True,True,0.9892215279420732,1.0299995264914776,0,0,18,0.9153336620532632,recloser_disswitch(r:p1udt228-p1udt62)p1u_12237,140.65392046957672,6180.09253977002,True,0.9892215279420732,1.0299995264914776,0,0,18,0.9153336620532632,recloser_disswitch(r:p1udt228-p1udt62)p1u_12237,140.65392046957672,6180.09253977002
9,51647,2023-11-23T16:00,lower_activity_half,3.0,51.70006138086319,1.0,51.70006138086319,True,True,0.9890749719881691,1.0299995237034967,0,0,18,0.920920080369491,recloser_disswitch(r:p1udt228-p1udt62)p1u_12237,142.04907790932285,6215.644291065989,True,0.9890749719881691,1.0299995237034967,0,0,18,0.920920080369491,recloser_disswitch(r:p1udt228-p1udt62)p1u_12237,142.04907790932285,6215.644291065989
9,51647,2023-11-23T16:00,lower_activity_half,5.0,86.16676896810532,1.0,86.16676896810532,True,True,0.988925853319195,1.029999520888616,0,0,18,0.9265563540284361,recloser_disswitch(r:p1udt228-p1udt62)p1u_12237,143.4675989282437,6251.5276697323525,True,0.988925853319195,1.029999520888616,0,0,18,0.9265563540284361,recloser_disswitch(r:p1udt228-p1udt62)p1u_12237,143.4675989282437,6251.5276697323525
9,51647,2023-11-23T16:00,lower_activity_half,10.0,172.33353793621063,1.0,172.33353793621063,True,True,0.9885539164593795,1.0299995138568505,0,0,18,0.940632813705919,recloser_disswitch(r:p1udt228-p1udt62)p1u_12237,147.04865067880328,6341.125226722705,True,0.9885539164593795,1.0299995138568505,0,0,18,0.940632813705919,recloser_disswitch(r:p1udt228-p1udt62)p1u_12237,147.04865067880328,6341.125226722705
10,44103,2023-01-13T08:00,lower_activity_half,1.0,79.95436143875122,1.0,79.95436143875122,True,True,0.9837089698136741,1.029999521112047,0,0,18,0.9226999125139308,recloser_disswitch(r:p1udt228-p1udt62)p1u_12237,144.65029853078312,6246.598769202233,True,0.9837089698136741,1.029999521112047,0,0,18,0.9226999125139308,recloser_disswitch(r:p1udt228-p1udt62)p1u_12237,144.65029853078312,6246.598769202233
10,44103,2023-01-13T08:00,lower_activity_half,3.0,239.86308431625366,1.0,239.86308431625366,True,True,0.9690569585484821,1.029999507263529,0,0,18,0.9434045321041905,recloser_disswitch(r:p1udt228-p1udt62)p1u_12237,155.54234066313336,6417.318025018469,True,0.9690569585484821,1.029999507263529,0,0,18,0.9434045321041905,recloser_disswitch(r:p1udt228-p1udt62)p1u_12237,155.54234066313336,6417.318025018469
10,44103,2023-01-13T08:00,lower_activity_half,5.0,399.7718071937561,1.0,399.7718071937561,True,True,0.953696783989291,1.0299994930451855,0,0,18,0.964544661249557,recloser_disswitch(r:p1udt228-p1udt62)p1u_12237,168.56606623152126,6590.317071762485,True,0.953696783989291,1.0299994930451855,0,0,18,0.964544661249557,recloser_disswitch(r:p1udt228-p1udt62)p1u_12237,168.56606623152126,6590.317071762485
10,44103,2023-01-13T08:00,lower_activity_half,10.0,799.5436143875122,0.54669189453125,437.10401330987224,False,True,0.9116191024134812,1.029999455714295,6,0,18,1.2074846640699874,l(r:p1udt175lv-p1ulv493),211.88129118918533,7033.39761876226,True,0.950000824482566,1.0299994896712874,0,0,18,0.9706914925994521,l(r:p1udt175lv-p1ulv493),171.9335804922512,6631.027995214628
10,44752,2023-02-09T09:00,lower_activity_half,1.0,125.63688196241856,1.0,125.63688196241856,True,True,0.9865576056774026,1.029999517325291,0,0,18,0.9271265374326912,recloser_disswitch(r:p1udt228-p1udt62)p1u_12237,146.54843808175758,6294.281203725218,True,0.9865576056774026,1.029999517325291,0,0,18,0.9271265374326912,recloser_disswitch(r:p1udt228-p1udt62)p1u_12237,146.54843808175758,6294.281203725218
10,44752,2023-02-09T09:00,lower_activity_half,3.0,376.91064588725567,1.0,376.91064588725567,True,True,0.977928128611625,1.0299994959491563,0,0,18,0.9565389627325537,recloser_disswitch(r:p1udt228-p1udt62)p1u_12237,160.94261606066652,6559.757543086477,True,0.977928128611625,1.0299994959491563,0,0,18,0.9565389627325537,recloser_disswitch(r:p1udt228-p1udt62)p1u_12237,160.94261606066652,6559.757543086477
10,44752,2023-02-09T09:00,lower_activity_half,5.0,628.1844098120928,0.89703369140625,563.5025800175981,False,True,0.9690724684711336,1.0299994742437995,0,0,18,1.0359721190462448,l(r:p1udt175lv-p1ulv493),176.9973194404573,6827.058892507575,True,0.9713712390186898,1.0299994798523402,0,0,18,0.9999896714122023,l(r:p1udt175lv-p1ulv493),172.70928630585465,6758.202259033139
10,44752,2023-02-09T09:00,lower_activity_half,10.0,1256.3688196241856,0.448486328125,563.4642386839914,False,True,0.9458516781486592,1.0299994185100412,6,0,18,1.4805430620584543,l(r:p1udm822-p1ulv579),224.79768179559937,7503.101397035906,True,0.9713725861726856,1.0299994798556238,0,0,18,0.999968481407086,l(r:p1udt175lv-p1ulv493),172.70679651803172,6758.161890298654
10,46073,2023-04-05T10:00,upper_activity_half,1.0,190.9374189376831,1.0,190.9374189376831,True,True,0.9836598465907072,1.0299995116214016,0,0,18,0.9315459654919374,recloser_disswitch(r:p1udt228-p1udt62)p1u_12237,150.92320800116622,6363.950770405788,True,0.9836598465907072,1.0299995116214016,0,0,18,0.9315459654919374,recloser_disswitch(r:p1udt228-p1udt62)p1u_12237,150.92320800116622,6363.950770405788
10,46073,2023-04-05T10:00,upper_activity_half,3.0,572.8122568130493,0.75714111328125,433.69970982457744,False,True,0.9689266763134893,1.029999478379413,0,0,18,1.1337012194392702,l(r:p1udm822-p1ulv579),176.4280323475266,6771.031480669824,True,0.9743660269002837,1.029999490590827,0,0,18,0.9999687647174909,l(r:p1udm822-p1ulv579),166.57775524403473,6622.267854179631
10,46073,2023-04-05T10:00,upper_activity_half,5.0,954.6870946884155,0.45428466796875,433.69970982457744,False,True,0.953498527383822,1.0299994441154174,0,0,18,1.5056444485581726,l(r:p1udm822-p1ulv579),206.99088147192782,7183.6292727745285,True,0.9743660269660867,1.0299994905908274,0,0,18,0.9999687639087066,l(r:p1udm822-p1ulv579),166.57774314648606,6622.267851594779
10,46073,2023-04-05T10:00,upper_activity_half,10.0,1909.374189376831,0.22711181640625,433.6414403485833,False,True,0.9113611853768602,1.0299993537149712,12,0,18,2.468493371197337,l(r:p1udm822-p1ulv579),308.0038377513703,8239.313947121742,True,0.9743682891196828,1.0299994905959229,0,0,18,0.9999129021041366,l(r:p1udm822-p1ulv579),166.57375734749394,6622.20559477232
10,46294,2023-04-14T15:00,lower_activity_half,1.0,91.37446284294128,1.0,91.37446284294128,True,True,0.9840512494707825,1.029999520210917,0,0,18,0.9254230512136391,recloser_disswitch(r:p1udt228-p1udt62)p1u_12237,144.87450546310578,6258.337241145771,True,0.9840512494707825,1.029999520210917,0,0,18,0.9254230512136391,recloser_disswitch(r:p1udt228-p1udt62)p1u_12237,144.87450546310578,6258.337241145771
10,46294,2023-04-14T15:00,lower_activity_half,3.0,274.12338852882385,1.0,274.12338852882385,True,True,0.9701421530603268,1.029999504610056,0,0,18,0.9515082276246072,recloser_disswitch(r:p1udt228-p1udt62)p1u_12237,156.04852959811768,6452.088533315556,True,0.9701421530603268,1.029999504610056,0,0,18,0.9515082276246072,recloser_disswitch(r:p1udt228-p1udt62)p1u_12237,156.04852959811768,6452.088533315556
10,46294,2023-04-14T15:00,lower_activity_half,5.0,456.8723142147064,1.0,456.8723142147064,True,True,0.9556057197715568,1.0299994886716939,0,0,18,0.9780059788343124,recloser_disswitch(r:p1udt228-p1udt62)p1u_12237,169.12992392572633,6647.982805857744,True,0.9556057197715568,1.0299994886716939,0,0,18,0.9780059788343124,recloser_disswitch(r:p1udt228-p1udt62)p1u_12237,169.12992392572633,6647.982805857744
10,46294,2023-04-14T15:00,lower_activity_half,10.0,913.7446284294128,0.57470703125,525.1354627253022,False,True,0.9160554692227456,1.029999447255299,6,0,18,1.1234180134595315,l(r:p1udt61lv-p1ulv156),211.3309928012112,7147.052322624245,True,0.9500033318510807,1.0299994826324579,0,0,18,0.9880053175476349,recloser_disswitch(r:p1udt228-p1udt62)p1u_12237,174.53563035497586,6721.661957159759
10,46385,2023-04-18T10:00,upper_activity_half,1.0,188.02274084091187,1.0,188.02274084091187,True,True,0.9839826715786596,1.0299995120052376,0,0,18,0.9398159440049093,recloser_disswitch(r:p1udt228-p1udt62)p1u_12237,150.48920311202843,6360.602202968332,True,0.9839826715786596,1.0299995120052376,0,0,18,0.9398159440049093,recloser_disswitch(r:p1udt228-p1udt62)p1u_12237,150.48920311202843,6360.602202968332
10,46385,2023-04-18T10:00,upper_activity_half,3.0,564.0682225227356,1.0,564.0682225227356,True,True,0.9699513605385169,1.0299994797197112,0,0,18,0.9949789132104437,recloser_disswitch(r:p1udt228-p1udt62)p1u_12237,174.44128501677864,6760.338857811698,True,0.9699513605385169,1.0299994797197112,0,0,18,0.9949789132104437,recloser_disswitch(r:p1udt228-p1udt62)p1u_12237,174.44128501677864,6760.338857811698
10,46385,2023-04-18T10:00,upper_activity_half,5.0,940.1137042045593,0.6358642578125,597.7847027833923,False,True,0.9553051695375298,1.029999446692161,0,0,18,1.110789434692482,l(r:p1udt175lv-p1ulv493),202.4559313918452,7164.539880936699,True,0.9686591600038698,1.0299994767745857,0,0,18,0.9999926449707698,recloser_disswitch(r:p1udt228-p1udt62)p1u_12237,176.79317433107158,6796.568634946548
10,46385,2023-04-18T10:00,upper_activity_half,10.0,1880.2274084091187,0.31793212890625,597.7847027833923,False,True,0.915577774393411,1.0299993607508084,6,0,18,1.5442319543667116,l(r:p1udt175lv-p1ulv493),291.9962073742927,8194.18589113969,True,0.9686591712536925,1.0299994767746172,0,0,18,0.9999925917147362,recloser_disswitch(r:p1udt228-p1udt62)p1u_12237,176.79317141494437,6796.568260548513
10,46413,2023-04-19T14:00,lower_activity_half,1.0,57.698155641555786,1.0,57.698155641555786,True,True,0.9872112559108341,1.029999523021332,0,0,18,0.9189368401453556,recloser_disswitch(r:p1udt228-p1udt62)p1u_12237,143.12852458411655,6222.95636686963,True,0.9872112559108341,1.029999523021332,0,0,18,0.9189368401453556,recloser_disswitch(r:p1udt228-p1udt62)p1u_12237,143.12852458411655,6222.95636686963
10,46413,2023-04-19T14:00,lower_activity_half,3.0,173.09446692466736,1.0,173.09446692466736,True,True,0.9799281349031749,1.0299995131879442,0,0,18,0.9318524961680577,recloser_disswitch(r:p1udt228-p1udt62)p1u_12237,149.94055010279044,6344.9868623746115,True,0.9799281349031749,1.0299995131879442,0,0,18,0.9318524961680577,recloser_disswitch(r:p1udt228-p1udt62)p1u_12237,149.94055010279044,6344.9868623746115
10,46413,2023-04-19T14:00,lower_activity_half,5.0,288.49077820777893,1.0,288.49077820777893,True,True,0.9724788432404511,1.029999503226571,0,0,18,0.9449034278367242,recloser_disswitch(r:p1udt228-p1udt62)p1u_12237,157.39616585165348,6467.829200004782,True,0.9724788432404511,1.029999503226571,0,0,18,0.9449034278367242,recloser_disswitch(r:p1udt228-p1udt62)p1u_12237,157.39616585165348,6467.829200004782
10,46413,2023-04-19T14:00,lower_activity_half,10.0,576.9815564155579,0.81597900390625,470.8048356762447,False,True,0.9530724451866731,1.029999477791586,0,0,18,1.0708001634370703,l(r:p1udt175lv-p1ulv493),178.9835532043929,6777.937488294942,True,0.9603493521625411,1.0299994872404188,0,0,18,0.9999999237801388,l(r:p1udt175lv-p1ulv493),170.53416116488185,6663.329400132022
10,46948,2023-05-11T21:00,lower_activity_half,1.0,43.385165214538574,1.0,43.385165214538574,True,True,0.9888352816710225,1.0299995242839028,0,0,18,0.9192747362184217,recloser_disswitch(r:p1udt228-p1udt62)p1u_12237,142.10291025303013,6207.589027663028,True,0.9888352816710225,1.0299995242839028,0,0,18,0.9192747362184217,recloser_disswitch(r:p1udt228-p1udt62)p1u_12237,142.10291025303013,6207.589027663028
10,46948,2023-05-11T21:00,lower_activity_half,3.0,130.15549564361572,1.0,130.15549564361572,True,True,0.9879109377471473,1.0299995170277554,0,0,18,0.9328294599537215,recloser_disswitch(r:p1udt228-p1udt62)p1u_12237,146.53142186652207,6298.656845959753,True,0.9879109377471473,1.0299995170277554,0,0,18,0.9328294599537215,recloser_disswitch(r:p1udt228-p1udt62)p1u_12237,146.53142186652207,6298.656845959753
10,46948,2023-05-11T21:00,lower_activity_half,5.0,216.92582607269287,1.0,216.92582607269287,True,True,0.9848889672288389,1.029999509730995,0,0,18,0.9464390114704148,recloser_disswitch(r:p1udt228-p1udt62)p1u_12237,151.13491105399453,6390.028664413502,True,0.9848889672288389,1.029999509730995,0,0,18,0.9464390114704148,recloser_disswitch(r:p1udt228-p1udt62)p1u_12237,151.13491105399453,6390.028664413502
10,46948,2023-05-11T21:00,lower_activity_half,10.0,433.85165214538574,1.0,433.85165214538574,True,True,0.9768253195312214,1.0299994913591968,0,0,18,0.9806134051166677,recloser_disswitch(r:p1udt228-p1udt62)p1u_12237,163.39498825304008,6619.167305640335,True,0.9768253195312214,1.0299994913591968,0,0,18,0.9806134051166677,recloser_disswitch(r:p1udt228-p1udt62)p1u_12237,163.39498825304008,6619.167305640335
10,47304,2023-05-26T17:00,lower_activity_half,1.0,83.14106774330139,1.0,83.14106774330139,True,True,0.9889242855824284,1.029999520886729,0,0,18,0.9223586991146168,recloser_disswitch(r:p1udt228-p1udt62)p1u_12237,144.31726601061513,6249.5241505552185,True,0.9889242855824284,1.029999520886729,0,0,18,0.9223586991146168,recloser_disswitch(r:p1udt228-p1udt62)p1u_12237,144.31726601061513,6249.5241505552185
10,47304,2023-05-26T17:00,lower_activity_half,3.0,249.42320322990417,1.0,249.42320322990417,True,True,0.9850745388410092,1.0299995067462615,0,0,18,0.9690988036411823,l(r:p1udt175lv-p1ulv493),153.56585836019184,6424.9266647615605,True,0.9850745388410092,1.0299995067462615,0,0,18,0.9690988036411823,l(r:p1udt175lv-p1ulv493),153.56585836019184,6424.9266647615605
10,47304,2023-05-26T17:00,lower_activity_half,5.0,415.70533871650696,0.66571044921875,276.7393877795985,False,True,0.9805670902071428,1.0299994924515912,0,0,18,1.157750907034441,l(r:p1udt175lv-p1ulv493),163.51749921803676,6601.148491380226,True,0.9843383533346567,1.0299995044032912,0,0,18,0.9999898602148134,l(r:p1udt175lv-p1ulv493),155.15512673309013,6453.884914773315
10,47304,2023-05-26T17:00,lower_activity_half,10.0,831.4106774330139,0.33282470703125,276.71401513929595,False,True,0.968956269014156,1.0299994560537045,0,0,18,1.6376743624098837,l(r:p1udt175lv-p1ulv493),191.56145352884607,7044.934117062766,True,0.9843390373123585,1.029999504405465,0,0,18,0.9999611657511778,l(r:p1udt175lv-p1ulv493),155.1536611103175,6453.858061527422
10,47458,2023-06-02T03:00,lower_activity_half,1.0,11.082432746887207,1.0,11.082432746887207,True,True,0.9892532696382327,1.0299995270062858,0,0,18,0.9143045330857946,recloser_disswitch(r:p1udt228-p1udt62)p1u_12237,140.39754650593736,6173.533560722418,True,0.9892532696382327,1.0299995270062858,0,0,18,0.9143045330857946,recloser_disswitch(r:p1udt228-p1udt62)p1u_12237,140.39754650593736,6173.533560722418
10,47458,2023-06-02T03:00,lower_activity_half,3.0,33.24729824066162,1.0,33.24729824066162,True,True,0.9891664089679749,1.0299995252080596,0,0,18,0.9179089649768366,recloser_disswitch(r:p1udt228-p1udt62)p1u_12237,141.29830224162927,6196.476153521631,True,0.9891664089679749,1.0299995252080596,0,0,18,0.9179089649768366,recloser_disswitch(r:p1udt228-p1udt62)p1u_12237,141.29830224162927,6196.476153521631
10,47458,2023-06-02T03:00,lower_activity_half,5.0,55.412163734436035,1.0,55.412163734436035,True,True,0.9890784891799381,1.029999523399058,0,0,18,0.9215331002159726,recloser_disswitch(r:p1udt228-p1udt62)p1u_12237,142.20921181063787,6219.551163496742,True,0.9890784891799381,1.029999523399058,0,0,18,0.9215331002159726,recloser_disswitch(r:p1udt228-p1udt62)p1u_12237,142.20921181063787,6219.551163496742
10,47458,2023-06-02T03:00,lower_activity_half,10.0,110.82432746887207,1.0,110.82432746887207,True,True,0.9888592759292725,1.0299995188809221,0,0,18,0.9305833484905858,recloser_disswitch(r:p1udt228-p1udt62)p1u_12237,144.50248687470827,6277.163824265307,True,0.9888592759292725,1.0299995188809221,0,0,18,0.9305833484905858,recloser_disswitch(r:p1udt228-p1udt62)p1u_12237,144.50248687470827,6277.163824265307
10,47868,2023-06-19T05:00,lower_activity_half,1.0,3.571868658065796,1.0,3.571868658065796,True,True,0.9892784257982427,1.0299995275976495,0,0,18,0.9131156213167151,recloser_disswitch(r:p1udt228-p1udt62)p1u_12237,140.12149694226022,6165.970088371345,True,0.9892784257982427,1.0299995275976495,0,0,18,0.9131156213167151,recloser_disswitch(r:p1udt228-p1udt62)p1u_12237,140.12149694226022,6165.970088371345
10,47868,2023-06-19T05:00,lower_activity_half,3.0,10.715605974197388,1.0,10.715605974197388,True,True,0.9892470365599599,1.0299995270346358,0,0,18,0.9142429939821832,recloser_disswitch(r:p1udt228-p1udt62)p1u_12237,140.43985669254724,6173.123476817735,True,0.9892470365599599,1.0299995270346358,0,0,18,0.9142429939821832,recloser_disswitch(r:p1udt228-p1udt62)p1u_12237,140.43985669254724,6173.123476817735
10,47868,2023-06-19T05:00,lower_activity_half,5.0,17.85934329032898,1.0,17.85934329032898,True,True,0.9892131070513722,1.0299995264460224,0,0,18,0.9154184773690421,recloser_disswitch(r:p1udt228-p1udt62)p1u_12237,140.7736537526736,6180.599840714885,True,0.9892131070513722,1.0299995264460224,0,0,18,0.9154184773690421,recloser_disswitch(r:p1udt228-p1udt62)p1u_12237,140.7736537526736,6180.599840714885
10,47868,2023-06-19T05:00,lower_activity_half,10.0,35.71868658065796,1.0,35.71868658065796,True,True,0.9887359101866701,1.0299995249761085,0,0,18,0.9183534077738278,recloser_disswitch(r:p1udt228-p1udt62)p1u_12237,141.6137277588051,6199.263025985343,True,0.9887359101866701,1.0299995249761085,0,0,18,0.9183534077738278,recloser_disswitch(r:p1udt228-p1udt62)p1u_12237,141.6137277588051,6199.263025985343
10,48214,2023-07-03T15:00,lower_activity_half,1.0,73.25083684921265,1.0,73.25083684921265,True,True,0.9880715923212446,1.0299995217732498,0,0,18,0.9235474727752156,recloser_disswitch(r:p1udt228-p1udt62)p1u_12237,143.81296136143013,6238.875027168664,True,0.9880715923212446,1.0299995217732498,0,0,18,0.9235474727752156,recloser_disswitch(r:p1udt228-p1udt62)p1u_12237,143.81296136143013,6238.875027168664
10,48214,2023-07-03T15:00,lower_activity_half,3.0,219.75251054763794,1.0,219.75251054763794,True,True,0.9830423884110543,1.029999509379535,0,0,18,0.9458301163974361,recloser_disswitch(r:p1udt228-p1udt62)p1u_12237,151.9605092090928,6393.661733851208,True,0.9830423884110543,1.029999509379535,0,0,18,0.9458301163974361,recloser_disswitch(r:p1udt228-p1udt62)p1u_12237,151.9605092090928,6393.661733851208
10,48214,2023-07-03T15:00,lower_activity_half,5.0,366.25418424606323,1.0,366.25418424606323,True,True,0.977775304798947,1.0299994969055917,0,0,18,0.9681970799983949,recloser_disswitch(r:p1udt228-p1udt62)p1u_12237,160.62302304453507,6548.818968306155,True,0.977775304798947,1.0299994969055917,0,0,18,0.9681970799983949,recloser_disswitch(r:p1udt228-p1udt62)p1u_12237,160.62302304453507,6548.818968306155
10,48214,2023-07-03T15:00,lower_activity_half,10.0,732.5083684921265,0.7825927734375,573.2557556644315,False,True,0.9642508468241593,1.029999465314086,0,0,18,1.0823483245181953,l(r:p1udt61lv-p1ulv156),184.62953050541066,6938.954958707304,True,0.970192697511061,1.029999479114076,0,0,18,0.999996963022034,recloser_disswitch(r:p1udt228-p1udt62)p1u_12237,173.77728065163276,6769.02369174975
10,48449,2023-07-13T10:00,upper_activity_half,1.0,185.93796157836914,1.0,185.93796157836914,True,True,0.9848222229052362,1.0299995122411398,0,0,18,0.9405942364080908,recloser_disswitch(r:p1udt228-p1udt62)p1u_12237,150.07987293482813,6358.1135262913385,True,0.9848222229052362,1.0299995122411398,0,0,18,0.9405942364080908,recloser_disswitch(r:p1udt228-p1udt62)p1u_12237,150.07987293482813,6358.1135262913385
10,48449,2023-07-13T10:00,upper_activity_half,3.0,557.8138847351074,1.0,557.8138847351074,True,True,0.9725712858433244,1.0299994805437926,0,0,18,0.997198986857567,recloser_disswitch(r:p1udt228-p1udt62)p1u_12237,172.60522056643183,6752.268146384469,True,0.9725712858433244,1.0299994805437926,0,0,18,0.997198986857567,recloser_disswitch(r:p1udt228-p1udt62)p1u_12237,172.60522056643183,6752.268146384469
10,48449,2023-07-13T10:00,upper_activity_half,5.0,929.6898078918457,0.6195068359375,575.9491912904195,False,True,0.9598753742764594,1.0299994482922323,0,0,18,1.058030616209674,l(r:p1udt175lv-p1ulv493),198.30040687443827,7149.785354404677,True,0.9719588652166629,1.0299994789708558,0,0,18,0.9999998367583889,recloser_disswitch(r:p1udt228-p1udt62)p1u_12237,173.7918999323442,6771.731799819868
10,48449,2023-07-13T10:00,upper_activity_half,10.0,1859.3796157836914,0.30975341796875,575.9491912904195,False,True,0.9258916296142868,1.0299993650961363,12,0,18,1.4361220648611956,l(r:p1udt175lv-p1ulv493),277.55890891643895,8158.770136478723,True,0.9719588739823252,1.029999478970884,0,0,18,0.9999997875325028,recloser_disswitch(r:p1udt228-p1udt62)p1u_12237,173.79187816455155,6771.731463073751
10,48450,2023-07-13T11:00,upper_activity_half,1.0,197.65360134840012,1.0,197.65360134840012,True,True,0.983714177496546,1.0299995112178748,0,0,18,0.9393262522658493,recloser_disswitch(r:p1udt228-p1udt62)p1u_12237,150.79879959437292,6370.548872938225,True,0.983714177496546,1.0299995112178748,0,0,18,0.9393262522658493,recloser_disswitch(r:p1udt228-p1udt62)p1u_12237,150.79879959437292,6370.548872938225
10,48450,2023-07-13T11:00,upper_activity_half,3.0,592.9608040452003,1.0,592.9608040452003,True,True,0.9691134102743946,1.0299994773684003,0,0,18,0.9934625295156081,recloser_disswitch(r:p1udt228-p1udt62)p1u_12237,175.34039725726882,6790.127356693851,True,0.9691134102743946,1.0299994773684003,0,0,18,0.9934625295156081,recloser_disswitch(r:p1udt228-p1udt62)p1u_12237,175.34039725726882,6790.127356693851
10,48450,2023-07-13T11:00,upper_activity_half,5.0,988.2680067420006,0.647705078125,640.1062065152655,False,True,0.9538541913457927,1.029999442788172,0,0,18,1.0521026590365663,l(r:p1udt175lv-p1ulv493),203.90933277670243,7214.147093713818,True,0.9673241425561854,1.0299994732683229,0,0,18,0.9999984250777001,recloser_disswitch(r:p1udt228-p1udt62)p1u_12237,178.54099668573159,6840.637967790299
10,48450,2023-07-13T11:00,upper_activity_half,10.0,1976.5360134840012,0.3238525390625,640.1062065152655,False,True,0.9123408111367073,1.029999353018925,12,0,18,1.424198738328289,l(r:p1udt175lv-p1ulv493),294.72202539049584,8293.218545438656,True,0.9673241303229775,1.0299994732682907,0,0,18,0.9999984838248289,recloser_disswitch(r:p1udt228-p1udt62)p1u_12237,178.54102461401078,6840.638348897105
10,49081,2023-08-08T18:00,upper_activity_half,1.0,184.03811740875244,1.0,184.03811740875244,True,True,0.9841282923674876,1.0299995124054555,0,0,18,0.9380915225469216,recloser_disswitch(r:p1udt228-p1udt62)p1u_12237,149.76084981830357,6355.918154671742,True,0.9841282923674876,1.0299995124054555,0,0,18,0.9380915225469216,recloser_disswitch(r:p1udt228-p1udt62)p1u_12237,149.76084981830357,6355.918154671742
10,49081,2023-08-08T18:00,upper_activity_half,3.0,552.1143522262573,1.0,552.1143522262573,True,True,0.9704071773671631,1.029999481024969,0,0,18,0.9896539346491667,recloser_disswitch(r:p1udt228-p1udt62)p1u_12237,171.64607621682129,6745.609127219914,True,0.9704071773671631,1.029999481024969,0,0,18,0.9896539346491667,recloser_disswitch(r:p1udt228-p1udt62)p1u_12237,171.64607621682129,6745.609127219914
10,49081,2023-08-08T18:00,upper_activity_half,5.0,920.1905870437622,0.67706298828125,623.0269886521273,False,True,0.9561054020970262,1.0299994490443452,0,0,18,1.1502309152085242,l(r:p1udt175lv-p1ulv493),196.73266127094405,7138.896805772439,True,0.9676941734029902,1.0299994748981378,0,0,18,0.9999918745951664,l(r:p1udt175lv-p1ulv493),176.23290329869204,6821.250284817416
10,49081,2023-08-08T18:00,upper_activity_half,10.0,1840.3811740875244,0.3385009765625,622.9708246758673,False,True,0.9174203393033982,1.029999366413935,6,0,18,1.6248706671147943,l(r:p1udt175lv-p1ulv493),274.720158270472,8137.070274683377,True,0.9676963043694568,1.0299994749029309,0,0,18,0.9999637980394147,l(r:p1udt175lv-p1ulv493),176.22926996075137,6821.191134934744
10,49289,2023-08-17T10:00,upper_activity_half,1.0,186.71374398469925,1.0,186.71374398469925,True,True,0.9866855415529016,1.0299995122161945,0,0,18,0.9383172739707423,recloser_disswitch(r:p1udt228-p1udt62)p1u_12237,149.79882032634478,6358.620120855125,True,0.9866855415529016,1.0299995122161945,0,0,18,0.9383172739707423,recloser_disswitch(r:p1udt228-p1udt62)p1u_12237,149.79882032634478,6358.620120855125
10,49289,2023-08-17T10:00,upper_activity_half,3.0,560.1412319540977,1.0,560.1412319540977,True,True,0.9783259104907566,1.029999480505319,0,0,18,0.99027337731641,recloser_disswitch(r:p1udt228-p1udt62)p1u_12237,171.48079363773536,6753.481587570104,True,0.9783259104907566,1.029999480505319,0,0,18,0.99027337731641,recloser_disswitch(r:p1udt228-p1udt62)p1u_12237,171.48079363773536,6753.481587570104
10,49289,2023-08-17T10:00,upper_activity_half,5.0,933.5687199234962,0.6741943359375,629.4067431808435,False,True,0.9697634793130729,1.0299994482917831,0,0,18,1.131697731680363,l(r:p1udt175lv-p1ulv493),195.91503981745748,7151.299517770846,True,0.9767508143144554,1.0299994745550223,0,0,18,0.9999924024027529,recloser_disswitch(r:p1udt228-p1udt62)p1u_12237,175.81055794633912,6827.207990150712
10,49289,2023-08-17T10:00,upper_activity_half,10.0,1867.1374398469925,0.33709716796875,629.4067431808435,False,True,0.9473921567798524,1.0299993654895154,6,0,18,1.5868190546502159,l(r:p1udt175lv-p1ulv493),269.7409556284659,8158.761290199046,True,0.9767508197611079,1.0299994745550498,0,0,18,0.9999923560386068,recloser_disswitch(r:p1udt228-p1udt62)p1u_12237,175.81054564805552,6827.207664671359
10,49408,2023-08-22T09:00,upper_activity_half,1.0,197.64600601792336,1.0,197.64600601792336,True,True,0.9833348188315886,1.0299995112062006,0,0,18,0.935866424024753,recloser_disswitch(r:p1udt228-p1udt62)p1u_12237,150.71381831586064,6370.462364087464,True,0.9833348188315886,1.0299995112062006,0,0,18,0.935866424024753,recloser_disswitch(r:p1udt228-p1udt62)p1u_12237,150.71381831586064,6370.462364087464
10,49408,2023-08-22T09:00,upper_activity_half,3.0,592.9380180537701,1.0,592.9380180537701,True,True,0.9679194565397842,1.029999477288532,0,0,18,0.9918065841887009,l(r:p1udm822-p1ulv579),175.18583120779317,6789.942319555785,True,0.9679194565397842,1.029999477288532,0,0,18,0.9918065841887009,l(r:p1udm822-p1ulv579),175.18583120779317,6789.942319555785
10,49408,2023-08-22T09:00,upper_activity_half,5.0,988.2300300896168,0.6119384765625,604.7359791063536,False,True,0.9517593308686108,1.0299994425698429,0,0,18,1.2656431376730866,l(r:p1udm822-p1ulv579),203.84430098297295,7214.041672601676,True,0.967442357269869,1.0299994762484426,0,0,18,0.9999656002329126,l(r:p1udm822-p1ulv579),175.9893589793112,6802.716099837151
10,49408,2023-08-22T09:00,upper_activity_half,10.0,1976.4600601792336,0.30596923828125,604.7359791063536,False,True,0.9075005614944905,1.0299993520980475,6,0,18,1.9685082490109413,l(r:p1udm822-p1ulv579),295.8275685794424,8294.239324821194,True,0.9674423700293837,1.0299994762484752,0,0,18,0.9999654910508345,l(r:p1udm822-p1ulv579),175.9893514914545,6802.715712140001
10,49409,2023-08-22T10:00,upper_activity_half,1.0,219.909832239151,1.0,219.909832239151,True,True,0.9831458392499494,1.0299995093189973,0,0,18,0.9398917388109833,recloser_disswitch(r:p1udt228-p1udt62)p1u_12237,152.09087319168876,6394.1056483838765,True,0.9831458392499494,1.0299995093189973,0,0,18,0.9398917388109833,recloser_disswitch(r:p1udt228-p1udt62)p1u_12237,152.09087319168876,6394.1056483838765
10,49409,2023-08-22T10:00,upper_activity_half,3.0,659.729496717453,1.0,659.729496717453,True,True,0.9673315980434366,1.0299994715278575,0,0,18,0.9952198660377589,recloser_disswitch(r:p1udt228-p1udt62)p1u_12237,179.95733856754535,6861.478817557844,True,0.9673315980434366,1.0299994715278575,0,0,18,0.9952198660377589,recloser_disswitch(r:p1udt228-p1udt62)p1u_12237,179.95733856754535,6861.478817557844
10,49409,2023-08-22T10:00,upper_activity_half,5.0,1099.549161195755,0.3154296875,346.8304483068641,False,True,0.9507354570047616,1.0299994327865267,0,0,18,1.2451879690764354,l(r:p1udm822-p1ulv579),212.9199938731323,7334.432335054906,True,0.9786531365751346,1.0299994984946867,0,0,18,0.9557895318421371,recloser_disswitch(r:p1udt228-p1udt62)p1u_12237,159.63713509820874,6528.576482924113
10,49409,2023-08-22T10:00,upper_activity_half,10.0,2199.09832239151,0.15771484375,346.8304483068641,False,True,0.9051823635354521,1.029999331557126,12,0,18,1.926953344867765,l(r:p1udm822-p1ulv579),320.0970689699884,8541.13059365795,True,0.9786531365722805,1.0299994984946867,0,0,18,0.9557895285140674,recloser_disswitch(r:p1udt228-p1udt62)p1u_12237,159.6371360931983,6528.576482924113
10,49410,2023-08-22T11:00,upper_activity_half,1.0,204.56667828559875,1.0,204.56667828559875,True,True,0.9841804635606477,1.0299995106887794,0,0,18,0.9381546321297501,recloser_disswitch(r:p1udt228-p1udt62)p1u_12237,150.94939432437513,6377.549135600056,True,0.9841804635606477,1.0299995106887794,0,0,18,0.9381546321297501,recloser_disswitch(r:p1udt228-p1udt62)p1u_12237,150.94939432437513,6377.549135600056
10,49410,2023-08-22T11:00,upper_activity_half,3.0,613.7000348567963,1.0,613.7000348567963,True,True,0.9705645670028931,1.0299994757222284,0,0,18,0.9899525940750536,recloser_disswitch(r:p1udt228-p1udt62)p1u_12237,175.97641119384764,6811.497404307755,True,0.9705645670028931,1.0299994757222284,0,0,18,0.9899525940750536,recloser_disswitch(r:p1udt228-p1udt62)p1u_12237,175.97641119384764,6811.497404307755
10,49410,2023-08-22T11:00,upper_activity_half,5.0,1022.8333914279938,0.67669677734375,692.1480597389018,False,True,0.9563769804946731,1.0299994399687566,0,0,18,1.1805647275205333,l(r:p1udm822-p1ulv579),205.2730522473429,7250.07526989004,True,0.9678855876125873,1.0299994689139997,0,0,18,0.9999958873463324,recloser_disswitch(r:p1udt228-p1udt62)p1u_12237,181.26462493439587,6895.403074772476
10,49410,2023-08-22T11:00,upper_activity_half,10.0,2045.6667828559875,0.33831787109375,692.0856309430383,False,True,0.9180233061551125,1.0299993469791286,12,0,18,1.7929530492429975,l(r:p1udm822-p1ulv579),299.0602141385695,8366.687929363801,True,0.9678877241913368,1.0299994689194167,0,0,18,0.9999879015927708,recloser_disswitch(r:p1udt228-p1udt62)p1u_12237,181.26035259277018,6895.336381452425
10,49458,2023-08-24T11:00,upper_activity_half,1.0,192.7057340145111,1.0,192.7057340145111,True,True,0.9839136225716606,1.0299995116528398,0,0,18,0.9408250840297947,recloser_disswitch(r:p1udt228-p1udt62)p1u_12237,150.63638504924378,6365.470296987838,True,0.9839136225716606,1.0299995116528398,0,0,18,0.9408250840297947,recloser_disswitch(r:p1udt228-p1udt62)p1u_12237,150.63638504924378,6365.470296987838
10,49458,2023-08-24T11:00,upper_activity_half,3.0,578.1172020435333,1.0,578.1172020435333,True,True,0.9697334980854863,1.0299994786607738,0,0,18,0.9980167009651968,recloser_disswitch(r:p1udt228-p1udt62)p1u_12237,175.03349683150117,6774.9775728989325,True,0.9697334980854863,1.0299994786607738,0,0,18,0.9980167009651968,recloser_disswitch(r:p1udt228-p1udt62)p1u_12237,175.03349683150117,6774.9775728989325
10,49458,2023-08-24T11:00,upper_activity_half,5.0,963.5286700725555,0.613525390625,591.1493036846514,False,True,0.9549259907616068,1.0299994449052912,0,0,18,1.177845792408612,l(r:p1udt175lv-p1ulv493),203.7250544854243,7189.22323936026,True,0.9692383475637252,1.0299994775172234,0,0,18,0.9999926697420812,recloser_disswitch(r:p1udt228-p1udt62)p1u_12237,175.94170398457285,6789.081752725004
10,49458,2023-08-24T11:00,upper_activity_half,10.0,1927.057340145111,0.3067626953125,591.1493036846514,False,True,0.9147202076935915,1.0299993570399306,12,0,18,1.6818744124611864,l(r:p1udt175lv-p1ulv493),296.17307726828136,8245.189726227392,True,0.9692383364805537,1.0299994775171921,0,0,18,0.9999927239309337,recloser_disswitch(r:p1udt228-p1udt62)p1u_12237,175.94172479795762,6789.082125583973
10,49459,2023-08-24T12:00,upper_activity_half,1.0,189.81134700775146,1.0,189.81134700775146,True,True,0.9830768091851861,1.029999511891911,0,0,18,0.9385966489967852,recloser_disswitch(r:p1udt228-p1udt62)p1u_12237,150.51325493093063,6362.430631670208,True,0.9830768091851861,1.029999511891911,0,0,18,0.9385966489967852,recloser_disswitch(r:p1udt228-p1udt62)p1u_12237,150.51325493093063,6362.430631670208
10,49459,2023-08-24T12:00,upper_activity_half,3.0,569.4340410232544,1.0,569.4340410232544,True,True,0.9671073507695321,1.0299994793593,0,0,18,0.9913256817028916,recloser_disswitch(r:p1udt228-p1udt62)p1u_12237,174.76090181161703,6766.01764038362,True,0.9671073507695321,1.0299994793593,0,0,18,0.9913256817028916,recloser_disswitch(r:p1udt228-p1udt62)p1u_12237,174.76090181161703,6766.01764038362
10,49459,2023-08-24T12:00,upper_activity_half,5.0,949.0567350387573,0.6649169921875,631.0439496772597,False,True,0.9503298299990467,1.0299994460397817,0,0,18,1.044954423130749,recloser_disswitch(r:p1udt228-p1udt62)p1u_12237,203.46974483967398,7174.493772214917,True,0.9644354661129632,1.029999473991097,0,0,18,0.9999935911451715,recloser_disswitch(r:p1udt228-p1udt62)p1u_12237,179.11854259551433,6832.153252343953
10,49459,2023-08-24T12:00,upper_activity_half,10.0,1898.1134700775146,0.33245849609375,631.0439496772597,False,True,0.9041605507825572,1.029999359080162,12,0,18,1.380823917601214,l(r:p1udm822-p1ulv579),297.1841650617241,8217.24635463722,True,0.9644354812671264,1.0299994739911305,0,0,18,0.999993533861229,recloser_disswitch(r:p1udt228-p1udt62)p1u_12237,179.11850901831656,6832.152852282976
10,49553,2023-08-28T10:00,upper_activity_half,1.0,197.9076976776123,1.0,197.9076976776123,True,True,0.9854231101363404,1.0299995112489566,0,0,18,0.9384873127632044,recloser_disswitch(r:p1udt228-p1udt62)p1u_12237,150.48460761121828,6370.509105806954,True,0.9854231101363404,1.0299995112489566,0,0,18,0.9384873127632044,recloser_disswitch(r:p1udt228-p1udt62)p1u_12237,150.48460761121828,6370.509105806954
10,49553,2023-08-28T10:00,upper_activity_half,3.0,593.7230930328369,1.0,593.7230930328369,True,True,0.9744373912733404,1.0299994775578118,0,0,18,0.9907908450598077,recloser_disswitch(r:p1udt228-p1udt62)p1u_12237,173.77237294700194,6789.338300690659,True,0.9744373912733404,1.0299994775578118,0,0,18,0.9907908450598077,recloser_disswitch(r:p1udt228-p1udt62)p1u_12237,173.77237294700194,6789.338300690659
10,49553,2023-08-28T10:00,upper_activity_half,5.0,989.5384883880615,0.66973876953125,662.7322896168334,False,True,0.9630987989259981,1.029999443292062,0,0,18,1.1142953179813693,l(r:p1udt175lv-p1ulv493),200.15144188723053,7211.478644610096,True,0.9724829027690343,1.0299994716103307,0,0,18,0.9999925960682351,recloser_disswitch(r:p1udt228-p1udt62)p1u_12237,178.15501908189,6862.877693121646
10,49553,2023-08-28T10:00,upper_activity_half,10.0,1979.076976776123,0.3348388671875,662.6718929805793,False,True,0.9330092011640325,1.0299993550067,6,0,18,1.5813386900150985,l(r:p1udm822-p1ulv579),280.5435797098343,8281.467379434253,True,0.9724845994823201,1.0299994716154717,0,0,18,0.9999846559909801,recloser_disswitch(r:p1udt228-p1udt62)p1u_12237,178.15117908197797,6862.814138154294
10,49846,2023-09-09T15:00,lower_activity_half,1.0,30.41227789223194,1.0,30.41227789223194,True,True,0.989116041438272,1.0299995253270944,0,0,18,0.9168050221968977,recloser_disswitch(r:p1udt228-p1udt62)p1u_12237,141.65278422567212,6194.204376153578,True,0.989116041438272,1.0299995253270944,0,0,18,0.9168050221968977,recloser_disswitch(r:p1udt228-p1udt62)p1u_12237,141.65278422567212,6194.204376153578
10,49846,2023-09-09T15:00,lower_activity_half,3.0,91.23683367669582,1.0,91.23683367669582,True,True,0.9867401992631849,1.0299995201672252,0,0,18,0.9254016325256021,recloser_disswitch(r:p1udt228-p1udt62)p1u_12237,145.17474142381892,6258.384806611784,True,0.9867401992631849,1.0299995201672252,0,0,18,0.9254016325256021,recloser_disswitch(r:p1udt228-p1udt62)p1u_12237,145.17474142381892,6258.384806611784
10,49846,2023-09-09T15:00,lower_activity_half,5.0,152.0613894611597,1.0,152.0613894611597,True,True,0.9840078633155074,1.0299995149647845,0,0,18,0.9340566581565912,recloser_disswitch(r:p1udt228-p1udt62)p1u_12237,148.8719429679637,6322.904620445737,True,0.9840078633155074,1.0299995149647845,0,0,18,0.9340566581565912,recloser_disswitch(r:p1udt228-p1udt62)p1u_12237,148.8719429679637,6322.904620445737
10,49846,2023-09-09T15:00,lower_activity_half,10.0,304.1227789223194,1.0,304.1227789223194,True,True,0.977078702327864,1.0299995018321664,0,0,18,0.9558377571631215,recloser_disswitch(r:p1udt228-p1udt62)p1u_12237,158.86239839222102,6484.914516609066,True,0.977078702327864,1.0299995018321664,0,0,18,0.9558377571631215,recloser_disswitch(r:p1udt228-p1udt62)p1u_12237,158.86239839222102,6484.914516609066
10,50168,2023-09-23T01:00,lower_activity_half,1.0,8.444974184036255,1.0,8.444974184036255,True,True,0.989258737622397,1.029999527212762,0,0,18,0.9133591548377796,recloser_disswitch(r:p1udt228-p1udt62)p1u_12237,140.31191452593902,6170.8213709269485,True,0.989258737622397,1.029999527212762,0,0,18,0.9133591548377796,recloser_disswitch(r:p1udt228-p1udt62)p1u_12237,140.31191452593902,6170.8213709269485
10,50168,2023-09-23T01:00,lower_activity_half,3.0,25.334922552108765,1.0,25.334922552108765,True,True,0.9891830260145549,1.029999525829484,0,0,18,0.9150687362522014,recloser_disswitch(r:p1udt228-p1udt62)p1u_12237,141.03998395834194,6188.312801890699,True,0.9891830260145549,1.029999525829484,0,0,18,0.9150687362522014,recloser_disswitch(r:p1udt228-p1udt62)p1u_12237,141.03998395834194,6188.312801890699
10,50168,2023-09-23T01:00,lower_activity_half,5.0,42.224870920181274,1.0,42.224870920181274,True,True,0.9891062126048347,1.0299995244349787,0,0,18,0.9167974388667797,recloser_disswitch(r:p1udt228-p1udt62)p1u_12237,141.77796759884285,6205.939727286585,True,0.9891062126048347,1.0299995244349787,0,0,18,0.9167974388667797,recloser_disswitch(r:p1udt228-p1udt62)p1u_12237,141.77796759884285,6205.939727286585
10,50168,2023-09-23T01:00,lower_activity_half,10.0,84.44974184036255,1.0,84.44974184036255,True,True,0.9889146061704599,1.0299995209515047,0,0,18,0.9211090161728634,recloser_disswitch(r:p1udt228-p1udt62)p1u_12237,143.6376574782103,6249.9406924552695,True,0.9889146061704599,1.0299995209515047,0,0,18,0.9211090161728634,recloser_disswitch(r:p1udt228-p1udt62)p1u_12237,143.6376574782103,6249.9406924552695
10,51647,2023-11-23T16:00,lower_activity_half,1.0,17.233353793621063,1.0,17.233353793621063,True,True,0.9892118222691544,1.0299995264886832,0,0,18,0.915334494130992,recloser_disswitch(r:p1udt228-p1udt62)p1u_12237,140.67611081658958,6180.1115420656915,True,0.9892118222691544,1.0299995264886832,0,0,18,0.915334494130992,recloser_disswitch(r:p1udt228-p1udt62)p1u_12237,140.67611081658958,6180.1115420656915
10,51647,2023-11-23T16:00,lower_activity_half,3.0,51.70006138086319,1.0,51.70006138086319,True,True,0.9890458403370953,1.0299995236944288,0,0,18,0.920932140791789,recloser_disswitch(r:p1udt228-p1udt62)p1u_12237,142.11655441260794,6215.708571422615,True,0.9890458403370953,1.0299995236944288,0,0,18,0.920932140791789,recloser_disswitch(r:p1udt228-p1udt62)p1u_12237,142.11655441260794,6215.708571422615
10,51647,2023-11-23T16:00,lower_activity_half,5.0,86.16676896810532,1.0,86.16676896810532,True,True,0.9888772557953474,1.0299995208732347,0,0,18,0.9265769400339627,recloser_disswitch(r:p1udt228-p1udt62)p1u_12237,143.581064968857,6251.63790040958,True,0.9888772557953474,1.0299995208732347,0,0,18,0.9265769400339627,recloser_disswitch(r:p1udt228-p1udt62)p1u_12237,143.581064968857,6251.63790040958
10,51647,2023-11-23T16:00,lower_activity_half,10.0,172.33353793621063,1.0,172.33353793621063,True,True,0.9884566730988842,1.029999513825742,0,0,18,0.9406744919958326,recloser_disswitch(r:p1udt228-p1udt62)p1u_12237,147.28007343019524,6341.348307496483,True,0.9884566730988842,1.029999513825742,0,0,18,0.9406744919958326,recloser_disswitch(r:p1udt228-p1udt62)p1u_12237,147.28007343019524,6341.348307496483
11,44103,2023-01-13T08:00,lower_activity_half,1.0,79.95436143875122,1.0,79.95436143875122,True,True,0.9883975181046248,1.0299995211057595,0,0,18,0.9199036171401055,recloser_disswitch(r:p1udt228-p1udt62)p1u_12237,144.34584841993853,6246.428615941709,True,0.9883975181046248,1.0299995211057595,0,0,18,0.9199036171401055,recloser_disswitch(r:p1udt228-p1udt62)p1u_12237,144.34584841993853,6246.428615941709
11,44103,2023-01-13T08:00,lower_activity_half,3.0,239.86308431625366,1.0,239.86308431625366,True,True,0.9852595859134136,1.0299995074085941,0,0,18,0.9347251341041902,recloser_disswitch(r:p1udt228-p1udt62)p1u_12237,153.68570518750474,6415.485030268662,True,0.9852595859134136,1.0299995074085941,0,0,18,0.9347251341041902,recloser_disswitch(r:p1udt228-p1udt62)p1u_12237,153.68570518750474,6415.485030268662
11,44103,2023-01-13T08:00,lower_activity_half,5.0,399.7718071937561,0.983642578125,393.2325710897567,False,True,0.9802339736146226,1.0299994935393593,0,0,18,1.006867703671872,l(r:p1udm822-p1ulv579),163.7877702991826,6585.4833629082195,True,0.9804399589825928,1.0299994941038193,0,0,18,0.9999752258411136,l(r:p1udm822-p1ulv579),163.36314800694734,6578.586269928139
11,44103,2023-01-13T08:00,lower_activity_half,10.0,799.5436143875122,0.4918212890625,393.2325710897567,False,True,0.9673350555692454,1.0299994581684844,0,0,18,1.4338785436075885,l(r:p1udm822-p1ulv579),192.4525240042688,7013.720623891382,True,0.9804399565178703,1.0299994941038062,0,0,18,0.9999752840475755,l(r:p1udm822-p1ulv579),163.36316404524246,6578.586423598099
11,44752,2023-02-09T09:00,lower_activity_half,1.0,125.63688196241856,1.0,125.63688196241856,True,True,0.9872030479140158,1.0299995172572267,0,0,18,0.9275650496770895,recloser_disswitch(r:p1udt228-p1udt62)p1u_12237,146.8028872571132,6294.508379395331,True,0.9872030479140158,1.0299995172572267,0,0,18,0.9275650496770895,recloser_disswitch(r:p1udt228-p1udt62)p1u_12237,146.8028872571132,6294.508379395331
11,44752,2023-02-09T09:00,lower_activity_half,3.0,376.91064588725567,1.0,376.91064588725567,True,True,0.9826371334068382,1.029999495751071,0,0,18,0.9589458059372704,l(r:p1udt175lv-p1ulv493),161.61541099419395,6560.42587871184,True,0.9826371334068382,1.029999495751071,0,0,18,0.9589458059372704,l(r:p1udt175lv-p1ulv493),161.61541099419395,6560.42587871184
11,44752,2023-02-09T09:00,lower_activity_half,5.0,628.1844098120928,0.69049072265625,433.75550709254185,False,True,0.9762302525175778,1.0299994739363068,0,0,18,1.1408976143061518,l(r:p1udt175lv-p1ulv493),177.94944855345213,6828.007871974773,True,0.9811971431883155,1.0299994908338173,0,0,18,0.9999768085142915,l(r:p1udt175lv-p1ulv493),165.1815584716971,6620.927450271528
11,44752,2023-02-09T09:00,lower_activity_half,10.0,1256.3688196241856,0.34521484375,433.71716575893515,False,True,0.9596453896221838,1.0299994180296086,0,0,18,1.6043608529674476,l(r:p1udt175lv-p1ulv493),225.73081832389505,7504.0297062772,True,0.9811981095518492,1.0299994908370957,0,0,18,0.9999492767236762,l(r:p1udt175lv-p1ulv493),165.17915041995673,6620.88713914484
11,46073,2023-04-05T10:00,upper_activity_half,1.0,190.9374189376831,1.0,190.9374189376831,True,True,0.9856519627680002,1.0299995116885812,0,0,18,0.9345836012783936,recloser_disswitch(r:p1udt228-p1udt62)p1u_12237,150.6470410107782,6363.645482173579,True,0.9856519627680002,1.0299995116885812,0,0,18,0.9345836012783936,recloser_disswitch(r:p1udt228-p1udt62)p1u_12237,150.6470410107782,6363.645482173579
11,46073,2023-04-05T10:00,upper_activity_half,3.0,572.8122568130493,0.4635009765625,265.4990404198179,False,True,0.9711889415202396,1.0299994785510778,0,0,18,1.3655145439919503,l(r:p1udt175lv-p1ulv493),175.75400423460047,6770.356066137969,True,0.9828760424392855,1.029999505296206,0,0,18,0.99998514428951,l(r:p1udt175lv-p1ulv493),155.15282679777405,6442.642432113754
11,46073,2023-04-05T10:00,upper_activity_half,5.0,954.6870946884155,0.278076171875,265.47573262942024,False,True,0.9560598643698269,1.029999444359558,0,0,18,1.8299895046961945,l(r:p1udt175lv-p1ulv493),206.14722571519164,7182.770878778959,True,0.9828769116599764,1.029999505298201,0,0,18,0.9999577332194318,l(r:p1udt175lv-p1ulv493),155.1513851480726,6442.617820329143
11,46073,2023-04-05T10:00,upper_activity_half,10.0,1909.374189376831,0.1390380859375,265.47573262942024,False,True,0.9148155320162192,1.029999353924858,12,0,18,3.0475647224919786,l(r:p1udt175lv-p1ulv493),308.05319030222216,8239.349863197114,True,0.9828769060512222,1.029999505298174,0,0,18,0.9999578887200167,l(r:p1udt175lv-p1ulv493),155.15140401573643,6442.6181428842265
11,46294,2023-04-14T15:00,lower_activity_half,1.0,91.37446284294128,1.0,91.37446284294128,True,True,0.9865206441231168,1.029999520257715,0,0,18,0.9264390114329469,recloser_disswitch(r:p1udt228-p1udt62)p1u_12237,144.75689700209148,6258.166679392112,True,0.9865206441231168,1.029999520257715,0,0,18,0.9264390114329469,recloser_disswitch(r:p1udt228-p1udt62)p1u_12237,144.75689700209148,6258.166679392112
11,46294,2023-04-14T15:00,lower_activity_half,3.0,274.12338852882385,1.0,274.12338852882385,True,True,0.9778048941987226,1.0299995048214243,0,0,18,0.954485462844879,recloser_disswitch(r:p1udt228-p1udt62)p1u_12237,155.19705544934192,6451.251831031953,True,0.9778048941987226,1.0299995048214243,0,0,18,0.954485462844879,recloser_disswitch(r:p1udt228-p1udt62)p1u_12237,155.19705544934192,6451.251831031953
11,46294,2023-04-14T15:00,lower_activity_half,5.0,456.8723142147064,1.0,456.8723142147064,True,True,0.9688573812597011,1.0299994891887636,0,0,18,0.9827740817722196,recloser_disswitch(r:p1udt228-p1udt62)p1u_12237,166.77570134945756,6645.562644308473,True,0.9688573812597011,1.0299994891887636,0,0,18,0.9827740817722196,recloser_disswitch(r:p1udt228-p1udt62)p1u_12237,166.77570134945756,6645.562644308473
11,46294,2023-04-14T15:00,lower_activity_half,10.0,913.7446284294128,0.620849609375,567.2979956289055,False,True,0.9453647306149697,1.0299994492149582,6,0,18,1.140733434628215,l(r:p1udt175lv-p1ulv493),201.03428688169714,7136.736048971123,True,0.9633281955729209,1.0299994796397691,0,0,18,0.9999969514674473,recloser_disswitch(r:p1udt228-p1udt62)p1u_12237,174.3482706312194,6763.637000837637
11,46385,2023-04-18T10:00,upper_activity_half,1.0,188.02274084091187,1.0,188.02274084091187,True,True,0.9853194780915483,1.0299995119104672,0,0,18,0.9338189235509472,recloser_disswitch(r:p1udt228-p1udt62)p1u_12237,150.6066708610087,6360.715776424263,True,0.9853194780915483,1.0299995119104672,0,0,18,0.9338189235509472,recloser_disswitch(r:p1udt228-p1udt62)p1u_12237,150.6066708610087,6360.715776424263
11,46385,2023-04-18T10:00,upper_activity_half,3.0,564.0682225227356,0.96514892578125,544.4098390351573,False,True,0.9723500522607688,1.0299994793000886,0,0,18,1.0149641151004032,l(r:p1udm822-p1ulv579),175.3545931119037,6761.2283653030945,True,0.9730746457863408,1.029999481011265,0,0,18,0.9999836434981644,l(r:p1udm822-p1ulv579),173.95335769725864,6740.353590717399
11,46385,2023-04-18T10:00,upper_activity_half,5.0,940.1137042045593,0.5791015625,544.4213150325231,False,True,0.9580902991447664,1.029999445748256,0,0,18,1.3047139994538977,l(r:p1udm822-p1ulv579),204.98659725331382,7167.063910558207,True,0.9730742115640038,1.0299994810102224,0,0,18,0.9999925274648052,l(r:p1udm822-p1ulv579),173.95421198543806,6740.366297683437
11,46385,2023-04-18T10:00,upper_activity_half,10.0,1880.2274084091187,0.28955078125,544.4213150325231,False,True,0.9194620418505641,1.029999357507365,21,0,18,2.0493550661610245,l(r:p1udm822-p1ulv579),302.85227301713945,8205.028775856365,True,0.9730742023251345,1.0299994810101876,0,0,18,0.9999926423657189,l(r:p1udm822-p1ulv579),173.95422427217602,6740.366709644573
11,46413,2023-04-19T14:00,lower_activity_half,1.0,57.698155641555786,1.0,57.698155641555786,True,True,0.9883047056087257,1.0299995230064638,0,0,18,0.9180856622957668,recloser_disswitch(r:p1udt228-p1udt62)p1u_12237,143.06788171088695,6222.8869133956905,True,0.9883047056087257,1.0299995230064638,0,0,18,0.9180856622957668,recloser_disswitch(r:p1udt228-p1udt62)p1u_12237,143.06788171088695,6222.8869133956905
11,46413,2023-04-19T14:00,lower_activity_half,3.0,173.09446692466736,1.0,173.09446692466736,True,True,0.9863077812947529,1.0299995131647108,0,0,18,0.9292628200901024,recloser_disswitch(r:p1udt228-p1udt62)p1u_12237,149.57833563648788,6344.6276486306915,True,0.9863077812947529,1.0299995131647108,0,0,18,0.9292628200901024,recloser_disswitch(r:p1udt228-p1udt62)p1u_12237,149.57833563648788,6344.6276486306915
11,46413,2023-04-19T14:00,lower_activity_half,5.0,288.49077820777893,1.0,288.49077820777893,True,True,0.984287760496832,1.0299995032296145,0,0,18,0.9405149937959885,recloser_disswitch(r:p1udt228-p1udt62)p1u_12237,156.47569446238558,6466.915410732367,True,0.984287760496832,1.0299995032296145,0,0,18,0.9405149937959885,recloser_disswitch(r:p1udt228-p1udt62)p1u_12237,156.47569446238558,6466.915410732367
11,46413,2023-04-19T14:00,lower_activity_half,10.0,576.9815564155579,0.66217041015625,382.06011386428145,False,True,0.9768848156650429,1.0299994780414632,0,0,18,1.160397727096386,l(r:p1udt175lv-p1ulv493),175.41307009382538,6774.239532134339,True,0.9820782918573093,1.0299994951100249,0,0,18,0.9999904980489256,l(r:p1udt175lv-p1ulv493),162.35345860057748,6566.4039675198
11,46948,2023-05-11T21:00,lower_activity_half,1.0,43.385165214538574,1.0,43.385165214538574,True,True,0.9878688001347851,1.0299995243023594,0,0,18,0.9182487647130706,recloser_disswitch(r:p1udt228-p1udt62)p1u_12237,142.04613346788585,6207.510672992866,True,0.9878688001347851,1.0299995243023594,0,0,18,0.9182487647130706,recloser_disswitch(r:p1udt228-p1udt62)p1u_12237,142.04613346788585,6207.510672992866
11,46948,2023-05-11T21:00,lower_activity_half,3.0,130.15549564361572,1.0,130.15549564361572,True,True,0.9849954788411979,1.0299995170794567,0,0,18,0.9297562934992479,recloser_disswitch(r:p1udt228-p1udt62)p1u_12237,146.35501886038125,6298.480716030076,True,0.9849954788411979,1.0299995170794567,0,0,18,0.9297562934992479,recloser_disswitch(r:p1udt228-p1udt62)p1u_12237,146.35501886038125,6298.480716030076
11,46948,2023-05-11T21:00,lower_activity_half,5.0,216.92582607269287,1.0,216.92582607269287,True,True,0.982095628252973,1.0299995098200316,0,0,18,0.9413078433513177,recloser_disswitch(r:p1udt228-p1udt62)p1u_12237,150.82558865286813,6389.719563361026,True,0.982095628252973,1.0299995098200316,0,0,18,0.9413078433513177,recloser_disswitch(r:p1udt228-p1udt62)p1u_12237,150.82558865286813,6389.719563361026
11,46948,2023-05-11T21:00,lower_activity_half,10.0,433.85165214538574,1.0,433.85165214538574,True,True,0.9747329565742167,1.0299994915515738,0,0,18,0.970304815483266,recloser_disswitch(r:p1udt228-p1udt62)p1u_12237,162.69904607103325,6618.471496483223,True,0.9747329565742167,1.0299994915515738,0,0,18,0.970304815483266,recloser_disswitch(r:p1udt228-p1udt62)p1u_12237,162.69904607103325,6618.471496483223
11,47304,2023-05-26T17:00,lower_activity_half,1.0,83.14106774330139,1.0,83.14106774330139,True,True,0.988712566788288,1.0299995209334625,0,0,18,0.9248392567774362,recloser_disswitch(r:p1udt228-p1udt62)p1u_12237,144.28276817303967,6249.488889540773,True,0.988712566788288,1.0299995209334625,0,0,18,0.9248392567774362,recloser_disswitch(r:p1udt228-p1udt62)p1u_12237,144.28276817303967,6249.488889540773
11,47304,2023-05-26T17:00,lower_activity_half,3.0,249.42320322990417,1.0,249.42320322990417,True,True,0.9807004802003808,1.0299995068974954,0,0,18,0.9496200024021478,recloser_disswitch(r:p1udt228-p1udt62)p1u_12237,153.51630328276565,6424.8813131090965,True,0.9807004802003808,1.0299995068974954,0,0,18,0.9496200024021478,recloser_disswitch(r:p1udt228-p1udt62)p1u_12237,153.51630328276565,6424.8813131090965
11,47304,2023-05-26T17:00,lower_activity_half,5.0,415.70533871650696,1.0,415.70533871650696,True,True,0.972491386887205,1.029999492722031,0,0,18,0.9745713290530541,recloser_disswitch(r:p1udt228-p1udt62)p1u_12237,163.535107747181,6601.171497351575,True,0.972491386887205,1.029999492722031,0,0,18,0.9745713290530541,recloser_disswitch(r:p1udt228-p1udt62)p1u_12237,163.535107747181,6601.171497351575
11,47304,2023-05-26T17:00,lower_activity_half,10.0,831.4106774330139,0.702392578125,583.9766892028274,False,True,0.9510537109696783,1.0299994566736645,0,0,18,1.037676584264511,recloser_disswitch(r:p1udt228-p1udt62)p1u_12237,192.20863922289993,7045.5882215790525,True,0.9639753784576205,1.0299994782329547,0,0,18,0.9999954373754733,recloser_disswitch(r:p1udt228-p1udt62)p1u_12237,174.50355489797786,6780.470944712331
11,47458,2023-06-02T03:00,lower_activity_half,1.0,11.082432746887207,1.0,11.082432746887207,True,True,0.9878230204262732,1.0299995269515951,0,0,18,0.9143742213527599,recloser_disswitch(r:p1udt228-p1udt62)p1u_12237,140.68798219078587,6173.88998506278,True,0.9878230204262732,1.0299995269515951,0,0,18,0.9143742213527599,recloser_disswitch(r:p1udt228-p1udt62)p1u_12237,140.68798219078587,6173.88998506278
11,47458,2023-06-02T03:00,lower_activity_half,3.0,33.24729824066162,1.0,33.24729824066162,True,True,0.9848550928756499,1.0299995250422203,0,0,18,0.9181116720386663,recloser_disswitch(r:p1udt228-p1udt62)p1u_12237,142.24171528456267,6197.470481471903,True,0.9848550928756499,1.0299995250422203,0,0,18,0.9181116720386663,recloser_disswitch(r:p1udt228-p1udt62)p1u_12237,142.24171528456267,6197.470481471903
11,47458,2023-06-02T03:00,lower_activity_half,5.0,55.412163734436035,1.0,55.412163734436035,True,True,0.981855443356928,1.0299995231021264,0,0,18,0.9218935793352108,recloser_disswitch(r:p1udt228-p1udt62)p1u_12237,143.91319454250632,6221.305294854625,True,0.981855443356928,1.0299995231021264,0,0,18,0.9218935793352108,recloser_disswitch(r:p1udt228-p1udt62)p1u_12237,143.91319454250632,6221.305294854625
11,47458,2023-06-02T03:00,lower_activity_half,10.0,110.82432746887207,1.0,110.82432746887207,True,True,0.974220124541168,1.029999518166074,0,0,18,0.9314502979157855,recloser_disswitch(r:p1udt228-p1udt62)p1u_12237,148.59288129748842,6281.370447322172,True,0.974220124541168,1.029999518166074,0,0,18,0.9314502979157855,recloser_disswitch(r:p1udt228-p1udt62)p1u_12237,148.59288129748842,6281.370447322172
11,47868,2023-06-19T05:00,lower_activity_half,1.0,3.571868658065796,1.0,3.571868658065796,True,True,0.9890413046620119,1.029999527609008,0,0,18,0.9129328212330287,recloser_disswitch(r:p1udt228-p1udt62)p1u_12237,140.15062255812046,6165.749002848944,True,0.9890413046620119,1.029999527609008,0,0,18,0.9129328212330287,recloser_disswitch(r:p1udt228-p1udt62)p1u_12237,140.15062255812046,6165.749002848944
11,47868,2023-06-19T05:00,lower_activity_half,3.0,10.715605974197388,1.0,10.715605974197388,True,True,0.9885303124873179,1.02999952700699,0,0,18,0.9138104260947,recloser_disswitch(r:p1udt228-p1udt62)p1u_12237,140.5644248260746,6173.237006427848,True,0.9885303124873179,1.02999952700699,0,0,18,0.9138104260947,recloser_disswitch(r:p1udt228-p1udt62)p1u_12237,140.5644248260746,6173.237006427848
11,47868,2023-06-19T05:00,lower_activity_half,5.0,17.85934329032898,1.0,17.85934329032898,True,True,0.9880161571589811,1.02999952639802,0,0,18,0.914700085658489,recloser_disswitch(r:p1udt228-p1udt62)p1u_12237,140.9890719632671,6180.804261625621,True,0.9880161571589811,1.02999952639802,0,0,18,0.914700085658489,recloser_disswitch(r:p1udt228-p1udt62)p1u_12237,140.9890719632671,6180.804261625621
11,47868,2023-06-19T05:00,lower_activity_half,10.0,35.71868658065796,1.0,35.71868658065796,True,True,0.9867251518759055,1.0299995248743692,0,0,18,0.9169226112833524,recloser_disswitch(r:p1udt228-p1udt62)p1u_12237,142.08155223360242,6199.6989140870965,True,0.9867251518759055,1.0299995248743692,0,0,18,0.9169226112833524,recloser_disswitch(r:p1udt228-p1udt62)p1u_12237,142.08155223360242,6199.6989140870965
11,48214,2023-07-03T15:00,lower_activity_half,1.0,73.25083684921265,1.0,73.25083684921265,True,True,0.9873190001875871,1.0299995217583688,0,0,18,0.9214473287794744,recloser_disswitch(r:p1udt228-p1udt62)p1u_12237,143.82804709777568,6238.937019558908,True,0.9873190001875871,1.0299995217583688,0,0,18,0.9214473287794744,recloser_disswitch(r:p1udt228-p1udt62)p1u_12237,143.82804709777568,6238.937019558908
11,48214,2023-07-03T15:00,lower_activity_half,3.0,219.75251054763794,1.0,219.75251054763794,True,True,0.9827075873291848,1.0299995093203522,0,0,18,0.9395181990045056,recloser_disswitch(r:p1udt228-p1udt62)p1u_12237,152.13676079280705,6393.833957000709,True,0.9827075873291848,1.0299995093203522,0,0,18,0.9395181990045056,recloser_disswitch(r:p1udt228-p1udt62)p1u_12237,152.13676079280705,6393.833957000709
11,48214,2023-07-03T15:00,lower_activity_half,5.0,366.25418424606323,1.0,366.25418424606323,True,True,0.9763462755574975,1.0299994967608816,0,0,18,0.9577004941734273,recloser_disswitch(r:p1udt228-p1udt62)p1u_12237,161.15520663255023,6549.3440648492,True,0.9763462755574975,1.0299994967608816,0,0,18,0.9577004941734273,recloser_disswitch(r:p1udt228-p1udt62)p1u_12237,161.15520663255023,6549.3440648492
11,48214,2023-07-03T15:00,lower_activity_half,10.0,732.5083684921265,0.79339599609375,581.1692066668184,False,True,0.9598778091578729,1.029999464783538,0,0,18,1.0817844354523753,l(r:p1udt175lv-p1ulv493),186.96056836306713,6941.240496361605,True,0.9667796703291545,1.0299994780877935,0,0,18,0.9999942523693232,l(r:p1udt175lv-p1ulv493),175.72660470630709,6778.886212518387
11,48449,2023-07-13T10:00,upper_activity_half,1.0,185.93796157836914,1.0,185.93796157836914,True,True,0.9846588339503963,1.0299995121873529,0,0,18,0.9383345113681902,recloser_disswitch(r:p1udt228-p1udt62)p1u_12237,150.2704451332186,6358.316626475019,True,0.9846588339503963,1.0299995121873529,0,0,18,0.9383345113681902,recloser_disswitch(r:p1udt228-p1udt62)p1u_12237,150.2704451332186,6358.316626475019
11,48449,2023-07-13T10:00,upper_activity_half,3.0,557.8138847351074,1.0,557.8138847351074,True,True,0.97326991455428,1.0299994802960792,0,0,18,0.9904720305877966,recloser_disswitch(r:p1udt228-p1udt62)p1u_12237,173.6012007678987,6753.246911185911,True,0.97326991455428,1.0299994802960792,0,0,18,0.9904720305877966,recloser_disswitch(r:p1udt228-p1udt62)p1u_12237,173.6012007678987,6753.246911185911
11,48449,2023-07-13T10:00,upper_activity_half,5.0,929.6898078918457,0.624267578125,580.375204780139,False,True,0.9601712822233982,1.0299994477194443,0,0,18,1.1896790055827446,l(r:p1udt175lv-p1ulv493),200.71551893140793,7152.167182773455,True,0.9724855038621766,1.0299994783244748,0,0,18,0.9999789909007046,l(r:p1udt175lv-p1ulv493),175.14601001127423,6777.511951376677
11,48449,2023-07-13T10:00,upper_activity_half,10.0,1859.3796157836914,0.3121337890625,580.375204780139,False,True,0.9249466031471278,1.0299993630369868,21,0,18,1.7062358502758808,l(r:p1udt175lv-p1ulv493),286.64412682723037,8167.989499948789,True,0.9724854954434659,1.029999478324444,0,0,18,0.9999790901945034,l(r:p1udt175lv-p1ulv493),175.14603127284357,6777.512315707587
11,48450,2023-07-13T11:00,upper_activity_half,1.0,197.65360134840012,1.0,197.65360134840012,True,True,0.9861568826314142,1.029999511232863,0,0,18,0.9378785177426093,recloser_disswitch(r:p1udt228-p1udt62)p1u_12237,150.65321385003259,6370.411765084524,True,0.9861568826314142,1.029999511232863,0,0,18,0.9378785177426093,recloser_disswitch(r:p1udt228-p1udt62)p1u_12237,150.65321385003259,6370.411765084524
11,48450,2023-07-13T11:00,upper_activity_half,3.0,592.9608040452003,0.9749755859375,578.1223073619403,False,True,0.9766943029249043,1.029999477437404,0,0,18,1.0079875588788259,l(r:p1udt175lv-p1ulv493),174.6647953856105,6789.458508705736,True,0.9770516537141868,1.029999478704488,0,0,18,0.9999861953425484,l(r:p1udt175lv-p1ulv493),173.70737591355126,6773.820279789982
11,48450,2023-07-13T11:00,upper_activity_half,5.0,988.2680067420006,0.5849609375,578.098179725057,False,True,0.9669655625348884,1.029999442970779,0,0,18,1.223786803041652,l(r:p1udt175lv-p1ulv493),202.30844779354072,7212.338385533782,True,0.9770522363314622,1.0299994787065576,0,0,18,0.9999731569674037,l(r:p1udt175lv-p1ulv493),173.70582424139636,6773.794733764538
11,48450,2023-07-13T11:00,upper_activity_half,10.0,1976.5360134840012,0.29248046875,578.098179725057,False,True,0.9413503395346723,1.029999353705839,15,0,18,1.776499541869663,l(r:p1udt175lv-p1ulv493),288.4826574235623,8286.833570773104,True,0.9770522302687867,1.0299994787065272,0,0,18,0.9999732617185955,l(r:p1udt175lv-p1ulv493),173.7058442778674,6773.795098545383
11,49081,2023-08-08T18:00,upper_activity_half,1.0,184.03811740875244,1.0,184.03811740875244,True,True,0.9847057949135785,1.029999512339001,0,0,18,0.9338008478155992,recloser_disswitch(r:p1udt228-p1udt62)p1u_12237,150.0123238479708,6356.14899931099,True,0.9847057949135785,1.029999512339001,0,0,18,0.9338008478155992,recloser_disswitch(r:p1udt228-p1udt62)p1u_12237,150.0123238479708,6356.14899931099
11,49081,2023-08-08T18:00,upper_activity_half,3.0,552.1143522262573,1.0,552.1143522262573,True,True,0.9702695432721189,1.0299994806459498,0,0,18,0.9768855408526201,recloser_disswitch(r:p1udt228-p1udt62)p1u_12237,173.30218306233886,6747.238393939882,True,0.9702695432721189,1.0299994806459498,0,0,18,0.9768855408526201,recloser_disswitch(r:p1udt228-p1udt62)p1u_12237,173.30218306233886,6747.238393939882
11,49081,2023-08-08T18:00,upper_activity_half,5.0,920.1905870437622,0.776611328125,714.6304339321796,False,True,0.9549021671942216,1.0299994480940649,0,0,18,1.1203483964141876,l(r:p1udm822-p1ulv579),201.10333905230473,7143.261051611066,True,0.9635721585602663,1.0299994663685725,0,0,18,0.9999774637254221,l(r:p1udm822-p1ulv579),185.01074111870318,6921.631986993304
11,49081,2023-08-08T18:00,upper_activity_half,10.0,1840.3811740875244,0.3883056640625,714.6304339321796,False,True,0.9128292481441913,1.0299993627227144,21,0,18,1.670948744925865,l(r:p1udm822-p1ulv579),292.6790015911756,8155.015160889834,True,0.9635721453391609,1.0299994663685355,0,0,18,0.9999775753813601,l(r:p1udm822-p1ulv579),185.0107540399377,6921.632418115854
11,49289,2023-08-17T10:00,upper_activity_half,1.0,186.71374398469925,1.0,186.71374398469925,True,True,0.9844811306825941,1.029999512080008,0,0,18,0.9383228433351839,recloser_disswitch(r:p1udt228-p1udt62)p1u_12237,150.4140759067342,6359.274744137608,True,0.9844811306825941,1.029999512080008,0,0,18,0.9383228433351839,recloser_disswitch(r:p1udt228-p1udt62)p1u_12237,150.4140759067342,6359.274744137608
11,49289,2023-08-17T10:00,upper_activity_half,3.0,560.1412319540977,0.63751220703125,357.0968730322602,False,True,0.9730321421206933,1.0299994799190955,0,0,18,1.17880514040837,l(r:p1udt175lv-p1ulv493),174.2810468772,6756.24000974487,True,0.980009152969788,1.0299994974979196,0,0,18,0.9999787718933003,l(r:p1udt175lv-p1ulv493),160.80601465700934,6539.89327980475
11,49289,2023-08-17T10:00,upper_activity_half,5.0,933.5687199234962,0.38250732421875,357.0968730322602,False,True,0.9597472934727118,1.0299994469540785,0,0,18,1.5125586900860444,l(r:p1udt175lv-p1ulv493),202.31584213010353,7157.840398852351,True,0.9800091530092266,1.0299994974979199,0,0,18,0.9999787711178717,l(r:p1udt175lv-p1ulv493),160.80602574910225,6539.893276225395
11,49289,2023-08-17T10:00,upper_activity_half,10.0,1867.1374398469925,0.19122314453125,357.03989251956955,False,True,0.9239936260890839,1.0299993608993172,18,0,18,2.3762447379094587,l(r:p1udt175lv-p1ulv493),292.359514133163,8181.450755599525,True,0.9800106626162142,1.0299994975028262,0,0,18,0.9999288099799829,l(r:p1udt175lv-p1ulv493),160.80238892621355,6539.832683912093
11,49408,2023-08-22T09:00,upper_activity_half,1.0,197.64600601792336,1.0,197.64600601792336,True,True,0.9862644335639017,1.0299995111727447,0,0,18,0.938992742630212,recloser_disswitch(r:p1udt228-p1udt62)p1u_12237,150.91661014741842,6370.60193608732,True,0.9862644335639017,1.0299995111727447,0,0,18,0.938992742630212,recloser_disswitch(r:p1udt228-p1udt62)p1u_12237,150.91661014741842,6370.60193608732
11,49408,2023-08-22T09:00,upper_activity_half,3.0,592.9380180537701,0.584716796875,346.70081866181135,False,True,0.978363077155259,1.0299994771923517,0,0,18,1.2235770121572476,l(r:p1udt175lv-p1ulv493),175.64711692953037,6790.402433229305,True,0.9839482457633777,1.0299994984393388,0,0,18,0.9999683049842097,l(r:p1udt175lv-p1ulv493),159.79941659199633,6528.490809031651
11,49408,2023-08-22T09:00,upper_activity_half,5.0,988.2300300896168,0.350830078125,346.70081866181135,False,True,0.9690997608144687,1.0299994424536605,0,0,18,1.5885575612135585,l(r:p1udt175lv-p1ulv493),204.28694948278343,7214.473379568795,True,0.9839482441549655,1.029999498439328,0,0,18,0.9999683600315092,l(r:p1udt175lv-p1ulv493),159.79941523707086,6528.490942960201
11,49408,2023-08-22T09:00,upper_activity_half,10.0,1976.4600601792336,0.1754150390625,346.70081866181135,False,True,0.9444961497385119,1.0299993522224988,6,0,18,2.535771605762482,l(r:p1udt175lv-p1ulv493),294.2627237907116,8292.44962039388,True,0.9839482401991546,1.0299994984393008,0,0,18,0.9999684956729147,l(r:p1udt175lv-p1ulv493),159.7994362446482,6528.491270000311
11,49409,2023-08-22T10:00,upper_activity_half,1.0,219.909832239151,1.0,219.909832239151,True,True,0.9864351820491644,1.0299995092735725,0,0,18,0.9392192779294106,recloser_disswitch(r:p1udt228-p1udt62)p1u_12237,152.1130356015783,6394.052340588719,True,0.9864351820491644,1.0299995092735725,0,0,18,0.9392192779294106,recloser_disswitch(r:p1udt228-p1udt62)p1u_12237,152.1130356015783,6394.052340588719
11,49409,2023-08-22T10:00,upper_activity_half,3.0,659.729496717453,0.6158447265625,406.2909315111756,False,True,0.976984247364592,1.0299994713764113,0,0,18,1.196315049418757,l(r:p1udt175lv-p1ulv493),179.79594251446176,6861.3156959360485,True,0.9830884548191332,1.0299994933142604,0,0,18,0.9999810386326604,l(r:p1udt175lv-p1ulv493),163.29248242610592,6591.574018622494
11,49409,2023-08-22T10:00,upper_activity_half,5.0,1099.549161195755,0.3695068359375,406.2909315111756,False,True,0.9661279146630654,1.029999432591646,0,0,18,1.5422729936822916,l(r:p1udt175lv-p1ulv493),212.14767333031958,7333.229880127887,True,0.9830884528602108,1.029999493314248,0,0,18,0.9999810940301486,l(r:p1udt175lv-p1ulv493),163.29249669919858,6591.574169561684
11,49409,2023-08-22T10:00,upper_activity_half,10.0,2199.09832239151,0.18475341796875,406.2909315111756,False,True,0.9373382016319812,1.0299993313189533,12,0,18,2.4400737617981445,l(r:p1udt175lv-p1ulv493),315.2921903853708,8536.055051109775,True,0.9830884577956368,1.0299994933142795,0,0,18,0.9999809544477056,l(r:p1udt175lv-p1ulv493),163.29247132490352,6591.573787438687
11,49410,2023-08-22T11:00,upper_activity_half,1.0,204.56667828559875,1.0,204.56667828559875,True,True,0.9851778856042858,1.0299995104786803,0,0,18,0.9388441528818947,recloser_disswitch(r:p1udt228-p1udt62)p1u_12237,151.91487200527223,6378.528400093881,True,0.9851778856042858,1.0299995104786803,0,0,18,0.9388441528818947,recloser_disswitch(r:p1udt228-p1udt62)p1u_12237,151.91487200527223,6378.528400093881
11,49410,2023-08-22T11:00,upper_activity_half,3.0,613.7000348567963,0.59716796875,366.4820032372372,False,True,0.9729946978110507,1.0299994749104064,0,0,18,1.2123614681119168,l(r:p1udt175lv-p1ulv493),179.82898973699375,6815.306008241559,True,0.9807910959801268,1.0299994965159391,0,0,18,0.9999872626543208,l(r:p1udt175lv-p1ulv493),162.31704294219912,6550.789655843258
11,49410,2023-08-22T11:00,upper_activity_half,5.0,1022.8333914279938,0.3582763671875,366.4570317188918,False,True,0.9596537490417492,1.0299994382793853,0,0,18,1.569657590173705,l(r:p1udt175lv-p1ulv493),213.38421628056477,7258.1607637225525,True,0.980791872246036,1.0299994965180925,0,0,18,0.9999659811206384,l(r:p1udt175lv-p1ulv493),162.31537683787906,6550.763166583418
11,49410,2023-08-22T11:00,upper_activity_half,10.0,2045.6667828559875,0.17913818359375,366.4570317188918,False,True,0.9236165546608334,1.0299993417691182,30,0,18,2.49718119747123,l(r:p1udt175lv-p1ulv493),324.59847346676474,8392.202140052497,True,0.9807918781279804,1.0299994965181247,0,0,18,0.9999658398414674,l(r:p1udt175lv-p1ulv493),162.31536582246315,6550.762777759577
11,49458,2023-08-24T11:00,upper_activity_half,1.0,192.7057340145111,1.0,192.7057340145111,True,True,0.9859349363957751,1.0299995115772627,0,0,18,0.9361701002531967,recloser_disswitch(r:p1udt228-p1udt62)p1u_12237,150.5247331181135,6365.2795567416715,True,0.9859349363957751,1.0299995115772627,0,0,18,0.9361701002531967,recloser_disswitch(r:p1udt228-p1udt62)p1u_12237,150.5247331181135,6365.2795567416715
11,49458,2023-08-24T11:00,upper_activity_half,3.0,578.1172020435333,0.70147705078125,405.5359498954058,False,True,0.9767487568675877,1.0299994784056283,0,0,18,1.1336912031144895,l(r:p1udt175lv-p1ulv493),174.38936621166621,6774.329221663147,True,0.9813803874762985,1.0299994933413075,0,0,18,0.9999840879064008,l(r:p1udt175lv-p1ulv493),163.25129859360877,6590.777640397726
11,49458,2023-08-24T11:00,upper_activity_half,5.0,963.5286700725555,0.4208984375,405.54771171999164,False,True,0.9661625791744529,1.0299994445032248,0,0,18,1.4360105971923114,l(r:p1udt175lv-p1ulv493),202.02831212631554,7187.201083856444,True,0.9813800690574561,1.029999493340265,0,0,18,0.9999932939458857,l(r:p1udt175lv-p1ulv493),163.25205932520043,6590.79047795592
11,49458,2023-08-24T11:00,upper_activity_half,10.0,1927.057340145111,0.21044921875,405.54771171999164,False,True,0.9380648789537156,1.0299993562519532,6,0,18,2.216467374568003,l(r:p1udt175lv-p1ulv493),289.02247094025415,8237.830099596371,True,0.9813800642716664,1.0299994933402368,0,0,18,0.9999934170131011,l(r:p1udt175lv-p1ulv493),163.25206716003467,6590.790820092753
11,49459,2023-08-24T12:00,upper_activity_half,1.0,189.81134700775146,1.0,189.81134700775146,True,True,0.986797355713986,1.0299995118174876,0,0,18,0.9359826372144963,recloser_disswitch(r:p1udt228-p1udt62)p1u_12237,150.44973202964246,6362.314575712902,True,0.986797355713986,1.0299995118174876,0,0,18,0.9359826372144963,recloser_disswitch(r:p1udt228-p1udt62)p1u_12237,150.44973202964246,6362.314575712902
11,49459,2023-08-24T12:00,upper_activity_half,3.0,569.4340410232544,0.66973876953125,381.37205396412173,False,True,0.9790033907364817,1.0299994791593252,0,0,18,1.1549687440260232,l(r:p1udt175lv-p1ulv493),174.01078247322388,6765.272705778613,True,0.983571942314973,1.0299994954165528,0,0,18,0.9999759278367908,l(r:p1udt175lv-p1ulv493),161.9079567367242,6565.270404997755
11,49459,2023-08-24T12:00,upper_activity_half,5.0,949.0567350387573,0.40185546875,381.3836391293444,False,True,0.9695918870881658,1.0299994458173332,0,0,18,1.4719670762708488,l(r:p1udt175lv-p1ulv493),201.1221659063224,7171.828050885265,True,0.9835716583979739,1.0299994954155283,0,0,18,0.9999855643434399,l(r:p1udt175lv-p1ulv493),161.908694547949,6565.283038221024
11,49459,2023-08-24T12:00,upper_activity_half,10.0,1898.1134700775146,0.200927734375,381.3836391293444,False,True,0.9448422826570726,1.0299993592069177,6,0,18,2.291210565724338,l(r:p1udt175lv-p1ulv493),285.62790815212617,8205.515039427992,True,0.9835716542021206,1.0299994954155012,0,0,18,0.9999856890686016,l(r:p1udt175lv-p1ulv493),161.90871053001638,6565.283369282487
11,49553,2023-08-28T10:00,upper_activity_half,1.0,197.9076976776123,1.0,197.9076976776123,True,True,0.9840715978692646,1.0299995110115299,0,0,18,0.9386170641325975,recloser_disswitch(r:p1udt228-p1udt62)p1u_12237,151.81713229882072,6371.764436367463,True,0.9840715978692646,1.0299995110115299,0,0,18,0.9386170641325975,recloser_disswitch(r:p1udt228-p1udt62)p1u_12237,151.81713229882072,6371.764436367463
11,49553,2023-08-28T10:00,upper_activity_half,3.0,593.7230930328369,0.718017578125,426.3036173363216,False,True,0.9709631099828777,1.0299994764608795,0,0,18,1.1233562694468688,l(r:p1udt175lv-p1ulv493),179.90083299848772,6795.392874063646,True,0.9770341540284213,1.0299994911943455,0,0,18,0.9999842858219672,l(r:p1udt175lv-p1ulv493),167.3017663835254,6615.596005213114
11,49553,2023-08-28T10:00,upper_activity_half,5.0,989.5384883880615,0.4307861328125,426.27945868181996,False,True,0.956017274184308,1.0299994407719566,0,0,18,1.4187812509499742,l(r:p1udt175lv-p1ulv493),214.19002878336875,7225.67207486241,True,0.9770350196905844,1.0299994911964472,0,0,18,0.999966585036553,l(r:p1udt175lv-p1ulv493),167.3000161277387,6615.570266943762
11,49553,2023-08-28T10:00,upper_activity_half,10.0,1979.076976776123,0.21539306640625,426.27945868181996,False,True,0.9147447433486876,1.0299993461655963,27,0,18,2.181151265899635,l(r:p1udt175lv-p1ulv493),330.5391463587984,8331.537892933873,True,0.9770350275650782,1.0299994911964814,0,0,18,0.9999664592622057,l(r:p1udt175lv-p1ulv493),167.30000147616988,6615.569855982927
11,49846,2023-09-09T15:00,lower_activity_half,1.0,30.41227789223194,1.0,30.41227789223194,True,True,0.9891596266276377,1.0299995253491387,0,0,18,0.9156753649309496,recloser_disswitch(r:p1udt228-p1udt62)p1u_12237,141.487737845541,6193.998989388278,True,0.9891596266276377,1.0299995253491387,0,0,18,0.9156753649309496,recloser_disswitch(r:p1udt228-p1udt62)p1u_12237,141.487737845541,6193.998989388278
11,49846,2023-09-09T15:00,lower_activity_half,3.0,91.23683367669582,1.0,91.23683367669582,True,True,0.9888879787443304,1.02999952024862,0,0,18,0.921982604095913,recloser_disswitch(r:p1udt228-p1udt62)p1u_12237,144.62647711360634,6257.596741774651,True,0.9888879787443304,1.02999952024862,0,0,18,0.921982604095913,recloser_disswitch(r:p1udt228-p1udt62)p1u_12237,144.62647711360634,6257.596741774651
11,49846,2023-09-09T15:00,lower_activity_half,5.0,152.0613894611597,1.0,152.0613894611597,True,True,0.9873462981504953,1.0299995150971695,0,0,18,0.9283570905964412,recloser_disswitch(r:p1udt228-p1udt62)p1u_12237,147.88467356346496,6321.661618936297,True,0.9873462981504953,1.0299995150971695,0,0,18,0.9283570905964412,recloser_disswitch(r:p1udt228-p1udt62)p1u_12237,147.88467356346496,6321.661618936297
11,49846,2023-09-09T15:00,lower_activity_half,10.0,304.1227789223194,0.82843017578125,251.9444872016993,False,True,0.9829145279121538,1.029999502096985,0,0,18,1.0648696258998638,l(r:p1udt175lv-p1ulv493),156.50267101394692,6482.562489392577,True,0.9844414792490882,1.029999506562769,0,0,18,0.9999811237463113,l(r:p1udt175lv-p1ulv493),153.47741743075986,6427.412289092683
11,50168,2023-09-23T01:00,lower_activity_half,1.0,8.444974184036255,1.0,8.444974184036255,True,True,0.9887829510359971,1.0299995271966311,0,0,18,0.91337970604637,recloser_disswitch(r:p1udt228-p1udt62)p1u_12237,140.41245501283814,6170.903066958514,True,0.9887829510359971,1.0299995271966311,0,0,18,0.91337970604637,recloser_disswitch(r:p1udt228-p1udt62)p1u_12237,140.41245501283814,6170.903066958514
11,50168,2023-09-23T01:00,lower_activity_half,3.0,25.334922552108765,1.0,25.334922552108765,True,True,0.9877518163504966,1.029999525774922,0,0,18,0.9151397354950292,recloser_disswitch(r:p1udt228-p1udt62)p1u_12237,141.3642171451156,6188.612105463677,True,0.9877518163504966,1.029999525774922,0,0,18,0.9151397354950292,recloser_disswitch(r:p1udt228-p1udt62)p1u_12237,141.3642171451156,6188.612105463677
11,50168,2023-09-23T01:00,lower_activity_half,5.0,42.224870920181274,1.0,42.224870920181274,True,True,0.9867119734188213,1.0299995243369129,0,0,18,0.9169252679911182,recloser_disswitch(r:p1udt228-p1udt62)p1u_12237,142.3548453359094,6206.48828629539,True,0.9867119734188213,1.0299995243369129,0,0,18,0.9169252679911182,recloser_disswitch(r:p1udt228-p1udt62)p1u_12237,142.3548453359094,6206.48828629539
11,50168,2023-09-23T01:00,lower_activity_half,10.0,84.44974184036255,1.0,84.44974184036255,True,True,0.9836023419520257,1.0299995207098074,0,0,18,0.9214283574951234,recloser_disswitch(r:p1udt228-p1udt62)p1u_12237,144.98157898315057,6251.4069603544995,True,0.9836023419520257,1.0299995207098074,0,0,18,0.9214283574951234,recloser_disswitch(r:p1udt228-p1udt62)p1u_12237,144.98157898315057,6251.4069603544995
11,51647,2023-11-23T16:00,lower_activity_half,1.0,17.233353793621063,1.0,17.233353793621063,True,True,0.9878478358904506,1.0299995264494661,0,0,18,0.9153723338939476,recloser_disswitch(r:p1udt228-p1udt62)p1u_12237,140.9756370774098,6180.217583087572,True,0.9878478358904506,1.0299995264494661,0,0,18,0.9153723338939476,recloser_disswitch(r:p1udt228-p1udt62)p1u_12237,140.9756370774098,6180.217583087572
11,51647,2023-11-23T16:00,lower_activity_half,3.0,51.70006138086319,1.0,51.70006138086319,True,True,0.9848901985517239,1.0299995234925219,0,0,18,0.9211768314841015,recloser_disswitch(r:p1udt228-p1udt62)p1u_12237,143.21764267430558,6216.8953544875985,True,0.9848901985517239,1.0299995234925219,0,0,18,0.9211768314841015,recloser_disswitch(r:p1udt228-p1udt62)p1u_12237,143.21764267430558,6216.8953544875985
11,51647,2023-11-23T16:00,lower_activity_half,5.0,86.16676896810532,1.0,86.16676896810532,True,True,0.9800406998570388,1.029999520491288,0,0,18,0.9270367996670493,recloser_disswitch(r:p1udt228-p1udt62)p1u_12237,145.70747194555025,6253.84892920324,True,0.9800406998570388,1.029999520491288,0,0,18,0.9270367996670493,recloser_disswitch(r:p1udt228-p1udt62)p1u_12237,145.70747194555025,6253.84892920324
11,51647,2023-11-23T16:00,lower_activity_half,10.0,172.33353793621063,1.0,172.33353793621063,True,True,0.9675684299617795,1.0299995127993908,0,0,18,0.9419151813410986,recloser_disswitch(r:p1udt228-p1udt62)p1u_12237,153.05983222294577,6347.3205933437075,True,0.9675684299617795,1.0299995127993908,0,0,18,0.9419151813410986,recloser_disswitch(r:p1udt228-p1udt62)p1u_12237,153.05983222294577,6347.3205933437075
12,44103,2023-01-13T08:00,lower_activity_half,1.0,79.95436143875122,1.0,79.95436143875122,True,True,0.9846872382072855,1.0299995211135264,0,0,18,0.9253071668364605,recloser_disswitch(r:p1udt228-p1udt62)p1u_12237,144.7969248523723,6246.776219266262,True,0.9846872382072855,1.0299995211135264,0,0,18,0.9253071668364605,recloser_disswitch(r:p1udt228-p1udt62)p1u_12237,144.7969248523723,6246.776219266262
12,44103,2023-01-13T08:00,lower_activity_half,3.0,239.86308431625366,1.0,239.86308431625366,True,True,0.9752579248051411,1.0299995073297756,0,0,18,0.9511635865486856,recloser_disswitch(r:p1udt228-p1udt62)p1u_12237,155.63865448719304,6417.42072996261,True,0.9752579248051411,1.0299995073297756,0,0,18,0.9511635865486856,recloser_disswitch(r:p1udt228-p1udt62)p1u_12237,155.63865448719304,6417.42072996261
12,44103,2023-01-13T08:00,lower_activity_half,5.0,399.7718071937561,1.0,399.7718071937561,True,True,0.9655247786338514,1.029999493268251,0,0,18,0.977363109107283,recloser_disswitch(r:p1udt228-p1udt62)p1u_12237,168.0750674665811,6589.737605674188,True,0.9655247786338514,1.029999493268251,0,0,18,0.977363109107283,recloser_disswitch(r:p1udt228-p1udt62)p1u_12237,168.0750674665811,6589.737605674188
12,44103,2023-01-13T08:00,lower_activity_half,10.0,799.5436143875122,0.54144287109375,432.90719013864873,False,True,0.939699037162748,1.0299994568108328,6,0,18,1.5595367625426289,l(r:p1udm722-p1ulv1845),206.7474264012911,7028.2193993680885,True,0.9634624430448343,1.0299994903093685,0,0,18,0.999925654951643,l(r:p1udm722-p1ulv1845),170.8661212523947,6625.763704155859
12,44752,2023-02-09T09:00,lower_activity_half,1.0,125.63688196241856,1.0,125.63688196241856,True,True,0.9848761676096002,1.029999517336789,0,0,18,0.9304893738167299,recloser_disswitch(r:p1udt228-p1udt62)p1u_12237,146.8128332716278,6294.546689793556,True,0.9848761676096002,1.029999517336789,0,0,18,0.9304893738167299,recloser_disswitch(r:p1udt228-p1udt62)p1u_12237,146.8128332716278,6294.546689793556
12,44752,2023-02-09T09:00,lower_activity_half,3.0,376.91064588725567,1.0,376.91064588725567,True,True,0.9727254049025836,1.0299994959470522,0,0,18,0.9667447507677216,recloser_disswitch(r:p1udt228-p1udt62)p1u_12237,162.11892442713557,6560.925266543069,True,0.9727254049025836,1.0299994959470522,0,0,18,0.9667447507677216,recloser_disswitch(r:p1udt228-p1udt62)p1u_12237,162.11892442713557,6560.925266543069
12,44752,2023-02-09T09:00,lower_activity_half,5.0,628.1844098120928,0.9622802734375,604.4894656431552,False,True,0.9601208014781928,1.0299994741706517,0,0,18,1.0034586707518476,recloser_disswitch(r:p1udt228-p1udt62)p1u_12237,179.6484812240419,6829.691274694081,True,0.9613230436793275,1.02999947622878,0,0,18,0.9999981197130693,recloser_disswitch(r:p1udt228-p1udt62)p1u_12237,177.90569616981145,6804.385804048359
12,44752,2023-02-09T09:00,lower_activity_half,10.0,1256.3688196241856,0.48114013671875,604.4894656431552,False,True,0.926309619049778,1.0299994179302296,6,0,18,1.0973651937214832,recloser_disswitch(r:p1udt228-p1udt62)p1u_12237,234.10818803138488,7512.378517646923,True,0.9613230565801757,1.0299994762288036,0,0,18,0.9999980804713481,recloser_disswitch(r:p1udt228-p1udt62)p1u_12237,177.90568233236013,6804.385526471515
12,46073,2023-04-05T10:00,upper_activity_half,1.0,190.9374189376831,1.0,190.9374189376831,True,True,0.9755867457788107,1.029999511589862,0,0,18,0.9404646533199961,recloser_disswitch(r:p1udt228-p1udt62)p1u_12237,151.8677652736367,6364.920007557951,True,0.9755867457788107,1.029999511589862,0,0,18,0.9404646533199961,recloser_disswitch(r:p1udt228-p1udt62)p1u_12237,151.8677652736367,6364.920007557951
12,46073,2023-04-05T10:00,upper_activity_half,3.0,572.8122568130493,0.86029052734375,492.78495848266175,False,True,0.9428621509528297,1.0299994777209938,6,0,18,0.9978865839787121,recloser_disswitch(r:p1udt228-p1udt62)p1u_12237,183.31882800816146,6778.083710483952,True,0.9500013203718977,1.0299994849675482,0,0,18,0.9856710442022042,recloser_disswitch(r:p1udt228-p1udt62)p1u_12237,175.8188401391493,6690.594191376252
12,46073,2023-04-05T10:00,upper_activity_half,5.0,954.6870946884155,0.51617431640625,492.78495848266175,False,True,0.9062874143468754,1.029999441868363,6,0,18,1.0577628432628134,recloser_disswitch(r:p1udt228-p1udt62)p1u_12237,226.77903584823508,7203.433752086287,True,0.9500013196520855,1.0299994849675473,0,0,18,0.9856710384775957,recloser_disswitch(r:p1udt228-p1udt62)p1u_12237,175.81885135800886,6690.594199616158
12,46073,2023-04-05T10:00,upper_activity_half,10.0,1909.374189376831,0.258056640625,492.7266890066676,False,True,0.7930310466229616,1.0299993418636288,18,0,18,2.0997537870172645,l(r:p1udt259lv-p1ulv647),406.6812323515909,8320.982773514112,True,0.9500063648711247,1.029999484972694,0,0,18,0.9856623607890576,recloser_disswitch(r:p1udt228-p1udt62)p1u_12237,175.8136565066779,6690.5318432424365
12,46294,2023-04-14T15:00,lower_activity_half,1.0,91.37446284294128,1.0,91.37446284294128,True,True,0.9875476136693485,1.0299995201918395,0,0,18,0.9277439138803566,recloser_disswitch(r:p1udt228-p1udt62)p1u_12237,145.12709512995,6258.611855986585,True,0.9875476136693485,1.0299995201918395,0,0,18,0.9277439138803566,recloser_disswitch(r:p1udt228-p1udt62)p1u_12237,145.12709512995,6258.611855986585
12,46294,2023-04-14T15:00,lower_activity_half,3.0,274.12338852882385,1.0,274.12338852882385,True,True,0.9805385013876244,1.0299995046251216,0,0,18,0.9583909159241775,recloser_disswitch(r:p1udt228-p1udt62)p1u_12237,156.4028454368012,6452.452151377732,True,0.9805385013876244,1.0299995046251216,0,0,18,0.9583909159241775,recloser_disswitch(r:p1udt228-p1udt62)p1u_12237,156.4028454368012,6452.452151377732
12,46294,2023-04-14T15:00,lower_activity_half,5.0,456.8723142147064,1.0,456.8723142147064,True,True,0.9721313314272315,1.0299994888311423,0,0,18,0.9893294679958221,recloser_disswitch(r:p1udt228-p1udt62)p1u_12237,168.9645593809057,6647.744472751849,True,0.9721313314272315,1.0299994888311423,0,0,18,0.9893294679958221,recloser_disswitch(r:p1udt228-p1udt62)p1u_12237,168.9645593809057,6647.744472751849
12,46294,2023-04-14T15:00,lower_activity_half,10.0,913.7446284294128,0.56842041015625,519.3910964699171,False,True,0.950135159096079,1.0299994483453319,0,0,18,1.1138509038640403,l(r:p1udt175lv-p1ulv493),206.32162877916846,7142.021767610981,True,0.9692031501384853,1.0299994833694397,0,0,18,0.9999912485805701,recloser_disswitch(r:p1udt228-p1udt62)p1u_12237,173.56998775079842,6714.951468756217
12,46385,2023-04-18T10:00,upper_activity_half,1.0,188.02274084091187,1.0,188.02274084091187,True,True,0.9849170681149806,1.0299995120499892,0,0,18,0.9366522561829196,recloser_disswitch(r:p1udt228-p1udt62)p1u_12237,150.08200974689188,6360.1919283739,True,0.9849170681149806,1.0299995120499892,0,0,18,0.9366522561829196,recloser_disswitch(r:p1udt228-p1udt62)p1u_12237,150.08200974689188,6360.1919283739
12,46385,2023-04-18T10:00,upper_activity_half,3.0,564.0682225227356,1.0,564.0682225227356,True,True,0.975980062824549,1.0299994798941472,0,0,18,0.9853574085544881,recloser_disswitch(r:p1udt228-p1udt62)p1u_12237,172.8391628220292,6758.749671554113,True,0.975980062824549,1.0299994798941472,0,0,18,0.9853574085544881,recloser_disswitch(r:p1udt228-p1udt62)p1u_12237,172.8391628220292,6758.749671554113
12,46385,2023-04-18T10:00,upper_activity_half,5.0,940.1137042045593,0.718994140625,675.9362448443426,False,True,0.9667859025145898,1.029999447083225,0,0,18,1.0931855174330416,l(r:p1udm822-p1ulv579),199.06804447916235,7160.963885346432,True,0.9732688597040909,1.0299994701865165,0,0,18,0.9999962877248175,recloser_disswitch(r:p1udt228-p1udt62)p1u_12237,180.28246289251598,6878.209459827282
12,46385,2023-04-18T10:00,upper_activity_half,10.0,1880.2274084091187,0.3594970703125,675.9362448443426,False,True,0.9425539249403088,1.0299993620264645,6,0,18,1.612881206306676,l(r:p1udm822-p1ulv579),280.95248281567757,8183.015948441556,True,0.9732688524930526,1.0299994701864854,0,0,18,0.9999963405145627,recloser_disswitch(r:p1udt228-p1udt62)p1u_12237,180.28250030742072,6878.209827627042
12,46413,2023-04-19T14:00,lower_activity_half,1.0,57.698155641555786,1.0,57.698155641555786,True,True,0.9865497004872126,1.0299995230116321,0,0,18,0.9217591495692549,recloser_disswitch(r:p1udt228-p1udt62)p1u_12237,143.37816728915388,6223.21790973957,True,0.9865497004872126,1.0299995230116321,0,0,18,0.9217591495692549,recloser_disswitch(r:p1udt228-p1udt62)p1u_12237,143.37816728915388,6223.21790973957
12,46413,2023-04-19T14:00,lower_activity_half,3.0,173.09446692466736,1.0,173.09446692466736,True,True,0.9778931506389593,1.0299995131292008,0,0,18,0.940377040612383,recloser_disswitch(r:p1udt228-p1udt62)p1u_12237,150.92490933996777,6345.964240514134,True,0.9778931506389593,1.0299995131292008,0,0,18,0.940377040612383,recloser_disswitch(r:p1udt228-p1udt62)p1u_12237,150.92490933996777,6345.964240514134
12,46413,2023-04-19T14:00,lower_activity_half,5.0,288.49077820777893,1.0,288.49077820777893,True,True,0.9689991686264378,1.029999503070678,0,0,18,0.9592218637038801,recloser_disswitch(r:p1udt228-p1udt62)p1u_12237,159.4496701289643,6469.87045313395,True,0.9689991686264378,1.029999503070678,0,0,18,0.9592218637038801,recloser_disswitch(r:p1udt228-p1udt62)p1u_12237,159.4496701289643,6469.87045313395
12,46413,2023-04-19T14:00,lower_activity_half,10.0,576.9815564155579,0.90899658203125,524.4742626768129,False,True,0.9456185625484962,1.0299994771605596,6,0,18,1.007286399215789,recloser_disswitch(r:p1udt228-p1udt62)p1u_12237,185.32829052040913,6784.270937070062,True,0.9500016302548828,1.0299994819578473,0,0,18,0.9984384645964188,recloser_disswitch(r:p1udt228-p1udt62)p1u_12237,180.11011040522408,6726.574772234435
12,46948,2023-05-11T21:00,lower_activity_half,1.0,43.385165214538574,1.0,43.385165214538574,True,True,0.9881411528210428,1.0299995242796804,0,0,18,0.9175959856711882,recloser_disswitch(r:p1udt228-p1udt62)p1u_12237,142.11939687765727,6207.638127594177,True,0.9881411528210428,1.0299995242796804,0,0,18,0.9175959856711882,recloser_disswitch(r:p1udt228-p1udt62)p1u_12237,142.11939687765727,6207.638127594177
12,46948,2023-05-11T21:00,lower_activity_half,3.0,130.15549564361572,1.0,130.15549564361572,True,True,0.9827734078529111,1.0299995170076457,0,0,18,0.9277890132443328,recloser_disswitch(r:p1udt228-p1udt62)p1u_12237,146.67293184709388,6298.796072271295,True,0.9827734078529111,1.0299995170076457,0,0,18,0.9277890132443328,recloser_disswitch(r:p1udt228-p1udt62)p1u_12237,146.67293184709388,6298.796072271295
12,46948,2023-05-11T21:00,lower_activity_half,5.0,216.92582607269287,1.0,216.92582607269287,True,True,0.9773154933488764,1.0299995096702366,0,0,18,0.938059818452264,recloser_disswitch(r:p1udt228-p1udt62)p1u_12237,151.53754301658182,6390.427052710215,True,0.9773154933488764,1.0299995096702366,0,0,18,0.938059818452264,recloser_disswitch(r:p1udt228-p1udt62)p1u_12237,151.53754301658182,6390.427052710215
12,46948,2023-05-11T21:00,lower_activity_half,10.0,433.85165214538574,1.0,433.85165214538574,True,True,0.9632690262368369,1.029999491095261,0,0,18,0.9639695850624359,recloser_disswitch(r:p1udt228-p1udt62)p1u_12237,165.08187902869815,6620.826248773571,True,0.9632690262368369,1.029999491095261,0,0,18,0.9639695850624359,recloser_disswitch(r:p1udt228-p1udt62)p1u_12237,165.08187902869815,6620.826248773571
12,47304,2023-05-26T17:00,lower_activity_half,1.0,83.14106774330139,1.0,83.14106774330139,True,True,0.9871301623717457,1.0299995209685804,0,0,18,0.9254798429295572,recloser_disswitch(r:p1udt228-p1udt62)p1u_12237,144.26647871181933,6249.48144621551,True,0.9871301623717457,1.0299995209685804,0,0,18,0.9254798429295572,recloser_disswitch(r:p1udt228-p1udt62)p1u_12237,144.26647871181933,6249.48144621551
12,47304,2023-05-26T17:00,lower_activity_half,3.0,249.42320322990417,1.0,249.42320322990417,True,True,0.9796817489208826,1.02999950697308,0,0,18,0.9515837855265177,recloser_disswitch(r:p1udt228-p1udt62)p1u_12237,153.68785446221665,6425.050324859014,True,0.9796817489208826,1.02999950697308,0,0,18,0.9515837855265177,recloser_disswitch(r:p1udt228-p1udt62)p1u_12237,153.68785446221665,6425.050324859014
12,47304,2023-05-26T17:00,lower_activity_half,5.0,415.70533871650696,1.0,415.70533871650696,True,True,0.9720637262221294,1.0299994927918972,0,0,18,0.9779249066454319,recloser_disswitch(r:p1udt228-p1udt62)p1u_12237,164.20650101577564,6601.835954178283,True,0.9720637262221294,1.0299994927918972,0,0,18,0.9779249066454319,recloser_disswitch(r:p1udt228-p1udt62)p1u_12237,164.20650101577564,6601.835954178283
12,47304,2023-05-26T17:00,lower_activity_half,10.0,831.4106774330139,0.6661376953125,553.8339925234322,False,True,0.9507383015868547,1.0299994565060209,0,0,18,1.0448237945373882,recloser_disswitch(r:p1udt228-p1udt62)p1u_12237,195.63683327272997,7049.008202389682,True,0.9653219786391071,1.0299994808648887,0,0,18,0.9999935137716706,recloser_disswitch(r:p1udt228-p1udt62)p1u_12237,173.81628727143138,6749.640989807928
12,47458,2023-06-02T03:00,lower_activity_half,1.0,11.082432746887207,1.0,11.082432746887207,True,True,0.9884988852223969,1.0299995269568019,0,0,18,0.9143693475630801,recloser_disswitch(r:p1udt228-p1udt62)p1u_12237,140.67404044439078,6173.868555935249,True,0.9884988852223969,1.0299995269568019,0,0,18,0.9143693475630801,recloser_disswitch(r:p1udt228-p1udt62)p1u_12237,140.67404044439078,6173.868555935249
12,47458,2023-06-02T03:00,lower_activity_half,3.0,33.24729824066162,1.0,33.24729824066162,True,True,0.983857417867673,1.0299995250489618,0,0,18,0.9181099222648356,recloser_disswitch(r:p1udt228-p1udt62)p1u_12237,142.2516621219623,6197.4803728203215,True,0.983857417867673,1.0299995250489618,0,0,18,0.9181099222648356,recloser_disswitch(r:p1udt228-p1udt62)p1u_12237,142.2516621219623,6197.4803728203215
12,47458,2023-06-02T03:00,lower_activity_half,5.0,55.412163734436035,1.0,55.412163734436035,True,True,0.9791451601017366,1.0299995231011017,0,0,18,0.9219072748876452,recloser_disswitch(r:p1udt228-p1udt62)p1u_12237,144.0172685768359,6221.408590835119,True,0.9791451601017366,1.0299995231011017,0,0,18,0.9219072748876452,recloser_disswitch(r:p1udt228-p1udt62)p1u_12237,144.0172685768359,6221.408590835119
12,47458,2023-06-02T03:00,lower_activity_half,10.0,110.82432746887207,1.0,110.82432746887207,True,True,0.967049760093271,1.0299995180992758,0,0,18,0.9315651249891362,recloser_disswitch(r:p1udt228-p1udt62)p1u_12237,149.2633742080781,6282.032266331732,True,0.967049760093271,1.0299995180992758,0,0,18,0.9315651249891362,recloser_disswitch(r:p1udt228-p1udt62)p1u_12237,149.2633742080781,6282.032266331732
12,47868,2023-06-19T05:00,lower_activity_half,1.0,3.571868658065796,1.0,3.571868658065796,True,True,0.9891612458457664,1.029999527611722,0,0,18,0.9130836655061322,recloser_disswitch(r:p1udt228-p1udt62)p1u_12237,140.1419744634589,6165.737332103513,True,0.9891612458457664,1.029999527611722,0,0,18,0.9130836655061322,recloser_disswitch(r:p1udt228-p1udt62)p1u_12237,140.1419744634589,6165.737332103513
12,47868,2023-06-19T05:00,lower_activity_half,3.0,10.715605974197388,1.0,10.715605974197388,True,True,0.9888893249086271,1.0299995270143627,0,0,18,0.9142644379109602,recloser_disswitch(r:p1udt228-p1udt62)p1u_12237,140.537444999784,6173.213600059701,True,0.9888893249086271,1.0299995270143627,0,0,18,0.9142644379109602,recloser_disswitch(r:p1udt228-p1udt62)p1u_12237,140.537444999784,6173.213600059701
12,47868,2023-06-19T05:00,lower_activity_half,5.0,17.85934329032898,1.0,17.85934329032898,True,True,0.9886164063960382,1.0299995264108999,0,0,18,0.9154560621061809,recloser_disswitch(r:p1udt228-p1udt62)p1u_12237,140.94100049246524,6180.760089367336,True,0.9886164063960382,1.0299995264108999,0,0,18,0.9154560621061809,recloser_disswitch(r:p1udt228-p1udt62)p1u_12237,140.94100049246524,6180.760089367336
12,47868,2023-06-19T05:00,lower_activity_half,10.0,35.71868658065796,1.0,35.71868658065796,True,True,0.9879336771579891,1.029999524901916,0,0,18,0.9184325945179476,recloser_disswitch(r:p1udt228-p1udt62)p1u_12237,141.97062422474247,6199.5995117771145,True,0.9879336771579891,1.029999524901916,0,0,18,0.9184325945179476,recloser_disswitch(r:p1udt228-p1udt62)p1u_12237,141.97062422474247,6199.5995117771145
12,48214,2023-07-03T15:00,lower_activity_half,1.0,73.25083684921265,1.0,73.25083684921265,True,True,0.9875672959842206,1.0299995217757005,0,0,18,0.9224546619329488,recloser_disswitch(r:p1udt228-p1udt62)p1u_12237,143.76942268629122,6238.871812823739,True,0.9875672959842206,1.0299995217757005,0,0,18,0.9224546619329488,recloser_disswitch(r:p1udt228-p1udt62)p1u_12237,143.76942268629122,6238.871812823739
12,48214,2023-07-03T15:00,lower_activity_half,3.0,219.75251054763794,1.0,219.75251054763794,True,True,0.9840746883229998,1.0299995093879037,0,0,18,0.9425323659717652,recloser_disswitch(r:p1udt228-p1udt62)p1u_12237,151.86311271693987,6393.564487318365,True,0.9840746883229998,1.0299995093879037,0,0,18,0.9425323659717652,recloser_disswitch(r:p1udt228-p1udt62)p1u_12237,151.86311271693987,6393.564487318365
12,48214,2023-07-03T15:00,lower_activity_half,5.0,366.25418424606323,1.0,366.25418424606323,True,True,0.9805446287369195,1.0299994969039512,0,0,18,0.9627045793100879,recloser_disswitch(r:p1udt228-p1udt62)p1u_12237,160.52667405445544,6548.722338831253,True,0.9805446287369195,1.0299994969039512,0,0,18,0.9627045793100879,recloser_disswitch(r:p1udt228-p1udt62)p1u_12237,160.52667405445544,6548.722338831253
12,48214,2023-07-03T15:00,lower_activity_half,10.0,732.5083684921265,0.86669921875,634.8644306999631,False,True,0.971547120755171,1.0299994652306217,0,0,18,1.0136163556370015,recloser_disswitch(r:p1udt228-p1udt62)p1u_12237,184.77511569600736,6939.096094166784,True,0.9739678626630012,1.0299994737291878,0,0,18,0.9999944383767281,recloser_disswitch(r:p1udt228-p1udt62)p1u_12237,177.94891651425428,6834.804024804946
12,48449,2023-07-13T10:00,upper_activity_half,1.0,185.93796157836914,1.0,185.93796157836914,True,True,0.9856947265329562,1.0299995122232002,0,0,18,0.9372734714782847,recloser_disswitch(r:p1udt228-p1udt62)p1u_12237,150.12957632262402,6358.179691760352,True,0.9856947265329562,1.0299995122232002,0,0,18,0.9372734714782847,recloser_disswitch(r:p1udt228-p1udt62)p1u_12237,150.12957632262402,6358.179691760352
12,48449,2023-07-13T10:00,upper_activity_half,3.0,557.8138847351074,1.0,557.8138847351074,True,True,0.9752993174338579,1.0299994804557158,0,0,18,0.9872100104079118,recloser_disswitch(r:p1udt228-p1udt62)p1u_12237,172.88141330343328,6752.541058808498,True,0.9752993174338579,1.0299994804557158,0,0,18,0.9872100104079118,recloser_disswitch(r:p1udt228-p1udt62)p1u_12237,172.88141330343328,6752.541058808498
12,48449,2023-07-13T10:00,upper_activity_half,5.0,929.6898078918457,0.701416015625,652.0993208186701,False,True,0.9645707178527476,1.0299994480809758,0,0,18,1.0377852811428843,recloser_disswitch(r:p1udt228-p1udt62)p1u_12237,198.97020436482808,7150.450309335018,True,0.9726069902049029,1.0299994722899928,0,0,18,0.9999989150389152,recloser_disswitch(r:p1udt228-p1udt62)p1u_12237,179.1844104846272,6853.2744598415675
12,48449,2023-07-13T10:00,upper_activity_half,10.0,1859.3796157836914,0.3507080078125,652.0993208186701,False,True,0.9361597396408244,1.029999364355352,6,0,18,1.206543409409099,l(r:p1udm822-p1ulv579),279.84878383890475,8161.075936475755,True,0.9726069826275552,1.0299994722899628,0,0,18,0.9999989680614465,recloser_disswitch(r:p1udt228-p1udt62)p1u_12237,179.18443141205526,6853.274813436538
12,48450,2023-07-13T11:00,upper_activity_half,1.0,197.65360134840012,1.0,197.65360134840012,True,True,0.9846403912906124,1.0299995111722358,0,0,18,0.9387976062310879,recloser_disswitch(r:p1udt228-p1udt62)p1u_12237,151.1747803809084,6370.947030562013,True,0.9846403912906124,1.0299995111722358,0,0,18,0.9387976062310879,recloser_disswitch(r:p1udt228-p1udt62)p1u_12237,151.1747803809084,6370.947030562013
12,48450,2023-07-13T11:00,upper_activity_half,3.0,592.9608040452003,1.0,592.9608040452003,True,True,0.971998200891615,1.0299994771858596,0,0,18,0.9919150263351869,recloser_disswitch(r:p1udt228-p1udt62)p1u_12237,176.76469112439307,6791.541043610008,True,0.971998200891615,1.0299994771858596,0,0,18,0.9919150263351869,recloser_disswitch(r:p1udt228-p1udt62)p1u_12237,176.76469112439307,6791.541043610008
12,48450,2023-07-13T11:00,upper_activity_half,5.0,988.2680067420006,0.66009521484375,652.3509822335654,False,True,0.9588692549720569,1.0299994424171064,0,0,18,1.0458767247845806,recloser_disswitch(r:p1udt228-p1udt62)p1u_12237,206.7692027727397,7216.773880708143,True,0.9700529269211908,1.0299994719951673,0,0,18,0.9999983605079463,recloser_disswitch(r:p1udt228-p1udt62)p1u_12237,180.99651948623975,6855.337891456299
12,48450,2023-07-13T11:00,upper_activity_half,10.0,1976.5360134840012,0.33001708984375,652.2906631413571,False,True,0.9235628578493079,1.0299993518011723,12,0,18,1.338524184845752,l(r:p1udt175lv-p1ulv493),302.9208597085897,8301.420823366161,True,0.9700549040266208,1.0299994720004322,0,0,18,0.9999901687584289,recloser_disswitch(r:p1udt228-p1udt62)p1u_12237,180.99218642695243,6855.273232566817
12,49081,2023-08-08T18:00,upper_activity_half,1.0,184.03811740875244,1.0,184.03811740875244,True,True,0.9836429327283934,1.029999512376392,0,0,18,0.94037339646527,recloser_disswitch(r:p1udt228-p1udt62)p1u_12237,150.27388379908402,6356.4421286042525,True,0.9836429327283934,1.029999512376392,0,0,18,0.94037339646527,recloser_disswitch(r:p1udt228-p1udt62)p1u_12237,150.27388379908402,6356.4421286042525
12,49081,2023-08-08T18:00,upper_activity_half,3.0,552.1143522262573,1.0,552.1143522262573,True,True,0.9688797170050549,1.0299994807600577,0,0,18,0.9967583609460211,recloser_disswitch(r:p1udt228-p1udt62)p1u_12237,174.3397142095791,6748.275956545866,True,0.9688797170050549,1.0299994807600577,0,0,18,0.9967583609460211,recloser_disswitch(r:p1udt228-p1udt62)p1u_12237,174.3397142095791,6748.275956545866
12,49081,2023-08-08T18:00,upper_activity_half,5.0,920.1905870437622,0.62255859375,572.8725578519516,False,True,0.9534248231665817,1.0299994482725798,0,0,18,1.0542071858165813,recloser_disswitch(r:p1udt228-p1udt62)p1u_12237,203.2824393102919,7145.440071960165,True,0.968021676392156,1.0299994789360525,0,0,18,0.9999969965099789,recloser_disswitch(r:p1udt228-p1udt62)p1u_12237,175.84926777850907,6770.712576070367
12,49081,2023-08-08T18:00,upper_activity_half,10.0,1840.3811740875244,0.311279296875,572.8725578519516,False,True,0.9112377412727383,1.0299993630088333,18,0,18,1.4071277512508342,l(r:p1udm722-p1ulv1845),299.4613740698968,8161.793364200599,True,0.9680216640588253,1.0299994789360196,0,0,18,0.9999970576509531,recloser_disswitch(r:p1udt228-p1udt62)p1u_12237,175.84928510594645,6770.712966845654
12,49289,2023-08-17T10:00,upper_activity_half,1.0,186.71374398469925,1.0,186.71374398469925,True,True,0.9813281651688424,1.0299995121308527,0,0,18,0.9363353524275927,recloser_disswitch(r:p1udt228-p1udt62)p1u_12237,150.39613627598865,6359.215551777495,True,0.9813281651688424,1.0299995121308527,0,0,18,0.9363353524275927,recloser_disswitch(r:p1udt228-p1udt62)p1u_12237,150.39613627598865,6359.215551777495
12,49289,2023-08-17T10:00,upper_activity_half,3.0,560.1412319540977,1.0,560.1412319540977,True,True,0.9615604494407972,1.029999479921364,0,0,18,0.984696516714224,recloser_disswitch(r:p1udt228-p1udt62)p1u_12237,175.17735742632263,6757.294134371476,True,0.9615604494407972,1.029999479921364,0,0,18,0.984696516714224,recloser_disswitch(r:p1udt228-p1udt62)p1u_12237,175.17735742632263,6757.294134371476
12,49289,2023-08-17T10:00,upper_activity_half,5.0,933.5687199234962,0.7247314453125,676.586607688696,False,True,0.9405299933304017,1.029999446738186,6,0,18,1.0341154940842943,recloser_disswitch(r:p1udt228-p1udt62)p1u_12237,205.5752570142444,7161.1018764269775,True,0.9551456477224053,1.0299994696797528,0,0,18,0.9999929381742111,recloser_disswitch(r:p1udt228-p1udt62)p1u_12237,184.02959887428926,6882.607019906786
12,49289,2023-08-17T10:00,upper_activity_half,10.0,1867.1374398469925,0.36236572265625,676.586607688696,False,True,0.8807962706142357,1.0299993588163538,9,0,18,1.3397436732139558,l(r:p1udm822-p1ulv579),310.6571935655424,8199.691162752497,True,0.9551456727978792,1.0299994696797916,0,0,18,0.9999928723011038,recloser_disswitch(r:p1udt228-p1udt62)p1u_12237,184.02955823851855,6882.606562781856
12,49408,2023-08-22T09:00,upper_activity_half,1.0,197.64600601792336,1.0,197.64600601792336,True,True,0.9802459532117219,1.0299995111561053,0,0,18,0.9410451149653535,recloser_disswitch(r:p1udt228-p1udt62)p1u_12237,151.38590595489975,6371.170897155045,True,0.9802459532117219,1.0299995111561053,0,0,18,0.9410451149653535,recloser_disswitch(r:p1udt228-p1udt62)p1u_12237,151.38590595489975,6371.170897155045
12,49408,2023-08-22T09:00,upper_activity_half,3.0,592.9380180537701,1.0,592.9380180537701,True,True,0.9581103237953542,1.0299994769413618,0,0,18,0.9989618532619423,recloser_disswitch(r:p1udt228-p1udt62)p1u_12237,178.64396750638798,6793.554305228,True,0.9581103237953542,1.0299994769413618,0,0,18,0.9989618532619423,recloser_disswitch(r:p1udt228-p1udt62)p1u_12237,178.64396750638798,6793.554305228
12,49408,2023-08-22T09:00,upper_activity_half,5.0,988.2300300896168,0.6070556640625,599.9106371625567,False,True,0.9343704799186298,1.0299994416415224,6,0,18,1.0581770589905224,recloser_disswitch(r:p1udt228-p1udt62)p1u_12237,212.3341844639357,7222.511659604387,True,0.9577050679621694,1.0299994763266207,0,0,18,0.9999979040559606,recloser_disswitch(r:p1udt228-p1udt62)p1u_12237,179.18168419012272,6801.08314725077
12,49408,2023-08-22T09:00,upper_activity_half,10.0,1976.4600601792336,0.30352783203125,599.9106371625567,False,True,0.8655112415233247,1.0299993476336289,12,0,18,1.3925743226808054,l(r:p1udt259lv-p1ulv647),331.16207880352135,8329.568359623458,True,0.9577050933374784,1.02999947632666,0,0,18,0.9999978346224873,recloser_disswitch(r:p1udt228-p1udt62)p1u_12237,179.1816404705758,6801.082684904845
12,49409,2023-08-22T10:00,upper_activity_half,1.0,219.909832239151,1.0,219.909832239151,True,True,0.9806180313966849,1.0299995092721166,0,0,18,0.9417260751624317,recloser_disswitch(r:p1udt228-p1udt62)p1u_12237,152.4636323577463,6394.491945158044,True,0.9806180313966849,1.0299995092721166,0,0,18,0.9417260751624317,recloser_disswitch(r:p1udt228-p1udt62)p1u_12237,152.4636323577463,6394.491945158044
12,49409,2023-08-22T10:00,upper_activity_half,3.0,659.729496717453,0.98876953125,652.3204252211144,False,True,0.9593102324296183,1.0299994712269378,0,0,18,1.0010019093629203,recloser_disswitch(r:p1udt228-p1udt62)p1u_12237,182.0899252770698,6863.790663817402,True,0.959679652631593,1.0299994718754395,0,0,18,0.9999961238092789,recloser_disswitch(r:p1udt228-p1udt62)p1u_12237,181.53869069421205,6855.849796286129
12,49409,2023-08-22T10:00,upper_activity_half,5.0,1099.549161195755,0.59326171875,652.3204252211144,False,True,0.9365390849520371,1.0299994320259325,6,0,18,1.0615486562743144,recloser_disswitch(r:p1udt228-p1udt62)p1u_12237,218.39461902981606,7339.89047756294,True,0.9596796431855075,1.0299994718754224,0,0,18,0.9999961506706319,recloser_disswitch(r:p1udt228-p1udt62)p1u_12237,181.53872050516424,6855.8499970713465
12,49409,2023-08-22T10:00,upper_activity_half,10.0,2199.09832239151,0.296630859375,652.3204252211144,False,True,0.8710851790127018,1.0299993280309856,12,0,18,1.4503739861793095,l(r:p1udm722-p1ulv1845),344.26513050068877,8565.318939579576,True,0.9596796195783415,1.0299994718753793,0,0,18,0.9999962293916481,recloser_disswitch(r:p1udt228-p1udt62)p1u_12237,181.53873661574366,6855.850504101528
12,49410,2023-08-22T11:00,upper_activity_half,1.0,204.56667828559875,1.0,204.56667828559875,True,True,0.981800860606763,1.0299995105340782,0,0,18,0.9401928460270966,recloser_disswitch(r:p1udt228-p1udt62)p1u_12237,151.79634613417906,6378.494551448267,True,0.981800860606763,1.0299995105340782,0,0,18,0.9401928460270966,recloser_disswitch(r:p1udt228-p1udt62)p1u_12237,151.79634613417906,6378.494551448267
12,49410,2023-08-22T11:00,upper_activity_half,3.0,613.7000348567963,1.0,613.7000348567963,True,True,0.9630733834693265,1.029999475071361,0,0,18,0.996351152797155,recloser_disswitch(r:p1udt228-p1udt62)p1u_12237,179.7426078402399,6815.416504439861,True,0.9630733834693265,1.029999475071361,0,0,18,0.996351152797155,recloser_disswitch(r:p1udt228-p1udt62)p1u_12237,179.7426078402399,6815.416504439861
12,49410,2023-08-22T11:00,upper_activity_half,5.0,1022.8333914279938,0.62567138671875,639.9575863969949,False,True,0.9432302130959401,1.0299994385449494,6,0,18,1.053697612189125,recloser_disswitch(r:p1udt228-p1udt62)p1u_12237,213.7881628489867,7258.577958714571,True,0.9618341951308729,1.0299994727580792,0,0,18,0.9999980999869021,recloser_disswitch(r:p1udt228-p1udt62)p1u_12237,181.74011121428745,6843.688094118764
12,49410,2023-08-22T11:00,upper_activity_half,10.0,2045.6667828559875,0.31280517578125,639.8951576011314,False,True,0.8874271447442345,1.029999341921926,18,0,18,1.4086533956949052,l(r:p1udm822-p1ulv579),329.80632263202426,8397.378564380988,True,0.9618371447791885,1.02999947276358,0,0,18,0.999989427530608,recloser_disswitch(r:p1udt228-p1udt62)p1u_12237,181.73534992517892,6843.620897759962
12,49458,2023-08-24T11:00,upper_activity_half,1.0,192.7057340145111,1.0,192.7057340145111,True,True,0.9846882770636108,1.0299995116572012,0,0,18,0.9354089245861743,recloser_disswitch(r:p1udt228-p1udt62)p1u_12237,150.3528393861068,6365.1908393178865,True,0.9846882770636108,1.0299995116572012,0,0,18,0.9354089245861743,recloser_disswitch(r:p1udt228-p1udt62)p1u_12237,150.3528393861068,6365.1908393178865
12,49458,2023-08-24T11:00,upper_activity_half,3.0,578.1172020435333,1.0,578.1172020435333,True,True,0.9750102741099623,1.0299994786675248,0,0,18,0.9816283533963066,recloser_disswitch(r:p1udt228-p1udt62)p1u_12237,173.97698727405665,6773.924197304158,True,0.9750102741099623,1.0299994786675248,0,0,18,0.9816283533963066,recloser_disswitch(r:p1udt228-p1udt62)p1u_12237,173.97698727405665,6773.924197304158
12,49458,2023-08-24T11:00,upper_activity_half,5.0,963.5286700725555,0.757080078125,729.4683608142077,False,True,0.9640687193093467,1.0299994449317542,0,0,18,1.0995956650187833,l(r:p1udm822-p1ulv579),201.55235395505983,7186.839232449527,True,0.9707510417927753,1.0299994654908768,0,0,18,0.9999946844534867,recloser_disswitch(r:p1udt228-p1udt62)p1u_12237,184.33621703356602,6935.795360901855
12,49458,2023-08-24T11:00,upper_activity_half,10.0,1927.057340145111,0.3785400390625,729.4683608142077,False,True,0.9350375714957997,1.0299993571233164,12,0,18,1.628492919091243,l(r:p1udm822-p1ulv579),289.2157258179029,8238.075188088838,True,0.9707510332966007,1.0299994654908422,0,0,18,0.9999947403393065,recloser_disswitch(r:p1udt228-p1udt62)p1u_12237,184.33624333330255,6935.795762914286
12,49459,2023-08-24T12:00,upper_activity_half,1.0,189.81134700775146,1.0,189.81134700775146,True,True,0.9829769762793386,1.0299995118432947,0,0,18,0.9371464057671524,recloser_disswitch(r:p1udt228-p1udt62)p1u_12237,150.57421944978233,6362.529115417651,True,0.9829769762793386,1.0299995118432947,0,0,18,0.9371464057671524,recloser_disswitch(r:p1udt228-p1udt62)p1u_12237,150.57421944978233,6362.529115417651
12,49459,2023-08-24T12:00,upper_activity_half,3.0,569.4340410232544,1.0,569.4340410232544,True,True,0.9667954573221622,1.029999479193382,0,0,18,0.986956739632264,recloser_disswitch(r:p1udt228-p1udt62)p1u_12237,175.01646983930084,6766.26514483612,True,0.9667954573221622,1.029999479193382,0,0,18,0.986956739632264,recloser_disswitch(r:p1udt228-p1udt62)p1u_12237,175.01646983930084,6766.26514483612
12,49459,2023-08-24T12:00,upper_activity_half,5.0,949.0567350387573,0.70330810546875,667.4792943024659,False,True,0.9497847123752772,1.0299994457090031,3,0,18,1.0376743283920886,recloser_disswitch(r:p1udt228-p1udt62)p1u_12237,204.0363949115933,7175.058592403002,True,0.9624789485126818,1.0299994706111295,0,0,18,0.9999943766504322,recloser_disswitch(r:p1udt228-p1udt62)p1u_12237,182.07014173450665,6871.539831242806
12,49459,2023-08-24T12:00,upper_activity_half,10.0,1898.1134700775146,0.35162353515625,667.4213684763527,False,True,0.9029108669692738,1.0299993581270563,12,0,18,1.4609284266284581,l(r:p1udm722-p1ulv1845),299.1153723117865,8219.174529900618,True,0.9624815109056974,1.0299994706162057,0,0,18,0.9999866765942144,recloser_disswitch(r:p1udt228-p1udt62)p1u_12237,182.06588770443352,6871.477661596746
12,49553,2023-08-28T10:00,upper_activity_half,1.0,197.9076976776123,1.0,197.9076976776123,True,True,0.9790494591956931,1.0299995110065852,0,0,18,0.942341784787183,recloser_disswitch(r:p1udt228-p1udt62)p1u_12237,152.08733394533851,6372.12892728913,True,0.9790494591956931,1.0299995110065852,0,0,18,0.942341784787183,recloser_disswitch(r:p1udt228-p1udt62)p1u_12237,152.08733394533851,6372.12892728913
12,49553,2023-08-28T10:00,upper_activity_half,3.0,593.7230930328369,0.9659423828125,573.5022992149461,False,True,0.9542408517518522,1.0299994762740015,0,0,18,1.0031391462673969,recloser_disswitch(r:p1udt228-p1udt62)p1u_12237,182.048476682254,6797.738823094329,True,0.9555535091116589,1.029999478079533,0,0,18,0.999996148408282,recloser_disswitch(r:p1udt228-p1udt62)p1u_12237,180.3240973534445,6775.817089973847
12,49553,2023-08-28T10:00,upper_activity_half,5.0,989.5384883880615,0.57958984375,573.5264578694478,False,True,0.927365257807118,1.0299994401223322,6,0,18,1.065676094662993,recloser_disswitch(r:p1udt228-p1udt62)p1u_12237,220.44926333196628,7231.913804168637,True,0.955551929095993,1.0299994780773565,0,0,18,0.999999938903741,recloser_disswitch(r:p1udt228-p1udt62)p1u_12237,180.3261765556868,6775.843518546147
12,49553,2023-08-28T10:00,upper_activity_half,10.0,1979.076976776123,0.1448974609375,286.7632289347239,False,True,0.8472499838457421,1.029999341906189,15,0,18,1.5697306177168495,l(r:p1udt259lv-p1ulv647),363.5928411220569,8364.560985235192,True,0.9736380931973572,1.0299995033215843,0,0,18,0.9558553642031545,recloser_disswitch(r:p1udt228-p1udt62)p1u_12237,158.1349526732776,6467.010989729961
12,49846,2023-09-09T15:00,lower_activity_half,1.0,30.41227789223194,1.0,30.41227789223194,True,True,0.9884498017374944,1.02999952535056,0,0,18,0.9155834046394942,recloser_disswitch(r:p1udt228-p1udt62)p1u_12237,141.54345527513198,6194.015347447953,True,0.9884498017374944,1.02999952535056,0,0,18,0.9155834046394942,recloser_disswitch(r:p1udt228-p1udt62)p1u_12237,141.54345527513198,6194.015347447953
12,49846,2023-09-09T15:00,lower_activity_half,3.0,91.23683367669582,1.0,91.23683367669582,True,True,0.9867531433515647,1.0299995202435475,0,0,18,0.9217241929758583,recloser_disswitch(r:p1udt228-p1udt62)p1u_12237,144.80847643389023,6257.77158439033,True,0.9867531433515647,1.0299995202435475,0,0,18,0.9217241929758583,recloser_disswitch(r:p1udt228-p1udt62)p1u_12237,144.80847643389023,6257.77158439033
12,49846,2023-09-09T15:00,lower_activity_half,5.0,152.0613894611597,1.0,152.0613894611597,True,True,0.9850431205250803,1.02999951508788,0,0,18,0.9279282584778186,recloser_disswitch(r:p1udt228-p1udt62)p1u_12237,148.20502957746217,6321.974879232888,True,0.9850431205250803,1.02999951508788,0,0,18,0.9279282584778186,recloser_disswitch(r:p1udt228-p1udt62)p1u_12237,148.20502957746217,6321.974879232888
12,49846,2023-09-09T15:00,lower_activity_half,10.0,304.1227789223194,1.0,304.1227789223194,True,True,0.979719217802116,1.0299995020750783,0,0,18,0.9435496421602032,recloser_disswitch(r:p1udt228-p1udt62)p1u_12237,157.2296720375581,6483.288196363925,True,0.979719217802116,1.0299995020750783,0,0,18,0.9435496421602032,recloser_disswitch(r:p1udt228-p1udt62)p1u_12237,157.2296720375581,6483.288196363925
12,50168,2023-09-23T01:00,lower_activity_half,1.0,8.444974184036255,1.0,8.444974184036255,True,True,0.9889665944075398,1.0299995271979958,0,0,18,0.9139008145401911,recloser_disswitch(r:p1udt228-p1udt62)p1u_12237,140.41309276468272,6170.9185320848355,True,0.9889665944075398,1.0299995271979958,0,0,18,0.9139008145401911,recloser_disswitch(r:p1udt228-p1udt62)p1u_12237,140.41309276468272,6170.9185320848355
12,50168,2023-09-23T01:00,lower_activity_half,3.0,25.334922552108765,1.0,25.334922552108765,True,True,0.9883060502296807,1.0299995257826715,0,0,18,0.9166965194000071,recloser_disswitch(r:p1udt228-p1udt62)p1u_12237,141.36138301929688,6188.613405781284,True,0.9883060502296807,1.0299995257826715,0,0,18,0.9166965194000071,recloser_disswitch(r:p1udt228-p1udt62)p1u_12237,141.36138301929688,6188.613405781284
12,50168,2023-09-23T01:00,lower_activity_half,5.0,42.224870920181274,1.0,42.224870920181274,True,True,0.9876407947916827,1.029999524350589,0,0,18,0.9195199127367666,recloser_disswitch(r:p1udt228-p1udt62)p1u_12237,142.34506963207818,6206.4832010778055,True,0.9876407947916827,1.029999524350589,0,0,18,0.9195199127367666,recloser_disswitch(r:p1udt228-p1udt62)p1u_12237,142.34506963207818,6206.4832010778055
12,50168,2023-09-23T01:00,lower_activity_half,10.0,84.44974184036255,1.0,84.44974184036255,True,True,0.9859682865583307,1.0299995207578827,0,0,18,0.9265855825304765,recloser_disswitch(r:p1udt228-p1udt62)p1u_12237,144.92604218867677,6251.152335484365,True,0.9859682865583307,1.0299995207578827,0,0,18,0.9265855825304765,recloser_disswitch(r:p1udt228-p1udt62)p1u_12237,144.92604218867677,6251.152335484365
12,51647,2023-11-23T16:00,lower_activity_half,1.0,17.233353793621063,1.0,17.233353793621063,True,True,0.9892252046957801,1.029999526474693,0,0,18,0.9153409139953321,recloser_disswitch(r:p1udt228-p1udt62)p1u_12237,140.81877912293544,6180.059916767074,True,0.9892252046957801,1.029999526474693,0,0,18,0.9153409139953321,recloser_disswitch(r:p1udt228-p1udt62)p1u_12237,140.81877912293544,6180.059916767074
12,51647,2023-11-23T16:00,lower_activity_half,3.0,51.70006138086319,1.0,51.70006138086319,True,True,0.9890807458639223,1.0299995235895485,0,0,18,0.9210478608221155,recloser_disswitch(r:p1udt228-p1udt62)p1u_12237,142.6672702114064,6216.213301031356,True,0.9890807458639223,1.0299995235895485,0,0,18,0.9210478608221155,recloser_disswitch(r:p1udt228-p1udt62)p1u_12237,142.6672702114064,6216.213301031356
12,51647,2023-11-23T16:00,lower_activity_half,5.0,86.16676896810532,1.0,86.16676896810532,True,True,0.9889322838825657,1.0299995206521617,0,0,18,0.9268330004952032,recloser_disswitch(r:p1udt228-p1udt62)p1u_12237,144.67372000803303,6252.820949297175,True,0.9889322838825657,1.0299995206521617,0,0,18,0.9268330004952032,recloser_disswitch(r:p1udt228-p1udt62)p1u_12237,144.67372000803303,6252.820949297175
12,51647,2023-11-23T16:00,lower_activity_half,10.0,172.33353793621063,1.0,172.33353793621063,True,True,0.9822109013122808,1.0299995132158803,0,0,18,0.9413806435757357,recloser_disswitch(r:p1udt228-p1udt62)p1u_12237,150.3221102598273,6344.61071163888,True,0.9822109013122808,1.0299995132158803,0,0,18,0.9413806435757357,recloser_disswitch(r:p1udt228-p1udt62)p1u_12237,150.3221102598273,6344.61071163888
13,44103,2023-01-13T08:00,lower_activity_half,1.0,79.95436143875122,1.0,79.95436143875122,True,True,0.9878572130271586,1.0299995212484525,0,0,18,0.9217155967913326,recloser_disswitch(r:p1udt228-p1udt62)p1u_12237,143.807782392997,6245.771412766168,True,0.9878572130271586,1.0299995212484525,0,0,18,0.9217155967913326,recloser_disswitch(r:p1udt228-p1udt62)p1u_12237,143.807782392997,6245.771412766168
13,44103,2023-01-13T08:00,lower_activity_half,3.0,239.86308431625366,1.0,239.86308431625366,True,True,0.984959008334332,1.0299995078622792,0,0,18,0.9402023360180989,recloser_disswitch(r:p1udt228-p1udt62)p1u_12237,151.83988937438525,6413.653270357094,True,0.984959008334332,1.0299995078622792,0,0,18,0.9402023360180989,recloser_disswitch(r:p1udt228-p1udt62)p1u_12237,151.83988937438525,6413.653270357094
13,44103,2023-01-13T08:00,lower_activity_half,5.0,399.7718071937561,1.0,399.7718071937561,True,True,0.9820357923853809,1.0299994943902,0,0,18,0.9587479984022967,recloser_disswitch(r:p1udt228-p1udt62)p1u_12237,160.2892575339684,6582.005377529031,True,0.9820357923853809,1.0299994943902,0,0,18,0.9587479984022967,recloser_disswitch(r:p1udt228-p1udt62)p1u_12237,160.2892575339684,6582.005377529031
13,44103,2023-01-13T08:00,lower_activity_half,10.0,799.5436143875122,0.7330322265625,586.091235888307,False,True,0.9746189197265093,1.0299994603540714,0,0,18,1.1520514208903716,l(r:p1udm822-p1ulv579),183.26137902251284,7004.63750372374,True,0.9785973698979082,1.0299994785838982,0,0,18,0.9999989605761443,l(r:p1udm822-p1ulv579),170.6681756834328,6778.750041234335
13,44752,2023-02-09T09:00,lower_activity_half,1.0,125.63688196241856,1.0,125.63688196241856,True,True,0.9871263460007966,1.0299995173327163,0,0,18,0.9260119679268902,recloser_disswitch(r:p1udt228-p1udt62)p1u_12237,146.44938305307767,6294.182351675136,True,0.9871263460007966,1.0299995173327163,0,0,18,0.9260119679268902,recloser_disswitch(r:p1udt228-p1udt62)p1u_12237,146.44938305307767,6294.182351675136
13,44752,2023-02-09T09:00,lower_activity_half,3.0,376.91064588725567,1.0,376.91064588725567,True,True,0.9796710177366706,1.0299994959887462,0,0,18,0.9531457205985742,recloser_disswitch(r:p1udt228-p1udt62)p1u_12237,160.50815439968164,6559.324596849686,True,0.9796710177366706,1.0299994959887462,0,0,18,0.9531457205985742,recloser_disswitch(r:p1udt228-p1udt62)p1u_12237,160.50815439968164,6559.324596849686
13,44752,2023-02-09T09:00,lower_activity_half,5.0,628.1844098120928,0.795654296875,499.81762489687753,False,True,0.9720498318399481,1.0299994743404264,0,0,18,1.1070496645939556,l(r:p1udm822-p1ulv579),176.03392221208458,6826.098754533595,True,0.9759622929850833,1.0299994854280443,0,0,18,0.999988351280031,l(r:p1udm822-p1ulv579),167.9223968986354,6689.730632924965
13,44752,2023-02-09T09:00,lower_activity_half,10.0,1256.3688196241856,0.3978271484375,499.81762489687753,False,True,0.9522126156801648,1.0299994188712664,0,0,18,1.6397055072562408,l(r:p1udm822-p1ulv579),221.57332478886275,7499.876369990041,True,0.9759622884191974,1.0299994854280259,0,0,18,0.9999884278787627,l(r:p1udm822-p1ulv579),167.92240320342043,6689.730853122223
13,46073,2023-04-05T10:00,upper_activity_half,1.0,190.9374189376831,1.0,190.9374189376831,True,True,0.9858466088981485,1.029999511855062,0,0,18,0.9309861806939104,recloser_disswitch(r:p1udt228-p1udt62)p1u_12237,149.84780320811308,6362.861246218672,True,0.9858466088981485,1.029999511855062,0,0,18,0.9309861806939104,recloser_disswitch(r:p1udt228-p1udt62)p1u_12237,149.84780320811308,6362.861246218672
13,46073,2023-04-05T10:00,upper_activity_half,3.0,572.8122568130493,0.9112548828125,521.9779659557389,False,True,0.9757285384372272,1.0299994792072138,0,0,18,1.0405557239405994,l(r:p1udm822-p1ulv579),172.4863654692539,6767.129121214942,True,0.9770907719692878,1.0299994835860615,0,0,18,0.9999993330574545,l(r:p1udm822-p1ulv579),169.25524868889386,6713.223811933842
13,46073,2023-04-05T10:00,upper_activity_half,5.0,954.6870946884155,0.5467529296875,521.9779659557389,False,True,0.964173435066942,1.0299994457633173,0,0,18,1.3486495694214107,l(r:p1udm822-p1ulv579),199.1105547640354,7175.517344856111,True,0.9770907694812039,1.0299994835860495,0,0,18,0.9999993871634929,l(r:p1udm822-p1ulv579),169.25525607979907,6713.223951789726
13,46073,2023-04-05T10:00,upper_activity_half,10.0,1909.374189376831,0.27337646484375,521.9779659557389,False,True,0.9330262398072701,1.0299993583613323,12,0,18,2.145243559878692,l(r:p1udm822-p1ulv579),284.7747490924131,8215.872570959546,True,0.9770907757578737,1.0299994835860793,0,0,18,0.999999250819102,l(r:p1udm822-p1ulv579),169.25525720448715,6713.223596876679
13,46294,2023-04-14T15:00,lower_activity_half,1.0,91.37446284294128,1.0,91.37446284294128,True,True,0.9865587742848677,1.0299995201696708,0,0,18,0.9236175724022959,recloser_disswitch(r:p1udt228-p1udt62)p1u_12237,144.92663418979362,6258.393105511051,True,0.9865587742848677,1.0299995201696708,0,0,18,0.9236175724022959,recloser_disswitch(r:p1udt228-p1udt62)p1u_12237,144.92663418979362,6258.393105511051
13,46294,2023-04-14T15:00,lower_activity_half,3.0,274.12338852882385,1.0,274.12338852882385,True,True,0.9779251292988379,1.0299995045518393,0,0,18,0.9459809687168522,recloser_disswitch(r:p1udt228-p1udt62)p1u_12237,155.7285229262172,6451.779266428855,True,0.9779251292988379,1.0299995045518393,0,0,18,0.9459809687168522,recloser_disswitch(r:p1udt228-p1udt62)p1u_12237,155.7285229262172,6451.779266428855
13,46294,2023-04-14T15:00,lower_activity_half,5.0,456.8723142147064,1.0,456.8723142147064,True,True,0.9690627047881778,1.0299994887060213,0,0,18,0.9685746887993633,recloser_disswitch(r:p1udt228-p1udt62)p1u_12237,167.7104371421711,6646.491809387494,True,0.9690627047881778,1.0299994887060213,0,0,18,0.9685746887993633,recloser_disswitch(r:p1udt228-p1udt62)p1u_12237,167.7104371421711,6646.491809387494
13,46294,2023-04-14T15:00,lower_activity_half,10.0,913.7446284294128,0.709716796875,648.49991085066,False,True,0.9458043285253996,1.02999944808241,6,0,18,1.1710152732298684,l(r:p1udm822-p1ulv579),203.12833623192938,7138.828590668008,True,0.9595043936897396,1.0299994718402137,0,0,18,0.9999992363757445,l(r:p1udm822-p1ulv579),181.59289541244343,6852.083603374095
13,46385,2023-04-18T10:00,upper_activity_half,1.0,188.02274084091187,1.0,188.02274084091187,True,True,0.9844929648531644,1.0299995121341654,0,0,18,0.9369292726187143,recloser_disswitch(r:p1udt228-p1udt62)p1u_12237,149.57455660189828,6359.7285236293,True,0.9844929648531644,1.0299995121341654,0,0,18,0.9369292726187143,recloser_disswitch(r:p1udt228-p1udt62)p1u_12237,149.57455660189828,6359.7285236293
13,46385,2023-04-18T10:00,upper_activity_half,3.0,564.0682225227356,1.0,564.0682225227356,True,True,0.9715486284861079,1.02999948023507,0,0,18,0.9861011762356173,recloser_disswitch(r:p1udt228-p1udt62)p1u_12237,170.92275158105844,6756.845285468605,True,0.9715486284861079,1.02999948023507,0,0,18,0.9861011762356173,recloser_disswitch(r:p1udt228-p1udt62)p1u_12237,170.92275158105844,6756.845285468605
13,46385,2023-04-18T10:00,upper_activity_half,5.0,940.1137042045593,0.7120361328125,669.394926345849,False,True,0.9581018609429452,1.029999447783887,0,0,18,1.0600978511296257,l(r:p1udt454lv-p1ulv1912)p1ud1,195.2220325637663,7157.136025251412,True,0.9678295135487761,1.0299994711870817,0,0,18,0.9999973183225795,recloser_disswitch(r:p1udt228-p1udt62)p1u_12237,177.4344648371043,6868.820103630079
13,46385,2023-04-18T10:00,upper_activity_half,10.0,1880.2274084091187,0.35601806640625,669.394926345849,False,True,0.9219139563219915,1.0299993640903595,6,0,18,1.465347932143579,l(r:p1udt454lv-p1ulv1912)p1ud1,270.02072806575086,8172.221064358237,True,0.9678295241258961,1.02999947118711,0,0,18,0.9999972640740876,recloser_disswitch(r:p1udt228-p1udt62)p1u_12237,177.43442929897702,6868.819769226146
13,46413,2023-04-19T14:00,lower_activity_half,1.0,57.698155641555786,1.0,57.698155641555786,True,True,0.9886042517139952,1.0299995230672527,0,0,18,0.9196126720780302,recloser_disswitch(r:p1udt228-p1udt62)p1u_12237,142.89624618159402,6222.7264737683145,True,0.9886042517139952,1.0299995230672527,0,0,18,0.9196126720780302,recloser_disswitch(r:p1udt228-p1udt62)p1u_12237,142.89624618159402,6222.7264737683145
13,46413,2023-04-19T14:00,lower_activity_half,3.0,173.09446692466736,1.0,173.09446692466736,True,True,0.9841820064969675,1.029999513363053,0,0,18,0.9338433337726294,recloser_disswitch(r:p1udt228-p1udt62)p1u_12237,149.0346879764528,6344.088883525372,True,0.9841820064969675,1.029999513363053,0,0,18,0.9338433337726294,recloser_disswitch(r:p1udt228-p1udt62)p1u_12237,149.0346879764528,6344.088883525372
13,46413,2023-04-19T14:00,lower_activity_half,5.0,288.49077820777893,1.0,288.49077820777893,True,True,0.9797003138986129,1.029999503583201,0,0,18,0.9481565732055441,recloser_disswitch(r:p1udt228-p1udt62)p1u_12237,155.5244131404916,6465.970364545646,True,0.9797003138986129,1.029999503583201,0,0,18,0.9481565732055441,recloser_disswitch(r:p1udt228-p1udt62)p1u_12237,155.5244131404916,6465.970364545646
13,46413,2023-04-19T14:00,lower_activity_half,10.0,576.9815564155579,1.0,576.9815564155579,True,True,0.9682356502283845,1.0299994788623559,0,0,18,0.9841865139058984,recloser_disswitch(r:p1udt228-p1udt62)p1u_12237,173.2913502329322,6772.142303859435,True,0.9682356502283845,1.0299994788623559,0,0,18,0.9841865139058984,recloser_disswitch(r:p1udt228-p1udt62)p1u_12237,173.2913502329322,6772.142303859435
13,46948,2023-05-11T21:00,lower_activity_half,1.0,43.385165214538574,1.0,43.385165214538574,True,True,0.9884922652218693,1.0299995242323217,0,0,18,0.918457119197828,recloser_disswitch(r:p1udt228-p1udt62)p1u_12237,142.40363038533678,6207.903007432513,True,0.9884922652218693,1.0299995242323217,0,0,18,0.918457119197828,recloser_disswitch(r:p1udt228-p1udt62)p1u_12237,142.40363038533678,6207.903007432513
13,46948,2023-05-11T21:00,lower_activity_half,3.0,130.15549564361572,1.0,130.15549564361572,True,True,0.9838694420861304,1.029999516858655,0,0,18,0.9303891758962388,recloser_disswitch(r:p1udt228-p1udt62)p1u_12237,147.54058703016563,6299.659582650435,True,0.9838694420861304,1.029999516858655,0,0,18,0.9303891758962388,recloser_disswitch(r:p1udt228-p1udt62)p1u_12237,147.54058703016563,6299.659582650435
13,46948,2023-05-11T21:00,lower_activity_half,5.0,216.92582607269287,1.0,216.92582607269287,True,True,0.9791703265207707,1.0299995094179784,0,0,18,0.9424057309350863,recloser_disswitch(r:p1udt228-p1udt62)p1u_12237,153.00275670217695,6391.887907003483,True,0.9791703265207707,1.0299995094179784,0,0,18,0.9424057309350863,recloser_disswitch(r:p1udt228-p1udt62)p1u_12237,153.00275670217695,6391.887907003483
13,46948,2023-05-11T21:00,lower_activity_half,10.0,433.85165214538574,0.93560791015625,405.9150375815807,False,True,0.9671278864304945,1.029999490574386,0,0,18,1.0215269189837028,l(r:p1udt175lv-p1ulv493),168.09327410542298,6623.827086774974,True,0.9686993415439943,1.0299994930126415,0,0,18,0.9999898230876535,l(r:p1udt175lv-p1ulv493),166.03760504786305,6593.94302802552
13,47304,2023-05-26T17:00,lower_activity_half,1.0,83.14106774330139,1.0,83.14106774330139,True,True,0.9861051289508123,1.0299995208204213,0,0,18,0.9203567990599317,recloser_disswitch(r:p1udt228-p1udt62)p1u_12237,144.7842289814906,6250.009880977098,True,0.9861051289508123,1.0299995208204213,0,0,18,0.9203567990599317,recloser_disswitch(r:p1udt228-p1udt62)p1u_12237,144.7842289814906,6250.009880977098
13,47304,2023-05-26T17:00,lower_activity_half,3.0,249.42320322990417,1.0,249.42320322990417,True,True,0.9765234158640392,1.0299995064651304,0,0,18,0.9362097112373434,recloser_disswitch(r:p1udt228-p1udt62)p1u_12237,155.49822940667963,6426.843007041557,True,0.9765234158640392,1.0299995064651304,0,0,18,0.9362097112373434,recloser_disswitch(r:p1udt228-p1udt62)p1u_12237,155.49822940667963,6426.843007041557
13,47304,2023-05-26T17:00,lower_activity_half,5.0,415.70533871650696,0.9659423828125,401.54740542770014,False,True,0.9666517104836323,1.029999491829389,0,0,18,1.0146299305837674,l(r:p1udm822-p1ulv579),167.66956241171678,6605.272094306618,True,0.9675001156076614,1.02999949307803,0,0,18,0.999990179411324,l(r:p1udm822-p1ulv579),166.58049731078648,6590.118479889193
13,47304,2023-05-26T17:00,lower_activity_half,10.0,831.4106774330139,0.48297119140625,401.54740542770014,False,True,0.9405555693987258,1.02999945397087,6,0,18,1.4499565155022756,l(r:p1udm822-p1ulv579),204.9243752050994,7058.275878894361,True,0.9675001235089903,1.0299994930780467,0,0,18,0.9999901178620679,l(r:p1udm822-p1ulv579),166.5804767052457,6590.11828184267
13,47458,2023-06-02T03:00,lower_activity_half,1.0,11.082432746887207,1.0,11.082432746887207,True,True,0.9892382392885695,1.0299995269579099,0,0,18,0.9143597081561453,recloser_disswitch(r:p1udt228-p1udt62)p1u_12237,140.6164349252215,6173.792872667728,True,0.9892382392885695,1.0299995269579099,0,0,18,0.9143597081561453,recloser_disswitch(r:p1udt228-p1udt62)p1u_12237,140.6164349252215,6173.792872667728
13,47458,2023-06-02T03:00,lower_activity_half,3.0,33.24729824066162,1.0,33.24729824066162,True,True,0.989122808158343,1.0299995250700438,0,0,18,0.9180553525814337,recloser_disswitch(r:p1udt228-p1udt62)p1u_12237,141.9832205969167,6197.103177362477,True,0.989122808158343,1.0299995250700438,0,0,18,0.9180553525814337,recloser_disswitch(r:p1udt228-p1udt62)p1u_12237,141.9832205969167,6197.103177362477
13,47458,2023-06-02T03:00,lower_activity_half,5.0,55.412163734436035,1.0,55.412163734436035,True,True,0.9876924772017017,1.0299995231533594,0,0,18,0.921796169538312,recloser_disswitch(r:p1udt228-p1udt62)p1u_12237,143.4140900657464,6220.689402057769,True,0.9876924772017017,1.0299995231533594,0,0,18,0.921796169538312,recloser_disswitch(r:p1udt228-p1udt62)p1u_12237,143.4140900657464,6220.689402057769
13,47458,2023-06-02T03:00,lower_activity_half,10.0,110.82432746887207,0.81976318359375,90.84970350551885,False,True,0.9836146155218509,1.0299995183004615,0,0,18,1.0688322091735765,l(r:p1udt175lv-p1ulv493),147.23883144202793,6280.0277930353495,True,0.985090879306817,1.0299995200528334,0,0,18,0.9999872972718185,l(r:p1udt175lv-p1ulv493),145.8231865175148,6258.663282362227
13,47868,2023-06-19T05:00,lower_activity_half,1.0,3.571868658065796,1.0,3.571868658065796,True,True,0.9892784941814031,1.0299995276121874,0,0,18,0.913080931271818,recloser_disswitch(r:p1udt228-p1udt62)p1u_12237,140.1280254090343,6165.715679708467,True,0.9892784941814031,1.0299995276121874,0,0,18,0.913080931271818,recloser_disswitch(r:p1udt228-p1udt62)p1u_12237,140.1280254090343,6165.715679708467
13,47868,2023-06-19T05:00,lower_activity_half,3.0,10.715605974197388,1.0,10.715605974197388,True,True,0.9892408657907645,1.029999527014116,0,0,18,0.9142596019553767,recloser_disswitch(r:p1udt228-p1udt62)p1u_12237,140.4942735865131,6173.1713677791995,True,0.9892408657907645,1.029999527014116,0,0,18,0.9142596019553767,recloser_disswitch(r:p1udt228-p1udt62)p1u_12237,140.4942735865131,6173.1713677791995
13,47868,2023-06-19T05:00,lower_activity_half,5.0,17.85934329032898,1.0,17.85934329032898,True,True,0.9892027544302772,1.029999526411162,0,0,18,0.9154471066188964,recloser_disswitch(r:p1udt228-p1udt62)p1u_12237,140.86494043343538,6180.685241734345,True,0.9892027544302772,1.029999526411162,0,0,18,0.9154471066188964,recloser_disswitch(r:p1udt228-p1udt62)p1u_12237,140.86494043343538,6180.685241734345
13,47868,2023-06-19T05:00,lower_activity_half,10.0,35.71868658065796,1.0,35.71868658065796,True,True,0.9891076877759243,1.0299995249054745,0,0,18,0.9184109508762116,recloser_disswitch(r:p1udt228-p1udt62)p1u_12237,141.7979776946721,6199.431581095194,True,0.9891076877759243,1.0299995249054745,0,0,18,0.9184109508762116,recloser_disswitch(r:p1udt228-p1udt62)p1u_12237,141.7979776946721,6199.431581095194
13,48214,2023-07-03T15:00,lower_activity_half,1.0,73.25083684921265,1.0,73.25083684921265,True,True,0.9870085924252596,1.0299995217688276,0,0,18,0.9224118542802309,recloser_disswitch(r:p1udt228-p1udt62)p1u_12237,143.72042585464777,6238.952713568109,True,0.9870085924252596,1.0299995217688276,0,0,18,0.9224118542802309,recloser_disswitch(r:p1udt228-p1udt62)p1u_12237,143.72042585464777,6238.952713568109
13,48214,2023-07-03T15:00,lower_activity_half,3.0,219.75251054763794,1.0,219.75251054763794,True,True,0.979302643514828,1.0299995093868182,0,0,18,0.9423639380356769,recloser_disswitch(r:p1udt228-p1udt62)p1u_12237,151.78676367342177,6393.485545969762,True,0.979302643514828,1.0299995093868182,0,0,18,0.9423639380356769,recloser_disswitch(r:p1udt228-p1udt62)p1u_12237,151.78676367342177,6393.485545969762
13,48214,2023-07-03T15:00,lower_activity_half,5.0,366.25418424606323,1.0,366.25418424606323,True,True,0.9714166293434058,1.0299994968786763,0,0,18,0.9624554513448329,recloser_disswitch(r:p1udt228-p1udt62)p1u_12237,160.55920994662793,6548.749025425114,True,0.9714166293434058,1.0299994968786763,0,0,18,0.9624554513448329,recloser_disswitch(r:p1udt228-p1udt62)p1u_12237,160.55920994662793,6548.749025425114
13,48214,2023-07-03T15:00,lower_activity_half,10.0,732.5083684921265,0.80560302734375,590.1109592118883,False,True,0.9508378709091556,1.0299994650282314,0,0,18,1.0817595380525293,l(r:p1udt454lv-p1ulv1912)p1ud1,185.7669702654631,6940.244981095294,True,0.9589905293987009,1.0299994775091827,0,0,18,0.9999889821462975,l(r:p1udt454lv-p1ulv1912)p1ud1,175.39343244062158,6787.494781263128
13,48449,2023-07-13T10:00,upper_activity_half,1.0,185.93796157836914,1.0,185.93796157836914,True,True,0.9824211863705054,1.0299995122296806,0,0,18,0.9365175106698277,recloser_disswitch(r:p1udt228-p1udt62)p1u_12237,149.9215279804924,6357.966663217038,True,0.9824211863705054,1.0299995122296806,0,0,18,0.9365175106698277,recloser_disswitch(r:p1udt228-p1udt62)p1u_12237,149.9215279804924,6357.966663217038
13,48449,2023-07-13T10:00,upper_activity_half,3.0,557.8138847351074,1.0,557.8138847351074,True,True,0.9650429495413733,1.0299994803993309,0,0,18,0.9850156201146878,recloser_disswitch(r:p1udt228-p1udt62)p1u_12237,172.6992054424779,6752.341760165757,True,0.9650429495413733,1.0299994803993309,0,0,18,0.9850156201146878,recloser_disswitch(r:p1udt228-p1udt62)p1u_12237,172.6992054424779,6752.341760165757
13,48449,2023-07-13T10:00,upper_activity_half,5.0,929.6898078918457,0.7220458984375,671.2787126074545,False,True,0.9466959483564534,1.029999447816943,6,0,18,1.0343131270267363,recloser_disswitch(r:p1udt228-p1udt62)p1u_12237,199.56143238886372,7151.217941051726,True,0.9595460817814675,1.0299994705255269,0,0,18,0.9999945962196033,recloser_disswitch(r:p1udt228-p1udt62)p1u_12237,180.45618719585775,6873.725670574933
13,48449,2023-07-13T10:00,upper_activity_half,10.0,1859.3796157836914,0.36102294921875,671.2787126074545,False,True,0.8956463231205158,1.029999362812721,6,0,18,1.4052571066899937,l(r:p1udm822-p1ulv579),287.19538821731066,8168.51497508406,True,0.9595461012623758,1.029999470525561,0,0,18,0.9999945398677694,recloser_disswitch(r:p1udt228-p1udt62)p1u_12237,180.45616732429045,6873.725268230998
13,48450,2023-07-13T11:00,upper_activity_half,1.0,197.65360134840012,1.0,197.65360134840012,True,True,0.9837393760329846,1.0299995112899645,0,0,18,0.9373398762920788,recloser_disswitch(r:p1udt228-p1udt62)p1u_12237,150.31050917663907,6370.092293002832,True,0.9837393760329846,1.0299995112899645,0,0,18,0.9373398762920788,recloser_disswitch(r:p1udt228-p1udt62)p1u_12237,150.31050917663907,6370.092293002832
13,48450,2023-07-13T11:00,upper_activity_half,3.0,592.9608040452003,1.0,592.9608040452003,True,True,0.9691954478347901,1.0299994776133727,0,0,18,0.9874021101530529,recloser_disswitch(r:p1udt228-p1udt62)p1u_12237,173.65617992148657,6788.452352655955,True,0.9691954478347901,1.0299994776133727,0,0,18,0.9874021101530529,recloser_disswitch(r:p1udt228-p1udt62)p1u_12237,173.65617992148657,6788.452352655955
13,48450,2023-07-13T11:00,upper_activity_half,5.0,988.2680067420006,0.6995849609375,691.3774348923835,False,True,0.953997376957112,1.0299994432355322,0,0,18,1.1153517966543676,l(r:p1udm822-p1ulv579),200.7254610508265,7210.964416876063,True,0.9654703233865821,1.0299994691072552,0,0,18,0.9999948021114322,recloser_disswitch(r:p1udt228-p1udt62)p1u_12237,180.04755287057097,6893.415744962825
13,48450,2023-07-13T11:00,upper_activity_half,10.0,1976.5360134840012,0.34979248046875,691.3774348923835,False,True,0.9126648213539809,1.029999354122723,6,0,18,1.6591914976822764,l(r:p1udm822-p1ulv579),286.3010780957323,8284.800220840934,True,0.9654703366778614,1.029999469107288,0,0,18,0.9999947464614142,recloser_disswitch(r:p1udt228-p1udt62)p1u_12237,180.04754083795714,6893.415361206145
13,49081,2023-08-08T18:00,upper_activity_half,1.0,184.03811740875244,1.0,184.03811740875244,True,True,0.9825044438274404,1.0299995123542247,0,0,18,0.9352075672514581,recloser_disswitch(r:p1udt228-p1udt62)p1u_12237,149.90731032655572,6356.072637559341,True,0.9825044438274404,1.0299995123542247,0,0,18,0.9352075672514581,recloser_disswitch(r:p1udt228-p1udt62)p1u_12237,149.90731032655572,6356.072637559341
13,49081,2023-08-08T18:00,upper_activity_half,3.0,552.1143522262573,1.0,552.1143522262573,True,True,0.9653018128940112,1.0299994807273807,0,0,18,0.9810984027552869,recloser_disswitch(r:p1udt228-p1udt62)p1u_12237,172.83547050026309,6746.771722275235,True,0.9653018128940112,1.0299994807273807,0,0,18,0.9810984027552869,recloser_disswitch(r:p1udt228-p1udt62)p1u_12237,172.83547050026309,6746.771722275235
13,49081,2023-08-08T18:00,upper_activity_half,5.0,920.1905870437622,0.70916748046875,652.5692401648848,False,True,0.9471470907519203,1.0299994482749188,6,0,18,1.139255240507207,l(r:p1udt454lv-p1ulv1912)p1ud1,200.10100097574804,7142.257019138062,True,0.9604392718623848,1.0299994719392365,0,0,18,0.9999942531023469,l(r:p1udt454lv-p1ulv1912)p1ud1,179.84182637067565,6854.401461464325
13,49081,2023-08-08T18:00,upper_activity_half,10.0,1840.3811740875244,0.35455322265625,652.5130761886248,False,True,0.8966822121441709,1.0299993632685611,6,0,18,1.6273259767918038,l(r:p1udt454lv-p1ulv1912)p1ud1,289.8996349825613,8152.219657851858,True,0.9604420058702604,1.0299994719441572,0,0,18,0.9999651470807378,l(r:p1udt454lv-p1ulv1912)p1ud1,179.83783514455405,6854.34130275061
13,49289,2023-08-17T10:00,upper_activity_half,1.0,186.71374398469925,1.0,186.71374398469925,True,True,0.9852022935616271,1.0299995121534444,0,0,18,0.9338499283418051,recloser_disswitch(r:p1udt228-p1udt62)p1u_12237,149.79626501983543,6358.635081704768,True,0.9852022935616271,1.0299995121534444,0,0,18,0.9338499283418051,recloser_disswitch(r:p1udt228-p1udt62)p1u_12237,149.79626501983543,6358.635081704768
13,49289,2023-08-17T10:00,upper_activity_half,3.0,560.1412319540977,1.0,560.1412319540977,True,True,0.9737461363169273,1.0299994802252517,0,0,18,0.997903359361769,l(r:p1udm822-p1ulv579),171.79368687758452,6753.77642672224,True,0.9737461363169273,1.0299994802252517,0,0,18,0.997903359361769,l(r:p1udm822-p1ulv579),171.79368687758452,6753.77642672224
13,49289,2023-08-17T10:00,upper_activity_half,5.0,933.5687199234962,0.60296630859375,562.910484870863,False,True,0.961892884431432,1.0299994476531116,0,0,18,1.2757861042087002,l(r:p1udm822-p1ulv579),197.0181472686087,7152.366154081232,True,0.9736563367706129,1.02999947997272,0,0,18,0.9999911622649176,l(r:p1udm822-p1ulv579),171.97701545309337,6756.87789683384
13,49289,2023-08-17T10:00,upper_activity_half,10.0,1867.1374398469925,0.30145263671875,562.8535043581724,False,True,0.9302819722277816,1.029999363251213,6,0,18,1.9890919457757916,l(r:p1udm822-p1ulv579),275.3084763263178,8164.252921392053,True,0.9736581154930561,1.0299994799776435,0,0,18,0.99994905006401,l(r:p1udm822-p1ulv579),171.97342638347297,6756.817309934707
13,49408,2023-08-22T09:00,upper_activity_half,1.0,197.64600601792336,1.0,197.64600601792336,True,True,0.985395577451116,1.029999511224065,0,0,18,0.9334072471615402,recloser_disswitch(r:p1udt228-p1udt62)p1u_12237,150.44165302735462,6370.181199516499,True,0.985395577451116,1.029999511224065,0,0,18,0.9334072471615402,recloser_disswitch(r:p1udt228-p1udt62)p1u_12237,150.44165302735462,6370.181199516499
13,49408,2023-08-22T09:00,upper_activity_half,3.0,592.9380180537701,0.90911865234375,539.0510118964175,False,True,0.9743403466617516,1.0299994773535417,0,0,18,1.041587129726508,l(r:p1udm822-p1ulv579),174.06220325254873,6788.82511007347,True,0.9758658168123702,1.0299994820015996,0,0,18,0.999982221204194,l(r:p1udm822-p1ulv579),170.63715378256072,6731.678548134805
13,49408,2023-08-22T09:00,upper_activity_half,5.0,988.2300300896168,0.54547119140625,539.0510118964175,False,True,0.9629154290004407,1.029999442736331,0,0,18,1.3500225418446647,l(r:p1udm822-p1ulv579),201.36592936120627,7211.3142808661705,True,0.975865816761901,1.0299994820015994,0,0,18,0.9999822220115371,l(r:p1udm822-p1ulv579),170.63715043822,6731.678552509334
13,49408,2023-08-22T09:00,upper_activity_half,10.0,1976.4600601792336,0.272705078125,538.9906951221201,False,True,0.932510622721995,1.029999352686281,6,0,18,2.145861540673406,l(r:p1udm822-p1ulv579),287.0692775714679,8285.282562135395,True,0.975867510069012,1.0299994820067493,0,0,18,0.9999358995451545,l(r:p1udm822-p1ulv579),170.63337566881248,6731.615161741721
13,49409,2023-08-22T10:00,upper_activity_half,1.0,219.909832239151,1.0,219.909832239151,True,True,0.9858040709924617,1.0299995094112597,0,0,18,0.9366442605720354,recloser_disswitch(r:p1udt228-p1udt62)p1u_12237,151.36093922418982,6393.355331137494,True,0.9858040709924617,1.0299995094112597,0,0,18,0.9366442605720354,recloser_disswitch(r:p1udt228-p1udt62)p1u_12237,151.36093922418982,6393.355331137494
13,49409,2023-08-22T10:00,upper_activity_half,3.0,659.729496717453,0.9552001953125,630.1737441179284,False,True,0.9765463264357219,1.029999471880125,0,0,18,1.019482953599539,l(r:p1udm822-p1ulv579),177.03000752759905,6858.573895859776,True,0.9771946790083695,1.0299994744119865,0,0,18,0.999985565021859,l(r:p1udm822-p1ulv579),175.19199852350732,6827.35636372542
13,49409,2023-08-22T10:00,upper_activity_half,5.0,1099.549161195755,0.5731201171875,630.1737441179284,False,True,0.9667109755663242,1.0299994335553522,0,0,18,1.3130807574601082,l(r:p1udm822-p1ulv579),206.66480967606597,7327.933935252722,True,0.9771946765359529,1.0299994744119734,0,0,18,0.9999856191546824,l(r:p1udm822-p1ulv579),175.19201211207903,6827.356521454271
13,49409,2023-08-22T10:00,upper_activity_half,10.0,2199.09832239151,0.28656005859375,630.1737441179284,False,True,0.9407941932960653,1.02999933403665,6,0,18,2.0714069624835227,l(r:p1udm822-p1ulv579),299.4324207670236,8520.283491853274,True,0.977194682775682,1.0299994744120071,0,0,18,0.9999854826812258,l(r:p1udm822-p1ulv579),175.19200274153832,6827.35612278432
13,49410,2023-08-22T11:00,upper_activity_half,1.0,204.56667828559875,1.0,204.56667828559875,True,True,0.986367017047466,1.0299995106980104,0,0,18,0.9340307206990944,recloser_disswitch(r:p1udt228-p1udt62)p1u_12237,150.34151348765818,6377.013262059422,True,0.986367017047466,1.0299995106980104,0,0,18,0.9340307206990944,recloser_disswitch(r:p1udt228-p1udt62)p1u_12237,150.34151348765818,6377.013262059422
13,49410,2023-08-22T11:00,upper_activity_half,3.0,613.7000348567963,0.8736572265625,536.1634703942982,False,True,0.980427488539494,1.0299994758155617,0,0,18,1.0602050206256022,l(r:p1udm822-p1ulv579),173.42968117496122,6808.962459313207,True,0.981560531081437,1.0299994824678302,0,0,18,0.9999727901778537,l(r:p1udm822-p1ulv579),168.8186708316158,6726.97272294057
13,49410,2023-08-22T11:00,upper_activity_half,5.0,1022.8333914279938,0.524169921875,536.1384988759528,False,True,0.974370095785241,1.0299994402423496,0,0,18,1.3815429419902878,l(r:p1udm822-p1ulv579),199.72069764511474,7244.278773025636,True,0.9815608942989241,1.0299994824699612,0,0,18,0.9999534575224912,l(r:p1udm822-p1ulv579),168.81721672061371,6726.94642506242
13,49410,2023-08-22T11:00,upper_activity_half,10.0,2045.6667828559875,0.2620849609375,536.1384988759528,False,True,0.9561976125524346,1.029999348097813,0,0,18,2.2117238086815663,l(r:p1udm822-p1ulv579),280.41425484729547,8347.862276849119,True,0.98156089028891,1.0299994824699326,0,0,18,0.9999535855850451,l(r:p1udm822-p1ulv579),168.81720118046982,6726.946765762742
13,49458,2023-08-24T11:00,upper_activity_half,1.0,192.7057340145111,1.0,192.7057340145111,True,True,0.9857760620622427,1.0299995117546819,0,0,18,0.9361626316803439,recloser_disswitch(r:p1udt228-p1udt62)p1u_12237,149.70320633201487,6364.487719995113,True,0.9857760620622427,1.0299995117546819,0,0,18,0.9361626316803439,recloser_disswitch(r:p1udt228-p1udt62)p1u_12237,149.70320633201487,6364.487719995113
13,49458,2023-08-24T11:00,upper_activity_half,3.0,578.1172020435333,1.0,578.1172020435333,True,True,0.9755208560155129,1.0299994790732876,0,0,18,0.9837826470338674,recloser_disswitch(r:p1udt228-p1udt62)p1u_12237,171.2960253721763,6771.266952111892,True,0.9755208560155129,1.0299994790732876,0,0,18,0.9837826470338674,recloser_disswitch(r:p1udt228-p1udt62)p1u_12237,171.2960253721763,6771.266952111892
13,49458,2023-08-24T11:00,upper_activity_half,5.0,963.5286700725555,0.735107421875,708.2970765596838,False,True,0.964957111293614,1.0299994458335855,0,0,18,1.1414211884519996,l(r:p1udm822-p1ulv579),195.78680068901332,7181.117895606893,True,0.971984691800293,1.0299994678940232,0,0,18,0.9999988978302191,recloser_disswitch(r:p1udt228-p1udt62)p1u_12237,179.24769080928672,6909.535500184862
13,49458,2023-08-24T11:00,upper_activity_half,10.0,1927.057340145111,0.3675537109375,708.2970765596838,False,True,0.9370307739026096,1.0299993601713566,6,0,18,1.7125245219265408,l(r:p1udm822-p1ulv579),270.5642449777255,8219.482928847265,True,0.9719846842649431,1.029999467893994,0,0,18,0.9999989446616026,recloser_disswitch(r:p1udt228-p1udt62)p1u_12237,179.24771202180543,6909.535841356785
13,49459,2023-08-24T12:00,upper_activity_half,1.0,189.81134700775146,1.0,189.81134700775146,True,True,0.986266480426993,1.0299995119749237,0,0,18,0.9338981961120322,recloser_disswitch(r:p1udt228-p1udt62)p1u_12237,149.6029616275538,6361.537461822904,True,0.986266480426993,1.0299995119749237,0,0,18,0.9338981961120322,recloser_disswitch(r:p1udt228-p1udt62)p1u_12237,149.6029616275538,6361.537461822904
13,49459,2023-08-24T12:00,upper_activity_half,3.0,569.4340410232544,1.0,569.4340410232544,True,True,0.978399621044418,1.0299994797340981,0,0,18,0.9769252258997628,recloser_disswitch(r:p1udt228-p1udt62)p1u_12237,170.98427127273993,6762.272596375573,True,0.978399621044418,1.0299994797340981,0,0,18,0.9769252258997628,recloser_disswitch(r:p1udt228-p1udt62)p1u_12237,170.98427127273993,6762.272596375573
13,49459,2023-08-24T12:00,upper_activity_half,5.0,949.0567350387573,0.69561767578125,660.180640212202,False,True,0.9690063747721133,1.029999446916346,0,0,18,1.1832126908526897,l(r:p1udm822-p1ulv579),195.2550930197944,7166.114637680577,True,0.9761752139224685,1.0299994719275773,0,0,18,0.9999761823048063,l(r:p1udm822-p1ulv579),176.52805587602018,6858.69908445452
13,49459,2023-08-24T12:00,upper_activity_half,10.0,1898.1134700775146,0.3477783203125,660.1227143860888,False,True,0.9442981293100214,1.0299993622428238,3,0,18,1.8002623801182045,l(r:p1udm822-p1ulv579),269.3900592035877,8189.360397646612,True,0.976176626230427,1.029999471932506,0,0,18,0.9999398476387616,l(r:p1udm822-p1ulv579),176.52450947167864,6858.6382487795945
13,49553,2023-08-28T10:00,upper_activity_half,1.0,197.9076976776123,1.0,197.9076976776123,True,True,0.9874353353700013,1.0299995112102018,0,0,18,0.9322406119312258,recloser_disswitch(r:p1udt228-p1udt62)p1u_12237,150.2326385859193,6370.248904690864,True,0.9874353353700013,1.0299995112102018,0,0,18,0.9322406119312258,recloser_disswitch(r:p1udt228-p1udt62)p1u_12237,150.2326385859193,6370.248904690864
13,49553,2023-08-28T10:00,upper_activity_half,3.0,593.7230930328369,0.9298095703125,552.0494140174706,False,True,0.9806123483883264,1.0299994773410721,0,0,18,1.0314056958158349,l(r:p1udm822-p1ulv579),173.15208695271807,6788.707045876592,True,0.9813358195942309,1.0299994809275137,0,0,18,0.9999824562643802,l(r:p1udm822-p1ulv579),170.59470649185167,6744.634715908992
13,49553,2023-08-28T10:00,upper_activity_half,5.0,989.5384883880615,0.557861328125,552.0252553629689,False,True,0.9736426383936313,1.0299994427621701,0,0,18,1.3332648864288965,l(r:p1udm822-p1ulv579),199.34679942891785,7210.62566356452,True,0.981336237941375,1.0299994809295867,0,0,18,0.999964279951796,l(r:p1udm822-p1ulv579),170.59323416537046,6744.609225141889
13,49553,2023-08-28T10:00,upper_activity_half,10.0,1979.076976776123,0.2789306640625,552.0252553629689,False,True,0.9555083444489749,1.0299993530236675,0,0,18,2.113634714379838,l(r:p1udm822-p1ulv579),280.15560502206205,8281.01100867739,True,0.9813362338000369,1.029999480929557,0,0,18,0.9999644156386828,l(r:p1udm822-p1ulv579),170.5932534269115,6744.609577580581
13,49846,2023-09-09T15:00,lower_activity_half,1.0,30.41227789223194,1.0,30.41227789223194,True,True,0.9891670590517374,1.0299995253865526,0,0,18,0.9166693695357856,recloser_disswitch(r:p1udt228-p1udt62)p1u_12237,141.38188815595487,6193.905390290549,True,0.9891670590517374,1.0299995253865526,0,0,18,0.9166693695357856,recloser_disswitch(r:p1udt228-p1udt62)p1u_12237,141.38188815595487,6193.905390290549
13,49846,2023-09-09T15:00,lower_activity_half,3.0,91.23683367669582,1.0,91.23683367669582,True,True,0.9860160599961929,1.0299995203467769,0,0,18,0.9249988061016149,recloser_disswitch(r:p1udt228-p1udt62)p1u_12237,144.32027592396767,6257.534335440547,True,0.9860160599961929,1.0299995203467769,0,0,18,0.9249988061016149,recloser_disswitch(r:p1udt228-p1udt62)p1u_12237,144.32027592396767,6257.534335440547
13,49846,2023-09-09T15:00,lower_activity_half,5.0,152.0613894611597,1.0,152.0613894611597,True,True,0.9827910201856938,1.029999515278498,0,0,18,0.9333679011531342,recloser_disswitch(r:p1udt228-p1udt62)p1u_12237,147.3705296127003,6321.407917238375,True,0.9827910201856938,1.029999515278498,0,0,18,0.9333679011531342,recloser_disswitch(r:p1udt228-p1udt62)p1u_12237,147.3705296127003,6321.407917238375
13,49846,2023-09-09T15:00,lower_activity_half,10.0,304.1227789223194,1.0,304.1227789223194,True,True,0.9745934688434366,1.0299995025313007,0,0,18,0.9543747168655636,recloser_disswitch(r:p1udt228-p1udt62)p1u_12237,155.46897273121155,6481.53762756833,True,0.9745934688434366,1.0299995025313007,0,0,18,0.9543747168655636,recloser_disswitch(r:p1udt228-p1udt62)p1u_12237,155.46897273121155,6481.53762756833
13,50168,2023-09-23T01:00,lower_activity_half,1.0,8.444974184036255,1.0,8.444974184036255,True,True,0.989256184801446,1.0299995271925908,0,0,18,0.9133775000717806,recloser_disswitch(r:p1udt228-p1udt62)p1u_12237,140.39201841837485,6170.8850107831,True,0.989256184801446,1.0299995271925908,0,0,18,0.9133775000717806,recloser_disswitch(r:p1udt228-p1udt62)p1u_12237,140.39201841837485,6170.8850107831
13,50168,2023-09-23T01:00,lower_activity_half,3.0,25.334922552108765,1.0,25.334922552108765,True,True,0.9891750083537562,1.0299995257654864,0,0,18,0.915129321476668,recloser_disswitch(r:p1udt228-p1udt62)p1u_12237,141.28601891642853,6188.537592489016,True,0.9891750083537562,1.0299995257654864,0,0,18,0.915129321476668,recloser_disswitch(r:p1udt228-p1udt62)p1u_12237,141.28601891642853,6188.537592489016
13,50168,2023-09-23T01:00,lower_activity_half,5.0,42.224870920181274,1.0,42.224870920181274,True,True,0.9890926026322415,1.0299995243252613,0,0,18,0.9169024272516454,recloser_disswitch(r:p1udt228-p1udt62)p1u_12237,142.19612365750413,6206.3353859539875,True,0.9890926026322415,1.0299995243252613,0,0,18,0.9169024272516454,recloser_disswitch(r:p1udt228-p1udt62)p1u_12237,142.19612365750413,6206.3353859539875
13,50168,2023-09-23T01:00,lower_activity_half,10.0,84.44974184036255,1.0,84.44974184036255,True,True,0.9888867481036858,1.0299995207238115,0,0,18,0.9213256948448638,recloser_disswitch(r:p1udt228-p1udt62)p1u_12237,144.510698463437,6250.749953725447,True,0.9888867481036858,1.0299995207238115,0,0,18,0.9213256948448638,recloser_disswitch(r:p1udt228-p1udt62)p1u_12237,144.510698463437,6250.749953725447
13,51647,2023-11-23T16:00,lower_activity_half,1.0,17.233353793621063,1.0,17.233353793621063,True,True,0.9892041575855186,1.029999526418878,0,0,18,0.9154105289802408,recloser_disswitch(r:p1udt228-p1udt62)p1u_12237,140.93775278681974,6180.447899539324,True,0.9892041575855186,1.029999526418878,0,0,18,0.9154105289802408,recloser_disswitch(r:p1udt228-p1udt62)p1u_12237,140.93775278681974,6180.447899539324
13,51647,2023-11-23T16:00,lower_activity_half,3.0,51.70006138086319,1.0,51.70006138086319,True,True,0.9890241983746372,1.0299995234997703,0,0,18,0.9211228971926665,recloser_disswitch(r:p1udt228-p1udt62)p1u_12237,142.9287168635867,6216.447149975344,True,0.9890241983746372,1.0299995234997703,0,0,18,0.9211228971926665,recloser_disswitch(r:p1udt228-p1udt62)p1u_12237,142.9287168635867,6216.447149975344
13,51647,2023-11-23T16:00,lower_activity_half,5.0,86.16676896810532,1.0,86.16676896810532,True,True,0.9881120083009852,1.0299995205281585,0,0,18,0.9269185203214173,recloser_disswitch(r:p1udt228-p1udt62)p1u_12237,145.0064114029395,6252.977700487143,True,0.9881120083009852,1.0299995205281585,0,0,18,0.9269185203214173,recloser_disswitch(r:p1udt228-p1udt62)p1u_12237,145.0064114029395,6252.977700487143
13,51647,2023-11-23T16:00,lower_activity_half,10.0,172.33353793621063,0.9769287109375,168.357581067321,False,True,0.9853973689500503,1.0299995130136022,0,0,18,1.0079330344889048,l(r:p1udt454lv-p1ulv1912)p1ud1,150.5038622863457,6344.791048401326,True,0.9855226638803621,1.0299995133587871,0,0,18,0.999981005136139,l(r:p1udt454lv-p1ulv1912)p1ud1,150.24305633691586,6340.591091218857
14,44103,2023-01-13T08:00,lower_activity_half,1.0,79.95436143875122,1.0,79.95436143875122,True,True,0.9883914340560411,1.029999521167608,0,0,18,0.9204160015506259,recloser_disswitch(r:p1udt228-p1udt62)p1u_12237,144.14690986062917,6246.119379740631,True,0.9883914340560411,1.029999521167608,0,0,18,0.9204160015506259,recloser_disswitch(r:p1udt228-p1udt62)p1u_12237,144.14690986062917,6246.119379740631
14,44103,2023-01-13T08:00,lower_activity_half,3.0,239.86308431625366,1.0,239.86308431625366,True,True,0.9846863013991554,1.029999507588421,0,0,18,0.9363122219430625,recloser_disswitch(r:p1udt228-p1udt62)p1u_12237,153.00696577393887,6414.811459792372,True,0.9846863013991554,1.029999507588421,0,0,18,0.9363122219430625,recloser_disswitch(r:p1udt228-p1udt62)p1u_12237,153.00696577393887,6414.811459792372
14,44103,2023-01-13T08:00,lower_activity_half,5.0,399.7718071937561,1.0,399.7718071937561,True,True,0.9805500311227436,1.0299994938753714,0,0,18,0.9656317429556293,l(r:p1udm822-p1ulv579),162.49208444997484,6584.1953620561235,True,0.9805500311227436,1.0299994938753714,0,0,18,0.9656317429556293,l(r:p1udm822-p1ulv579),162.49208444997484,6584.1953620561235
14,44103,2023-01-13T08:00,lower_activity_half,10.0,799.5436143875122,0.5450439453125,435.7864060351858,False,True,0.969984251523638,1.0299994590266464,0,0,18,1.349907512582487,l(r:p1udm822-p1ulv579),189.00141240545688,7010.313807017986,True,0.9796104839821524,1.0299994907635381,0,0,18,0.9999844719429627,l(r:p1udm822-p1ulv579),164.71867768653559,6622.495744415729
14,44752,2023-02-09T09:00,lower_activity_half,1.0,125.63688196241856,1.0,125.63688196241856,True,True,0.9871827131593284,1.0299995173650105,0,0,18,0.9297165882196927,recloser_disswitch(r:p1udt228-p1udt62)p1u_12237,146.48241498605918,6294.19289163938,True,0.9871827131593284,1.0299995173650105,0,0,18,0.9297165882196927,recloser_disswitch(r:p1udt228-p1udt62)p1u_12237,146.48241498605918,6294.19289163938
14,44752,2023-02-09T09:00,lower_activity_half,3.0,376.91064588725567,1.0,376.91064588725567,True,True,0.9817035159414571,1.0299994961234635,0,0,18,0.9643068735840507,recloser_disswitch(r:p1udt228-p1udt62)p1u_12237,160.49388245497448,6559.316347064497,True,0.9817035159414571,1.0299994961234635,0,0,18,0.9643068735840507,recloser_disswitch(r:p1udt228-p1udt62)p1u_12237,160.49388245497448,6559.316347064497
14,44752,2023-02-09T09:00,lower_activity_half,5.0,628.1844098120928,0.94757080078125,595.2492042439417,False,True,0.9755080894820811,1.0299994746403913,0,0,18,1.0173088290755716,l(r:p1udt175lv-p1ulv493),175.80716571372568,6825.884141744075,True,0.976324685947494,1.0299994774611065,0,0,18,0.9999813928705336,l(r:p1udt175lv-p1ulv493),173.73031322309996,6790.9698989762255
14,44752,2023-02-09T09:00,lower_activity_half,10.0,1256.3688196241856,0.4737548828125,595.210862910335,False,True,0.95948779368263,1.0299994198729394,0,0,18,1.352064729626367,l(r:p1udt175lv-p1ulv493),220.01948444696933,7498.341852859331,True,0.976325629739983,1.0299994774643613,0,0,18,0.9999613292544484,l(r:p1udt175lv-p1ulv493),173.7279100663513,6790.929585006965
14,46073,2023-04-05T10:00,upper_activity_half,1.0,190.9374189376831,1.0,190.9374189376831,True,True,0.9879505630321835,1.029999511964898,0,0,18,0.9357674745654154,recloser_disswitch(r:p1udt228-p1udt62)p1u_12237,149.23855761965845,6362.274651999174,True,0.9879505630321835,1.029999511964898,0,0,18,0.9357674745654154,recloser_disswitch(r:p1udt228-p1udt62)p1u_12237,149.23855761965845,6362.274651999174
14,46073,2023-04-05T10:00,upper_activity_half,3.0,572.8122568130493,1.0,572.8122568130493,True,True,0.9821951459020026,1.0299994798028522,0,0,18,0.9824828452642761,recloser_disswitch(r:p1udt228-p1udt62)p1u_12237,169.34962177161006,6764.037440907359,True,0.9821951459020026,1.0299994798028522,0,0,18,0.9824828452642761,recloser_disswitch(r:p1udt228-p1udt62)p1u_12237,169.34962177161006,6764.037440907359
14,46073,2023-04-05T10:00,upper_activity_half,5.0,954.6870946884155,0.74908447265625,715.1412788763992,False,True,0.9763457285622003,1.029999447218073,0,0,18,1.0295201087064416,recloser_disswitch(r:p1udt228-p1udt62)p1u_12237,191.57228025678944,7168.101395289141,True,0.9800243392692869,1.029999467695002,0,0,18,0.9999981860103979,recloser_disswitch(r:p1udt228-p1udt62)p1u_12237,177.39030726555853,6914.521981702636
14,46073,2023-04-05T10:00,upper_activity_half,10.0,1909.374189376831,0.37451171875,715.083009400405,False,True,0.9612917646074239,1.0299993638802245,0,0,18,1.3758184368335482,l(r:p1udt175lv-p1ulv493),256.7387523311297,8188.027824195754,True,0.9800252226721804,1.0299994676999156,0,0,18,0.9999910942119832,recloser_disswitch(r:p1udt228-p1udt62)p1u_12237,177.38699233567266,6914.460965590157
14,46294,2023-04-14T15:00,lower_activity_half,1.0,91.37446284294128,1.0,91.37446284294128,True,True,0.986176843091859,1.0299995201870915,0,0,18,0.923633159878448,recloser_disswitch(r:p1udt228-p1udt62)p1u_12237,145.0827405011568,6258.575758853069,True,0.986176843091859,1.0299995201870915,0,0,18,0.923633159878448,recloser_disswitch(r:p1udt228-p1udt62)p1u_12237,145.0827405011568,6258.575758853069
14,46294,2023-04-14T15:00,lower_activity_half,3.0,274.12338852882385,1.0,274.12338852882385,True,True,0.9725862216899608,1.0299995045168933,0,0,18,0.9461411192493921,recloser_disswitch(r:p1udt228-p1udt62)p1u_12237,156.85664605560754,6452.89255315353,True,0.9725862216899608,1.0299995045168933,0,0,18,0.9461411192493921,recloser_disswitch(r:p1udt228-p1udt62)p1u_12237,156.85664605560754,6452.89255315353
14,46294,2023-04-14T15:00,lower_activity_half,5.0,456.8723142147064,1.0,456.8723142147064,True,True,0.9584093696310338,1.0299994884769412,0,0,18,0.9690715838095877,recloser_disswitch(r:p1udt228-p1udt62)p1u_12237,170.78292361990273,6649.5302471746445,True,0.9584093696310338,1.0299994884769412,0,0,18,0.9690715838095877,recloser_disswitch(r:p1udt228-p1udt62)p1u_12237,170.78292361990273,6649.5302471746445
14,46294,2023-04-14T15:00,lower_activity_half,10.0,913.7446284294128,0.61431884765625,561.3305471888452,False,True,0.919906417645556,1.0299994466050064,6,0,18,1.3354416143856618,l(r:p1udt62lv-p1ulv157),216.2022010205878,7151.924778732786,True,0.9500041561721544,1.0299994791249627,0,0,18,0.9823928726626934,recloser_disswitch(r:p1udt228-p1udt62)p1u_12237,179.78147194145726,6763.102417184525
14,46385,2023-04-18T10:00,upper_activity_half,1.0,188.02274084091187,1.0,188.02274084091187,True,True,0.985294151283923,1.0299995120765342,0,0,18,0.9368437634431559,recloser_disswitch(r:p1udt228-p1udt62)p1u_12237,149.92169736698736,6360.048084717624,True,0.985294151283923,1.0299995120765342,0,0,18,0.9368437634431559,recloser_disswitch(r:p1udt228-p1udt62)p1u_12237,149.92169736698736,6360.048084717624
14,46385,2023-04-18T10:00,upper_activity_half,3.0,564.0682225227356,1.0,564.0682225227356,True,True,0.9734366813500716,1.0299994800117231,0,0,18,0.9859093214516843,recloser_disswitch(r:p1udt228-p1udt62)p1u_12237,172.25141327771036,6758.166459615357,True,0.9734366813500716,1.0299994800117231,0,0,18,0.9859093214516843,recloser_disswitch(r:p1udt228-p1udt62)p1u_12237,172.25141327771036,6758.166459615357
14,46385,2023-04-18T10:00,upper_activity_half,5.0,940.1137042045593,0.71368408203125,670.944185990229,False,True,0.960451279884472,1.0299994473345324,0,0,18,1.035594088945807,recloser_disswitch(r:p1udt228-p1udt62)p1u_12237,197.93023917838624,7159.832225162328,True,0.9697928361113192,1.0299994707720719,0,0,18,0.9999934143500123,recloser_disswitch(r:p1udt228-p1udt62)p1u_12237,179.21135220089488,6872.145920577734
14,46385,2023-04-18T10:00,upper_activity_half,10.0,1880.2274084091187,0.3568115234375,670.8868060034001,False,True,0.9255257573259709,1.0299993627806907,15,0,18,1.2944185765105796,l(r:p1udm721-p1ulv530),278.1012905610729,8180.149170091141,True,0.9697947835884698,1.0299994707769782,0,0,18,0.9999859612974468,recloser_disswitch(r:p1udt228-p1udt62)p1u_12237,179.20756392038876,6872.085451538486
14,46413,2023-04-19T14:00,lower_activity_half,1.0,57.698155641555786,1.0,57.698155641555786,True,True,0.9882914401621323,1.0299995230787142,0,0,18,0.919380230702719,recloser_disswitch(r:p1udt228-p1udt62)p1u_12237,142.77294917249282,6222.609810350333,True,0.9882914401621323,1.0299995230787142,0,0,18,0.919380230702719,recloser_disswitch(r:p1udt228-p1udt62)p1u_12237,142.77294917249282,6222.609810350333
14,46413,2023-04-19T14:00,lower_activity_half,3.0,173.09446692466736,1.0,173.09446692466736,True,True,0.9862701688482955,1.0299995134087558,0,0,18,0.9331279572264457,recloser_disswitch(r:p1udt228-p1udt62)p1u_12237,148.59300211965234,6343.649340306852,True,0.9862701688482955,1.0299995134087558,0,0,18,0.9331279572264457,recloser_disswitch(r:p1udt228-p1udt62)p1u_12237,148.59300211965234,6343.649340306852
14,46413,2023-04-19T14:00,lower_activity_half,5.0,288.49077820777893,1.0,288.49077820777893,True,True,0.9842274975106751,1.029999503676335,0,0,18,0.9469378504217074,recloser_disswitch(r:p1udt228-p1udt62)p1u_12237,154.66703899693613,6465.116283811268,True,0.9842274975106751,1.029999503676335,0,0,18,0.9469378504217074,recloser_disswitch(r:p1udt228-p1udt62)p1u_12237,154.66703899693613,6465.116283811268
14,46413,2023-04-19T14:00,lower_activity_half,10.0,576.9815564155579,1.0,576.9815564155579,True,True,0.9767762151270492,1.0299994791362288,0,0,18,0.9816135268116557,recloser_disswitch(r:p1udt228-p1udt62)p1u_12237,170.94498168080813,6769.813852050985,True,0.9767762151270492,1.0299994791362288,0,0,18,0.9816135268116557,recloser_disswitch(r:p1udt228-p1udt62)p1u_12237,170.94498168080813,6769.813852050985
14,46948,2023-05-11T21:00,lower_activity_half,1.0,43.385165214538574,1.0,43.385165214538574,True,True,0.9891104221134476,1.0299995242658546,0,0,18,0.916931967348889,recloser_disswitch(r:p1udt228-p1udt62)p1u_12237,142.16373945827024,6207.656704722856,True,0.9891104221134476,1.0299995242658546,0,0,18,0.916931967348889,recloser_disswitch(r:p1udt228-p1udt62)p1u_12237,142.16373945827024,6207.656704722856
14,46948,2023-05-11T21:00,lower_activity_half,3.0,130.15549564361572,1.0,130.15549564361572,True,True,0.9862610814209355,1.0299995169623624,0,0,18,0.9258005110144971,recloser_disswitch(r:p1udt228-p1udt62)p1u_12237,146.7808975778651,6298.904070467059,True,0.9862610814209355,1.0299995169623624,0,0,18,0.9258005110144971,recloser_disswitch(r:p1udt228-p1udt62)p1u_12237,146.7808975778651,6298.904070467059
14,46948,2023-05-11T21:00,lower_activity_half,5.0,216.92582607269287,1.0,216.92582607269287,True,True,0.9819269361743236,1.029999509599799,0,0,18,0.93472823921081,recloser_disswitch(r:p1udt228-p1udt62)p1u_12237,151.66631835439205,6390.556635017383,True,0.9819269361743236,1.029999509599799,0,0,18,0.93472823921081,recloser_disswitch(r:p1udt228-p1udt62)p1u_12237,151.66631835439205,6390.556635017383
14,46948,2023-05-11T21:00,lower_activity_half,10.0,433.85165214538574,1.0,433.85165214538574,True,True,0.9708449213992805,1.0299994909832002,0,0,18,0.9572143276470017,recloser_disswitch(r:p1udt228-p1udt62)p1u_12237,165.05716412762584,6620.811170418199,True,0.9708449213992805,1.0299994909832002,0,0,18,0.9572143276470017,recloser_disswitch(r:p1udt228-p1udt62)p1u_12237,165.05716412762584,6620.811170418199
14,47304,2023-05-26T17:00,lower_activity_half,1.0,83.14106774330139,1.0,83.14106774330139,True,True,0.9886965178780409,1.0299995208857,0,0,18,0.9236226174762904,recloser_disswitch(r:p1udt228-p1udt62)p1u_12237,144.45394330262585,6249.666861917886,True,0.9886965178780409,1.0299995208857,0,0,18,0.9236226174762904,recloser_disswitch(r:p1udt228-p1udt62)p1u_12237,144.45394330262585,6249.666861917886
14,47304,2023-05-26T17:00,lower_activity_half,3.0,249.42320322990417,1.0,249.42320322990417,True,True,0.9846472716488228,1.029999506752442,0,0,18,0.9565569865291352,l(r:p1udt175lv-p1ulv493),153.97944665793702,6425.339889948261,True,0.9846472716488228,1.029999506752442,0,0,18,0.9565569865291352,l(r:p1udt175lv-p1ulv493),153.97944665793702,6425.339889948261
14,47304,2023-05-26T17:00,lower_activity_half,5.0,415.70533871650696,0.69671630859375,289.62868905327923,False,True,0.9804848465725797,1.0299994924749025,0,0,18,1.1366804529821373,l(r:p1udt175lv-p1ulv493),164.21425340259879,6601.845698371878,True,0.9836447434238085,1.029999503307864,0,0,18,0.999980087930445,l(r:p1udt175lv-p1ulv493),156.3919221085195,6468.010996888151
14,47304,2023-05-26T17:00,lower_activity_half,10.0,831.4106774330139,0.34832763671875,289.6033164129767,False,True,0.9697066368073934,1.0299994561951902,0,0,18,1.5944199889017892,l(r:p1udt175lv-p1ulv493),192.97219019740095,7046.056360739045,True,0.983645376605803,1.0299995033100373,0,0,18,0.9999526674256394,l(r:p1udt175lv-p1ulv493),156.39037401462005,6467.984088906769
14,47458,2023-06-02T03:00,lower_activity_half,1.0,11.082432746887207,1.0,11.082432746887207,True,True,0.989250914745175,1.0299995269673325,0,0,18,0.9143535478563364,recloser_disswitch(r:p1udt228-p1udt62)p1u_12237,140.63672419433408,6173.776634775149,True,0.989250914745175,1.0299995269673325,0,0,18,0.9143535478563364,recloser_disswitch(r:p1udt228-p1udt62)p1u_12237,140.63672419433408,6173.776634775149
14,47458,2023-06-02T03:00,lower_activity_half,3.0,33.24729824066162,1.0,33.24729824066162,True,True,0.9857971246558002,1.029999525067371,0,0,18,0.9180878511726068,recloser_disswitch(r:p1udt228-p1udt62)p1u_12237,142.14566272401882,6197.375318881204,True,0.9857971246558002,1.029999525067371,0,0,18,0.9180878511726068,recloser_disswitch(r:p1udt228-p1udt62)p1u_12237,142.14566272401882,6197.375318881204
14,47458,2023-06-02T03:00,lower_activity_half,5.0,55.412163734436035,1.0,55.412163734436035,True,True,0.9811385010590515,1.0299995231326255,0,0,18,0.921869648194914,recloser_disswitch(r:p1udt228-p1udt62)p1u_12237,143.8376136620605,6221.230166794588,True,0.9811385010590515,1.0299995231326255,0,0,18,0.921869648194914,recloser_disswitch(r:p1udt228-p1udt62)p1u_12237,143.8376136620605,6221.230166794588
14,47458,2023-06-02T03:00,lower_activity_half,10.0,110.82432746887207,1.0,110.82432746887207,True,True,0.9691875525957558,1.0299995181663857,0,0,18,0.931486054960153,recloser_disswitch(r:p1udt228-p1udt62)p1u_12237,148.88817791954122,6281.662201277456,True,0.9691875525957558,1.0299995181663857,0,0,18,0.931486054960153,recloser_disswitch(r:p1udt228-p1udt62)p1u_12237,148.88817791954122,6281.662201277456
14,47868,2023-06-19T05:00,lower_activity_half,1.0,3.571868658065796,1.0,3.571868658065796,True,True,0.9890418166319862,1.029999527609539,0,0,18,0.9129318089131496,recloser_disswitch(r:p1udt228-p1udt62)p1u_12237,140.15026119552488,6165.742127885352,True,0.9890418166319862,1.029999527609539,0,0,18,0.9129318089131496,recloser_disswitch(r:p1udt228-p1udt62)p1u_12237,140.15026119552488,6165.742127885352
14,47868,2023-06-19T05:00,lower_activity_half,3.0,10.715605974197388,1.0,10.715605974197388,True,True,0.9885303131810189,1.0299995270069922,0,0,18,0.9138104220560033,recloser_disswitch(r:p1udt228-p1udt62)p1u_12237,140.56441918778197,6173.236977959051,True,0.9885303131810189,1.0299995270069922,0,0,18,0.9138104220560033,recloser_disswitch(r:p1udt228-p1udt62)p1u_12237,140.56441918778197,6173.236977959051
14,47868,2023-06-19T05:00,lower_activity_half,5.0,17.85934329032898,1.0,17.85934329032898,True,True,0.9880161571601037,1.02999952639802,0,0,18,0.9147000830416987,recloser_disswitch(r:p1udt228-p1udt62)p1u_12237,140.98908532317438,6180.804261625621,True,0.9880161571601037,1.02999952639802,0,0,18,0.9147000830416987,recloser_disswitch(r:p1udt228-p1udt62)p1u_12237,140.98908532317438,6180.804261625621
14,47868,2023-06-19T05:00,lower_activity_half,10.0,35.71868658065796,1.0,35.71868658065796,True,True,0.9867251518759078,1.0299995248743692,0,0,18,0.9169226055753147,recloser_disswitch(r:p1udt228-p1udt62)p1u_12237,142.08154260840135,6199.6989140870965,True,0.9867251518759078,1.0299995248743692,0,0,18,0.9169226055753147,recloser_disswitch(r:p1udt228-p1udt62)p1u_12237,142.08154260840135,6199.6989140870965
14,48214,2023-07-03T15:00,lower_activity_half,1.0,73.25083684921265,1.0,73.25083684921265,True,True,0.9873261025258253,1.029999521781095,0,0,18,0.9200550902341984,recloser_disswitch(r:p1udt228-p1udt62)p1u_12237,143.64135520046483,6238.769239138533,True,0.9873261025258253,1.029999521781095,0,0,18,0.9200550902341984,recloser_disswitch(r:p1udt228-p1udt62)p1u_12237,143.64135520046483,6238.769239138533
14,48214,2023-07-03T15:00,lower_activity_half,3.0,219.75251054763794,1.0,219.75251054763794,True,True,0.9827294830980349,1.029999509392107,0,0,18,0.9353148083087434,recloser_disswitch(r:p1udt228-p1udt62)p1u_12237,151.56306211104803,6393.263355389532,True,0.9827294830980349,1.029999509392107,0,0,18,0.9353148083087434,recloser_disswitch(r:p1udt228-p1udt62)p1u_12237,151.56306211104803,6393.263355389532
14,48214,2023-07-03T15:00,lower_activity_half,5.0,366.25418424606323,1.0,366.25418424606323,True,True,0.9763831554083044,1.0299994968789528,0,0,18,0.9506668866110872,recloser_disswitch(r:p1udt228-p1udt62)p1u_12237,160.1808717749441,6548.373337368024,True,0.9763831554083044,1.0299994968789528,0,0,18,0.9506668866110872,recloser_disswitch(r:p1udt228-p1udt62)p1u_12237,160.1808717749441,6548.373337368024
14,48214,2023-07-03T15:00,lower_activity_half,10.0,732.5083684921265,1.0,732.5083684921265,True,True,0.9599535158830577,1.029999465010836,0,0,18,0.989505601396731,recloser_disswitch(r:p1udt228-p1udt62)p1u_12237,184.91859651914308,6939.210775174259,True,0.9599535158830577,1.029999465010836,0,0,18,0.989505601396731,recloser_disswitch(r:p1udt228-p1udt62)p1u_12237,184.91859651914308,6939.210775174259
14,48449,2023-07-13T10:00,upper_activity_half,1.0,185.93796157836914,1.0,185.93796157836914,True,True,0.985753775652382,1.0299995121967211,0,0,18,0.9337690162432433,recloser_disswitch(r:p1udt228-p1udt62)p1u_12237,149.93338430224978,6358.0113526046,True,0.985753775652382,1.0299995121967211,0,0,18,0.9337690162432433,recloser_disswitch(r:p1udt228-p1udt62)p1u_12237,149.93338430224978,6358.0113526046
14,48449,2023-07-13T10:00,upper_activity_half,3.0,557.8138847351074,1.0,557.8138847351074,True,True,0.9757263384627437,1.0299994803595867,0,0,18,0.9766092270571474,recloser_disswitch(r:p1udt228-p1udt62)p1u_12237,172.29154686671097,6751.9486103527015,True,0.9757263384627437,1.0299994803595867,0,0,18,0.9766092270571474,recloser_disswitch(r:p1udt228-p1udt62)p1u_12237,172.29154686671097,6751.9486103527015
14,48449,2023-07-13T10:00,upper_activity_half,5.0,929.6898078918457,0.81597900390625,758.6073633853812,False,True,0.9644042290617194,1.0299994478784469,0,0,18,1.0199866543989173,recloser_disswitch(r:p1udt228-p1udt62)p1u_12237,198.0001089632067,7149.473682108315,True,0.96965679647466,1.0299994628844802,0,0,18,0.9999933161451678,recloser_disswitch(r:p1udt228-p1udt62)p1u_12237,185.75842393881,6966.3561730846595
14,48449,2023-07-13T10:00,upper_activity_half,10.0,1859.3796157836914,0.407958984375,758.5506196226925,False,True,0.9342465086691167,1.0299993637079183,6,0,18,1.3765706931676713,l(r:p1udm822-p1ulv579),278.07521729463747,8159.297657638555,True,0.9696585099194845,1.029999462889374,0,0,18,0.9999868018803784,recloser_disswitch(r:p1udt228-p1udt62)p1u_12237,185.7545178761228,6966.296274709085
14,48450,2023-07-13T11:00,upper_activity_half,1.0,197.65360134840012,1.0,197.65360134840012,True,True,0.9863209775042312,1.0299995112643336,0,0,18,0.9361445118984744,recloser_disswitch(r:p1udt228-p1udt62)p1u_12237,150.32369966015142,6370.129081678516,True,0.9863209775042312,1.0299995112643336,0,0,18,0.9361445118984744,recloser_disswitch(r:p1udt228-p1udt62)p1u_12237,150.32369966015142,6370.129081678516
14,48450,2023-07-13T11:00,upper_activity_half,3.0,592.9608040452003,1.0,592.9608040452003,True,True,0.9730613676423875,1.029999477537436,0,0,18,0.9837825226804824,recloser_disswitch(r:p1udt228-p1udt62)p1u_12237,173.6875587206281,6788.48411293631,True,0.9730613676423875,1.029999477537436,0,0,18,0.9837825226804824,recloser_disswitch(r:p1udt228-p1udt62)p1u_12237,173.6875587206281,6788.48411293631
14,48450,2023-07-13T11:00,upper_activity_half,5.0,988.2680067420006,0.7347412109375,726.1212320044069,False,True,0.9592730753509384,1.0299994431224166,0,0,18,1.0320394366207994,recloser_disswitch(r:p1udt228-p1udt62)p1u_12237,200.7402257075218,7210.777039646567,True,0.9684721155136107,1.0299994660047787,0,0,18,0.9999979843408114,recloser_disswitch(r:p1udt228-p1udt62)p1u_12237,182.38993092783846,6930.501934322268
14,48450,2023-07-13T11:00,upper_activity_half,10.0,1976.5360134840012,0.36737060546875,726.1212320044069,False,True,0.9220805895864094,1.0299993538581136,9,0,18,1.3758739822926325,l(r:p1udm822-p1ulv579),286.0388854218746,8284.543474657346,True,0.9684721274887014,1.0299994660048124,0,0,18,0.9999979253601301,recloser_disswitch(r:p1udt228-p1udt62)p1u_12237,182.38991466823762,6930.501541080572
14,49081,2023-08-08T18:00,upper_activity_half,1.0,184.03811740875244,1.0,184.03811740875244,True,True,0.9846703091736652,1.029999512397946,0,0,18,0.9344623809867884,recloser_disswitch(r:p1udt228-p1udt62)p1u_12237,149.69381409591753,6355.864753907843,True,0.9846703091736652,1.029999512397946,0,0,18,0.9344623809867884,recloser_disswitch(r:p1udt228-p1udt62)p1u_12237,149.69381409591753,6355.864753907843
14,49081,2023-08-08T18:00,upper_activity_half,3.0,552.1143522262573,1.0,552.1143522262573,True,True,0.9701672236288104,1.0299994809100594,0,0,18,0.978787833633286,recloser_disswitch(r:p1udt228-p1udt62)p1u_12237,171.90930558297842,6745.860307385447,True,0.9701672236288104,1.0299994809100594,0,0,18,0.978787833633286,recloser_disswitch(r:p1udt228-p1udt62)p1u_12237,171.90930558297842,6745.860307385447
14,49081,2023-08-08T18:00,upper_activity_half,5.0,920.1905870437622,0.77325439453125,711.5414152378798,False,True,0.9547367484073115,1.0299994486769226,0,0,18,1.0922795502759584,l(r:p1udt175lv-p1ulv493),198.017759000196,7140.178313374736,True,0.9635706083385704,1.0299994670297912,0,0,18,0.9999972884713026,l(r:p1udt175lv-p1ulv493),182.73228544754144,6916.264087469345
14,49081,2023-08-08T18:00,upper_activity_half,10.0,1840.3811740875244,0.3865966796875,711.4852512616199,False,True,0.9125262488010051,1.0299993646643038,15,0,18,1.560995587656148,l(r:p1udm721-p1ulv530),282.2790722573951,8144.619998013655,True,0.9635729280631559,1.0299994670346324,0,0,18,0.9999727100649206,l(r:p1udt175lv-p1ulv493),182.72838331444328,6916.204779821141
14,49289,2023-08-17T10:00,upper_activity_half,1.0,186.71374398469925,1.0,186.71374398469925,True,True,0.9857709454444779,1.0299995121748307,0,0,18,0.9366156867809162,recloser_disswitch(r:p1udt228-p1udt62)p1u_12237,149.83572680128808,6358.686421053037,True,0.9857709454444779,1.0299995121748307,0,0,18,0.9366156867809162,recloser_disswitch(r:p1udt228-p1udt62)p1u_12237,149.83572680128808,6358.686421053037
14,49289,2023-08-17T10:00,upper_activity_half,3.0,560.1412319540977,1.0,560.1412319540977,True,True,0.9759181676826442,1.0299994803546826,0,0,18,0.9851571671904322,recloser_disswitch(r:p1udt228-p1udt62)p1u_12237,171.71272887957645,6753.705282441831,True,0.9759181676826442,1.0299994803546826,0,0,18,0.9851571671904322,recloser_disswitch(r:p1udt228-p1udt62)p1u_12237,171.71272887957645,6753.705282441831
14,49289,2023-08-17T10:00,upper_activity_half,5.0,933.5687199234962,0.6529541015625,609.5775247644997,False,True,0.9647454828012252,1.029999447978673,0,0,18,1.1674566281130172,l(r:p1udt175lv-p1ulv493),196.53350561842177,7151.90244539965,True,0.9744570017130816,1.0299994760868778,0,0,18,0.9999928185615705,l(r:p1udt175lv-p1ulv493),174.83557999484287,6806.403808504755
14,49289,2023-08-17T10:00,upper_activity_half,10.0,1867.1374398469925,0.32647705078125,609.5775247644997,False,True,0.9350551075756387,1.0299993645038432,6,0,18,1.6605526203728758,l(r:p1udt175lv-p1ulv493),272.3810768391537,8161.36930427731,True,0.974457008173049,1.0299994760869058,0,0,18,0.9999927225697862,l(r:p1udt175lv-p1ulv493),174.83554636608483,6806.40347574245
14,49408,2023-08-22T09:00,upper_activity_half,1.0,197.64600601792336,1.0,197.64600601792336,True,True,0.9862919540554499,1.029999511287244,0,0,18,0.9366364755115425,recloser_disswitch(r:p1udt228-p1udt62)p1u_12237,150.30875986751875,6370.056706294607,True,0.9862919540554499,1.029999511287244,0,0,18,0.9366364755115425,recloser_disswitch(r:p1udt228-p1udt62)p1u_12237,150.30875986751875,6370.056706294607
14,49408,2023-08-22T09:00,upper_activity_half,3.0,592.9380180537701,1.0,592.9380180537701,True,True,0.9786168423474629,1.0299994776542047,0,0,18,0.985222517191161,recloser_disswitch(r:p1udt228-p1udt62)p1u_12237,173.30172412499311,6788.08519020478,True,0.9786168423474629,1.0299994776542047,0,0,18,0.985222517191161,recloser_disswitch(r:p1udt228-p1udt62)p1u_12237,173.30172412499311,6788.08519020478
14,49408,2023-08-22T09:00,upper_activity_half,5.0,988.2300300896168,0.7205810546875,712.0998373558359,False,True,0.9693812882591475,1.0299994434282864,0,0,18,1.034329884192266,recloser_disswitch(r:p1udt228-p1udt62)p1u_12237,199.4594281372904,7209.481438429827,True,0.9758562160564004,1.0299994673839408,0,0,18,0.9999975198639464,recloser_disswitch(r:p1udt228-p1udt62)p1u_12237,180.85800261373677,6914.948571412684
14,49408,2023-08-22T09:00,upper_activity_half,10.0,1976.4600601792336,0.36029052734375,712.0998373558359,False,True,0.9450609014158108,1.0299993551510367,9,0,18,1.448021249749743,l(r:p1udm822-p1ulv579),279.6310863712268,8277.947383482686,True,0.9758562217225546,1.029999467383972,0,0,18,0.9999974677754303,recloser_disswitch(r:p1udt228-p1udt62)p1u_12237,180.85797894454788,6914.948201410858
14,49409,2023-08-22T10:00,upper_activity_half,1.0,219.909832239151,1.0,219.909832239151,True,True,0.9864467232704166,1.029999509416442,0,0,18,0.9407686092959011,recloser_disswitch(r:p1udt228-p1udt62)p1u_12237,151.4279403297781,6393.462523888003,True,0.9864467232704166,1.029999509416442,0,0,18,0.9407686092959011,recloser_disswitch(r:p1udt228-p1udt62)p1u_12237,151.4279403297781,6393.462523888003
14,49409,2023-08-22T10:00,upper_activity_half,3.0,659.729496717453,1.0,659.729496717453,True,True,0.979620670408537,1.029999472021328,0,0,18,0.997644604684206,recloser_disswitch(r:p1udt228-p1udt62)p1u_12237,176.7952827178283,6858.356124554673,True,0.979620670408537,1.029999472021328,0,0,18,0.997644604684206,recloser_disswitch(r:p1udt228-p1udt62)p1u_12237,176.7952827178283,6858.356124554673
14,49409,2023-08-22T10:00,upper_activity_half,5.0,1099.549161195755,0.61627197265625,677.621330602633,False,True,0.9711037646606102,1.0299994339943426,0,0,18,1.0551299636727676,l(r:p1udm822-p1ulv579),205.51045297202248,7326.834402689033,True,0.9792760447513625,1.029999470472148,0,0,18,0.9999954828835764,recloser_disswitch(r:p1udt228-p1udt62)p1u_12237,177.90645082256154,6877.518180998399
14,49409,2023-08-22T10:00,upper_activity_half,10.0,2199.09832239151,0.30810546875,677.5542194477748,False,True,0.9488449825837844,1.0299993360647557,3,0,18,1.5372286329550706,l(r:p1udm822-p1ulv579),292.80572303455205,8513.746337640527,True,0.9792773204933016,1.0299994704778441,0,0,18,0.9999868614867631,recloser_disswitch(r:p1udt228-p1udt62)p1u_12237,177.90233314865657,6877.447680641409
14,49410,2023-08-22T11:00,upper_activity_half,1.0,204.56667828559875,1.0,204.56667828559875,True,True,0.9851918300727596,1.0299995106398274,0,0,18,0.9417274869214629,recloser_disswitch(r:p1udt228-p1udt62)p1u_12237,151.1169792284702,6377.79607988282,True,0.9851918300727596,1.0299995106398274,0,0,18,0.9417274869214629,recloser_disswitch(r:p1udt228-p1udt62)p1u_12237,151.1169792284702,6377.79607988282
14,49410,2023-08-22T11:00,upper_activity_half,3.0,613.7000348567963,0.9920654296875,608.8305887794413,False,True,0.9730547115606993,1.0299994756368689,0,0,18,1.0006766621692043,recloser_disswitch(r:p1udt228-p1udt62)p1u_12237,176.2581129365763,6811.781056970027,True,0.9732058315045672,1.0299994760428046,0,0,18,0.9999965219853055,recloser_disswitch(r:p1udt228-p1udt62)p1u_12237,175.94561006145474,6806.766811355342
14,49410,2023-08-22T11:00,upper_activity_half,5.0,1022.8333914279938,0.59521484375,608.8056172610959,False,True,0.9597907981392719,1.0299994399231671,0,0,18,1.1957276782737405,l(r:p1udt175lv-p1ulv493),205.34252432633292,7249.924814797958,True,0.9732066218386487,1.0299994760449496,0,0,18,0.9999929200991412,recloser_disswitch(r:p1udt228-p1udt62)p1u_12237,175.9439809894952,6806.7403466326405
14,49410,2023-08-22T11:00,upper_activity_half,10.0,2045.6667828559875,0.297607421875,608.8056172610959,False,True,0.9240498128814469,1.0299993472870959,21,0,18,1.7192663468549239,l(r:p1udt175lv-p1ulv493),296.91319787041726,8364.545319192575,True,0.9732066137594442,1.0299994760449174,0,0,18,0.9999929817068671,recloser_disswitch(r:p1udt228-p1udt62)p1u_12237,175.94398505407003,6806.740732216546
14,49458,2023-08-24T11:00,upper_activity_half,1.0,192.7057340145111,1.0,192.7057340145111,True,True,0.9859088646357954,1.0299995116404208,0,0,18,0.9370674652537644,recloser_disswitch(r:p1udt228-p1udt62)p1u_12237,150.1893351422961,6365.003017852488,True,0.9859088646357954,1.0299995116404208,0,0,18,0.9370674652537644,recloser_disswitch(r:p1udt228-p1udt62)p1u_12237,150.1893351422961,6365.003017852488
14,49458,2023-08-24T11:00,upper_activity_half,3.0,578.1172020435333,1.0,578.1172020435333,True,True,0.976679989357526,1.0299994787266844,0,0,18,0.986518292590466,recloser_disswitch(r:p1udt228-p1udt62)p1u_12237,172.80725540596976,6772.768435374409,True,0.976679989357526,1.0299994787266844,0,0,18,0.986518292590466,recloser_disswitch(r:p1udt228-p1udt62)p1u_12237,172.80725540596976,6772.768435374409
14,49458,2023-08-24T11:00,upper_activity_half,5.0,963.5286700725555,0.67242431640625,647.9001073113614,False,True,0.9660582925308637,1.0299994452351966,0,0,18,1.1534298527809794,l(r:p1udt175lv-p1ulv493),198.40277387703608,7183.72177473974,True,0.9747781723718795,1.0299994726909318,0,0,18,0.9999752361573196,l(r:p1udt175lv-p1ulv493),177.22676530486186,6847.117255310016
14,49458,2023-08-24T11:00,upper_activity_half,10.0,1927.057340145111,0.336181640625,647.8412981884321,False,True,0.9379320249544486,1.0299993588698988,6,0,18,1.6318926964019633,l(r:p1udt175lv-p1ulv493),276.2890334761799,8225.195534086686,True,0.9747797646124837,1.029999472695955,0,0,18,0.99994696953822,l(r:p1udt175lv-p1ulv493),177.22302858206086,6847.055402798419
14,49459,2023-08-24T12:00,upper_activity_half,1.0,189.81134700775146,1.0,189.81134700775146,True,True,0.9867927777648514,1.029999511898639,0,0,18,0.937191885885812,recloser_disswitch(r:p1udt228-p1udt62)p1u_12237,150.02901273813194,6361.956976972426,True,0.9867927777648514,1.029999511898639,0,0,18,0.937191885885812,recloser_disswitch(r:p1udt228-p1udt62)p1u_12237,150.02901273813194,6361.956976972426
14,49459,2023-08-24T12:00,upper_activity_half,3.0,569.4340410232544,1.0,569.4340410232544,True,True,0.9789261929952128,1.029999479552269,0,0,18,0.9868469263196752,recloser_disswitch(r:p1udt228-p1udt62)p1u_12237,172.08325505259825,6763.370808882976,True,0.9789261929952128,1.029999479552269,0,0,18,0.9868469263196752,recloser_disswitch(r:p1udt228-p1udt62)p1u_12237,172.08325505259825,6763.370808882976
14,49459,2023-08-24T12:00,upper_activity_half,5.0,949.0567350387573,0.705078125,669.1591432597488,False,True,0.9707882462746759,1.029999446698716,0,0,18,1.0789472080168123,l(r:p1udt175lv-p1ulv493),196.76495932417188,7167.630397430051,True,0.9768039080268939,1.0299994709565319,0,0,18,0.9999941621300369,recloser_disswitch(r:p1udt228-p1udt62)p1u_12237,178.31826856031796,6869.468122638665
14,49459,2023-08-24T12:00,upper_activity_half,10.0,1898.1134700775146,0.3525390625,669.1591432597488,False,True,0.949577905754617,1.0299993622898593,3,0,18,1.5754790783918973,l(r:p1udm822-p1ulv579),270.5674520635135,8190.563766712584,True,0.9768039026754668,1.029999470956503,0,0,18,0.9999942137528887,recloser_disswitch(r:p1udt228-p1udt62)p1u_12237,178.31826736662322,6869.468466123159
14,49553,2023-08-28T10:00,upper_activity_half,1.0,197.9076976776123,1.0,197.9076976776123,True,True,0.9842673864366553,1.0299995112301235,0,0,18,0.941571908507093,recloser_disswitch(r:p1udt228-p1udt62)p1u_12237,150.72831511625571,6370.751224700068,True,0.9842673864366553,1.0299995112301235,0,0,18,0.941571908507093,recloser_disswitch(r:p1udt228-p1udt62)p1u_12237,150.72831511625571,6370.751224700068
14,49553,2023-08-28T10:00,upper_activity_half,3.0,593.7230930328369,0.99713134765625,592.0199078904698,False,True,0.9714115160107823,1.0299994774161387,0,0,18,1.0002257256220133,recloser_disswitch(r:p1udt228-p1udt62)p1u_12237,175.11696903940128,6790.668283709496,True,0.9714680681996709,1.0299994775486756,0,0,18,0.9999972483167073,recloser_disswitch(r:p1udt228-p1udt62)p1u_12237,175.0130413329261,6789.023340025234
14,49553,2023-08-28T10:00,upper_activity_half,5.0,989.5384883880615,0.5982666015625,592.0078285632189,False,True,0.9569542895647813,1.029999442898982,0,0,18,1.0597030111074919,recloser_disswitch(r:p1udt228-p1udt62)p1u_12237,203.5056476664431,7214.797945031498,True,0.971468490876483,1.0299994775496877,0,0,18,0.9999955022258459,recloser_disswitch(r:p1udt228-p1udt62)p1u_12237,175.01226048675122,6789.010825221755
14,49553,2023-08-28T10:00,upper_activity_half,10.0,1979.076976776123,0.29913330078125,592.0078285632189,False,True,0.9177779264953376,1.0299993532433012,21,0,18,1.2632660817851213,l(r:p1udm721-p1ulv530),293.8539514755907,8294.891138930985,True,0.9714685002128369,1.029999477549718,0,0,18,0.9999954406196561,recloser_disswitch(r:p1udt228-p1udt62)p1u_12237,175.0122456750625,6789.010459998911
14,49846,2023-09-09T15:00,lower_activity_half,1.0,30.41227789223194,1.0,30.41227789223194,True,True,0.9891647096035319,1.029999525373522,0,0,18,0.9154809662266569,recloser_disswitch(r:p1udt228-p1udt62)p1u_12237,141.3434088180936,6193.88050345452,True,0.9891647096035319,1.029999525373522,0,0,18,0.9154809662266569,recloser_disswitch(r:p1udt228-p1udt62)p1u_12237,141.3434088180936,6193.88050345452
14,49846,2023-09-09T15:00,lower_activity_half,3.0,91.23683367669582,1.0,91.23683367669582,True,True,0.9889044471994133,1.029999520330849,0,0,18,0.9213865702423406,recloser_disswitch(r:p1udt228-p1udt62)p1u_12237,144.16263347112044,6257.173035320458,True,0.9889044471994133,1.029999520330849,0,0,18,0.9213865702423406,recloser_disswitch(r:p1udt228-p1udt62)p1u_12237,144.16263347112044,6257.173035320458
14,49846,2023-09-09T15:00,lower_activity_half,5.0,152.0613894611597,1.0,152.0613894611597,True,True,0.9886402353974696,1.0299995152464068,0,0,18,0.9273483434330012,recloser_disswitch(r:p1udt228-p1udt62)p1u_12237,147.06082567362603,6320.885381022042,True,0.9886402353974696,1.0299995152464068,0,0,18,0.9273483434330012,recloser_disswitch(r:p1udt228-p1udt62)p1u_12237,147.06082567362603,6320.885381022042
14,49846,2023-09-09T15:00,lower_activity_half,10.0,304.1227789223194,1.0,304.1227789223194,True,True,0.9879746626112723,1.0299995024565463,0,0,18,0.942306587228783,recloser_disswitch(r:p1udt228-p1udt62)p1u_12237,154.59686548108382,6480.670816368263,True,0.9879746626112723,1.0299995024565463,0,0,18,0.942306587228783,recloser_disswitch(r:p1udt228-p1udt62)p1u_12237,154.59686548108382,6480.670816368263
14,50168,2023-09-23T01:00,lower_activity_half,1.0,8.444974184036255,1.0,8.444974184036255,True,True,0.9884853848867728,1.0299995271906945,0,0,18,0.9139093892940258,recloser_disswitch(r:p1udt228-p1udt62)p1u_12237,140.46682007223248,6170.958592315411,True,0.9884853848867728,1.0299995271906945,0,0,18,0.9139093892940258,recloser_disswitch(r:p1udt228-p1udt62)p1u_12237,140.46682007223248,6170.958592315411
14,50168,2023-09-23T01:00,lower_activity_half,3.0,25.334922552108765,1.0,25.334922552108765,True,True,0.986852672129785,1.0299995257533936,0,0,18,0.9167324924211984,recloser_disswitch(r:p1udt228-p1udt62)p1u_12237,141.5582551050595,6188.790549442646,True,0.986852672129785,1.0299995257533936,0,0,18,0.9167324924211984,recloser_disswitch(r:p1udt228-p1udt62)p1u_12237,141.5582551050595,6188.790549442646
14,50168,2023-09-23T01:00,lower_activity_half,5.0,42.224870920181274,1.0,42.224870920181274,True,True,0.9851998889052972,1.0299995242915554,0,0,18,0.9195930000880588,recloser_disswitch(r:p1udt228-p1udt62)p1u_12237,142.7326705849447,6206.844878800013,True,0.9851998889052972,1.0299995242915554,0,0,18,0.9195930000880588,recloser_disswitch(r:p1udt228-p1udt62)p1u_12237,142.7326705849447,6206.844878800013
14,50168,2023-09-23T01:00,lower_activity_half,10.0,84.44974184036255,1.0,84.44974184036255,True,True,0.9785036070742883,1.0299995205693377,0,0,18,0.9268326091394562,recloser_disswitch(r:p1udt228-p1udt62)p1u_12237,146.0175374690229,6252.435251839875,True,0.9785036070742883,1.0299995205693377,0,0,18,0.9268326091394562,recloser_disswitch(r:p1udt228-p1udt62)p1u_12237,146.0175374690229,6252.435251839875
14,51647,2023-11-23T16:00,lower_activity_half,1.0,17.233353793621063,1.0,17.233353793621063,True,True,0.9878476608841544,1.0299995264446478,0,0,18,0.9151119902937744,recloser_disswitch(r:p1udt228-p1udt62)p1u_12237,140.98985305223766,6180.236091174823,True,0.9878476608841544,1.0299995264446478,0,0,18,0.9151119902937744,recloser_disswitch(r:p1udt228-p1udt62)p1u_12237,140.98985305223766,6180.236091174823
14,51647,2023-11-23T16:00,lower_activity_half,3.0,51.70006138086319,1.0,51.70006138086319,True,True,0.9848902086440593,1.0299995234790442,0,0,18,0.9203934834077089,recloser_disswitch(r:p1udt228-p1udt62)p1u_12237,143.26016035364307,6216.937633312316,True,0.9848902086440593,1.0299995234790442,0,0,18,0.9203934834077089,recloser_disswitch(r:p1udt228-p1udt62)p1u_12237,143.26016035364307,6216.937633312316
14,51647,2023-11-23T16:00,lower_activity_half,5.0,86.16676896810532,1.0,86.16676896810532,True,True,0.9800407036351411,1.0299995204686145,0,0,18,0.925731070129911,recloser_disswitch(r:p1udt228-p1udt62)p1u_12237,145.77922649566946,6253.920433423726,True,0.9800407036351411,1.0299995204686145,0,0,18,0.925731070129911,recloser_disswitch(r:p1udt228-p1udt62)p1u_12237,145.77922649566946,6253.920433423726
14,51647,2023-11-23T16:00,lower_activity_half,10.0,172.33353793621063,1.0,172.33353793621063,True,True,0.9675683798686704,1.029999512753065,0,0,18,0.9393028264738645,recloser_disswitch(r:p1udt228-p1udt62)p1u_12237,153.2077959778327,6347.46785228874,True,0.9675683798686704,1.029999512753065,0,0,18,0.9393028264738645,recloser_disswitch(r:p1udt228-p1udt62)p1u_12237,153.2077959778327,6347.46785228874
15,44103,2023-01-13T08:00,lower_activity_half,1.0,79.95436143875122,1.0,79.95436143875122,True,True,0.9830941158633338,1.0299995211752009,0,0,18,0.9258235658958986,recloser_disswitch(r:p1udt228-p1udt62)p1u_12237,144.51317803521337,6246.48887282932,True,0.9830941158633338,1.0299995211752009,0,0,18,0.9258235658958986,recloser_disswitch(r:p1udt228-p1udt62)p1u_12237,144.51317803521337,6246.48887282932
15,44103,2023-01-13T08:00,lower_activity_half,3.0,239.86308431625366,1.0,239.86308431625366,True,True,0.967125434510132,1.0299995074409103,0,0,18,0.9528135924021472,recloser_disswitch(r:p1udt228-p1udt62)p1u_12237,155.3007765327553,6417.075378357357,True,0.967125434510132,1.0299995074409103,0,0,18,0.9528135924021472,recloser_disswitch(r:p1udt228-p1udt62)p1u_12237,155.3007765327553,6417.075378357357
15,44103,2023-01-13T08:00,lower_activity_half,5.0,399.7718071937561,1.0,399.7718071937561,True,True,0.9503106420978212,1.0299994933023133,0,0,18,0.9803216577330855,recloser_disswitch(r:p1udt228-p1udt62)p1u_12237,168.4958993924962,6590.245175326975,True,0.9503106420978212,1.0299994933023133,0,0,18,0.9803216577330855,recloser_disswitch(r:p1udt228-p1udt62)p1u_12237,168.4958993924962,6590.245175326975
15,44103,2023-01-13T08:00,lower_activity_half,10.0,799.5436143875122,0.5035400390625,402.60222282086033,False,True,0.9037908928101369,1.0299994559551269,6,0,18,1.0586605701236347,l(r:p1udt259lv-p1ulv647),213.9183825436438,7035.426842039693,True,0.9500034640256395,1.029999493047145,0,0,18,0.980815382809818,recloser_disswitch(r:p1udt228-p1udt62)p1u_12237,168.75362964656247,6593.346705006137
15,44752,2023-02-09T09:00,lower_activity_half,1.0,125.63688196241856,1.0,125.63688196241856,True,True,0.9857873197187335,1.0299995173998358,0,0,18,0.9316828679425504,recloser_disswitch(r:p1udt228-p1udt62)p1u_12237,146.49529245253666,6294.209657035986,True,0.9857873197187335,1.0299995173998358,0,0,18,0.9316828679425504,recloser_disswitch(r:p1udt228-p1udt62)p1u_12237,146.49529245253666,6294.209657035986
15,44752,2023-02-09T09:00,lower_activity_half,3.0,376.91064588725567,1.0,376.91064588725567,True,True,0.9778472777383346,1.0299994961689487,0,0,18,0.9702985747086827,recloser_disswitch(r:p1udt228-p1udt62)p1u_12237,160.92315125087956,6559.73964559251,True,0.9778472777383346,1.0299994961689487,0,0,18,0.9702985747086827,recloser_disswitch(r:p1udt228-p1udt62)p1u_12237,160.92315125087956,6559.73964559251
15,44752,2023-02-09T09:00,lower_activity_half,5.0,628.1844098120928,0.9046630859375,568.295246718435,False,True,0.9689362555817261,1.0299994746094583,0,0,18,1.0093137063027549,recloser_disswitch(r:p1udt228-p1udt62)p1u_12237,177.21195841337882,6827.273439158582,True,0.9710782965661763,1.0299994797678909,0,0,18,0.999996676262592,recloser_disswitch(r:p1udt228-p1udt62)p1u_12237,173.16322549945784,6763.449107974758
15,44752,2023-02-09T09:00,lower_activity_half,10.0,1256.3688196241856,0.45233154296875,568.295246718435,False,True,0.9455692729697884,1.0299994192120325,9,0,18,1.1086580508215862,recloser_disswitch(r:p1udt228-p1udt62)p1u_12237,226.64819471973632,7504.944747597667,True,0.9710783030548975,1.0299994797679113,0,0,18,0.9999966370234561,recloser_disswitch(r:p1udt228-p1udt62)p1u_12237,173.16324899267045,6763.448869626442
15,46073,2023-04-05T10:00,upper_activity_half,1.0,190.9374189376831,1.0,190.9374189376831,True,True,0.9836483682602443,1.0299995120715602,0,0,18,0.9407707286086339,recloser_disswitch(r:p1udt228-p1udt62)p1u_12237,149.2176249823876,6362.245338286737,True,0.9836483682602443,1.0299995120715602,0,0,18,0.9407707286086339,recloser_disswitch(r:p1udt228-p1udt62)p1u_12237,149.2176249823876,6362.245338286737
15,46073,2023-04-05T10:00,upper_activity_half,3.0,572.8122568130493,1.0,572.8122568130493,True,True,0.9689117909096627,1.0299994800397683,0,0,18,0.9977278748212213,recloser_disswitch(r:p1udt228-p1udt62)p1u_12237,170.08883133088847,6764.76550472646,True,0.9689117909096627,1.0299994800397683,0,0,18,0.9977278748212213,recloser_disswitch(r:p1udt228-p1udt62)p1u_12237,170.08883133088847,6764.76550472646
15,46073,2023-04-05T10:00,upper_activity_half,5.0,954.6870946884155,0.61566162109375,587.7642043531523,False,True,0.9535106307238561,1.029999447442365,0,0,18,1.0553755984910698,recloser_disswitch(r:p1udt228-p1udt62)p1u_12237,194.2831778413016,7170.944802454697,True,0.9683167362775849,1.029999478762936,0,0,18,0.9999920855637408,recloser_disswitch(r:p1udt228-p1udt62)p1u_12237,170.97954907903423,6780.734148866251
15,46073,2023-04-05T10:00,upper_activity_half,10.0,1909.374189376831,0.30780029296875,587.7059348771581,False,True,0.9115958266326132,1.0299993633457105,12,0,18,1.2026145599652083,recloser_disswitch(r:p1udt228-p1udt62)p1u_12237,270.96166890199896,8202.29985607282,True,0.9683190379454139,1.0299994787678701,0,0,18,0.9999833346324775,recloser_disswitch(r:p1udt228-p1udt62)p1u_12237,170.97610111031761,6780.672426675552
15,46294,2023-04-14T15:00,lower_activity_half,1.0,91.37446284294128,1.0,91.37446284294128,True,True,0.9829692759936952,1.0299995202029784,0,0,18,0.9277392472563524,recloser_disswitch(r:p1udt228-p1udt62)p1u_12237,145.15392157337467,6258.621950400573,True,0.9829692759936952,1.0299995202029784,0,0,18,0.9277392472563524,recloser_disswitch(r:p1udt228-p1udt62)p1u_12237,145.15392157337467,6258.621950400573
15,46294,2023-04-14T15:00,lower_activity_half,3.0,274.12338852882385,1.0,274.12338852882385,True,True,0.9667393788152239,1.0299995045105281,0,0,18,0.9585664376569007,recloser_disswitch(r:p1udt228-p1udt62)p1u_12237,157.41047962908218,6453.435049303116,True,0.9667393788152239,1.0299995045105281,0,0,18,0.9585664376569007,recloser_disswitch(r:p1udt228-p1udt62)p1u_12237,157.41047962908218,6453.435049303116
15,46294,2023-04-14T15:00,lower_activity_half,5.0,456.8723142147064,0.49578857421875,226.51207326453004,False,True,0.9496316313344801,1.029999488359559,3,0,18,0.989984525209696,recloser_disswitch(r:p1udt228-p1udt62)p1u_12237,172.36001101878563,6651.208347173827,True,0.9710368183961192,1.0299995086261815,0,0,18,0.9505078911580108,recloser_disswitch(r:p1udt228-p1udt62)p1u_12237,153.97858202714477,6402.584504053947
15,46294,2023-04-14T15:00,lower_activity_half,10.0,913.7446284294128,0.247894287109375,226.51207326453004,False,True,0.902209801037252,1.029999445754362,6,0,18,1.0728462800635146,l(r:p1udt259lv-p1ulv647),223.56192849414163,7159.256725644693,True,0.9710368184031116,1.0299995086261815,0,0,18,0.9505078968718745,recloser_disswitch(r:p1udt228-p1udt62)p1u_12237,153.978576033859,6402.584504053947
15,46385,2023-04-18T10:00,upper_activity_half,1.0,188.02274084091187,1.0,188.02274084091187,True,True,0.9837644979101717,1.0299995120727645,0,0,18,0.9410984543586636,recloser_disswitch(r:p1udt228-p1udt62)p1u_12237,150.41431638572922,6360.443296453962,True,0.9837644979101717,1.0299995120727645,0,0,18,0.9410984543586636,recloser_disswitch(r:p1udt228-p1udt62)p1u_12237,150.41431638572922,6360.443296453962
15,46385,2023-04-18T10:00,upper_activity_half,3.0,564.0682225227356,1.0,564.0682225227356,True,True,0.9700112543663543,1.0299994797606624,0,0,18,0.9990595345111261,recloser_disswitch(r:p1udt228-p1udt62)p1u_12237,175.12170055803213,6761.0009995071205,True,0.9700112543663543,1.0299994797606624,0,0,18,0.9990595345111261,recloser_disswitch(r:p1udt228-p1udt62)p1u_12237,175.12170055803213,6761.0009995071205
15,46385,2023-04-18T10:00,upper_activity_half,5.0,940.1137042045593,0.606201171875,569.898029184551,False,True,0.9544751061156777,1.0299994464979647,0,0,18,1.0581764685362576,recloser_disswitch(r:p1udt228-p1udt62)p1u_12237,205.21713287376667,7167.2944101704925,True,0.9697707018627203,1.0299994792360956,0,0,18,0.9999961150209309,recloser_disswitch(r:p1udt228-p1udt62)p1u_12237,175.55704352020757,6767.445837325992
15,46385,2023-04-18T10:00,upper_activity_half,10.0,1880.2274084091187,0.3031005859375,569.898029184551,False,True,0.912008471465741,1.0299993588049097,21,0,18,1.3137041715750621,l(r:p1udm721-p1ulv530),307.1496859029108,8209.314655274085,True,0.969770690936193,1.029999479236062,0,0,18,0.999996174466653,recloser_disswitch(r:p1udt228-p1udt62)p1u_12237,175.55706909776157,6767.4462340365535
15,46413,2023-04-19T14:00,lower_activity_half,1.0,57.698155641555786,1.0,57.698155641555786,True,True,0.9870726962064287,1.0299995230550163,0,0,18,0.9221094710143477,recloser_disswitch(r:p1udt228-p1udt62)p1u_12237,143.15526466145093,6222.974626487923,True,0.9870726962064287,1.0299995230550163,0,0,18,0.9221094710143477,recloser_disswitch(r:p1udt228-p1udt62)p1u_12237,143.15526466145093,6222.974626487923
15,46413,2023-04-19T14:00,lower_activity_half,3.0,173.09446692466736,1.0,173.09446692466736,True,True,0.9798841834051023,1.0299995132784434,0,0,18,0.941407508098338,recloser_disswitch(r:p1udt228-p1udt62)p1u_12237,150.10867711881085,6345.1540094626625,True,0.9798841834051023,1.0299995132784434,0,0,18,0.941407508098338,recloser_disswitch(r:p1udt228-p1udt62)p1u_12237,150.10867711881085,6345.1540094626625
15,46413,2023-04-19T14:00,lower_activity_half,5.0,288.49077820777893,1.0,288.49077820777893,True,True,0.9724040295078376,1.0299995033624039,0,0,18,0.9608866937639325,recloser_disswitch(r:p1udt228-p1udt62)p1u_12237,157.82626726904616,6468.2568994735575,True,0.9724040295078376,1.0299995033624039,0,0,18,0.9608866937639325,recloser_disswitch(r:p1udt228-p1udt62)p1u_12237,157.82626726904616,6468.2568994735575
15,46413,2023-04-19T14:00,lower_activity_half,10.0,576.9815564155579,0.89642333984375,517.2197338302794,False,True,0.9529139334711899,1.0299994779801003,0,0,18,1.01032441757632,recloser_disswitch(r:p1udt228-p1udt62)p1u_12237,180.64158956223764,6779.592952442421,True,0.9570475797945233,1.0299994833074306,0,0,18,0.9999981033482712,recloser_disswitch(r:p1udt228-p1udt62)p1u_12237,175.48695342566532,6714.69707489154
15,46948,2023-05-11T21:00,lower_activity_half,1.0,43.385165214538574,1.0,43.385165214538574,True,True,0.9891030737491637,1.0299995242763018,0,0,18,0.9183957121835092,recloser_disswitch(r:p1udt228-p1udt62)p1u_12237,142.07453057541704,6207.572296455294,True,0.9891030737491637,1.0299995242763018,0,0,18,0.9183957121835092,recloser_disswitch(r:p1udt228-p1udt62)p1u_12237,142.07453057541704,6207.572296455294
15,46948,2023-05-11T21:00,lower_activity_half,3.0,130.15549564361572,1.0,130.15549564361572,True,True,0.9887201089873772,1.0299995170383913,0,0,18,0.930128935267009,recloser_disswitch(r:p1udt228-p1udt62)p1u_12237,146.39678594682692,6298.205511458573,True,0.9887201089873772,1.0299995170383913,0,0,18,0.930128935267009,recloser_disswitch(r:p1udt228-p1udt62)p1u_12237,146.39678594682692,6298.205511458573
15,46948,2023-05-11T21:00,lower_activity_half,5.0,216.92582607269287,1.0,216.92582607269287,True,True,0.9883315821321107,1.0299995097394963,0,0,18,0.9419528143843139,recloser_disswitch(r:p1udt228-p1udt62)p1u_12237,150.86343135622317,6389.423754378425,True,0.9883315821321107,1.0299995097394963,0,0,18,0.9419528143843139,recloser_disswitch(r:p1udt228-p1udt62)p1u_12237,150.86343135622317,6389.423754378425
15,46948,2023-05-11T21:00,lower_activity_half,10.0,433.85165214538574,1.0,433.85165214538574,True,True,0.9852463630720709,1.0299994913544361,0,0,18,0.9716672528680537,recloser_disswitch(r:p1udt228-p1udt62)p1u_12237,162.5960476527273,6618.373153331967,True,0.9852463630720709,1.0299994913544361,0,0,18,0.9716672528680537,recloser_disswitch(r:p1udt228-p1udt62)p1u_12237,162.5960476527273,6618.373153331967
15,47304,2023-05-26T17:00,lower_activity_half,1.0,83.14106774330139,1.0,83.14106774330139,True,True,0.9875143789844533,1.0299995210222652,0,0,18,0.9248687280465192,recloser_disswitch(r:p1udt228-p1udt62)p1u_12237,143.87481959731488,6249.083825424122,True,0.9875143789844533,1.0299995210222652,0,0,18,0.9248687280465192,recloser_disswitch(r:p1udt228-p1udt62)p1u_12237,143.87481959731488,6249.083825424122
15,47304,2023-05-26T17:00,lower_activity_half,3.0,249.42320322990417,1.0,249.42320322990417,True,True,0.9839235001380251,1.029999507212175,0,0,18,0.9496494338585281,recloser_disswitch(r:p1udt228-p1udt62)p1u_12237,151.99826779071307,6423.3738759071175,True,0.9839235001380251,1.029999507212175,0,0,18,0.9496494338585281,recloser_disswitch(r:p1udt228-p1udt62)p1u_12237,151.99826779071307,6423.3738759071175
15,47304,2023-05-26T17:00,lower_activity_half,5.0,415.70533871650696,1.0,415.70533871650696,True,True,0.9802951935405033,1.029999493330515,0,0,18,0.9745171450536796,recloser_disswitch(r:p1udt228-p1udt62)p1u_12237,160.49467703192533,6598.147835099196,True,0.9802951935405033,1.029999493330515,0,0,18,0.9745171450536796,recloser_disswitch(r:p1udt228-p1udt62)p1u_12237,160.49467703192533,6598.147835099196
15,47304,2023-05-26T17:00,lower_activity_half,10.0,831.4106774330139,0.70428466796875,585.5497929015837,False,True,0.971061476667823,1.02999945835522,0,0,18,1.0369869166809695,recloser_disswitch(r:p1udt228-p1udt62)p1u_12237,183.37291045640544,7036.63562782468,True,0.9765496756953749,1.0299994790820224,0,0,18,0.9999984557465873,recloser_disswitch(r:p1udt228-p1udt62)p1u_12237,169.56051903546611,6777.100709839036
15,47458,2023-06-02T03:00,lower_activity_half,1.0,11.082432746887207,1.0,11.082432746887207,True,True,0.989250222359874,1.0299995269664672,0,0,18,0.9143455804715263,recloser_disswitch(r:p1udt228-p1udt62)p1u_12237,140.52192865103095,6173.707657193647,True,0.989250222359874,1.0299995269664672,0,0,18,0.9143455804715263,recloser_disswitch(r:p1udt228-p1udt62)p1u_12237,140.52192865103095,6173.707657193647
15,47458,2023-06-02T03:00,lower_activity_half,3.0,33.24729824066162,1.0,33.24729824066162,True,True,0.9891594797852855,1.0299995250996223,0,0,18,0.9180073652648734,recloser_disswitch(r:p1udt228-p1udt62)p1u_12237,141.67838824166037,6196.820871887342,True,0.9891594797852855,1.0299995250996223,0,0,18,0.9180073652648734,recloser_disswitch(r:p1udt228-p1udt62)p1u_12237,141.67838824166037,6196.820871887342
15,47458,2023-06-02T03:00,lower_activity_half,5.0,55.412163734436035,1.0,55.412163734436035,True,True,0.9890663735341486,1.0299995232096597,0,0,18,0.9217070105926847,recloser_disswitch(r:p1udt228-p1udt62)p1u_12237,142.86939931638852,6220.17142597608,True,0.9890663735341486,1.0299995232096597,0,0,18,0.9217070105926847,recloser_disswitch(r:p1udt228-p1udt62)p1u_12237,142.86939931638852,6220.17142597608
15,47458,2023-06-02T03:00,lower_activity_half,10.0,110.82432746887207,1.0,110.82432746887207,True,True,0.9888330687750068,1.0299995184707014,0,0,18,0.9412004426885421,l(r:p1udt61lv-p1ulv156),145.95053593629953,6278.485181440944,True,0.9888330687750068,1.0299995184707014,0,0,18,0.9412004426885421,l(r:p1udt61lv-p1ulv156),145.95053593629953,6278.485181440944
15,47868,2023-06-19T05:00,lower_activity_half,1.0,3.571868658065796,1.0,3.571868658065796,True,True,0.9890415647117484,1.029999527609093,0,0,18,0.9130867355639907,recloser_disswitch(r:p1udt228-p1udt62)p1u_12237,140.1645425379069,6165.751497860534,True,0.9890415647117484,1.029999527609093,0,0,18,0.9130867355639907,recloser_disswitch(r:p1udt228-p1udt62)p1u_12237,140.1645425379069,6165.751497860534
15,47868,2023-06-19T05:00,lower_activity_half,3.0,10.715605974197388,1.0,10.715605974197388,True,True,0.988529456541,1.029999527004501,0,0,18,0.9142772167862396,recloser_disswitch(r:p1udt228-p1udt62)p1u_12237,140.6086627011865,6173.27896275679,True,0.988529456541,1.029999527004501,0,0,18,0.9142772167862396,recloser_disswitch(r:p1udt228-p1udt62)p1u_12237,140.6086627011865,6173.27896275679
15,47868,2023-06-19T05:00,lower_activity_half,5.0,17.85934329032898,1.0,17.85934329032898,True,True,0.98801470838569,1.0299995263935586,0,0,18,0.9154787488635688,recloser_disswitch(r:p1udt228-p1udt62)p1u_12237,141.0642006195586,6180.877049273728,True,0.98801470838569,1.0299995263935586,0,0,18,0.9154787488635688,recloser_disswitch(r:p1udt228-p1udt62)p1u_12237,141.0642006195586,6180.877049273728
15,47868,2023-06-19T05:00,lower_activity_half,10.0,35.71868658065796,1.0,35.71868658065796,True,True,0.9867222057293021,1.0299995248646456,0,0,18,0.9184812202505966,recloser_disswitch(r:p1udt228-p1udt62)p1u_12237,142.23842521716995,6199.849310039452,True,0.9867222057293021,1.0299995248646456,0,0,18,0.9184812202505966,recloser_disswitch(r:p1udt228-p1udt62)p1u_12237,142.23842521716995,6199.849310039452
15,48214,2023-07-03T15:00,lower_activity_half,1.0,73.25083684921265,1.0,73.25083684921265,True,True,0.9873169599532134,1.029999521791376,0,0,18,0.9234820611805941,recloser_disswitch(r:p1udt228-p1udt62)p1u_12237,143.81279270625703,6238.945701828471,True,0.9873169599532134,1.029999521791376,0,0,18,0.9234820611805941,recloser_disswitch(r:p1udt228-p1udt62)p1u_12237,143.81279270625703,6238.945701828471
15,48214,2023-07-03T15:00,lower_activity_half,3.0,219.75251054763794,1.0,219.75251054763794,True,True,0.982702017350368,1.0299995094250514,0,0,18,0.9456345491072259,recloser_disswitch(r:p1udt228-p1udt62)p1u_12237,152.13355201335537,6393.832371697384,True,0.982702017350368,1.0299995094250514,0,0,18,0.9456345491072259,recloser_disswitch(r:p1udt228-p1udt62)p1u_12237,152.13355201335537,6393.832371697384
15,48214,2023-07-03T15:00,lower_activity_half,5.0,366.25418424606323,1.0,366.25418424606323,True,True,0.9763370706939646,1.0299994969345532,0,0,18,0.9679317602036337,recloser_disswitch(r:p1udt228-p1udt62)p1u_12237,161.22973091309453,6549.4202355658845,True,0.9763370706939646,1.0299994969345532,0,0,18,0.9679317602036337,recloser_disswitch(r:p1udt228-p1udt62)p1u_12237,161.22973091309453,6549.4202355658845
15,48214,2023-07-03T15:00,lower_activity_half,10.0,732.5083684921265,0.78497314453125,574.9993974107201,False,True,0.9598595142614404,1.0299994651227,0,0,18,1.0243715720365127,recloser_disswitch(r:p1udt228-p1udt62)p1u_12237,187.53844611279328,6941.820420820471,True,0.9670439503510118,1.0299994788975326,0,0,18,0.9999936793175717,recloser_disswitch(r:p1udt228-p1udt62)p1u_12237,175.59041516995165,6772.580201632496
15,48449,2023-07-13T10:00,upper_activity_half,1.0,185.93796157836914,1.0,185.93796157836914,True,True,0.9824189395791534,1.029999512191725,0,0,18,0.94148385979394,recloser_disswitch(r:p1udt228-p1udt62)p1u_12237,150.5907869542384,6358.631284337683,True,0.9824189395791534,1.029999512191725,0,0,18,0.94148385979394,recloser_disswitch(r:p1udt228-p1udt62)p1u_12237,150.5907869542384,6358.631284337683
15,48449,2023-07-13T10:00,upper_activity_half,3.0,557.8138847351074,0.99761962890625,556.4860806881916,False,True,0.9650272144255604,1.029999480155174,0,0,18,1.0001771603191005,recloser_disswitch(r:p1udt228-p1udt62)p1u_12237,175.67412122451108,6755.290104403706,True,0.9650831752967547,1.0299994802540258,0,0,18,0.999996220766531,recloser_disswitch(r:p1udt228-p1udt62)p1u_12237,175.58694618231655,6754.063414765092
15,48449,2023-07-13T10:00,upper_activity_half,5.0,929.6898078918457,0.59857177734375,556.4860806881916,False,True,0.9466570480018458,1.0299994471681237,6,0,18,1.0600645178541277,recloser_disswitch(r:p1udt228-p1udt62)p1u_12237,206.25437808613677,7157.904332846526,True,0.9650831754439527,1.0299994802540258,0,0,18,0.999996223395195,recloser_disswitch(r:p1udt228-p1udt62)p1u_12237,175.5869419885378,6754.063410037387
15,48449,2023-07-13T10:00,upper_activity_half,10.0,1859.3796157836914,0.29925537109375,556.4293369255029,False,True,0.8954906005012974,1.0299993601205033,24,0,18,1.2154909593080263,recloser_disswitch(r:p1udt228-p1udt62)p1u_12237,310.4996293969408,8191.797064280981,True,0.9650859004652373,1.0299994802589854,0,0,18,0.9999871805028516,recloser_disswitch(r:p1udt228-p1udt62)p1u_12237,175.5827171535297,6754.002433511301
15,48450,2023-07-13T11:00,upper_activity_half,1.0,197.65360134840012,1.0,197.65360134840012,True,True,0.9798890351484157,1.0299995112216302,0,0,18,0.9430301052149751,recloser_disswitch(r:p1udt228-p1udt62)p1u_12237,151.21182104202782,6370.972587979214,True,0.9798890351484157,1.0299995112216302,0,0,18,0.9430301052149751,recloser_disswitch(r:p1udt228-p1udt62)p1u_12237,151.21182104202782,6370.972587979214
15,48450,2023-07-13T11:00,upper_activity_half,3.0,592.9608040452003,0.94659423828125,561.293280635804,False,True,0.9569564817936508,1.0299994770970629,0,0,18,1.0050093080412008,recloser_disswitch(r:p1udt228-p1udt62)p1u_12237,178.4141589903396,6793.346641858784,True,0.9588524179050824,1.0299994798697372,0,0,18,0.9999964877001641,recloser_disswitch(r:p1udt228-p1udt62)p1u_12237,175.99314513763676,6759.276813673166
15,48450,2023-07-13T11:00,upper_activity_half,5.0,988.2680067420006,0.56793212890625,561.2691529989206,False,True,0.9322899601179117,1.0299994418348526,6,0,18,1.0684036312361997,recloser_disswitch(r:p1udt228-p1udt62)p1u_12237,212.5087826780222,7222.716970274225,True,0.9588538591192065,1.029999479871848,0,0,18,0.9999926736731133,recloser_disswitch(r:p1udt228-p1udt62)p1u_12237,175.99129353720042,6759.250858020801
15,48450,2023-07-13T11:00,upper_activity_half,10.0,1976.5360134840012,0.283935546875,561.2088339067122,False,True,0.8601675115103424,1.0299993475130227,23,0,18,1.4476807699067182,l(r:p1udt259lv-p1ulv647),335.4020339927027,8333.871003541512,True,0.9588574110589451,1.029999479877048,0,0,18,0.9999832680349882,recloser_disswitch(r:p1udt228-p1udt62)p1u_12237,175.9867863791956,6759.186880177936
15,49081,2023-08-08T18:00,upper_activity_half,1.0,184.03811740875244,1.0,184.03811740875244,True,True,0.9831240477711825,1.0299995124337218,0,0,18,0.9406782885746667,recloser_disswitch(r:p1udt228-p1udt62)p1u_12237,150.03406451431158,6356.17789385382,True,0.9831240477711825,1.0299995124337218,0,0,18,0.9406782885746667,recloser_disswitch(r:p1udt228-p1udt62)p1u_12237,150.03406451431158,6356.17789385382
15,49081,2023-08-08T18:00,upper_activity_half,3.0,552.1143522262573,1.0,552.1143522262573,True,True,0.966679842237982,1.0299994808730577,0,0,18,0.9977568972325856,recloser_disswitch(r:p1udt228-p1udt62)p1u_12237,173.9808972129405,6747.904559653886,True,0.966679842237982,1.0299994808730577,0,0,18,0.9977568972325856,recloser_disswitch(r:p1udt228-p1udt62)p1u_12237,173.9808972129405,6747.904559653886
15,49081,2023-08-08T18:00,upper_activity_half,5.0,920.1905870437622,0.61529541015625,566.1890446770121,False,True,0.9486253541907885,1.029999448347303,3,0,18,1.056027285808172,recloser_disswitch(r:p1udt228-p1udt62)p1u_12237,203.40909010433123,7145.559583102772,True,0.9660007924259985,1.0299994796307983,0,0,18,0.9999923321466336,recloser_disswitch(r:p1udt228-p1udt62)p1u_12237,175.01370807169278,6763.193143459343
15,49081,2023-08-08T18:00,upper_activity_half,10.0,1840.3811740875244,0.3076171875,566.1328807007521,False,True,0.898422861654188,1.0299993623318924,21,0,18,1.5854528773740542,l(r:p1udm721-p1ulv530),304.9049362911446,8167.199142120311,True,0.9660034487342117,1.0299994796356233,0,0,18,0.999983647358662,recloser_disswitch(r:p1udt228-p1udt62)p1u_12237,175.00967141061548,6763.133698988747
15,49289,2023-08-17T10:00,upper_activity_half,1.0,186.71374398469925,1.0,186.71374398469925,True,True,0.9845252334391111,1.0299995122258736,0,0,18,0.941594365407777,recloser_disswitch(r:p1udt228-p1udt62)p1u_12237,149.9813382721295,6358.795007242083,True,0.9845252334391111,1.0299995122258736,0,0,18,0.941594365407777,recloser_disswitch(r:p1udt228-p1udt62)p1u_12237,149.9813382721295,6358.795007242083
15,49289,2023-08-17T10:00,upper_activity_half,3.0,560.1412319540977,0.996826171875,558.3634399581497,False,True,0.973160813838431,1.0299994804575772,0,0,18,1.0002576302480533,recloser_disswitch(r:p1udt228-p1udt62)p1u_12237,172.56731080958994,6754.553453638303,True,0.973218649149855,1.0299994805973594,0,0,18,0.9999998067039039,recloser_disswitch(r:p1udt228-p1udt62)p1u_12237,172.45989502330968,6752.81390741124
15,49289,2023-08-17T10:00,upper_activity_half,5.0,933.5687199234962,0.59808349609375,558.3520438556116,False,True,0.9599898410180928,1.0299994480729606,0,0,18,1.0596761059411488,recloser_disswitch(r:p1udt228-p1udt62)p1u_12237,198.7023976549351,7154.05294609099,True,0.9732190484955245,1.0299994805983554,0,0,18,0.9999979696152624,recloser_disswitch(r:p1udt228-p1udt62)p1u_12237,172.45912693792476,6752.801564018447
15,49289,2023-08-17T10:00,upper_activity_half,10.0,1867.1374398469925,0.29901123046875,558.2950633429209,False,True,0.9245839575372986,1.0299993641909064,21,0,18,1.2118087808052935,recloser_disswitch(r:p1udt228-p1udt62)p1u_12237,281.0753020248916,8170.180285527659,True,0.9732210204012127,1.029999480603251,0,0,18,0.9999889603986266,recloser_disswitch(r:p1udt228-p1udt62)p1u_12237,172.45542120881797,6752.7408712332735
15,49408,2023-08-22T09:00,upper_activity_half,1.0,197.64600601792336,1.0,197.64600601792336,True,True,0.98082329374432,1.0299995113214744,0,0,18,0.9431031143201893,recloser_disswitch(r:p1udt228-p1udt62)p1u_12237,150.66663572267467,6370.40117579378,True,0.98082329374432,1.0299995113214744,0,0,18,0.9431031143201893,recloser_disswitch(r:p1udt228-p1udt62)p1u_12237,150.66663572267467,6370.40117579378
15,49408,2023-08-22T09:00,upper_activity_half,3.0,592.9380180537701,0.94573974609375,560.7650506435039,False,True,0.9599529363412905,1.0299994775210837,0,0,18,1.005078311633553,recloser_disswitch(r:p1udt228-p1udt62)p1u_12237,176.00033518652896,6790.913328118526,True,0.9617004202043846,1.0299994803048724,0,0,18,0.999994034108703,recloser_disswitch(r:p1udt228-p1udt62)p1u_12237,173.73500655508687,6756.490444345479
15,49408,2023-08-22T09:00,upper_activity_half,5.0,988.2300300896168,0.56744384765625,560.7650506435039,False,True,0.9376750378540507,1.0299994427841854,6,0,18,1.0682170617172684,recloser_disswitch(r:p1udt228-p1udt62)p1u_12237,207.0171311155763,7217.199466727237,True,0.9617004199953939,1.0299994803048722,0,0,18,0.9999940348098616,recloser_disswitch(r:p1udt228-p1udt62)p1u_12237,173.73500409051962,6756.490447453224
15,49408,2023-08-22T09:00,upper_activity_half,10.0,1976.4600601792336,0.28369140625,560.7047338692064,False,True,0.8738086240047085,1.0299993510073993,15,0,18,1.3131972512896473,l(r:p1udt259lv-p1ulv647),314.7296969279088,8313.149488685865,True,0.9617036472735806,1.0299994803100196,0,0,18,0.9999846262928889,recloser_disswitch(r:p1udt228-p1udt62)p1u_12237,173.73084294338707,6756.426725780234
15,49409,2023-08-22T10:00,upper_activity_half,1.0,219.909832239151,1.0,219.909832239151,True,True,0.9806272033186216,1.0299995094026357,0,0,18,0.9449042746439177,recloser_disswitch(r:p1udt228-p1udt62)p1u_12237,152.05219346843606,6394.05438044632,True,0.9806272033186216,1.0299995094026357,0,0,18,0.9449042746439177,recloser_disswitch(r:p1udt228-p1udt62)p1u_12237,152.05219346843606,6394.05438044632
15,49409,2023-08-22T10:00,upper_activity_half,3.0,659.729496717453,0.89337158203125,589.3835841951513,False,True,0.9593388435566721,1.0299994716541558,0,0,18,1.0105864895959908,recloser_disswitch(r:p1udt228-p1udt62)p1u_12237,180.78676787306077,6862.488849129872,True,0.962835105079713,1.0299994777619246,0,0,18,0.9999972019472501,recloser_disswitch(r:p1udt228-p1udt62)p1u_12237,175.7671487145696,6787.141122534892
15,49409,2023-08-22T10:00,upper_activity_half,5.0,1099.549161195755,0.5360107421875,589.3701619641797,False,True,0.9365926477512708,1.0299994328107225,6,0,18,1.0775874706620225,recloser_disswitch(r:p1udt228-p1udt62)p1u_12237,216.10067935339484,7337.593630850692,True,0.9628357485411425,1.0299994777630501,0,0,18,0.9999952563943367,recloser_disswitch(r:p1udt228-p1udt62)p1u_12237,175.7662281608976,6787.127203205558
15,49409,2023-08-22T10:00,upper_activity_half,10.0,2199.09832239151,0.26800537109375,589.3701619641797,False,True,0.8712238628718338,1.0299993299751318,23,0,18,1.3266246804369135,l(r:p1udt259lv-p1ulv647),339.06792487703063,8560.121442170639,True,0.9628357692056522,1.0299994777630883,0,0,18,0.9999951838695829,recloser_disswitch(r:p1udt228-p1udt62)p1u_12237,175.76620461254177,6787.126751641044
15,49410,2023-08-22T11:00,upper_activity_half,1.0,204.56667828559875,1.0,204.56667828559875,True,True,0.9823199912158327,1.0299995106807551,0,0,18,0.943299293228653,recloser_disswitch(r:p1udt228-p1udt62)p1u_12237,151.29023340267668,6377.960563360103,True,0.9823199912158327,1.0299995106807551,0,0,18,0.943299293228653,recloser_disswitch(r:p1udt228-p1udt62)p1u_12237,151.29023340267668,6377.960563360103
15,49410,2023-08-22T11:00,upper_activity_half,3.0,613.7000348567963,0.93939208984375,576.5049582813081,False,True,0.9647243510026937,1.0299994755630824,0,0,18,1.005685290853317,recloser_disswitch(r:p1udt228-p1udt62)p1u_12237,178.17111105115353,6813.662304735057,True,0.966355295952439,1.029999478779852,0,0,18,0.9999931133409721,recloser_disswitch(r:p1udt228-p1udt62)p1u_12237,175.49660198620634,6773.991944882616
15,49410,2023-08-22T11:00,upper_activity_half,5.0,1022.8333914279938,0.56365966796875,576.5299297996535,False,True,0.946136936930229,1.029999439405963,6,0,18,1.0693615997576025,recloser_disswitch(r:p1udt228-p1udt62)p1u_12237,211.1256771851233,7255.914615849112,True,0.9663541983130485,1.0299994787776832,0,0,18,0.9999969531916122,recloser_disswitch(r:p1udt228-p1udt62)p1u_12237,175.4983802192881,6774.018702505815
15,49410,2023-08-22T11:00,upper_activity_half,10.0,2045.6667828559875,0.28179931640625,576.46750100379,False,True,0.8943492354829442,1.0299993439881485,27,0,18,1.3105558007706366,l(r:p1udm721-p1ulv530),324.25506723645776,8391.832860788636,True,0.9663569422338529,1.0299994787831053,0,0,18,0.9999873554926177,recloser_disswitch(r:p1udt228-p1udt62)p1u_12237,175.49392751195737,6773.951811698574
15,49458,2023-08-24T11:00,upper_activity_half,1.0,192.7057340145111,1.0,192.7057340145111,True,True,0.9838527411499748,1.0299995116144343,0,0,18,0.9417959829466284,recloser_disswitch(r:p1udt228-p1udt62)p1u_12237,150.98102659570606,6365.789461953924,True,0.9838527411499748,1.0299995116144343,0,0,18,0.9417959829466284,recloser_disswitch(r:p1udt228-p1udt62)p1u_12237,150.98102659570606,6365.789461953924
15,49458,2023-08-24T11:00,upper_activity_half,3.0,578.1172020435333,0.98724365234375,570.7425380282075,False,True,0.9697652711069428,1.029999478411195,0,0,18,1.001111897146555,recloser_disswitch(r:p1udt228-p1udt62)p1u_12237,176.85537426890363,6776.772910251793,True,0.9700368076603273,1.0299994790381686,0,0,18,0.9999966631966285,recloser_disswitch(r:p1udt228-p1udt62)p1u_12237,176.32204159814492,6769.05498480082
15,49458,2023-08-24T11:00,upper_activity_half,5.0,963.5286700725555,0.59234619140625,570.7425380282075,False,True,0.9549682768785367,1.0299994442493465,0,0,18,1.0616088762547429,recloser_disswitch(r:p1udt228-p1udt62)p1u_12237,208.1836514901152,7193.674328920737,True,0.9700368075677406,1.0299994790381686,0,0,18,0.9999966658253455,recloser_disswitch(r:p1udt228-p1udt62)p1u_12237,176.32206283025556,6769.054987938174
15,49458,2023-08-24T11:00,upper_activity_half,10.0,1927.057340145111,0.296142578125,570.6837289052783,False,True,0.914738473320343,1.0299993543427162,27,0,18,1.218351760995617,recloser_disswitch(r:p1udt228-p1udt62)p1u_12237,313.37347987458963,8262.369340437912,True,0.9700389913727423,1.0299994790432334,0,0,18,0.9999876490819299,recloser_disswitch(r:p1udt228-p1udt62)p1u_12237,176.31775961103764,6768.992680157838
15,49459,2023-08-24T12:00,upper_activity_half,1.0,189.81134700775146,1.0,189.81134700775146,True,True,0.9826275033663604,1.0299995118948633,0,0,18,0.9400303256301094,recloser_disswitch(r:p1udt228-p1udt62)p1u_12237,150.5657650509477,6362.487028162338,True,0.9826275033663604,1.0299995118948633,0,0,18,0.9400303256301094,recloser_disswitch(r:p1udt228-p1udt62)p1u_12237,150.5657650509477,6362.487028162338
15,49459,2023-08-24T12:00,upper_activity_half,3.0,569.4340410232544,1.0,569.4340410232544,True,True,0.9656909500516005,1.0299994793261351,0,0,18,0.9957132179139963,recloser_disswitch(r:p1udt228-p1udt62)p1u_12237,175.2310494454036,6766.478520749588,True,0.9656909500516005,1.0299994793261351,0,0,18,0.9957132179139963,recloser_disswitch(r:p1udt228-p1udt62)p1u_12237,175.2310494454036,6766.478520749588
15,49459,2023-08-24T12:00,upper_activity_half,5.0,949.0567350387573,0.6302490234375,598.142080444959,False,True,0.9478369258895013,1.029999445900816,6,0,18,1.0524346588149753,recloser_disswitch(r:p1udt228-p1udt62)p1u_12237,204.83488507752713,7175.855756935429,True,0.9643669384406447,1.02999947681274,0,0,18,0.9999944025222572,recloser_disswitch(r:p1udt228-p1udt62)p1u_12237,177.30331096091265,6797.436149062206
15,49459,2023-08-24T12:00,upper_activity_half,10.0,1898.1134700775146,0.31512451171875,598.142080444959,False,True,0.898327621148411,1.0299993582839109,21,0,18,1.1991044817375702,recloser_disswitch(r:p1udt228-p1udt62)p1u_12237,303.4812314307051,8223.529365955466,True,0.964366954387102,1.0299994768127743,0,0,18,0.9999943440096204,recloser_disswitch(r:p1udt228-p1udt62)p1u_12237,177.30327673059264,6797.435742667305
15,49553,2023-08-28T10:00,upper_activity_half,1.0,197.9076976776123,1.0,197.9076976776123,True,True,0.9816587326278793,1.0299995112102864,0,0,18,0.9428143124156968,recloser_disswitch(r:p1udt228-p1udt62)p1u_12237,151.10963203419723,6371.1297236939945,True,0.9816587326278793,1.0299995112102864,0,0,18,0.9428143124156968,recloser_disswitch(r:p1udt228-p1udt62)p1u_12237,151.10963203419723,6371.1297236939945
15,49553,2023-08-28T10:00,upper_activity_half,3.0,593.7230930328369,0.95391845703125,566.3634168097051,False,True,0.9626173632505368,1.0299994771158176,0,0,18,1.0042832691436903,recloser_disswitch(r:p1udt228-p1udt62)p1u_12237,177.7295150987129,6793.426553806903,True,0.9639683997686493,1.0299994795039575,0,0,18,0.9999965200708419,recloser_disswitch(r:p1udt228-p1udt62)p1u_12237,175.69703774730434,6764.050827564185
15,49553,2023-08-28T10:00,upper_activity_half,5.0,989.5384883880615,0.57232666015625,566.3392581552034,False,True,0.9424155004242789,1.029999441976937,6,0,18,1.0670328131497695,recloser_disswitch(r:p1udt228-p1udt62)p1u_12237,210.57452337719712,7222.06491004197,True,0.9639695909179001,1.0299994795060652,0,0,18,0.9999927336003261,recloser_disswitch(r:p1udt228-p1udt62)p1u_12237,175.69522981249133,6764.024888539688
15,49553,2023-08-28T10:00,upper_activity_half,10.0,1979.076976776123,0.2861328125,566.2788615189493,False,True,0.8854141529538533,1.0299993487708852,21,0,18,1.2664763222421695,l(r:p1udm721-p1ulv530),324.9545508038721,8325.915010932493,True,0.9639725329636079,1.029999479511261,0,0,18,0.9999834050341145,recloser_disswitch(r:p1udt228-p1udt62)p1u_12237,175.6908311205398,6763.960906793928
15,49846,2023-09-09T15:00,lower_activity_half,1.0,30.41227789223194,1.0,30.41227789223194,True,True,0.9891390173131743,1.0299995253699272,0,0,18,0.9174721550564726,recloser_disswitch(r:p1udt228-p1udt62)p1u_12237,141.51489722848447,6194.050327080753,True,0.9891390173131743,1.0299995253699272,0,0,18,0.9174721550564726,recloser_disswitch(r:p1udt228-p1udt62)p1u_12237,141.51489722848447,6194.050327080753
15,49846,2023-09-09T15:00,lower_activity_half,3.0,91.23683367669582,1.0,91.23683367669582,True,True,0.9867908791030794,1.0299995202944587,0,0,18,0.9274084912640034,recloser_disswitch(r:p1udt228-p1udt62)p1u_12237,144.75259799182382,6257.964881132555,True,0.9867908791030794,1.0299995202944587,0,0,18,0.9274084912640034,recloser_disswitch(r:p1udt228-p1udt62)p1u_12237,144.75259799182382,6257.964881132555
15,49846,2023-09-09T15:00,lower_activity_half,5.0,152.0613894611597,1.0,152.0613894611597,True,True,0.9840931665954071,1.029999515181767,0,0,18,0.937398753159301,recloser_disswitch(r:p1udt228-p1udt62)p1u_12237,148.15024641781307,6322.185443584458,True,0.9840931665954071,1.029999515181767,0,0,18,0.937398753159301,recloser_disswitch(r:p1udt228-p1udt62)p1u_12237,148.15024641781307,6322.185443584458
15,49846,2023-09-09T15:00,lower_activity_half,10.0,304.1227789223194,1.0,304.1227789223194,True,True,0.977253506396017,1.0299995022901571,0,0,18,0.9625096658236326,recloser_disswitch(r:p1udt228-p1udt62)p1u_12237,157.3281756886174,6483.38841813942,True,0.977253506396017,1.0299995022901571,0,0,18,0.9625096658236326,recloser_disswitch(r:p1udt228-p1udt62)p1u_12237,157.3281756886174,6483.38841813942
15,50168,2023-09-23T01:00,lower_activity_half,1.0,8.444974184036255,1.0,8.444974184036255,True,True,0.9887818233646237,1.0299995271918536,0,0,18,0.9139093509153199,recloser_disswitch(r:p1udt228-p1udt62)p1u_12237,140.46256614300466,6170.96161702895,True,0.9887818233646237,1.0299995271918536,0,0,18,0.9139093509153199,recloser_disswitch(r:p1udt228-p1udt62)p1u_12237,140.46256614300466,6170.96161702895
15,50168,2023-09-23T01:00,lower_activity_half,3.0,25.334922552108765,1.0,25.334922552108765,True,True,0.987748644303626,1.0299995257621413,0,0,18,0.9167245443285562,recloser_disswitch(r:p1udt228-p1udt62)p1u_12237,141.52158966693318,6188.761125699891,True,0.987748644303626,1.0299995257621413,0,0,18,0.9167245443285562,recloser_disswitch(r:p1udt228-p1udt62)p1u_12237,141.52158966693318,6188.761125699891
15,50168,2023-09-23T01:00,lower_activity_half,5.0,42.224870920181274,1.0,42.224870920181274,True,True,0.986706524607351,1.0299995243131042,0,0,18,0.919571395394543,recloser_disswitch(r:p1udt228-p1udt62)p1u_12237,142.6320473117957,6206.755828254389,True,0.986706524607351,1.0299995243131042,0,0,18,0.919571395394543,recloser_disswitch(r:p1udt228-p1udt62)p1u_12237,142.6320473117957,6206.755828254389
15,50168,2023-09-23T01:00,lower_activity_half,10.0,84.44974184036255,1.0,84.44974184036255,True,True,0.9835906416065281,1.0299995206498271,0,0,18,0.9267435804348928,recloser_disswitch(r:p1udt228-p1udt62)p1u_12237,145.61117282897789,6252.034183404371,True,0.9835906416065281,1.0299995206498271,0,0,18,0.9267435804348928,recloser_disswitch(r:p1udt228-p1udt62)p1u_12237,145.61117282897789,6252.034183404371
15,51647,2023-11-23T16:00,lower_activity_half,1.0,17.233353793621063,1.0,17.233353793621063,True,True,0.9877633295136362,1.0299995264479866,0,0,18,0.9153749269347762,recloser_disswitch(r:p1udt228-p1udt62)p1u_12237,140.98900822549186,6180.233099239321,True,0.9877633295136362,1.0299995264479866,0,0,18,0.9153749269347762,recloser_disswitch(r:p1udt228-p1udt62)p1u_12237,140.98900822549186,6180.233099239321
15,51647,2023-11-23T16:00,lower_activity_half,3.0,51.70006138086319,1.0,51.70006138086319,True,True,0.9846534953046105,1.0299995234869483,0,0,18,0.9211853757025433,recloser_disswitch(r:p1udt228-p1udt62)p1u_12237,143.2666603363562,6216.943985820288,True,0.9846534953046105,1.0299995234869483,0,0,18,0.9211853757025433,recloser_disswitch(r:p1udt228-p1udt62)p1u_12237,143.2666603363562,6216.943985820288
15,51647,2023-11-23T16:00,lower_activity_half,5.0,86.16676896810532,1.0,86.16676896810532,True,True,0.9797260543804112,1.0299995204790693,0,0,18,0.9270544526642107,recloser_disswitch(r:p1udt228-p1udt62)p1u_12237,145.8049969142816,6253.945851873425,True,0.9797260543804112,1.0299995204790693,0,0,18,0.9270544526642107,recloser_disswitch(r:p1udt228-p1udt62)p1u_12237,145.8049969142816,6253.945851873425
15,51647,2023-11-23T16:00,lower_activity_half,10.0,172.33353793621063,1.0,172.33353793621063,True,True,0.9669170493575681,1.0299995127597863,0,0,18,0.9419680801362913,recloser_disswitch(r:p1udt228-p1udt62)p1u_12237,153.33803775822173,6347.595474519419,True,0.9669170493575681,1.0299995127597863,0,0,18,0.9419680801362913,recloser_disswitch(r:p1udt228-p1udt62)p1u_12237,153.33803775822173,6347.595474519419
16,44103,2023-01-13T08:00,lower_activity_half,1.0,79.95436143875122,1.0,79.95436143875122,True,True,0.9855531669278198,1.0299995211101842,0,0,18,0.9236159513780289,recloser_disswitch(r:p1udt228-p1udt62)p1u_12237,144.684621696242,6246.656129769643,True,0.9855531669278198,1.0299995211101842,0,0,18,0.9236159513780289,recloser_disswitch(r:p1udt228-p1udt62)p1u_12237,144.684621696242,6246.656129769643
16,44103,2023-01-13T08:00,lower_activity_half,3.0,239.86308431625366,1.0,239.86308431625366,True,True,0.970625946583001,1.029999507253701,0,0,18,0.9461690530301933,recloser_disswitch(r:p1udt228-p1udt62)p1u_12237,155.75180085799246,6417.527592306318,True,0.970625946583001,1.029999507253701,0,0,18,0.9461690530301933,recloser_disswitch(r:p1udt228-p1udt62)p1u_12237,155.75180085799246,6417.527592306318
16,44103,2023-01-13T08:00,lower_activity_half,5.0,399.7718071937561,1.0,399.7718071937561,True,True,0.9549704044846308,1.0299994930109408,0,0,18,0.9692001457513157,recloser_disswitch(r:p1udt228-p1udt62)p1u_12237,169.1088833398348,6590.859820569901,True,0.9549704044846308,1.0299994930109408,0,0,18,0.9692001457513157,recloser_disswitch(r:p1udt228-p1udt62)p1u_12237,169.1088833398348,6590.859820569901
16,44103,2023-01-13T08:00,lower_activity_half,10.0,799.5436143875122,0.56146240234375,448.9136785126175,False,True,0.9120399346079427,1.0299994555423848,6,0,18,1.4619059939925936,l(r:p1udt62lv-p1ulv157),214.04903039030722,7035.564821723445,True,0.9500011645576478,1.0299994885548667,0,0,18,0.9763740046231362,recloser_disswitch(r:p1udt228-p1udt62)p1u_12237,173.70447175231158,6644.608539980065
16,44752,2023-02-09T09:00,lower_activity_half,1.0,125.63688196241856,1.0,125.63688196241856,True,True,0.984072306166266,1.0299995172663141,0,0,18,0.9292381731414757,recloser_disswitch(r:p1udt228-p1udt62)p1u_12237,147.06707817692796,6294.80252468189,True,0.984072306166266,1.0299995172663141,0,0,18,0.9292381731414757,recloser_disswitch(r:p1udt228-p1udt62)p1u_12237,147.06707817692796,6294.80252468189
16,44752,2023-02-09T09:00,lower_activity_half,3.0,376.91064588725567,1.0,376.91064588725567,True,True,0.9702130251944228,1.029999495663784,0,0,18,0.9630577501781038,recloser_disswitch(r:p1udt228-p1udt62)p1u_12237,163.32118422547427,6562.114186797077,True,0.9702130251944228,1.029999495663784,0,0,18,0.9630577501781038,recloser_disswitch(r:p1udt228-p1udt62)p1u_12237,163.32118422547427,6562.114186797077
16,44752,2023-02-09T09:00,lower_activity_half,5.0,628.1844098120928,1.0,628.1844098120928,True,True,0.9557373760353072,1.0299994735537665,0,0,18,0.9974630155202299,recloser_disswitch(r:p1udt228-p1udt62)p1u_12237,182.45177360350212,6832.612861328064,True,0.9557373760353072,1.0299994735537665,0,0,18,0.9974630155202299,recloser_disswitch(r:p1udt228-p1udt62)p1u_12237,182.45177360350212,6832.612861328064
16,44752,2023-02-09T09:00,lower_activity_half,10.0,1256.3688196241856,0.51458740234375,646.511567276093,False,True,0.9164084396937926,1.0299994159528287,12,0,18,1.0861091289191285,recloser_disswitch(r:p1udt228-p1udt62)p1u_12237,244.27832714276065,7522.621207043974,True,0.9546553935618084,1.0299994719207592,0,0,18,0.9999957673370728,recloser_disswitch(r:p1udt228-p1udt62)p1u_12237,183.96516188488894,6852.4671085802165
16,46073,2023-04-05T10:00,upper_activity_half,1.0,190.9374189376831,1.0,190.9374189376831,True,True,0.9845733488490009,1.0299995117168328,0,0,18,0.9369487317270613,recloser_disswitch(r:p1udt228-p1udt62)p1u_12237,150.8275487568546,6363.893723766806,True,0.9845733488490009,1.0299995117168328,0,0,18,0.9369487317270613,recloser_disswitch(r:p1udt228-p1udt62)p1u_12237,150.8275487568546,6363.893723766806
16,46073,2023-04-05T10:00,upper_activity_half,3.0,572.8122568130493,1.0,572.8122568130493,True,True,0.9706725090510677,1.0299994787508702,0,0,18,0.9864099275913707,recloser_disswitch(r:p1udt228-p1udt62)p1u_12237,176.12878162067432,6770.747242328465,True,0.9706725090510677,1.0299994787508702,0,0,18,0.9864099275913707,recloser_disswitch(r:p1udt228-p1udt62)p1u_12237,176.12878162067432,6770.747242328465
16,46073,2023-04-05T10:00,upper_activity_half,5.0,954.6870946884155,0.70831298828125,676.2172689122963,False,True,0.9550861721545938,1.0299994448687373,0,0,18,1.0936394389982906,l(r:p1udt175lv-p1ulv493),206.4816844151271,7183.133742434814,True,0.9665185998937913,1.0299994696521115,0,0,18,0.9999956241537143,recloser_disswitch(r:p1udt228-p1udt62)p1u_12237,183.84574579453593,6882.05340972382
16,46073,2023-04-05T10:00,upper_activity_half,10.0,1909.374189376831,0.3541259765625,676.1589994363021,False,True,0.9125272976010362,1.029999355936463,27,0,18,1.7007827408719107,l(r:p1udm823-p1ulv1893),306.9473740454327,8238.272413896848,True,0.9665209231338241,1.0299994696571717,0,0,18,0.9999880952699023,recloser_disswitch(r:p1udt228-p1udt62)p1u_12237,183.84134885743606,6881.991581034622
16,46294,2023-04-14T15:00,lower_activity_half,1.0,91.37446284294128,1.0,91.37446284294128,True,True,0.9871830345871841,1.0299995201653591,0,0,18,0.9236404677669987,recloser_disswitch(r:p1udt228-p1udt62)p1u_12237,144.96026491752232,6258.4869681144155,True,0.9871830345871841,1.0299995201653591,0,0,18,0.9236404677669987,recloser_disswitch(r:p1udt228-p1udt62)p1u_12237,144.96026491752232,6258.4869681144155
16,46294,2023-04-14T15:00,lower_activity_half,3.0,274.12338852882385,1.0,274.12338852882385,True,True,0.9821451898950792,1.0299995045648067,0,0,18,0.9460108088563283,recloser_disswitch(r:p1udt228-p1udt62)p1u_12237,155.75978432757512,6451.81256481223,True,0.9821451898950792,1.0299995045648067,0,0,18,0.9460108088563283,recloser_disswitch(r:p1udt228-p1udt62)p1u_12237,155.75978432757512,6451.81256481223
16,46294,2023-04-14T15:00,lower_activity_half,5.0,456.8723142147064,1.0,456.8723142147064,True,True,0.9753890191228985,1.0299994887477146,0,0,18,0.9686055538859739,recloser_disswitch(r:p1udt228-p1udt62)p1u_12237,167.64981342703044,6646.43635020426,True,0.9753890191228985,1.0299994887477146,0,0,18,0.9686055538859739,recloser_disswitch(r:p1udt228-p1udt62)p1u_12237,167.64981342703044,6646.43635020426
16,46294,2023-04-14T15:00,lower_activity_half,10.0,913.7446284294128,0.76922607421875,702.8761933652277,False,True,0.9578460202248731,1.029999448285981,0,0,18,1.094291011860708,l(r:p1udt61lv-p1ulv156),202.32728198878908,7138.035433094877,True,0.9660617477598038,1.0299994671220798,0,0,18,0.9999787968523387,l(r:p1udt61lv-p1ulv156),185.42519931875776,6910.291791593818
16,46385,2023-04-18T10:00,upper_activity_half,1.0,188.02274084091187,1.0,188.02274084091187,True,True,0.9803957641229885,1.0299995118629472,0,0,18,0.9420134681939777,recloser_disswitch(r:p1udt228-p1udt62)p1u_12237,151.4985084991991,6361.654740118978,True,0.9803957641229885,1.0299995118629472,0,0,18,0.9420134681939777,recloser_disswitch(r:p1udt228-p1udt62)p1u_12237,151.4985084991991,6361.654740118978
16,46385,2023-04-18T10:00,upper_activity_half,3.0,564.0682225227356,0.9769287109375,551.054441509943,False,True,0.9585637625527048,1.0299994789004598,0,0,18,1.0021013535940206,recloser_disswitch(r:p1udt228-p1udt62)p1u_12237,179.94850221030535,6765.98690314074,True,0.9593430702660876,1.0299994800607541,0,0,18,0.9999985608994646,recloser_disswitch(r:p1udt228-p1udt62)p1u_12237,178.839432770575,6751.884547331779
16,46385,2023-04-18T10:00,upper_activity_half,5.0,940.1137042045593,0.58612060546875,551.0200135178457,False,True,0.9351538386592607,1.029999444622728,6,0,18,1.0638235454597629,recloser_disswitch(r:p1udt228-p1udt62)p1u_12237,216.22594081772468,7178.279841903551,True,0.9593451471925477,1.0299994800638526,0,0,18,0.9999929441301578,recloser_disswitch(r:p1udt228-p1udt62)p1u_12237,178.83649471736993,6751.8468907332635
16,46385,2023-04-18T10:00,upper_activity_half,10.0,1880.2274084091187,0.29302978515625,550.9626335310168,False,True,0.8672988791725929,1.0299993519855306,24,0,18,1.3773883572388876,l(r:p1udt259lv-p1ulv647),348.66474057744557,8250.836984745565,True,0.9593485835953586,1.0299994800689725,0,0,18,0.9999836698817753,recloser_disswitch(r:p1udt228-p1udt62)p1u_12237,178.8315993794666,6751.784644103324
16,46413,2023-04-19T14:00,lower_activity_half,1.0,57.698155641555786,1.0,57.698155641555786,True,True,0.9890415212047442,1.0299995230157462,0,0,18,0.919923337900033,recloser_disswitch(r:p1udt228-p1udt62)p1u_12237,143.17054009104035,6222.999504368286,True,0.9890415212047442,1.0299995230157462,0,0,18,0.919923337900033,recloser_disswitch(r:p1udt228-p1udt62)p1u_12237,143.17054009104035,6222.999504368286
16,46413,2023-04-19T14:00,lower_activity_half,3.0,173.09446692466736,1.0,173.09446692466736,True,True,0.9817002912687848,1.0299995131747954,0,0,18,0.934817735501012,recloser_disswitch(r:p1udt228-p1udt62)p1u_12237,150.07035480760538,6345.117250161214,True,0.9817002912687848,1.0299995131747954,0,0,18,0.934817735501012,recloser_disswitch(r:p1udt228-p1udt62)p1u_12237,150.07035480760538,6345.117250161214
16,46413,2023-04-19T14:00,lower_activity_half,5.0,288.49077820777893,1.0,288.49077820777893,True,True,0.9741105401707293,1.02999950321028,0,0,18,0.9498572434003459,recloser_disswitch(r:p1udt228-p1udt62)p1u_12237,157.6194710732461,6468.053837037238,True,0.9741105401707293,1.02999950321028,0,0,18,0.9498572434003459,recloser_disswitch(r:p1udt228-p1udt62)p1u_12237,157.6194710732461,6468.053837037238
16,46413,2023-04-19T14:00,lower_activity_half,10.0,576.9815564155579,1.0,576.9815564155579,True,True,0.954333270618515,1.0299994777879011,0,0,18,0.9880192726868993,recloser_disswitch(r:p1udt228-p1udt62)p1u_12237,179.46777440695848,6778.422588749309,True,0.954333270618515,1.0299994777879011,0,0,18,0.9880192726868993,recloser_disswitch(r:p1udt228-p1udt62)p1u_12237,179.46777440695848,6778.422588749309
16,46948,2023-05-11T21:00,lower_activity_half,1.0,43.385165214538574,1.0,43.385165214538574,True,True,0.9878745614018182,1.029999524269503,0,0,18,0.918621919163963,recloser_disswitch(r:p1udt228-p1udt62)p1u_12237,142.22564969257013,6207.741043843094,True,0.9878745614018182,1.029999524269503,0,0,18,0.918621919163963,recloser_disswitch(r:p1udt228-p1udt62)p1u_12237,142.22564969257013,6207.741043843094
16,46948,2023-05-11T21:00,lower_activity_half,3.0,130.15549564361572,1.0,130.15549564361572,True,True,0.9850050203977545,1.029999516980137,0,0,18,0.9308692714229599,recloser_disswitch(r:p1udt228-p1udt62)p1u_12237,146.97047746041594,6299.092698159164,True,0.9850050203977545,1.029999516980137,0,0,18,0.9308692714229599,recloser_disswitch(r:p1udt228-p1udt62)p1u_12237,146.97047746041594,6299.092698159164
16,46948,2023-05-11T21:00,lower_activity_half,5.0,216.92582607269287,1.0,216.92582607269287,True,True,0.9820389592562548,1.0299995096312804,0,0,18,0.94319371973097,recloser_disswitch(r:p1udt228-p1udt62)p1u_12237,151.9943945300192,6390.883625894812,True,0.9820389592562548,1.0299995096312804,0,0,18,0.94319371973097,recloser_disswitch(r:p1udt228-p1udt62)p1u_12237,151.9943945300192,6390.883625894812
16,46948,2023-05-11T21:00,lower_activity_half,10.0,433.85165214538574,1.0,433.85165214538574,True,True,0.9717491556072246,1.029999491055425,0,0,18,0.9742336771471317,recloser_disswitch(r:p1udt228-p1udt62)p1u_12237,165.7760348065727,6621.526357474422,True,0.9717491556072246,1.029999491055425,0,0,18,0.9742336771471317,recloser_disswitch(r:p1udt228-p1udt62)p1u_12237,165.7760348065727,6621.526357474422
16,47304,2023-05-26T17:00,lower_activity_half,1.0,83.14106774330139,1.0,83.14106774330139,True,True,0.9878336383698171,1.0299995208748172,0,0,18,0.9237256831519363,recloser_disswitch(r:p1udt228-p1udt62)p1u_12237,144.44137225633165,6249.661121574173,True,0.9878336383698171,1.0299995208748172,0,0,18,0.9237256831519363,recloser_disswitch(r:p1udt228-p1udt62)p1u_12237,144.44137225633165,6249.661121574173
16,47304,2023-05-26T17:00,lower_activity_half,3.0,249.42320322990417,1.0,249.42320322990417,True,True,0.9846324724178339,1.0299995067343664,0,0,18,0.9462469596058037,recloser_disswitch(r:p1udt228-p1udt62)p1u_12237,153.88471442693492,6425.247371483574,True,0.9846324724178339,1.0299995067343664,0,0,18,0.9462469596058037,recloser_disswitch(r:p1udt228-p1udt62)p1u_12237,153.88471442693492,6425.247371483574
16,47304,2023-05-26T17:00,lower_activity_half,5.0,415.70533871650696,1.0,415.70533871650696,True,True,0.9804611952809651,1.0299994924671034,0,0,18,0.9689050418203995,recloser_disswitch(r:p1udt228-p1udt62)p1u_12237,163.96018961320965,6601.596029960774,True,0.9804611952809651,1.0299994924671034,0,0,18,0.9689050418203995,recloser_disswitch(r:p1udt228-p1udt62)p1u_12237,163.96018961320965,6601.596029960774
16,47304,2023-05-26T17:00,lower_activity_half,10.0,831.4106774330139,0.761474609375,633.0981208285084,False,True,0.969531836941782,1.0299994562890233,0,0,18,1.0983707345698839,l(r:p1udt61lv-p1ulv156),191.96187784672745,7045.148079159888,True,0.9749299970469358,1.0299994736294062,0,0,18,0.999993160058752,l(r:p1udt61lv-p1ulv156),178.10153225753268,6833.190350356446
16,47458,2023-06-02T03:00,lower_activity_half,1.0,11.082432746887207,1.0,11.082432746887207,True,True,0.989252213262351,1.0299995269988356,0,0,18,0.914318538282017,recloser_disswitch(r:p1udt228-p1udt62)p1u_12237,140.4016906728915,6173.6285240836205,True,0.989252213262351,1.0299995269988356,0,0,18,0.914318538282017,recloser_disswitch(r:p1udt228-p1udt62)p1u_12237,140.4016906728915,6173.6285240836205
16,47458,2023-06-02T03:00,lower_activity_half,3.0,33.24729824066162,1.0,33.24729824066162,True,True,0.9891664059520345,1.0299995252080356,0,0,18,0.9179090113273768,recloser_disswitch(r:p1udt228-p1udt62)p1u_12237,141.29830532430896,6196.476467286446,True,0.9891664059520345,1.0299995252080356,0,0,18,0.9179090113273768,recloser_disswitch(r:p1udt228-p1udt62)p1u_12237,141.29830532430896,6196.476467286446
16,47458,2023-06-02T03:00,lower_activity_half,5.0,55.412163734436035,1.0,55.412163734436035,True,True,0.9890784891713,1.029999523399058,0,0,18,0.9215330987945811,recloser_disswitch(r:p1udt228-p1udt62)p1u_12237,142.2091932624927,6219.551164130134,True,0.9890784891713,1.029999523399058,0,0,18,0.9215330987945811,recloser_disswitch(r:p1udt228-p1udt62)p1u_12237,142.2091932624927,6219.551164130134
16,47458,2023-06-02T03:00,lower_activity_half,10.0,110.82432746887207,1.0,110.82432746887207,True,True,0.9888592759292543,1.0299995188809221,0,0,18,0.9305833484905858,recloser_disswitch(r:p1udt228-p1udt62)p1u_12237,144.5025106222905,6277.163824265307,True,0.9888592759292543,1.0299995188809221,0,0,18,0.9305833484905858,recloser_disswitch(r:p1udt228-p1udt62)p1u_12237,144.5025106222905,6277.163824265307
16,47868,2023-06-19T05:00,lower_activity_half,1.0,3.571868658065796,1.0,3.571868658065796,True,True,0.9892807149617213,1.0299995275920986,0,0,18,0.9131214667296008,recloser_disswitch(r:p1udt228-p1udt62)p1u_12237,140.14819307941215,6165.994377332388,True,0.9892807149617213,1.0299995275920986,0,0,18,0.9131214667296008,recloser_disswitch(r:p1udt228-p1udt62)p1u_12237,140.14819307941215,6165.994377332388
16,47868,2023-06-19T05:00,lower_activity_half,3.0,10.715605974197388,1.0,10.715605974197388,True,True,0.9892538595768315,1.029999527017252,0,0,18,0.9142614825746165,recloser_disswitch(r:p1udt228-p1udt62)p1u_12237,140.52312732175108,6173.201331286896,True,0.9892538595768315,1.029999527017252,0,0,18,0.9142614825746165,recloser_disswitch(r:p1udt228-p1udt62)p1u_12237,140.52312732175108,6173.201331286896
16,47868,2023-06-19T05:00,lower_activity_half,5.0,17.85934329032898,1.0,17.85934329032898,True,True,0.9892244036690856,1.0299995264158097,0,0,18,0.9154509022721968,recloser_disswitch(r:p1udt228-p1udt62)p1u_12237,140.91767778101766,6180.737982391197,True,0.9892244036690856,1.0299995264158097,0,0,18,0.9154509022721968,recloser_disswitch(r:p1udt228-p1udt62)p1u_12237,140.91767778101766,6180.737982391197
16,47868,2023-06-19T05:00,lower_activity_half,10.0,35.71868658065796,1.0,35.71868658065796,True,True,0.9891508111226817,1.0299995249112748,0,0,18,0.9184229334661734,recloser_disswitch(r:p1udt228-p1udt62)p1u_12237,141.92714393720138,6199.5588670932075,True,0.9891508111226817,1.0299995249112748,0,0,18,0.9184229334661734,recloser_disswitch(r:p1udt228-p1udt62)p1u_12237,141.92714393720138,6199.5588670932075
16,48214,2023-07-03T15:00,lower_activity_half,1.0,73.25083684921265,1.0,73.25083684921265,True,True,0.9865007441259684,1.0299995217126392,0,0,18,0.9236471033033914,recloser_disswitch(r:p1udt228-p1udt62)p1u_12237,144.20244701126816,6239.431701237581,True,0.9865007441259684,1.0299995217126392,0,0,18,0.9236471033033914,recloser_disswitch(r:p1udt228-p1udt62)p1u_12237,144.20244701126816,6239.431701237581
16,48214,2023-07-03T15:00,lower_activity_half,3.0,219.75251054763794,1.0,219.75251054763794,True,True,0.9808087957494519,1.029999509160642,0,0,18,0.9461471012017182,recloser_disswitch(r:p1udt228-p1udt62)p1u_12237,153.5768524505428,6395.264695067411,True,0.9808087957494519,1.029999509160642,0,0,18,0.9461471012017182,recloser_disswitch(r:p1udt228-p1udt62)p1u_12237,153.5768524505428,6395.264695067411
16,48214,2023-07-03T15:00,lower_activity_half,5.0,366.25418424606323,1.0,366.25418424606323,True,True,0.9736957181693151,1.0299994964028731,0,0,18,0.9688939201285944,recloser_disswitch(r:p1udt228-p1udt62)p1u_12237,164.12957177147373,6552.3025937226985,True,0.9736957181693151,1.0299994964028731,0,0,18,0.9688939201285944,recloser_disswitch(r:p1udt228-p1udt62)p1u_12237,164.12957177147373,6552.3025937226985
16,48214,2023-07-03T15:00,lower_activity_half,10.0,732.5083684921265,0.769775390625,563.8669154921081,False,True,0.9542662602881536,1.0299994635579215,0,0,18,1.0269063252635182,recloser_disswitch(r:p1udt228-p1udt62)p1u_12237,195.9674145507095,6950.43611527602,True,0.9633572315427097,1.0299994788493132,0,0,18,0.9999948291242103,recloser_disswitch(r:p1udt228-p1udt62)p1u_12237,180.3137944244949,6766.171503207655
16,48449,2023-07-13T10:00,upper_activity_half,1.0,185.93796157836914,1.0,185.93796157836914,True,True,0.9850942374443343,1.0299995122092072,0,0,18,0.9376187321407253,recloser_disswitch(r:p1udt228-p1udt62)p1u_12237,150.1202389223748,6358.182123949563,True,0.9850942374443343,1.0299995122092072,0,0,18,0.9376187321407253,recloser_disswitch(r:p1udt228-p1udt62)p1u_12237,150.1202389223748,6358.182123949563
16,48449,2023-07-13T10:00,upper_activity_half,3.0,557.8138847351074,1.0,557.8138847351074,True,True,0.9751629232557584,1.029999480349564,0,0,18,0.988326228291183,recloser_disswitch(r:p1udt228-p1udt62)p1u_12237,173.25580941214005,6752.906982912202,True,0.9751629232557584,1.029999480349564,0,0,18,0.988326228291183,recloser_disswitch(r:p1udt228-p1udt62)p1u_12237,173.25580941214005,6752.906982912202
16,48449,2023-07-13T10:00,upper_activity_half,5.0,929.6898078918457,0.69097900390625,642.3961373989005,False,True,0.9634404022703917,1.0299994477824879,0,0,18,1.0398041608295552,recloser_disswitch(r:p1udt228-p1udt62)p1u_12237,200.32046596886144,7151.780304183924,True,0.9725283871026918,1.029999472988941,0,0,18,0.9999948543807814,recloser_disswitch(r:p1udt228-p1udt62)p1u_12237,179.06947746720994,6843.456001993674
16,48449,2023-07-13T10:00,upper_activity_half,10.0,1859.3796157836914,0.345458984375,642.3393936362118,False,True,0.9321749359359576,1.0299993630536386,18,0,18,1.1721115944189633,recloser_disswitch(r:p1udt228-p1udt62)p1u_12237,286.7374334623514,8167.9151803341965,True,0.972530143376087,1.029999472993818,0,0,18,0.9999871355877031,recloser_disswitch(r:p1udt228-p1udt62)p1u_12237,179.0655581352775,6843.396052959978
16,48450,2023-07-13T11:00,upper_activity_half,1.0,197.65360134840012,1.0,197.65360134840012,True,True,0.9858604011084495,1.0299995112120317,0,0,18,0.9383719606574026,recloser_disswitch(r:p1udt228-p1udt62)p1u_12237,150.7004376910681,6370.472480493829,True,0.9858604011084495,1.0299995112120317,0,0,18,0.9383719606574026,recloser_disswitch(r:p1udt228-p1udt62)p1u_12237,150.7004376910681,6370.472480493829
16,48450,2023-07-13T11:00,upper_activity_half,3.0,592.9608040452003,1.0,592.9608040452003,True,True,0.976585291893017,1.0299994773750794,0,0,18,0.9905371027297721,recloser_disswitch(r:p1udt228-p1udt62)p1u_12237,174.8574151051991,6789.651363117807,True,0.976585291893017,1.0299994773750794,0,0,18,0.9905371027297721,recloser_disswitch(r:p1udt228-p1udt62)p1u_12237,174.8574151051991,6789.651363117807
16,48450,2023-07-13T11:00,upper_activity_half,5.0,988.2680067420006,0.3359375,331.9962835148908,False,True,0.9653628786500658,1.0299994428595742,0,0,18,1.0433958823545728,recloser_disswitch(r:p1udt228-p1udt62)p1u_12237,202.72776857883855,7212.76610902893,True,0.9834965153709286,1.029999499778112,0,0,18,0.9560400393179243,recloser_disswitch(r:p1udt228-p1udt62)p1u_12237,158.50985968567366,6512.603833626142
16,48450,2023-07-13T11:00,upper_activity_half,10.0,1976.5360134840012,0.16796875,331.9962835148908,False,True,0.9355718033788599,1.0299993534412,12,0,18,1.2152277991970866,l(r:p1udt61lv-p1ulv156),289.91543209170345,8288.232228704124,True,0.9834965153695457,1.029999499778112,0,0,18,0.9560400424108642,recloser_disswitch(r:p1udt228-p1udt62)p1u_12237,158.50984246108243,6512.603833626142
16,49081,2023-08-08T18:00,upper_activity_half,1.0,184.03811740875244,1.0,184.03811740875244,True,True,0.9854195962569869,1.0299995122765255,0,0,18,0.9401546898457611,recloser_disswitch(r:p1udt228-p1udt62)p1u_12237,150.6861392617341,6356.7515995534395,True,0.9854195962569869,1.0299995122765255,0,0,18,0.9401546898457611,recloser_disswitch(r:p1udt228-p1udt62)p1u_12237,150.6861392617341,6356.7515995534395
16,49081,2023-08-08T18:00,upper_activity_half,3.0,552.1143522262573,1.0,552.1143522262573,True,True,0.9720987432302074,1.029999480401879,0,0,18,0.9961820944097374,recloser_disswitch(r:p1udt228-p1udt62)p1u_12237,175.76242848763889,6749.689394728851,True,0.9720987432302074,1.029999480401879,0,0,18,0.9961820944097374,recloser_disswitch(r:p1udt228-p1udt62)p1u_12237,175.76242848763889,6749.689394728851
16,49081,2023-08-08T18:00,upper_activity_half,5.0,920.1905870437622,0.62677001953125,576.7478722138912,False,True,0.9575690886722033,1.0299994476182803,0,0,18,1.0533064855834096,recloser_disswitch(r:p1udt228-p1udt62)p1u_12237,205.94140895869901,7148.098424093455,True,0.9711410766305509,1.0299994782207533,0,0,18,0.9999988079134033,recloser_disswitch(r:p1udt228-p1udt62)p1u_12237,177.62959087377186,6776.367861513613
16,49081,2023-08-08T18:00,upper_activity_half,10.0,1840.3811740875244,0.3133544921875,576.6917082376312,False,True,0.9181436168297634,1.0299993614220766,30,0,18,1.298096386529195,l(r:p1udt62lv-p1ulv157),306.1975791233228,8168.532114863182,True,0.9711432291718853,1.0299994782256252,0,0,18,0.9999902909132546,recloser_disswitch(r:p1udt228-p1udt62)p1u_12237,177.62537176511307,6776.3082552792885
16,49289,2023-08-17T10:00,upper_activity_half,1.0,186.71374398469925,1.0,186.71374398469925,True,True,0.9865626331309845,1.0299995122234973,0,0,18,0.9362339022400764,recloser_disswitch(r:p1udt228-p1udt62)p1u_12237,149.6797476510699,6358.50859181683,True,0.9865626331309845,1.0299995122234973,0,0,18,0.9362339022400764,recloser_disswitch(r:p1udt228-p1udt62)p1u_12237,149.6797476510699,6358.50859181683
16,49289,2023-08-17T10:00,upper_activity_half,3.0,560.1412319540977,1.0,560.1412319540977,True,True,0.9779437159350512,1.0299994804683519,0,0,18,0.9840300316568737,recloser_disswitch(r:p1udt228-p1udt62)p1u_12237,171.45340114383822,6753.4525172867125,True,0.9779437159350512,1.0299994804683519,0,0,18,0.9840300316568737,recloser_disswitch(r:p1udt228-p1udt62)p1u_12237,171.45340114383822,6753.4525172867125
16,49289,2023-08-17T10:00,upper_activity_half,5.0,933.5687199234962,0.732421875,683.766152287717,False,True,0.9691042998975535,1.029999448124156,0,0,18,1.0323778404483495,recloser_disswitch(r:p1udt228-p1udt62)p1u_12237,196.44666610729712,7151.824684537735,True,0.9750395060972793,1.0299994698117918,0,0,18,0.9999998664088083,recloser_disswitch(r:p1udt228-p1udt62)p1u_12237,179.37393137640834,6885.130798137852
16,49289,2023-08-17T10:00,upper_activity_half,10.0,1867.1374398469925,0.3662109375,683.766152287717,False,True,0.9459487095074144,1.0299993645737573,9,0,18,1.6619856186733815,l(r:p1udm823-p1ulv1893),273.95054154652917,8162.96138802195,True,0.9750395000492958,1.0299994698117627,0,0,18,0.9999999161026647,recloser_disswitch(r:p1udt228-p1udt62)p1u_12237,179.373939752935,6885.131143212697
16,49408,2023-08-22T09:00,upper_activity_half,1.0,197.64600601792336,1.0,197.64600601792336,True,True,0.9859007091899538,1.0299995111820814,0,0,18,0.9353710808928014,recloser_disswitch(r:p1udt228-p1udt62)p1u_12237,150.88175322076248,6370.64448850879,True,0.9859007091899538,1.0299995111820814,0,0,18,0.9353710808928014,recloser_disswitch(r:p1udt228-p1udt62)p1u_12237,150.88175322076248,6370.64448850879
16,49408,2023-08-22T09:00,upper_activity_half,3.0,592.9380180537701,1.0,592.9380180537701,True,True,0.973358466523662,1.0299994771646084,0,0,18,0.9815737683335943,recloser_disswitch(r:p1udt228-p1udt62)p1u_12237,176.05950528707478,6790.813805230845,True,0.973358466523662,1.0299994771646084,0,0,18,0.9815737683335943,recloser_disswitch(r:p1udt228-p1udt62)p1u_12237,176.05950528707478,6790.813805230845
16,49408,2023-08-22T09:00,upper_activity_half,5.0,988.2300300896168,0.7574462890625,748.5311690315029,False,True,0.9597767024786857,1.0299994422942476,0,0,18,1.029096979853272,l(r:p1udt104-p1uhs0_1247)_cont,205.89929371237423,7215.863097090084,True,0.9680709077146458,1.0299994635222738,0,0,18,0.9999997439773187,recloser_disswitch(r:p1udt228-p1udt62)p1u_12237,187.24755067539493,6957.7695260782875
16,49408,2023-08-22T09:00,upper_activity_half,10.0,1976.4600601792336,0.37872314453125,748.5311690315029,False,True,0.9231427922538098,1.0299993510718697,15,0,18,1.8525757455959266,l(r:p1udm823-p1ulv1893),302.8879218474804,8301.312124458022,True,0.9680709197945847,1.0299994635223115,0,0,18,0.9999996821285835,recloser_disswitch(r:p1udt228-p1udt62)p1u_12237,187.2475137368348,6957.7690877912255
16,49409,2023-08-22T10:00,upper_activity_half,1.0,219.909832239151,1.0,219.909832239151,True,True,0.9838540579440147,1.0299995092907606,0,0,18,0.9405534601631504,recloser_disswitch(r:p1udt228-p1udt62)p1u_12237,152.30170343703378,6394.363416020941,True,0.9838540579440147,1.0299995092907606,0,0,18,0.9405534601631504,recloser_disswitch(r:p1udt228-p1udt62)p1u_12237,152.30170343703378,6394.363416020941
16,49409,2023-08-22T10:00,upper_activity_half,3.0,659.729496717453,1.0,659.729496717453,True,True,0.96954479672592,1.0299994713906815,0,0,18,0.9972970652078489,recloser_disswitch(r:p1udt228-p1udt62)p1u_12237,181.08861525117524,6862.599434379487,True,0.96954479672592,1.0299994713906815,0,0,18,0.9972970652078489,recloser_disswitch(r:p1udt228-p1udt62)p1u_12237,181.08861525117524,6862.599434379487
16,49409,2023-08-22T10:00,upper_activity_half,5.0,1099.549161195755,0.61859130859375,680.1715544872422,False,True,0.9545923991431368,1.0299994324387545,0,0,18,1.0551411533379063,recloser_disswitch(r:p1udt228-p1udt62)p1u_12237,215.7115763072164,7337.221453842053,True,0.9688590785078205,1.029999469584785,0,0,18,0.9999938117423279,recloser_disswitch(r:p1udt228-p1udt62)p1u_12237,182.57825115332776,6884.7401954114675
16,49409,2023-08-22T10:00,upper_activity_half,10.0,2199.09832239151,0.30926513671875,680.1044433323841,False,True,0.9137775765680348,1.0299993301798893,12,0,18,1.5413559137305883,l(r:p1udm823-p1ulv1893),330.84082891702786,8551.877244394742,True,0.9688613140715864,1.029999469590655,0,0,18,0.9999850618644259,recloser_disswitch(r:p1udt228-p1udt62)p1u_12237,182.5733759341755,6884.668213583415
16,49410,2023-08-22T11:00,upper_activity_half,1.0,204.56667828559875,1.0,204.56667828559875,True,True,0.9850301967720829,1.029999510656643,0,0,18,0.9393782918772399,recloser_disswitch(r:p1udt228-p1udt62)p1u_12237,151.05820989597618,6377.759975131739,True,0.9850301967720829,1.029999510656643,0,0,18,0.9393782918772399,recloser_disswitch(r:p1udt228-p1udt62)p1u_12237,151.05820989597618,6377.759975131739
16,49410,2023-08-22T11:00,upper_activity_half,3.0,613.7000348567963,1.0,613.7000348567963,True,True,0.9732107528509403,1.0299994756271253,0,0,18,0.993648140118263,recloser_disswitch(r:p1udt228-p1udt62)p1u_12237,176.47353272682756,6811.994611707598,True,0.9732107528509403,1.0299994756271253,0,0,18,0.993648140118263,recloser_disswitch(r:p1udt228-p1udt62)p1u_12237,176.47353272682756,6811.994611707598
16,49410,2023-08-22T11:00,upper_activity_half,5.0,1022.8333914279938,0.64617919921875,660.9336618071393,False,True,0.9609674269347415,1.0299994397906078,0,0,18,1.0487634276864135,recloser_disswitch(r:p1udt228-p1udt62)p1u_12237,206.3994321909681,7250.975454411256,True,0.9718153537486715,1.0299994715148324,0,0,18,0.9999965662890942,recloser_disswitch(r:p1udt228-p1udt62)p1u_12237,179.7041577656211,6862.628206700133
16,49410,2023-08-22T11:00,upper_activity_half,10.0,2045.6667828559875,0.32305908203125,660.8712330112758,False,True,0.9275163560127554,1.0299993463728645,12,0,18,1.2247229611732628,l(r:p1udm823-p1ulv1893),302.92352385819987,8370.553392868636,True,0.9718171967393227,1.0299994715202538,0,0,18,0.9999882118879199,recloser_disswitch(r:p1udt228-p1udt62)p1u_12237,179.69985548317766,6862.561488018753
16,49458,2023-08-24T11:00,upper_activity_half,1.0,192.7057340145111,1.0,192.7057340145111,True,True,0.9849456737753304,1.0299995116842369,0,0,18,0.9391616054727581,recloser_disswitch(r:p1udt228-p1udt62)p1u_12237,150.33418450721058,6365.162039330021,True,0.9849456737753304,1.0299995116842369,0,0,18,0.9391616054727581,recloser_disswitch(r:p1udt228-p1udt62)p1u_12237,150.33418450721058,6365.162039330021
16,49458,2023-08-24T11:00,upper_activity_half,3.0,578.1172020435333,1.0,578.1172020435333,True,True,0.9715438272047434,1.0299994787419935,0,0,18,0.9930064753414927,recloser_disswitch(r:p1udt228-p1udt62)p1u_12237,174.19310483450192,6774.141282957984,True,0.9715438272047434,1.0299994787419935,0,0,18,0.9930064753414927,recloser_disswitch(r:p1udt228-p1udt62)p1u_12237,174.19310483450192,6774.141282957984
16,49458,2023-08-24T11:00,upper_activity_half,5.0,963.5286700725555,0.6512451171875,627.4933416549175,False,True,0.9566169474739246,1.0299994450201126,0,0,18,1.047735341079712,recloser_disswitch(r:p1udt228-p1udt62)p1u_12237,202.44932739178373,7187.9475939628755,True,0.9696631757649876,1.0299994744514989,0,0,18,0.9999934886303433,recloser_disswitch(r:p1udt228-p1udt62)p1u_12237,177.5709853978386,6827.055067750758
16,49458,2023-08-24T11:00,upper_activity_half,10.0,1927.057340145111,0.32562255859375,627.4933416549175,False,True,0.9160680329558896,1.0299993571334969,12,0,18,1.3280141783215573,l(r:p1udt62lv-p1ulv157),294.44397416383566,8243.45951116909,True,0.9696631879038761,1.029999474451531,0,0,18,0.9999934325126758,recloser_disswitch(r:p1udt228-p1udt62)p1u_12237,177.5709495016228,6827.0546851640975
16,49459,2023-08-24T12:00,upper_activity_half,1.0,189.81134700775146,1.0,189.81134700775146,True,True,0.9857070173145877,1.0299995119565954,0,0,18,0.9373765908415388,recloser_disswitch(r:p1udt228-p1udt62)p1u_12237,149.97734753275103,6361.899642077042,True,0.9857070173145877,1.0299995119565954,0,0,18,0.9373765908415388,recloser_disswitch(r:p1udt228-p1udt62)p1u_12237,149.97734753275103,6361.899642077042
16,49459,2023-08-24T12:00,upper_activity_half,3.0,569.4340410232544,1.0,569.4340410232544,True,True,0.9711454713576774,1.0299994796539247,0,0,18,0.9875095137102481,recloser_disswitch(r:p1udt228-p1udt62)p1u_12237,172.51178382619463,6763.792977514215,True,0.9711454713576774,1.0299994796539247,0,0,18,0.9875095137102481,recloser_disswitch(r:p1udt228-p1udt62)p1u_12237,172.51178382619463,6763.792977514215
16,49459,2023-08-24T12:00,upper_activity_half,5.0,949.0567350387573,0.69866943359375,663.0769315178622,False,True,0.9559308364668281,1.0299994467180453,0,0,18,1.0383038167166345,recloser_disswitch(r:p1udt228-p1udt62)p1u_12237,198.5589741142899,7169.5887836079155,True,0.9674506568344956,1.029999471576556,0,0,18,0.999999062292813,recloser_disswitch(r:p1udt228-p1udt62)p1u_12237,178.61066271871297,6863.677988775663
16,49459,2023-08-24T12:00,upper_activity_half,10.0,1898.1134700775146,0.34930419921875,663.019005691749,False,True,0.9145571618368099,1.0299993615165053,6,0,18,1.355085822060413,l(r:p1udt62lv-p1ulv157),280.5663522992671,8200.646176994433,True,0.967452951565361,1.0299994715815561,0,0,18,0.9999913373857632,recloser_disswitch(r:p1udt228-p1udt62)p1u_12237,178.606822442688,6863.6162268857115
16,49553,2023-08-28T10:00,upper_activity_half,1.0,197.9076976776123,1.0,197.9076976776123,True,True,0.986157042145313,1.0299995111640476,0,0,18,0.9359372071058638,recloser_disswitch(r:p1udt228-p1udt62)p1u_12237,150.77149149452794,6370.793461127298,True,0.986157042145313,1.0299995111640476,0,0,18,0.9359372071058638,recloser_disswitch(r:p1udt228-p1udt62)p1u_12237,150.77149149452794,6370.793461127298
16,49553,2023-08-28T10:00,upper_activity_half,3.0,593.7230930328369,1.0,593.7230930328369,True,True,0.9763258553506892,1.0299994771836452,0,0,18,0.9832092230037557,recloser_disswitch(r:p1udt228-p1udt62)p1u_12237,175.22046742162678,6790.771175243869,True,0.9763258553506892,1.0299994771836452,0,0,18,0.9832092230037557,recloser_disswitch(r:p1udt228-p1udt62)p1u_12237,175.22046742162678,6790.771175243869
16,49553,2023-08-28T10:00,upper_activity_half,5.0,989.5384883880615,0.740478515625,732.7319910353981,False,True,0.9649114595312839,1.029999442459779,0,0,18,1.0311386412359247,recloser_disswitch(r:p1udt228-p1udt62)p1u_12237,203.5904650672681,7214.888317764616,True,0.9723558166383636,1.0299994650561088,0,0,18,0.9999971896011073,recloser_disswitch(r:p1udt228-p1udt62)p1u_12237,184.7396666896014,6939.462446436804
16,49553,2023-08-28T10:00,upper_activity_half,10.0,1979.076976776123,0.3702392578125,732.7319910353981,False,True,0.9345563909838261,1.0299993522040105,6,0,18,1.233729135384221,l(r:p1udm823-p1ulv1893),293.01818116737945,8293.90875245877,True,0.972355807727865,1.0299994650560742,0,0,18,0.9999972454892513,recloser_disswitch(r:p1udt228-p1udt62)p1u_12237,184.73969063923818,6939.4628552388995
16,49846,2023-09-09T15:00,lower_activity_half,1.0,30.41227789223194,1.0,30.41227789223194,True,True,0.9884709738246535,1.029999525342886,0,0,18,0.9167982554092442,recloser_disswitch(r:p1udt228-p1udt62)p1u_12237,141.6195562902799,6194.194256091338,True,0.9884709738246535,1.029999525342886,0,0,18,0.9167982554092442,recloser_disswitch(r:p1udt228-p1udt62)p1u_12237,141.6195562902799,6194.194256091338
16,49846,2023-09-09T15:00,lower_activity_half,3.0,91.23683367669582,1.0,91.23683367669582,True,True,0.9867996144037952,1.0299995202194498,0,0,18,0.9253724343947863,recloser_disswitch(r:p1udt228-p1udt62)p1u_12237,145.08286215886164,6258.292916732128,True,0.9867996144037952,1.0299995202194498,0,0,18,0.9253724343947863,recloser_disswitch(r:p1udt228-p1udt62)p1u_12237,145.08286215886164,6258.292916732128
16,49846,2023-09-09T15:00,lower_activity_half,5.0,152.0613894611597,1.0,152.0613894611597,True,True,0.9841073947869842,1.0299995150503523,0,0,18,0.9340106369461072,recloser_disswitch(r:p1udt228-p1udt62)p1u_12237,148.73737454467735,6322.769939672056,True,0.9841073947869842,1.0299995150503523,0,0,18,0.9340106369461072,recloser_disswitch(r:p1udt228-p1udt62)p1u_12237,148.73737454467735,6322.769939672056
16,49846,2023-09-09T15:00,lower_activity_half,10.0,304.1227789223194,1.0,304.1227789223194,True,True,0.9772803282110655,1.0299995019955215,0,0,18,0.9557593483614203,recloser_disswitch(r:p1udt228-p1udt62)p1u_12237,158.68907847127227,6484.739908501737,True,0.9772803282110655,1.0299995019955215,0,0,18,0.9557593483614203,recloser_disswitch(r:p1udt228-p1udt62)p1u_12237,158.68907847127227,6484.739908501737
16,50168,2023-09-23T01:00,lower_activity_half,1.0,8.444974184036255,1.0,8.444974184036255,True,True,0.9892619917528156,1.0299995271970102,0,0,18,0.9139031120085322,recloser_disswitch(r:p1udt228-p1udt62)p1u_12237,140.4230192687276,6170.931899242647,True,0.9892619917528156,1.0299995271970102,0,0,18,0.9139031120085322,recloser_disswitch(r:p1udt228-p1udt62)p1u_12237,140.4230192687276,6170.931899242647
16,50168,2023-09-23T01:00,lower_activity_half,3.0,25.334922552108765,1.0,25.334922552108765,True,True,0.988716288460135,1.0299995257802745,0,0,18,0.9167015857324995,recloser_disswitch(r:p1udt228-p1udt62)p1u_12237,141.39374404654953,6188.644384075354,True,0.988716288460135,1.0299995257802745,0,0,18,0.9167015857324995,recloser_disswitch(r:p1udt228-p1udt62)p1u_12237,141.39374404654953,6188.644384075354
16,50168,2023-09-23T01:00,lower_activity_half,5.0,42.224870920181274,1.0,42.224870920181274,True,True,0.9873203946947893,1.0299995243458222,0,0,18,0.9195294387974615,recloser_disswitch(r:p1udt228-p1udt62)p1u_12237,142.40429162684876,6206.540540379873,True,0.9873203946947893,1.0299995243458222,0,0,18,0.9195294387974615,recloser_disswitch(r:p1udt228-p1udt62)p1u_12237,142.40429162684876,6206.540540379873
16,50168,2023-09-23T01:00,lower_activity_half,10.0,84.44974184036255,1.0,84.44974184036255,True,True,0.98380136530142,1.0299995207273012,0,0,18,0.926642212717875,recloser_disswitch(r:p1udt228-p1udt62)p1u_12237,145.08137941631892,6251.507638873041,True,0.98380136530142,1.0299995207273012,0,0,18,0.926642212717875,recloser_disswitch(r:p1udt228-p1udt62)p1u_12237,145.08137941631892,6251.507638873041
16,51647,2023-11-23T16:00,lower_activity_half,1.0,17.233353793621063,1.0,17.233353793621063,True,True,0.9890753417361409,1.0299995264656399,0,0,18,0.9153509717429625,recloser_disswitch(r:p1udt228-p1udt62)p1u_12237,140.86375568136324,6180.104785526792,True,0.9890753417361409,1.0299995264656399,0,0,18,0.9153509717429625,recloser_disswitch(r:p1udt228-p1udt62)p1u_12237,140.86375568136324,6180.104785526792
16,51647,2023-11-23T16:00,lower_activity_half,3.0,51.70006138086319,1.0,51.70006138086319,True,True,0.9886307367655335,1.0299995235628472,0,0,18,0.9210768915138899,recloser_disswitch(r:p1udt228-p1udt62)p1u_12237,142.80392910029664,6216.339793062232,True,0.9886307367655335,1.0299995235628472,0,0,18,0.9210768915138899,recloser_disswitch(r:p1udt228-p1udt62)p1u_12237,142.80392910029664,6216.339793062232
16,51647,2023-11-23T16:00,lower_activity_half,5.0,86.16676896810532,1.0,86.16676896810532,True,True,0.988180665542682,1.0299995206056463,0,0,18,0.9268847956944447,recloser_disswitch(r:p1udt228-p1udt62)p1u_12237,144.90602812397003,6253.0525554034875,True,0.988180665542682,1.0299995206056463,0,0,18,0.9268847956944447,recloser_disswitch(r:p1udt228-p1udt62)p1u_12237,144.90602812397003,6253.0525554034875
16,51647,2023-11-23T16:00,lower_activity_half,10.0,172.33353793621063,1.0,172.33353793621063,True,True,0.9822049568375824,1.0299995131196675,0,0,18,0.9414881647377858,recloser_disswitch(r:p1udt228-p1udt62)p1u_12237,150.80530673008437,6345.091883697744,True,0.9822049568375824,1.0299995131196675,0,0,18,0.9414881647377858,recloser_disswitch(r:p1udt228-p1udt62)p1u_12237,150.80530673008437,6345.091883697744
17,44103,2023-01-13T08:00,lower_activity_half,1.0,79.95436143875122,1.0,79.95436143875122,True,True,0.9859055581113711,1.0299995211161397,0,0,18,0.9218102706226168,recloser_disswitch(r:p1udt228-p1udt62)p1u_12237,144.56500957018238,6246.526683190381,True,0.9859055581113711,1.0299995211161397,0,0,18,0.9218102706226168,recloser_disswitch(r:p1udt228-p1udt62)p1u_12237,144.56500957018238,6246.526683190381
17,44103,2023-01-13T08:00,lower_activity_half,3.0,239.86308431625366,1.0,239.86308431625366,True,True,0.9755135103918908,1.0299995073109485,0,0,18,0.94067663834574,recloser_disswitch(r:p1udt228-p1udt62)p1u_12237,155.0409829256543,6416.82583690906,True,0.9755135103918908,1.0299995073109485,0,0,18,0.94067663834574,recloser_disswitch(r:p1udt228-p1udt62)p1u_12237,155.0409829256543,6416.82583690906
17,44103,2023-01-13T08:00,lower_activity_half,5.0,399.7718071937561,1.0,399.7718071937561,True,True,0.964001879055319,1.0299994931976446,0,0,18,0.9598784119056475,recloser_disswitch(r:p1udt228-p1udt62)p1u_12237,167.25504754189365,6588.919626557591,True,0.964001879055319,1.0299994931976446,0,0,18,0.9598784119056475,recloser_disswitch(r:p1udt228-p1udt62)p1u_12237,167.25504754189365,6588.919626557591
17,44103,2023-01-13T08:00,lower_activity_half,10.0,799.5436143875122,0.73321533203125,586.2376366966055,False,True,0.9331584517067255,1.029999456439174,6,0,18,1.2453909382211357,l(r:p1udm721-p1ulv530),206.18947945864218,7027.655190809162,True,0.9500011388489437,1.0299994763179863,0,0,18,0.9827363342044081,recloser_disswitch(r:p1udt228-p1udt62)p1u_12237,183.85307054088446,6792.081101945715
17,44752,2023-02-09T09:00,lower_activity_half,1.0,125.63688196241856,1.0,125.63688196241856,True,True,0.9868458409887509,1.029999517315861,0,0,18,0.9272870412113903,recloser_disswitch(r:p1udt228-p1udt62)p1u_12237,146.64990454852452,6294.42917318444,True,0.9868458409887509,1.029999517315861,0,0,18,0.9272870412113903,recloser_disswitch(r:p1udt228-p1udt62)p1u_12237,146.64990454852452,6294.42917318444
17,44752,2023-02-09T09:00,lower_activity_half,3.0,376.91064588725567,1.0,376.91064588725567,True,True,0.974919867054757,1.0299994958859955,0,0,18,0.9570751408047411,recloser_disswitch(r:p1udt228-p1udt62)p1u_12237,161.605440384881,6560.413384527358,True,0.974919867054757,1.0299994958859955,0,0,18,0.9570751408047411,recloser_disswitch(r:p1udt228-p1udt62)p1u_12237,161.605440384881,6560.413384527358
17,44752,2023-02-09T09:00,lower_activity_half,5.0,628.1844098120928,1.0,628.1844098120928,True,True,0.962557667413652,1.0299994740530958,0,0,18,0.9872678351958929,recloser_disswitch(r:p1udt228-p1udt62)p1u_12237,178.76016298880057,6828.805672847336,True,0.962557667413652,1.0299994740530958,0,0,18,0.9872678351958929,recloser_disswitch(r:p1udt228-p1udt62)p1u_12237,178.76016298880057,6828.805672847336
17,44752,2023-02-09T09:00,lower_activity_half,10.0,1256.3688196241856,0.5833740234375,732.9329332255838,False,True,0.9294523686321455,1.0299994176168616,6,0,18,1.1792843787469132,l(r:p1udm822-p1ulv579),232.14661602370526,7510.4254502156455,True,0.9572587089690378,1.0299994648189479,0,0,18,0.9999931435677359,recloser_disswitch(r:p1udt228-p1udt62)p1u_12237,186.5983020557095,6941.522197870012
17,46073,2023-04-05T10:00,upper_activity_half,1.0,190.9374189376831,1.0,190.9374189376831,True,True,0.9776240696149668,1.0299995116227787,0,0,18,0.9404655467984985,recloser_disswitch(r:p1udt228-p1udt62)p1u_12237,151.54812791501251,6364.6409311749585,True,0.9776240696149668,1.0299995116227787,0,0,18,0.9404655467984985,recloser_disswitch(r:p1udt228-p1udt62)p1u_12237,151.54812791501251,6364.6409311749585
17,46073,2023-04-05T10:00,upper_activity_half,3.0,572.8122568130493,0.9075927734375,519.8802648199489,False,True,0.9453305398950033,1.0299994778519257,6,0,18,0.9978514710780239,recloser_disswitch(r:p1udt228-p1udt62)p1u_12237,182.24991088422203,6777.019452048654,True,0.9500025143475287,1.0299994826382843,0,0,18,0.9897679717085618,recloser_disswitch(r:p1udt228-p1udt62)p1u_12237,177.3463238128535,6719.217297160419
17,46073,2023-04-05T10:00,upper_activity_half,5.0,954.6870946884155,0.5445556640625,519.8802648199489,False,True,0.9093417480574194,1.0299994421365883,6,0,18,1.488614866184213,l(r:p1udt258lv-p1ulv646),224.76051025236288,7201.420052784216,True,0.9500024959991488,1.0299994826382646,0,0,18,0.9897680133498671,recloser_disswitch(r:p1udt228-p1udt62)p1u_12237,177.3463285843166,6719.217530767289
17,46073,2023-04-05T10:00,upper_activity_half,10.0,1909.374189376831,0.27227783203125,519.8802648199489,False,True,0.7958936217912469,1.0299993416383793,18,0,18,3.1046117587388165,l(r:p1udt258lv-p1ulv646),404.4300259565168,8325.935357063086,True,0.9500025410497847,1.0299994826383136,0,0,18,0.989767919848707,recloser_disswitch(r:p1udt228-p1udt62)p1u_12237,177.34629952704245,6719.216955937205
17,46294,2023-04-14T15:00,lower_activity_half,1.0,91.37446284294128,1.0,91.37446284294128,True,True,0.987412065406516,1.0299995201145256,0,0,18,0.9224676211749961,recloser_disswitch(r:p1udt228-p1udt62)p1u_12237,145.2835205439849,6258.770828353392,True,0.987412065406516,1.0299995201145256,0,0,18,0.9224676211749961,recloser_disswitch(r:p1udt228-p1udt62)p1u_12237,145.2835205439849,6258.770828353392
17,46294,2023-04-14T15:00,lower_activity_half,3.0,274.12338852882385,1.0,274.12338852882385,True,True,0.9820627214100094,1.0299995043732122,0,0,18,0.9425187947672138,recloser_disswitch(r:p1udt228-p1udt62)p1u_12237,156.8792904871877,6452.921993598009,True,0.9820627214100094,1.0299995043732122,0,0,18,0.9425187947672138,recloser_disswitch(r:p1udt228-p1udt62)p1u_12237,156.8792904871877,6452.921993598009
17,46294,2023-04-14T15:00,lower_activity_half,5.0,456.8723142147064,0.95965576171875,438.4401487059222,False,True,0.9761078748759952,1.029999488376464,0,0,18,1.0131455983447364,l(r:p1udt175lv-p1ulv493),169.7638478624273,6648.535189402215,True,0.9767117987736602,1.029999489993088,0,0,18,0.9999970917737154,l(r:p1udt175lv-p1ulv493),168.4101023354974,6628.840648667105
17,46294,2023-04-14T15:00,lower_activity_half,10.0,913.7446284294128,0.47979736328125,438.4122634328378,False,True,0.9590567022046397,1.0299994472699159,0,0,18,1.3461026050637293,l(r:p1udm822-p1ulv579),207.86315006406778,7143.56108633347,True,0.9767127140782735,1.029999489995544,0,0,18,0.9999771693318221,l(r:p1udt175lv-p1ulv493),168.4080675783326,6628.810720973689
17,46385,2023-04-18T10:00,upper_activity_half,1.0,188.02274084091187,1.0,188.02274084091187,True,True,0.9857463347971333,1.029999512052132,0,0,18,0.9342378699600602,recloser_disswitch(r:p1udt228-p1udt62)p1u_12237,149.81518093804667,6359.9172437845955,True,0.9857463347971333,1.029999512052132,0,0,18,0.9342378699600602,recloser_disswitch(r:p1udt228-p1udt62)p1u_12237,149.81518093804667,6359.9172437845955
17,46385,2023-04-18T10:00,upper_activity_half,3.0,564.0682225227356,1.0,564.0682225227356,True,True,0.9762033690222928,1.0299994799339331,0,0,18,0.9780103362855727,recloser_disswitch(r:p1udt228-p1udt62)p1u_12237,171.75983303450312,6757.674810813024,True,0.9762033690222928,1.0299994799339331,0,0,18,0.9780103362855727,recloser_disswitch(r:p1udt228-p1udt62)p1u_12237,171.75983303450312,6757.674810813024
17,46385,2023-04-18T10:00,upper_activity_half,5.0,940.1137042045593,0.77215576171875,725.9142133723071,False,True,0.9652317675547691,1.029999447210866,0,0,18,1.1234207658615498,l(r:p1udm822-p1ulv579),196.7872705008357,7158.69142339039,True,0.9715214022488496,1.0299994659088962,0,0,18,0.9999790006954704,l(r:p1udm822-p1ulv579),182.15599342033207,6930.060589152735
17,46385,2023-04-18T10:00,upper_activity_half,10.0,1880.2274084091187,0.38604736328125,725.8568333854782,False,True,0.9360920330003939,1.029999362607843,6,0,18,1.6773492319389232,l(r:p1udm822-p1ulv579),273.84645508642416,8175.9212051835975,True,0.9715230726764881,1.0299994659138834,0,0,18,0.9999460445708153,l(r:p1udm822-p1ulv579),182.1522078887537,6929.999429958538
17,46413,2023-04-19T14:00,lower_activity_half,1.0,57.698155641555786,1.0,57.698155641555786,True,True,0.9875282324322932,1.0299995229930012,0,0,18,0.9206139953051335,recloser_disswitch(r:p1udt228-p1udt62)p1u_12237,143.3413274157142,6223.192485249797,True,0.9875282324322932,1.0299995229930012,0,0,18,0.9206139953051335,recloser_disswitch(r:p1udt228-p1udt62)p1u_12237,143.3413274157142,6223.192485249797
17,46413,2023-04-19T14:00,lower_activity_half,3.0,173.09446692466736,1.0,173.09446692466736,True,True,0.9799228456330862,1.0299995130709894,0,0,18,0.9369378673272778,recloser_disswitch(r:p1udt228-p1udt62)p1u_12237,150.83798890892584,6345.878298954304,True,0.9799228456330862,1.0299995130709894,0,0,18,0.9369378673272778,recloser_disswitch(r:p1udt228-p1udt62)p1u_12237,150.83798890892584,6345.878298954304
17,46413,2023-04-19T14:00,lower_activity_half,5.0,288.49077820777893,1.0,288.49077820777893,True,True,0.9711492176870586,1.0299995029650792,0,0,18,0.9534912873280865,recloser_disswitch(r:p1udt228-p1udt62)p1u_12237,159.34787321749937,6469.770373964394,True,0.9711492176870586,1.0299995029650792,0,0,18,0.9534912873280865,recloser_disswitch(r:p1udt228-p1udt62)p1u_12237,159.34787321749937,6469.770373964394
17,46413,2023-04-19T14:00,lower_activity_half,10.0,576.9815564155579,0.96026611328125,554.055836614134,False,True,0.9481103375083472,1.0299994769049612,6,0,18,0.9958333736297384,recloser_disswitch(r:p1udt228-p1udt62)p1u_12237,185.35215788396482,6784.296953814253,True,0.9500011216367311,1.029999479016673,0,0,18,0.9924208538538667,recloser_disswitch(r:p1udt228-p1udt62)p1u_12237,183.02682492600914,6759.073062188374
17,46948,2023-05-11T21:00,lower_activity_half,1.0,43.385165214538574,1.0,43.385165214538574,True,True,0.9891065737197154,1.0299995242563347,0,0,18,0.918142155162912,recloser_disswitch(r:p1udt228-p1udt62)p1u_12237,142.21620913968965,6207.736996512417,True,0.9891065737197154,1.0299995242563347,0,0,18,0.918142155162912,recloser_disswitch(r:p1udt228-p1udt62)p1u_12237,142.21620913968965,6207.736996512417
17,46948,2023-05-11T21:00,lower_activity_half,3.0,130.15549564361572,1.0,130.15549564361572,True,True,0.9861333046095316,1.0299995169498828,0,0,18,0.9294143737175087,recloser_disswitch(r:p1udt228-p1udt62)p1u_12237,146.88339678506364,6299.006261159377,True,0.9861333046095316,1.0299995169498828,0,0,18,0.9294143737175087,recloser_disswitch(r:p1udt228-p1udt62)p1u_12237,146.88339678506364,6299.006261159377
17,46948,2023-05-11T21:00,lower_activity_half,5.0,216.92582607269287,1.0,216.92582607269287,True,True,0.98298877718941,1.0299995095944123,0,0,18,0.9407466161868389,recloser_disswitch(r:p1udt228-p1udt62)p1u_12237,151.75028833730082,6390.640903267004,True,0.98298877718941,1.0299995095944123,0,0,18,0.9407466161868389,recloser_disswitch(r:p1udt228-p1udt62)p1u_12237,151.75028833730082,6390.640903267004
17,46948,2023-05-11T21:00,lower_activity_half,10.0,433.85165214538574,0.872802734375,378.666908305604,False,True,0.975001550043319,1.0299994910524397,0,0,18,1.0456453228649445,l(r:p1udt175lv-p1ulv493),164.77180571094436,6620.532128012191,True,0.9770494433525729,1.029999495785119,0,0,18,0.9999874892374581,l(r:p1udt175lv-p1ulv493),161.34524071314783,6562.002693790205
17,47304,2023-05-26T17:00,lower_activity_half,1.0,83.14106774330139,1.0,83.14106774330139,True,True,0.9885865026960906,1.0299995208707857,0,0,18,0.9217413895582793,recloser_disswitch(r:p1udt228-p1udt62)p1u_12237,144.5029986372824,6249.7083439317175,True,0.9885865026960906,1.0299995208707857,0,0,18,0.9217413895582793,recloser_disswitch(r:p1udt228-p1udt62)p1u_12237,144.5029986372824,6249.7083439317175
17,47304,2023-05-26T17:00,lower_activity_half,3.0,249.42320322990417,1.0,249.42320322990417,True,True,0.9817732164023643,1.0299995066793315,0,0,18,0.9403250163954482,recloser_disswitch(r:p1udt228-p1udt62)p1u_12237,154.29347102521132,6425.651350074787,True,0.9817732164023643,1.0299995066793315,0,0,18,0.9403250163954482,recloser_disswitch(r:p1udt228-p1udt62)p1u_12237,154.29347102521132,6425.651350074787
17,47304,2023-05-26T17:00,lower_activity_half,5.0,415.70533871650696,1.0,415.70533871650696,True,True,0.9743169810765709,1.029999492306824,0,0,18,0.959078054567403,recloser_disswitch(r:p1udt228-p1udt62)p1u_12237,165.0257818737934,6602.651942508566,True,0.9743169810765709,1.029999492306824,0,0,18,0.959078054567403,recloser_disswitch(r:p1udt228-p1udt62)p1u_12237,165.0257818737934,6602.651942508566
17,47304,2023-05-26T17:00,lower_activity_half,10.0,831.4106774330139,0.76007080078125,631.9309793745924,False,True,0.9549158172766323,1.029999455581764,0,0,18,1.0992802104063686,l(r:p1udt175lv-p1ulv493),196.16903207791225,7049.545026499747,True,0.9643650969976386,1.0299994733441615,0,0,18,0.9999968831637853,l(r:p1udt175lv-p1ulv493),180.43894351169737,6834.360313297535
17,47458,2023-06-02T03:00,lower_activity_half,1.0,11.082432746887207,1.0,11.082432746887207,True,True,0.9892533533839267,1.0299995269664086,0,0,18,0.9125457730621345,recloser_disswitch(r:p1udt228-p1udt62)p1u_12237,140.4888451244134,6173.717799681054,True,0.9892533533839267,1.0299995269664086,0,0,18,0.9125457730621345,recloser_disswitch(r:p1udt228-p1udt62)p1u_12237,140.4888451244134,6173.717799681054
17,47458,2023-06-02T03:00,lower_activity_half,3.0,33.24729824066162,1.0,33.24729824066162,True,True,0.989168868787784,1.0299995251089624,0,0,18,0.9125876707926017,recloser_disswitch(r:p1udt228-p1udt62)p1u_12237,141.57644347842086,6196.72293405091,True,0.989168868787784,1.0299995251089624,0,0,18,0.9125876707926017,recloser_disswitch(r:p1udt228-p1udt62)p1u_12237,141.57644347842086,6196.72293405091
17,47458,2023-06-02T03:00,lower_activity_half,5.0,55.412163734436035,1.0,55.412163734436035,True,True,0.9890820021207668,1.0299995232241188,0,0,18,0.9126648534792066,recloser_disswitch(r:p1udt228-p1udt62)p1u_12237,142.70438003922897,6220.009526608737,True,0.9890820021207668,1.0299995232241188,0,0,18,0.9126648534792066,recloser_disswitch(r:p1udt228-p1udt62)p1u_12237,142.70438003922897,6220.009526608737
17,47458,2023-06-02T03:00,lower_activity_half,10.0,110.82432746887207,1.0,110.82432746887207,True,True,0.9888622190657055,1.0299995184704802,0,0,18,0.9128709317610842,recloser_disswitch(r:p1udt228-p1udt62)p1u_12237,145.6585481128109,6278.455656541959,True,0.9888622190657055,1.0299995184704802,0,0,18,0.9128709317610842,recloser_disswitch(r:p1udt228-p1udt62)p1u_12237,145.6585481128109,6278.455656541959
17,47868,2023-06-19T05:00,lower_activity_half,1.0,3.571868658065796,1.0,3.571868658065796,True,True,0.9891966208272974,1.029999527611276,0,0,18,0.9126547233196133,recloser_disswitch(r:p1udt228-p1udt62)p1u_12237,140.12867992843192,6165.714708110354,True,0.9891966208272974,1.029999527611276,0,0,18,0.9126547233196133,recloser_disswitch(r:p1udt228-p1udt62)p1u_12237,140.12867992843192,6165.714708110354
17,47868,2023-06-19T05:00,lower_activity_half,3.0,10.715605974197388,1.0,10.715605974197388,True,True,0.9889952097028476,1.0299995270109312,0,0,18,0.9129826428744329,recloser_disswitch(r:p1udt228-p1udt62)p1u_12237,140.49701649071815,6173.173500917431,True,0.9889952097028476,1.0299995270109312,0,0,18,0.9129826428744329,recloser_disswitch(r:p1udt228-p1udt62)p1u_12237,140.49701649071815,6173.173500917431
17,47868,2023-06-19T05:00,lower_activity_half,5.0,17.85934329032898,1.0,17.85934329032898,True,True,0.9887929558121133,1.0299995264056507,0,0,18,0.9133183133088595,recloser_disswitch(r:p1udt228-p1udt62)p1u_12237,140.87050238428952,6180.690125224313,True,0.9887929558121133,1.0299995264056507,0,0,18,0.9133183133088595,recloser_disswitch(r:p1udt228-p1udt62)p1u_12237,140.87050238428952,6180.690125224313
17,47868,2023-06-19T05:00,lower_activity_half,10.0,35.71868658065796,1.0,35.71868658065796,True,True,0.9882869320537118,1.029999524893651,0,0,18,0.9141521183998839,recloser_disswitch(r:p1udt228-p1udt62)p1u_12237,141.81390754837605,6199.445366418806,True,0.9882869320537118,1.029999524893651,0,0,18,0.9141521183998839,recloser_disswitch(r:p1udt228-p1udt62)p1u_12237,141.81390754837605,6199.445366418806
17,48214,2023-07-03T15:00,lower_activity_half,1.0,73.25083684921265,1.0,73.25083684921265,True,True,0.987969501568577,1.0299995217425806,0,0,18,0.9217227269198268,recloser_disswitch(r:p1udt228-p1udt62)p1u_12237,143.86327196922971,6238.944799241495,True,0.987969501568577,1.0299995217425806,0,0,18,0.9217227269198268,recloser_disswitch(r:p1udt228-p1udt62)p1u_12237,143.86327196922971,6238.944799241495
17,48214,2023-07-03T15:00,lower_activity_half,3.0,219.75251054763794,1.0,219.75251054763794,True,True,0.9852820338398174,1.029999509284033,0,0,18,0.9403431595538004,recloser_disswitch(r:p1udt228-p1udt62)p1u_12237,152.12877932258633,6393.827188088849,True,0.9852820338398174,1.029999509284033,0,0,18,0.9403431595538004,recloser_disswitch(r:p1udt228-p1udt62)p1u_12237,152.12877932258633,6393.827188088849
17,48214,2023-07-03T15:00,lower_activity_half,5.0,366.25418424606323,1.0,366.25418424606323,True,True,0.9819091241343381,1.0299994967319495,0,0,18,0.9829719784603369,l(r:p1udt175lv-p1ulv493),160.93657127309308,6549.128724616753,True,0.9819091241343381,1.0299994967319495,0,0,18,0.9829719784603369,l(r:p1udt175lv-p1ulv493),160.93657127309308,6549.128724616753
17,48214,2023-07-03T15:00,lower_activity_half,10.0,732.5083684921265,0.5286865234375,387.2673027269775,False,True,0.9714779588898071,1.029999464895073,0,0,18,1.2811961287588791,l(r:p1udt175lv-p1ulv493),185.41771993777581,6939.727410520146,True,0.9813186073020049,1.0299994949182574,0,0,18,0.9999728065311088,l(r:p1udt175lv-p1ulv493),162.24829179471953,6571.506223700061
17,48449,2023-07-13T10:00,upper_activity_half,1.0,185.93796157836914,1.0,185.93796157836914,True,True,0.9851624341214734,1.0299995121391305,0,0,18,0.9350720747333574,recloser_disswitch(r:p1udt228-p1udt62)p1u_12237,150.32896236337407,6358.31380687328,True,0.9851624341214734,1.0299995121391305,0,0,18,0.9350720747333574,recloser_disswitch(r:p1udt228-p1udt62)p1u_12237,150.32896236337407,6358.31380687328
17,48449,2023-07-13T10:00,upper_activity_half,3.0,557.8138847351074,1.0,557.8138847351074,True,True,0.9736167139959997,1.0299994801323484,0,0,18,0.9806215008345437,recloser_disswitch(r:p1udt228-p1udt62)p1u_12237,173.68672808451248,6753.331242564555,True,0.9736167139959997,1.0299994801323484,0,0,18,0.9806215008345437,recloser_disswitch(r:p1udt228-p1udt62)p1u_12237,173.68672808451248,6753.331242564555
17,48449,2023-07-13T10:00,upper_activity_half,5.0,929.6898078918457,0.68603515625,637.7998926211149,False,True,0.9616708350422177,1.0299994474438467,0,0,18,1.1867563857452557,l(r:p1udm822-p1ulv579),200.66709861380002,7152.120205010668,True,0.9710779225821703,1.0299994731432787,0,0,18,0.9999871142269895,l(r:p1udt175lv-p1ulv493),179.18865962551962,6838.9793159389055
17,48449,2023-07-13T10:00,upper_activity_half,10.0,1859.3796157836914,0.343017578125,637.7998926211149,False,True,0.929800303551196,1.0299993625344723,9,0,18,1.8052771309028712,l(r:p1udm822-p1ulv579),285.2782960282111,8166.4628649404685,True,0.9710779135859346,1.0299994731432456,0,0,18,0.9999872114999702,l(r:p1udt175lv-p1ulv493),179.18867822679178,6838.979707789584
17,48450,2023-07-13T11:00,upper_activity_half,1.0,197.65360134840012,1.0,197.65360134840012,True,True,0.9837097418124204,1.0299995111336073,0,0,18,0.9382240523720079,recloser_disswitch(r:p1udt228-p1udt62)p1u_12237,151.23391016934545,6371.012388244412,True,0.9837097418124204,1.0299995111336073,0,0,18,0.9382240523720079,recloser_disswitch(r:p1udt228-p1udt62)p1u_12237,151.23391016934545,6371.012388244412
17,48450,2023-07-13T11:00,upper_activity_half,3.0,592.9608040452003,1.0,592.9608040452003,True,True,0.9690932491803278,1.0299994769975562,0,0,18,0.9902564374619479,recloser_disswitch(r:p1udt228-p1udt62)p1u_12237,177.35609778179756,6792.1192794145,True,0.9690932491803278,1.0299994769975562,0,0,18,0.9902564374619479,recloser_disswitch(r:p1udt228-p1udt62)p1u_12237,177.35609778179756,6792.1192794145
17,48450,2023-07-13T11:00,upper_activity_half,5.0,988.2680067420006,0.673828125,665.9227779804496,False,True,0.9538056236663336,1.029999441940515,0,0,18,1.1051243146933971,l(r:p1udm822-p1ulv579),208.54519159541064,7218.777862410544,True,0.9663186437483717,1.0299994705805668,0,0,18,0.9999964047202365,recloser_disswitch(r:p1udt228-p1udt62)p1u_12237,182.73241001182294,6870.646012804139
17,48450,2023-07-13T11:00,upper_activity_half,10.0,1976.5360134840012,0.3369140625,665.9227779804496,False,True,0.9121546126859615,1.0299993500468942,15,0,18,1.6377573407390218,l(r:p1udm822-p1ulv579),311.21912814428026,8309.704943057772,True,0.9663186303694336,1.0299994705805287,0,0,18,0.9999964667995507,recloser_disswitch(r:p1udt228-p1udt62)p1u_12237,182.732444119761,6870.64646327158
17,49081,2023-08-08T18:00,upper_activity_half,1.0,184.03811740875244,1.0,184.03811740875244,True,True,0.985643090509728,1.0299995122883496,0,0,18,0.9342087635758458,recloser_disswitch(r:p1udt228-p1udt62)p1u_12237,150.22293500576643,6356.396416641009,True,0.985643090509728,1.0299995122883496,0,0,18,0.9342087635758458,recloser_disswitch(r:p1udt228-p1udt62)p1u_12237,150.22293500576643,6356.396416641009
17,49081,2023-08-08T18:00,upper_activity_half,3.0,552.1143522262573,1.0,552.1143522262573,True,True,0.9711733280366288,1.0299994805086945,0,0,18,0.9780866395534256,recloser_disswitch(r:p1udt228-p1udt62)p1u_12237,173.90372419880913,6747.837484141025,True,0.9711733280366288,1.0299994805086945,0,0,18,0.9780866395534256,recloser_disswitch(r:p1udt228-p1udt62)p1u_12237,173.90372419880913,6747.837484141025
17,49081,2023-08-08T18:00,upper_activity_half,5.0,920.1905870437622,0.6485595703125,596.7984117387095,False,True,0.9560472186122588,1.029999447876525,0,0,18,1.226773751071622,l(r:p1udm822-p1ulv579),202.05002991799253,7144.208210723499,True,0.9693687701631702,1.029999476577699,0,0,18,0.9999741460985843,l(r:p1udm822-p1ulv579),177.08673700857204,6795.875922498686
17,49081,2023-08-08T18:00,upper_activity_half,10.0,1840.3811740875244,0.32427978515625,596.7984117387095,False,True,0.9148738867988743,1.02999936238473,12,0,18,1.887856259190391,l(r:p1udm822-p1ulv579),294.0998604975847,8156.437000872113,True,0.9693687810872768,1.0299994765777325,0,0,18,0.9999740414841951,l(r:p1udm822-p1ulv579),177.08671121976192,6795.875524793626
17,49289,2023-08-17T10:00,upper_activity_half,1.0,186.71374398469925,1.0,186.71374398469925,True,True,0.9853640021220114,1.0299995121389212,0,0,18,0.9347111237209792,recloser_disswitch(r:p1udt228-p1udt62)p1u_12237,150.06218248993517,6358.892856880369,True,0.9853640021220114,1.0299995121389212,0,0,18,0.9347111237209792,recloser_disswitch(r:p1udt228-p1udt62)p1u_12237,150.06218248993517,6358.892856880369
17,49289,2023-08-17T10:00,upper_activity_half,3.0,560.1412319540977,1.0,560.1412319540977,True,True,0.9703064595733898,1.0299994801203736,0,0,18,0.9795347793506255,recloser_disswitch(r:p1udt228-p1udt62)p1u_12237,173.10059846435553,6755.07416849139,True,0.9703064595733898,1.0299994801203736,0,0,18,0.9795347793506255,recloser_disswitch(r:p1udt228-p1udt62)p1u_12237,173.10059846435553,6755.07416849139
17,49289,2023-08-17T10:00,upper_activity_half,5.0,933.5687199234962,0.6583251953125,614.5918098812763,False,True,0.9545468023508022,1.0299994473463918,0,0,18,1.2171757233117129,l(r:p1udm822-p1ulv579),200.14058657370674,7155.679306141352,True,0.9680491914873723,1.0299994753748942,0,0,18,0.9999857695767426,l(r:p1udm822-p1ulv579),176.7972659111203,6813.379831508124
17,49289,2023-08-17T10:00,upper_activity_half,10.0,1867.1374398469925,0.32916259765625,614.5918098812763,False,True,0.911525933700388,1.0299993619551617,6,0,18,1.867992673329736,l(r:p1udm822-p1ulv579),287.1464041255526,8176.243288712023,True,0.9680492031839867,1.0299994753749258,0,0,18,0.9999856669898364,l(r:p1udm822-p1ulv579),176.79725029743108,6813.37945920166
17,49408,2023-08-22T09:00,upper_activity_half,1.0,197.64600601792336,1.0,197.64600601792336,True,True,0.9822280225473399,1.0299995110945783,0,0,18,0.9378046625070975,recloser_disswitch(r:p1udt228-p1udt62)p1u_12237,151.5223510070335,6371.279082359837,True,0.9822280225473399,1.0299995110945783,0,0,18,0.9378046625070975,recloser_disswitch(r:p1udt228-p1udt62)p1u_12237,151.5223510070335,6371.279082359837
17,49408,2023-08-22T09:00,upper_activity_half,3.0,592.9380180537701,1.0,592.9380180537701,True,True,0.9603518985395705,1.0299994766514093,0,0,18,0.9892959639067674,recloser_disswitch(r:p1udt228-p1udt62)p1u_12237,179.57159937937348,6794.481603440363,True,0.9603518985395705,1.0299994766514093,0,0,18,0.9892959639067674,recloser_disswitch(r:p1udt228-p1udt62)p1u_12237,179.57159937937348,6794.481603440363
17,49408,2023-08-22T09:00,upper_activity_half,5.0,988.2300300896168,0.68182373046875,673.7986856769476,False,True,0.9369201901657628,1.029999440987454,6,0,18,1.0497887048332204,l(r:p1udt258lv-p1ulv646),214.78126830325425,7224.958677434382,True,0.9556925144654029,1.0299994694566998,0,0,18,0.9999954972150453,recloser_disswitch(r:p1udt228-p1udt62)p1u_12237,186.16719168051642,6881.956271453789
17,49408,2023-08-22T09:00,upper_activity_half,10.0,1976.4600601792336,0.34088134765625,673.7383689026501,False,True,0.8691805422922559,1.0299993454082406,18,0,18,2.0285823099035216,l(r:p1udt258lv-p1ulv646),340.95425941931137,8339.368056734955,True,0.9556960135043688,1.0299994694620838,0,0,18,0.999987498283478,recloser_disswitch(r:p1udt228-p1udt62)p1u_12237,186.16216225757995,6881.890931870465
17,49409,2023-08-22T10:00,upper_activity_half,1.0,219.909832239151,1.0,219.909832239151,True,True,0.9825730002240821,1.0299995092859153,0,0,18,0.942280888633413,recloser_disswitch(r:p1udt228-p1udt62)p1u_12237,152.38582595156814,6394.445134309552,True,0.9825730002240821,1.0299995092859153,0,0,18,0.942280888633413,recloser_disswitch(r:p1udt228-p1udt62)p1u_12237,152.38582595156814,6394.445134309552
17,49409,2023-08-22T10:00,upper_activity_half,3.0,659.729496717453,0.97015380859375,640.0390838820749,False,True,0.9614740353202367,1.0299994712338196,0,0,18,1.002732133517398,recloser_disswitch(r:p1udt228-p1udt62)p1u_12237,182.21121897425743,6863.912570135601,True,0.9624466151960551,1.0299994729613098,0,0,18,0.9999994407429215,recloser_disswitch(r:p1udt228-p1udt62)p1u_12237,180.72842302414816,6842.757898879068
17,49409,2023-08-22T10:00,upper_activity_half,5.0,1099.549161195755,0.58209228515625,640.0390838820749,False,True,0.9389549189335077,1.0299994319606878,6,0,18,1.0645748495223994,recloser_disswitch(r:p1udt228-p1udt62)p1u_12237,219.24105111114196,7340.737299063586,True,0.9624466149995232,1.0299994729613093,0,0,18,0.9999994412087777,recloser_disswitch(r:p1udt228-p1udt62)p1u_12237,180.72841977611748,6842.757903385773
17,49409,2023-08-22T10:00,upper_activity_half,10.0,2199.09832239151,0.291015625,639.9719727272168,False,True,0.8744356403452118,1.0299993274577979,23,0,18,1.9310232485612677,l(r:p1udt258lv-p1ulv646),349.6208777478185,8570.678910013215,True,0.9624498871940397,1.0299994729671138,0,0,18,0.9999902688403128,recloser_disswitch(r:p1udt228-p1udt62)p1u_12237,180.72345746170583,6842.686759339144
17,49410,2023-08-22T11:00,upper_activity_half,1.0,204.56667828559875,1.0,204.56667828559875,True,True,0.9837936659631175,1.0299995106212938,0,0,18,0.9362781281011586,recloser_disswitch(r:p1udt228-p1udt62)p1u_12237,151.18291498535618,6377.876539317569,True,0.9837936659631175,1.0299995106212938,0,0,18,0.9362781281011586,recloser_disswitch(r:p1udt228-p1udt62)p1u_12237,151.18291498535618,6377.876539317569
17,49410,2023-08-22T11:00,upper_activity_half,3.0,613.7000348567963,1.0,613.7000348567963,True,True,0.9653580535651944,1.029999475352195,0,0,18,0.9844559575624918,recloser_disswitch(r:p1udt228-p1udt62)p1u_12237,177.7616614877786,6813.25149872973,True,0.9653580535651944,1.029999475352195,0,0,18,0.9844559575624918,recloser_disswitch(r:p1udt228-p1udt62)p1u_12237,177.7616614877786,6813.25149872973
17,49410,2023-08-22T11:00,upper_activity_half,5.0,1022.8333914279938,0.69805908203125,713.9981382911355,False,True,0.9458376564385709,1.0299994389915998,6,0,18,1.1812967815447346,l(r:p1udm822-p1ulv579),210.27692011477822,7255.069093982497,True,0.9606710535841755,1.0299994665240482,0,0,18,0.9999707183228388,l(r:p1udm822-p1ulv579),185.17603314710135,6921.164561821838
17,49410,2023-08-22T11:00,upper_activity_half,10.0,2045.6667828559875,0.3489990234375,713.935709495272,False,True,0.891142781481485,1.0299993428655798,18,0,18,1.797486755306212,l(r:p1udm822-p1ulv579),321.49020589838926,8389.07583950854,True,0.9606739483716966,1.029999466529469,0,0,18,0.9999345153129713,l(r:p1udm822-p1ulv579),185.17136480385307,6921.098380127881
17,49458,2023-08-24T11:00,upper_activity_half,1.0,192.7057340145111,1.0,192.7057340145111,True,True,0.9857495737224565,1.0299995116865714,0,0,18,0.9378414618680676,recloser_disswitch(r:p1udt228-p1udt62)p1u_12237,150.1476638022375,6364.996325704386,True,0.9857495737224565,1.0299995116865714,0,0,18,0.9378414618680676,recloser_disswitch(r:p1udt228-p1udt62)p1u_12237,150.1476638022375,6364.996325704386
17,49458,2023-08-24T11:00,upper_activity_half,3.0,578.1172020435333,1.0,578.1172020435333,True,True,0.9757295444220346,1.0299994788414235,0,0,18,0.9888987716625094,recloser_disswitch(r:p1udt228-p1udt62)p1u_12237,173.01067072464184,6772.97137849495,True,0.9757295444220346,1.0299994788414235,0,0,18,0.9888987716625094,recloser_disswitch(r:p1udt228-p1udt62)p1u_12237,173.01067072464184,6772.97137849495
17,49458,2023-08-24T11:00,upper_activity_half,5.0,963.5286700725555,0.68609619140625,661.0733508475096,False,True,0.9644125420726931,1.0299994453660741,0,0,18,1.040600639113289,recloser_disswitch(r:p1udt228-p1udt62)p1u_12237,199.3419886961249,7184.654652376725,True,0.9733225064569898,1.0299994716744183,0,0,18,0.9999990633525385,recloser_disswitch(r:p1udt228-p1udt62)p1u_12237,178.38930626792512,6861.453046100648
17,49458,2023-08-24T11:00,upper_activity_half,10.0,1927.057340145111,0.343017578125,661.0145417245803,False,True,0.9342794267948058,1.029999358759456,12,0,18,1.5005487816379959,l(r:p1udm822-p1ulv579),281.64103463744493,8230.522631108106,True,0.9733242028218176,1.0299994716794387,0,0,18,0.9999913030629313,recloser_disswitch(r:p1udt228-p1udt62)p1u_12237,178.38546807904902,6861.391098595158
17,49459,2023-08-24T12:00,upper_activity_half,1.0,189.81134700775146,1.0,189.81134700775146,True,True,0.9848999796723923,1.0299995118603849,0,0,18,0.9399803829014169,recloser_disswitch(r:p1udt228-p1udt62)p1u_12237,150.53925360623037,6362.468769809867,True,0.9848999796723923,1.0299995118603849,0,0,18,0.9399803829014169,recloser_disswitch(r:p1udt228-p1udt62)p1u_12237,150.53925360623037,6362.468769809867
17,49459,2023-08-24T12:00,upper_activity_half,3.0,569.4340410232544,1.0,569.4340410232544,True,True,0.9688484085736365,1.0299994792116554,0,0,18,0.9955675005706162,recloser_disswitch(r:p1udt228-p1udt62)p1u_12237,175.17575429644256,6766.4256420493275,True,0.9688484085736365,1.0299994792116554,0,0,18,0.9955675005706162,recloser_disswitch(r:p1udt228-p1udt62)p1u_12237,175.17575429644256,6766.4256420493275
17,49459,2023-08-24T12:00,upper_activity_half,5.0,949.0567350387573,0.63134765625,599.1847453149967,False,True,0.951991634328305,1.0299994456902335,0,0,18,1.0522003308014407,recloser_disswitch(r:p1udt228-p1udt62)p1u_12237,204.77392811622715,7175.796298283704,True,0.9675520171462416,1.0299994766007623,0,0,18,0.9999955402780627,recloser_disswitch(r:p1udt228-p1udt62)p1u_12237,177.32181517343432,6798.497336678472
17,49459,2023-08-24T12:00,upper_activity_half,10.0,1898.1134700775146,0.315673828125,599.1847453149967,False,True,0.905630146983421,1.0299993577832423,24,0,18,1.4723676221342488,l(r:p1udt258lv-p1ulv646),303.3631281475668,8223.420665388121,True,0.967552004166354,1.029999476600728,0,0,18,0.9999955999580973,recloser_disswitch(r:p1udt228-p1udt62)p1u_12237,177.32184617707617,6798.497742291938
17,49553,2023-08-28T10:00,upper_activity_half,1.0,197.9076976776123,1.0,197.9076976776123,True,True,0.9831485396493852,1.029999511108382,0,0,18,0.9363104350896827,recloser_disswitch(r:p1udt228-p1udt62)p1u_12237,151.1502410025307,6371.169754033031,True,0.9831485396493852,1.029999511108382,0,0,18,0.9363104350896827,recloser_disswitch(r:p1udt228-p1udt62)p1u_12237,151.1502410025307,6371.169754033031
17,49553,2023-08-28T10:00,upper_activity_half,3.0,593.7230930328369,1.0,593.7230930328369,True,True,0.9632969544287336,1.0299994767835816,0,0,18,0.9846284689972213,recloser_disswitch(r:p1udt228-p1udt62)p1u_12237,177.76778347149644,6793.465197430488,True,0.9632969544287336,1.0299994767835816,0,0,18,0.9846284689972213,recloser_disswitch(r:p1udt228-p1udt62)p1u_12237,177.76778347149644,6793.465197430488
17,49553,2023-08-28T10:00,upper_activity_half,5.0,989.5384883880615,0.6322021484375,625.5883583205286,False,True,0.9421879490582897,1.0299994413825144,6,0,18,1.243641341069578,l(r:p1udm822-p1ulv579),210.472784200988,7221.9671012817325,True,0.9616457729278662,1.029999473972744,0,0,18,0.9999741527766379,l(r:p1udm822-p1ulv579),180.1689209601263,6827.748104150323
17,49553,2023-08-28T10:00,upper_activity_half,10.0,1979.076976776123,0.31610107421875,625.5883583205286,False,True,0.8822990240749605,1.0299993474152604,15,0,18,1.923351529110035,l(r:p1udm822-p1ulv579),323.6811041785141,8324.650386842059,True,0.9616457928014739,1.029999473972784,0,0,18,0.9999740396274772,l(r:p1udm822-p1ulv579),180.16888175214186,6827.747633130425
17,49846,2023-09-09T15:00,lower_activity_half,1.0,30.41227789223194,1.0,30.41227789223194,True,True,0.9886510734679225,1.0299995253557481,0,0,18,0.9174993271597419,recloser_disswitch(r:p1udt228-p1udt62)p1u_12237,141.54432836939378,6194.096852275925,True,0.9886510734679225,1.0299995253557481,0,0,18,0.9174993271597419,recloser_disswitch(r:p1udt228-p1udt62)p1u_12237,141.54432836939378,6194.096852275925
17,49846,2023-09-09T15:00,lower_activity_half,3.0,91.23683367669582,1.0,91.23683367669582,True,True,0.9873593128756339,1.0299995202803542,0,0,18,0.9274397349392703,recloser_disswitch(r:p1udt228-p1udt62)p1u_12237,144.79787508544308,6257.771209764015,True,0.9873593128756339,1.0299995202803542,0,0,18,0.9274397349392703,recloser_disswitch(r:p1udt228-p1udt62)p1u_12237,144.79787508544308,6257.771209764015
17,49846,2023-09-09T15:00,lower_activity_half,5.0,152.0613894611597,1.0,152.0613894611597,True,True,0.9860542084446827,1.0299995151533514,0,0,18,0.937464126950991,recloser_disswitch(r:p1udt228-p1udt62)p1u_12237,148.18279261409108,6321.965368472708,True,0.9860542084446827,1.0299995151533514,0,0,18,0.937464126950991,recloser_disswitch(r:p1udt228-p1udt62)p1u_12237,148.18279261409108,6321.965368472708
17,49846,2023-09-09T15:00,lower_activity_half,10.0,304.1227789223194,1.0,304.1227789223194,True,True,0.9815157059524604,1.0299995022270239,0,0,18,0.962671982098007,recloser_disswitch(r:p1udt228-p1udt62)p1u_12237,157.16253423472492,6483.225249553494,True,0.9815157059524604,1.0299995022270239,0,0,18,0.962671982098007,recloser_disswitch(r:p1udt228-p1udt62)p1u_12237,157.16253423472492,6483.225249553494
17,50168,2023-09-23T01:00,lower_activity_half,1.0,8.444974184036255,1.0,8.444974184036255,True,True,0.9892626957784039,1.0299995272075304,0,0,18,0.9130366003177279,recloser_disswitch(r:p1udt228-p1udt62)p1u_12237,140.32320503199605,6170.826773760926,True,0.9892626957784039,1.0299995272075304,0,0,18,0.9130366003177279,recloser_disswitch(r:p1udt228-p1udt62)p1u_12237,140.32320503199605,6170.826773760926
17,50168,2023-09-23T01:00,lower_activity_half,3.0,25.334922552108765,1.0,25.334922552108765,True,True,0.9891952465141157,1.0299995258120307,0,0,18,0.9141031743277683,recloser_disswitch(r:p1udt228-p1udt62)p1u_12237,141.07692841781838,6188.344747175332,True,0.9891952465141157,1.0299995258120307,0,0,18,0.9141031743277683,recloser_disswitch(r:p1udt228-p1udt62)p1u_12237,141.07692841781838,6188.344747175332
17,50168,2023-09-23T01:00,lower_activity_half,5.0,42.224870920181274,1.0,42.224870920181274,True,True,0.9891265032015715,1.0299995244044855,0,0,18,0.9151882952572844,recloser_disswitch(r:p1udt228-p1udt62)p1u_12237,141.8439412679157,6206.0000206388295,True,0.9891265032015715,1.0299995244044855,0,0,18,0.9151882952572844,recloser_disswitch(r:p1udt228-p1udt62)p1u_12237,141.8439412679157,6206.0000206388295
17,50168,2023-09-23T01:00,lower_activity_half,10.0,84.44974184036255,1.0,84.44974184036255,True,True,0.9889548809307087,1.029999520885228,0,0,18,0.9178898464996177,recloser_disswitch(r:p1udt228-p1udt62)p1u_12237,143.79073953658008,6250.075392573114,True,0.9889548809307087,1.029999520885228,0,0,18,0.9178898464996177,recloser_disswitch(r:p1udt228-p1udt62)p1u_12237,143.79073953658008,6250.075392573114
17,51647,2023-11-23T16:00,lower_activity_half,1.0,17.233353793621063,1.0,17.233353793621063,True,True,0.989225755350653,1.0299995264388127,0,0,18,0.9129492410886765,recloser_disswitch(r:p1udt228-p1udt62)p1u_12237,140.81520069254157,6180.257729124084,True,0.989225755350653,1.0299995264388127,0,0,18,0.9129492410886765,recloser_disswitch(r:p1udt228-p1udt62)p1u_12237,140.81520069254157,6180.257729124084
17,51647,2023-11-23T16:00,lower_activity_half,3.0,51.70006138086319,1.0,51.70006138086319,True,True,0.9890873762454114,1.0299995235417285,0,0,18,0.9137707950660808,recloser_disswitch(r:p1udt228-p1udt62)p1u_12237,142.5650064211382,6216.10674982128,True,0.9890873762454114,1.0299995235417285,0,0,18,0.9137707950660808,recloser_disswitch(r:p1udt228-p1udt62)p1u_12237,142.5650064211382,6216.10674982128
17,51647,2023-11-23T16:00,lower_activity_half,5.0,86.16676896810532,1.0,86.16676896810532,True,True,0.988945433556483,1.0299995206008807,0,0,18,0.9146425586609603,recloser_disswitch(r:p1udt228-p1udt62)p1u_12237,144.38767924209822,6252.384383247569,True,0.988945433556483,1.0299995206008807,0,0,18,0.9146425586609603,recloser_disswitch(r:p1udt228-p1udt62)p1u_12237,144.38767924209822,6252.384383247569
17,51647,2023-11-23T16:00,lower_activity_half,10.0,172.33353793621063,1.0,172.33353793621063,True,True,0.9885857334516184,1.0299995131713757,0,0,18,0.9289675934991285,l(r:p1udm822-p1ulv579),149.20377425193877,6343.497062558996,True,0.9885857334516184,1.0299995131713757,0,0,18,0.9289675934991285,l(r:p1udm822-p1ulv579),149.20377425193877,6343.497062558996
18,44103,2023-01-13T08:00,lower_activity_half,1.0,79.95436143875122,1.0,79.95436143875122,True,True,0.988975222954369,1.0299995212621833,0,0,18,0.9196129784437006,recloser_disswitch(r:p1udt228-p1udt62)p1u_12237,143.6801472872019,6245.65140985167,True,0.988975222954369,1.0299995212621833,0,0,18,0.9196129784437006,recloser_disswitch(r:p1udt228-p1udt62)p1u_12237,143.6801472872019,6245.65140985167
18,44103,2023-01-13T08:00,lower_activity_half,3.0,239.86308431625366,1.0,239.86308431625366,True,True,0.9865797602730063,1.0299995078728184,0,0,18,0.9338907330645309,recloser_disswitch(r:p1udt228-p1udt62)p1u_12237,151.62375658236314,6413.436804169079,True,0.9865797602730063,1.0299995078728184,0,0,18,0.9338907330645309,recloser_disswitch(r:p1udt228-p1udt62)p1u_12237,151.62375658236314,6413.436804169079
18,44103,2023-01-13T08:00,lower_activity_half,5.0,399.7718071937561,1.0,399.7718071937561,True,True,0.982387836697965,1.0299994943522397,0,0,18,0.9482261814119703,recloser_disswitch(r:p1udt228-p1udt62)p1u_12237,160.21576891064598,6581.929298616746,True,0.982387836697965,1.0299994943522397,0,0,18,0.9482261814119703,recloser_disswitch(r:p1udt228-p1udt62)p1u_12237,160.21576891064598,6581.929298616746
18,44103,2023-01-13T08:00,lower_activity_half,10.0,799.5436143875122,0.7852783203125,627.8642665228108,False,True,0.9716792036859568,1.0299994599890152,0,0,18,1.244604358499995,l(r:p1udm823-p1ulv1893),184.6136013111596,7005.962146652987,True,0.9763167279598599,1.0299994748365526,0,0,18,0.9999967484886402,l(r:p1udm823-p1ulv1893),173.62173824197868,6823.476673187194
18,44752,2023-02-09T09:00,lower_activity_half,1.0,125.63688196241856,1.0,125.63688196241856,True,True,0.9874598049393988,1.029999517429631,0,0,18,0.9285096770015162,recloser_disswitch(r:p1udt228-p1udt62)p1u_12237,146.20207564926767,6293.938827048349,True,0.9874598049393988,1.029999517429631,0,0,18,0.9285096770015162,recloser_disswitch(r:p1udt228-p1udt62)p1u_12237,146.20207564926767,6293.938827048349
18,44752,2023-02-09T09:00,lower_activity_half,3.0,376.91064588725567,1.0,376.91064588725567,True,True,0.9801274577641501,1.0299994963134134,0,0,18,0.9606742338870673,recloser_disswitch(r:p1udt228-p1udt62)p1u_12237,159.7402059053617,6558.567357242209,True,0.9801274577641501,1.0299994963134134,0,0,18,0.9606742338870673,recloser_disswitch(r:p1udt228-p1udt62)p1u_12237,159.7402059053617,6558.567357242209
18,44752,2023-02-09T09:00,lower_activity_half,5.0,628.1844098120928,1.0,628.1844098120928,True,True,0.9715176348455904,1.0299994749389156,0,0,18,0.9931014521977607,recloser_disswitch(r:p1udt228-p1udt62)p1u_12237,174.7133481894879,6824.794282651674,True,0.9715176348455904,1.0299994749389156,0,0,18,0.9931014521977607,recloser_disswitch(r:p1udt228-p1udt62)p1u_12237,174.7133481894879,6824.794282651674
18,44752,2023-02-09T09:00,lower_activity_half,10.0,1256.3688196241856,0.542236328125,681.2488155237588,False,True,0.949001652800177,1.0299994203613811,6,0,18,1.075300418797586,recloser_disswitch(r:p1udt228-p1udt62)p1u_12237,218.7608682176475,7497.082593096258,True,0.9696690982781873,1.029999470384031,0,0,18,0.9999961075129419,recloser_disswitch(r:p1udt228-p1udt62)p1u_12237,178.06868532372124,6881.308315278558
18,46073,2023-04-05T10:00,upper_activity_half,1.0,190.9374189376831,1.0,190.9374189376831,True,True,0.9852355666792384,1.029999511886418,0,0,18,0.9360617868304264,recloser_disswitch(r:p1udt228-p1udt62)p1u_12237,149.77630554845155,6362.818930684416,True,0.9852355666792384,1.029999511886418,0,0,18,0.9360617868304264,recloser_disswitch(r:p1udt228-p1udt62)p1u_12237,149.77630554845155,6362.818930684416
18,46073,2023-04-05T10:00,upper_activity_half,3.0,572.8122568130493,1.0,572.8122568130493,True,True,0.9738504621254356,1.0299994794958274,0,0,18,0.9834619879485055,recloser_disswitch(r:p1udt228-p1udt62)p1u_12237,171.47694803379025,6766.145138737847,True,0.9738504621254356,1.0299994794958274,0,0,18,0.9834619879485055,recloser_disswitch(r:p1udt228-p1udt62)p1u_12237,171.47694803379025,6766.145138737847
18,46073,2023-04-05T10:00,upper_activity_half,5.0,954.6870946884155,0.7384033203125,704.9441205774201,False,True,0.9620834232937824,1.0299994465731517,0,0,18,1.0313333046826596,recloser_disswitch(r:p1udt228-p1udt62)p1u_12237,196.03202916898218,7172.52655756476,True,0.9698193492686462,1.029999468150114,0,0,18,0.9999978349052582,recloser_disswitch(r:p1udt228-p1udt62)p1u_12237,179.6536640572968,6906.5885106025025
18,46073,2023-04-05T10:00,upper_activity_half,10.0,1909.374189376831,0.36920166015625,704.9441205774201,False,True,0.9307590612725415,1.029999361832368,6,0,18,1.2361742679043173,l(r:p1udt175lv-p1ulv493),270.7974307307838,8202.036775744647,True,0.969819358132598,1.029999468150142,0,0,18,0.9999977797225127,recloser_disswitch(r:p1udt228-p1udt62)p1u_12237,179.6536672494157,6906.5881740477835
18,46294,2023-04-14T15:00,lower_activity_half,1.0,91.37446284294128,1.0,91.37446284294128,True,True,0.9887462052076821,1.0299995202502465,0,0,18,0.9265982836876051,recloser_disswitch(r:p1udt228-p1udt62)p1u_12237,144.58511596321807,6258.09368801355,True,0.9887462052076821,1.0299995202502465,0,0,18,0.9265982836876051,recloser_disswitch(r:p1udt228-p1udt62)p1u_12237,144.58511596321807,6258.09368801355
18,46294,2023-04-14T15:00,lower_activity_half,3.0,274.12338852882385,1.0,274.12338852882385,True,True,0.980556312528213,1.0299995048507795,0,0,18,0.9548821603190519,recloser_disswitch(r:p1udt228-p1udt62)p1u_12237,154.4741786855349,6450.534720319071,True,0.980556312528213,1.0299995048507795,0,0,18,0.9548821603190519,recloser_disswitch(r:p1udt228-p1udt62)p1u_12237,154.4741786855349,6450.534720319071
18,46294,2023-04-14T15:00,lower_activity_half,5.0,456.8723142147064,1.0,456.8723142147064,True,True,0.9721659836480819,1.0299994892858904,0,0,18,0.9833715913965531,recloser_disswitch(r:p1udt228-p1udt62)p1u_12237,165.23484170328723,6644.031616798468,True,0.9721659836480819,1.0299994892858904,0,0,18,0.9833715913965531,recloser_disswitch(r:p1udt228-p1udt62)p1u_12237,165.23484170328723,6644.031616798468
18,46294,2023-04-14T15:00,lower_activity_half,10.0,913.7446284294128,0.61602783203125,562.8921224815713,False,True,0.9502319126465063,1.0299994496722353,0,0,18,1.1015529181060695,l(r:p1udt454lv-p1ulv1912)p1ud1,196.14464602791088,7131.854622110094,True,0.9671991043952184,1.0299994801784982,0,0,18,0.9999954491657966,recloser_disswitch(r:p1udt228-p1udt62)p1u_12237,171.89051030570167,6756.773026197187
18,46385,2023-04-18T10:00,upper_activity_half,1.0,188.02274084091187,1.0,188.02274084091187,True,True,0.9849442973728286,1.029999512131973,0,0,18,0.9356667303025462,recloser_disswitch(r:p1udt228-p1udt62)p1u_12237,149.67457807541268,6359.777984735409,True,0.9849442973728286,1.029999512131973,0,0,18,0.9356667303025462,recloser_disswitch(r:p1udt228-p1udt62)p1u_12237,149.67457807541268,6359.777984735409
18,46385,2023-04-18T10:00,upper_activity_half,3.0,564.0682225227356,1.0,564.0682225227356,True,True,0.9689842704079396,1.0299994801289587,0,0,18,0.9824160765666241,recloser_disswitch(r:p1udt228-p1udt62)p1u_12237,171.81184207620373,6757.724576591263,True,0.9689842704079396,1.0299994801289587,0,0,18,0.9824160765666241,recloser_disswitch(r:p1udt228-p1udt62)p1u_12237,171.81184207620373,6757.724576591263
18,46385,2023-04-18T10:00,upper_activity_half,5.0,940.1137042045593,0.74871826171875,703.8802984300128,False,True,0.9522305128091304,1.0299994474287015,0,0,18,1.0298609154458662,recloser_disswitch(r:p1udt228-p1udt62)p1u_12237,197.78018599086636,7159.865179680312,True,0.9628481832907374,1.0299994680424795,0,0,18,0.9999933431542568,recloser_disswitch(r:p1udt228-p1udt62)p1u_12237,181.01242366626101,6906.883102704123
18,46385,2023-04-18T10:00,upper_activity_half,10.0,1880.2274084091187,0.37432861328125,703.8229184431839,False,True,0.9061818486252191,1.0299993624381325,6,0,18,1.4804698071510767,l(r:p1udt258lv-p1ulv646),281.52058305470035,8183.707005781986,True,0.9628507220216693,1.0299994680474533,0,0,18,0.9999861212169853,recloser_disswitch(r:p1udt228-p1udt62)p1u_12237,181.0085447078856,6906.821845502578
18,46413,2023-04-19T14:00,lower_activity_half,1.0,57.698155641555786,1.0,57.698155641555786,True,True,0.9890602861698418,1.0299995231111763,0,0,18,0.9177972061064384,recloser_disswitch(r:p1udt228-p1udt62)p1u_12237,142.61639680795707,6222.453481536799,True,0.9890602861698418,1.0299995231111763,0,0,18,0.9177972061064384,recloser_disswitch(r:p1udt228-p1udt62)p1u_12237,142.61639680795707,6222.453481536799
18,46413,2023-04-19T14:00,lower_activity_half,3.0,173.09446692466736,1.0,173.09446692466736,True,True,0.9864604434377866,1.0299995134986406,0,0,18,0.928371105493155,recloser_disswitch(r:p1udt228-p1udt62)p1u_12237,148.1555562857491,6343.213797220679,True,0.9864604434377866,1.0299995134986406,0,0,18,0.928371105493155,recloser_disswitch(r:p1udt228-p1udt62)p1u_12237,148.1555562857491,6343.213797220679
18,46413,2023-04-19T14:00,lower_activity_half,5.0,288.49077820777893,1.0,288.49077820777893,True,True,0.9835385253674815,1.0299995038137668,0,0,18,0.9389953696208118,recloser_disswitch(r:p1udt228-p1udt62)p1u_12237,153.99208329745613,6464.4429213809,True,0.9835385253674815,1.0299995038137668,0,0,18,0.9389953696208118,recloser_disswitch(r:p1udt228-p1udt62)p1u_12237,153.99208329745613,6464.4429213809
18,46413,2023-04-19T14:00,lower_activity_half,10.0,576.9815564155579,1.0,576.9815564155579,True,True,0.9761244939668635,1.0299994793468596,0,0,18,0.9656569604111411,recloser_disswitch(r:p1udt228-p1udt62)p1u_12237,169.87451050139404,6768.744113667973,True,0.9761244939668635,1.0299994793468596,0,0,18,0.9656569604111411,recloser_disswitch(r:p1udt228-p1udt62)p1u_12237,169.87451050139404,6768.744113667973
18,46948,2023-05-11T21:00,lower_activity_half,1.0,43.385165214538574,1.0,43.385165214538574,True,True,0.9883654295615328,1.029999524264539,0,0,18,0.9197064459361215,recloser_disswitch(r:p1udt228-p1udt62)p1u_12237,142.2418059833685,6207.722702724453,True,0.9883654295615328,1.029999524264539,0,0,18,0.9197064459361215,recloser_disswitch(r:p1udt228-p1udt62)p1u_12237,142.2418059833685,6207.722702724453
18,46948,2023-05-11T21:00,lower_activity_half,3.0,130.15549564361572,1.0,130.15549564361572,True,True,0.9864958583240929,1.0299995169675578,0,0,18,0.934129172687189,recloser_disswitch(r:p1udt228-p1udt62)p1u_12237,146.95522004703514,6299.078322213893,True,0.9864958583240929,1.0299995169675578,0,0,18,0.934129172687189,recloser_disswitch(r:p1udt228-p1udt62)p1u_12237,146.95522004703514,6299.078322213893
18,46948,2023-05-11T21:00,lower_activity_half,5.0,216.92582607269287,1.0,216.92582607269287,True,True,0.9846144119782629,1.0299995096289387,0,0,18,0.9486087058803453,recloser_disswitch(r:p1udt228-p1udt62)p1u_12237,151.85193565899232,6390.7430936361425,True,0.9846144119782629,1.0299995096289387,0,0,18,0.9486087058803453,recloser_disswitch(r:p1udt228-p1udt62)p1u_12237,151.85193565899232,6390.7430936361425
18,46948,2023-05-11T21:00,lower_activity_half,10.0,433.85165214538574,1.0,433.85165214538574,True,True,0.9779181274954543,1.029999491147259,0,0,18,0.9849688334610808,recloser_disswitch(r:p1udt228-p1udt62)p1u_12237,164.88191529769873,6620.645933184732,True,0.9779181274954543,1.029999491147259,0,0,18,0.9849688334610808,recloser_disswitch(r:p1udt228-p1udt62)p1u_12237,164.88191529769873,6620.645933184732
18,47304,2023-05-26T17:00,lower_activity_half,1.0,83.14106774330139,1.0,83.14106774330139,True,True,0.9878829755981392,1.0299995209441126,0,0,18,0.9247533000974054,recloser_disswitch(r:p1udt228-p1udt62)p1u_12237,144.2191481136828,6249.438128599886,True,0.9878829755981392,1.0299995209441126,0,0,18,0.9247533000974054,recloser_disswitch(r:p1udt228-p1udt62)p1u_12237,144.2191481136828,6249.438128599886
18,47304,2023-05-26T17:00,lower_activity_half,3.0,249.42320322990417,1.0,249.42320322990417,True,True,0.9841605390722615,1.0299995069592187,0,0,18,0.9493215958083707,recloser_disswitch(r:p1udt228-p1udt62)p1u_12237,153.15188591538305,6424.519933018133,True,0.9841605390722615,1.0299995069592187,0,0,18,0.9493215958083707,recloser_disswitch(r:p1udt228-p1udt62)p1u_12237,153.15188591538305,6424.519933018133
18,47304,2023-05-26T17:00,lower_activity_half,5.0,415.70533871650696,1.0,415.70533871650696,True,True,0.9796675283338859,1.0299994928718288,0,0,18,0.9740137061574721,recloser_disswitch(r:p1udt228-p1udt62)p1u_12237,162.62616944655113,6600.269128930522,True,0.9796675283338859,1.0299994928718288,0,0,18,0.9740137061574721,recloser_disswitch(r:p1udt228-p1udt62)p1u_12237,162.62616944655113,6600.269128930522
18,47304,2023-05-26T17:00,lower_activity_half,10.0,831.4106774330139,0.70947265625,589.8631417530123,False,True,0.9681863357139774,1.029999457249266,0,0,18,1.0361978761208757,recloser_disswitch(r:p1udt228-p1udt62)p1u_12237,188.71811400015412,7041.934838463005,True,0.9748997677215961,1.0299994780112294,0,0,18,0.9999992833869586,recloser_disswitch(r:p1udt228-p1udt62)p1u_12237,173.13831126613496,6784.992107233325
18,47458,2023-06-02T03:00,lower_activity_half,1.0,11.082432746887207,1.0,11.082432746887207,True,True,0.9892525574500226,1.0299995270023676,0,0,18,0.9143129588861438,recloser_disswitch(r:p1udt228-p1udt62)p1u_12237,140.39052562383372,6173.594327268592,True,0.9892525574500226,1.0299995270023676,0,0,18,0.9143129588861438,recloser_disswitch(r:p1udt228-p1udt62)p1u_12237,140.39052562383372,6173.594327268592
18,47458,2023-06-02T03:00,lower_activity_half,3.0,33.24729824066162,1.0,33.24729824066162,True,True,0.9891666770930603,1.0299995252129304,0,0,18,0.9179028605267955,recloser_disswitch(r:p1udt228-p1udt62)p1u_12237,141.2675856493653,6196.447024755487,True,0.9891666770930603,1.0299995252129304,0,0,18,0.9179028605267955,recloser_disswitch(r:p1udt228-p1udt62)p1u_12237,141.2675856493653,6196.447024755487
18,47458,2023-06-02T03:00,lower_activity_half,5.0,55.412163734436035,1.0,55.412163734436035,True,True,0.9890789516144732,1.0299995234073795,0,0,18,0.9215226091546076,recloser_disswitch(r:p1udt228-p1udt62)p1u_12237,142.15732211756767,6219.50068882483,True,0.9890789516144732,1.0299995234073795,0,0,18,0.9215226091546076,recloser_disswitch(r:p1udt228-p1udt62)p1u_12237,142.15732211756767,6219.50068882483
18,47458,2023-06-02T03:00,lower_activity_half,10.0,110.82432746887207,1.0,110.82432746887207,True,True,0.988860223409766,1.0299995188979745,0,0,18,0.930561884504415,recloser_disswitch(r:p1udt228-p1udt62)p1u_12237,144.39563026770202,6277.060732435312,True,0.988860223409766,1.0299995188979745,0,0,18,0.930561884504415,recloser_disswitch(r:p1udt228-p1udt62)p1u_12237,144.39563026770202,6277.060732435312
18,47868,2023-06-19T05:00,lower_activity_half,1.0,3.571868658065796,1.0,3.571868658065796,True,True,0.9892803808237426,1.0299995276002594,0,0,18,0.9129583360861054,recloser_disswitch(r:p1udt228-p1udt62)p1u_12237,140.09966759115233,6165.943296244621,True,0.9892803808237426,1.0299995276002594,0,0,18,0.9129583360861054,recloser_disswitch(r:p1udt228-p1udt62)p1u_12237,140.09966759115233,6165.943296244621
18,47868,2023-06-19T05:00,lower_activity_half,3.0,10.715605974197388,1.0,10.715605974197388,True,True,0.9892527830028801,1.0299995270409892,0,0,18,0.9137739285783243,recloser_disswitch(r:p1udt228-p1udt62)p1u_12237,140.37445540851436,6173.061517769947,True,0.9892527830028801,1.0299995270409892,0,0,18,0.9137739285783243,recloser_disswitch(r:p1udt228-p1udt62)p1u_12237,140.37445540851436,6173.061517769947
18,47868,2023-06-19T05:00,lower_activity_half,5.0,17.85934329032898,1.0,17.85934329032898,True,True,0.9892227121607232,1.0299995264569861,0,0,18,0.9146359268985613,recloser_disswitch(r:p1udt228-p1udt62)p1u_12237,140.6631977253741,6180.4929890459125,True,0.9892227121607232,1.0299995264569861,0,0,18,0.9146359268985613,recloser_disswitch(r:p1udt228-p1udt62)p1u_12237,140.6631977253741,6180.4929890459125
18,47868,2023-06-19T05:00,lower_activity_half,10.0,35.71868658065796,1.0,35.71868658065796,True,True,0.9891477343237127,1.0299995249987968,0,0,18,0.91678706624805,recloser_disswitch(r:p1udt228-p1udt62)p1u_12237,141.38638798676047,6199.045306061983,True,0.9891477343237127,1.0299995249987968,0,0,18,0.91678706624805,recloser_disswitch(r:p1udt228-p1udt62)p1u_12237,141.38638798676047,6199.045306061983
18,48214,2023-07-03T15:00,lower_activity_half,1.0,73.25083684921265,1.0,73.25083684921265,True,True,0.9889641763361047,1.0299995218029103,0,0,18,0.9220377210470775,recloser_disswitch(r:p1udt228-p1udt62)p1u_12237,143.5523912621121,6238.615516519408,True,0.9889641763361047,1.0299995218029103,0,0,18,0.9220377210470775,recloser_disswitch(r:p1udt228-p1udt62)p1u_12237,143.5523912621121,6238.615516519408
18,48214,2023-07-03T15:00,lower_activity_half,3.0,219.75251054763794,1.0,219.75251054763794,True,True,0.986524081750907,1.029999509480558,0,0,18,0.9412741861679406,recloser_disswitch(r:p1udt228-p1udt62)p1u_12237,151.09036425291774,6392.795414893694,True,0.986524081750907,1.029999509480558,0,0,18,0.9412741861679406,recloser_disswitch(r:p1udt228-p1udt62)p1u_12237,151.09036425291774,6392.795414893694
18,48214,2023-07-03T15:00,lower_activity_half,5.0,366.25418424606323,1.0,366.25418424606323,True,True,0.9823734874530009,1.0299994970947601,0,0,18,0.9605580453833706,recloser_disswitch(r:p1udt228-p1udt62)p1u_12237,159.0214598458605,6547.222772610813,True,0.9823734874530009,1.0299994970947601,0,0,18,0.9605580453833706,recloser_disswitch(r:p1udt228-p1udt62)p1u_12237,159.0214598458605,6547.222772610813
18,48214,2023-07-03T15:00,lower_activity_half,10.0,732.5083684921265,0.84820556640625,621.3176755941822,False,True,0.9717817259119638,1.029999465799789,0,0,18,1.060556780097028,l(r:p1udt454lv-p1ulv1912)p1ud1,180.63644307953194,6934.988096610449,True,0.9750284688488149,1.0299994753421078,0,0,18,0.9999858723083559,l(r:p1udt454lv-p1ulv1912)p1ud1,173.80622267916772,6817.114290338366
18,48449,2023-07-13T10:00,upper_activity_half,1.0,185.93796157836914,1.0,185.93796157836914,True,True,0.988487308212614,1.0299995123928025,0,0,18,0.9353044358688003,recloser_disswitch(r:p1udt228-p1udt62)p1u_12237,148.85089429556373,6356.889812553413,True,0.988487308212614,1.0299995123928025,0,0,18,0.9353044358688003,recloser_disswitch(r:p1udt228-p1udt62)p1u_12237,148.85089429556373,6356.889812553413
18,48449,2023-07-13T10:00,upper_activity_half,3.0,557.8138847351074,1.0,557.8138847351074,True,True,0.9841338362158359,1.0299994811227948,0,0,18,0.9810617573987833,recloser_disswitch(r:p1udt228-p1udt62)p1u_12237,167.98561272419252,6747.681781834463,True,0.9841338362158359,1.0299994811227948,0,0,18,0.9810617573987833,recloser_disswitch(r:p1udt228-p1udt62)p1u_12237,167.98561272419252,6747.681781834463
18,48449,2023-07-13T10:00,upper_activity_half,5.0,929.6898078918457,0.7646484375,710.885858964175,False,True,0.9783397889466965,1.0299994494801292,0,0,18,1.0270964886274982,recloser_disswitch(r:p1udt228-p1udt62)p1u_12237,188.9543536808929,7140.4970166537,True,0.9817583222064643,1.0299994681310602,0,0,18,0.9999979038138039,recloser_disswitch(r:p1udt228-p1udt62)p1u_12237,176.3996658827926,6909.276184100252
18,48449,2023-07-13T10:00,upper_activity_half,10.0,1859.3796157836914,0.38232421875,710.885858964175,False,True,0.9634449297556101,1.0299993687330682,0,0,18,1.2802694268427515,l(r:p1udt454lv-p1ulv1912)p1ud1,249.6898648069523,8130.994414003139,True,0.9817583189477002,1.0299994681310363,0,0,18,0.999997942818669,recloser_disswitch(r:p1udt228-p1udt62)p1u_12237,176.3996797276025,6909.276470609612
18,48450,2023-07-13T11:00,upper_activity_half,1.0,197.65360134840012,1.0,197.65360134840012,True,True,0.9873520542424423,1.0299995113711635,0,0,18,0.9377159391904308,recloser_disswitch(r:p1udt228-p1udt62)p1u_12237,149.75469485315477,6369.515469657547,True,0.9873520542424423,1.0299995113711635,0,0,18,0.9377159391904308,recloser_disswitch(r:p1udt228-p1udt62)p1u_12237,149.75469485315477,6369.515469657547
18,48450,2023-07-13T11:00,upper_activity_half,3.0,592.9608040452003,1.0,592.9608040452003,True,True,0.9803691786839733,1.029999478009535,0,0,18,0.9883678739115409,recloser_disswitch(r:p1udt228-p1udt62)p1u_12237,171.04021841981356,6785.867716471229,True,0.9803691786839733,1.029999478009535,0,0,18,0.9883678739115409,recloser_disswitch(r:p1udt228-p1udt62)p1u_12237,171.04021841981356,6785.867716471229
18,48450,2023-07-13T11:00,upper_activity_half,5.0,988.2680067420006,0.69122314453125,683.1137192598362,False,True,0.9732505083330072,1.0299994442028544,0,0,18,1.0394056296432155,recloser_disswitch(r:p1udt228-p1udt62)p1u_12237,194.63833637345857,7204.736450613404,True,0.9787558433320459,1.0299994703260944,0,0,18,0.9999956476342748,recloser_disswitch(r:p1udt228-p1udt62)p1u_12237,176.22397519793947,6881.3280847005
18,48450,2023-07-13T11:00,upper_activity_half,10.0,1976.5360134840012,0.3455810546875,683.0534001676278,False,True,0.9548190039641611,1.0299993577085542,0,0,18,1.2112918946157103,l(r:p1udt454lv-p1ulv1912)p1ud1,264.1979300936544,8262.638113491432,True,0.9787569152654747,1.0299994703311834,0,0,18,0.9999879604198553,recloser_disswitch(r:p1udt228-p1udt62)p1u_12237,176.2205135169512,6881.264880905125
18,49081,2023-08-08T18:00,upper_activity_half,1.0,184.03811740875244,1.0,184.03811740875244,True,True,0.987360896685745,1.0299995125345691,0,0,18,0.9363282630966092,recloser_disswitch(r:p1udt228-p1udt62)p1u_12237,149.0804903544174,6355.22760559596,True,0.987360896685745,1.0299995125345691,0,0,18,0.9363282630966092,recloser_disswitch(r:p1udt228-p1udt62)p1u_12237,149.0804903544174,6355.22760559596
18,49081,2023-08-08T18:00,upper_activity_half,3.0,552.1143522262573,1.0,552.1143522262573,True,True,0.9797368562003703,1.0299994815223927,0,0,18,0.9842020577453183,recloser_disswitch(r:p1udt228-p1udt62)p1u_12237,168.94791455736853,6742.938571940078,True,0.9797368562003703,1.0299994815223927,0,0,18,0.9842020577453183,recloser_disswitch(r:p1udt228-p1udt62)p1u_12237,168.94791455736853,6742.938571940078
18,49081,2023-08-08T18:00,upper_activity_half,5.0,920.1905870437622,0.7310791015625,672.7321076422231,False,True,0.9708607724090534,1.0299994500961598,0,0,18,1.032458504081362,recloser_disswitch(r:p1udt228-p1udt62)p1u_12237,191.0384685335884,7133.071618365269,True,0.9768497462953615,1.0299994712573952,0,0,18,0.9999952148688251,recloser_disswitch(r:p1udt228-p1udt62)p1u_12237,175.9464091404519,6870.669205384145
18,49081,2023-08-08T18:00,upper_activity_half,10.0,1840.3811740875244,0.36553955078125,672.7321076422231,False,True,0.9476564260452756,1.029999369685124,6,0,18,1.2380949460920692,l(r:p1udt454lv-p1ulv1912)p1ud1,256.4783069315638,8118.771323161781,True,0.9768497513729714,1.0299994712574194,0,0,18,0.9999951744608095,recloser_disswitch(r:p1udt228-p1udt62)p1u_12237,175.94640663973763,6870.668915605256
18,49289,2023-08-17T10:00,upper_activity_half,1.0,186.71374398469925,1.0,186.71374398469925,True,True,0.9869665846675318,1.0299995123986545,0,0,18,0.9365879485989173,recloser_disswitch(r:p1udt228-p1udt62)p1u_12237,148.74645314078296,6357.568769754308,True,0.9869665846675318,1.0299995123986545,0,0,18,0.9365879485989173,recloser_disswitch(r:p1udt228-p1udt62)p1u_12237,148.74645314078296,6357.568769754308
18,49289,2023-08-17T10:00,upper_activity_half,3.0,560.1412319540977,1.0,560.1412319540977,True,True,0.9800175454757334,1.0299994811511615,0,0,18,0.9849398396439581,recloser_disswitch(r:p1udt228-p1udt62)p1u_12237,167.73405962781,6749.762005499767,True,0.9800175454757334,1.0299994811511615,0,0,18,0.9849398396439581,recloser_disswitch(r:p1udt228-p1udt62)p1u_12237,167.73405962781,6749.762005499767
18,49289,2023-08-17T10:00,upper_activity_half,5.0,933.5687199234962,0.723876953125,675.788880511027,False,True,0.97134660287208,1.0299994495422933,0,0,18,1.033613229155927,recloser_disswitch(r:p1udt228-p1udt62)p1u_12237,188.64883676703224,7144.076021521917,True,0.9773516592235597,1.029999471389592,0,0,18,0.9999988329071531,recloser_disswitch(r:p1udt228-p1udt62)p1u_12237,174.00959293188134,6871.789114591606
18,49289,2023-08-17T10:00,upper_activity_half,10.0,1867.1374398469925,0.3619384765625,675.788880511027,False,True,0.9487286580563487,1.0299993689235298,6,0,18,1.1796641341853042,l(r:p1udm822-p1ulv579),249.74380989114326,8138.805494890943,True,0.9773516545048926,1.0299994713895697,0,0,18,0.9999988666583965,recloser_disswitch(r:p1udt228-p1udt62)p1u_12237,174.00961080807807,6871.7893795244045
18,49408,2023-08-22T09:00,upper_activity_half,1.0,197.64600601792336,1.0,197.64600601792336,True,True,0.9876516523277258,1.0299995114101745,0,0,18,0.9381215527047286,recloser_disswitch(r:p1udt228-p1udt62)p1u_12237,149.6615466497108,6369.399334118883,True,0.9876516523277258,1.0299995114101745,0,0,18,0.9381215527047286,recloser_disswitch(r:p1udt228-p1udt62)p1u_12237,149.6615466497108,6369.399334118883
18,49408,2023-08-22T09:00,upper_activity_half,3.0,592.9380180537701,1.0,592.9380180537701,True,True,0.9794245954513733,1.0299994781404413,0,0,18,0.9895855655833651,recloser_disswitch(r:p1udt228-p1udt62)p1u_12237,170.7227226740064,6785.531206226301,True,0.9794245954513733,1.0299994781404413,0,0,18,0.9895855655833651,recloser_disswitch(r:p1udt228-p1udt62)p1u_12237,170.7227226740064,6785.531206226301
18,49408,2023-08-22T09:00,upper_activity_half,5.0,988.2300300896168,0.680419921875,672.411399868106,False,True,0.9702506830704424,1.0299994444512768,0,0,18,1.0414247716245588,recloser_disswitch(r:p1udt228-p1udt62)p1u_12237,194.0441850028905,7204.110213534903,True,0.9775960038785482,1.029999471388859,0,0,18,0.9999988318029985,recloser_disswitch(r:p1udt228-p1udt62)p1u_12237,175.2353318464745,6869.637415041341
18,49408,2023-08-22T09:00,upper_activity_half,10.0,1976.4600601792336,0.3402099609375,672.411399868106,False,True,0.9462393197142662,1.0299993583565377,6,0,18,1.1793840116509025,l(r:p1udt104-p1uhs0_1247)_cont,262.7138698521083,8261.079892678594,True,0.9775959982093093,1.029999471388834,0,0,18,0.9999988719770245,recloser_disswitch(r:p1udt228-p1udt62)p1u_12237,175.23534973237446,6869.637710696287
18,49409,2023-08-22T10:00,upper_activity_half,1.0,219.909832239151,1.0,219.909832239151,True,True,0.9867628868707756,1.0299995094519965,0,0,18,0.9398704237456529,recloser_disswitch(r:p1udt228-p1udt62)p1u_12237,151.31875307061173,6393.325362326944,True,0.9867628868707756,1.0299995094519965,0,0,18,0.9398704237456529,recloser_disswitch(r:p1udt228-p1udt62)p1u_12237,151.31875307061173,6393.325362326944
18,49409,2023-08-22T10:00,upper_activity_half,3.0,659.729496717453,1.0,659.729496717453,True,True,0.979201319205231,1.0299994721195522,0,0,18,0.9949451201767455,recloser_disswitch(r:p1udt228-p1udt62)p1u_12237,176.5195010618668,6858.0822727016,True,0.979201319205231,1.0299994721195522,0,0,18,0.9949451201767455,recloser_disswitch(r:p1udt228-p1udt62)p1u_12237,176.5195010618668,6858.0822727016
18,49409,2023-08-22T10:00,upper_activity_half,5.0,1099.549161195755,0.63629150390625,699.6337893961027,False,True,0.9700321584597376,1.0299994341552212,0,0,18,1.0505683962086023,recloser_disswitch(r:p1udt228-p1udt62)p1u_12237,205.13774821393454,7326.463513129872,True,0.9784234389387556,1.029999468686346,0,0,18,0.9999945286674325,recloser_disswitch(r:p1udt228-p1udt62)p1u_12237,178.98253661556362,6900.606715293989
18,49409,2023-08-22T10:00,upper_activity_half,10.0,2199.09832239151,0.318115234375,699.5666782412445,False,True,0.9458771479112509,1.0299993363607762,6,0,18,1.2166072825111256,l(r:p1udt104-p1uhs0_1247)_cont,292.5776321621376,8513.518220821628,True,0.9784248207258123,1.0299994686920373,0,0,18,0.9999861774368574,recloser_disswitch(r:p1udt228-p1udt62)p1u_12237,178.97842204860675,6900.536207993677
18,49410,2023-08-22T11:00,upper_activity_half,1.0,204.56667828559875,1.0,204.56667828559875,True,True,0.9868445441340322,1.029999510829895,0,0,18,0.9382885667217228,recloser_disswitch(r:p1udt228-p1udt62)p1u_12237,150.08815301220992,6376.774774208197,True,0.9868445441340322,1.029999510829895,0,0,18,0.9382885667217228,recloser_disswitch(r:p1udt228-p1udt62)p1u_12237,150.08815301220992,6376.774774208197
18,49410,2023-08-22T11:00,upper_activity_half,3.0,613.7000348567963,1.0,613.7000348567963,True,True,0.9806974618704926,1.0299994763692488,0,0,18,0.9900924721983858,recloser_disswitch(r:p1udt228-p1udt62)p1u_12237,172.20103073265452,6807.763441084773,True,0.9806974618704926,1.0299994763692488,0,0,18,0.9900924721983858,recloser_disswitch(r:p1udt228-p1udt62)p1u_12237,172.20103073265452,6807.763441084773
18,49410,2023-08-22T11:00,upper_activity_half,5.0,1022.8333914279938,0.67596435546875,691.3989141885395,False,True,0.9738074372738552,1.0299994414339724,0,0,18,1.042303666981351,recloser_disswitch(r:p1udt228-p1udt62)p1u_12237,196.85376433930236,7241.510499929981,True,0.9793970161611866,1.0299994697582162,0,0,18,0.9999990782024871,recloser_disswitch(r:p1udt228-p1udt62)p1u_12237,176.69331344553558,6890.082606919691
18,49410,2023-08-22T11:00,upper_activity_half,10.0,2045.6667828559875,0.33795166015625,691.336485392676,False,True,0.9559860542720258,1.029999351980342,0,0,18,1.1905153659507715,l(r:p1udt104-p1uhs0_1247)_cont,270.1249896454436,8337.687964142628,True,0.9793980614737849,1.0299994697635253,0,0,18,0.9999911299680725,recloser_disswitch(r:p1udt228-p1udt62)p1u_12237,176.68966400312075,6890.01654104382
18,49458,2023-08-24T11:00,upper_activity_half,1.0,192.7057340145111,1.0,192.7057340145111,True,True,0.9865877006846784,1.0299995117927907,0,0,18,0.9334338955701684,recloser_disswitch(r:p1udt228-p1udt62)p1u_12237,149.4794948513514,6364.294153165792,True,0.9865877006846784,1.0299995117927907,0,0,18,0.9334338955701684,recloser_disswitch(r:p1udt228-p1udt62)p1u_12237,149.4794948513514,6364.294153165792
18,49458,2023-08-24T11:00,upper_activity_half,3.0,578.1172020435333,1.0,578.1172020435333,True,True,0.976398053096398,1.0299994791791935,0,0,18,0.9755234344263759,recloser_disswitch(r:p1udt228-p1udt62)p1u_12237,170.6684639997519,6770.643347474576,True,0.976398053096398,1.0299994791791935,0,0,18,0.9755234344263759,recloser_disswitch(r:p1udt228-p1udt62)p1u_12237,170.6684639997519,6770.643347474576
18,49458,2023-08-24T11:00,upper_activity_half,5.0,963.5286700725555,0.83062744140625,800.3333539439336,False,True,0.9651277485959013,1.0299994459820745,0,0,18,1.0297951273284138,l(r:p1udm822-p1ulv579),194.82943625870547,7180.163592559835,True,0.9699400931151748,1.0299994600947322,0,0,18,0.9999962562193525,recloser_disswitch(r:p1udt228-p1udt62)p1u_12237,184.2380480019356,7006.561786954924
18,49458,2023-08-24T11:00,upper_activity_half,10.0,1927.057340145111,0.415283203125,800.2745448210044,False,True,0.9352238178809338,1.029999360302055,6,0,18,1.4880040433989479,l(r:p1udm822-p1ulv579),269.1960663356144,8218.116649052978,True,0.969941800386663,1.029999460099743,0,0,18,0.9999898624109107,recloser_disswitch(r:p1udt228-p1udt62)p1u_12237,184.2343589031556,7006.499980484463
18,49459,2023-08-24T12:00,upper_activity_half,1.0,189.81134700775146,1.0,189.81134700775146,True,True,0.986596192304276,1.0299995119996534,0,0,18,0.9338310354369972,recloser_disswitch(r:p1udt228-p1udt62)p1u_12237,149.46882331581577,6361.419150590504,True,0.986596192304276,1.0299995119996534,0,0,18,0.9338310354369972,recloser_disswitch(r:p1udt228-p1udt62)p1u_12237,149.46882331581577,6361.419150590504
18,49459,2023-08-24T12:00,upper_activity_half,3.0,569.4340410232544,1.0,569.4340410232544,True,True,0.9811322634862804,1.029999479871397,0,0,18,0.9766531310411166,recloser_disswitch(r:p1udt228-p1udt62)p1u_12237,170.26036202150496,6761.558915648564,True,0.9811322634862804,1.029999479871397,0,0,18,0.9766531310411166,recloser_disswitch(r:p1udt228-p1udt62)p1u_12237,170.26036202150496,6761.558915648564
18,49459,2023-08-24T12:00,upper_activity_half,5.0,949.0567350387573,0.8165283203125,774.9317017424619,False,True,0.9754725662633422,1.0299994472505007,0,0,18,1.0212680530157137,l(r:p1udt104-p1uhs0_1247)_cont,193.4848306365165,7164.364721790585,True,0.9781326965944727,1.0299994622593582,0,0,18,0.9999946934870384,recloser_disswitch(r:p1udt228-p1udt62)p1u_12237,182.53492803421966,6979.457327595912
18,49459,2023-08-24T12:00,upper_activity_half,10.0,1898.1134700775146,0.40826416015625,774.9317017424619,False,True,0.9594437001139309,1.0299993634973594,0,0,18,1.3495355869533954,l(r:p1udm822-p1ulv579),262.7136404920753,8182.724947557598,True,0.9781327008103231,1.0299994622593864,0,0,18,0.99999464805666,recloser_disswitch(r:p1udt228-p1udt62)p1u_12237,182.5348995269689,6979.456995113835
18,49553,2023-08-28T10:00,upper_activity_half,1.0,197.9076976776123,1.0,197.9076976776123,True,True,0.9876807485802516,1.029999511417403,0,0,18,0.9383044448443191,recloser_disswitch(r:p1udt228-p1udt62)p1u_12237,149.4991889297622,6369.54233030349,True,0.9876807485802516,1.029999511417403,0,0,18,0.9383044448443191,recloser_disswitch(r:p1udt228-p1udt62)p1u_12237,149.4991889297622,6369.54233030349
18,49553,2023-08-28T10:00,upper_activity_half,3.0,593.7230930328369,1.0,593.7230930328369,True,True,0.9819026626139699,1.0299994781914126,0,0,18,0.990096447870644,recloser_disswitch(r:p1udt228-p1udt62)p1u_12237,170.10407850927902,6785.702928595319,True,0.9819026626139699,1.0299994781914126,0,0,18,0.990096447870644,recloser_disswitch(r:p1udt228-p1udt62)p1u_12237,170.10407850927902,6785.702928595319
18,49553,2023-08-28T10:00,upper_activity_half,5.0,989.5384883880615,0.67596435546875,668.8927465147572,False,True,0.9758541449520428,1.0299994445695624,0,0,18,1.0422417900812635,recloser_disswitch(r:p1udt228-p1udt62)p1u_12237,192.79015776663758,7204.173623328122,True,0.9807599029413872,1.0299994718249443,0,0,18,0.9999927954079688,recloser_disswitch(r:p1udt228-p1udt62)p1u_12237,174.2580007141955,6865.141130119212
18,49553,2023-08-28T10:00,upper_activity_half,10.0,1979.076976776123,0.33795166015625,668.832349878503,False,True,0.9602865682893059,1.029999358783044,0,0,18,1.2708874544468163,l(r:p1udt175lv-p1ulv493),258.9481348492605,8259.943043938101,True,0.9807608213273791,1.029999471830057,0,0,18,0.9999848518247907,recloser_disswitch(r:p1udt228-p1udt62)p1u_12237,174.25462984686166,6865.077373423288
18,49846,2023-09-09T15:00,lower_activity_half,1.0,30.41227789223194,1.0,30.41227789223194,True,True,0.9891630394443176,1.0299995253466203,0,0,18,0.9156170258080824,recloser_disswitch(r:p1udt228-p1udt62)p1u_12237,141.4982922788167,6194.031744921551,True,0.9891630394443176,1.0299995253466203,0,0,18,0.9156170258080824,recloser_disswitch(r:p1udt228-p1udt62)p1u_12237,141.4982922788167,6194.031744921551
18,49846,2023-09-09T15:00,lower_activity_half,3.0,91.23683367669582,1.0,91.23683367669582,True,True,0.9887138247694309,1.0299995202464953,0,0,18,0.921798859967181,recloser_disswitch(r:p1udt228-p1udt62)p1u_12237,144.6627764830345,6257.634993972248,True,0.9887138247694309,1.0299995202464953,0,0,18,0.921798859967181,recloser_disswitch(r:p1udt228-p1udt62)p1u_12237,144.6627764830345,6257.634993972248
18,49846,2023-09-09T15:00,lower_activity_half,5.0,152.0613894611597,1.0,152.0613894611597,True,True,0.9860501925098396,1.0299995150723467,0,0,18,0.9280899892174537,recloser_disswitch(r:p1udt228-p1udt62)p1u_12237,147.9700160777199,6322.005012779909,True,0.9860501925098396,1.0299995150723467,0,0,18,0.9280899892174537,recloser_disswitch(r:p1udt228-p1udt62)p1u_12237,147.9700160777199,6322.005012779909
18,49846,2023-09-09T15:00,lower_activity_half,10.0,304.1227789223194,1.0,304.1227789223194,True,True,0.9793097341759976,1.0299995020925914,0,0,18,0.9437990967928839,recloser_disswitch(r:p1udt228-p1udt62)p1u_12237,156.71321851379264,6482.775004376501,True,0.9793097341759976,1.0299995020925914,0,0,18,0.9437990967928839,recloser_disswitch(r:p1udt228-p1udt62)p1u_12237,156.71321851379264,6482.775004376501
18,50168,2023-09-23T01:00,lower_activity_half,1.0,8.444974184036255,1.0,8.444974184036255,True,True,0.9892610387746784,1.029999527213328,0,0,18,0.9138807665332972,recloser_disswitch(r:p1udt228-p1udt62)p1u_12237,140.31322743588353,6170.815794237654,True,0.9892610387746784,1.029999527213328,0,0,18,0.9138807665332972,recloser_disswitch(r:p1udt228-p1udt62)p1u_12237,140.31322743588353,6170.815794237654
18,50168,2023-09-23T01:00,lower_activity_half,3.0,25.334922552108765,1.0,25.334922552108765,True,True,0.9891897451866909,1.029999525829519,0,0,18,0.9166370222302387,recloser_disswitch(r:p1udt228-p1udt62)p1u_12237,141.04460920806568,6188.317194901495,True,0.9891897451866909,1.029999525829519,0,0,18,0.9166370222302387,recloser_disswitch(r:p1udt228-p1udt62)p1u_12237,141.04460920806568,6188.317194901495
18,50168,2023-09-23T01:00,lower_activity_half,5.0,42.224870920181274,1.0,42.224870920181274,True,True,0.989117417412082,1.0299995244351388,0,0,18,0.9194123852020136,recloser_disswitch(r:p1udt228-p1udt62)p1u_12237,141.78515008996803,6205.946785012654,True,0.989117417412082,1.0299995244351388,0,0,18,0.9194123852020136,recloser_disswitch(r:p1udt228-p1udt62)p1u_12237,141.78515008996803,6205.946785012654
18,50168,2023-09-23T01:00,lower_activity_half,10.0,84.44974184036255,1.0,84.44974184036255,True,True,0.9889370414551447,1.029999520952419,0,0,18,0.9263419681555262,recloser_disswitch(r:p1udt228-p1udt62)p1u_12237,143.64951737176875,6249.952618531253,True,0.9889370414551447,1.029999520952419,0,0,18,0.9263419681555262,recloser_disswitch(r:p1udt228-p1udt62)p1u_12237,143.64951737176875,6249.952618531253
18,51647,2023-11-23T16:00,lower_activity_half,1.0,17.233353793621063,1.0,17.233353793621063,True,True,0.9892196071503899,1.0299995264910293,0,0,18,0.9152284230295779,recloser_disswitch(r:p1udt228-p1udt62)p1u_12237,140.65049407693272,6180.088689501598,True,0.9892196071503899,1.0299995264910293,0,0,18,0.9152284230295779,recloser_disswitch(r:p1udt228-p1udt62)p1u_12237,140.65049407693272,6180.088689501598
18,51647,2023-11-23T16:00,lower_activity_half,3.0,51.70006138086319,1.0,51.70006138086319,True,True,0.9890691967961355,1.0299995237020656,0,0,18,0.9206044234572068,recloser_disswitch(r:p1udt228-p1udt62)p1u_12237,142.03862110573556,6215.633763435603,True,0.9890691967961355,1.0299995237020656,0,0,18,0.9206044234572068,recloser_disswitch(r:p1udt228-p1udt62)p1u_12237,142.03862110573556,6215.633763435603
18,51647,2023-11-23T16:00,lower_activity_half,5.0,86.16676896810532,1.0,86.16676896810532,True,True,0.9889162191129812,1.0299995208862673,0,0,18,0.9260300378355101,recloser_disswitch(r:p1udt228-p1udt62)p1u_12237,143.44982211576934,6251.509845275374,True,0.9889162191129812,1.0299995208862673,0,0,18,0.9260300378355101,recloser_disswitch(r:p1udt228-p1udt62)p1u_12237,143.44982211576934,6251.509845275374
18,51647,2023-11-23T16:00,lower_activity_half,10.0,172.33353793621063,1.0,172.33353793621063,True,True,0.9885346432106829,1.0299995138523423,0,0,18,0.9395794992594083,recloser_disswitch(r:p1udt228-p1udt62)p1u_12237,147.01140189701655,6341.087921749764,True,0.9885346432106829,1.0299995138523423,0,0,18,0.9395794992594083,recloser_disswitch(r:p1udt228-p1udt62)p1u_12237,147.01140189701655,6341.087921749764
19,44103,2023-01-13T08:00,lower_activity_half,1.0,79.95436143875122,1.0,79.95436143875122,True,True,0.9839054999231912,1.0299995211201587,0,0,18,0.9240621679894577,recloser_disswitch(r:p1udt228-p1udt62)p1u_12237,144.67277522029684,6246.620188029954,True,0.9839054999231912,1.0299995211201587,0,0,18,0.9240621679894577,recloser_disswitch(r:p1udt228-p1udt62)p1u_12237,144.67277522029684,6246.620188029954
19,44103,2023-01-13T08:00,lower_activity_half,3.0,239.86308431625366,1.0,239.86308431625366,True,True,0.9728314384993737,1.0299995073161359,0,0,18,0.9474621549111236,recloser_disswitch(r:p1udt228-p1udt62)p1u_12237,155.37329721536008,6417.150514720855,True,0.9728314384993737,1.0299995073161359,0,0,18,0.9474621549111236,recloser_disswitch(r:p1udt228-p1udt62)p1u_12237,155.37329721536008,6417.150514720855
19,44103,2023-01-13T08:00,lower_activity_half,5.0,399.7718071937561,1.0,399.7718071937561,True,True,0.9613409292765209,1.0299994931980065,0,0,18,0.9712306325861807,recloser_disswitch(r:p1udt228-p1udt62)p1u_12237,167.82938376064598,6589.479044555651,True,0.9613409292765209,1.0299994931980065,0,0,18,0.9712306325861807,recloser_disswitch(r:p1udt228-p1udt62)p1u_12237,167.82938376064598,6589.479044555651
19,44103,2023-01-13T08:00,lower_activity_half,10.0,799.5436143875122,0.53753662109375,429.7839728949475,False,True,0.9305130453440225,1.029999456374515,15,0,18,1.5748749509798678,l(r:p1udm722-p1ulv1845),207.53749917279518,7028.978541359374,True,0.9591266950299084,1.0299994905004324,0,0,18,0.9999856320437968,l(r:p1udm722-p1ulv1845),170.38127314581595,6622.1556330099365
19,44752,2023-02-09T09:00,lower_activity_half,1.0,125.63688196241856,1.0,125.63688196241856,True,True,0.9852731238643315,1.0299995172389786,0,0,18,0.926896298981939,recloser_disswitch(r:p1udt228-p1udt62)p1u_12237,147.04796208940203,6294.779883668788,True,0.9852731238643315,1.0299995172389786,0,0,18,0.926896298981939,recloser_disswitch(r:p1udt228-p1udt62)p1u_12237,147.04796208940203,6294.779883668788
19,44752,2023-02-09T09:00,lower_activity_half,3.0,376.91064588725567,1.0,376.91064588725567,True,True,0.9770715536400407,1.0299994956361747,0,0,18,0.9559052245325451,recloser_disswitch(r:p1udt228-p1udt62)p1u_12237,162.7294176945624,6561.528347660247,True,0.9770715536400407,1.0299994956361747,0,0,18,0.9559052245325451,recloser_disswitch(r:p1udt228-p1udt62)p1u_12237,162.7294176945624,6561.528347660247
19,44752,2023-02-09T09:00,lower_activity_half,5.0,628.1844098120928,0.98663330078125,619.7876577522266,False,True,0.9686399587157944,1.0299994736265954,0,0,18,1.0055914369160504,l(r:p1udm822-p1ulv579),180.47514116002552,6830.5114028419375,True,0.9689214904463316,1.0299994743559984,0,0,18,0.9999816400728032,l(r:p1udm822-p1ulv579),179.85644103240628,6821.634489450965
19,44752,2023-02-09T09:00,lower_activity_half,10.0,1256.3688196241856,0.4932861328125,619.7493164186199,False,True,0.946460180417039,1.029999416760973,9,0,18,1.432950273752894,l(r:p1udm822-p1ulv579),234.42989648052028,7512.717547714136,True,0.9689227782142176,1.0299994743593355,0,0,18,0.9999560325578681,l(r:p1udm822-p1ulv579),179.85361674719422,6821.593878722113
19,46073,2023-04-05T10:00,upper_activity_half,1.0,190.9374189376831,1.0,190.9374189376831,True,True,0.983601343527056,1.0299995118015246,0,0,18,0.9289217422996546,recloser_disswitch(r:p1udt228-p1udt62)p1u_12237,149.87911855562382,6362.9492613396105,True,0.983601343527056,1.0299995118015246,0,0,18,0.9289217422996546,recloser_disswitch(r:p1udt228-p1udt62)p1u_12237,149.87911855562382,6362.9492613396105
19,46073,2023-04-05T10:00,upper_activity_half,3.0,572.8122568130493,0.81024169921875,464.1163762935321,False,True,0.971902457005422,1.0299994789723308,0,0,18,1.0977225554632692,l(r:p1udm822-p1ulv579),172.8076219994321,6767.429824655196,True,0.9752744523787849,1.029999488399308,0,0,18,0.9999753174695055,l(r:p1udm822-p1ulv579),165.8573402119903,6651.964113910681
19,46073,2023-04-05T10:00,upper_activity_half,5.0,954.6870946884155,0.48614501953125,464.1163762935321,False,True,0.959737736585688,1.029999445183346,0,0,18,1.4459021713628237,l(r:p1udm822-p1ulv579),200.09645261502638,7176.73988498972,True,0.9752744523182247,1.0299994883993076,0,0,18,0.9999753183844425,l(r:p1udm822-p1ulv579),165.85735585055403,6651.964117282776
19,46073,2023-04-05T10:00,upper_activity_half,10.0,1909.374189376831,0.2430419921875,464.0581068175379,False,True,0.9270390443599155,1.0299993562976342,18,0,18,2.350544640702643,l(r:p1udm822-p1ulv579),289.3189471635071,8220.635558813601,True,0.9752762364710538,1.0299994884042896,0,0,18,0.9999233274629381,l(r:p1udm822-p1ulv579),165.85375456817286,6651.902932032647
19,46294,2023-04-14T15:00,lower_activity_half,1.0,91.37446284294128,1.0,91.37446284294128,True,True,0.9880853808704423,1.0299995202589136,0,0,18,0.9223013047812864,recloser_disswitch(r:p1udt228-p1udt62)p1u_12237,144.4935000730375,6257.950603758341,True,0.9880853808704423,1.0299995202589136,0,0,18,0.9223013047812864,recloser_disswitch(r:p1udt228-p1udt62)p1u_12237,144.4935000730375,6257.950603758341
19,46294,2023-04-14T15:00,lower_activity_half,3.0,274.12338852882385,1.0,274.12338852882385,True,True,0.9856458410497975,1.029999504806381,0,0,18,0.9420275519229571,recloser_disswitch(r:p1udt228-p1udt62)p1u_12237,154.43385621239295,6450.493087893473,True,0.9856458410497975,1.029999504806381,0,0,18,0.9420275519229571,recloser_disswitch(r:p1udt228-p1udt62)p1u_12237,154.43385621239295,6450.493087893473
19,46294,2023-04-14T15:00,lower_activity_half,5.0,456.8723142147064,1.0,456.8723142147064,True,True,0.9795232513487431,1.0299994891134856,0,0,18,0.9619669338216434,recloser_disswitch(r:p1udt228-p1udt62)p1u_12237,165.55537135814535,6644.347254468585,True,0.9795232513487431,1.0299994891134856,0,0,18,0.9619669338216434,recloser_disswitch(r:p1udt228-p1udt62)p1u_12237,165.55537135814535,6644.347254468585
19,46294,2023-04-14T15:00,lower_activity_half,10.0,913.7446284294128,0.875732421875,800.1957964297617,False,True,0.9603500920004217,1.0299994488101645,0,0,18,1.017407409079537,l(r:p1udt104-p1uhs0_1247)_cont,198.81009335722837,7134.515280674308,True,0.9652357197578539,1.0299994589705757,0,0,18,0.9999984180409897,recloser_disswitch(r:p1udt228-p1udt62)p1u_12237,189.7927055994398,7011.979353141747
19,46385,2023-04-18T10:00,upper_activity_half,1.0,188.02274084091187,1.0,188.02274084091187,True,True,0.9837433107698194,1.0299995120192917,0,0,18,0.9393939810790097,recloser_disswitch(r:p1udt228-p1udt62)p1u_12237,150.3937687680999,6360.557024221446,True,0.9837433107698194,1.0299995120192917,0,0,18,0.9393939810790097,recloser_disswitch(r:p1udt228-p1udt62)p1u_12237,150.3937687680999,6360.557024221446
19,46385,2023-04-18T10:00,upper_activity_half,3.0,564.0682225227356,0.87774658203125,495.1089543517737,False,True,0.9723473331423653,1.0299994797510061,0,0,18,1.0436310884091669,l(r:p1udt175lv-p1ulv493),174.176282513618,6760.069504126947,True,0.9744646498809565,1.0299994857126051,0,0,18,0.9999844111974316,l(r:p1udt175lv-p1ulv493),169.52393947447808,6686.6232966008865
19,46385,2023-04-18T10:00,upper_activity_half,5.0,940.1137042045593,0.52667236328125,495.1319063465053,False,True,0.9605179614299929,1.029999446705174,0,0,18,1.2839649150190788,l(r:p1udt175lv-p1ulv493),202.04717823947277,7164.126582590815,True,0.9744639460731417,1.02999948571062,0,0,18,0.9999989368342024,l(r:p1udt175lv-p1ulv493),169.52548191877713,6686.647778447904
19,46385,2023-04-18T10:00,upper_activity_half,10.0,1880.2274084091187,0.2633056640625,495.0745263596764,False,True,0.9288275321037734,1.029999360596419,15,0,18,1.9006578418474613,l(r:p1udt175lv-p1ulv493),291.145849588938,8193.334526468172,True,0.9744656889816734,1.0299994857155237,0,0,18,0.9999628406335176,l(r:p1udt175lv-p1ulv493),169.52169918059565,6686.5872839139365
19,46413,2023-04-19T14:00,lower_activity_half,1.0,57.698155641555786,1.0,57.698155641555786,True,True,0.9869361808767483,1.02999952300047,0,0,18,0.9189616577052226,recloser_disswitch(r:p1udt228-p1udt62)p1u_12237,143.27187535604625,6223.072134157112,True,0.9869361808767483,1.02999952300047,0,0,18,0.9189616577052226,recloser_disswitch(r:p1udt228-p1udt62)p1u_12237,143.27187535604625,6223.072134157112
19,46413,2023-04-19T14:00,lower_activity_half,3.0,173.09446692466736,1.0,173.09446692466736,True,True,0.9821636019060389,1.029999513121268,0,0,18,0.9319351371567854,recloser_disswitch(r:p1udt228-p1udt62)p1u_12237,150.34912508365454,6345.393721482379,True,0.9821636019060389,1.029999513121268,0,0,18,0.9319351371567854,recloser_disswitch(r:p1udt228-p1udt62)p1u_12237,150.34912508365454,6345.393721482379
19,46413,2023-04-19T14:00,lower_activity_half,5.0,288.49077820777893,1.0,288.49077820777893,True,True,0.9773137777140274,1.0299995031206186,0,0,18,0.94503310500216,recloser_disswitch(r:p1udt228-p1udt62)p1u_12237,158.02890573915496,6468.460984693196,True,0.9773137777140274,1.0299995031206186,0,0,18,0.94503310500216,recloser_disswitch(r:p1udt228-p1udt62)p1u_12237,158.02890573915496,6468.460984693196
19,46413,2023-04-19T14:00,lower_activity_half,10.0,576.9815564155579,0.91619873046875,528.6297694918176,False,True,0.9648460033281328,1.0299994776324417,0,0,18,1.038020574118328,l(r:p1udm822-p1ulv579),179.93015441947244,6778.711854165413,True,0.9669655328699948,1.0299994819397555,0,0,18,0.9999761576329002,l(r:p1udm822-p1ulv579),175.99276866616768,6726.612929833425
19,46948,2023-05-11T21:00,lower_activity_half,1.0,43.385165214538574,1.0,43.385165214538574,True,True,0.9891136785512368,1.029999524239588,0,0,18,0.9167142525975528,recloser_disswitch(r:p1udt228-p1udt62)p1u_12237,142.29996126068448,6207.810719820212,True,0.9891136785512368,1.029999524239588,0,0,18,0.9167142525975528,recloser_disswitch(r:p1udt228-p1udt62)p1u_12237,142.29996126068448,6207.810719820212
19,46948,2023-05-11T21:00,lower_activity_half,3.0,130.15549564361572,1.0,130.15549564361572,True,True,0.9862018298222933,1.0299995168785137,0,0,18,0.9251482064736616,recloser_disswitch(r:p1udt228-p1udt62)p1u_12237,147.24295959366884,6299.363118071275,True,0.9862018298222933,1.0299995168785137,0,0,18,0.9251482064736616,recloser_disswitch(r:p1udt228-p1udt62)p1u_12237,147.24295959366884,6299.363118071275
19,46948,2023-05-11T21:00,lower_activity_half,5.0,216.92582607269287,1.0,216.92582607269287,True,True,0.981748665809932,1.0299995094433787,0,0,18,0.9336577254415601,recloser_disswitch(r:p1udt228-p1udt62)p1u_12237,152.53155246333222,6391.417799131792,True,0.981748665809932,1.0299995094433787,0,0,18,0.9336577254415601,recloser_disswitch(r:p1udt228-p1udt62)p1u_12237,152.53155246333222,6391.417799131792
19,46948,2023-05-11T21:00,lower_activity_half,10.0,433.85165214538574,1.0,433.85165214538574,True,True,0.9703517123548878,1.0299994905860648,0,0,18,0.9551569628393347,recloser_disswitch(r:p1udt228-p1udt62)p1u_12237,167.27590237204333,6623.011892198856,True,0.9703517123548878,1.0299994905860648,0,0,18,0.9551569628393347,recloser_disswitch(r:p1udt228-p1udt62)p1u_12237,167.27590237204333,6623.011892198856
19,47304,2023-05-26T17:00,lower_activity_half,1.0,83.14106774330139,1.0,83.14106774330139,True,True,0.9881946506612854,1.029999520942235,0,0,18,0.9204003217763443,recloser_disswitch(r:p1udt228-p1udt62)p1u_12237,144.11095356770997,6249.3368471069,True,0.9881946506612854,1.029999520942235,0,0,18,0.9204003217763443,recloser_disswitch(r:p1udt228-p1udt62)p1u_12237,144.11095356770997,6249.3368471069
19,47304,2023-05-26T17:00,lower_activity_half,3.0,249.42320322990417,1.0,249.42320322990417,True,True,0.9839712698456551,1.02999950692268,0,0,18,0.936240391289249,recloser_disswitch(r:p1udt228-p1udt62)p1u_12237,152.93532581763213,6424.301490078852,True,0.9839712698456551,1.02999950692268,0,0,18,0.936240391289249,recloser_disswitch(r:p1udt228-p1udt62)p1u_12237,152.93532581763213,6424.301490078852
19,47304,2023-05-26T17:00,lower_activity_half,5.0,415.70533871650696,1.0,415.70533871650696,True,True,0.9793436840277375,1.0299994927554363,0,0,18,0.9521765196534515,recloser_disswitch(r:p1udt228-p1udt62)p1u_12237,162.45037477720322,6600.088579122878,True,0.9793436840277375,1.0299994927554363,0,0,18,0.9521765196534515,recloser_disswitch(r:p1udt228-p1udt62)p1u_12237,162.45037477720322,6600.088579122878
19,47304,2023-05-26T17:00,lower_activity_half,10.0,831.4106774330139,0.73406982421875,610.3134898368444,False,True,0.9674947828230364,1.029999456731875,0,0,18,1.1518475451066146,l(r:p1udm822-p1ulv579),189.32466842810837,7042.505397943126,True,0.973845353307771,1.0299994759908122,0,0,18,0.9999907425619743,l(r:p1udm822-p1ulv579),174.47978590971002,6806.783663823565
19,47458,2023-06-02T03:00,lower_activity_half,1.0,11.082432746887207,1.0,11.082432746887207,True,True,0.9892502219526603,1.0299995269625408,0,0,18,0.9143624199960304,recloser_disswitch(r:p1udt228-p1udt62)p1u_12237,140.6382262212521,6173.841766856447,True,0.9892502219526603,1.0299995269625408,0,0,18,0.9143624199960304,recloser_disswitch(r:p1udt228-p1udt62)p1u_12237,140.6382262212521,6173.841766856447
19,47458,2023-06-02T03:00,lower_activity_half,3.0,33.24729824066162,1.0,33.24729824066162,True,True,0.9856953899891114,1.0299995250680718,0,0,18,0.9180870234710826,recloser_disswitch(r:p1udt228-p1udt62)p1u_12237,142.1457574894101,6197.374983507751,True,0.9856953899891114,1.0299995250680718,0,0,18,0.9180870234710826,recloser_disswitch(r:p1udt228-p1udt62)p1u_12237,142.1457574894101,6197.374983507751
19,47458,2023-06-02T03:00,lower_activity_half,5.0,55.412163734436035,1.0,55.412163734436035,True,True,0.9808891170352891,1.0299995231327053,0,0,18,0.9218697080873507,recloser_disswitch(r:p1udt228-p1udt62)p1u_12237,143.8451987091728,6221.237103508776,True,0.9808891170352891,1.0299995231327053,0,0,18,0.9218697080873507,recloser_disswitch(r:p1udt228-p1udt62)p1u_12237,143.8451987091728,6221.237103508776
19,47458,2023-06-02T03:00,lower_activity_half,10.0,110.82432746887207,1.0,110.82432746887207,True,True,0.9685502679938044,1.0299995181608956,0,0,18,0.931493559936095,recloser_disswitch(r:p1udt228-p1udt62)p1u_12237,148.94316062750465,6281.713907338998,True,0.9685502679938044,1.0299995181608956,0,0,18,0.931493559936095,recloser_disswitch(r:p1udt228-p1udt62)p1u_12237,148.94316062750465,6281.713907338998
19,47868,2023-06-19T05:00,lower_activity_half,1.0,3.571868658065796,1.0,3.571868658065796,True,True,0.989161263788126,1.0299995276119196,0,0,18,0.9130832875840815,recloser_disswitch(r:p1udt228-p1udt62)p1u_12237,140.14186430357182,6165.734973121128,True,0.989161263788126,1.0299995276119196,0,0,18,0.9130832875840815,recloser_disswitch(r:p1udt228-p1udt62)p1u_12237,140.14186430357182,6165.734973121128
19,47868,2023-06-19T05:00,lower_activity_half,3.0,10.715605974197388,1.0,10.715605974197388,True,True,0.9888893250006963,1.0299995270143634,0,0,18,0.9142644405276137,recloser_disswitch(r:p1udt228-p1udt62)p1u_12237,140.53745602421782,6173.213592644576,True,0.9888893250006963,1.0299995270143634,0,0,18,0.9142644405276137,recloser_disswitch(r:p1udt228-p1udt62)p1u_12237,140.53745602421782,6173.213592644576
19,47868,2023-06-19T05:00,lower_activity_half,5.0,17.85934329032898,1.0,17.85934329032898,True,True,0.9886164063964642,1.0299995264108999,0,0,18,0.9154560554508177,recloser_disswitch(r:p1udt228-p1udt62)p1u_12237,140.94102228405308,6180.760089367336,True,0.9886164063964642,1.0299995264108999,0,0,18,0.9154560554508177,recloser_disswitch(r:p1udt228-p1udt62)p1u_12237,140.94102228405308,6180.760089367336
19,47868,2023-06-19T05:00,lower_activity_half,10.0,35.71868658065796,1.0,35.71868658065796,True,True,0.9879336771579899,1.029999524901916,0,0,18,0.9184325940442749,recloser_disswitch(r:p1udt228-p1udt62)p1u_12237,141.9706233047909,6199.5995117771145,True,0.9879336771579899,1.029999524901916,0,0,18,0.9184325940442749,recloser_disswitch(r:p1udt228-p1udt62)p1u_12237,141.9706233047909,6199.5995117771145
19,48214,2023-07-03T15:00,lower_activity_half,1.0,73.25083684921265,1.0,73.25083684921265,True,True,0.987574772132511,1.0299995217710054,0,0,18,0.9207759157551885,recloser_disswitch(r:p1udt228-p1udt62)p1u_12237,143.73428171644883,6238.835449040742,True,0.987574772132511,1.0299995217710054,0,0,18,0.9207759157551885,recloser_disswitch(r:p1udt228-p1udt62)p1u_12237,143.73428171644883,6238.835449040742
19,48214,2023-07-03T15:00,lower_activity_half,3.0,219.75251054763794,1.0,219.75251054763794,True,True,0.9840965938339404,1.0299995093645542,0,0,18,0.9374853044856192,recloser_disswitch(r:p1udt228-p1udt62)p1u_12237,151.78549965732924,6393.486194149507,True,0.9840965938339404,1.0299995093645542,0,0,18,0.9374853044856192,recloser_disswitch(r:p1udt228-p1udt62)p1u_12237,151.78549965732924,6393.486194149507
19,48214,2023-07-03T15:00,lower_activity_half,5.0,366.25418424606323,1.0,366.25418424606323,True,True,0.9805802978856705,1.0299994968499155,0,0,18,0.9542774334860271,recloser_disswitch(r:p1udt228-p1udt62)p1u_12237,160.4440263148354,6548.6384139946,True,0.9805802978856705,1.0299994968499155,0,0,18,0.9542774334860271,recloser_disswitch(r:p1udt228-p1udt62)p1u_12237,160.4440263148354,6548.6384139946
19,48214,2023-07-03T15:00,lower_activity_half,10.0,732.5083684921265,1.0,732.5083684921265,True,True,0.9716141895750594,1.0299994650459263,0,0,18,0.9966830583254945,recloser_disswitch(r:p1udt228-p1udt62)p1u_12237,184.846951939484,6939.16033206792,True,0.9716141895750594,1.0299994650459263,0,0,18,0.9966830583254945,recloser_disswitch(r:p1udt228-p1udt62)p1u_12237,184.846951939484,6939.16033206792
19,48449,2023-07-13T10:00,upper_activity_half,1.0,185.93796157836914,1.0,185.93796157836914,True,True,0.9857231787169587,1.0299995122770775,0,0,18,0.9371068854440076,recloser_disswitch(r:p1udt228-p1udt62)p1u_12237,149.81272549013224,6357.891905216207,True,0.9857231787169587,1.0299995122770775,0,0,18,0.9371068854440076,recloser_disswitch(r:p1udt228-p1udt62)p1u_12237,149.81272549013224,6357.891905216207
19,48449,2023-07-13T10:00,upper_activity_half,3.0,557.8138847351074,1.0,557.8138847351074,True,True,0.9784633978390535,1.0299994806583779,0,0,18,0.986650199627432,recloser_disswitch(r:p1udt228-p1udt62)p1u_12237,171.71266386559384,6751.383864753323,True,0.9784633978390535,1.0299994806583779,0,0,18,0.986650199627432,recloser_disswitch(r:p1udt228-p1udt62)p1u_12237,171.71266386559384,6751.383864753323
19,48449,2023-07-13T10:00,upper_activity_half,5.0,929.6898078918457,0.706787109375,657.0927719352767,False,True,0.9710351907177792,1.0299994484803674,0,0,18,1.0367648643897107,recloser_disswitch(r:p1udt228-p1udt62)p1u_12237,196.6403996702655,7148.140498241525,True,0.9764943711382826,1.0299994721085453,0,0,18,0.9999983614587696,recloser_disswitch(r:p1udt228-p1udt62)p1u_12237,178.07568903599193,6857.159176909496
19,48449,2023-07-13T10:00,upper_activity_half,10.0,1859.3796157836914,0.3533935546875,657.0927719352767,False,True,0.9516730515471511,1.0299993655034025,0,0,18,1.1647803477082224,l(r:p1udt104-p1uhs0_1247)_cont,273.02502923512463,8154.279990857195,True,0.976494365792415,1.0299994721085173,0,0,18,0.9999984128466252,recloser_disswitch(r:p1udt228-p1udt62)p1u_12237,178.0757089119921,6857.159508817403
19,48450,2023-07-13T11:00,upper_activity_half,1.0,197.65360134840012,1.0,197.65360134840012,True,True,0.9856769333197833,1.029999511306073,0,0,18,0.9373202373122144,recloser_disswitch(r:p1udt228-p1udt62)p1u_12237,150.20950038453583,6369.977076773242,True,0.9856769333197833,1.029999511306073,0,0,18,0.9373202373122144,recloser_disswitch(r:p1udt228-p1udt62)p1u_12237,150.20950038453583,6369.977076773242
19,48450,2023-07-13T11:00,upper_activity_half,3.0,592.9608040452003,1.0,592.9608040452003,True,True,0.9783213467333379,1.029999477720237,0,0,18,0.9872760571645801,recloser_disswitch(r:p1udt228-p1udt62)p1u_12237,172.93250202957503,6787.744212111107,True,0.9783213467333379,1.029999477720237,0,0,18,0.9872760571645801,recloser_disswitch(r:p1udt228-p1udt62)p1u_12237,172.93250202957503,6787.744212111107
19,48450,2023-07-13T11:00,upper_activity_half,5.0,988.2680067420006,0.70098876953125,692.7647740131761,False,True,0.9707951313598936,1.0299994435516402,0,0,18,1.0377637841536127,recloser_disswitch(r:p1udt228-p1udt62)p1u_12237,198.71446448661493,7208.783752866654,True,0.976434854901201,1.0299994691341907,0,0,18,0.9999978160831382,recloser_disswitch(r:p1udt228-p1udt62)p1u_12237,179.15795974437816,6893.913125196302
19,48450,2023-07-13T11:00,upper_activity_half,10.0,1976.5360134840012,0.3504638671875,692.7044549209677,False,True,0.9511749526714125,1.0299993554848392,0,0,18,1.199899646215499,l(r:p1udm822-p1ulv579),277.35411675311053,8275.758798577262,True,0.9764359859526933,1.0299994691393244,0,0,18,0.9999902313535283,recloser_disswitch(r:p1udt228-p1udt62)p1u_12237,179.15418238166868,6893.849686866899
19,49081,2023-08-08T18:00,upper_activity_half,1.0,184.03811740875244,1.0,184.03811740875244,True,True,0.9848039055936483,1.0299995123324728,0,0,18,0.9327562429256946,recloser_disswitch(r:p1udt228-p1udt62)p1u_12237,150.0270382076696,6356.185883430899,True,0.9848039055936483,1.0299995123324728,0,0,18,0.9327562429256946,recloser_disswitch(r:p1udt228-p1udt62)p1u_12237,150.0270382076696,6356.185883430899
19,49081,2023-08-08T18:00,upper_activity_half,3.0,552.1143522262573,1.0,552.1143522262573,True,True,0.9756263040788558,1.029999480653826,0,0,18,0.97366927864691,recloser_disswitch(r:p1udt228-p1udt62)p1u_12237,173.05703483787855,6747.00110357486,True,0.9756263040788558,1.029999480653826,0,0,18,0.97366927864691,recloser_disswitch(r:p1udt228-p1udt62)p1u_12237,173.05703483787855,6747.00110357486
19,49081,2023-08-08T18:00,upper_activity_half,5.0,920.1905870437622,0.85369873046875,785.5655359485536,False,True,0.9661672694634218,1.0299994481790877,0,0,18,1.0481881943820357,l(r:p1udm822-p1ulv579),200.11620387745631,7142.061949381121,True,0.9696558184033425,1.029999460130246,0,0,18,0.9999955903696978,recloser_disswitch(r:p1udt228-p1udt62)p1u_12237,189.75261952617035,6997.308548586216
19,49081,2023-08-08T18:00,upper_activity_half,10.0,1840.3811740875244,0.42681884765625,785.5093719722936,False,True,0.9411499847833797,1.0299993632721258,12,0,18,1.5249721721544778,l(r:p1udm822-p1ulv579),286.8836712029788,8149.070818739904,True,0.9696572677924813,1.0299994601352178,0,0,18,0.999989232099713,recloser_disswitch(r:p1udt228-p1udt62)p1u_12237,189.74841163567206,6997.248178498524
19,49289,2023-08-17T10:00,upper_activity_half,1.0,186.71374398469925,1.0,186.71374398469925,True,True,0.9864346689917627,1.0299995121402477,0,0,18,0.9342235795200422,recloser_disswitch(r:p1udt228-p1udt62)p1u_12237,150.06633808503585,6358.945292806797,True,0.9864346689917627,1.0299995121402477,0,0,18,0.9342235795200422,recloser_disswitch(r:p1udt228-p1udt62)p1u_12237,150.06633808503585,6358.945292806797
19,49289,2023-08-17T10:00,upper_activity_half,3.0,560.1412319540977,1.0,560.1412319540977,True,True,0.9801477303324347,1.0299994801959285,0,0,18,0.977965063245123,recloser_disswitch(r:p1udt228-p1udt62)p1u_12237,172.65637151823722,6754.642222222386,True,0.9801477303324347,1.0299994801959285,0,0,18,0.977965063245123,recloser_disswitch(r:p1udt228-p1udt62)p1u_12237,172.65637151823722,6754.642222222386
19,49289,2023-08-17T10:00,upper_activity_half,5.0,933.5687199234962,0.79937744140625,746.2737747093524,False,True,0.9715477145103188,1.0299994476080454,0,0,18,1.0964026358497578,l(r:p1udm822-p1ulv579),198.53540787988317,7153.892643884184,True,0.9758852417740913,1.0299994640161556,0,0,18,0.9999994330568218,recloser_disswitch(r:p1udt228-p1udt62)p1u_12237,185.1478730991816,6953.412039189395
19,49289,2023-08-17T10:00,upper_activity_half,10.0,1867.1374398469925,0.399658203125,746.2167941966618,False,True,0.949043062590711,1.0299993632185294,6,0,18,1.6220244731269078,l(r:p1udm822-p1ulv579),278.53079243376396,8167.529040978864,True,0.9758865425080001,1.0299994640210628,0,0,18,0.9999927759307288,recloser_disswitch(r:p1udt228-p1udt62)p1u_12237,185.143983403256,6953.351884872628
19,49408,2023-08-22T09:00,upper_activity_half,1.0,197.64600601792336,1.0,197.64600601792336,True,True,0.9839507977964008,1.0299995112231914,0,0,18,0.9339903450128859,recloser_disswitch(r:p1udt228-p1udt62)p1u_12237,150.54652078295942,6370.338826830034,True,0.9839507977964008,1.0299995112231914,0,0,18,0.9339903450128859,recloser_disswitch(r:p1udt228-p1udt62)p1u_12237,150.54652078295942,6370.338826830034
19,49408,2023-08-22T09:00,upper_activity_half,3.0,592.9380180537701,1.0,592.9380180537701,True,True,0.9729897514099666,1.0299994773150127,0,0,18,0.9773364921620331,recloser_disswitch(r:p1udt228-p1udt62)p1u_12237,174.67700056555674,6789.434577118785,True,0.9729897514099666,1.0299994773150127,0,0,18,0.9773364921620331,recloser_disswitch(r:p1udt228-p1udt62)p1u_12237,174.67700056555674,6789.434577118785
19,49408,2023-08-22T09:00,upper_activity_half,5.0,988.2300300896168,0.67242431640625,664.5099024351384,False,True,0.9616325777822915,1.0299994425818075,0,0,18,1.20435206778765,l(r:p1udm822-p1ulv579),202.93386323581498,7212.901750071022,True,0.9709587869392401,1.0299994710701412,0,0,18,0.9999876771435172,l(r:p1udm822-p1ulv579),179.49271279115626,6865.993000657141
19,49408,2023-08-22T09:00,upper_activity_half,10.0,1976.4600601792336,0.336181640625,664.449585660841,False,True,0.9312669150414145,1.0299993518938217,15,0,18,1.8459818800291938,l(r:p1udm822-p1ulv579),293.19888276147833,8291.40578406938,True,0.9709604811836413,1.029999471075332,0,0,18,0.9999500865939827,l(r:p1udm822-p1ulv579),179.4886500911832,6865.929401970603
19,49409,2023-08-22T10:00,upper_activity_half,1.0,219.909832239151,1.0,219.909832239151,True,True,0.9833851022696024,1.0299995093465495,0,0,18,0.9381149059371439,recloser_disswitch(r:p1udt228-p1udt62)p1u_12237,151.80279632439454,6393.834474701971,True,0.9833851022696024,1.0299995093465495,0,0,18,0.9381149059371439,recloser_disswitch(r:p1udt228-p1udt62)p1u_12237,151.80279632439454,6393.834474701971
19,49409,2023-08-22T10:00,upper_activity_half,3.0,659.729496717453,1.0,659.729496717453,True,True,0.9712383579495133,1.0299994716241911,0,0,18,0.9897951763040757,recloser_disswitch(r:p1udt228-p1udt62)p1u_12237,178.8019837910916,6860.327747430313,True,0.9712383579495133,1.0299994716241911,0,0,18,0.9897951763040757,recloser_disswitch(r:p1udt228-p1udt62)p1u_12237,178.8019837910916,6860.327747430313
19,49409,2023-08-22T10:00,upper_activity_half,5.0,1099.549161195755,0.626708984375,689.0973380833748,False,True,0.9586029045583522,1.0299994329713078,0,0,18,1.2499923765293801,l(r:p1udm822-p1ulv579),210.4482353417545,7331.962028219159,True,0.9704053224362726,1.0299994690548007,0,0,18,0.9999717746886875,l(r:p1udm822-p1ulv579),180.77904968762388,6891.8672047090195
19,49409,2023-08-22T10:00,upper_activity_half,10.0,2199.09832239151,0.3133544921875,689.0973380833748,False,True,0.9246090517909195,1.029999332137587,15,0,18,1.9395187452417553,l(r:p1udm822-p1ulv579),311.6583939633311,8532.71103858734,True,0.9704053117737369,1.0299994690547631,0,0,18,0.9999719014844155,l(r:p1udm822-p1ulv579),180.7790753251469,6891.86764432209
19,49410,2023-08-22T11:00,upper_activity_half,1.0,204.56667828559875,1.0,204.56667828559875,True,True,0.9841080704081621,1.0299995107158337,0,0,18,0.9380729239402074,recloser_disswitch(r:p1udt228-p1udt62)p1u_12237,150.62110675005917,6377.319462340183,True,0.9841080704081621,1.0299995107158337,0,0,18,0.9380729239402074,recloser_disswitch(r:p1udt228-p1udt62)p1u_12237,150.62110675005917,6377.319462340183
19,49410,2023-08-22T11:00,upper_activity_half,3.0,613.7000348567963,1.0,613.7000348567963,True,True,0.9734833164650765,1.0299994758452955,0,0,18,0.9896221080396693,recloser_disswitch(r:p1udt228-p1udt62)p1u_12237,174.7041598662903,6810.233532738498,True,0.9734833164650765,1.0299994758452955,0,0,18,0.9896221080396693,recloser_disswitch(r:p1udt228-p1udt62)p1u_12237,174.7041598662903,6810.233532738498
19,49410,2023-08-22T11:00,upper_activity_half,5.0,1022.8333914279938,0.33984375,347.60353536810726,False,True,0.9624925456055744,1.029999440231116,0,0,18,1.1832756224499008,l(r:p1udm822-p1ulv579),202.63006209099655,7247.221224309746,True,0.9804312635432907,1.029999498598219,0,0,18,0.9560354683227621,recloser_disswitch(r:p1udt228-p1udt62)p1u_12237,158.6213745764462,6528.324725940065
19,49410,2023-08-22T11:00,upper_activity_half,10.0,2045.6667828559875,0.169921875,347.60353536810726,False,True,0.9332070475984848,1.0299993477395948,15,0,18,1.798544197759455,l(r:p1udm822-p1ulv579),290.65744713922646,8358.060825957065,True,0.9804312635412684,1.0299994985982188,0,0,18,0.9560354680874059,recloser_disswitch(r:p1udt228-p1udt62)p1u_12237,158.62135746822642,6528.324727581699
19,49458,2023-08-24T11:00,upper_activity_half,1.0,192.7057340145111,1.0,192.7057340145111,True,True,0.9844693211054298,1.0299995116133933,0,0,18,0.9380492446122453,recloser_disswitch(r:p1udt228-p1udt62)p1u_12237,150.72369610580705,6365.455663982829,True,0.9844693211054298,1.0299995116133933,0,0,18,0.9380492446122453,recloser_disswitch(r:p1udt228-p1udt62)p1u_12237,150.72369610580705,6365.455663982829
19,49458,2023-08-24T11:00,upper_activity_half,3.0,578.1172020435333,1.0,578.1172020435333,True,True,0.9745974329530479,1.0299994785209952,0,0,18,0.9896596654372033,recloser_disswitch(r:p1udt228-p1udt62)p1u_12237,175.1214614634899,6775.064052191763,True,0.9745974329530479,1.0299994785209952,0,0,18,0.9896596654372033,recloser_disswitch(r:p1udt228-p1udt62)p1u_12237,175.1214614634899,6775.064052191763
19,49458,2023-08-24T11:00,upper_activity_half,5.0,963.5286700725555,0.67919921875,654.4279199565062,False,True,0.9644129303179939,1.0299994447075367,0,0,18,1.078541889833907,l(r:p1udt175lv-p1ulv493),203.4843556054016,7188.767569736531,True,0.9726023659559663,1.0299994718672911,0,0,18,0.9999953870060504,recloser_disswitch(r:p1udt228-p1udt62)p1u_12237,180.42725633048676,6856.845957452474
19,49458,2023-08-24T11:00,upper_activity_half,10.0,1927.057340145111,0.339599609375,654.4279199565062,False,True,0.9374151927885693,1.029999356791453,18,0,18,1.4783131895672237,l(r:p1udt175lv-p1ulv493),293.1621943181077,8242.01685148871,True,0.9726023576629841,1.0299994718672574,0,0,18,0.9999954445231596,recloser_disswitch(r:p1udt228-p1udt62)p1u_12237,180.4272892491672,6856.846357491775
19,49459,2023-08-24T12:00,upper_activity_half,1.0,189.81134700775146,1.0,189.81134700775146,True,True,0.98459896952623,1.029999511899766,0,0,18,0.9361502976529853,recloser_disswitch(r:p1udt228-p1udt62)p1u_12237,150.25290614010018,6362.193849619376,True,0.98459896952623,1.029999511899766,0,0,18,0.9361502976529853,recloser_disswitch(r:p1udt228-p1udt62)p1u_12237,150.25290614010018,6362.193849619376
19,49459,2023-08-24T12:00,upper_activity_half,3.0,569.4340410232544,1.0,569.4340410232544,True,True,0.9750007644479664,1.0299994794307825,0,0,18,0.9838437032426953,recloser_disswitch(r:p1udt228-p1udt62)p1u_12237,173.53164553705616,6764.799969745136,True,0.9750007644479664,1.0299994794307825,0,0,18,0.9838437032426953,recloser_disswitch(r:p1udt228-p1udt62)p1u_12237,173.53164553705616,6764.799969745136
19,49459,2023-08-24T12:00,upper_activity_half,5.0,949.0567350387573,0.7340087890625,696.6159848374082,False,True,0.9634398790003154,1.0299994462661886,0,0,18,1.1508772969487469,l(r:p1udm822-p1ulv579),200.56357944903422,7171.386328693932,True,0.9714494901479612,1.0299994683806941,0,0,18,0.999999578828265,recloser_disswitch(r:p1udt228-p1udt62)p1u_12237,182.1719808940888,6900.778717943724
19,49459,2023-08-24T12:00,upper_activity_half,10.0,1898.1134700775146,0.36700439453125,696.6159848374082,False,True,0.9314914846881202,1.0299993601156603,12,0,18,1.731467153387294,l(r:p1udm822-p1ulv579),285.99025733790273,8205.908059437346,True,0.9714494985562461,1.0299994683807265,0,0,18,0.9999995203145907,recloser_disswitch(r:p1udt228-p1udt62)p1u_12237,182.1719602013791,6900.778331012148
19,49553,2023-08-28T10:00,upper_activity_half,1.0,197.9076976776123,1.0,197.9076976776123,True,True,0.9856066966241518,1.0299995112787161,0,0,18,0.938164943612878,recloser_disswitch(r:p1udt228-p1udt62)p1u_12237,150.2870396855444,6370.325224706889,True,0.9856066966241518,1.0299995112787161,0,0,18,0.938164943612878,recloser_disswitch(r:p1udt228-p1udt62)p1u_12237,150.2870396855444,6370.325224706889
19,49553,2023-08-28T10:00,upper_activity_half,3.0,593.7230930328369,1.0,593.7230930328369,True,True,0.9781075665091828,1.0299994776360366,0,0,18,0.9898233878286934,recloser_disswitch(r:p1udt228-p1udt62)p1u_12237,173.20066379659934,6788.771569298349,True,0.9781075665091828,1.0299994776360366,0,0,18,0.9898233878286934,recloser_disswitch(r:p1udt228-p1udt62)p1u_12237,173.20066379659934,6788.771569298349
19,49553,2023-08-28T10:00,upper_activity_half,5.0,989.5384883880615,0.67803955078125,670.9462321473984,False,True,0.9704312406655664,1.029999443399372,0,0,18,1.0780253322705295,l(r:p1udm822-p1ulv579),199.23038536406034,7210.56483169093,True,0.9766213527932089,1.029999470988706,0,0,18,0.999992792698707,recloser_disswitch(r:p1udt228-p1udt62)p1u_12237,178.0399435872565,6870.976566553272
19,49553,2023-08-28T10:00,upper_activity_half,10.0,1979.076976776123,0.3389892578125,670.8858355111443,False,True,0.9504047195330546,1.0299993551099393,0,0,18,1.5822269560254245,l(r:p1udm822-p1ulv579),278.7873381240938,8279.72329277218,True,0.9766225049039065,1.029999470993845,0,0,18,0.9999849456130793,recloser_disswitch(r:p1udt228-p1udt62)p1u_12237,178.03614233887413,6870.913045342922
19,49846,2023-09-09T15:00,lower_activity_half,1.0,30.41227789223194,1.0,30.41227789223194,True,True,0.988449488799957,1.0299995253450795,0,0,18,0.9156483713765281,recloser_disswitch(r:p1udt228-p1udt62)p1u_12237,141.52611648854096,6194.0747856843345,True,0.988449488799957,1.0299995253450795,0,0,18,0.9156483713765281,recloser_disswitch(r:p1udt228-p1udt62)p1u_12237,141.52611648854096,6194.0747856843345
19,49846,2023-09-09T15:00,lower_activity_half,3.0,91.23683367669582,1.0,91.23683367669582,True,True,0.9867549902021616,1.029999520248142,0,0,18,0.9218825492416761,recloser_disswitch(r:p1udt228-p1udt62)p1u_12237,144.73065510309803,6257.699745826811,True,0.9867549902021616,1.029999520248142,0,0,18,0.9218825492416761,recloser_disswitch(r:p1udt228-p1udt62)p1u_12237,144.73065510309803,6257.699745826811
19,49846,2023-09-09T15:00,lower_activity_half,5.0,152.0613894611597,1.0,152.0613894611597,True,True,0.9850464167277367,1.0299995151001498,0,0,18,0.9281881374287881,recloser_disswitch(r:p1udt228-p1udt62)p1u_12237,148.04881041018035,6321.827441374016,True,0.9850464167277367,1.0299995151001498,0,0,18,0.9281881374287881,recloser_disswitch(r:p1udt228-p1udt62)p1u_12237,148.04881041018035,6321.827441374016
19,49846,2023-09-09T15:00,lower_activity_half,10.0,304.1227789223194,1.0,304.1227789223194,True,True,0.980729476897471,1.029999502124048,0,0,18,0.9440474972014126,recloser_disswitch(r:p1udt228-p1udt62)p1u_12237,156.78094669739755,6482.843214523826,True,0.980729476897471,1.029999502124048,0,0,18,0.9440474972014126,recloser_disswitch(r:p1udt228-p1udt62)p1u_12237,156.78094669739755,6482.843214523826
19,50168,2023-09-23T01:00,lower_activity_half,1.0,8.444974184036255,1.0,8.444974184036255,True,True,0.9892623150135345,1.0299995272022773,0,0,18,0.9138953020441535,recloser_disswitch(r:p1udt228-p1udt62)p1u_12237,140.38504645112948,6170.889704478423,True,0.9892623150135345,1.0299995272022773,0,0,18,0.9138953020441535,recloser_disswitch(r:p1udt228-p1udt62)p1u_12237,140.38504645112948,6170.889704478423
19,50168,2023-09-23T01:00,lower_activity_half,3.0,25.334922552108765,1.0,25.334922552108765,True,True,0.9891940147292451,1.0299995257925154,0,0,18,0.9166836358211181,recloser_disswitch(r:p1udt228-p1udt62)p1u_12237,141.28940723009583,6188.54614593202,True,0.9891940147292451,1.0299995257925154,0,0,18,0.9166836358211181,recloser_disswitch(r:p1udt228-p1udt62)p1u_12237,141.28940723009583,6188.54614593202
19,50168,2023-09-23T01:00,lower_activity_half,5.0,42.224870920181274,1.0,42.224870920181274,True,True,0.9891239148207923,1.0299995243633513,0,0,18,0.9195020899768375,recloser_disswitch(r:p1udt228-p1udt62)p1u_12237,142.24457640509718,6206.385445535417,True,0.9891239148207923,1.0299995243633513,0,0,18,0.9195020899768375,recloser_disswitch(r:p1udt228-p1udt62)p1u_12237,142.24457640509718,6206.385445535417
19,50168,2023-09-23T01:00,lower_activity_half,10.0,84.44974184036255,1.0,84.44974184036255,True,True,0.9889458279618096,1.0299995207460746,0,0,18,0.9266037829604306,recloser_disswitch(r:p1udt228-p1udt62)p1u_12237,144.83538779605814,6251.261900896388,True,0.9889458279618096,1.0299995207460746,0,0,18,0.9266037829604306,recloser_disswitch(r:p1udt228-p1udt62)p1u_12237,144.83538779605814,6251.261900896388
19,51647,2023-11-23T16:00,lower_activity_half,1.0,17.233353793621063,1.0,17.233353793621063,True,True,0.9892272559495879,1.0299995264684232,0,0,18,0.9150818835470422,recloser_disswitch(r:p1udt228-p1udt62)p1u_12237,140.84369585484467,6180.082707898819,True,0.9892272559495879,1.0299995264684232,0,0,18,0.9150818835470422,recloser_disswitch(r:p1udt228-p1udt62)p1u_12237,140.84369585484467,6180.082707898819
19,51647,2023-11-23T16:00,lower_activity_half,3.0,51.70006138086319,1.0,51.70006138086319,True,True,0.9890865762330997,1.0299995235705341,0,0,18,0.9202710128417023,recloser_disswitch(r:p1udt228-p1udt62)p1u_12237,142.74309826613188,6216.283035964715,True,0.9890865762330997,1.0299995235705341,0,0,18,0.9202710128417023,recloser_disswitch(r:p1udt228-p1udt62)p1u_12237,142.74309826613188,6216.283035964715
19,51647,2023-11-23T16:00,lower_activity_half,5.0,86.16676896810532,1.0,86.16676896810532,True,True,0.9889419338986912,1.0299995206193042,0,0,18,0.925539455353092,recloser_disswitch(r:p1udt228-p1udt62)p1u_12237,144.80238359661857,6252.94919999112,True,0.9889419338986912,1.0299995206193042,0,0,18,0.925539455353092,recloser_disswitch(r:p1udt228-p1udt62)p1u_12237,144.80238359661857,6252.94919999112
19,51647,2023-11-23T16:00,lower_activity_half,10.0,172.33353793621063,1.0,172.33353793621063,True,True,0.9822031361955711,1.02999951314848,0,0,18,0.9387936128989633,recloser_disswitch(r:p1udt228-p1udt62)p1u_12237,150.58830377367585,6344.875765450279,True,0.9822031361955711,1.02999951314848,0,0,18,0.9387936128989633,recloser_disswitch(r:p1udt228-p1udt62)p1u_12237,150.58830377367585,6344.875765450279
