event_id,threshold_customers,start,end_exclusive,duration_h,peak_customers_out,customer_hours_above_threshold,time_to_peak_h,post_peak_half_recovery_h
T0050_00001,50,2014-11-03 17:30:00,2014-11-03 18:45:00,1.25,90.0,108.25,0.25,
T0050_00002,50,2014-11-06 20:45:00,2014-11-06 21:15:00,0.5,155.0,77.0,0.25,
T0050_00003,50,2014-11-10 18:15:00,2014-11-10 18:30:00,0.25,1116.0,279.0,0.0,
T0050_00004,50,2014-11-10 22:15:00,2014-11-10 23:30:00,1.25,731.0,913.75,0.0,
T0050_00005,50,2014-11-14 13:30:00,2014-11-14 15:00:00,1.5,738.0,1107.0,0.0,
T0050_00006,50,2014-11-14 19:15:00,2014-11-14 20:15:00,1.0,91.0,90.5,0.5,
T0050_00007,50,2014-11-14 21:45:00,2014-11-14 22:45:00,1.0,738.0,738.0,0.0,
T0050_00008,50,2014-11-15 06:45:00,2014-11-15 13:15:00,6.5,739.0,4797.25,0.0,
T0050_00009,50,2014-11-17 20:15:00,2014-11-17 21:00:00,0.75,738.0,369.0,0.0,
T0050_00010,50,2014-11-18 16:00:00,2014-11-19 18:15:00,26.25,1794.0,6252.75,21.0,0.75
T0050_00011,50,2014-11-20 18:00:00,2014-11-20 19:00:00,1.0,208.0,154.75,0.75,
T0050_00012,50,2014-11-20 21:30:00,2014-11-20 22:45:00,1.25,86.0,105.5,0.0,
T0050_00013,50,2014-11-21 11:45:00,2014-11-21 15:00:00,3.25,492.0,1340.75,0.5,
T0050_00014,50,2014-11-21 16:45:00,2014-11-22 01:15:00,8.5,222.0,1248.25,0.25,
T0050_00015,50,2014-11-24 17:30:00,2014-11-24 18:30:00,1.0,215.0,210.0,0.0,
T0050_00016,50,2014-11-26 01:00:00,2014-11-26 02:30:00,1.5,2754.0,4130.0,1.0,
T0050_00017,50,2014-11-26 14:15:00,2014-11-26 14:30:00,0.25,102.0,25.5,0.0,
T0050_00018,50,2014-11-29 04:30:00,2014-11-29 07:30:00,3.0,152.0,453.25,1.25,
T0050_00019,50,2014-11-30 04:45:00,2014-11-30 07:15:00,2.5,319.0,797.5,0.0,
T0050_00020,50,2014-11-30 16:15:00,2014-11-30 17:00:00,0.75,118.0,88.25,0.25,
T0050_00021,50,2014-12-02 13:30:00,2014-12-02 14:30:00,1.0,119.0,95.0,0.75,
T0050_00022,50,2014-12-04 18:15:00,2014-12-04 21:30:00,3.25,133.0,342.25,2.0,
T0050_00023,50,2014-12-05 13:00:00,2014-12-05 16:15:00,3.25,329.0,963.5,0.0,
T0050_00024,50,2014-12-09 16:00:00,2014-12-09 18:00:00,2.0,542.0,1013.75,0.25,
T0050_00025,50,2014-12-28 14:00:00,2014-12-28 16:15:00,2.25,721.0,1622.25,0.0,
T0050_00026,50,2015-01-05 16:45:00,2015-01-05 22:15:00,5.5,60.0,326.25,3.75,
T0050_00027,50,2015-01-18 10:15:00,2015-01-18 14:45:00,4.5,899.0,4045.5,0.0,
T0050_00028,50,2015-02-23 13:15:00,2015-02-23 16:45:00,3.5,74.0,259.0,0.0,
T0050_00029,50,2015-03-14 13:00:00,2015-03-14 14:30:00,1.5,61.0,91.5,0.0,
T0050_00030,50,2015-03-18 15:30:00,2015-03-18 15:45:00,0.25,907.0,226.75,0.0,
T0050_00031,50,2015-04-16 20:45:00,2015-04-16 22:00:00,1.25,1290.0,1594.75,0.25,
T0050_00032,50,2015-04-17 00:00:00,2015-04-17 15:15:00,15.25,1309.0,11698.25,0.25,3.75
T0050_00033,50,2015-04-17 17:00:00,2015-04-17 20:00:00,3.0,690.0,1983.5,1.5,
T0050_00034,50,2015-04-17 21:15:00,2015-04-18 00:15:00,3.0,59.0,177.0,0.0,
T0050_00035,50,2015-04-26 05:00:00,2015-04-26 11:00:00,6.0,461.0,713.0,5.5,
T0050_00036,50,2015-04-26 13:45:00,2015-04-26 14:45:00,1.0,220.0,190.5,0.0,0.75
T0050_00037,50,2015-04-28 19:45:00,2015-04-28 20:00:00,0.25,561.0,140.25,0.0,
T0050_00038,50,2015-04-29 18:45:00,2015-04-29 20:15:00,1.5,906.0,1131.5,1.25,
T0050_00039,50,2015-05-08 15:30:00,2015-05-08 18:30:00,3.0,147.0,422.5,0.5,
T0050_00040,50,2015-05-08 23:45:00,2015-05-09 00:30:00,0.75,101.0,75.75,0.0,
T0050_00041,50,2015-05-09 03:15:00,2015-05-09 11:00:00,7.75,4589.0,6249.75,0.0,0.75
T0050_00042,50,2015-05-09 16:00:00,2015-05-09 22:15:00,6.25,3389.0,7787.75,0.25,1.5
T0050_00043,50,2015-05-10 13:00:00,2015-05-10 14:45:00,1.75,120.0,168.25,0.5,
T0050_00044,50,2015-05-10 17:15:00,2015-05-10 18:30:00,1.25,155.0,168.0,0.5,
T0050_00045,50,2015-05-12 22:45:00,2015-05-12 23:45:00,1.0,111.0,111.0,0.0,
T0050_00046,50,2015-05-14 09:15:00,2015-05-14 10:45:00,1.5,84.0,126.0,0.0,
T0050_00047,50,2015-05-15 09:00:00,2015-05-15 10:15:00,1.25,50.0,62.5,0.0,0.0
T0050_00048,50,2015-05-15 21:15:00,2015-05-15 23:15:00,2.0,95.0,181.75,0.0,
T0050_00049,50,2015-05-16 20:00:00,2015-05-16 22:15:00,2.25,88.0,176.0,0.0,
T0050_00050,50,2015-05-21 14:45:00,2015-05-21 15:15:00,0.5,263.0,83.25,0.25,
T0050_00051,50,2015-05-22 01:00:00,2015-05-22 01:15:00,0.25,67.0,16.75,0.0,
T0050_00052,50,2015-05-23 19:00:00,2015-05-23 20:00:00,1.0,122.0,122.0,0.0,
T0050_00053,50,2015-05-27 11:45:00,2015-05-27 12:15:00,0.5,64.0,32.0,0.0,
T0050_00054,50,2015-05-27 15:15:00,2015-05-27 16:00:00,0.75,2321.0,887.25,0.0,0.25
T0050_00055,50,2015-05-27 21:45:00,2015-05-28 01:30:00,3.75,292.0,816.75,0.0,1.75
T0050_00056,50,2015-05-28 12:30:00,2015-05-28 13:30:00,1.0,50.0,50.0,0.0,0.0
T0050_00057,50,2015-05-29 21:15:00,2015-05-29 21:30:00,0.25,117.0,29.25,0.0,
T0050_00058,50,2015-06-04 21:30:00,2015-06-04 21:45:00,0.25,92.0,23.0,0.0,
T0050_00059,50,2015-06-05 00:45:00,2015-06-05 07:30:00,6.75,598.0,1976.25,1.75,2.75
T0050_00060,50,2015-06-06 03:30:00,2015-06-06 05:00:00,1.5,81.0,106.5,1.0,
T0050_00061,50,2015-06-07 14:45:00,2015-06-07 16:30:00,1.75,147.0,255.75,0.25,
T0050_00062,50,2015-06-08 00:15:00,2015-06-08 02:00:00,1.75,153.0,267.75,0.0,
T0050_00063,50,2015-06-10 02:15:00,2015-06-10 03:15:00,1.0,52.0,52.0,0.0,
T0050_00064,50,2015-06-10 04:00:00,2015-06-10 08:30:00,4.5,69.0,252.5,0.25,
T0050_00065,50,2015-06-11 13:00:00,2015-06-11 14:45:00,1.75,54.0,79.5,0.0,
T0050_00066,50,2015-06-11 22:00:00,2015-06-11 23:00:00,1.0,62.0,61.25,0.25,
T0050_00067,50,2015-06-14 04:45:00,2015-06-14 08:30:00,3.75,55.0,203.25,0.0,
T0050_00068,50,2015-06-16 10:45:00,2015-06-16 12:30:00,1.75,60.0,93.0,1.5,
T0050_00069,50,2015-06-16 23:30:00,2015-06-17 00:45:00,1.25,77.0,96.25,0.0,
T0050_00070,50,2015-06-18 00:45:00,2015-06-18 01:45:00,1.0,63.0,63.0,0.0,
T0050_00071,50,2015-06-19 00:15:00,2015-06-19 03:00:00,2.75,252.0,370.5,0.5,1.25
T0050_00072,50,2015-06-21 07:45:00,2015-06-21 11:30:00,3.75,81.0,243.0,0.0,
T0050_00073,50,2015-06-21 22:15:00,2015-06-22 02:00:00,3.75,207.0,604.0,2.75,
T0050_00074,50,2015-06-22 06:15:00,2015-06-22 07:30:00,1.25,50.0,62.5,0.0,0.0
T0050_00075,50,2015-06-22 21:45:00,2015-06-22 23:15:00,1.5,214.0,319.75,0.75,
T0050_00076,50,2015-06-24 23:00:00,2015-06-25 00:30:00,1.5,73.0,109.0,0.0,
T0050_00077,50,2015-06-25 02:30:00,2015-06-25 03:00:00,0.5,75.0,34.25,0.0,
T0050_00078,50,2015-06-25 11:45:00,2015-06-25 13:45:00,2.0,77.0,134.75,0.0,
T0050_00079,50,2015-06-27 07:30:00,2015-06-27 09:45:00,2.25,51.0,89.25,0.0,
T0050_00080,50,2015-06-27 13:15:00,2015-06-27 14:45:00,1.5,64.0,96.0,0.0,
T0050_00081,50,2015-06-28 20:15:00,2015-06-28 21:45:00,1.5,119.0,122.5,1.25,
T0050_00082,50,2015-06-30 16:00:00,2015-06-30 16:45:00,0.75,55.0,27.5,0.0,
T0050_00083,50,2015-07-01 01:00:00,2015-07-01 07:15:00,6.25,113.0,500.5,0.25,
T0050_00084,50,2015-07-01 15:00:00,2015-07-01 18:30:00,3.5,156.0,541.25,3.0,
T0050_00085,50,2015-07-02 17:30:00,2015-07-02 20:15:00,2.75,83.0,225.75,0.75,
T0050_00086,50,2015-07-04 18:00:00,2015-07-04 18:30:00,0.5,76.0,38.0,0.0,
T0050_00087,50,2015-07-06 02:30:00,2015-07-06 03:15:00,0.75,1149.0,861.5,0.25,
T0050_00088,50,2015-07-08 15:15:00,2015-07-08 16:30:00,1.25,79.0,59.0,0.0,
T0050_00089,50,2015-07-08 21:45:00,2015-07-08 23:00:00,1.25,271.0,270.5,0.5,
T0050_00090,50,2015-07-08 23:45:00,2015-07-09 01:00:00,1.25,290.0,233.5,0.0,1.0
T0050_00091,50,2015-07-11 15:00:00,2015-07-11 16:30:00,1.5,68.0,92.0,0.0,
T0050_00092,50,2015-07-14 10:00:00,2015-07-14 12:15:00,2.25,57.0,108.75,0.75,
T0050_00093,50,2015-07-14 13:00:00,2015-07-14 13:30:00,0.5,115.0,57.5,0.0,
T0050_00094,50,2015-07-14 14:15:00,2015-07-14 14:45:00,0.5,82.0,41.0,0.0,
T0050_00095,50,2015-07-17 21:00:00,2015-07-17 22:30:00,1.5,3832.0,4787.5,0.5,
T0050_00096,50,2015-07-18 20:45:00,2015-07-18 22:30:00,1.75,188.0,329.0,0.0,
T0050_00097,50,2015-07-19 22:00:00,2015-07-19 23:45:00,1.75,216.0,324.0,0.0,
T0050_00098,50,2015-07-20 14:15:00,2015-07-20 16:15:00,2.0,52.0,103.5,0.0,1.75
T0050_00099,50,2015-07-23 12:30:00,2015-07-23 14:30:00,2.0,82.0,162.25,0.5,
T0050_00100,50,2015-07-23 16:30:00,2015-07-23 17:45:00,1.25,1635.0,469.5,1.0,
T0050_00101,50,2015-07-23 19:15:00,2015-07-23 23:15:00,4.0,187.0,717.0,2.25,
T0050_00102,50,2015-07-24 01:00:00,2015-07-24 04:30:00,3.5,92.0,316.5,2.0,
T0050_00103,50,2015-07-24 19:00:00,2015-07-24 21:00:00,2.0,82.0,142.25,0.75,
T0050_00104,50,2015-07-24 23:15:00,2015-07-25 01:00:00,1.75,116.0,192.75,0.25,
T0050_00105,50,2015-07-27 22:45:00,2015-07-28 00:15:00,1.5,61.0,85.5,0.25,
T0050_00106,50,2015-07-28 05:30:00,2015-07-28 12:00:00,6.5,56.0,364.0,0.0,
T0050_00107,50,2015-07-31 14:00:00,2015-07-31 21:45:00,7.75,293.0,2034.25,0.0,
T0050_00108,50,2015-08-01 14:30:00,2015-08-01 16:00:00,1.5,190.0,285.0,0.0,
T0050_00109,50,2015-08-02 13:30:00,2015-08-02 15:45:00,2.25,151.0,339.75,0.0,
T0050_00110,50,2015-08-03 11:15:00,2015-08-03 11:45:00,0.5,134.0,67.0,0.0,
T0050_00111,50,2015-08-04 18:30:00,2015-08-04 20:00:00,1.5,102.0,153.0,0.0,
T0050_00112,50,2015-08-05 19:00:00,2015-08-05 23:45:00,4.75,178.0,793.5,0.0,
T0050_00113,50,2015-08-06 04:30:00,2015-08-06 06:15:00,1.75,147.0,253.75,0.0,
T0050_00114,50,2015-08-07 17:00:00,2015-08-07 17:30:00,0.5,55.0,27.5,0.0,
T0050_00115,50,2015-08-08 09:15:00,2015-08-08 19:00:00,9.75,781.0,4482.0,8.0,0.75
T0050_00116,50,2015-08-09 02:30:00,2015-08-09 03:45:00,1.25,110.0,137.5,0.0,
T0050_00117,50,2015-08-09 05:45:00,2015-08-09 06:15:00,0.5,155.0,77.5,0.0,
T0050_00118,50,2015-08-13 22:45:00,2015-08-13 23:45:00,1.0,79.0,78.75,0.0,
T0050_00119,50,2015-08-14 08:15:00,2015-08-14 14:30:00,6.25,464.0,1899.5,0.75,5.25
T0050_00120,50,2015-08-15 07:30:00,2015-08-15 18:30:00,11.0,618.0,4258.5,9.25,0.25
T0050_00121,50,2015-08-15 19:15:00,2015-08-16 03:00:00,7.75,218.0,1375.25,0.0,
T0050_00122,50,2015-08-17 15:15:00,2015-08-17 15:30:00,0.25,385.0,96.25,0.0,
T0050_00123,50,2015-08-18 18:15:00,2015-08-18 20:15:00,2.0,77.0,154.0,0.0,
T0050_00124,50,2015-08-19 06:45:00,2015-08-19 09:00:00,2.25,575.0,1293.75,0.0,
T0050_00125,50,2015-08-20 17:15:00,2015-08-20 17:45:00,0.5,266.0,133.0,0.0,
T0050_00126,50,2015-08-26 20:30:00,2015-08-26 21:45:00,1.25,163.0,193.0,0.25,
T0050_00127,50,2015-08-27 13:45:00,2015-08-27 16:45:00,3.0,156.0,281.75,1.5,
T0050_00128,50,2015-08-27 23:30:00,2015-08-28 00:45:00,1.25,108.0,134.5,0.0,
T0050_00129,50,2015-08-30 15:00:00,2015-08-30 17:15:00,2.25,89.0,143.0,0.0,
T0050_00130,50,2015-08-31 07:45:00,2015-08-31 13:00:00,5.25,106.0,458.75,4.0,
T0050_00131,50,2015-09-02 15:45:00,2015-09-02 18:00:00,2.25,540.0,1215.0,0.0,
T0050_00132,50,2015-09-03 05:45:00,2015-09-03 12:45:00,7.0,67.0,464.75,0.0,
T0050_00133,50,2015-09-03 13:45:00,2015-09-03 15:00:00,1.25,84.0,105.0,0.0,
T0050_00134,50,2015-09-03 21:30:00,2015-09-03 22:30:00,1.0,229.0,228.25,0.0,
T0050_00135,50,2015-09-07 21:00:00,2015-09-07 23:45:00,2.75,3801.0,3944.75,0.25,1.25
T0050_00136,50,2015-09-09 22:15:00,2015-09-09 23:30:00,1.25,576.0,672.75,0.5,
T0050_00137,50,2015-09-10 06:45:00,2015-09-10 09:15:00,2.5,66.0,162.75,0.0,
T0050_00138,50,2015-09-12 22:15:00,2015-09-13 04:00:00,5.75,209.0,758.0,1.5,1.5
T0050_00139,50,2015-09-17 00:15:00,2015-09-17 01:15:00,1.0,156.0,155.25,0.75,
T0050_00140,50,2015-09-20 05:15:00,2015-09-20 16:15:00,11.0,99.0,1064.25,0.0,
T0050_00141,50,2015-09-20 21:45:00,2015-09-20 22:30:00,0.75,1112.0,834.0,0.0,
T0050_00142,50,2015-09-21 01:30:00,2015-09-21 03:00:00,1.5,164.0,246.0,0.0,
T0050_00143,50,2015-09-23 05:15:00,2015-09-23 09:45:00,4.5,265.0,1192.5,0.0,
T0050_00144,50,2015-09-23 10:45:00,2015-09-23 13:45:00,3.0,64.0,189.5,2.5,
T0050_00145,50,2015-09-24 11:45:00,2015-09-24 12:45:00,1.0,3349.0,2511.0,0.75,
T0050_00146,50,2015-09-24 14:00:00,2015-09-24 14:30:00,0.5,51.0,25.25,0.0,0.25
T0050_00147,50,2015-09-24 17:15:00,2015-09-24 17:30:00,0.25,50.0,12.5,0.0,0.0
T0050_00148,50,2015-09-24 21:15:00,2015-09-24 23:00:00,1.75,111.0,193.0,0.0,
T0050_00149,50,2015-09-25 23:00:00,2015-09-26 02:00:00,3.0,104.0,287.5,2.5,
T0050_00150,50,2015-09-26 13:30:00,2015-09-26 14:30:00,1.0,344.0,322.75,0.25,
T0050_00151,50,2015-09-26 15:45:00,2015-09-26 16:15:00,0.5,344.0,172.0,0.0,
T0050_00152,50,2015-09-26 19:30:00,2015-09-26 20:15:00,0.75,192.0,144.0,0.0,
T0050_00153,50,2015-09-28 15:15:00,2015-09-28 16:30:00,1.25,2320.0,1740.0,0.0,
T0050_00154,50,2015-09-29 19:45:00,2015-09-29 20:30:00,0.75,59.0,41.75,0.5,
T0050_00155,50,2015-10-01 19:30:00,2015-10-01 19:45:00,0.25,54.0,13.5,0.0,
T0050_00156,50,2015-10-02 05:45:00,2015-10-02 13:00:00,7.25,115.0,690.5,0.0,
T0050_00157,50,2015-10-02 14:30:00,2015-10-02 15:00:00,0.5,97.0,44.0,0.0,
T0050_00158,50,2015-10-05 02:00:00,2015-10-05 06:45:00,4.75,1706.0,2459.25,0.25,0.75
T0050_00159,50,2015-10-06 22:00:00,2015-10-07 04:15:00,6.25,113.0,703.5,0.0,
T0050_00160,50,2015-10-07 06:00:00,2015-10-07 12:00:00,6.0,81.0,486.0,0.0,
T0050_00161,50,2015-10-08 09:00:00,2015-10-08 10:30:00,1.5,2314.0,3469.75,0.75,
T0050_00162,50,2015-10-08 20:45:00,2015-10-08 21:00:00,0.25,50.0,12.5,0.0,0.0
T0050_00163,50,2015-10-11 19:15:00,2015-10-11 21:00:00,1.75,195.0,341.0,0.0,
T0050_00164,50,2015-10-12 03:15:00,2015-10-12 13:15:00,10.0,7716.0,16760.0,1.75,0.75
T0050_00165,50,2015-10-12 19:30:00,2015-10-12 22:00:00,2.5,70.0,175.0,0.0,
T0050_00166,50,2015-10-13 15:15:00,2015-10-13 17:00:00,1.75,132.0,230.5,0.5,
T0050_00167,50,2015-10-14 19:15:00,2015-10-14 23:15:00,4.0,2307.0,6096.25,1.5,1.0
T0050_00168,50,2015-10-15 01:45:00,2015-10-15 02:15:00,0.5,56.0,28.0,0.0,
T0050_00169,50,2015-10-15 13:45:00,2015-10-15 14:45:00,1.0,177.0,177.0,0.0,
T0050_00170,50,2015-10-15 19:00:00,2015-10-15 21:00:00,2.0,59.0,115.75,0.0,
T0050_00171,50,2015-10-16 14:30:00,2015-10-16 15:15:00,0.75,601.0,450.5,0.0,
T0050_00172,50,2015-10-16 16:45:00,2015-10-16 17:30:00,0.75,88.0,56.5,0.0,
T0050_00173,50,2015-10-17 14:15:00,2015-10-17 15:00:00,0.75,270.0,202.0,0.5,
T0050_00174,50,2015-10-17 16:30:00,2015-10-17 17:15:00,0.75,232.0,173.75,0.25,
T0050_00175,50,2015-10-22 09:00:00,2015-10-22 14:30:00,5.5,291.0,1056.75,0.0,4.75
T0050_00176,50,2015-10-23 15:45:00,2015-10-23 17:15:00,1.5,147.0,216.75,0.5,
T0050_00177,50,2015-10-24 18:45:00,2015-10-24 20:30:00,1.75,86.0,135.5,0.75,
T0050_00178,50,2015-10-26 21:15:00,2015-10-27 07:15:00,10.0,421.0,2061.25,1.75,2.75
T0050_00179,50,2015-10-30 05:45:00,2015-10-30 07:45:00,2.0,83.0,166.0,0.0,
T0050_00180,50,2015-10-31 23:30:00,2015-11-01 04:00:00,4.5,165.0,738.75,0.0,
T0050_00181,50,2015-11-01 05:00:00,2015-11-01 10:00:00,5.0,164.0,820.0,0.0,
T0050_00182,50,2015-11-01 20:45:00,2015-11-02 01:45:00,5.0,237.0,863.75,4.25,
T0050_00183,50,2015-11-02 20:45:00,2015-11-02 21:00:00,0.25,1521.0,380.25,0.0,
T0050_00184,50,2015-11-02 22:30:00,2015-11-02 23:15:00,0.75,656.0,492.0,0.0,
T0050_00185,50,2015-11-04 09:45:00,2015-11-04 14:15:00,4.5,71.0,301.75,0.0,
T0050_00186,50,2015-11-07 20:45:00,2015-11-07 21:45:00,1.0,62.0,62.0,0.0,
T0050_00187,50,2015-11-08 05:15:00,2015-11-08 19:15:00,14.0,291.0,2282.25,0.0,
T0050_00188,50,2015-11-09 04:30:00,2015-11-09 07:30:00,3.0,85.0,254.0,0.25,
T0050_00189,50,2015-11-09 11:45:00,2015-11-09 14:00:00,2.25,1683.0,3783.75,0.25,
T0050_00190,50,2015-11-11 11:45:00,2015-11-11 16:00:00,4.25,178.0,624.25,0.0,
T0050_00191,50,2015-11-11 20:00:00,2015-11-11 23:15:00,3.25,561.0,1052.75,1.75,1.0
T0050_00192,50,2015-11-13 16:00:00,2015-11-13 16:15:00,0.25,50.0,12.5,0.0,0.0
T0050_00193,50,2015-11-14 02:45:00,2015-11-14 03:15:00,0.5,65.0,32.5,0.0,
T0050_00194,50,2015-11-16 15:45:00,2015-11-16 16:15:00,0.5,96.0,48.0,0.0,
T0050_00195,50,2015-11-17 21:45:00,2015-11-18 04:15:00,6.5,988.0,1888.0,5.25,0.25
T0050_00196,50,2015-11-18 12:15:00,2015-11-18 14:45:00,2.5,4211.0,4297.75,2.25,
T0050_00197,50,2015-11-18 18:15:00,2015-11-19 01:45:00,7.5,4626.0,6106.0,2.5,1.0
T0050_00198,50,2015-11-20 01:45:00,2015-11-20 04:30:00,2.75,101.0,272.0,0.0,
T0050_00199,50,2015-11-20 05:30:00,2015-11-20 08:15:00,2.75,98.0,267.25,0.0,
T0050_00200,50,2015-11-20 23:45:00,2015-11-21 00:15:00,0.5,525.0,262.25,0.25,
T0050_00201,50,2015-11-23 03:15:00,2015-11-23 05:45:00,2.5,112.0,280.0,0.0,
T0050_00202,50,2015-11-23 19:45:00,2015-11-23 21:15:00,1.5,74.0,111.0,0.0,
T0050_00203,50,2015-12-02 16:30:00,2015-12-02 18:00:00,1.5,74.0,111.0,0.0,
T0050_00204,50,2015-12-06 18:15:00,2015-12-06 20:00:00,1.75,184.0,322.0,0.0,
T0050_00205,50,2015-12-15 16:30:00,2015-12-15 18:45:00,2.25,79.0,171.75,0.0,
T0050_00206,50,2015-12-18 13:30:00,2015-12-18 16:15:00,2.75,240.0,651.5,2.25,
T0050_00207,50,2015-12-19 19:00:00,2015-12-19 20:15:00,1.25,79.0,98.75,0.0,
T0050_00208,50,2015-12-21 05:00:00,2015-12-21 09:45:00,4.75,72.0,341.5,0.5,
T0050_00209,50,2015-12-25 04:15:00,2015-12-25 09:30:00,5.25,58.0,304.5,0.0,
T0050_00210,50,2015-12-25 19:15:00,2015-12-25 21:30:00,2.25,73.0,164.25,0.0,
T0050_00211,50,2015-12-27 23:00:00,2015-12-27 23:30:00,0.5,87.0,43.5,0.0,
T0050_00212,50,2016-01-04 21:15:00,2016-01-05 05:45:00,8.5,512.0,2810.0,2.25,
T0050_00213,50,2016-01-10 14:15:00,2016-01-10 16:30:00,2.25,528.0,623.0,1.75,0.25
T0050_00214,50,2016-01-14 20:45:00,2016-01-14 21:00:00,0.25,2094.0,523.5,0.0,
T0050_00215,50,2016-01-23 04:45:00,2016-01-23 17:00:00,12.25,275.0,2227.0,6.25,
T0050_00216,50,2016-01-24 16:15:00,2016-01-24 18:15:00,2.0,114.0,215.25,0.75,
T0050_00217,50,2016-01-25 17:45:00,2016-01-25 18:15:00,0.5,275.0,115.75,0.25,
T0050_00218,50,2016-01-25 19:00:00,2016-01-25 19:30:00,0.5,275.0,137.5,0.0,
T0050_00219,50,2016-01-25 22:15:00,2016-01-25 22:45:00,0.5,275.0,137.5,0.0,
T0050_00220,50,2016-01-25 23:45:00,2016-01-26 05:45:00,6.0,276.0,1651.5,0.5,
T0050_00221,50,2016-01-26 16:00:00,2016-01-26 17:15:00,1.25,1451.0,1196.75,0.0,0.75
T0050_00222,50,2016-01-27 00:45:00,2016-01-27 01:00:00,0.25,4376.0,1094.0,0.0,
T0050_00223,50,2016-01-28 17:45:00,2016-01-28 20:30:00,2.75,90.0,246.25,1.0,
T0050_00224,50,2016-01-30 19:45:00,2016-01-31 00:15:00,4.5,447.0,1021.75,1.0,
T0050_00225,50,2016-02-09 18:45:00,2016-02-09 19:45:00,1.0,163.0,162.75,0.25,
T0050_00226,50,2016-02-11 06:45:00,2016-02-11 09:30:00,2.75,105.0,288.75,0.0,
T0050_00227,50,2016-02-16 06:30:00,2016-02-16 07:45:00,1.25,583.0,480.75,0.0,0.75
T0050_00228,50,2016-02-19 04:30:00,2016-02-19 07:45:00,3.25,137.0,373.75,0.0,
T0050_00229,50,2016-02-24 20:15:00,2016-02-24 20:45:00,0.5,133.0,66.5,0.0,
T0050_00230,50,2016-02-26 15:30:00,2016-02-26 16:30:00,1.0,248.0,201.25,0.25,
T0050_00231,50,2016-03-03 16:00:00,2016-03-03 17:15:00,1.25,56.0,69.5,0.0,
T0050_00232,50,2016-03-07 09:15:00,2016-03-07 14:00:00,4.75,128.0,608.0,0.0,
T0050_00233,50,2016-03-08 10:15:00,2016-03-08 12:45:00,2.5,56.0,140.0,0.0,
T0050_00234,50,2016-03-18 03:30:00,2016-03-18 04:00:00,0.5,6358.0,2918.75,0.25,
T0050_00235,50,2016-03-18 09:45:00,2016-03-18 13:45:00,4.0,374.0,1038.75,3.75,
T0050_00236,50,2016-03-20 16:30:00,2016-03-20 18:30:00,2.0,667.0,296.0,0.0,0.25
T0050_00237,50,2016-03-23 09:30:00,2016-03-26 00:00:00,62.5,41639.0,279107.75,14.0,1.25
T0050_00238,50,2016-03-26 02:30:00,2016-03-26 03:45:00,1.25,101.0,110.0,0.5,
T0050_00239,50,2016-03-28 17:30:00,2016-03-28 18:30:00,1.0,57.0,57.0,0.0,
T0050_00240,50,2016-04-05 16:45:00,2016-04-05 19:30:00,2.75,106.0,257.5,1.75,
T0050_00241,50,2016-04-05 22:30:00,2016-04-06 12:00:00,13.5,811.0,5725.0,10.75,0.5
T0050_00242,50,2016-04-06 23:30:00,2016-04-07 01:30:00,2.0,467.0,933.25,0.25,
T0050_00243,50,2016-04-07 20:15:00,2016-04-07 21:15:00,1.0,583.0,583.0,0.0,
T0050_00244,50,2016-04-08 20:15:00,2016-04-08 20:45:00,0.5,873.0,436.5,0.0,
T0050_00245,50,2016-04-13 15:45:00,2016-04-14 14:45:00,23.0,117.0,2655.5,0.0,
T0050_00246,50,2016-04-17 07:45:00,2016-04-17 17:00:00,9.25,4183.0,18775.75,7.5,
T0050_00247,50,2016-04-17 18:00:00,2016-04-17 19:00:00,1.0,581.0,581.0,0.0,
T0050_00248,50,2016-04-17 19:45:00,2016-04-17 20:15:00,0.5,121.0,57.0,0.0,
T0050_00249,50,2016-04-17 23:45:00,2016-04-18 00:15:00,0.5,233.0,116.5,0.0,
T0050_00250,50,2016-04-18 16:15:00,2016-04-18 17:00:00,0.75,52.0,25.75,0.0,
T0050_00251,50,2016-04-19 19:45:00,2016-04-19 20:00:00,0.25,190.0,47.5,0.0,
T0050_00252,50,2016-04-20 00:30:00,2016-04-20 04:15:00,3.75,892.0,1621.0,0.25,0.75
T0050_00253,50,2016-04-20 19:00:00,2016-04-20 21:15:00,2.25,135.0,302.75,0.25,
T0050_00254,50,2016-04-21 17:15:00,2016-04-21 18:30:00,1.25,141.0,174.0,0.25,
T0050_00255,50,2016-04-22 18:15:00,2016-04-23 15:15:00,21.0,96.0,1376.0,0.5,
T0050_00256,50,2016-04-24 01:00:00,2016-04-24 04:30:00,3.5,589.0,1201.0,0.0,2.0
T0050_00257,50,2016-04-24 18:00:00,2016-04-24 18:45:00,0.75,53.0,39.75,0.0,
T0050_00258,50,2016-04-26 16:30:00,2016-04-26 16:45:00,0.25,951.0,237.75,0.0,
T0050_00259,50,2016-04-29 07:45:00,2016-04-29 10:00:00,2.25,66.0,129.5,2.0,
T0050_00260,50,2016-05-04 13:30:00,2016-05-04 14:45:00,1.25,85.0,105.5,0.75,
T0050_00261,50,2016-05-05 17:15:00,2016-05-05 18:30:00,1.25,200.0,250.0,0.0,
T0050_00262,50,2016-05-06 20:45:00,2016-05-06 23:30:00,2.75,604.0,962.25,1.0,
T0050_00263,50,2016-05-07 20:00:00,2016-05-07 22:30:00,2.5,174.0,397.5,1.25,
T0050_00264,50,2016-05-09 16:15:00,2016-05-09 16:45:00,0.5,82.0,38.25,0.0,
T0050_00265,50,2016-05-09 19:30:00,2016-05-09 20:45:00,1.25,71.0,70.25,0.0,
T0050_00266,50,2016-05-15 19:30:00,2016-05-15 20:45:00,1.25,4113.0,4112.5,0.0,
T0050_00267,50,2016-05-18 04:30:00,2016-05-18 06:00:00,1.5,84.0,125.75,0.25,
T0050_00268,50,2016-05-19 21:45:00,2016-05-19 22:15:00,0.5,51.0,25.25,0.0,0.25
T0050_00269,50,2016-05-21 20:15:00,2016-05-22 00:00:00,3.75,95.0,253.5,0.0,
T0050_00270,50,2016-05-23 04:00:00,2016-05-23 05:00:00,1.0,120.0,108.0,0.5,
T0050_00271,50,2016-05-24 16:30:00,2016-05-24 17:15:00,0.75,127.0,95.25,0.0,
T0050_00272,50,2016-05-24 19:15:00,2016-05-24 23:30:00,4.25,116.0,464.0,0.0,
T0050_00273,50,2016-05-25 01:30:00,2016-05-25 19:15:00,17.75,149.0,1982.0,15.25,
T0050_00274,50,2016-06-01 06:30:00,2016-06-01 07:30:00,1.0,62.0,62.0,0.0,
T0050_00275,50,2016-06-01 08:15:00,2016-06-01 10:30:00,2.25,116.0,232.0,0.0,
T0050_00276,50,2016-06-01 14:15:00,2016-06-01 15:30:00,1.25,177.0,193.75,0.0,
T0050_00277,50,2016-06-01 16:30:00,2016-06-01 18:45:00,2.25,279.0,627.75,0.0,
T0050_00278,50,2016-06-06 11:15:00,2016-06-06 11:45:00,0.5,110.0,55.0,0.0,
T0050_00279,50,2016-06-10 01:45:00,2016-06-10 12:00:00,10.25,2816.0,3161.75,1.75,0.25
T0050_00280,50,2016-06-10 13:30:00,2016-06-10 14:30:00,1.0,179.0,129.25,0.5,
T0050_00281,50,2016-06-13 00:30:00,2016-06-13 01:00:00,0.5,84.0,42.0,0.0,
T0050_00282,50,2016-06-13 07:30:00,2016-06-13 10:15:00,2.75,54.0,148.5,0.0,
T0050_00283,50,2016-06-13 17:15:00,2016-06-13 18:30:00,1.25,124.0,105.5,0.25,0.5
T0050_00284,50,2016-06-14 21:00:00,2016-06-14 22:45:00,1.75,195.0,340.25,0.0,
T0050_00285,50,2016-06-17 11:30:00,2016-06-17 13:00:00,1.5,143.0,214.5,0.0,
T0050_00286,50,2016-06-17 15:30:00,2016-06-17 16:15:00,0.75,162.0,121.0,0.5,
T0050_00287,50,2016-06-19 18:15:00,2016-06-19 21:15:00,3.0,225.0,671.25,1.75,
T0050_00288,50,2016-06-19 22:00:00,2016-06-19 23:00:00,1.0,211.0,82.0,0.75,
T0050_00289,50,2016-06-21 13:30:00,2016-06-21 14:45:00,1.25,180.0,225.0,0.0,
T0050_00290,50,2016-06-23 13:30:00,2016-06-23 15:15:00,1.75,139.0,243.0,0.25,
T0050_00291,50,2016-06-24 12:45:00,2016-06-24 14:15:00,1.5,51.0,76.5,0.0,
T0050_00292,50,2016-06-24 18:00:00,2016-06-24 18:30:00,0.5,95.0,47.25,0.25,
T0050_00293,50,2016-06-24 23:30:00,2016-06-25 04:15:00,4.75,236.0,637.75,1.25,
T0050_00294,50,2016-06-27 00:45:00,2016-06-27 02:00:00,1.25,112.0,132.0,0.0,
T0050_00295,50,2016-06-29 23:45:00,2016-06-30 00:30:00,0.75,196.0,147.0,0.0,
T0050_00296,50,2016-07-05 19:30:00,2016-07-05 19:45:00,0.25,1462.0,365.5,0.0,
T0050_00297,50,2016-07-05 20:45:00,2016-07-06 00:15:00,3.5,861.0,1549.75,1.5,
T0050_00298,50,2016-07-12 16:15:00,2016-07-12 21:30:00,5.25,706.0,3314.25,2.75,
T0050_00299,50,2016-07-12 23:30:00,2016-07-13 18:30:00,19.0,403.0,4370.75,2.0,
T0050_00300,50,2016-07-14 09:45:00,2016-07-14 11:00:00,1.25,839.0,1048.75,0.0,
T0050_00301,50,2016-07-14 12:15:00,2016-07-14 14:00:00,1.75,87.0,146.25,0.0,
T0050_00302,50,2016-07-14 15:15:00,2016-07-14 17:00:00,1.75,65.0,113.75,0.0,
T0050_00303,50,2016-07-23 07:15:00,2016-07-23 11:00:00,3.75,57.0,213.75,0.0,
T0050_00304,50,2016-07-24 07:00:00,2016-07-24 09:45:00,2.75,4005.0,10923.5,0.0,
T0050_00305,50,2016-07-24 13:30:00,2016-07-24 14:30:00,1.0,104.0,104.0,0.0,
T0050_00306,50,2016-07-25 13:15:00,2016-07-25 17:45:00,4.5,171.0,313.5,0.25,0.75
T0050_00307,50,2016-07-25 23:30:00,2016-07-26 00:30:00,1.0,2736.0,2732.75,0.75,
T0050_00308,50,2016-07-26 17:00:00,2016-07-26 18:15:00,1.25,556.0,694.0,0.0,
T0050_00309,50,2016-07-26 19:45:00,2016-07-26 23:30:00,3.75,160.0,332.25,2.25,
T0050_00310,50,2016-07-29 14:00:00,2016-07-29 15:15:00,1.25,168.0,209.5,0.5,
T0050_00311,50,2016-07-31 09:30:00,2016-07-31 15:15:00,5.75,86.0,434.5,5.25,
T0050_00312,50,2016-08-01 00:30:00,2016-08-01 01:15:00,0.75,245.0,119.75,0.0,0.25
T0050_00313,50,2016-08-02 05:00:00,2016-08-02 09:45:00,4.75,436.0,1874.25,2.75,1.75
T0050_00314,50,2016-08-03 17:45:00,2016-08-03 21:15:00,3.5,147.0,510.5,0.5,
T0050_00315,50,2016-08-04 02:45:00,2016-08-04 10:00:00,7.25,131.0,917.0,0.0,
T0050_00316,50,2016-08-04 12:30:00,2016-08-04 13:15:00,0.75,125.0,84.25,0.25,
T0050_00317,50,2016-08-05 08:45:00,2016-08-05 11:00:00,2.25,1301.0,1992.75,0.25,1.5
T0050_00318,50,2016-08-05 13:30:00,2016-08-05 15:15:00,1.75,83.0,145.25,0.0,
T0050_00319,50,2016-08-06 03:30:00,2016-08-06 06:15:00,2.75,3096.0,6857.0,0.5,1.75
T0050_00320,50,2016-08-06 12:45:00,2016-08-06 14:00:00,1.25,778.0,971.25,0.0,
T0050_00321,50,2016-08-09 20:30:00,2016-08-09 20:45:00,0.25,138.0,34.5,0.0,
T0050_00322,50,2016-08-09 21:30:00,2016-08-09 23:15:00,1.75,6216.0,9329.25,0.25,1.25
T0050_00323,50,2016-08-15 02:15:00,2016-08-15 03:15:00,1.0,55.0,55.0,0.0,
T0050_00324,50,2016-08-16 09:45:00,2016-08-16 15:15:00,5.5,85.0,463.0,4.5,
T0050_00325,50,2016-08-17 03:30:00,2016-08-17 03:45:00,0.25,103.0,25.75,0.0,
T0050_00326,50,2016-08-17 16:00:00,2016-08-17 17:30:00,1.5,472.0,471.25,0.0,
T0050_00327,50,2016-08-27 11:15:00,2016-08-27 15:00:00,3.75,170.0,254.0,3.25,
T0050_00328,50,2016-08-28 16:30:00,2016-08-28 22:45:00,6.25,447.0,1406.5,4.0,
T0050_00329,50,2016-08-29 12:15:00,2016-08-29 13:00:00,0.75,51.0,38.25,0.0,
T0050_00330,50,2016-08-30 02:15:00,2016-08-30 03:00:00,0.75,79.0,59.25,0.0,
T0050_00331,50,2016-09-01 01:15:00,2016-09-01 01:45:00,0.5,95.0,47.5,0.0,
T0050_00332,50,2016-09-01 03:00:00,2016-09-01 13:45:00,10.75,428.0,1177.75,10.0,
T0050_00333,50,2016-09-01 20:30:00,2016-09-01 20:45:00,0.25,77.0,19.25,0.0,
T0050_00334,50,2016-09-03 18:00:00,2016-09-03 20:15:00,2.25,59.0,132.75,0.0,
T0050_00335,50,2016-09-04 23:30:00,2016-09-05 00:30:00,1.0,244.0,243.0,0.25,
T0050_00336,50,2016-09-05 15:15:00,2016-09-05 15:45:00,0.5,51.0,25.5,0.0,
T0050_00337,50,2016-09-06 16:45:00,2016-09-06 19:30:00,2.75,75.0,194.0,1.5,
T0050_00338,50,2016-09-06 21:00:00,2016-09-06 21:15:00,0.25,67.0,16.75,0.0,
T0050_00339,50,2016-09-10 18:00:00,2016-09-10 18:15:00,0.25,1491.0,372.75,0.0,
T0050_00340,50,2016-09-11 13:30:00,2016-09-11 14:00:00,0.5,52.0,26.0,0.0,
T0050_00341,50,2016-09-11 16:00:00,2016-09-11 17:15:00,1.25,114.0,85.5,0.0,
T0050_00342,50,2016-09-13 15:30:00,2016-09-13 16:30:00,1.0,126.0,125.25,0.5,
T0050_00343,50,2016-09-15 19:45:00,2016-09-15 20:15:00,0.5,50.0,25.0,0.0,0.0
T0050_00344,50,2017-03-28 22:15:00,2017-03-29 08:45:00,10.5,2414.0,3625.0,0.0,1.25
T0050_00345,50,2017-03-29 17:00:00,2017-03-29 17:30:00,0.5,171.0,57.5,0.25,
T0050_00346,50,2017-04-03 23:15:00,2017-04-04 00:15:00,1.0,169.0,151.0,0.75,
T0050_00347,50,2017-04-04 13:15:00,2017-04-04 21:15:00,8.0,4020.0,3354.5,3.5,0.5
T0050_00348,50,2017-04-07 05:00:00,2017-04-07 06:15:00,1.25,76.0,95.0,0.0,
T0050_00349,50,2017-04-07 12:15:00,2017-04-07 18:45:00,6.5,194.0,1030.25,0.25,
T0050_00350,50,2017-04-09 00:00:00,2017-04-09 01:00:00,1.0,71.0,71.0,0.0,
T0050_00351,50,2017-04-11 14:45:00,2017-04-11 15:45:00,1.0,87.0,87.0,0.0,
T0050_00352,50,2017-04-11 18:45:00,2017-04-12 00:15:00,5.5,101.0,550.75,0.0,
T0050_00353,50,2017-04-12 13:15:00,2017-04-12 14:00:00,0.75,83.0,62.0,0.25,
T0050_00354,50,2017-04-16 20:30:00,2017-04-16 21:45:00,1.25,135.0,168.75,0.0,
T0050_00355,50,2017-04-17 14:45:00,2017-04-17 16:30:00,1.75,97.0,169.75,0.0,
T0050_00356,50,2017-04-19 14:15:00,2017-04-19 16:00:00,1.75,79.0,101.75,0.0,
T0050_00357,50,2017-04-20 17:15:00,2017-04-20 18:30:00,1.25,307.0,327.25,0.0,
T0050_00358,50,2017-04-21 17:15:00,2017-04-21 18:30:00,1.25,113.0,141.25,0.0,
T0050_00359,50,2017-04-22 18:15:00,2017-04-22 20:30:00,2.25,53.0,119.25,0.0,
T0050_00360,50,2017-04-25 13:00:00,2017-04-25 14:15:00,1.25,77.0,96.25,0.0,
T0050_00361,50,2017-04-29 18:00:00,2017-04-29 18:45:00,0.75,125.0,93.75,0.0,
T0050_00362,50,2017-05-01 16:45:00,2017-05-01 17:30:00,0.75,287.0,215.0,0.25,
T0050_00363,50,2017-05-02 14:00:00,2017-05-02 14:45:00,0.75,135.0,99.25,0.0,
T0050_00364,50,2017-05-03 09:45:00,2017-05-03 12:00:00,2.25,64.0,144.0,0.0,
T0050_00365,50,2017-05-03 19:45:00,2017-05-03 21:45:00,2.0,125.0,250.0,0.0,
T0050_00366,50,2017-05-04 16:15:00,2017-05-04 21:45:00,5.5,107.0,588.5,0.0,
T0050_00367,50,2017-05-05 13:15:00,2017-05-05 14:30:00,1.25,248.0,232.5,0.5,
T0050_00368,50,2017-05-05 15:15:00,2017-05-05 16:15:00,1.0,157.0,157.0,0.0,
T0050_00369,50,2017-05-07 22:00:00,2017-05-07 23:30:00,1.5,405.0,380.5,1.25,
T0050_00370,50,2017-05-09 14:00:00,2017-05-09 15:15:00,1.25,361.0,349.5,0.5,0.5
T0050_00371,50,2017-05-11 05:15:00,2017-05-11 09:15:00,4.0,276.0,1035.0,0.0,
T0050_00372,50,2017-05-11 17:45:00,2017-05-11 18:30:00,0.75,57.0,42.75,0.0,
T0050_00373,50,2017-05-12 14:00:00,2017-05-12 15:30:00,1.5,603.0,904.5,0.0,
T0050_00374,50,2017-05-12 20:45:00,2017-05-13 00:15:00,3.5,215.0,752.0,0.25,
T0050_00375,50,2017-05-15 20:45:00,2017-05-16 00:00:00,3.25,86.0,226.5,1.0,1.25
T0050_00376,50,2017-05-16 13:15:00,2017-05-16 22:45:00,9.5,238.0,834.0,2.25,0.75
T0050_00377,50,2017-05-17 12:15:00,2017-05-17 14:45:00,2.5,143.0,357.25,0.0,
T0050_00378,50,2017-05-18 10:00:00,2017-05-20 09:00:00,47.0,10234.0,110882.25,8.75,1.25
T0050_00379,50,2017-05-20 17:00:00,2017-05-21 01:00:00,8.0,1069.0,6190.25,5.25,0.75
T0050_00380,50,2017-05-27 10:00:00,2017-05-27 13:30:00,3.5,134.0,265.75,2.5,0.25
T0050_00381,50,2017-05-27 18:15:00,2017-05-27 20:00:00,1.75,291.0,174.25,0.5,0.25
T0050_00382,50,2017-05-31 19:30:00,2017-06-01 03:30:00,8.0,170.0,893.0,6.25,1.0
T0050_00383,50,2017-06-10 23:30:00,2017-06-11 02:00:00,2.5,53.0,128.75,2.25,
T0050_00384,50,2017-06-11 13:00:00,2017-06-11 14:00:00,1.0,57.0,56.75,0.25,
T0050_00385,50,2017-06-13 20:15:00,2017-06-13 20:30:00,0.25,83.0,20.75,0.0,
T0050_00386,50,2017-06-14 11:15:00,2017-06-14 14:15:00,3.0,531.0,1372.5,1.5,
T0050_00387,50,2017-06-15 15:30:00,2017-06-15 17:00:00,1.5,144.0,214.0,1.0,
T0050_00388,50,2017-06-17 08:45:00,2017-06-17 10:30:00,1.75,79.0,131.0,0.25,
T0050_00389,50,2017-06-17 14:00:00,2017-06-17 16:15:00,2.25,584.0,1208.0,0.5,
T0050_00390,50,2017-06-20 14:00:00,2017-06-20 17:00:00,3.0,293.0,399.0,0.25,0.75
T0050_00391,50,2017-06-21 01:45:00,2017-06-21 03:00:00,1.25,156.0,195.0,0.0,
T0050_00392,50,2017-06-21 05:15:00,2017-06-21 07:00:00,1.75,116.0,184.5,0.25,
T0050_00393,50,2017-06-21 11:45:00,2017-06-21 13:15:00,1.5,6903.0,7853.0,1.25,
T0050_00394,50,2017-06-21 22:45:00,2017-06-22 00:15:00,1.5,157.0,234.75,0.0,
T0050_00395,50,2017-06-22 22:00:00,2017-06-22 22:15:00,0.25,171.0,42.75,0.0,
T0050_00396,50,2017-06-23 02:30:00,2017-06-23 03:45:00,1.25,132.0,159.5,0.5,
T0050_00397,50,2017-06-23 14:15:00,2017-06-23 18:00:00,3.75,97.0,362.5,1.0,
T0050_00398,50,2017-06-25 09:00:00,2017-06-25 09:30:00,0.5,3333.0,1666.25,0.0,
T0050_00399,50,2017-06-26 07:30:00,2017-06-26 09:15:00,1.75,62.0,108.5,0.0,
T0050_00400,50,2017-06-26 12:45:00,2017-06-26 13:15:00,0.5,73.0,36.5,0.0,
T0050_00401,50,2017-06-27 14:15:00,2017-06-27 14:30:00,0.25,156.0,39.0,0.0,
T0050_00402,50,2017-06-29 10:45:00,2017-06-29 20:15:00,9.5,100.0,908.25,8.75,
T0050_00403,50,2017-06-30 21:45:00,2017-07-01 00:45:00,3.0,76.0,228.0,0.0,
T0050_00404,50,2017-07-03 02:15:00,2017-07-03 03:15:00,1.0,114.0,108.5,0.25,
T0050_00405,50,2017-07-07 19:00:00,2017-07-07 19:30:00,0.5,51.0,25.5,0.0,
T0050_00406,50,2017-07-09 00:15:00,2017-07-09 02:00:00,1.75,100.0,175.0,0.0,
T0050_00407,50,2017-07-11 09:45:00,2017-07-11 12:15:00,2.5,51.0,127.5,0.0,
T0050_00408,50,2017-07-12 06:30:00,2017-07-12 08:15:00,1.75,143.0,250.25,0.0,
T0050_00409,50,2017-07-12 13:15:00,2017-07-12 16:15:00,3.0,342.0,593.75,2.5,
T0050_00410,50,2017-07-13 15:00:00,2017-07-13 17:30:00,2.5,76.0,149.25,0.0,
T0050_00411,50,2017-07-14 12:45:00,2017-07-14 14:15:00,1.5,111.0,165.25,0.5,
T0050_00412,50,2017-07-15 01:15:00,2017-07-15 02:15:00,1.0,51.0,51.0,0.0,
T0050_00413,50,2017-07-15 06:45:00,2017-07-15 07:00:00,0.25,109.0,27.25,0.0,
T0050_00414,50,2017-07-15 20:15:00,2017-07-15 21:00:00,0.75,53.0,39.75,0.0,
T0050_00415,50,2017-07-16 05:15:00,2017-07-16 11:15:00,6.0,69.0,411.0,0.0,
T0050_00416,50,2017-07-18 06:00:00,2017-07-18 07:30:00,1.5,67.0,98.5,0.5,
T0050_00417,50,2017-07-18 14:30:00,2017-07-18 15:00:00,0.5,110.0,55.0,0.0,
T0050_00418,50,2017-07-18 18:45:00,2017-07-18 19:15:00,0.5,50.0,25.0,0.0,0.0
T0050_00419,50,2017-07-18 23:15:00,2017-07-19 01:15:00,2.0,50.0,100.0,0.0,0.0
T0050_00420,50,2017-07-19 03:00:00,2017-07-19 05:00:00,2.0,82.0,164.0,0.0,
T0050_00421,50,2017-07-22 12:30:00,2017-07-22 13:45:00,1.25,192.0,204.25,0.75,
T0050_00422,50,2017-07-22 15:45:00,2017-07-22 16:15:00,0.5,52.0,26.0,0.0,
T0050_00423,50,2017-07-24 17:00:00,2017-07-24 20:15:00,3.25,854.0,1546.75,1.5,0.25
T0050_00424,50,2017-07-25 03:45:00,2017-07-25 11:45:00,8.0,358.0,1743.25,1.5,1.25
T0050_00425,50,2017-07-26 18:00:00,2017-07-26 19:45:00,1.75,341.0,596.75,0.0,
T0050_00426,50,2017-07-27 14:45:00,2017-07-28 01:00:00,10.25,115.0,1003.75,0.0,
T0050_00427,50,2017-07-28 13:45:00,2017-07-28 16:15:00,2.5,133.0,203.25,1.5,
T0050_00428,50,2017-07-29 01:00:00,2017-07-29 01:15:00,0.25,74.0,18.5,0.0,
T0050_00429,50,2017-07-31 16:00:00,2017-07-31 16:30:00,0.5,109.0,54.5,0.0,
T0050_00430,50,2017-07-31 18:30:00,2017-07-31 19:45:00,1.25,109.0,136.25,0.0,
T0050_00431,50,2017-08-03 04:15:00,2017-08-03 05:45:00,1.5,118.0,177.0,0.0,
T0050_00432,50,2017-08-04 13:15:00,2017-08-05 01:15:00,12.0,104.0,1228.25,9.25,
T0050_00433,50,2017-08-05 12:15:00,2017-08-05 14:45:00,2.5,104.0,204.25,2.0,
T0050_00434,50,2017-08-06 19:15:00,2017-08-06 19:45:00,0.5,849.0,424.25,0.25,
T0050_00435,50,2017-08-07 16:00:00,2017-08-07 16:30:00,0.5,56.0,26.75,0.25,
T0050_00436,50,2017-08-08 00:45:00,2017-08-08 03:15:00,2.5,100.0,197.25,0.75,
T0050_00437,50,2017-08-08 14:30:00,2017-08-08 16:30:00,2.0,108.0,121.25,0.25,0.5
T0050_00438,50,2017-08-10 18:00:00,2017-08-10 19:00:00,1.0,170.0,165.5,0.25,
T0050_00439,50,2017-08-12 18:30:00,2017-08-12 20:15:00,1.75,192.0,336.0,0.0,
T0050_00440,50,2017-08-14 00:15:00,2017-08-14 04:45:00,4.5,124.0,558.0,0.0,
T0050_00441,50,2017-08-14 10:00:00,2017-08-14 12:15:00,2.25,67.0,149.0,0.25,
T0050_00442,50,2017-08-16 10:15:00,2017-08-16 12:15:00,2.0,52.0,104.0,0.0,
T0050_00443,50,2017-08-17 13:00:00,2017-08-17 15:00:00,2.0,95.0,173.5,0.5,
T0050_00444,50,2017-08-20 02:15:00,2017-08-20 02:45:00,0.5,170.0,84.75,0.25,
T0050_00445,50,2017-08-20 07:30:00,2017-08-20 11:00:00,3.5,62.0,217.0,0.0,
T0050_00446,50,2017-08-20 18:00:00,2017-08-20 19:15:00,1.25,51.0,63.25,0.5,
T0050_00447,50,2017-08-21 00:15:00,2017-08-21 01:30:00,1.25,140.0,159.75,1.0,
T0050_00448,50,2017-08-21 05:00:00,2017-08-21 07:30:00,2.5,68.0,170.0,0.0,
T0050_00449,50,2017-08-24 01:00:00,2017-08-24 06:45:00,5.75,247.0,503.5,0.75,0.75
T0050_00450,50,2017-08-26 14:15:00,2017-08-26 17:15:00,3.0,127.0,214.5,0.0,0.75
T0050_00451,50,2017-08-26 23:00:00,2017-08-27 02:15:00,3.25,4917.0,9413.5,0.75,1.0
T0050_00452,50,2017-08-28 14:45:00,2017-08-28 15:00:00,0.25,50.0,12.5,0.0,0.0
T0050_00453,50,2017-08-28 16:45:00,2017-08-28 17:45:00,1.0,919.0,919.0,0.0,
T0050_00454,50,2017-08-29 12:45:00,2017-08-29 15:15:00,2.5,2068.0,3151.0,1.25,0.25
T0050_00455,50,2017-08-30 06:15:00,2017-08-30 09:45:00,3.5,125.0,371.0,1.0,
T0050_00456,50,2017-09-01 13:15:00,2017-09-01 16:30:00,3.25,132.0,426.25,1.25,
T0050_00457,50,2017-09-02 20:00:00,2017-09-03 00:00:00,4.0,6488.0,20961.75,1.5,2.25
T0050_00458,50,2017-09-03 01:30:00,2017-09-03 02:15:00,0.75,2658.0,1993.5,0.0,
T0050_00459,50,2017-09-07 18:45:00,2017-09-07 20:15:00,1.5,82.0,123.0,0.0,
T0050_00460,50,2017-09-08 13:30:00,2017-09-08 15:30:00,2.0,305.0,381.25,0.0,0.5
T0050_00461,50,2017-09-11 04:00:00,2017-09-11 05:15:00,1.25,97.0,100.25,0.75,
T0050_00462,50,2017-09-11 15:00:00,2017-09-11 15:45:00,0.75,64.0,48.0,0.0,
T0050_00463,50,2017-09-13 16:00:00,2017-09-13 17:15:00,1.25,532.0,509.25,0.25,0.5
T0050_00464,50,2017-09-17 18:00:00,2017-09-17 19:30:00,1.5,1356.0,1706.75,0.75,
T0050_00465,50,2017-09-19 13:30:00,2017-09-19 14:00:00,0.5,50.0,25.0,0.0,0.0
T0050_00466,50,2017-09-20 01:15:00,2017-09-20 03:30:00,2.25,1799.0,3672.5,0.25,1.75
T0050_00467,50,2017-09-25 14:30:00,2017-09-25 16:15:00,1.75,188.0,327.5,0.0,
T0050_00468,50,2017-09-26 15:30:00,2017-09-26 18:45:00,3.25,135.0,437.0,0.0,
T0050_00469,50,2017-09-27 05:00:00,2017-09-27 08:30:00,3.5,91.0,312.75,0.0,
T0050_00470,50,2017-09-28 14:30:00,2017-09-28 16:30:00,2.0,212.0,422.75,0.25,
T0050_00471,50,2017-10-02 13:45:00,2017-10-02 18:15:00,4.5,1506.0,4021.75,1.25,
T0050_00472,50,2017-10-03 17:45:00,2017-10-03 20:15:00,2.5,297.0,740.5,0.0,
T0050_00473,50,2017-10-03 21:15:00,2017-10-03 22:15:00,1.0,55.0,55.0,0.0,
T0050_00474,50,2017-10-04 16:45:00,2017-10-04 17:30:00,0.75,194.0,139.75,0.0,
T0050_00475,50,2017-10-04 21:30:00,2017-10-04 22:30:00,1.0,135.0,134.5,0.0,
T0050_00476,50,2017-10-05 13:30:00,2017-10-05 14:30:00,1.0,321.0,320.25,0.25,
T0050_00477,50,2017-10-06 21:15:00,2017-10-06 22:45:00,1.5,1178.0,1750.25,0.75,
T0050_00478,50,2017-10-06 23:45:00,2017-10-07 07:00:00,7.25,556.0,1776.75,2.75,1.5
T0050_00479,50,2017-10-09 13:30:00,2017-10-10 05:00:00,15.5,4311.0,29729.75,5.25,4.25
T0050_00480,50,2017-10-10 23:00:00,2017-10-11 01:00:00,2.0,55.0,110.0,0.0,
T0050_00481,50,2017-10-13 18:00:00,2017-10-13 20:45:00,2.75,106.0,195.0,0.25,1.0
T0050_00482,50,2017-10-14 18:00:00,2017-10-15 04:00:00,10.0,2041.0,8811.0,6.0,0.75
T0050_00483,50,2017-10-16 17:15:00,2017-10-16 18:15:00,1.0,181.0,176.75,0.0,
T0050_00484,50,2017-10-17 21:30:00,2017-10-17 23:00:00,1.5,424.0,568.75,1.0,
T0050_00485,50,2017-10-18 17:15:00,2017-10-18 18:00:00,0.75,1505.0,1128.75,0.0,
T0050_00486,50,2017-10-20 07:00:00,2017-10-20 09:30:00,2.5,84.0,159.0,1.5,
T0050_00487,50,2017-10-21 07:15:00,2017-10-21 09:30:00,2.25,827.0,898.25,0.0,1.5
T0050_00488,50,2017-10-21 17:00:00,2017-10-21 17:45:00,0.75,124.0,93.0,0.0,
T0050_00489,50,2017-10-22 07:00:00,2017-10-22 09:00:00,2.0,65.0,130.0,0.0,
T0050_00490,50,2017-10-23 03:45:00,2017-10-23 05:45:00,2.0,69.0,135.0,0.75,
T0050_00491,50,2017-10-23 12:00:00,2017-10-23 15:15:00,3.25,67.0,212.25,3.0,
T0050_00492,50,2017-10-23 20:00:00,2017-10-23 20:45:00,0.75,56.0,42.0,0.0,
T0050_00493,50,2017-10-24 17:30:00,2017-10-24 20:15:00,2.75,106.0,278.0,2.25,
T0050_00494,50,2017-10-24 22:15:00,2017-10-24 23:30:00,1.25,148.0,185.0,0.0,
T0050_00495,50,2017-10-25 20:15:00,2017-10-25 22:00:00,1.75,103.0,141.5,1.25,
T0050_00496,50,2017-10-26 04:30:00,2017-10-26 06:00:00,1.5,1272.0,1856.5,0.25,
T0050_00497,50,2017-10-27 02:15:00,2017-10-27 03:45:00,1.5,125.0,187.5,0.0,
T0050_00498,50,2017-11-01 02:15:00,2017-11-01 04:00:00,1.75,149.0,260.75,0.0,
T0050_00499,50,2017-11-26 03:30:00,2017-11-26 04:45:00,1.25,2141.0,2671.0,1.0,
T0050_00500,50,2017-11-30 08:15:00,2017-11-30 08:30:00,0.25,2412.0,603.0,0.0,
T0050_00501,50,2017-12-01 22:00:00,2017-12-02 00:45:00,2.75,55.0,121.75,1.75,
T0050_00502,50,2017-12-03 09:00:00,2017-12-03 10:00:00,1.0,62.0,62.0,0.0,
T0050_00503,50,2017-12-05 08:30:00,2017-12-05 09:45:00,1.25,215.0,268.75,0.0,
T0050_00504,50,2017-12-05 10:45:00,2017-12-05 15:00:00,4.25,216.0,914.75,3.0,
T0050_00505,50,2017-12-06 04:45:00,2017-12-06 11:30:00,6.75,1680.0,3180.0,2.25,0.5
T0050_00506,50,2017-12-07 17:00:00,2017-12-07 18:15:00,1.25,173.0,143.0,0.25,
T0050_00507,50,2017-12-09 07:00:00,2017-12-09 08:30:00,1.5,87.0,130.5,0.0,
T0050_00508,50,2017-12-10 15:30:00,2017-12-10 17:15:00,1.75,262.0,458.0,0.5,
T0050_00509,50,2017-12-12 00:45:00,2017-12-12 06:30:00,5.75,1087.0,3379.5,3.25,
T0050_00510,50,2017-12-16 15:15:00,2017-12-16 16:45:00,1.5,589.0,856.5,0.25,
T0050_00511,50,2017-12-22 17:15:00,2017-12-22 18:15:00,1.0,1711.0,1282.5,0.75,
T0050_00512,50,2017-12-24 05:00:00,2017-12-24 07:15:00,2.25,147.0,295.75,0.5,
T0050_00513,50,2017-12-27 12:30:00,2017-12-27 14:15:00,1.75,149.0,260.75,0.0,
T0050_00514,50,2017-12-27 17:30:00,2017-12-27 23:15:00,5.75,1711.0,2399.25,0.25,1.0
T0050_00515,50,2017-12-28 00:15:00,2017-12-28 02:15:00,2.0,208.0,315.5,0.25,
T0050_00516,50,2017-12-28 03:15:00,2017-12-28 10:15:00,7.0,2201.0,4610.25,5.75,0.5
T0050_00517,50,2017-12-29 10:45:00,2017-12-30 03:00:00,16.25,3764.0,9266.0,3.75,1.0
T0050_00518,50,2018-01-01 17:00:00,2018-01-01 20:45:00,3.75,157.0,585.25,0.0,
T0050_00519,50,2018-01-10 22:30:00,2018-01-11 03:30:00,5.0,212.0,1013.75,2.25,
T0050_00520,50,2018-01-16 17:00:00,2018-01-16 18:30:00,1.5,478.0,400.0,1.0,
T0050_00521,50,2018-01-16 21:45:00,2018-01-17 00:30:00,2.75,55.0,146.5,1.0,
T0050_00522,50,2018-01-20 04:45:00,2018-01-20 09:15:00,4.5,113.0,504.25,0.0,
T0050_00523,50,2018-01-28 06:30:00,2018-01-28 09:45:00,3.25,93.0,289.5,0.25,
T0050_00524,50,2018-01-28 12:30:00,2018-01-28 13:00:00,0.5,89.0,44.5,0.0,
T0050_00525,50,2018-01-31 03:45:00,2018-01-31 08:15:00,4.5,243.0,1061.25,1.25,
T0050_00526,50,2018-02-07 06:30:00,2018-02-07 08:15:00,1.75,96.0,168.0,0.0,
T0050_00527,50,2018-02-12 01:15:00,2018-02-12 02:15:00,1.0,110.0,110.0,0.0,
T0050_00528,50,2018-02-13 20:30:00,2018-02-13 21:00:00,0.5,1645.0,822.25,0.25,
T0050_00529,50,2018-02-17 03:45:00,2018-02-17 05:30:00,1.75,133.0,232.75,0.0,
T0050_00530,50,2018-02-22 03:45:00,2018-02-22 04:45:00,1.0,141.0,139.0,0.5,
T0050_00531,50,2018-02-27 06:00:00,2018-02-27 12:00:00,6.0,390.0,1634.5,5.0,
T0050_00532,50,2018-03-05 22:15:00,2018-03-06 01:00:00,2.75,88.0,193.0,0.25,
T0050_00533,50,2018-03-09 03:45:00,2018-03-09 11:45:00,8.0,151.0,984.5,3.0,
T0050_00534,50,2018-03-09 15:45:00,2018-03-09 16:45:00,1.0,330.0,330.0,0.0,
T0050_00535,50,2018-03-14 20:00:00,2018-03-14 20:30:00,0.5,1001.0,500.5,0.0,
T0050_00536,50,2018-03-16 02:00:00,2018-03-16 05:00:00,3.0,248.0,718.0,0.75,
T0050_00537,50,2018-03-17 15:15:00,2018-03-17 18:00:00,2.75,152.0,417.0,0.75,
T0050_00538,50,2018-03-18 18:30:00,2018-03-18 19:45:00,1.25,85.0,106.25,0.0,
T0050_00539,50,2018-03-18 23:00:00,2018-03-19 00:30:00,1.5,235.0,344.25,1.0,
T0050_00540,50,2018-03-19 02:00:00,2018-03-19 05:45:00,3.75,147.0,530.0,0.0,
T0050_00541,50,2018-03-19 16:15:00,2018-03-20 01:00:00,8.75,178.0,1258.5,1.0,
T0050_00542,50,2018-03-27 06:30:00,2018-03-27 08:15:00,1.75,126.0,216.75,0.25,
T0050_00543,50,2018-03-27 15:15:00,2018-03-27 18:15:00,3.0,112.0,252.5,1.25,
T0050_00544,50,2018-03-27 22:30:00,2018-03-27 23:30:00,1.0,3875.0,1388.25,0.0,0.25
T0050_00545,50,2018-04-02 18:00:00,2018-04-02 19:30:00,1.5,97.0,143.25,1.0,
T0050_00546,50,2018-04-04 20:00:00,2018-04-04 20:15:00,0.25,61.0,15.25,0.0,
T0050_00547,50,2018-04-07 21:30:00,2018-04-07 22:15:00,0.75,764.0,573.0,0.0,
T0050_00548,50,2018-04-09 17:15:00,2018-04-09 18:45:00,1.5,56.0,83.75,0.25,
T0050_00549,50,2018-04-10 00:15:00,2018-04-10 00:45:00,0.5,55.0,27.5,0.0,
T0050_00550,50,2018-04-10 15:00:00,2018-04-10 19:30:00,4.5,306.0,1332.0,1.75,
T0050_00551,50,2018-04-12 22:15:00,2018-04-13 03:30:00,5.25,333.0,1710.75,2.25,
T0050_00552,50,2018-04-13 13:45:00,2018-04-13 21:45:00,8.0,333.0,2546.75,7.0,
T0050_00553,50,2018-04-17 19:30:00,2018-04-18 17:45:00,22.25,3809.0,30045.25,4.75,4.25
T0050_00554,50,2018-04-18 23:45:00,2018-04-19 00:15:00,0.5,52.0,25.75,0.0,
T0050_00555,50,2018-04-19 16:45:00,2018-04-20 04:00:00,11.25,59.0,650.25,4.5,
T0050_00556,50,2018-04-21 20:15:00,2018-04-21 20:45:00,0.5,1320.0,533.25,0.0,
T0050_00557,50,2018-04-22 19:30:00,2018-04-22 21:15:00,1.75,945.0,557.5,0.0,0.5
T0050_00558,50,2018-04-23 19:15:00,2018-04-23 21:15:00,2.0,54.0,107.25,0.75,
T0050_00559,50,2018-04-24 11:45:00,2018-04-24 12:15:00,0.5,85.0,42.5,0.0,
T0050_00560,50,2018-04-25 14:45:00,2018-04-25 22:00:00,7.25,642.0,1064.0,0.5,0.75
T0050_00561,50,2018-04-27 16:45:00,2018-04-27 19:15:00,2.5,214.0,245.5,0.5,0.25
T0050_00562,50,2018-04-28 17:30:00,2018-04-28 19:00:00,1.5,68.0,102.0,0.0,
T0050_00563,50,2018-04-29 13:45:00,2018-04-29 14:30:00,0.75,317.0,237.75,0.0,
T0050_00564,50,2018-04-30 17:30:00,2018-04-30 19:15:00,1.75,70.0,120.25,0.0,
T0050_00565,50,2018-05-01 00:30:00,2018-05-01 01:45:00,1.25,300.0,375.0,0.0,
T0050_00566,50,2018-05-03 11:30:00,2018-05-04 01:30:00,14.0,1716.0,8295.25,4.5,3.5
T0050_00567,50,2018-05-05 15:45:00,2018-05-05 16:45:00,1.0,207.0,207.0,0.0,
T0050_00568,50,2018-05-12 13:45:00,2018-05-12 15:45:00,2.0,1063.0,2126.0,0.0,
T0050_00569,50,2018-05-12 18:30:00,2018-05-12 22:45:00,4.25,158.0,668.25,3.25,
T0050_00570,50,2018-05-13 03:15:00,2018-05-13 05:15:00,2.0,305.0,610.0,0.0,
T0050_00571,50,2018-05-13 20:45:00,2018-05-13 22:00:00,1.25,307.0,383.0,0.0,
T0050_00572,50,2018-05-14 19:45:00,2018-05-14 20:45:00,1.0,60.0,60.0,0.0,
T0050_00573,50,2018-05-15 12:00:00,2018-05-15 15:15:00,3.25,166.0,279.5,2.5,
T0050_00574,50,2018-05-15 17:30:00,2018-05-15 18:30:00,1.0,70.0,69.25,0.5,
T0050_00575,50,2018-05-16 21:30:00,2018-05-16 23:45:00,2.25,1037.0,2333.0,0.25,
T0050_00576,50,2018-05-17 01:15:00,2018-05-17 04:15:00,3.0,57.0,168.75,0.5,
T0050_00577,50,2018-05-18 03:30:00,2018-05-18 14:00:00,10.5,106.0,1100.25,0.25,
T0050_00578,50,2018-05-19 20:15:00,2018-05-20 12:45:00,16.5,1402.0,22042.5,5.0,
T0050_00579,50,2018-05-21 07:45:00,2018-05-21 11:45:00,4.0,3861.0,5241.5,2.75,
T0050_00580,50,2018-05-25 15:45:00,2018-05-25 17:00:00,1.25,141.0,176.25,0.0,
T0050_00581,50,2018-05-28 06:15:00,2018-05-28 09:15:00,3.0,143.0,429.0,0.0,
T0050_00582,50,2018-05-31 00:00:00,2018-05-31 00:45:00,0.75,73.0,54.25,0.5,
T0050_00583,50,2018-06-01 01:30:00,2018-06-01 04:00:00,2.5,84.0,186.75,0.0,
T0050_00584,50,2018-06-01 22:00:00,2018-06-02 02:00:00,4.0,453.0,937.0,2.25,1.25
T0050_00585,50,2018-06-04 18:15:00,2018-06-04 19:15:00,1.0,4719.0,3573.5,0.5,0.25
T0050_00586,50,2018-06-06 13:00:00,2018-06-06 13:30:00,0.5,463.0,231.25,0.0,
T0050_00587,50,2018-06-06 14:45:00,2018-06-06 15:45:00,1.0,115.0,114.75,0.0,
T0050_00588,50,2018-06-07 05:30:00,2018-06-07 07:00:00,1.5,1546.0,2318.5,0.25,
T0050_00589,50,2018-06-07 12:00:00,2018-06-07 13:00:00,1.0,146.0,145.75,0.25,
T0050_00590,50,2018-06-07 20:45:00,2018-06-07 22:30:00,1.75,2413.0,3654.0,0.75,
T0050_00591,50,2018-06-08 17:30:00,2018-06-08 18:00:00,0.5,1939.0,969.25,0.25,
T0050_00592,50,2018-06-10 11:45:00,2018-06-10 14:15:00,2.5,101.0,140.0,2.25,
T0050_00593,50,2018-06-10 15:45:00,2018-06-10 16:45:00,1.0,201.0,201.0,0.0,
T0050_00594,50,2018-06-11 17:15:00,2018-06-11 20:45:00,3.5,182.0,490.0,2.25,
T0050_00595,50,2018-06-11 22:45:00,2018-06-12 01:00:00,2.25,148.0,325.0,1.75,
T0050_00596,50,2018-06-13 16:00:00,2018-06-13 17:00:00,1.0,102.0,101.75,0.0,
T0050_00597,50,2018-06-14 13:45:00,2018-06-14 15:00:00,1.25,149.0,169.0,1.0,
T0050_00598,50,2018-06-15 06:45:00,2018-06-15 07:45:00,1.0,65.0,62.5,0.25,
T0050_00599,50,2018-06-16 19:45:00,2018-06-16 20:30:00,0.75,83.0,62.0,0.25,
T0050_00600,50,2018-06-16 22:15:00,2018-06-16 23:15:00,1.0,226.0,185.5,0.0,0.75
T0050_00601,50,2018-06-18 06:30:00,2018-06-18 10:15:00,3.75,156.0,493.75,0.75,
T0050_00602,50,2018-06-18 23:45:00,2018-06-19 02:00:00,2.25,193.0,395.25,2.0,
T0050_00603,50,2018-06-19 18:15:00,2018-06-19 23:30:00,5.25,917.0,4012.25,3.25,1.0
T0050_00604,50,2018-06-21 20:30:00,2018-06-21 22:15:00,1.75,60.0,102.5,0.0,
T0050_00605,50,2018-06-22 15:30:00,2018-06-22 17:15:00,1.75,2361.0,4117.25,1.25,
T0050_00606,50,2018-06-24 17:30:00,2018-06-24 22:00:00,4.5,1331.0,5095.25,4.25,
T0050_00607,50,2018-06-28 22:45:00,2018-06-29 00:15:00,1.5,124.0,182.5,1.25,
T0050_00608,50,2018-06-30 12:30:00,2018-06-30 17:15:00,4.75,1269.0,3191.0,0.25,2.0
T0050_00609,50,2018-07-01 13:30:00,2018-07-01 15:15:00,1.75,163.0,192.25,1.0,
T0050_00610,50,2018-07-01 17:15:00,2018-07-01 18:30:00,1.25,67.0,83.75,0.0,
T0050_00611,50,2018-07-02 16:30:00,2018-07-02 16:45:00,0.25,6271.0,1567.75,0.0,
T0050_00612,50,2018-07-03 05:30:00,2018-07-03 06:30:00,1.0,50.0,50.0,0.0,0.0
T0050_00613,50,2018-07-03 17:15:00,2018-07-03 21:30:00,4.25,371.0,1558.5,3.75,
T0050_00614,50,2018-07-06 13:30:00,2018-07-06 15:15:00,1.75,118.0,174.75,0.5,
T0050_00615,50,2018-07-08 23:30:00,2018-07-09 01:00:00,1.5,95.0,141.25,0.0,
T0050_00616,50,2018-07-09 12:00:00,2018-07-09 14:00:00,2.0,181.0,344.0,1.0,
T0050_00617,50,2018-07-11 12:30:00,2018-07-11 14:15:00,1.75,112.0,195.25,0.0,
T0050_00618,50,2018-07-12 18:30:00,2018-07-12 21:15:00,2.75,646.0,1556.75,0.0,
T0050_00619,50,2018-07-12 23:30:00,2018-07-13 02:00:00,2.5,204.0,208.0,0.0,0.5
T0050_00620,50,2018-07-13 11:30:00,2018-07-13 13:45:00,2.25,62.0,139.5,0.0,
T0050_00621,50,2018-07-15 14:45:00,2018-07-15 17:45:00,3.0,116.0,222.5,1.5,
T0050_00622,50,2018-07-17 21:00:00,2018-07-18 01:00:00,4.0,951.0,3359.0,0.5,0.75
T0050_00623,50,2018-07-18 21:30:00,2018-07-18 23:00:00,1.5,90.0,134.0,0.0,
T0050_00624,50,2018-07-19 12:30:00,2018-07-19 14:15:00,1.75,71.0,124.25,0.0,
T0050_00625,50,2018-07-22 18:15:00,2018-07-23 04:00:00,9.75,2348.0,14106.25,2.25,
T0050_00626,50,2018-07-23 14:30:00,2018-07-23 16:15:00,1.75,99.0,147.0,0.25,
T0050_00627,50,2018-07-23 21:30:00,2018-07-23 23:00:00,1.5,134.0,162.5,0.25,1.0
T0050_00628,50,2018-07-24 05:00:00,2018-07-24 08:00:00,3.0,208.0,393.25,0.5,1.0
T0050_00629,50,2018-07-24 19:30:00,2018-07-25 01:00:00,5.5,542.0,2164.5,1.0,2.0
T0050_00630,50,2018-07-25 05:30:00,2018-07-25 09:45:00,4.25,211.0,886.75,0.25,
T0050_00631,50,2018-07-26 01:00:00,2018-07-26 05:30:00,4.5,1612.0,1465.25,1.5,0.25
T0050_00632,50,2018-07-26 06:15:00,2018-07-26 09:45:00,3.5,176.0,613.0,2.0,
T0050_00633,50,2018-07-26 14:30:00,2018-07-26 16:30:00,2.0,1144.0,2064.75,0.0,1.75
T0050_00634,50,2018-07-30 20:00:00,2018-07-30 23:15:00,3.25,3814.0,3483.0,0.5,0.5
T0050_00635,50,2018-08-01 07:30:00,2018-08-01 08:15:00,0.75,113.0,62.25,0.5,
T0050_00636,50,2018-08-02 18:30:00,2018-08-02 20:15:00,1.75,56.0,97.25,0.0,
T0050_00637,50,2018-08-04 03:00:00,2018-08-04 05:00:00,2.0,725.0,835.0,0.75,0.5
T0050_00638,50,2018-08-04 22:00:00,2018-08-05 01:45:00,3.75,74.0,234.0,1.5,
T0050_00639,50,2018-08-07 22:00:00,2018-08-07 23:30:00,1.5,58.0,85.75,1.25,
T0050_00640,50,2018-08-10 13:45:00,2018-08-10 14:30:00,0.75,56.0,42.0,0.0,
T0050_00641,50,2018-08-11 04:00:00,2018-08-11 05:15:00,1.25,108.0,135.0,0.0,
T0050_00642,50,2018-08-13 04:00:00,2018-08-13 05:15:00,1.25,195.0,243.75,0.0,
T0050_00643,50,2018-08-14 00:00:00,2018-08-14 01:30:00,1.5,77.0,113.5,0.25,
T0050_00644,50,2018-08-14 16:30:00,2018-08-14 19:00:00,2.5,289.0,721.0,0.0,
T0050_00645,50,2018-08-14 22:45:00,2018-08-14 23:00:00,0.25,7351.0,1837.75,0.0,
T0050_00646,50,2018-08-15 16:30:00,2018-08-15 20:00:00,3.5,58.0,190.5,0.75,
T0050_00647,50,2018-08-16 22:45:00,2018-08-17 03:45:00,5.0,51.0,251.5,0.0,0.75
T0050_00648,50,2018-08-17 08:00:00,2018-08-17 08:15:00,0.25,50.0,12.5,0.0,0.0
T0050_00649,50,2018-08-17 19:45:00,2018-08-17 21:00:00,1.25,59.0,72.75,1.0,
T0050_00650,50,2018-08-17 21:45:00,2018-08-17 22:00:00,0.25,56.0,14.0,0.0,
T0050_00651,50,2018-08-19 17:15:00,2018-08-19 19:15:00,2.0,96.0,153.5,1.75,
T0050_00652,50,2018-08-19 23:45:00,2018-08-20 03:00:00,3.25,915.0,2873.0,1.5,
T0050_00653,50,2018-08-20 09:00:00,2018-08-20 11:00:00,2.0,74.0,148.0,0.0,
T0050_00654,50,2018-08-21 15:15:00,2018-08-21 16:30:00,1.25,171.0,204.5,0.75,
T0050_00655,50,2018-08-25 13:30:00,2018-08-25 14:45:00,1.25,179.0,223.75,0.0,
T0050_00656,50,2018-08-26 18:30:00,2018-08-26 22:45:00,4.25,1331.0,5654.0,0.0,
T0050_00657,50,2018-08-27 11:15:00,2018-08-27 15:30:00,4.25,145.0,494.0,2.75,1.25
T0050_00658,50,2018-08-28 18:15:00,2018-08-28 19:30:00,1.25,129.0,160.25,0.0,
T0050_00659,50,2018-08-29 05:00:00,2018-08-29 07:15:00,2.25,69.0,155.25,0.0,
T0050_00660,50,2018-08-31 19:30:00,2018-08-31 20:45:00,1.25,196.0,226.5,0.25,
T0050_00661,50,2018-09-02 15:15:00,2018-09-02 17:15:00,2.0,56.0,110.25,1.75,
T0050_00662,50,2018-09-04 10:15:00,2018-09-04 12:00:00,1.75,130.0,198.0,0.0,
T0050_00663,50,2018-09-04 15:15:00,2018-09-04 15:30:00,0.25,125.0,31.25,0.0,
T0050_00664,50,2018-09-04 20:30:00,2018-09-04 23:15:00,2.75,619.0,1140.75,2.25,
T0050_00665,50,2018-09-05 17:30:00,2018-09-05 19:00:00,1.5,136.0,203.25,0.0,
T0050_00666,50,2018-09-07 19:00:00,2018-09-07 20:30:00,1.5,220.0,308.75,0.25,
T0050_00667,50,2018-09-12 20:00:00,2018-09-12 21:15:00,1.25,78.0,85.5,0.0,
T0050_00668,50,2018-09-13 19:45:00,2018-09-13 20:15:00,0.5,84.0,42.0,0.0,
T0050_00669,50,2018-09-15 15:45:00,2018-09-15 19:30:00,3.75,66.0,244.75,1.75,
T0050_00670,50,2018-09-18 02:30:00,2018-09-18 04:15:00,1.75,75.0,131.25,0.0,
T0050_00671,50,2018-09-19 06:45:00,2018-09-19 08:00:00,1.25,72.0,90.0,0.0,
T0050_00672,50,2018-09-19 16:15:00,2018-09-19 20:30:00,4.25,57.0,240.25,1.0,
T0050_00673,50,2018-09-20 17:45:00,2018-09-20 20:00:00,2.25,65.0,144.5,0.5,
T0050_00674,50,2018-09-23 17:30:00,2018-09-23 18:30:00,1.0,204.0,203.75,0.25,
T0050_00675,50,2018-09-26 11:30:00,2018-09-26 15:30:00,4.0,715.0,1274.75,2.25,1.5
T0050_00676,50,2018-09-26 18:00:00,2018-09-27 03:30:00,9.5,102.0,895.25,2.0,
T0050_00677,50,2018-09-28 00:00:00,2018-09-28 00:15:00,0.25,57.0,14.25,0.0,
T0050_00678,50,2018-09-29 16:15:00,2018-09-29 17:30:00,1.25,1331.0,1663.75,0.0,
T0050_00679,50,2018-09-30 18:15:00,2018-09-30 19:15:00,1.0,1336.0,1335.25,0.0,
T0050_00680,50,2018-10-01 18:00:00,2018-10-01 19:15:00,1.25,136.0,166.0,0.25,
T0050_00681,50,2018-10-02 20:30:00,2018-10-02 22:30:00,2.0,87.0,138.5,0.0,
T0050_00682,50,2018-10-03 11:45:00,2018-10-03 13:00:00,1.25,207.0,258.75,0.0,
T0050_00683,50,2018-10-03 19:00:00,2018-10-03 19:45:00,0.75,227.0,170.25,0.0,
T0050_00684,50,2018-10-04 19:30:00,2018-10-04 21:45:00,2.25,173.0,362.5,1.0,
T0050_00685,50,2018-10-05 04:30:00,2018-10-05 11:45:00,7.25,316.0,1824.25,0.0,
T0050_00686,50,2018-10-10 06:00:00,2018-10-10 06:45:00,0.75,393.0,294.75,0.0,
T0050_00687,50,2018-10-11 02:00:00,2018-10-11 04:00:00,2.0,1177.0,1421.75,1.0,
T0050_00688,50,2018-10-11 06:45:00,2018-10-11 10:00:00,3.25,96.0,309.0,1.75,
T0050_00689,50,2018-10-12 13:45:00,2018-10-12 14:15:00,0.5,52.0,26.0,0.0,
T0050_00690,50,2018-10-14 11:00:00,2018-10-14 14:45:00,3.75,205.0,613.25,2.75,
T0050_00691,50,2018-10-14 15:30:00,2018-10-14 16:15:00,0.75,107.0,71.25,0.25,
T0050_00692,50,2018-10-15 01:00:00,2018-10-15 14:30:00,13.5,3542.0,21152.25,9.75,2.0
T0050_00693,50,2018-10-15 22:45:00,2018-10-16 00:45:00,2.0,273.0,541.0,1.0,
T0050_00694,50,2018-10-16 15:00:00,2018-10-16 16:15:00,1.25,107.0,125.0,1.0,
T0050_00695,50,2018-10-17 16:00:00,2018-10-17 16:15:00,0.25,1815.0,453.75,0.0,
T0050_00696,50,2018-10-17 23:45:00,2018-10-18 02:45:00,3.0,246.0,666.75,0.0,
T0050_00697,50,2018-10-18 17:15:00,2018-10-18 22:45:00,5.5,98.0,507.0,0.0,
T0050_00698,50,2018-10-22 17:15:00,2018-10-22 19:00:00,1.75,52.0,90.0,1.0,
T0050_00699,50,2018-10-24 06:15:00,2018-10-24 08:00:00,1.75,56.0,98.0,0.0,
T0050_00700,50,2018-10-25 16:30:00,2018-10-25 17:45:00,1.25,263.0,327.75,0.0,
T0050_00701,50,2018-10-26 20:30:00,2018-10-26 21:30:00,1.0,206.0,205.75,0.0,
T0050_00702,50,2018-10-29 22:00:00,2018-10-29 22:30:00,0.5,54.0,27.0,0.0,
T0050_00703,50,2018-10-30 19:45:00,2018-10-30 21:30:00,1.75,59.0,100.0,0.75,
T0050_00704,50,2018-10-31 15:30:00,2018-10-31 16:30:00,1.0,166.0,152.5,0.5,
T0050_00705,50,2018-11-02 13:15:00,2018-11-02 20:15:00,7.0,203.0,977.75,6.25,
T0050_00706,50,2018-11-08 02:15:00,2018-11-08 10:45:00,8.5,180.0,1062.75,5.0,
T0050_00707,50,2018-11-08 16:15:00,2018-11-08 16:30:00,0.25,143.0,35.75,0.0,
T0050_00708,50,2018-11-12 20:45:00,2018-11-12 22:30:00,1.75,128.0,211.25,1.25,
T0050_00709,50,2018-11-14 17:15:00,2018-11-14 18:15:00,1.0,2347.0,2346.0,0.75,
T0050_00710,50,2018-11-15 10:30:00,2018-11-15 11:30:00,1.0,4214.0,4207.25,0.5,
T0050_00711,50,2018-11-24 16:30:00,2018-11-24 18:30:00,2.0,52.0,104.0,0.0,
T0050_00712,50,2018-11-25 03:45:00,2018-11-25 07:15:00,3.5,2123.0,3300.75,0.5,0.25
T0050_00713,50,2018-11-25 19:15:00,2018-11-25 20:15:00,1.0,1331.0,1125.5,0.0,0.75
T0050_00714,50,2018-11-25 21:00:00,2018-11-25 23:15:00,2.25,345.0,776.25,0.0,
T0050_00715,50,2018-11-26 17:15:00,2018-11-26 18:15:00,1.0,54.0,54.0,0.0,
T0050_00716,50,2018-11-27 17:00:00,2018-11-27 17:45:00,0.75,56.0,41.5,0.5,
T0050_00717,50,2018-12-03 18:00:00,2018-12-03 19:45:00,1.75,198.0,344.5,1.0,
T0050_00718,50,2018-12-05 11:30:00,2018-12-05 15:00:00,3.5,215.0,750.0,0.0,
T0050_00719,50,2018-12-05 16:00:00,2018-12-05 16:45:00,0.75,52.0,39.0,0.0,
T0050_00720,50,2018-12-06 09:15:00,2018-12-06 12:00:00,2.75,215.0,588.75,0.0,
T0050_00721,50,2018-12-11 19:45:00,2018-12-11 21:00:00,1.25,79.0,97.0,0.25,
T0050_00722,50,2018-12-15 16:15:00,2018-12-15 19:30:00,3.25,57.0,183.0,2.25,
T0050_00723,50,2018-12-18 19:45:00,2018-12-18 22:45:00,3.0,217.0,646.25,1.75,
T0050_00724,50,2018-12-20 19:15:00,2018-12-20 20:30:00,1.25,428.0,535.0,0.0,
T0050_00725,50,2018-12-21 21:15:00,2018-12-21 21:30:00,0.25,285.0,71.25,0.0,
T0050_00726,50,2018-12-22 15:45:00,2018-12-22 17:45:00,2.0,62.0,124.0,0.0,
T0050_00727,50,2018-12-22 19:30:00,2018-12-22 20:45:00,1.25,63.0,78.75,0.0,
T0050_00728,50,2018-12-23 19:15:00,2018-12-23 19:45:00,0.5,1331.0,665.5,0.0,
T0050_00729,50,2018-12-24 10:00:00,2018-12-24 11:45:00,1.75,96.0,168.0,0.0,
T0050_00730,50,2019-01-07 12:30:00,2019-01-07 14:00:00,1.5,50.0,75.0,0.0,0.0
T0050_00731,50,2019-01-07 18:45:00,2019-01-07 22:15:00,3.5,916.0,2184.25,1.5,
T0050_00732,50,2019-01-08 00:30:00,2019-01-08 02:30:00,2.0,128.0,254.0,0.25,
T0050_00733,50,2019-01-08 04:30:00,2019-01-08 06:45:00,2.25,59.0,131.5,0.75,
T0050_00734,50,2019-01-10 03:30:00,2019-01-10 05:00:00,1.5,441.0,424.5,0.75,
T0050_00735,50,2019-01-10 17:30:00,2019-01-10 18:15:00,0.75,104.0,78.0,0.0,
T0050_00736,50,2019-01-11 15:00:00,2019-01-11 17:30:00,2.5,693.0,1285.25,0.5,1.75
T0050_00737,50,2019-01-13 19:15:00,2019-01-13 20:15:00,1.0,87.0,87.0,0.0,
T0050_00738,50,2019-01-17 16:45:00,2019-01-17 19:45:00,3.0,126.0,231.75,1.0,1.25
T0050_00739,50,2019-01-20 19:15:00,2019-01-20 20:00:00,0.75,1331.0,998.25,0.0,
T0050_00740,50,2019-01-23 13:30:00,2019-01-23 15:45:00,2.25,160.0,358.5,1.5,
T0050_00741,50,2019-01-28 04:45:00,2019-01-28 05:45:00,1.0,1015.0,1014.5,0.5,
T0050_00742,50,2019-01-30 07:30:00,2019-01-30 13:30:00,6.0,107.0,642.0,0.0,
T0050_00743,50,2019-01-30 20:45:00,2019-01-30 21:15:00,0.5,3793.0,1896.5,0.0,
T0050_00744,50,2019-01-31 12:15:00,2019-01-31 12:45:00,0.5,166.0,83.0,0.0,
T0050_00745,50,2019-01-31 16:00:00,2019-01-31 21:30:00,5.5,1627.0,1572.0,2.0,0.25
T0050_00746,50,2019-02-01 12:30:00,2019-02-01 12:45:00,0.25,166.0,41.5,0.0,
T0050_00747,50,2019-02-05 16:45:00,2019-02-05 17:45:00,1.0,168.0,168.0,0.0,
T0050_00748,50,2019-02-07 14:15:00,2019-02-07 15:00:00,0.75,103.0,77.25,0.0,
T0050_00749,50,2019-02-11 18:45:00,2019-02-11 19:00:00,0.25,226.0,56.5,0.0,
T0050_00750,50,2019-02-14 01:45:00,2019-02-14 12:45:00,11.0,1309.0,3745.0,4.0,1.5
T0050_00751,50,2019-02-14 14:45:00,2019-02-14 18:15:00,3.5,101.0,236.75,1.25,1.25
T0050_00752,50,2019-02-15 20:45:00,2019-02-15 21:15:00,0.5,44170.0,22085.0,0.0,
T0050_00753,50,2019-02-25 15:45:00,2019-02-25 16:15:00,0.5,56.0,28.0,0.0,
T0050_00754,50,2019-03-07 12:00:00,2019-03-07 13:00:00,1.0,69.0,69.0,0.0,
T0050_00755,50,2019-03-08 13:30:00,2019-03-08 15:00:00,1.5,150.0,224.5,0.5,
T0050_00756,50,2019-03-13 09:30:00,2019-03-13 15:30:00,6.0,651.0,1181.5,1.75,0.75
T0050_00757,50,2019-03-13 16:15:00,2019-03-14 20:15:00,28.0,2283.0,27727.75,2.0,8.25
T0050_00758,50,2019-03-17 15:30:00,2019-03-17 17:45:00,2.25,182.0,408.5,1.0,
T0050_00759,50,2019-03-17 22:00:00,2019-03-17 23:15:00,1.25,143.0,177.75,0.0,
T0050_00760,50,2019-03-23 11:15:00,2019-03-23 14:45:00,3.5,175.0,422.25,2.5,
T0050_00761,50,2019-03-27 21:15:00,2019-03-27 23:15:00,2.0,348.0,695.75,0.25,
T0050_00762,50,2019-03-29 19:15:00,2019-03-29 19:45:00,0.5,59.0,29.5,0.0,
T0050_00763,50,2019-03-30 05:30:00,2019-03-30 09:00:00,3.5,2015.0,6981.0,0.5,
T0050_00764,50,2019-03-30 15:30:00,2019-03-30 16:00:00,0.5,61.0,28.5,0.25,
T0050_00765,50,2019-03-31 12:45:00,2019-03-31 14:15:00,1.5,128.0,192.0,0.0,
T0050_00766,50,2019-04-03 18:30:00,2019-04-03 19:15:00,0.75,103.0,77.25,0.0,
T0050_00767,50,2019-04-09 14:30:00,2019-04-09 18:00:00,3.5,81.0,213.25,0.0,
T0050_00768,50,2019-04-10 14:30:00,2019-04-10 15:45:00,1.25,76.0,94.0,0.0,
T0050_00769,50,2019-04-10 17:15:00,2019-04-10 19:15:00,2.0,69.0,126.75,0.75,
T0050_00770,50,2019-04-10 20:15:00,2019-04-10 21:00:00,0.75,52.0,38.25,0.25,
T0050_00771,50,2019-04-16 14:30:00,2019-04-16 19:45:00,5.25,74.0,377.75,3.0,
T0050_00772,50,2019-04-17 18:30:00,2019-04-17 19:30:00,1.0,74.0,66.0,0.25,
T0050_00773,50,2019-04-17 21:15:00,2019-04-18 04:30:00,7.25,340.0,385.0,0.25,0.25
T0050_00774,50,2019-04-18 14:00:00,2019-04-18 15:45:00,1.75,211.0,276.25,0.5,
T0050_00775,50,2019-04-18 20:45:00,2019-04-18 22:30:00,1.75,83.0,144.0,0.0,
T0050_00776,50,2019-04-19 10:00:00,2019-04-19 11:45:00,1.75,79.0,138.25,0.0,
T0050_00777,50,2019-04-20 14:30:00,2019-04-20 15:45:00,1.25,76.0,89.5,0.75,
T0050_00778,50,2019-04-21 22:15:00,2019-04-21 22:30:00,0.25,91.0,22.75,0.0,
T0050_00779,50,2019-04-21 23:45:00,2019-04-22 01:15:00,1.5,259.0,385.5,0.75,
T0050_00780,50,2019-04-22 02:00:00,2019-04-22 02:15:00,0.25,50.0,12.5,0.0,0.0
T0050_00781,50,2019-04-23 16:45:00,2019-04-23 17:00:00,0.25,78.0,19.5,0.0,
T0050_00782,50,2019-04-24 14:30:00,2019-04-24 19:00:00,4.5,296.0,765.0,0.75,0.75
T0050_00783,50,2019-04-25 03:30:00,2019-04-25 06:15:00,2.75,75.0,206.25,0.0,
T0050_00784,50,2019-04-25 16:15:00,2019-04-25 17:15:00,1.0,80.0,80.0,0.0,
T0050_00785,50,2019-04-27 03:15:00,2019-04-27 06:30:00,3.25,152.0,352.5,2.5,
T0050_00786,50,2019-04-27 08:45:00,2019-04-27 14:15:00,5.5,52.0,275.5,0.0,0.25
T0050_00787,50,2019-04-28 21:00:00,2019-04-29 02:45:00,5.75,132.0,751.0,3.0,
T0050_00788,50,2019-05-05 12:45:00,2019-05-05 13:00:00,0.25,65.0,16.25,0.0,
T0050_00789,50,2019-05-05 21:45:00,2019-05-06 15:15:00,17.5,5992.0,63837.5,0.5,14.5
T0050_00790,50,2019-05-06 16:30:00,2019-05-06 18:30:00,2.0,167.0,296.0,1.75,
T0050_00791,50,2019-05-06 23:00:00,2019-05-07 02:30:00,3.5,60.0,187.0,0.0,
T0050_00792,50,2019-05-09 09:45:00,2019-05-09 13:15:00,3.5,242.0,553.75,2.5,0.75
T0050_00793,50,2019-05-10 13:15:00,2019-05-10 14:15:00,1.0,78.0,77.5,0.0,
T0050_00794,50,2019-05-10 15:30:00,2019-05-10 17:30:00,2.0,129.0,158.75,1.75,
T0050_00795,50,2019-05-10 22:45:00,2019-05-11 04:15:00,5.5,722.0,2790.25,3.75,1.0
T0050_00796,50,2019-05-16 15:30:00,2019-05-16 17:30:00,2.0,211.0,397.0,1.5,
T0050_00797,50,2019-05-18 12:15:00,2019-05-18 14:00:00,1.75,162.0,283.5,0.0,
T0050_00798,50,2019-05-18 16:30:00,2019-05-18 17:15:00,0.75,165.0,123.75,0.0,
T0050_00799,50,2019-05-20 20:00:00,2019-05-20 21:15:00,1.25,79.0,98.0,0.75,
T0050_00800,50,2019-05-21 05:00:00,2019-05-21 22:45:00,17.75,1821.0,11346.0,7.5,1.25
T0050_00801,50,2019-05-23 18:15:00,2019-05-23 19:00:00,0.75,86.0,64.25,0.0,
T0050_00802,50,2019-05-25 04:00:00,2019-05-25 05:30:00,1.5,160.0,237.25,0.5,
T0050_00803,50,2019-05-28 11:45:00,2019-05-28 12:45:00,1.0,96.0,96.0,0.0,
T0050_00804,50,2019-05-30 20:00:00,2019-05-30 21:00:00,1.0,132.0,131.5,0.5,
T0050_00805,50,2019-06-01 18:15:00,2019-06-01 18:45:00,0.5,165.0,82.5,0.0,
T0050_00806,50,2019-06-03 19:30:00,2019-06-03 20:45:00,1.25,3360.0,4176.5,0.75,
T0050_00807,50,2019-06-06 14:00:00,2019-06-06 18:30:00,4.5,353.0,369.75,0.25,0.25
T0050_00808,50,2019-06-07 15:30:00,2019-06-07 17:45:00,2.25,125.0,279.25,2.0,
T0050_00809,50,2019-06-10 15:15:00,2019-06-10 18:00:00,2.75,101.0,190.25,0.0,
T0050_00810,50,2019-06-14 12:45:00,2019-06-14 13:45:00,1.0,92.0,91.0,0.5,
T0050_00811,50,2019-06-14 21:15:00,2019-06-15 01:30:00,4.25,458.0,1543.75,0.5,2.0
T0050_00812,50,2019-06-15 14:45:00,2019-06-15 16:00:00,1.25,538.0,638.0,0.5,
T0050_00813,50,2019-06-15 16:45:00,2019-06-15 18:30:00,1.75,131.0,228.75,0.5,
T0050_00814,50,2019-06-16 21:45:00,2019-06-16 23:30:00,1.75,126.0,193.5,0.75,
T0050_00815,50,2019-06-17 13:30:00,2019-06-17 14:15:00,0.75,94.0,70.5,0.0,
T0050_00816,50,2019-06-17 18:15:00,2019-06-18 05:30:00,11.25,1986.0,3344.75,3.25,0.75
T0050_00817,50,2019-06-19 19:00:00,2019-06-19 20:45:00,1.75,115.0,189.75,0.5,
T0050_00818,50,2019-06-20 16:30:00,2019-06-20 17:45:00,1.25,150.0,182.25,0.0,
T0050_00819,50,2019-06-21 21:45:00,2019-06-21 23:15:00,1.5,170.0,153.5,0.25,0.75
T0050_00820,50,2019-06-22 07:15:00,2019-06-22 11:15:00,4.0,181.0,659.0,0.75,
T0050_00821,50,2019-06-24 01:30:00,2019-06-24 03:15:00,1.75,51.0,88.5,0.0,1.0
T0050_00822,50,2019-06-25 17:30:00,2019-06-25 19:00:00,1.5,129.0,179.25,0.0,
T0050_00823,50,2019-06-27 01:45:00,2019-06-27 02:45:00,1.0,3797.0,3796.5,0.5,
T0050_00824,50,2019-06-27 04:15:00,2019-06-27 07:45:00,3.5,561.0,1950.5,0.0,
T0050_00825,50,2019-06-29 03:00:00,2019-06-29 06:15:00,3.25,221.0,510.75,1.25,1.0
T0050_00826,50,2019-07-01 00:45:00,2019-07-01 04:15:00,3.5,108.0,241.0,0.75,
T0050_00827,50,2019-07-02 09:15:00,2019-07-02 12:00:00,2.75,101.0,221.5,0.0,
T0050_00828,50,2019-07-02 16:15:00,2019-07-02 20:15:00,4.0,116.0,438.0,1.0,
T0050_00829,50,2019-07-02 21:45:00,2019-07-03 04:15:00,6.5,107.0,443.75,0.5,3.25
T0050_00830,50,2019-07-06 02:15:00,2019-07-06 13:00:00,10.75,2261.0,6179.75,1.25,0.75
T0050_00831,50,2019-07-06 14:15:00,2019-07-06 19:00:00,4.75,364.0,1194.25,1.75,2.0
T0050_00832,50,2019-07-08 00:30:00,2019-07-08 00:45:00,0.25,626.0,156.5,0.0,
T0050_00833,50,2019-07-10 03:30:00,2019-07-10 05:45:00,2.25,63.0,141.75,0.0,
T0050_00834,50,2019-07-10 14:30:00,2019-07-10 15:45:00,1.25,131.0,163.75,0.0,
T0050_00835,50,2019-07-12 02:30:00,2019-07-12 04:45:00,2.25,2606.0,5467.0,1.5,
T0050_00836,50,2019-07-13 13:15:00,2019-07-13 14:30:00,1.25,63.0,77.75,0.5,
T0050_00837,50,2019-07-14 05:45:00,2019-07-14 08:00:00,2.25,67.0,150.75,0.0,
T0050_00838,50,2019-07-14 14:00:00,2019-07-14 16:15:00,2.25,69.0,151.75,1.25,
T0050_00839,50,2019-07-15 15:00:00,2019-07-16 00:00:00,9.0,314.0,1626.0,2.25,3.75
T0050_00840,50,2019-07-16 22:45:00,2019-07-17 01:15:00,2.5,76.0,188.25,0.0,
T0050_00841,50,2019-07-17 06:30:00,2019-07-17 09:15:00,2.75,54.0,147.0,1.5,
T0050_00842,50,2019-07-17 22:30:00,2019-07-18 01:45:00,3.25,254.0,596.5,0.75,0.5
T0050_00843,50,2019-07-19 04:00:00,2019-07-19 06:15:00,2.25,56.0,126.0,0.0,
T0050_00844,50,2019-07-20 01:00:00,2019-07-20 04:45:00,3.75,296.0,615.25,1.25,0.5
T0050_00845,50,2019-07-20 22:30:00,2019-07-20 23:45:00,1.25,89.0,111.25,0.0,
T0050_00846,50,2019-07-21 00:30:00,2019-07-21 03:15:00,2.75,240.0,584.0,1.75,0.5
T0050_00847,50,2019-07-25 09:15:00,2019-07-25 11:15:00,2.0,120.0,216.5,1.25,
T0050_00848,50,2019-07-25 13:45:00,2019-07-25 17:00:00,3.25,136.0,373.25,1.75,
T0050_00849,50,2019-07-25 22:30:00,2019-07-26 00:30:00,2.0,4453.0,8898.0,1.75,
T0050_00850,50,2019-07-27 05:30:00,2019-07-27 08:15:00,2.75,286.0,732.75,0.25,
T0050_00851,50,2019-07-29 13:00:00,2019-07-29 13:30:00,0.5,1094.0,340.0,0.25,
T0050_00852,50,2019-07-31 02:45:00,2019-07-31 03:45:00,1.0,156.0,156.0,0.0,
T0050_00853,50,2019-08-02 14:00:00,2019-08-02 15:00:00,1.0,146.0,145.25,0.0,
T0050_00854,50,2019-08-04 20:00:00,2019-08-04 22:45:00,2.75,311.0,852.75,2.25,
T0050_00855,50,2019-08-05 01:30:00,2019-08-05 03:15:00,1.75,152.0,265.0,0.0,
T0050_00856,50,2019-08-06 21:15:00,2019-08-06 23:15:00,2.0,59.0,115.0,0.5,
T0050_00857,50,2019-08-07 13:00:00,2019-08-07 14:15:00,1.25,84.0,105.0,0.0,
T0050_00858,50,2019-08-08 06:15:00,2019-08-08 09:00:00,2.75,1612.0,4432.75,0.25,
T0050_00859,50,2019-08-13 05:15:00,2019-08-13 07:30:00,2.25,969.0,2176.25,1.75,
T0050_00860,50,2019-08-13 17:15:00,2019-08-13 18:15:00,1.0,1548.0,1547.0,0.5,
T0050_00861,50,2019-08-14 15:45:00,2019-08-14 18:00:00,2.25,177.0,367.75,0.0,
T0050_00862,50,2019-08-16 06:15:00,2019-08-16 08:15:00,2.0,78.0,155.25,0.75,
T0050_00863,50,2019-08-16 14:00:00,2019-08-16 16:30:00,2.5,282.0,650.5,0.25,
T0050_00864,50,2019-08-17 22:00:00,2019-08-17 23:45:00,1.75,76.0,131.75,1.25,
T0050_00865,50,2019-08-19 17:45:00,2019-08-19 20:15:00,2.5,109.0,257.5,1.0,
T0050_00866,50,2019-08-20 19:00:00,2019-08-20 19:45:00,0.75,75.0,51.75,0.5,
T0050_00867,50,2019-08-21 08:30:00,2019-08-21 09:15:00,0.75,171.0,128.25,0.0,
T0050_00868,50,2019-08-22 09:00:00,2019-08-22 17:45:00,8.75,290.0,1645.75,3.5,1.5
T0050_00869,50,2019-08-23 04:45:00,2019-08-23 06:45:00,2.0,89.0,178.0,0.0,
T0050_00870,50,2019-08-27 12:30:00,2019-08-27 13:45:00,1.25,4227.0,5283.75,0.0,
T0050_00871,50,2019-08-28 18:00:00,2019-08-28 19:30:00,1.5,232.0,241.75,0.75,
T0050_00872,50,2019-08-29 09:15:00,2019-08-29 12:45:00,3.5,296.0,1036.0,0.0,
T0050_00873,50,2019-08-29 16:00:00,2019-08-29 17:15:00,1.25,103.0,128.75,0.0,
T0050_00874,50,2019-08-30 09:15:00,2019-08-30 10:45:00,1.5,1010.0,1514.75,0.0,
T0050_00875,50,2019-08-30 16:00:00,2019-08-30 17:00:00,1.0,76.0,75.25,0.75,
T0050_00876,50,2019-09-03 02:30:00,2019-09-03 03:30:00,1.0,76.0,75.5,0.0,
T0050_00877,50,2019-09-03 05:15:00,2019-09-03 06:00:00,0.75,76.0,56.5,0.0,
T0050_00878,50,2019-09-06 11:15:00,2019-09-06 18:45:00,7.5,3212.0,17963.75,6.75,
T0050_00879,50,2019-09-06 22:30:00,2019-09-06 23:15:00,0.75,1460.0,586.75,0.5,
T0050_00880,50,2019-09-07 11:00:00,2019-09-07 12:00:00,1.0,95.0,93.75,0.0,
T0050_00881,50,2019-09-08 14:15:00,2019-09-08 14:45:00,0.5,4228.0,2114.0,0.0,
T0050_00882,50,2019-09-09 06:15:00,2019-09-09 08:15:00,2.0,264.0,526.25,1.0,
T0050_00883,50,2019-09-11 23:45:00,2019-09-12 01:15:00,1.5,52.0,78.0,0.0,
T0050_00884,50,2019-09-14 18:00:00,2019-09-14 18:45:00,0.75,94.0,70.5,0.0,
T0050_00885,50,2019-09-18 20:00:00,2019-09-18 23:30:00,3.5,308.0,813.75,1.25,
T0050_00886,50,2019-09-23 17:00:00,2019-09-24 00:30:00,7.5,4451.0,2843.0,3.5,0.25
T0050_00887,50,2019-09-25 06:00:00,2019-09-25 08:15:00,2.25,61.0,137.25,0.0,
T0050_00888,50,2019-09-27 22:45:00,2019-09-27 23:30:00,0.75,3140.0,2354.5,0.0,
T0050_00889,50,2019-09-28 03:15:00,2019-09-28 06:45:00,3.5,643.0,1785.5,1.75,1.5
T0050_00890,50,2019-09-28 13:45:00,2019-09-28 15:45:00,2.0,138.0,276.0,0.0,
T0050_00891,50,2019-09-29 00:15:00,2019-09-29 00:45:00,0.5,51.0,25.25,0.0,0.25
T0050_00892,50,2019-09-30 05:15:00,2019-09-30 05:45:00,0.5,4300.0,2149.75,0.0,
T0050_00893,50,2019-10-01 17:30:00,2019-10-01 18:30:00,1.0,158.0,157.0,0.75,
T0050_00894,50,2019-10-02 02:45:00,2019-10-02 04:45:00,2.0,150.0,210.0,0.0,1.0
T0050_00895,50,2019-10-02 15:00:00,2019-10-02 15:45:00,0.75,187.0,127.25,0.5,
T0050_00896,50,2019-10-03 19:15:00,2019-10-03 20:15:00,1.0,216.0,179.75,0.5,
T0050_00897,50,2019-10-05 10:15:00,2019-10-05 15:30:00,5.25,5125.0,6971.5,1.0,0.25
T0050_00898,50,2019-10-08 13:30:00,2019-10-08 17:30:00,4.0,144.0,570.0,2.0,
T0050_00899,50,2019-10-09 13:15:00,2019-10-09 22:30:00,9.25,102.0,850.5,1.5,
T0050_00900,50,2019-10-11 14:00:00,2019-10-11 16:00:00,2.0,4365.0,2696.25,0.25,0.25
T0050_00901,50,2019-10-11 18:30:00,2019-10-11 20:15:00,1.75,872.0,358.5,0.0,0.25
T0050_00902,50,2019-10-12 19:45:00,2019-10-12 22:15:00,2.5,331.0,696.5,0.75,1.5
T0050_00903,50,2019-10-14 15:15:00,2019-10-14 23:15:00,8.0,152.0,1210.75,2.0,
T0050_00904,50,2019-10-15 15:00:00,2019-10-15 16:30:00,1.5,65.0,92.5,1.0,
T0050_00905,50,2019-10-18 15:15:00,2019-10-18 21:45:00,6.5,60.0,346.75,3.0,
T0050_00906,50,2019-10-20 16:30:00,2019-10-20 22:15:00,5.75,208.0,853.5,3.25,1.75
T0050_00907,50,2019-10-20 23:30:00,2019-10-21 03:45:00,4.25,72.0,275.0,1.75,
T0050_00908,50,2019-10-21 13:00:00,2019-10-21 19:00:00,6.0,307.0,755.25,1.5,0.25
T0050_00909,50,2019-10-22 14:30:00,2019-10-22 15:15:00,0.75,167.0,124.25,0.5,
T0050_00910,50,2019-10-22 16:30:00,2019-10-22 17:30:00,1.0,60.0,59.75,0.25,
T0050_00911,50,2019-10-23 16:00:00,2019-10-24 00:15:00,8.25,230.0,912.5,7.75,
T0050_00912,50,2019-10-24 14:30:00,2019-10-24 18:15:00,3.75,232.0,432.5,1.25,0.75
T0050_00913,50,2019-10-26 15:30:00,2019-10-26 19:45:00,4.25,152.0,583.25,0.25,
T0050_00914,50,2019-10-28 15:15:00,2019-10-28 21:00:00,5.75,10666.0,29718.5,3.75,0.25
T0050_00915,50,2019-10-29 00:30:00,2019-10-29 00:45:00,0.25,54.0,13.5,0.0,
T0050_00916,50,2019-10-30 16:45:00,2019-10-30 18:30:00,1.75,66.0,110.75,0.75,
T0050_00917,50,2019-10-30 23:00:00,2019-10-30 23:30:00,0.5,90.0,45.0,0.0,
T0050_00918,50,2019-11-02 15:45:00,2019-11-02 16:30:00,0.75,50.0,37.5,0.0,0.0
T0050_00919,50,2019-11-03 16:00:00,2019-11-03 16:45:00,0.75,569.0,426.75,0.0,
T0050_00920,50,2019-11-05 22:30:00,2019-11-05 22:45:00,0.25,141.0,35.25,0.0,
T0050_00921,50,2019-11-07 17:30:00,2019-11-07 18:30:00,1.0,57.0,55.25,0.0,
T0050_00922,50,2019-11-10 08:00:00,2019-11-10 11:00:00,3.0,3603.0,9667.0,0.5,
T0050_00923,50,2019-11-10 13:00:00,2019-11-10 13:30:00,0.5,126.0,63.0,0.0,
T0050_00924,50,2019-11-12 18:00:00,2019-11-13 00:45:00,6.75,315.0,1136.25,3.5,2.5
T0050_00925,50,2019-11-14 15:15:00,2019-11-14 22:15:00,7.0,151.0,862.0,5.75,
T0050_00926,50,2019-11-16 16:15:00,2019-11-16 21:45:00,5.5,65.0,356.5,0.25,
T0050_00927,50,2019-11-17 04:00:00,2019-11-17 05:15:00,1.25,72.0,90.0,0.0,
T0050_00928,50,2019-11-17 16:15:00,2019-11-17 21:00:00,4.75,2829.0,5365.5,0.25,2.25
T0050_00929,50,2019-11-18 03:30:00,2019-11-18 08:00:00,4.5,293.0,1094.25,0.25,
T0050_00930,50,2019-11-18 17:00:00,2019-11-18 21:15:00,4.25,924.0,3922.75,3.25,
T0050_00931,50,2019-11-21 18:45:00,2019-11-21 22:00:00,3.25,190.0,614.5,0.0,
T0050_00932,50,2019-11-22 18:45:00,2019-11-22 20:30:00,1.75,91.0,122.0,0.75,
T0050_00933,50,2019-11-22 22:15:00,2019-11-22 23:15:00,1.0,52.0,38.5,0.5,
T0050_00934,50,2019-11-23 15:15:00,2019-11-23 22:15:00,7.0,100.0,645.5,2.5,
T0050_00935,50,2019-11-25 15:00:00,2019-11-25 16:00:00,1.0,645.0,645.0,0.0,
T0050_00936,50,2019-11-25 21:00:00,2019-11-25 21:45:00,0.75,214.0,158.0,0.25,
T0050_00937,50,2019-11-29 18:45:00,2019-11-29 21:30:00,2.75,647.0,721.0,0.5,1.0
T0050_00938,50,2019-11-30 08:15:00,2019-12-02 06:30:00,46.25,2198.0,30140.0,16.75,3.5
T0050_00939,50,2019-12-02 16:30:00,2019-12-02 17:30:00,1.0,75.0,75.0,0.0,
T0050_00940,50,2019-12-03 00:30:00,2019-12-03 01:15:00,0.75,95.0,71.25,0.0,
T0050_00941,50,2019-12-03 08:00:00,2019-12-03 08:45:00,0.75,469.0,351.75,0.0,
T0050_00942,50,2019-12-03 17:00:00,2019-12-03 20:30:00,3.5,354.0,552.75,1.25,0.25
T0050_00943,50,2019-12-03 21:30:00,2019-12-04 00:00:00,2.5,972.0,2031.0,0.5,
T0050_00944,50,2019-12-04 15:45:00,2019-12-04 17:15:00,1.5,267.0,394.0,1.0,
T0050_00945,50,2019-12-06 17:30:00,2019-12-07 00:15:00,6.75,56.0,351.5,5.75,
T0050_00946,50,2019-12-07 18:45:00,2019-12-08 01:15:00,6.5,150.0,608.5,3.0,
T0050_00947,50,2019-12-11 14:45:00,2019-12-12 00:30:00,9.75,207.0,1691.5,2.0,
T0050_00948,50,2019-12-13 16:45:00,2019-12-13 19:45:00,3.0,153.0,290.5,0.75,0.75
T0050_00949,50,2019-12-17 14:45:00,2019-12-17 18:15:00,3.5,327.0,984.25,1.0,
T0050_00950,50,2019-12-17 22:00:00,2019-12-17 23:15:00,1.25,256.0,319.25,0.0,
T0050_00951,50,2019-12-18 17:30:00,2019-12-18 19:45:00,2.25,157.0,327.25,0.75,
T0050_00952,50,2019-12-18 21:00:00,2019-12-18 23:15:00,2.25,127.0,270.75,0.0,
T0050_00953,50,2019-12-20 20:00:00,2019-12-20 22:15:00,2.25,485.0,618.5,0.75,0.75
T0050_00954,50,2019-12-21 15:15:00,2019-12-21 16:30:00,1.25,116.0,145.0,0.0,
T0050_00955,50,2020-01-01 02:00:00,2020-01-01 03:15:00,1.25,50.0,62.5,0.0,0.0
T0050_00956,50,2020-01-01 16:45:00,2020-01-01 19:00:00,2.25,138.0,306.75,0.0,
T0050_00957,50,2020-01-06 19:00:00,2020-01-06 19:15:00,0.25,60.0,15.0,0.0,
T0050_00958,50,2020-01-07 07:30:00,2020-01-07 08:45:00,1.25,57.0,70.75,0.25,
T0050_00959,50,2020-01-07 09:30:00,2020-01-07 17:30:00,8.0,493.0,1330.75,5.0,0.25
T0050_00960,50,2020-01-09 17:00:00,2020-01-09 17:15:00,0.25,65.0,16.25,0.0,
T0050_00961,50,2020-01-10 16:30:00,2020-01-10 16:45:00,0.25,52.0,13.0,0.0,
T0050_00962,50,2020-01-12 20:15:00,2020-01-12 20:45:00,0.5,113.0,56.5,0.0,
T0050_00963,50,2020-01-13 19:45:00,2020-01-13 21:15:00,1.5,106.0,143.75,0.0,
T0050_00964,50,2020-01-14 02:15:00,2020-01-14 04:00:00,1.75,394.0,671.75,0.25,
T0050_00965,50,2020-01-14 18:45:00,2020-01-14 20:15:00,1.5,97.0,143.0,0.75,
T0050_00966,50,2020-01-22 01:30:00,2020-01-22 05:45:00,4.25,157.0,520.25,4.0,
T0050_00967,50,2020-01-23 16:00:00,2020-01-23 22:30:00,6.5,89.0,543.75,5.75,
T0050_00968,50,2020-01-26 15:45:00,2020-01-26 16:30:00,0.75,78.0,58.5,0.0,
T0050_00969,50,2020-01-27 17:00:00,2020-01-27 20:30:00,3.5,81.0,275.25,2.0,
T0050_00970,50,2020-01-30 14:30:00,2020-01-30 14:45:00,0.25,67.0,16.75,0.0,
T0050_00971,50,2020-01-30 18:45:00,2020-01-30 19:15:00,0.5,67.0,33.5,0.0,
T0050_00972,50,2020-02-01 16:45:00,2020-02-01 17:45:00,1.0,328.0,305.25,0.5,
T0050_00973,50,2020-02-04 06:15:00,2020-02-04 06:30:00,0.25,99.0,24.75,0.0,
T0050_00974,50,2020-02-10 16:15:00,2020-02-10 17:15:00,1.0,2384.0,2381.5,0.75,
T0050_00975,50,2020-02-11 18:30:00,2020-02-11 19:15:00,0.75,92.0,69.0,0.0,
T0050_00976,50,2020-02-12 17:00:00,2020-02-12 18:00:00,1.0,2986.0,2984.75,0.5,
T0050_00977,50,2020-02-13 05:00:00,2020-02-13 06:45:00,1.75,2043.0,3574.0,0.25,
T0050_00978,50,2020-02-14 21:30:00,2020-02-14 23:30:00,2.0,182.0,306.75,0.0,
T0050_00979,50,2020-02-18 15:45:00,2020-02-18 20:15:00,4.5,60.0,261.5,2.75,
T0050_00980,50,2020-02-19 16:15:00,2020-02-19 20:30:00,4.25,76.0,305.75,3.0,
T0050_00981,50,2020-02-24 10:45:00,2020-02-24 21:45:00,11.0,118.0,937.5,2.5,
T0050_00982,50,2020-02-27 10:00:00,2020-02-27 12:15:00,2.25,202.0,454.5,0.0,
T0050_00983,50,2020-02-29 15:15:00,2020-02-29 17:15:00,2.0,61.0,122.0,0.0,
T0050_00984,50,2020-03-04 14:15:00,2020-03-04 14:45:00,0.5,146.0,72.75,0.25,
T0050_00985,50,2020-03-05 08:15:00,2020-03-05 10:45:00,2.5,55.0,137.25,0.0,
T0050_00986,50,2020-03-05 17:15:00,2020-03-05 19:15:00,2.0,56.0,110.25,1.5,
T0050_00987,50,2020-03-09 03:15:00,2020-03-09 05:15:00,2.0,1019.0,1511.25,0.75,0.75
T0050_00988,50,2020-03-09 07:00:00,2020-03-09 08:45:00,1.75,94.0,164.5,0.0,
T0050_00989,50,2020-03-09 18:15:00,2020-03-09 19:30:00,1.25,195.0,229.5,0.25,
T0050_00990,50,2020-03-17 14:45:00,2020-03-17 15:30:00,0.75,121.0,90.75,0.0,
T0050_00991,50,2020-03-19 16:15:00,2020-03-20 05:45:00,13.5,2511.0,9445.0,0.5,0.5
T0050_00992,50,2020-03-20 06:30:00,2020-03-20 07:15:00,0.75,54.0,40.5,0.0,
T0050_00993,50,2020-03-20 09:15:00,2020-03-20 19:00:00,9.75,94.0,558.5,9.25,
T0050_00994,50,2020-03-20 22:45:00,2020-03-20 23:15:00,0.5,53.0,26.25,0.25,
T0050_00995,50,2020-03-21 15:45:00,2020-03-21 20:00:00,4.25,565.0,1368.5,0.75,1.75
T0050_00996,50,2020-03-22 17:00:00,2020-03-22 19:00:00,2.0,1033.0,1372.5,0.25,
T0050_00997,50,2020-03-25 14:45:00,2020-03-25 21:15:00,6.5,252.0,1497.0,0.0,
T0050_00998,50,2020-03-28 04:00:00,2020-03-28 07:00:00,3.0,358.0,754.75,1.0,1.75
T0050_00999,50,2020-03-28 13:00:00,2020-03-28 13:45:00,0.75,71.0,43.5,0.25,
T0050_01000,50,2020-03-28 22:15:00,2020-03-28 23:45:00,1.5,113.0,169.5,0.0,
T0050_01001,50,2020-04-05 13:45:00,2020-04-05 17:15:00,3.5,71.0,248.5,0.0,
T0050_01002,50,2020-04-08 04:30:00,2020-04-08 05:30:00,1.0,975.0,877.25,0.0,
T0050_01003,50,2020-04-16 07:45:00,2020-04-16 17:30:00,9.75,1991.0,7294.75,1.75,2.5
T0050_01004,50,2020-04-17 16:00:00,2020-04-17 17:15:00,1.25,462.0,575.75,0.5,
T0050_01005,50,2020-04-18 16:00:00,2020-04-18 18:15:00,2.25,4254.0,4490.75,0.5,0.5
T0050_01006,50,2020-04-23 21:30:00,2020-04-23 23:00:00,1.5,56.0,84.0,0.0,
T0050_01007,50,2020-04-24 11:30:00,2020-04-24 14:45:00,3.25,571.0,642.0,2.5,
T0050_01008,50,2020-05-03 04:00:00,2020-05-03 08:30:00,4.5,175.0,779.0,0.5,
T0050_01009,50,2020-05-03 12:15:00,2020-05-03 14:00:00,1.75,63.0,110.25,0.0,
T0050_01010,50,2020-05-04 22:00:00,2020-05-04 23:30:00,1.5,220.0,327.75,1.0,
T0050_01011,50,2020-05-07 16:15:00,2020-05-07 18:00:00,1.75,197.0,336.0,0.0,
T0050_01012,50,2020-05-09 15:15:00,2020-05-09 16:45:00,1.5,61.0,86.5,0.0,
T0050_01013,50,2020-05-11 19:00:00,2020-05-11 19:15:00,0.25,80.0,20.0,0.0,
T0050_01014,50,2020-05-12 11:30:00,2020-05-12 11:45:00,0.25,67.0,16.75,0.0,
T0050_01015,50,2020-05-12 13:15:00,2020-05-12 14:00:00,0.75,237.0,177.25,0.5,
T0050_01016,50,2020-05-12 18:15:00,2020-05-12 18:30:00,0.25,69.0,17.25,0.0,
T0050_01017,50,2020-05-16 14:45:00,2020-05-16 16:15:00,1.5,428.0,642.0,0.0,
T0050_01018,50,2020-05-17 03:15:00,2020-05-17 05:45:00,2.5,214.0,349.25,1.25,1.0
T0050_01019,50,2020-05-17 16:00:00,2020-05-17 17:00:00,1.0,543.0,473.5,0.25,
T0050_01020,50,2020-05-18 19:00:00,2020-05-18 22:00:00,3.0,528.0,1538.25,2.25,
T0050_01021,50,2020-05-19 01:15:00,2020-05-19 02:15:00,1.0,112.0,112.0,0.0,
T0050_01022,50,2020-05-19 23:00:00,2020-05-19 23:15:00,0.25,401.0,100.25,0.0,
T0050_01023,50,2020-05-20 04:00:00,2020-05-20 08:00:00,4.0,221.0,652.0,1.0,
T0050_01024,50,2020-05-22 01:00:00,2020-05-22 04:15:00,3.25,102.0,264.0,1.0,2.0
T0050_01025,50,2020-05-23 12:30:00,2020-05-23 14:15:00,1.75,557.0,973.25,1.25,
T0050_01026,50,2020-05-24 20:15:00,2020-05-24 23:45:00,3.5,388.0,852.0,0.25,1.75
T0050_01027,50,2020-05-26 03:45:00,2020-05-26 04:00:00,0.25,76.0,19.0,0.0,
T0050_01028,50,2020-05-31 11:00:00,2020-05-31 15:45:00,4.75,224.0,702.5,4.25,
T0050_01029,50,2020-06-01 18:30:00,2020-06-01 20:15:00,1.75,4104.0,3443.75,0.75,0.25
T0050_01030,50,2020-06-02 22:15:00,2020-06-03 00:00:00,1.75,240.0,389.25,0.25,
T0050_01031,50,2020-06-03 01:00:00,2020-06-03 02:30:00,1.5,127.0,174.75,1.25,
T0050_01032,50,2020-06-03 20:30:00,2020-06-03 22:00:00,1.5,344.0,490.5,1.25,
T0050_01033,50,2020-06-04 05:45:00,2020-06-04 07:30:00,1.75,65.0,113.75,0.0,
T0050_01034,50,2020-06-04 14:30:00,2020-06-04 14:45:00,0.25,99.0,24.75,0.0,
T0050_01035,50,2020-06-04 20:00:00,2020-06-04 21:00:00,1.0,1206.0,1205.25,0.5,
T0050_01036,50,2020-06-06 21:45:00,2020-06-07 05:45:00,8.0,1079.0,3027.75,1.25,0.25
T0050_01037,50,2020-06-07 12:30:00,2020-06-07 16:00:00,3.5,53.0,184.25,1.0,
T0050_01038,50,2020-06-08 04:00:00,2020-06-08 06:30:00,2.5,296.0,495.0,0.0,1.0
T0050_01039,50,2020-06-08 10:30:00,2020-06-08 12:45:00,2.25,72.0,160.0,1.25,
T0050_01040,50,2020-06-10 00:15:00,2020-06-10 07:30:00,7.25,335.0,1853.25,2.0,0.25
T0050_01041,50,2020-06-11 17:45:00,2020-06-12 01:30:00,7.75,826.0,2893.0,5.25,0.25
T0050_01042,50,2020-06-12 03:00:00,2020-06-12 03:30:00,0.5,561.0,280.5,0.0,
T0050_01043,50,2020-06-13 00:30:00,2020-06-13 01:45:00,1.25,80.0,100.0,0.0,
T0050_01044,50,2020-06-14 14:30:00,2020-06-14 15:15:00,0.75,158.0,110.75,0.5,
T0050_01045,50,2020-06-17 12:30:00,2020-06-17 13:30:00,1.0,102.0,97.0,0.5,
T0050_01046,50,2020-06-18 18:30:00,2020-06-18 21:15:00,2.75,85.0,223.5,0.0,
T0050_01047,50,2020-06-19 14:30:00,2020-06-19 16:00:00,1.5,111.0,143.5,1.0,
T0050_01048,50,2020-06-19 20:30:00,2020-06-19 21:45:00,1.25,3907.0,4872.75,0.5,
T0050_01049,50,2020-06-20 15:00:00,2020-06-20 17:15:00,2.25,267.0,582.75,0.5,
T0050_01050,50,2020-06-21 10:30:00,2020-06-21 12:45:00,2.25,431.0,896.25,0.75,
T0050_01051,50,2020-06-22 13:30:00,2020-06-22 14:00:00,0.5,127.0,63.5,0.0,
T0050_01052,50,2020-06-22 15:45:00,2020-06-22 18:15:00,2.5,215.0,446.0,0.75,
T0050_01053,50,2020-06-24 17:15:00,2020-06-24 18:00:00,0.75,273.0,202.75,0.25,
T0050_01054,50,2020-06-24 20:45:00,2020-06-24 21:45:00,1.0,177.0,147.0,0.25,
T0050_01055,50,2020-06-25 00:15:00,2020-06-25 07:15:00,7.0,310.0,1396.0,2.75,0.5
T0050_01056,50,2020-06-25 13:15:00,2020-06-25 14:15:00,1.0,60.0,60.0,0.0,
T0050_01057,50,2020-06-26 21:45:00,2020-06-27 01:30:00,3.75,168.0,452.75,0.25,
T0050_01058,50,2020-06-29 12:45:00,2020-06-29 13:45:00,1.0,51.0,25.25,0.75,
T0050_01059,50,2020-06-30 15:00:00,2020-06-30 15:45:00,0.75,57.0,42.75,0.0,
T0050_01060,50,2020-07-01 11:15:00,2020-07-01 23:00:00,11.75,234.0,2542.25,5.75,
T0050_01061,50,2020-07-03 01:15:00,2020-07-03 02:15:00,1.0,239.0,238.0,0.0,
T0050_01062,50,2020-07-05 14:45:00,2020-07-05 15:30:00,0.75,90.0,67.25,0.25,
T0050_01063,50,2020-07-07 17:15:00,2020-07-07 19:45:00,2.5,725.0,914.5,1.5,
T0050_01064,50,2020-07-08 13:15:00,2020-07-08 14:30:00,1.25,272.0,333.0,1.0,
T0050_01065,50,2020-07-12 13:00:00,2020-07-12 18:15:00,5.25,361.0,594.75,0.0,0.5
T0050_01066,50,2020-07-12 23:00:00,2020-07-13 04:15:00,5.25,129.0,436.75,2.75,
T0050_01067,50,2020-07-13 05:15:00,2020-07-13 05:30:00,0.25,90.0,22.5,0.0,
T0050_01068,50,2020-07-13 15:15:00,2020-07-13 19:15:00,4.0,164.0,443.0,1.75,1.0
T0050_01069,50,2020-07-14 02:30:00,2020-07-14 03:15:00,0.75,259.0,95.5,0.25,0.25
T0050_01070,50,2020-07-14 13:45:00,2020-07-14 14:00:00,0.25,72.0,18.0,0.0,
T0050_01071,50,2020-07-15 15:00:00,2020-07-15 19:30:00,4.5,53.0,238.5,0.0,
T0050_01072,50,2020-07-15 21:00:00,2020-07-15 23:30:00,2.5,147.0,367.5,0.0,
T0050_01073,50,2020-07-16 13:30:00,2020-07-16 13:45:00,0.25,147.0,36.75,0.0,
T0050_01074,50,2020-07-17 15:15:00,2020-07-17 23:30:00,8.25,504.0,1748.0,5.5,0.25
T0050_01075,50,2020-07-18 14:00:00,2020-07-18 16:00:00,2.0,152.0,302.25,1.75,
T0050_01076,50,2020-07-21 13:45:00,2020-07-21 15:00:00,1.25,54.0,66.0,0.0,
T0050_01077,50,2020-07-21 17:30:00,2020-07-21 18:30:00,1.0,144.0,123.75,0.5,0.25
T0050_01078,50,2020-07-22 18:30:00,2020-07-23 00:15:00,5.75,108.0,577.75,3.0,
T0050_01079,50,2020-07-23 12:30:00,2020-07-23 15:15:00,2.75,310.0,583.0,1.0,
T0050_01080,50,2020-07-24 00:30:00,2020-07-24 01:30:00,1.0,93.0,72.0,0.0,
T0050_01081,50,2020-07-24 03:00:00,2020-07-24 04:45:00,1.75,105.0,183.75,0.0,
T0050_01082,50,2020-07-24 14:45:00,2020-07-24 15:30:00,0.75,168.0,125.25,0.25,
T0050_01083,50,2020-07-25 22:15:00,2020-07-26 00:45:00,2.5,111.0,277.5,0.0,
T0050_01084,50,2020-07-29 12:30:00,2020-07-29 14:15:00,1.75,183.0,267.75,1.0,
T0050_01085,50,2020-07-29 15:15:00,2020-07-29 16:45:00,1.5,65.0,77.75,0.5,
T0050_01086,50,2020-07-29 21:00:00,2020-07-29 21:15:00,0.25,143.0,35.75,0.0,
T0050_01087,50,2020-07-30 15:00:00,2020-07-30 16:15:00,1.25,99.0,114.25,0.5,
T0050_01088,50,2020-07-31 15:00:00,2020-07-31 19:15:00,4.25,295.0,957.75,0.5,3.0
T0050_01089,50,2020-08-03 14:45:00,2020-08-03 18:30:00,3.75,61.0,226.0,1.75,
T0050_01090,50,2020-08-04 17:00:00,2020-08-04 18:45:00,1.75,56.0,97.0,1.0,
T0050_01091,50,2020-08-05 17:15:00,2020-08-05 21:15:00,4.0,85.0,319.0,0.0,
T0050_01092,50,2020-08-05 22:00:00,2020-08-05 23:00:00,1.0,827.0,826.75,0.25,
T0050_01093,50,2020-08-06 17:00:00,2020-08-06 18:00:00,1.0,186.0,185.25,0.75,
T0050_01094,50,2020-08-08 01:45:00,2020-08-08 10:45:00,9.0,150.0,704.5,5.25,1.5
T0050_01095,50,2020-08-08 13:15:00,2020-08-08 23:45:00,10.5,195.0,1001.25,2.5,0.25
T0050_01096,50,2020-08-09 23:00:00,2020-08-09 23:45:00,0.75,103.0,76.75,0.0,
T0050_01097,50,2020-08-10 10:30:00,2020-08-10 13:00:00,2.5,52.0,130.0,0.0,
T0050_01098,50,2020-08-10 14:45:00,2020-08-10 15:30:00,0.75,53.0,39.75,0.0,
T0050_01099,50,2020-08-10 22:30:00,2020-08-11 01:45:00,3.25,142.0,459.25,0.25,
T0050_01100,50,2020-08-11 14:00:00,2020-08-11 19:30:00,5.5,193.0,819.0,2.5,
T0050_01101,50,2020-08-11 22:15:00,2020-08-11 23:45:00,1.5,56.0,80.25,0.0,
T0050_01102,50,2020-08-14 14:15:00,2020-08-15 02:15:00,12.0,98.0,686.5,1.0,
T0050_01103,50,2020-08-16 15:30:00,2020-08-16 16:30:00,1.0,129.0,128.25,0.5,
T0050_01104,50,2020-08-17 22:45:00,2020-08-18 01:00:00,2.25,94.0,209.5,0.0,
T0050_01105,50,2020-08-18 13:45:00,2020-08-18 19:30:00,5.75,280.0,727.5,1.5,1.25
T0050_01106,50,2020-08-19 12:30:00,2020-08-19 14:30:00,2.0,67.0,134.0,0.0,
T0050_01107,50,2020-08-22 13:30:00,2020-08-22 16:30:00,3.0,510.0,639.75,2.25,0.5
T0050_01108,50,2020-08-25 00:15:00,2020-08-25 01:45:00,1.5,1181.0,1561.0,0.5,0.75
T0050_01109,50,2020-08-25 23:30:00,2020-08-26 01:30:00,2.0,100.0,156.75,0.5,
T0050_01110,50,2020-08-26 15:15:00,2020-08-26 19:45:00,4.5,200.0,772.5,0.75,
T0050_01111,50,2020-08-27 23:15:00,2020-08-28 01:45:00,2.5,138.0,342.75,0.0,
T0050_01112,50,2020-08-28 19:45:00,2020-08-28 20:30:00,0.75,107.0,79.75,0.0,
T0050_01113,50,2020-08-28 23:15:00,2020-08-29 05:00:00,5.75,173.0,637.0,1.25,
T0050_01114,50,2020-08-29 13:30:00,2020-08-29 15:30:00,2.0,79.0,116.75,0.25,1.5
T0050_01115,50,2020-08-30 10:00:00,2020-08-30 12:00:00,2.0,95.0,168.0,0.0,
T0050_01116,50,2020-08-31 16:30:00,2020-08-31 23:00:00,6.5,128.0,826.0,4.0,
T0050_01117,50,2020-09-01 08:45:00,2020-09-01 11:30:00,2.75,172.0,462.5,1.25,
T0050_01118,50,2020-09-02 15:30:00,2020-09-02 21:30:00,6.0,209.0,1248.0,0.5,
T0050_01119,50,2020-09-03 02:00:00,2020-09-03 02:15:00,0.25,51.0,12.75,0.0,
T0050_01120,50,2020-09-03 13:45:00,2020-09-03 20:15:00,6.5,211.0,1352.0,2.75,
T0050_01121,50,2020-09-04 15:00:00,2020-09-04 15:45:00,0.75,67.0,49.75,0.5,
T0050_01122,50,2020-09-06 22:45:00,2020-09-07 00:15:00,1.5,216.0,286.0,0.0,
T0050_01123,50,2020-09-08 16:00:00,2020-09-08 17:15:00,1.25,51.0,63.75,0.0,
T0050_01124,50,2020-09-08 23:45:00,2020-09-10 08:00:00,32.25,16554.0,82419.0,16.25,0.25
T0050_01125,50,2020-09-10 21:30:00,2020-09-10 23:15:00,1.75,328.0,367.5,0.5,0.5
T0050_01126,50,2020-09-11 12:15:00,2020-09-11 12:30:00,0.25,64.0,16.0,0.0,
T0050_01127,50,2020-09-11 13:45:00,2020-09-12 00:00:00,10.25,290.0,834.75,8.25,1.0
T0050_01128,50,2020-09-12 15:30:00,2020-09-12 20:30:00,5.0,114.0,422.25,3.25,1.5
T0050_01129,50,2020-09-14 19:00:00,2020-09-15 02:00:00,7.0,199.0,693.25,5.75,0.25
T0050_01130,50,2020-09-15 14:30:00,2020-09-15 20:45:00,6.25,222.0,1365.25,1.0,
T0050_01131,50,2020-09-15 23:30:00,2020-09-16 00:30:00,1.0,218.0,217.5,0.5,
T0050_01132,50,2020-09-16 06:15:00,2020-09-16 07:45:00,1.5,168.0,252.0,0.0,
T0050_01133,50,2020-09-19 13:15:00,2020-09-19 15:45:00,2.5,213.0,196.75,0.0,0.25
T0050_01134,50,2020-09-21 18:30:00,2020-09-21 19:30:00,1.0,134.0,111.25,0.0,
T0050_01135,50,2020-09-22 23:15:00,2020-09-23 03:00:00,3.75,364.0,1359.75,2.0,
T0050_01136,50,2020-09-26 15:30:00,2020-09-26 17:30:00,2.0,727.0,1452.25,0.5,
T0050_01137,50,2020-09-27 22:15:00,2020-09-27 22:45:00,0.5,2054.0,1026.5,0.0,
T0050_01138,50,2020-09-29 16:30:00,2020-09-29 18:45:00,2.25,69.0,151.25,0.0,
T0050_01139,50,2020-09-30 09:30:00,2020-09-30 17:45:00,8.25,255.0,1422.0,0.0,3.75
T0050_01140,50,2020-10-01 07:30:00,2020-10-01 10:00:00,2.5,144.0,360.0,0.0,
T0050_01141,50,2020-10-02 18:45:00,2020-10-02 21:15:00,2.5,1440.0,3600.0,0.0,
T0050_01142,50,2020-10-02 23:00:00,2020-10-02 23:30:00,0.5,59.0,29.5,0.0,
T0050_01143,50,2020-10-03 10:00:00,2020-10-03 10:30:00,0.5,60.0,30.0,0.0,
T0050_01144,50,2020-10-05 16:30:00,2020-10-05 20:15:00,3.75,164.0,472.25,3.0,
T0050_01145,50,2020-10-06 15:45:00,2020-10-06 18:15:00,2.5,251.0,444.5,0.5,
T0050_01146,50,2020-10-06 22:30:00,2020-10-07 00:00:00,1.5,59.0,88.5,0.0,
T0050_01147,50,2020-10-07 15:00:00,2020-10-07 16:00:00,1.0,171.0,146.0,0.75,
T0050_01148,50,2020-10-09 16:15:00,2020-10-09 20:45:00,4.5,5245.0,5921.75,1.75,0.75
T0050_01149,50,2020-10-09 22:00:00,2020-10-09 22:30:00,0.5,110.0,54.75,0.25,
T0050_01150,50,2020-10-10 14:45:00,2020-10-11 01:15:00,10.5,156.0,1484.0,3.25,
T0050_01151,50,2020-10-11 14:15:00,2020-10-11 15:00:00,0.75,119.0,89.0,0.25,
T0050_01152,50,2020-10-11 16:45:00,2020-10-12 07:00:00,14.25,9036.0,10651.75,5.0,0.25
T0050_01153,50,2020-10-13 03:00:00,2020-10-13 16:00:00,13.0,92.0,936.0,11.25,
T0050_01154,50,2020-10-14 06:00:00,2020-10-14 23:15:00,17.25,2170.0,4922.25,0.0,1.25
T0050_01155,50,2020-10-15 06:15:00,2020-10-15 06:30:00,0.25,2172.0,543.0,0.0,
T0050_01156,50,2020-10-15 14:45:00,2020-10-15 17:45:00,3.0,278.0,514.0,0.25,1.5
T0050_01157,50,2020-10-17 07:00:00,2020-10-17 10:30:00,3.5,96.0,336.0,0.0,
T0050_01158,50,2020-10-17 12:45:00,2020-10-17 16:45:00,4.0,262.0,511.25,1.5,0.75
T0050_01159,50,2020-10-17 20:45:00,2020-10-19 14:00:00,41.25,3852.0,42944.75,30.0,1.0
T0050_01160,50,2020-10-19 14:45:00,2020-10-23 03:00:00,84.25,1462.0,72276.5,57.0,1.25
T0050_01161,50,2020-10-23 03:45:00,2020-10-23 04:30:00,0.75,623.0,467.25,0.0,
T0050_01162,50,2020-10-23 05:15:00,2020-10-23 05:45:00,0.5,623.0,311.5,0.0,
T0050_01163,50,2020-10-23 07:00:00,2020-10-23 10:00:00,3.0,623.0,934.5,0.0,
T0050_01164,50,2020-10-23 11:15:00,2020-10-23 12:15:00,1.0,623.0,467.25,0.0,
T0050_01165,50,2020-10-23 14:00:00,2020-10-23 16:15:00,2.25,623.0,934.5,0.0,
T0050_01166,50,2020-10-23 17:30:00,2020-10-23 18:45:00,1.25,624.0,468.0,0.0,
T0050_01167,50,2020-10-23 19:30:00,2020-10-24 00:15:00,4.75,624.0,1710.5,0.0,2.5
T0050_01168,50,2020-10-24 01:15:00,2020-10-24 05:00:00,3.75,598.0,1492.75,3.5,
T0050_01169,50,2020-10-24 05:45:00,2020-10-24 09:45:00,4.0,598.0,1515.75,0.0,2.0
T0050_01170,50,2020-10-24 11:15:00,2020-10-24 14:00:00,2.75,598.0,1046.5,0.0,
T0050_01171,50,2020-10-24 15:15:00,2020-10-24 15:30:00,0.25,598.0,149.5,0.0,
T0050_01172,50,2020-10-24 16:15:00,2020-10-24 20:15:00,4.0,599.0,1345.75,0.5,
T0050_01173,50,2020-10-24 21:00:00,2020-10-24 21:15:00,0.25,598.0,149.5,0.0,
T0050_01174,50,2020-10-24 22:30:00,2020-10-25 01:00:00,2.5,600.0,1048.0,2.0,
T0050_01175,50,2020-10-25 02:45:00,2020-10-25 03:30:00,0.75,598.0,448.5,0.0,
T0050_01176,50,2020-10-25 04:30:00,2020-10-25 05:30:00,1.0,598.0,299.0,0.0,
T0050_01177,50,2020-10-25 07:00:00,2020-10-25 08:15:00,1.25,598.0,598.0,0.0,
T0050_01178,50,2020-10-25 09:00:00,2020-10-25 16:15:00,7.25,598.0,2198.0,0.0,2.0
T0050_01179,50,2020-10-29 04:00:00,2020-10-29 06:15:00,2.25,284.0,620.0,0.0,
T0050_01180,50,2020-10-30 15:30:00,2020-10-30 15:45:00,0.25,153.0,38.25,0.0,
T0050_01181,50,2020-11-01 23:15:00,2020-11-02 12:30:00,13.25,135.0,1152.25,1.5,
T0050_01182,50,2020-11-03 14:30:00,2020-11-03 16:00:00,1.5,180.0,262.25,1.0,
T0050_01183,50,2020-11-04 10:00:00,2020-11-04 10:30:00,0.5,93.0,39.5,0.25,
T0050_01184,50,2020-11-04 12:00:00,2020-11-04 15:00:00,3.0,90.0,270.0,0.0,
T0050_01185,50,2020-11-04 17:00:00,2020-11-04 19:45:00,2.75,105.0,245.75,0.25,
T0050_01186,50,2020-11-06 17:30:00,2020-11-06 22:15:00,4.75,126.0,567.5,0.5,
T0050_01187,50,2020-11-07 15:00:00,2020-11-07 16:30:00,1.5,158.0,222.5,0.0,
T0050_01188,50,2020-11-09 23:15:00,2020-11-10 00:45:00,1.5,70.0,105.0,0.0,
T0050_01189,50,2020-11-12 15:15:00,2020-11-12 19:30:00,4.25,141.0,417.25,4.0,
T0050_01190,50,2020-11-13 16:00:00,2020-11-13 17:45:00,1.75,1364.0,1539.5,0.25,0.75
T0050_01191,50,2020-11-16 04:15:00,2020-11-16 05:00:00,0.75,126.0,94.5,0.0,
T0050_01192,50,2020-11-16 19:15:00,2020-11-16 22:30:00,3.25,240.0,777.0,1.75,
T0050_01193,50,2020-11-19 15:30:00,2020-11-19 20:45:00,5.25,585.0,2907.5,2.0,
T0050_01194,50,2020-11-20 19:00:00,2020-11-20 19:30:00,0.5,51.0,25.25,0.0,0.25
T0050_01195,50,2020-11-20 23:45:00,2020-11-21 00:45:00,1.0,121.0,121.0,0.0,
T0050_01196,50,2020-11-24 11:00:00,2020-11-24 12:45:00,1.75,85.0,147.5,0.25,
T0050_01197,50,2020-11-25 13:15:00,2020-11-25 14:45:00,1.5,336.0,504.0,0.0,
T0050_01198,50,2020-11-25 19:45:00,2020-11-25 20:30:00,0.75,204.0,153.0,0.0,
T0050_01199,50,2020-11-25 22:00:00,2020-11-26 00:15:00,2.25,61.0,137.25,0.0,
T0050_01200,50,2020-11-26 16:45:00,2020-11-26 17:45:00,1.0,228.0,228.0,0.0,
T0050_01201,50,2020-12-03 01:15:00,2020-12-03 04:45:00,3.5,58.0,188.5,0.0,
T0050_01202,50,2020-12-03 16:00:00,2020-12-03 16:45:00,0.75,55.0,41.25,0.0,
T0050_01203,50,2020-12-04 01:30:00,2020-12-04 02:45:00,1.25,59.0,72.75,1.0,
T0050_01204,50,2020-12-04 17:30:00,2020-12-04 21:00:00,3.5,539.0,1299.25,0.5,1.75
T0050_01205,50,2020-12-07 19:45:00,2020-12-07 20:45:00,1.0,132.0,131.25,0.75,
T0050_01206,50,2020-12-08 17:00:00,2020-12-08 17:45:00,0.75,6941.0,4035.0,0.25,
T0050_01207,50,2020-12-09 16:00:00,2020-12-09 16:15:00,0.25,62.0,15.5,0.0,
T0050_01208,50,2020-12-10 04:30:00,2020-12-10 09:30:00,5.0,270.0,653.75,4.25,
T0050_01209,50,2020-12-12 22:15:00,2020-12-12 23:30:00,1.25,61.0,76.25,0.0,
T0050_01210,50,2020-12-16 15:30:00,2020-12-16 15:45:00,0.25,78.0,19.5,0.0,
T0050_01211,50,2020-12-18 15:30:00,2020-12-18 19:30:00,4.0,107.0,422.25,2.5,
T0050_01212,50,2020-12-20 16:30:00,2020-12-21 01:45:00,9.25,334.0,2421.75,1.5,
T0050_01213,50,2020-12-23 02:00:00,2020-12-23 02:45:00,0.75,98.0,73.5,0.0,
T0050_01214,50,2020-12-23 16:15:00,2020-12-23 18:00:00,1.75,71.0,124.0,0.0,
T0050_01215,50,2020-12-24 16:45:00,2020-12-24 17:00:00,0.25,88.0,22.0,0.0,
T0050_01216,50,2020-12-26 20:00:00,2020-12-26 21:15:00,1.25,147.0,182.75,1.0,
T0050_01217,50,2021-01-05 15:45:00,2021-01-06 00:00:00,8.25,264.0,1225.5,3.0,0.75
T0050_01218,50,2021-01-06 17:15:00,2021-01-06 18:00:00,0.75,1814.0,1360.25,0.0,
T0050_01219,50,2021-01-08 17:00:00,2021-01-08 23:45:00,6.75,224.0,1433.25,2.25,
T0050_01220,50,2021-01-10 20:00:00,2021-01-10 20:45:00,0.75,85.0,57.25,0.5,
T0050_01221,50,2021-01-14 02:15:00,2021-01-14 06:45:00,4.5,164.0,638.75,1.75,
T0050_01222,50,2021-01-14 08:00:00,2021-01-14 14:45:00,6.75,84.0,476.5,1.0,5.0
T0050_01223,50,2021-01-19 17:00:00,2021-01-19 17:15:00,0.25,2536.0,634.0,0.0,
T0050_01224,50,2021-01-20 16:15:00,2021-01-20 22:15:00,6.0,199.0,831.25,3.25,
T0050_01225,50,2021-01-27 19:00:00,2021-01-27 22:15:00,3.25,69.0,190.0,0.0,
T0050_01226,50,2021-01-28 17:15:00,2021-01-28 22:15:00,5.0,1126.0,1780.25,0.0,0.25
T0050_01227,50,2021-01-30 03:15:00,2021-01-30 05:15:00,2.0,82.0,164.0,0.0,
T0050_01228,50,2021-01-30 15:15:00,2021-01-30 21:45:00,6.5,172.0,929.0,1.25,
T0050_01229,50,2021-01-31 16:30:00,2021-01-31 21:30:00,5.0,194.0,937.0,0.0,
T0050_01230,50,2021-02-04 20:30:00,2021-02-04 22:15:00,1.75,189.0,324.75,0.0,
T0050_01231,50,2021-02-06 15:45:00,2021-02-06 19:00:00,3.25,95.0,273.5,0.75,
T0050_01232,50,2021-02-07 05:45:00,2021-02-07 09:30:00,3.75,56.0,210.0,0.0,
T0050_01233,50,2021-02-08 17:15:00,2021-02-09 01:30:00,8.25,164.0,618.75,1.0,0.25
T0050_01234,50,2021-02-10 17:30:00,2021-02-10 20:00:00,2.5,478.0,476.0,0.75,0.5
T0050_01235,50,2021-02-15 01:00:00,2021-02-15 02:45:00,1.75,1590.0,2079.0,1.0,0.5
T0050_01236,50,2021-02-15 20:00:00,2021-02-15 20:15:00,0.25,217.0,54.25,0.0,
T0050_01237,50,2021-02-17 18:15:00,2021-02-17 19:00:00,0.75,175.0,131.25,0.0,
T0050_01238,50,2021-02-18 17:30:00,2021-02-18 18:15:00,0.75,85.0,63.75,0.0,
T0050_01239,50,2021-02-21 01:15:00,2021-02-21 05:30:00,4.25,85.0,336.25,0.0,
T0050_01240,50,2021-02-23 15:30:00,2021-02-23 16:00:00,0.5,86.0,42.75,0.25,
T0050_01241,50,2021-02-26 17:30:00,2021-02-26 17:45:00,0.25,1606.0,401.5,0.0,
T0050_01242,50,2021-03-01 21:00:00,2021-03-01 22:00:00,1.0,1925.0,1538.5,0.0,0.25
T0050_01243,50,2021-03-05 15:00:00,2021-03-05 16:00:00,1.0,163.0,143.0,0.25,
T0050_01244,50,2021-03-08 17:15:00,2021-03-08 22:00:00,4.75,106.0,496.5,3.0,
T0050_01245,50,2021-03-13 20:45:00,2021-03-13 21:15:00,0.5,1634.0,817.0,0.0,
T0050_01246,50,2021-03-14 02:15:00,2021-03-14 04:15:00,2.0,323.0,646.0,0.0,
T0050_01247,50,2021-03-14 11:00:00,2021-03-15 17:45:00,30.75,7374.0,26537.25,12.75,0.25
T0050_01248,50,2021-03-15 19:00:00,2021-03-15 21:30:00,2.5,145.0,351.0,0.75,
T0050_01249,50,2021-03-17 00:00:00,2021-03-17 02:30:00,2.5,256.0,548.25,0.5,
T0050_01250,50,2021-03-18 16:30:00,2021-03-18 17:00:00,0.5,91.0,45.25,0.0,
T0050_01251,50,2021-03-18 20:00:00,2021-03-18 23:15:00,3.25,222.0,695.25,0.25,
T0050_01252,50,2021-03-21 21:15:00,2021-03-21 22:30:00,1.25,337.0,421.25,0.0,
T0050_01253,50,2021-03-22 13:15:00,2021-03-22 15:45:00,2.5,143.0,338.25,2.0,
T0050_01254,50,2021-03-25 15:45:00,2021-03-25 20:30:00,4.75,67.0,245.0,3.0,
T0050_01255,50,2021-03-26 02:15:00,2021-03-26 03:30:00,1.25,446.0,543.0,0.25,
T0050_01256,50,2021-03-26 16:15:00,2021-03-26 17:45:00,1.5,3791.0,4767.5,0.25,
T0050_01257,50,2021-03-28 14:15:00,2021-03-28 17:30:00,3.25,253.0,493.0,0.75,
T0050_01258,50,2021-03-29 18:00:00,2021-03-29 21:30:00,3.5,133.0,452.25,1.0,
T0050_01259,50,2021-04-02 16:00:00,2021-04-02 20:00:00,4.0,79.0,300.75,0.0,
T0050_01260,50,2021-04-04 16:30:00,2021-04-04 18:15:00,1.75,1389.0,1999.25,0.5,
T0050_01261,50,2021-04-07 16:15:00,2021-04-07 17:00:00,0.75,1315.0,986.25,0.0,
T0050_01262,50,2021-04-07 18:15:00,2021-04-07 19:30:00,1.25,1125.0,351.75,0.75,0.25
T0050_01263,50,2021-04-08 17:45:00,2021-04-08 18:15:00,0.5,178.0,80.0,0.0,
T0050_01264,50,2021-04-09 19:00:00,2021-04-09 22:00:00,3.0,262.0,698.0,0.0,
T0050_01265,50,2021-04-10 16:00:00,2021-04-10 17:00:00,1.0,139.0,139.0,0.0,
T0050_01266,50,2021-04-12 08:45:00,2021-04-12 10:45:00,2.0,156.0,312.0,0.0,
T0050_01267,50,2021-04-17 12:45:00,2021-04-17 15:15:00,2.5,63.0,157.5,0.0,
T0050_01268,50,2021-04-18 23:30:00,2021-04-19 00:45:00,1.25,53.0,64.75,0.0,
T0050_01269,50,2021-04-20 16:15:00,2021-04-20 16:30:00,0.25,247.0,61.75,0.0,
T0050_01270,50,2021-04-22 01:45:00,2021-04-22 07:15:00,5.5,97.0,505.75,2.5,
T0050_01271,50,2021-04-23 22:15:00,2021-04-24 00:45:00,2.5,119.0,297.5,0.0,
T0050_01272,50,2021-04-26 07:45:00,2021-04-26 10:30:00,2.75,71.0,195.25,0.0,
T0050_01273,50,2021-04-26 11:30:00,2021-04-26 13:15:00,1.75,90.0,156.0,1.5,
T0050_01274,50,2021-04-28 00:00:00,2021-04-28 18:45:00,18.75,1084.0,7455.25,14.5,1.5
T0050_01275,50,2021-04-29 17:15:00,2021-04-29 22:45:00,5.5,1038.0,3274.25,2.75,0.5
T0050_01276,50,2021-05-03 11:45:00,2021-05-03 22:30:00,10.75,1086.0,4427.75,6.5,1.75
T0050_01277,50,2021-05-04 20:30:00,2021-05-04 21:30:00,1.0,77.0,77.0,0.0,
T0050_01278,50,2021-05-05 02:45:00,2021-05-05 03:00:00,0.25,116.0,29.0,0.0,
T0050_01279,50,2021-05-10 17:15:00,2021-05-10 18:00:00,0.75,98.0,73.25,0.25,
T0050_01280,50,2021-05-10 20:00:00,2021-05-10 20:15:00,0.25,503.0,125.75,0.0,
T0050_01281,50,2021-05-11 15:15:00,2021-05-11 16:45:00,1.5,89.0,127.75,0.25,
T0050_01282,50,2021-05-12 13:00:00,2021-05-12 14:00:00,1.0,213.0,207.75,0.25,
T0050_01283,50,2021-05-12 14:45:00,2021-05-12 17:30:00,2.75,684.0,1117.5,1.5,0.25
T0050_01284,50,2021-05-18 02:15:00,2021-05-18 05:30:00,3.25,452.0,1136.75,1.0,
T0050_01285,50,2021-05-18 08:15:00,2021-05-18 08:45:00,0.5,231.0,115.5,0.0,
T0050_01286,50,2021-05-18 15:00:00,2021-05-18 20:45:00,5.75,255.0,1311.25,2.75,2.0
T0050_01287,50,2021-05-19 15:30:00,2021-05-19 21:45:00,6.25,89.0,525.25,1.0,
T0050_01288,50,2021-05-24 08:45:00,2021-05-24 09:00:00,0.25,1244.0,311.0,0.0,
T0050_01289,50,2021-05-25 15:45:00,2021-05-25 17:30:00,1.75,164.0,187.75,1.5,
T0050_01290,50,2021-05-26 13:15:00,2021-05-26 14:00:00,0.75,256.0,170.5,0.5,
T0050_01291,50,2021-05-27 12:30:00,2021-05-27 13:00:00,0.5,147.0,73.5,0.0,
T0050_01292,50,2021-05-27 22:00:00,2021-05-27 23:30:00,1.5,56.0,69.75,0.5,
T0050_01293,50,2021-05-29 01:15:00,2021-05-29 06:30:00,5.25,112.0,475.5,1.75,
T0050_01294,50,2021-05-29 19:45:00,2021-05-29 22:15:00,2.5,104.0,255.75,0.25,
T0050_01295,50,2021-06-04 06:30:00,2021-06-04 06:45:00,0.25,1243.0,310.75,0.0,
T0050_01296,50,2021-06-04 17:15:00,2021-06-04 18:15:00,1.0,87.0,86.25,0.75,
T0050_01297,50,2021-06-05 22:30:00,2021-06-06 01:15:00,2.75,1600.0,4397.0,0.25,
T0050_01298,50,2021-06-07 23:15:00,2021-06-08 10:30:00,11.25,453.0,2950.5,1.5,1.25
T0050_01299,50,2021-06-08 13:00:00,2021-06-08 14:00:00,1.0,141.0,141.0,0.0,
T0050_01300,50,2021-06-08 23:30:00,2021-06-09 01:30:00,2.0,209.0,393.0,0.25,
T0050_01301,50,2021-06-09 15:15:00,2021-06-09 18:45:00,3.5,122.0,422.75,1.75,
T0050_01302,50,2021-06-10 04:30:00,2021-06-10 07:15:00,2.75,252.0,681.75,0.0,
T0050_01303,50,2021-06-10 14:00:00,2021-06-10 15:45:00,1.75,154.0,254.25,1.0,
T0050_01304,50,2021-06-10 22:15:00,2021-06-10 23:00:00,0.75,209.0,150.0,0.0,
T0050_01305,50,2021-06-11 17:00:00,2021-06-11 21:45:00,4.75,164.0,771.75,1.5,
T0050_01306,50,2021-06-14 15:15:00,2021-06-14 17:15:00,2.0,557.0,864.5,0.5,1.25
T0050_01307,50,2021-06-15 01:30:00,2021-06-15 04:15:00,2.75,1185.0,1880.75,0.25,1.25
T0050_01308,50,2021-06-16 15:15:00,2021-06-16 16:00:00,0.75,83.0,48.75,0.0,
T0050_01309,50,2021-06-16 23:30:00,2021-06-17 02:30:00,3.0,233.0,556.0,2.5,0.25
T0050_01310,50,2021-06-17 03:15:00,2021-06-17 03:30:00,0.25,64.0,16.0,0.0,
T0050_01311,50,2021-06-19 02:15:00,2021-06-19 03:30:00,1.25,317.0,395.5,0.5,
T0050_01312,50,2021-06-22 14:45:00,2021-06-23 00:30:00,9.75,124.0,1042.5,4.0,
T0050_01313,50,2021-06-23 05:30:00,2021-06-23 12:45:00,7.25,139.0,998.25,0.0,
T0050_01314,50,2021-06-23 16:30:00,2021-06-23 18:30:00,2.0,342.0,607.75,0.25,
T0050_01315,50,2021-06-24 08:30:00,2021-06-24 11:15:00,2.75,337.0,926.75,0.0,
T0050_01316,50,2021-06-24 12:45:00,2021-06-24 15:30:00,2.75,247.0,612.0,0.25,
T0050_01317,50,2021-06-25 14:30:00,2021-06-25 14:45:00,0.25,61.0,15.25,0.0,
T0050_01318,50,2021-06-25 15:30:00,2021-06-25 20:45:00,5.25,273.0,1082.5,2.75,
T0050_01319,50,2021-06-26 04:30:00,2021-06-26 09:45:00,5.25,271.0,1122.25,0.75,
T0050_01320,50,2021-06-26 13:00:00,2021-06-26 15:00:00,2.0,302.0,581.0,0.5,
T0050_01321,50,2021-06-29 13:45:00,2021-06-29 14:30:00,0.75,62.0,46.5,0.0,
T0050_01322,50,2021-07-01 15:00:00,2021-07-01 18:30:00,3.5,110.0,363.5,0.5,
T0050_01323,50,2021-07-04 02:15:00,2021-07-04 09:15:00,7.0,53.0,365.75,0.5,
T0050_01324,50,2021-07-06 14:45:00,2021-07-06 19:15:00,4.5,87.0,388.25,2.25,
T0050_01325,50,2021-07-07 02:45:00,2021-07-07 07:30:00,4.75,56.0,262.5,0.25,
T0050_01326,50,2021-07-10 06:45:00,2021-07-10 09:45:00,3.0,125.0,375.0,0.0,
T0050_01327,50,2021-07-10 13:45:00,2021-07-10 14:45:00,1.0,84.0,54.25,0.75,
T0050_01328,50,2021-07-11 15:45:00,2021-07-11 16:30:00,0.75,416.0,221.0,0.0,0.5
T0050_01329,50,2021-07-14 14:30:00,2021-07-14 15:15:00,0.75,233.0,152.75,0.0,
T0050_01330,50,2021-07-14 22:45:00,2021-07-15 00:00:00,1.25,121.0,150.5,0.75,
T0050_01331,50,2021-07-17 13:00:00,2021-07-17 14:15:00,1.25,50.0,62.5,0.0,0.0
T0050_01332,50,2021-07-17 16:45:00,2021-07-17 21:30:00,4.75,173.0,818.0,3.75,
T0050_01333,50,2021-07-18 15:15:00,2021-07-19 01:30:00,10.25,418.0,2422.75,3.75,
T0050_01334,50,2021-07-19 03:30:00,2021-07-19 04:45:00,1.25,56.0,70.0,0.0,
T0050_01335,50,2021-07-19 13:00:00,2021-07-19 13:30:00,0.5,71.0,35.5,0.0,
T0050_01336,50,2021-07-20 04:00:00,2021-07-20 08:15:00,4.25,185.0,786.25,0.0,
T0050_01337,50,2021-07-20 21:45:00,2021-07-20 23:00:00,1.25,66.0,81.5,0.0,
T0050_01338,50,2021-07-21 13:45:00,2021-07-21 14:45:00,1.0,55.0,55.0,0.0,
T0050_01339,50,2021-07-21 15:45:00,2021-07-21 19:00:00,3.25,64.0,201.25,1.75,
T0050_01340,50,2021-07-22 03:45:00,2021-07-22 06:30:00,2.75,67.0,174.5,0.0,
T0050_01341,50,2021-07-22 19:00:00,2021-07-22 22:00:00,3.0,2006.0,676.75,0.25,0.25
T0050_01342,50,2021-07-23 13:00:00,2021-07-23 14:45:00,1.75,248.0,321.0,0.75,0.25
T0050_01343,50,2021-07-23 15:45:00,2021-07-23 20:45:00,5.0,231.0,1059.0,0.0,
T0050_01344,50,2021-07-24 15:45:00,2021-07-25 00:00:00,8.25,87.0,689.0,0.0,
T0050_01345,50,2021-07-27 06:30:00,2021-07-27 11:00:00,4.5,125.0,383.5,2.0,1.25
T0050_01346,50,2021-07-27 23:15:00,2021-07-28 01:15:00,2.0,54.0,108.0,0.0,
T0050_01347,50,2021-07-28 07:30:00,2021-07-28 09:30:00,2.0,105.0,210.0,0.0,
T0050_01348,50,2021-07-29 07:30:00,2021-07-29 08:30:00,1.0,54.0,54.0,0.0,
T0050_01349,50,2021-07-30 13:45:00,2021-07-30 18:30:00,4.75,230.0,447.0,1.75,1.0
T0050_01350,50,2021-07-30 19:15:00,2021-07-30 23:30:00,4.25,146.0,614.25,1.0,
T0050_01351,50,2021-07-31 13:00:00,2021-07-31 14:00:00,1.0,1914.0,1269.75,0.0,0.5
T0050_01352,50,2021-07-31 19:30:00,2021-07-31 20:00:00,0.5,59.0,29.5,0.0,
T0050_01353,50,2021-08-01 12:30:00,2021-08-01 14:00:00,1.5,82.0,122.0,1.0,
T0050_01354,50,2021-08-01 15:00:00,2021-08-01 15:45:00,0.75,61.0,45.5,0.0,
T0050_01355,50,2021-08-03 02:00:00,2021-08-03 17:30:00,15.5,245.0,1178.5,0.25,1.25
T0050_01356,50,2021-08-06 15:00:00,2021-08-06 22:30:00,7.5,240.0,793.75,6.25,1.0
T0050_01357,50,2021-08-07 06:30:00,2021-08-07 10:00:00,3.5,65.0,227.5,0.0,
T0050_01358,50,2021-08-07 14:00:00,2021-08-07 16:00:00,2.0,270.0,506.5,1.75,
T0050_01359,50,2021-08-09 03:45:00,2021-08-09 06:30:00,2.75,220.0,605.0,0.0,
T0050_01360,50,2021-08-09 15:15:00,2021-08-09 19:00:00,3.75,174.0,640.75,0.0,
T0050_01361,50,2021-08-10 15:30:00,2021-08-10 20:00:00,4.5,74.0,328.25,0.25,
T0050_01362,50,2021-08-11 10:30:00,2021-08-11 12:00:00,1.5,59.0,88.5,0.0,
T0050_01363,50,2021-08-11 15:45:00,2021-08-11 17:15:00,1.5,1096.0,1108.0,1.0,
T0050_01364,50,2021-08-12 06:45:00,2021-08-12 09:30:00,2.75,57.0,155.25,0.0,
T0050_01365,50,2021-08-12 16:00:00,2021-08-12 16:45:00,0.75,76.0,54.0,0.25,
T0050_01366,50,2021-08-13 01:30:00,2021-08-13 04:45:00,3.25,112.0,361.25,1.0,
T0050_01367,50,2021-08-14 12:30:00,2021-08-14 15:00:00,2.5,639.0,1156.5,0.0,1.75
T0050_01368,50,2021-08-14 22:30:00,2021-08-14 23:15:00,0.75,209.0,156.25,0.0,
T0050_01369,50,2021-08-15 02:45:00,2021-08-15 03:30:00,0.75,209.0,135.0,0.25,
T0050_01370,50,2021-08-15 13:15:00,2021-08-15 15:15:00,2.0,77.0,144.0,1.75,
T0050_01371,50,2021-08-16 10:45:00,2021-08-16 12:15:00,1.5,58.0,87.0,0.0,
T0050_01372,50,2021-08-17 15:30:00,2021-08-17 19:15:00,3.75,111.0,402.25,2.25,
T0050_01373,50,2021-08-18 07:00:00,2021-08-18 10:00:00,3.0,326.0,423.75,0.75,0.25
T0050_01374,50,2021-08-19 10:15:00,2021-08-19 11:30:00,1.25,1242.0,1551.5,1.0,
T0050_01375,50,2021-08-19 14:15:00,2021-08-19 14:30:00,0.25,58.0,14.5,0.0,
T0050_01376,50,2021-08-19 16:30:00,2021-08-19 17:15:00,0.75,57.0,42.25,0.5,
T0050_01377,50,2021-08-20 16:15:00,2021-08-21 02:15:00,10.0,946.0,1165.5,1.75,0.25
T0050_01378,50,2021-08-21 04:15:00,2021-08-21 05:15:00,1.0,51.0,51.0,0.0,
T0050_01379,50,2021-08-21 18:30:00,2021-08-21 19:45:00,1.25,572.0,715.0,0.0,
T0050_01380,50,2021-08-24 15:00:00,2021-08-24 19:15:00,4.25,54.0,218.25,1.25,
T0050_01381,50,2021-08-25 16:00:00,2021-08-25 22:30:00,6.5,180.0,1095.25,0.0,
T0050_01382,50,2021-08-26 10:00:00,2021-08-26 22:15:00,12.25,156.0,1402.0,1.0,
T0050_01383,50,2021-08-27 12:45:00,2021-08-27 13:45:00,1.0,53.0,52.25,0.75,
T0050_01384,50,2021-08-27 16:00:00,2021-08-27 16:15:00,0.25,403.0,100.75,0.0,
T0050_01385,50,2021-08-28 02:15:00,2021-08-28 03:30:00,1.25,225.0,272.5,0.0,
T0050_01386,50,2021-08-29 12:45:00,2021-08-29 14:30:00,1.75,157.0,133.5,1.25,
T0050_01387,50,2021-08-30 09:00:00,2021-08-30 10:15:00,1.25,149.0,149.0,0.0,
T0050_01388,50,2021-08-31 14:45:00,2021-08-31 15:30:00,0.75,586.0,439.25,0.25,
T0050_01389,50,2021-09-03 13:45:00,2021-09-03 14:00:00,0.25,287.0,71.75,0.0,
T0050_01390,50,2021-09-04 14:45:00,2021-09-04 19:00:00,4.25,175.0,743.25,0.5,
T0050_01391,50,2021-09-09 05:15:00,2021-09-09 10:00:00,4.75,4294.0,20392.0,0.25,
T0050_01392,50,2021-09-11 09:30:00,2021-09-11 12:15:00,2.75,96.0,250.5,2.25,
T0050_01393,50,2021-09-12 07:00:00,2021-09-12 16:00:00,9.0,1407.0,2591.0,8.25,
T0050_01394,50,2021-09-13 15:00:00,2021-09-13 15:45:00,0.75,64.0,47.0,0.25,
T0050_01395,50,2021-09-14 00:45:00,2021-09-14 10:15:00,9.5,213.0,1583.75,4.0,
T0050_01396,50,2021-09-14 14:30:00,2021-09-15 00:30:00,10.0,584.0,1467.75,1.0,1.0
T0050_01397,50,2021-09-15 12:00:00,2021-09-16 05:00:00,17.0,307.0,1814.75,14.25,
T0050_01398,50,2021-09-16 17:15:00,2021-09-16 22:45:00,5.5,112.0,398.5,0.5,
T0050_01399,50,2021-09-19 11:15:00,2021-09-19 17:30:00,6.25,245.0,1073.5,5.0,0.5
T0050_01400,50,2021-09-21 16:15:00,2021-09-21 16:30:00,0.25,77.0,19.25,0.0,
T0050_01401,50,2021-09-23 17:00:00,2021-09-23 20:45:00,3.75,175.0,650.0,0.25,
T0050_01402,50,2021-09-25 21:15:00,2021-09-26 08:15:00,11.0,77.0,756.75,1.5,
T0050_01403,50,2021-09-27 16:30:00,2021-09-27 18:00:00,1.5,68.0,101.0,0.75,
T0050_01404,50,2021-09-28 15:30:00,2021-09-28 17:15:00,1.75,1063.0,1859.5,0.25,
T0050_01405,50,2021-10-01 07:30:00,2021-10-01 09:30:00,2.0,171.0,342.0,0.0,
T0050_01406,50,2021-10-01 10:15:00,2021-10-01 12:15:00,2.0,690.0,755.5,1.25,
T0050_01407,50,2021-10-04 20:30:00,2021-10-04 20:45:00,0.25,83.0,20.75,0.0,
T0050_01408,50,2021-10-05 13:30:00,2021-10-05 15:45:00,2.25,159.0,323.0,2.0,
T0050_01409,50,2021-10-06 00:30:00,2021-10-06 01:45:00,1.25,1188.0,1270.75,0.75,0.25
T0050_01410,50,2021-10-06 15:30:00,2021-10-06 22:15:00,6.75,338.0,1942.0,0.75,
T0050_01411,50,2021-10-07 17:30:00,2021-10-07 20:30:00,3.0,76.0,215.75,0.0,
T0050_01412,50,2021-10-08 08:15:00,2021-10-08 11:45:00,3.5,84.0,228.0,0.0,
T0050_01413,50,2021-10-09 18:45:00,2021-10-09 21:15:00,2.5,218.0,372.0,1.25,0.5
T0050_01414,50,2021-10-11 15:15:00,2021-10-11 16:30:00,1.25,137.0,168.75,0.25,
T0050_01415,50,2021-10-12 16:45:00,2021-10-12 21:15:00,4.5,281.0,1260.25,2.75,
T0050_01416,50,2021-10-13 03:45:00,2021-10-13 04:00:00,0.25,262.0,65.5,0.0,
T0050_01417,50,2021-10-13 13:15:00,2021-10-13 22:45:00,9.5,198.0,1075.75,3.25,0.75
T0050_01418,50,2021-10-15 07:30:00,2021-10-15 08:45:00,1.25,239.0,298.5,0.25,
T0050_01419,50,2021-10-16 16:15:00,2021-10-17 06:00:00,13.75,239.0,2052.0,2.5,7.0
T0050_01420,50,2021-10-19 11:30:00,2021-10-19 17:45:00,6.25,101.0,603.0,5.75,
T0050_01421,50,2021-10-20 17:30:00,2021-10-20 21:30:00,4.0,311.0,691.0,2.0,1.75
T0050_01422,50,2021-10-21 05:16:00,2021-10-21 07:30:00,2.2333333333333334,194.0,436.5,0.0,
T0050_01423,50,2021-10-21 14:45:00,2021-10-21 15:30:00,0.75,267.0,200.25,0.0,
T0050_01424,50,2021-10-23 18:30:00,2021-10-23 20:45:00,2.25,53.0,119.25,0.0,
T0050_01425,50,2021-10-24 12:15:00,2021-10-24 14:15:00,2.0,106.0,119.25,0.5,0.25
T0050_01426,50,2021-10-24 21:45:00,2021-10-24 22:00:00,0.25,3149.0,787.25,0.0,
T0050_01427,50,2021-10-25 14:30:00,2021-10-25 23:15:00,8.75,75.0,557.75,6.25,
T0050_01428,50,2021-10-29 14:15:00,2021-10-29 16:15:00,2.0,134.0,207.25,0.0,1.75
T0050_01429,50,2021-10-31 01:00:00,2021-10-31 03:00:00,2.0,78.0,156.0,0.0,
T0050_01430,50,2021-10-31 21:30:00,2021-10-31 23:15:00,1.75,231.0,402.75,1.5,
T0050_01431,50,2021-11-04 15:45:00,2021-11-04 23:30:00,7.75,130.0,954.75,0.0,
T0050_01432,50,2021-11-07 10:00:00,2021-11-07 11:15:00,1.25,58.0,72.5,0.0,
T0050_01433,50,2021-11-08 20:45:00,2021-11-08 21:00:00,0.25,126.0,31.5,0.0,
T0050_01434,50,2021-11-09 23:15:00,2021-11-10 00:00:00,0.75,111.0,82.75,0.0,
T0050_01435,50,2021-11-13 16:00:00,2021-11-13 17:30:00,1.5,172.0,161.0,0.5,
T0050_01436,50,2021-11-14 21:45:00,2021-11-14 22:45:00,1.0,358.0,358.0,0.0,
T0050_01437,50,2021-11-15 03:15:00,2021-11-15 03:45:00,0.5,102.0,50.75,0.0,
T0050_01438,50,2021-11-17 14:45:00,2021-11-17 15:45:00,1.0,65.0,44.75,0.25,0.5
T0050_01439,50,2021-11-19 14:00:00,2021-11-19 15:30:00,1.5,52.0,78.0,0.0,
T0050_01440,50,2021-11-19 19:15:00,2021-11-19 21:45:00,2.5,1488.0,565.5,0.5,0.25
T0050_01441,50,2021-11-20 17:15:00,2021-11-20 18:00:00,0.75,110.0,70.5,0.0,
T0050_01442,50,2021-11-23 16:30:00,2021-11-23 17:15:00,0.75,146.0,109.5,0.0,
T0050_01443,50,2021-11-29 06:30:00,2021-11-29 09:15:00,2.75,85.0,233.75,0.0,
T0050_01444,50,2021-12-02 05:30:00,2021-12-02 06:00:00,0.5,3685.0,1348.75,0.25,
T0050_01445,50,2021-12-02 17:15:00,2021-12-02 18:15:00,1.0,95.0,87.5,0.75,
T0050_01446,50,2021-12-03 16:45:00,2021-12-03 18:45:00,2.0,139.0,175.25,0.5,
T0050_01447,50,2021-12-05 12:30:00,2021-12-05 18:15:00,5.75,336.0,1296.0,5.0,
T0050_01448,50,2021-12-05 20:30:00,2021-12-05 21:00:00,0.5,57.0,28.5,0.0,
T0050_01449,50,2021-12-05 22:00:00,2021-12-06 00:15:00,2.25,77.0,167.0,0.0,
T0050_01450,50,2021-12-09 18:30:00,2021-12-09 19:45:00,1.25,760.0,468.5,0.0,0.5
T0050_01451,50,2021-12-10 18:15:00,2021-12-10 18:45:00,0.5,3585.0,929.5,0.25,
T0050_01452,50,2021-12-11 07:45:00,2021-12-11 13:45:00,6.0,108.0,442.75,0.25,
T0050_01453,50,2021-12-11 17:45:00,2021-12-11 18:30:00,0.75,69.0,50.0,0.25,
T0050_01454,50,2021-12-12 21:15:00,2021-12-12 22:45:00,1.5,51.0,75.25,0.0,0.25
T0050_01455,50,2021-12-13 14:45:00,2021-12-13 15:15:00,0.5,138.0,69.0,0.0,
T0050_01456,50,2021-12-13 17:30:00,2021-12-13 18:30:00,1.0,69.0,69.0,0.0,
T0050_01457,50,2021-12-15 15:45:00,2021-12-17 08:00:00,40.25,11600.0,121938.25,3.75,1.25
T0050_01458,50,2021-12-17 11:30:00,2021-12-17 13:30:00,2.0,250.0,500.0,0.0,
T0050_01459,50,2021-12-17 21:30:00,2021-12-17 22:30:00,1.0,118.0,88.5,0.0,
T0050_01460,50,2021-12-21 14:45:00,2021-12-21 17:15:00,2.5,70.0,175.0,0.0,
T0050_01461,50,2021-12-21 22:00:00,2021-12-21 22:15:00,0.25,62.0,15.5,0.0,
T0050_01462,50,2021-12-22 16:30:00,2021-12-22 18:30:00,2.0,165.0,328.5,0.75,
T0050_01463,50,2021-12-23 00:00:00,2021-12-23 00:15:00,0.25,647.0,161.75,0.0,
T0050_01464,50,2021-12-23 16:45:00,2021-12-23 18:00:00,1.25,106.0,116.5,1.0,
T0050_01465,50,2021-12-24 15:15:00,2021-12-24 16:30:00,1.25,124.0,154.25,0.25,
T0050_01466,50,2021-12-24 18:45:00,2021-12-24 21:00:00,2.25,293.0,657.75,0.5,
T0050_01467,50,2021-12-30 15:30:00,2021-12-31 00:15:00,8.75,29693.0,131228.25,6.5,
T0050_01468,50,2022-01-01 00:00:00,2022-01-05 17:30:00,113.5,30294.0,272721.75,0.5,0.75
T0050_01469,50,2022-01-06 10:30:00,2022-01-06 13:15:00,2.75,1672.0,1723.75,2.25,0.25
T0050_01470,50,2022-01-08 04:15:00,2022-01-08 06:30:00,2.25,2102.0,2564.5,0.25,0.75
T0050_01471,50,2022-01-08 16:30:00,2022-01-08 18:30:00,2.0,180.0,186.5,0.0,1.25
T0050_01472,50,2022-01-12 03:15:00,2022-01-12 03:30:00,0.25,240.0,60.0,0.0,
T0050_01473,50,2022-01-12 05:45:00,2022-01-12 07:45:00,2.0,58.0,116.0,0.0,
T0050_01474,50,2022-01-13 15:00:00,2022-01-13 15:30:00,0.5,137.0,68.5,0.0,
T0050_01475,50,2022-01-13 16:15:00,2022-01-14 01:00:00,8.75,114.0,536.25,2.0,
T0050_01476,50,2022-01-14 10:00:00,2022-01-14 11:30:00,1.5,90.0,135.0,0.0,
T0050_01477,50,2022-01-16 04:00:00,2022-01-16 06:00:00,2.0,500.0,350.25,0.75,0.5
T0050_01478,50,2022-01-16 18:45:00,2022-01-16 19:15:00,0.5,50.0,25.0,0.0,0.0
T0050_01479,50,2022-01-17 14:15:00,2022-01-17 15:00:00,0.75,113.0,81.5,0.25,
T0050_01480,50,2022-01-17 20:45:00,2022-01-17 22:15:00,1.5,594.0,889.0,1.0,
T0050_01481,50,2022-01-18 05:45:00,2022-01-18 07:30:00,1.75,264.0,462.0,0.0,
T0050_01482,50,2022-01-18 15:15:00,2022-01-18 15:45:00,0.5,137.0,68.5,0.0,
T0050_01483,50,2022-01-19 19:45:00,2022-01-19 22:00:00,2.25,238.0,534.25,0.0,
T0050_01484,50,2022-01-19 23:30:00,2022-01-20 03:15:00,3.75,237.0,888.75,0.0,
T0050_01485,50,2022-01-21 21:15:00,2022-01-21 22:45:00,1.5,6574.0,8227.0,0.5,0.75
T0050_01486,50,2022-01-25 01:15:00,2022-01-25 03:45:00,2.5,114.0,281.25,0.5,
T0050_01487,50,2022-01-28 18:15:00,2022-01-28 19:45:00,1.5,173.0,258.5,0.0,
T0050_01488,50,2022-01-29 01:30:00,2022-01-29 03:45:00,2.25,109.0,233.0,0.0,
T0050_01489,50,2022-02-01 18:00:00,2022-02-01 18:45:00,0.75,139.0,103.75,0.25,
T0050_01490,50,2022-02-03 07:15:00,2022-02-03 11:30:00,4.25,95.0,251.75,0.25,
T0050_01491,50,2022-02-03 17:30:00,2022-02-03 20:45:00,3.25,279.0,847.25,1.25,
T0050_01492,50,2022-02-11 19:00:00,2022-02-11 19:45:00,0.75,139.0,103.75,0.5,
T0050_01493,50,2022-02-17 17:00:00,2022-02-17 18:00:00,1.0,146.0,145.0,0.5,
T0050_01494,50,2022-02-20 09:45:00,2022-02-20 10:00:00,0.25,57.0,14.25,0.0,
T0050_01495,50,2022-02-25 17:15:00,2022-02-25 18:00:00,0.75,124.0,92.5,0.0,
T0050_01496,50,2022-03-01 00:45:00,2022-03-01 01:30:00,0.75,62.0,46.5,0.0,
T0050_01497,50,2022-03-08 21:30:00,2022-03-08 23:30:00,2.0,63.0,123.25,0.0,
T0050_01498,50,2022-03-11 21:30:00,2022-03-11 22:15:00,0.75,58.0,43.5,0.0,
T0050_01499,50,2022-03-13 15:45:00,2022-03-13 19:45:00,4.0,150.0,597.75,0.0,
T0050_01500,50,2022-03-14 15:15:00,2022-03-14 17:45:00,2.5,78.0,192.75,1.0,
T0050_01501,50,2022-03-17 01:45:00,2022-03-17 02:00:00,0.25,5944.0,1486.0,0.0,
T0050_01502,50,2022-03-17 04:00:00,2022-03-17 07:00:00,3.0,3913.0,8732.25,2.0,0.25
T0050_01503,50,2022-03-17 07:45:00,2022-03-17 08:45:00,1.0,162.0,115.0,0.5,
T0050_01504,50,2022-03-17 10:00:00,2022-03-17 22:15:00,12.25,797.0,5644.5,4.5,1.5
T0050_01505,50,2022-03-19 16:00:00,2022-03-19 19:45:00,3.75,110.0,405.5,1.75,
T0050_01506,50,2022-03-24 18:45:00,2022-03-24 20:30:00,1.75,138.0,231.25,0.0,
T0050_01507,50,2022-03-24 21:15:00,2022-03-25 00:00:00,2.75,56.0,154.0,0.0,
T0050_01508,50,2022-03-25 17:45:00,2022-03-25 19:00:00,1.25,84.0,104.0,0.0,
T0050_01509,50,2022-03-28 17:30:00,2022-03-28 21:00:00,3.5,65.0,226.25,1.25,
T0050_01510,50,2022-03-29 18:15:00,2022-03-29 21:30:00,3.25,58.0,188.5,0.0,
T0050_01511,50,2022-03-30 15:00:00,2022-03-30 20:15:00,5.25,293.0,962.0,1.0,1.25
T0050_01512,50,2022-03-31 16:00:00,2022-03-31 20:00:00,4.0,58.0,225.75,0.5,
T0050_01513,50,2022-04-03 14:15:00,2022-04-03 14:45:00,0.5,56.0,28.0,0.0,
T0050_01514,50,2022-04-05 06:45:00,2022-04-05 07:00:00,0.25,68.0,17.0,0.0,
T0050_01515,50,2022-04-05 09:15:00,2022-04-05 15:30:00,6.25,200.0,823.0,4.75,
T0050_01516,50,2022-04-05 16:30:00,2022-04-05 17:30:00,1.0,101.0,83.75,0.0,
T0050_01517,50,2022-04-05 21:00:00,2022-04-05 23:15:00,2.25,1485.0,858.75,0.25,0.25
T0050_01518,50,2022-04-09 14:45:00,2022-04-09 15:45:00,1.0,239.0,215.0,0.75,
T0050_01519,50,2022-04-10 06:45:00,2022-04-10 09:45:00,3.0,295.0,861.0,0.75,
T0050_01520,50,2022-04-13 17:15:00,2022-04-13 20:30:00,3.25,127.0,409.75,1.25,
T0050_01521,50,2022-04-15 21:45:00,2022-04-16 01:30:00,3.75,271.0,408.25,3.0,
T0050_01522,50,2022-04-16 10:45:00,2022-04-16 11:00:00,0.25,136.0,34.0,0.0,
T0050_01523,50,2022-04-19 21:00:00,2022-04-19 23:15:00,2.25,133.0,298.0,0.0,
T0050_01524,50,2022-04-20 15:30:00,2022-04-20 19:15:00,3.75,118.0,341.25,0.75,
T0050_01525,50,2022-04-22 05:30:00,2022-04-22 08:15:00,2.75,122.0,315.75,0.25,
T0050_01526,50,2022-04-22 21:15:00,2022-04-22 23:00:00,1.75,160.0,178.0,0.0,0.75
T0050_01527,50,2022-04-23 03:45:00,2022-04-23 23:30:00,19.75,146.0,1291.25,0.25,1.5
T0050_01528,50,2022-04-27 15:45:00,2022-04-27 16:45:00,1.0,53.0,53.0,0.0,
T0050_01529,50,2022-04-29 20:15:00,2022-04-29 23:15:00,3.0,760.0,2236.25,1.0,
T0050_01530,50,2022-04-30 00:00:00,2022-04-30 00:45:00,0.75,60.0,44.5,0.0,
T0050_01531,50,2022-05-01 13:00:00,2022-05-01 15:30:00,2.5,114.0,150.75,1.5,
T0050_01532,50,2022-05-02 07:30:00,2022-05-02 10:00:00,2.5,191.0,422.0,0.0,
T0050_01533,50,2022-05-02 21:45:00,2022-05-02 22:30:00,0.75,103.0,76.75,0.25,
T0050_01534,50,2022-05-03 14:00:00,2022-05-03 18:00:00,4.0,66.0,264.0,0.0,
T0050_01535,50,2022-05-04 04:45:00,2022-05-04 06:45:00,2.0,155.0,306.75,1.0,
T0050_01536,50,2022-05-05 16:45:00,2022-05-05 20:45:00,4.0,298.0,460.0,1.75,1.0
T0050_01537,50,2022-05-06 18:45:00,2022-05-06 19:45:00,1.0,63.0,63.0,0.0,
T0050_01538,50,2022-05-07 14:15:00,2022-05-07 14:45:00,0.5,145.0,72.5,0.0,
T0050_01539,50,2022-05-07 18:15:00,2022-05-07 18:30:00,0.25,54.0,13.5,0.0,
T0050_01540,50,2022-05-07 21:00:00,2022-05-07 21:15:00,0.25,83.0,20.75,0.0,
T0050_01541,50,2022-05-08 15:45:00,2022-05-08 16:15:00,0.5,317.0,158.5,0.0,
T0050_01542,50,2022-05-08 19:00:00,2022-05-08 19:30:00,0.5,92.0,46.0,0.0,
T0050_01543,50,2022-05-10 05:45:00,2022-05-10 06:00:00,0.25,56.0,14.0,0.0,
T0050_01544,50,2022-05-10 06:45:00,2022-05-10 07:45:00,1.0,117.0,105.0,0.25,
T0050_01545,50,2022-05-12 01:30:00,2022-05-12 02:45:00,1.25,121.0,82.25,0.0,
T0050_01546,50,2022-05-12 14:30:00,2022-05-12 15:00:00,0.5,334.0,167.0,0.0,
T0050_01547,50,2022-05-18 04:45:00,2022-05-18 06:45:00,2.0,416.0,630.75,1.75,
T0050_01548,50,2022-05-18 16:30:00,2022-05-18 20:00:00,3.5,1835.0,640.75,1.0,0.25
T0050_01549,50,2022-05-19 23:45:00,2022-05-20 00:00:00,0.25,292.0,73.0,0.0,
T0050_01550,50,2022-05-20 01:00:00,2022-05-20 02:15:00,1.25,412.0,349.25,0.75,
T0050_01551,50,2022-05-21 00:45:00,2022-05-22 15:30:00,38.75,4085.0,49087.0,7.75,0.5
T0050_01552,50,2022-05-23 14:00:00,2022-05-23 15:15:00,1.25,356.0,293.75,1.0,
T0050_01553,50,2022-05-24 09:00:00,2022-05-24 13:45:00,4.75,859.0,3883.5,4.25,
T0050_01554,50,2022-05-26 14:00:00,2022-05-26 15:15:00,1.25,128.0,159.5,0.5,
T0050_01555,50,2022-05-27 15:30:00,2022-05-27 16:15:00,0.75,64.0,41.0,0.0,0.25
T0050_01556,50,2022-05-30 21:15:00,2022-05-30 23:00:00,1.75,73.0,126.0,1.0,
T0050_01557,50,2022-05-31 17:45:00,2022-05-31 18:30:00,0.75,62.0,40.5,0.0,0.25
T0050_01558,50,2022-06-01 01:15:00,2022-06-01 03:15:00,2.0,166.0,319.5,0.25,
T0050_01559,50,2022-06-03 06:45:00,2022-06-03 08:45:00,2.0,94.0,188.0,0.0,
T0050_01560,50,2022-06-04 13:00:00,2022-06-04 14:45:00,1.75,148.0,259.0,0.0,
T0050_01561,50,2022-06-04 18:00:00,2022-06-04 19:45:00,1.75,66.0,115.5,0.0,
T0050_01562,50,2022-06-06 04:30:00,2022-06-06 06:00:00,1.5,58.0,87.0,0.0,
T0050_01563,50,2022-06-09 15:00:00,2022-06-09 20:30:00,5.5,54.0,286.75,3.25,
T0050_01564,50,2022-06-10 14:45:00,2022-06-10 16:45:00,2.0,290.0,468.25,0.0,
T0050_01565,50,2022-06-10 20:30:00,2022-06-10 20:45:00,0.25,50.0,12.5,0.0,0.0
T0050_01566,50,2022-06-10 22:00:00,2022-06-10 23:15:00,1.25,50.0,62.5,0.0,0.0
T0050_01567,50,2022-06-12 05:30:00,2022-06-12 09:15:00,3.75,85.0,314.25,2.25,
T0050_01568,50,2022-06-14 16:15:00,2022-06-14 16:30:00,0.25,727.0,181.75,0.0,
T0050_01569,50,2022-06-15 11:00:00,2022-06-15 13:45:00,2.75,376.0,602.0,0.75,0.5
T0050_01570,50,2022-06-16 16:00:00,2022-06-16 22:30:00,6.5,262.0,1462.0,0.0,
T0050_01571,50,2022-06-17 10:45:00,2022-06-17 21:45:00,11.0,714.0,2544.0,4.75,0.25
T0050_01572,50,2022-06-20 13:30:00,2022-06-20 14:30:00,1.0,68.0,68.0,0.0,
T0050_01573,50,2022-06-22 18:45:00,2022-06-22 20:15:00,1.5,72.0,106.75,0.0,
T0050_01574,50,2022-06-23 14:30:00,2022-06-23 21:30:00,7.0,191.0,973.0,0.75,3.25
T0050_01575,50,2022-06-25 16:00:00,2022-06-25 17:30:00,1.5,50.0,75.0,0.0,0.0
T0050_01576,50,2022-06-25 20:45:00,2022-06-25 23:30:00,2.75,106.0,213.75,0.0,
T0050_01577,50,2022-06-26 20:30:00,2022-06-26 22:15:00,1.75,112.0,196.0,0.0,
T0050_01578,50,2022-06-28 01:15:00,2022-06-28 03:45:00,2.5,192.0,370.5,0.75,
T0050_01579,50,2022-06-28 13:15:00,2022-06-28 15:45:00,2.5,324.0,645.75,2.25,
T0050_01580,50,2022-06-29 12:15:00,2022-06-29 23:15:00,11.0,185.0,1977.75,10.25,
T0050_01581,50,2022-06-30 00:30:00,2022-06-30 01:45:00,1.25,133.0,164.25,0.25,
T0050_01582,50,2022-06-30 13:00:00,2022-06-30 14:15:00,1.25,100.0,124.0,0.5,
T0050_01583,50,2022-07-04 12:00:00,2022-07-04 13:30:00,1.5,113.0,134.0,0.75,
T0050_01584,50,2022-07-05 00:30:00,2022-07-05 11:15:00,10.75,219.0,1303.25,0.0,1.75
T0050_01585,50,2022-07-07 15:15:00,2022-07-07 16:00:00,0.75,81.0,60.75,0.0,
T0050_01586,50,2022-07-08 09:15:00,2022-07-08 11:30:00,2.25,253.0,401.25,1.0,
T0050_01587,50,2022-07-09 04:45:00,2022-07-09 07:15:00,2.5,69.0,172.5,0.0,
T0050_01588,50,2022-07-09 12:30:00,2022-07-09 15:00:00,2.5,220.0,469.75,0.75,
T0050_01589,50,2022-07-09 16:15:00,2022-07-09 17:15:00,1.0,60.0,57.0,0.5,
T0050_01590,50,2022-07-10 01:45:00,2022-07-10 04:45:00,3.0,169.0,442.0,2.75,
T0050_01591,50,2022-07-13 19:45:00,2022-07-13 22:00:00,2.25,96.0,216.0,0.0,
T0050_01592,50,2022-07-15 12:30:00,2022-07-15 15:00:00,2.5,516.0,885.75,1.0,1.0
T0050_01593,50,2022-07-15 15:45:00,2022-07-15 20:00:00,4.25,62.0,260.5,0.5,
T0050_01594,50,2022-07-19 14:30:00,2022-07-19 15:15:00,0.75,163.0,121.75,0.0,
T0050_01595,50,2022-07-20 00:15:00,2022-07-20 01:15:00,1.0,57.0,57.0,0.0,
T0050_01596,50,2022-07-20 12:30:00,2022-07-20 14:15:00,1.75,186.0,316.0,0.0,
T0050_01597,50,2022-07-21 00:45:00,2022-07-21 02:15:00,1.5,615.0,921.25,0.0,
T0050_01598,50,2022-07-22 09:00:00,2022-07-22 11:45:00,2.75,159.0,436.75,0.0,
T0050_01599,50,2022-07-22 18:15:00,2022-07-22 20:30:00,2.25,92.0,177.5,1.25,
T0050_01600,50,2022-07-23 14:15:00,2022-07-23 14:30:00,0.25,148.0,37.0,0.0,
T0050_01601,50,2022-07-23 15:30:00,2022-07-23 18:15:00,2.75,58.0,128.5,0.0,
T0050_01602,50,2022-07-24 05:30:00,2022-07-24 07:00:00,1.5,92.0,138.0,0.0,
T0050_01603,50,2022-07-24 08:45:00,2022-07-24 09:45:00,1.0,1638.0,1638.0,0.0,
T0050_01604,50,2022-07-24 13:00:00,2022-07-24 14:30:00,1.5,1056.0,1082.25,0.25,1.0
T0050_01605,50,2022-07-26 05:00:00,2022-07-26 07:00:00,2.0,101.0,202.0,0.0,
T0050_01606,50,2022-07-26 07:45:00,2022-07-26 22:15:00,14.5,2143.0,3522.75,5.5,1.25
T0050_01607,50,2022-07-28 05:15:00,2022-07-28 06:45:00,1.5,53.0,77.25,0.0,
T0050_01608,50,2022-07-28 15:00:00,2022-07-28 18:15:00,3.25,463.0,1481.25,0.25,
T0050_01609,50,2022-07-29 18:15:00,2022-07-29 19:00:00,0.75,277.0,207.25,0.0,
T0050_01610,50,2022-07-29 21:15:00,2022-07-30 00:15:00,3.0,450.0,1348.75,0.0,
T0050_01611,50,2022-07-30 09:45:00,2022-07-30 11:15:00,1.5,127.0,190.5,0.0,
T0050_01612,50,2022-08-03 23:00:00,2022-08-04 02:00:00,3.0,53.0,157.0,0.0,
T0050_01613,50,2022-08-04 13:15:00,2022-08-04 13:45:00,0.5,77.0,38.5,0.0,
T0050_01614,50,2022-08-04 15:00:00,2022-08-04 18:00:00,3.0,161.0,479.75,2.25,
T0050_01615,50,2022-08-05 14:30:00,2022-08-05 20:30:00,6.0,258.0,798.0,1.5,1.0
T0050_01616,50,2022-08-06 21:45:00,2022-08-07 04:30:00,6.75,961.0,3872.0,3.0,0.25
T0050_01617,50,2022-08-08 18:45:00,2022-08-08 21:45:00,3.0,445.0,877.0,2.0,
T0050_01618,50,2022-08-09 15:00:00,2022-08-09 20:15:00,5.25,127.0,571.0,2.5,
T0050_01619,50,2022-08-09 23:30:00,2022-08-10 02:15:00,2.75,171.0,380.5,0.75,
T0050_01620,50,2022-08-12 13:15:00,2022-08-12 14:45:00,1.5,96.0,144.0,0.0,
T0050_01621,50,2022-08-13 13:00:00,2022-08-13 16:45:00,3.75,345.0,720.25,1.75,0.25
T0050_01622,50,2022-08-20 13:15:00,2022-08-20 15:15:00,2.0,151.0,300.75,1.25,
T0050_01623,50,2022-08-20 21:00:00,2022-08-20 22:45:00,1.75,586.0,1024.25,1.25,
T0050_01624,50,2022-08-21 00:15:00,2022-08-21 02:15:00,2.0,1811.0,3617.25,1.75,
T0050_01625,50,2022-08-23 15:30:00,2022-08-23 20:15:00,4.75,90.0,417.25,0.0,
T0050_01626,50,2022-08-24 21:30:00,2022-08-24 23:45:00,2.25,140.0,270.25,1.25,
T0050_01627,50,2022-08-25 03:30:00,2022-08-25 04:15:00,0.75,92.0,68.75,0.0,
T0050_01628,50,2022-08-25 14:00:00,2022-08-25 14:45:00,0.75,180.0,134.5,0.5,
T0050_01629,50,2022-08-26 23:30:00,2022-08-27 01:15:00,1.75,135.0,224.75,1.5,
T0050_01630,50,2022-08-28 01:45:00,2022-08-28 05:00:00,3.25,1800.0,2960.25,1.0,0.75
T0050_01631,50,2022-08-29 16:00:00,2022-08-29 16:45:00,0.75,161.0,120.75,0.0,
T0050_01632,50,2022-08-30 16:15:00,2022-08-30 16:30:00,0.25,126.0,31.5,0.0,
T0050_01633,50,2022-08-31 16:00:00,2022-08-31 16:45:00,0.75,72.0,54.0,0.0,
T0050_01634,50,2022-08-31 23:45:00,2022-09-01 03:00:00,3.25,334.0,1082.5,0.0,
T0050_01635,50,2022-09-01 15:30:00,2022-09-01 22:30:00,7.0,123.0,749.5,0.5,
T0050_01636,50,2022-09-03 02:45:00,2022-09-03 08:30:00,5.75,595.0,3414.5,1.0,
T0050_01637,50,2022-09-03 21:30:00,2022-09-04 09:15:00,11.75,531.0,1825.25,1.25,0.5
T0050_01638,50,2022-09-05 13:15:00,2022-09-05 13:45:00,0.5,63.0,31.5,0.0,
T0050_01639,50,2022-09-07 16:45:00,2022-09-07 17:15:00,0.5,54.0,27.0,0.0,
T0050_01640,50,2022-09-10 14:30:00,2022-09-10 15:00:00,0.5,1624.0,612.0,0.25,
T0050_01641,50,2022-09-11 09:30:00,2022-09-11 11:15:00,1.75,1623.0,2070.0,0.25,
T0050_01642,50,2022-09-11 15:30:00,2022-09-11 16:30:00,1.0,244.0,244.0,0.0,
T0050_01643,50,2022-09-12 14:00:00,2022-09-12 14:30:00,0.5,108.0,47.75,0.25,
T0050_01644,50,2022-09-13 13:15:00,2022-09-13 13:45:00,0.5,169.0,84.5,0.0,
T0050_01645,50,2022-09-15 08:45:00,2022-09-15 09:15:00,0.5,82.0,40.5,0.0,
T0050_01646,50,2022-09-21 19:00:00,2022-09-21 19:15:00,0.25,64.0,16.0,0.0,
T0050_01647,50,2022-09-22 02:15:00,2022-09-22 03:45:00,1.5,1631.0,2446.5,0.0,
T0050_01648,50,2022-09-23 16:30:00,2022-09-23 17:30:00,1.0,227.0,227.0,0.0,
T0050_01649,50,2022-09-25 02:00:00,2022-09-25 04:45:00,2.75,64.0,173.5,0.0,
T0050_01650,50,2022-09-26 11:45:00,2022-09-26 16:15:00,4.5,58.0,256.5,2.75,
T0050_01651,50,2022-09-26 18:15:00,2022-09-26 22:00:00,3.75,83.0,307.75,0.0,
T0050_01652,50,2022-09-27 03:30:00,2022-09-27 07:15:00,3.75,81.0,242.25,2.0,
T0050_01653,50,2022-09-29 13:45:00,2022-09-29 15:15:00,1.5,203.0,256.5,0.75,
T0050_01654,50,2022-09-30 16:00:00,2022-09-30 21:30:00,5.5,163.0,871.0,1.0,
T0050_01655,50,2022-10-01 03:15:00,2022-10-01 07:00:00,3.75,1817.0,6809.0,2.0,
T0050_01656,50,2022-10-02 14:30:00,2022-10-02 15:45:00,1.25,65.0,81.25,0.0,
T0050_01657,50,2022-10-03 17:30:00,2022-10-03 17:45:00,0.25,64.0,16.0,0.0,
T0050_01658,50,2022-10-04 19:00:00,2022-10-04 20:15:00,1.25,80.0,99.0,1.0,
T0050_01659,50,2022-10-06 16:15:00,2022-10-06 16:30:00,0.25,54.0,13.5,0.0,
T0050_01660,50,2022-10-08 18:30:00,2022-10-09 23:45:00,29.25,314.0,7564.25,1.0,
T0050_01661,50,2022-10-10 01:45:00,2022-10-10 04:30:00,2.75,54.0,148.5,0.0,
T0050_01662,50,2022-10-11 15:15:00,2022-10-11 16:45:00,1.5,61.0,90.25,1.0,
T0050_01663,50,2022-10-13 14:30:00,2022-10-13 15:45:00,1.25,1845.0,2203.25,0.75,
T0050_01664,50,2022-10-14 17:00:00,2022-10-14 17:45:00,0.75,54.0,40.5,0.0,
T0050_01665,50,2022-10-15 19:45:00,2022-10-15 21:00:00,1.25,147.0,183.75,0.0,
T0050_01666,50,2022-10-16 13:30:00,2022-10-16 15:30:00,2.0,132.0,250.5,0.5,
T0050_01667,50,2022-10-17 14:15:00,2022-10-17 14:30:00,0.25,149.0,37.25,0.0,
T0050_01668,50,2022-10-24 12:00:00,2022-10-24 18:45:00,6.75,273.0,1149.0,0.0,
T0050_01669,50,2022-10-24 22:45:00,2022-10-25 00:00:00,1.25,829.0,1023.75,0.25,
T0050_01670,50,2022-10-25 12:45:00,2022-10-25 15:00:00,2.25,59.0,132.0,0.0,
T0050_01671,50,2022-10-26 09:30:00,2022-10-26 10:45:00,1.25,124.0,155.0,0.0,
T0050_01672,50,2022-10-28 06:15:00,2022-10-28 08:30:00,2.25,189.0,425.25,0.0,
T0050_01673,50,2022-10-28 13:45:00,2022-10-28 15:00:00,1.25,200.0,220.0,1.0,
T0050_01674,50,2022-10-31 16:30:00,2022-10-31 16:45:00,0.25,76.0,19.0,0.0,
T0050_01675,50,2022-11-03 17:15:00,2022-11-03 18:30:00,1.25,70.0,81.75,0.5,0.5
T0050_01676,50,2022-11-05 06:30:00,2022-11-06 05:30:00,23.0,3850.0,22779.25,15.75,0.25
T0050_01677,50,2022-11-06 13:30:00,2022-11-06 16:00:00,2.5,68.0,162.5,0.25,
T0050_01678,50,2022-11-07 22:45:00,2022-11-07 23:30:00,0.75,51.0,38.0,0.0,0.5
T0050_01679,50,2022-11-09 18:15:00,2022-11-09 20:30:00,2.25,224.0,498.25,0.0,
T0050_01680,50,2022-11-10 19:15:00,2022-11-10 21:00:00,1.75,126.0,220.5,0.0,
T0050_01681,50,2022-11-16 23:00:00,2022-11-17 00:30:00,1.5,78.0,117.0,0.0,
T0050_01682,50,2022-11-18 16:00:00,2022-11-18 18:00:00,2.0,106.0,210.5,1.5,
T0050_01683,50,2022-11-18 23:30:00,2022-11-19 00:45:00,1.25,894.0,892.5,0.0,1.0
T0050_01684,50,2022-11-20 20:15:00,2022-11-20 20:45:00,0.5,51.0,25.5,0.0,
T0050_01685,50,2022-11-21 14:30:00,2022-11-21 15:00:00,0.5,148.0,74.0,0.0,
T0050_01686,50,2022-11-27 17:00:00,2022-11-27 17:45:00,0.75,60.0,44.75,0.25,
T0050_01687,50,2022-11-30 13:30:00,2022-11-30 20:15:00,6.75,3474.0,2261.25,5.0,0.25
T0050_01688,50,2022-12-01 16:45:00,2022-12-01 17:00:00,0.25,1119.0,279.75,0.0,
T0050_01689,50,2022-12-02 04:15:00,2022-12-02 22:15:00,18.0,1799.0,10861.0,9.75,1.0
T0050_01690,50,2022-12-05 15:45:00,2022-12-05 17:00:00,1.25,137.0,166.75,0.75,
T0050_01691,50,2022-12-08 01:30:00,2022-12-08 02:15:00,0.75,125.0,93.75,0.0,
T0050_01692,50,2022-12-10 16:45:00,2022-12-10 21:15:00,4.5,401.0,557.0,0.0,0.75
T0050_01693,50,2022-12-13 17:00:00,2022-12-13 17:30:00,0.5,71.0,35.5,0.0,
T0050_01694,50,2022-12-20 17:45:00,2022-12-20 18:30:00,0.75,90.0,64.75,0.25,
T0050_01695,50,2022-12-22 00:30:00,2022-12-22 03:30:00,3.0,3666.0,2609.75,0.0,0.5
T0050_01696,50,2022-12-22 13:00:00,2022-12-22 19:15:00,6.25,96.0,589.5,2.75,
T0050_01697,50,2022-12-22 21:30:00,2022-12-23 00:00:00,2.5,180.0,432.5,1.5,
T0050_01698,50,2022-12-27 22:45:00,2022-12-28 00:00:00,1.25,151.0,188.75,0.0,
T0050_01699,50,2022-12-29 01:45:00,2022-12-29 02:45:00,1.0,75.0,70.5,0.25,
T0050_01700,50,2022-12-29 03:45:00,2022-12-30 03:30:00,23.75,7990.0,23975.0,1.0,0.25
T0050_01701,50,2022-12-30 23:30:00,2022-12-31 01:00:00,1.5,51.0,76.5,0.0,
T0050_01702,50,2023-01-04 19:30:00,2023-01-04 22:00:00,2.5,52.0,128.25,0.75,
T0050_01703,50,2023-01-06 02:15:00,2023-01-06 07:45:00,5.5,177.0,965.5,4.0,
T0050_01704,50,2023-01-10 16:45:00,2023-01-10 17:45:00,1.0,61.0,61.0,0.0,
T0050_01705,50,2023-01-21 17:00:00,2023-01-21 21:00:00,4.0,2167.0,2634.25,0.25,0.75
T0050_01706,50,2023-01-28 00:15:00,2023-01-28 01:30:00,1.25,331.0,255.5,1.0,
T0050_01707,50,2023-02-02 00:30:00,2023-02-02 01:30:00,1.0,167.0,167.0,0.0,
T0050_01708,50,2023-02-02 10:15:00,2023-02-02 11:30:00,1.25,176.0,220.0,0.0,
T0050_01709,50,2023-02-03 19:30:00,2023-02-03 21:00:00,1.5,64.0,96.0,0.0,
T0050_01710,50,2023-02-05 05:30:00,2023-02-05 15:00:00,9.5,251.0,2375.5,0.0,
T0050_01711,50,2023-02-07 16:45:00,2023-02-07 22:00:00,5.25,168.0,873.0,1.25,
T0050_01712,50,2023-02-09 11:45:00,2023-02-09 13:15:00,1.5,167.0,175.0,1.25,
T0050_01713,50,2023-02-10 16:15:00,2023-02-10 18:15:00,2.0,50.0,100.0,0.0,0.0
T0050_01714,50,2023-02-18 18:15:00,2023-02-18 21:30:00,3.25,122.0,357.25,0.25,
T0050_01715,50,2023-02-20 00:45:00,2023-02-21 01:00:00,24.25,3068.0,12519.5,19.25,0.5
T0050_01716,50,2023-02-21 19:30:00,2023-02-21 20:45:00,1.25,85.0,90.0,0.5,
T0050_01717,50,2023-02-24 23:15:00,2023-02-25 00:30:00,1.25,114.0,142.5,0.0,
T0050_01718,50,2023-02-28 00:15:00,2023-02-28 02:15:00,2.0,333.0,663.75,1.75,
T0050_01719,50,2023-03-02 17:30:00,2023-03-02 19:45:00,2.25,2514.0,5656.5,0.0,
T0050_01720,50,2023-03-06 15:45:00,2023-03-06 22:15:00,6.5,158.0,1010.25,1.0,
T0050_01721,50,2023-03-13 17:15:00,2023-03-13 18:45:00,1.5,120.0,178.75,1.25,
T0050_01722,50,2023-03-19 17:15:00,2023-03-19 18:00:00,0.75,158.0,118.5,0.0,
T0050_01723,50,2023-03-28 23:15:00,2023-03-29 01:30:00,2.25,284.0,639.0,0.0,
T0050_01724,50,2023-03-31 00:45:00,2023-03-31 03:00:00,2.25,54.0,108.0,0.0,
T0050_01725,50,2023-03-31 05:30:00,2023-03-31 07:00:00,1.5,276.0,408.5,0.75,
T0050_01726,50,2023-03-31 15:45:00,2023-03-31 16:15:00,0.5,66.0,30.5,0.25,
T0050_01727,50,2023-03-31 17:30:00,2023-04-01 04:45:00,11.25,2961.0,9922.5,10.5,
T0050_01728,50,2023-04-06 17:15:00,2023-04-06 17:45:00,0.5,102.0,51.0,0.0,
T0050_01729,50,2023-04-07 17:30:00,2023-04-07 20:30:00,3.0,162.0,401.5,2.25,0.5
T0050_01730,50,2023-04-09 14:45:00,2023-04-09 16:30:00,1.75,251.0,439.25,0.0,
T0050_01731,50,2023-04-11 14:45:00,2023-04-11 17:15:00,2.5,376.0,890.5,0.0,
T0050_01732,50,2023-04-12 17:15:00,2023-04-12 18:15:00,1.0,2932.0,1646.25,0.25,0.5
T0050_01733,50,2023-04-13 18:45:00,2023-04-13 19:00:00,0.25,214.0,53.5,0.0,
T0050_01734,50,2023-04-14 20:00:00,2023-04-14 21:00:00,1.0,148.0,147.75,0.0,
T0050_01735,50,2023-04-14 23:30:00,2023-04-15 01:15:00,1.75,927.0,1620.25,0.25,
T0050_01736,50,2023-04-15 05:00:00,2023-04-15 06:45:00,1.75,3368.0,5883.5,0.25,
T0050_01737,50,2023-04-19 13:30:00,2023-04-19 14:30:00,1.0,172.0,129.0,0.0,0.25
T0050_01738,50,2023-04-19 15:15:00,2023-04-20 05:45:00,14.5,54.0,380.0,11.0,2.0
T0050_01739,50,2023-04-23 09:15:00,2023-04-23 11:45:00,2.5,5445.0,11358.25,2.0,
T0050_01740,50,2023-04-25 15:00:00,2023-04-25 16:45:00,1.75,902.0,1049.5,0.0,0.5
T0050_01741,50,2023-04-26 15:30:00,2023-04-26 17:00:00,1.5,135.0,189.25,1.0,
T0050_01742,50,2023-04-27 20:15:00,2023-04-27 21:30:00,1.25,724.0,905.0,0.0,
T0050_01743,50,2023-05-02 21:15:00,2023-05-03 03:00:00,5.75,216.0,700.25,2.5,0.25
T0050_01744,50,2023-05-05 15:45:00,2023-05-05 21:00:00,5.25,181.0,950.25,0.0,
T0050_01745,50,2023-05-08 13:15:00,2023-05-08 14:30:00,1.25,65.0,79.75,0.0,
T0050_01746,50,2023-05-10 19:30:00,2023-05-10 20:15:00,0.75,4009.0,2994.0,0.25,
T0050_01747,50,2023-05-11 13:15:00,2023-05-11 16:45:00,3.5,660.0,988.0,1.5,0.5
T0050_01748,50,2023-05-12 00:30:00,2023-05-12 03:00:00,2.5,1024.0,1386.75,2.25,
T0050_01749,50,2023-05-12 06:00:00,2023-05-12 07:30:00,1.5,312.0,312.0,0.5,0.5
T0050_01750,50,2023-05-13 03:45:00,2023-05-13 05:15:00,1.5,69.0,102.25,0.5,
T0050_01751,50,2023-05-14 08:45:00,2023-05-14 10:15:00,1.5,68.0,82.5,0.0,
T0050_01752,50,2023-05-16 15:00:00,2023-05-16 17:45:00,2.75,2945.0,1224.25,1.0,0.25
T0050_01753,50,2023-05-19 00:45:00,2023-05-19 02:45:00,2.0,148.0,166.75,0.5,0.5
T0050_01754,50,2023-05-19 14:45:00,2023-05-19 16:15:00,1.5,69.0,101.75,1.0,
T0050_01755,50,2023-05-20 00:15:00,2023-05-20 00:30:00,0.25,52.0,13.0,0.0,
T0050_01756,50,2023-05-20 17:45:00,2023-05-20 18:30:00,0.75,183.0,137.25,0.0,
T0050_01757,50,2023-05-22 04:45:00,2023-05-22 05:00:00,0.25,72.0,18.0,0.0,
T0050_01758,50,2023-05-22 09:15:00,2023-05-22 10:30:00,1.25,72.0,72.0,0.0,
T0050_01759,50,2023-05-22 12:45:00,2023-05-22 13:15:00,0.5,304.0,152.0,0.0,
T0050_01760,50,2023-05-23 20:30:00,2023-05-24 05:00:00,8.5,90.0,323.5,0.0,
T0050_01761,50,2023-05-24 05:45:00,2023-05-24 12:15:00,6.5,64.0,342.5,5.75,
T0050_01762,50,2023-05-24 15:30:00,2023-05-24 16:15:00,0.75,66.0,49.5,0.0,
T0050_01763,50,2023-05-26 22:15:00,2023-05-26 23:00:00,0.75,103.0,71.25,0.0,
T0050_01764,50,2023-05-27 13:45:00,2023-05-27 18:30:00,4.75,320.0,1048.5,2.25,
T0050_01765,50,2023-05-31 23:00:00,2023-06-01 00:00:00,1.0,240.0,240.0,0.0,
T0050_01766,50,2023-06-01 12:45:00,2023-06-01 14:00:00,1.25,120.0,149.0,0.25,
T0050_01767,50,2023-06-01 16:00:00,2023-06-01 16:45:00,0.75,152.0,114.0,0.0,
T0050_01768,50,2023-06-02 09:00:00,2023-06-02 11:30:00,2.5,336.0,840.0,0.0,
T0050_01769,50,2023-06-02 15:15:00,2023-06-02 16:15:00,1.0,84.0,78.0,0.5,
T0050_01770,50,2023-06-02 17:15:00,2023-06-02 19:30:00,2.25,340.0,565.0,0.25,0.75
T0050_01771,50,2023-06-03 13:15:00,2023-06-03 14:30:00,1.25,160.0,176.0,0.75,
T0050_01772,50,2023-06-04 15:30:00,2023-06-04 17:00:00,1.5,112.0,166.75,0.5,
T0050_01773,50,2023-06-04 19:15:00,2023-06-04 21:15:00,2.0,272.0,543.0,1.0,
T0050_01774,50,2023-06-05 07:00:00,2023-06-05 09:45:00,2.75,830.0,2282.5,0.0,
T0050_01775,50,2023-06-05 19:00:00,2023-06-05 20:30:00,1.5,156.0,164.0,1.0,0.25
T0050_01776,50,2023-06-06 01:30:00,2023-06-06 03:00:00,1.5,274.0,307.0,0.25,0.5
T0050_01777,50,2023-06-06 06:00:00,2023-06-06 10:30:00,4.5,290.0,922.0,0.75,0.5
T0050_01778,50,2023-06-07 03:45:00,2023-06-07 05:15:00,1.5,90.0,75.0,0.0,
T0050_01779,50,2023-06-07 16:30:00,2023-06-07 17:15:00,0.75,50.0,25.0,0.0,0.0
T0050_01780,50,2023-06-12 19:30:00,2023-06-12 20:00:00,0.5,77.0,38.25,0.0,
T0050_01781,50,2023-06-13 15:30:00,2023-06-13 19:00:00,3.5,66.0,186.0,0.0,
T0050_01782,50,2023-06-14 06:45:00,2023-06-14 08:15:00,1.5,92.0,92.0,0.0,
T0050_01783,50,2023-06-14 21:15:00,2023-06-14 21:30:00,0.25,50.0,12.5,0.0,0.0
T0050_01784,50,2023-06-15 03:15:00,2023-06-15 03:30:00,0.25,72.0,18.0,0.0,
T0050_01785,50,2023-06-16 06:15:00,2023-06-16 09:30:00,3.25,238.0,476.0,0.25,0.25
T0050_01786,50,2023-06-17 17:30:00,2023-06-17 17:45:00,0.25,56.0,14.0,0.0,
T0050_01787,50,2023-06-17 19:15:00,2023-06-17 19:45:00,0.5,56.0,28.0,0.0,
T0050_01788,50,2023-06-17 22:15:00,2023-06-17 22:45:00,0.5,60.0,30.0,0.0,
T0050_01789,50,2023-06-18 00:15:00,2023-06-18 00:30:00,0.25,60.0,15.0,0.0,
T0050_01790,50,2023-06-18 01:30:00,2023-06-18 03:30:00,2.0,64.0,62.5,0.0,
T0050_01791,50,2023-06-18 04:15:00,2023-06-18 07:45:00,3.5,54.0,175.5,0.0,
T0050_01792,50,2023-06-18 12:30:00,2023-06-18 16:45:00,4.25,81.0,162.5,0.0,
T0050_01793,50,2023-06-20 11:15:00,2023-06-20 12:00:00,0.75,1162.0,581.25,0.0,0.25
T0050_01794,50,2023-06-21 13:30:00,2023-06-21 22:30:00,9.0,106.0,823.5,8.0,
T0050_01795,50,2023-06-22 02:00:00,2023-06-22 02:15:00,0.25,50.0,12.5,0.0,0.0
T0050_01796,50,2023-06-22 14:45:00,2023-06-22 16:00:00,1.25,165.0,162.75,0.5,
T0050_01797,50,2023-06-23 01:00:00,2023-06-23 06:45:00,5.75,153.0,549.75,1.75,
T0050_01798,50,2023-06-23 16:30:00,2023-06-23 17:45:00,1.25,50.0,62.5,0.0,0.0
T0050_01799,50,2023-06-24 18:15:00,2023-06-24 22:00:00,3.75,80.0,291.0,0.0,
T0050_01800,50,2023-06-25 06:30:00,2023-06-25 08:15:00,1.75,57.0,57.0,0.0,
T0050_01801,50,2023-06-25 16:00:00,2023-06-25 17:00:00,1.0,242.0,149.75,0.25,0.25
T0050_01802,50,2023-06-26 01:15:00,2023-06-26 01:30:00,0.25,1235.0,308.75,0.0,
T0050_01803,50,2023-06-26 20:30:00,2023-06-26 22:00:00,1.5,86.0,85.0,0.0,
T0050_01804,50,2023-06-28 03:15:00,2023-06-28 03:45:00,0.5,62.0,30.5,0.0,
T0050_01805,50,2023-07-02 04:30:00,2023-07-02 04:45:00,0.25,54.0,13.5,0.0,
T0050_01806,50,2023-07-03 21:30:00,2023-07-03 22:45:00,1.25,90.0,111.0,0.5,
T0050_01807,50,2023-07-04 03:30:00,2023-07-04 04:30:00,1.0,80.0,72.5,0.25,
T0050_01808,50,2023-07-04 18:30:00,2023-07-04 20:30:00,2.0,124.0,247.0,0.0,
T0050_01809,50,2023-07-04 23:45:00,2023-07-05 01:00:00,1.25,113.0,141.25,0.0,
T0050_01810,50,2023-07-05 03:15:00,2023-07-05 05:45:00,2.5,334.0,615.0,0.75,
T0050_01811,50,2023-07-05 16:00:00,2023-07-05 16:15:00,0.25,54.0,13.5,0.0,
T0050_01812,50,2023-07-06 16:45:00,2023-07-06 17:15:00,0.5,214.0,106.5,0.25,
T0050_01813,50,2023-07-07 01:15:00,2023-07-07 01:45:00,0.5,65.0,32.5,0.0,
T0050_01814,50,2023-07-07 16:00:00,2023-07-07 18:45:00,2.75,138.0,329.5,0.75,
T0050_01815,50,2023-07-09 14:00:00,2023-07-09 14:30:00,0.5,658.0,329.0,0.0,
T0050_01816,50,2023-07-12 06:30:00,2023-07-12 08:00:00,1.5,135.0,202.5,0.0,
T0050_01817,50,2023-07-13 14:45:00,2023-07-13 21:15:00,6.5,119.0,744.0,2.0,
T0050_01818,50,2023-07-14 15:00:00,2023-07-14 16:30:00,1.5,154.0,134.75,1.0,0.25
T0050_01819,50,2023-07-15 13:45:00,2023-07-15 16:15:00,2.5,310.0,540.75,0.5,0.5
T0050_01820,50,2023-07-18 08:45:00,2023-07-18 12:45:00,4.0,92.0,368.0,0.0,
T0050_01821,50,2023-07-19 03:45:00,2023-07-19 16:15:00,12.5,144.0,1043.5,9.75,
T0050_01822,50,2023-07-19 20:15:00,2023-07-20 00:45:00,4.5,315.0,685.25,4.25,
T0050_01823,50,2023-07-20 01:45:00,2023-07-20 02:45:00,1.0,153.0,140.25,0.0,
T0050_01824,50,2023-07-20 06:00:00,2023-07-20 06:15:00,0.25,84.0,21.0,0.0,
T0050_01825,50,2023-07-20 09:15:00,2023-07-20 16:30:00,7.25,314.0,1335.75,4.75,1.0
T0050_01826,50,2023-07-20 20:30:00,2023-07-21 07:30:00,11.0,200.0,1800.0,8.0,2.5
T0050_01827,50,2023-07-21 17:30:00,2023-07-21 23:30:00,6.0,340.0,1417.5,0.0,4.75
T0050_01828,50,2023-07-22 10:30:00,2023-07-22 10:45:00,0.25,69.0,17.25,0.0,
T0050_01829,50,2023-07-24 17:00:00,2023-07-24 17:45:00,0.75,2130.0,955.5,0.5,
T0050_01830,50,2023-07-25 06:30:00,2023-07-25 16:45:00,10.25,1340.0,5623.5,9.0,
T0050_01831,50,2023-07-25 21:45:00,2023-07-26 02:15:00,4.5,886.0,2126.25,2.75,0.5
T0050_01832,50,2023-07-26 05:00:00,2023-07-27 00:00:00,19.0,1174.0,2082.0,0.0,0.25
T0050_01833,50,2023-07-27 01:30:00,2023-07-27 01:45:00,0.25,50.0,12.5,0.0,0.0
T0050_01834,50,2023-07-27 02:30:00,2023-07-27 02:45:00,0.25,50.0,12.5,0.0,0.0
T0050_01835,50,2023-07-28 03:15:00,2023-07-28 03:30:00,0.25,50.0,12.5,0.0,0.0
T0050_01836,50,2023-07-29 00:15:00,2023-07-29 03:00:00,2.75,214.0,376.25,0.25,1.25
T0050_01837,50,2023-07-29 08:30:00,2023-07-29 16:00:00,7.5,442.0,1230.0,7.0,
T0050_01838,50,2023-07-30 13:30:00,2023-07-30 14:15:00,0.75,53.0,39.75,0.0,
T0050_01839,50,2023-07-31 19:45:00,2023-07-31 20:30:00,0.75,224.0,167.5,0.5,
T0050_01840,50,2023-08-01 01:15:00,2023-08-01 05:00:00,3.75,278.0,739.5,0.75,2.0
T0050_01841,50,2023-08-01 05:45:00,2023-08-01 06:30:00,0.75,403.0,302.25,0.0,
T0050_01842,50,2023-08-01 21:00:00,2023-08-02 03:30:00,6.5,2472.0,3551.5,3.0,0.25
T0050_01843,50,2023-08-02 04:45:00,2023-08-02 05:00:00,0.25,62.0,15.5,0.0,
T0050_01844,50,2023-08-02 13:45:00,2023-08-02 16:15:00,2.5,306.0,413.5,0.75,0.25
T0050_01845,50,2023-08-02 18:15:00,2023-08-02 20:00:00,1.75,134.0,154.0,1.25,0.25
T0050_01846,50,2023-08-03 05:00:00,2023-08-03 12:45:00,7.75,339.0,1328.75,2.75,0.5
T0050_01847,50,2023-08-03 14:00:00,2023-08-03 19:00:00,5.0,128.0,350.75,1.75,3.0
T0050_01848,50,2023-08-03 20:30:00,2023-08-04 00:15:00,3.75,588.0,1143.25,1.0,0.5
T0050_01849,50,2023-08-05 12:30:00,2023-08-05 16:00:00,3.5,90.0,178.0,1.0,
T0050_01850,50,2023-08-05 17:45:00,2023-08-05 19:00:00,1.25,66.0,41.5,0.0,0.75
T0050_01851,50,2023-08-10 16:45:00,2023-08-10 17:15:00,0.5,305.0,152.5,0.0,
T0050_01852,50,2023-08-11 23:30:00,2023-08-12 12:00:00,12.5,128.0,869.75,0.0,0.25
T0050_01853,50,2023-08-13 20:30:00,2023-08-13 22:00:00,1.5,67.0,100.5,0.0,
T0050_01854,50,2023-08-14 09:30:00,2023-08-14 11:30:00,2.0,275.0,529.25,1.0,
T0050_01855,50,2023-08-15 16:15:00,2023-08-15 19:15:00,3.0,52.0,156.0,0.0,
T0050_01856,50,2023-08-16 23:15:00,2023-08-17 00:45:00,1.5,68.0,101.0,0.75,
T0050_01857,50,2023-08-17 13:15:00,2023-08-17 15:15:00,2.0,88.0,102.5,1.0,
T0050_01858,50,2023-08-18 21:45:00,2023-08-19 04:45:00,7.0,208.0,838.75,0.25,0.5
T0050_01859,50,2023-08-19 06:15:00,2023-08-19 06:30:00,0.25,98.0,24.5,0.0,
T0050_01860,50,2023-08-19 15:30:00,2023-08-19 16:45:00,1.25,112.0,82.0,1.0,
T0050_01861,50,2023-08-19 19:45:00,2023-08-20 00:00:00,4.25,112.0,250.75,1.75,0.25
T0050_01862,50,2023-08-21 14:00:00,2023-08-21 15:30:00,1.5,70.0,67.5,1.0,
T0050_01863,50,2023-08-21 16:30:00,2023-08-21 18:15:00,1.75,104.0,117.75,0.5,0.5
T0050_01864,50,2023-08-23 16:30:00,2023-08-23 16:45:00,0.25,63.0,15.75,0.0,
T0050_01865,50,2023-08-23 17:45:00,2023-08-23 18:00:00,0.25,66.0,16.5,0.0,
T0050_01866,50,2023-08-24 12:45:00,2023-08-24 14:45:00,2.0,690.0,559.25,1.75,
T0050_01867,50,2023-08-24 16:00:00,2023-08-24 19:30:00,3.5,412.0,1373.25,0.0,3.25
T0050_01868,50,2023-08-25 08:45:00,2023-08-25 11:45:00,3.0,636.0,719.25,1.5,0.25
T0050_01869,50,2023-08-25 20:00:00,2023-08-25 20:30:00,0.5,50.0,25.0,0.0,0.0
T0050_01870,50,2023-08-26 00:15:00,2023-08-26 02:45:00,2.5,143.0,263.0,0.75,0.5
T0050_01871,50,2023-08-26 13:00:00,2023-08-26 14:30:00,1.5,237.0,117.75,1.25,
T0050_01872,50,2023-08-27 14:30:00,2023-08-27 15:45:00,1.25,958.0,1139.0,0.0,
T0050_01873,50,2023-08-28 06:45:00,2023-08-28 08:00:00,1.25,56.0,41.5,0.0,
T0050_01874,50,2023-08-28 11:30:00,2023-08-28 18:15:00,6.75,278.0,670.75,2.5,0.25
T0050_01875,50,2023-08-28 19:00:00,2023-08-28 20:00:00,1.0,77.0,36.75,0.0,
T0050_01876,50,2023-08-28 21:00:00,2023-08-28 21:15:00,0.25,68.0,17.0,0.0,
T0050_01877,50,2023-08-30 16:45:00,2023-08-30 17:00:00,0.25,52.0,13.0,0.0,
T0050_01878,50,2023-08-30 17:45:00,2023-08-30 18:00:00,0.25,52.0,13.0,0.0,
T0050_01879,50,2023-08-30 21:00:00,2023-08-30 21:15:00,0.25,66.0,16.5,0.0,
T0050_01880,50,2023-08-31 04:30:00,2023-08-31 10:30:00,6.0,54.0,324.0,0.0,
T0050_01881,50,2023-08-31 14:45:00,2023-08-31 17:00:00,2.25,141.0,316.0,0.0,
T0050_01882,50,2023-09-01 06:15:00,2023-09-01 08:30:00,2.25,250.0,473.75,0.5,
T0050_01883,50,2023-09-02 15:15:00,2023-09-02 17:00:00,1.75,71.0,121.75,1.25,
T0050_01884,50,2023-09-03 13:00:00,2023-09-03 13:45:00,0.75,114.0,85.5,0.0,
T0050_01885,50,2023-09-03 23:15:00,2023-09-03 23:30:00,0.25,76.0,19.0,0.0,
T0050_01886,50,2023-09-06 16:30:00,2023-09-06 17:15:00,0.75,60.0,45.0,0.0,
T0050_01887,50,2023-09-08 06:00:00,2023-09-08 08:00:00,2.0,196.0,367.5,0.25,
T0050_01888,50,2023-09-09 14:30:00,2023-09-09 16:30:00,2.0,120.0,163.75,1.75,
T0050_01889,50,2023-09-10 16:45:00,2023-09-10 17:30:00,0.75,58.0,42.5,0.5,
T0050_01890,50,2023-09-10 21:30:00,2023-09-10 21:45:00,0.25,72.0,18.0,0.0,
T0050_01891,50,2023-09-11 07:15:00,2023-09-11 10:00:00,2.75,60.0,165.0,0.0,
T0050_01892,50,2023-09-11 14:30:00,2023-09-11 15:00:00,0.5,77.0,38.5,0.0,
T0050_01893,50,2023-09-12 06:00:00,2023-09-12 08:15:00,2.25,120.0,150.0,1.75,0.25
T0050_01894,50,2023-09-13 15:45:00,2023-09-13 17:30:00,1.75,111.0,137.25,1.0,
T0050_01895,50,2023-09-14 16:30:00,2023-09-14 17:30:00,1.0,133.0,117.5,0.75,
T0050_01896,50,2023-09-14 21:15:00,2023-09-15 04:00:00,6.75,52.0,328.75,1.75,1.75
T0050_01897,50,2023-09-15 15:00:00,2023-09-15 18:30:00,3.5,165.0,487.0,1.75,
T0050_01898,50,2023-09-16 15:15:00,2023-09-16 16:30:00,1.25,118.0,147.5,0.0,
T0050_01899,50,2023-09-20 00:15:00,2023-09-20 02:45:00,2.5,76.0,143.75,1.75,
T0050_01900,50,2023-09-20 05:15:00,2023-09-20 05:30:00,0.25,170.0,42.5,0.0,
T0050_01901,50,2023-09-20 06:45:00,2023-09-20 07:15:00,0.5,62.0,31.0,0.0,
T0050_01902,50,2023-09-21 16:45:00,2023-09-21 18:45:00,2.0,72.0,141.0,1.0,
T0050_01903,50,2023-09-23 03:30:00,2023-09-23 21:45:00,18.25,834.0,6011.75,15.0,
T0050_01904,50,2023-09-23 23:30:00,2023-09-24 00:45:00,1.25,51.0,63.75,0.0,
T0050_01905,50,2023-09-24 13:30:00,2023-09-24 17:00:00,3.5,1886.0,3836.25,2.25,1.0
T0050_01906,50,2023-09-26 06:45:00,2023-09-26 07:15:00,0.5,51.0,25.5,0.0,
T0050_01907,50,2023-09-26 08:00:00,2023-09-26 09:45:00,1.75,62.0,103.0,0.5,
T0050_01908,50,2023-09-28 14:00:00,2023-09-28 14:15:00,0.25,133.0,33.25,0.0,
T0050_01909,50,2023-09-30 17:15:00,2023-09-30 19:15:00,2.0,550.0,512.5,1.25,
T0050_01910,50,2023-10-05 08:30:00,2023-10-05 10:15:00,1.75,66.0,115.5,0.0,
T0050_01911,50,2023-10-08 15:45:00,2023-10-08 17:15:00,1.5,324.0,486.0,0.0,
T0050_01912,50,2023-10-11 15:30:00,2023-10-11 18:30:00,3.0,138.0,306.5,0.25,
T0050_01913,50,2023-10-11 19:15:00,2023-10-11 19:30:00,0.25,90.0,22.5,0.0,
T0050_01914,50,2023-10-13 14:30:00,2023-10-13 15:45:00,1.25,93.0,91.5,0.75,
T0050_01915,50,2023-10-14 15:30:00,2023-10-14 17:00:00,1.5,250.0,374.5,0.0,
T0050_01916,50,2023-10-14 19:00:00,2023-10-14 19:30:00,0.5,76.0,37.75,0.0,
T0050_01917,50,2023-10-16 15:15:00,2023-10-16 21:15:00,6.0,274.0,1549.0,3.25,
T0050_01918,50,2023-10-17 14:30:00,2023-10-17 14:45:00,0.25,144.0,36.0,0.0,
T0050_01919,50,2023-10-17 20:15:00,2023-10-17 21:15:00,1.0,243.0,218.25,0.75,
T0050_01920,50,2023-10-18 15:15:00,2023-10-18 16:15:00,1.0,204.0,191.5,0.25,
T0050_01921,50,2023-10-18 17:30:00,2023-10-18 18:00:00,0.5,148.0,73.75,0.25,
T0050_01922,50,2023-10-20 20:30:00,2023-10-20 22:30:00,2.0,196.0,249.25,1.5,0.25
T0050_01923,50,2023-10-21 01:15:00,2023-10-21 01:30:00,0.25,4625.0,1156.25,0.0,
T0050_01924,50,2023-10-21 04:30:00,2023-10-21 20:30:00,16.0,458.0,3717.25,4.75,0.75
T0050_01925,50,2023-10-24 18:30:00,2023-10-24 19:00:00,0.5,55.0,27.25,0.25,
T0050_01926,50,2023-10-24 23:15:00,2023-10-24 23:30:00,0.25,88.0,22.0,0.0,
T0050_01927,50,2023-10-25 18:00:00,2023-10-25 18:15:00,0.25,277.0,69.25,0.0,
T0050_01928,50,2023-10-25 23:15:00,2023-10-26 01:00:00,1.75,870.0,1303.5,0.0,
T0050_01929,50,2023-10-26 13:00:00,2023-10-26 13:15:00,0.25,5977.0,1494.25,0.0,
T0050_01930,50,2023-10-28 04:30:00,2023-10-28 06:15:00,1.75,1153.0,1410.25,0.75,
T0050_01931,50,2023-10-28 16:30:00,2023-10-28 16:45:00,0.25,143.0,35.75,0.0,
T0050_01932,50,2023-10-29 14:15:00,2023-10-29 16:15:00,2.0,62.0,124.0,0.0,
T0050_01933,50,2023-10-30 17:30:00,2023-10-30 19:15:00,1.75,601.0,340.25,0.0,1.0
T0050_01934,50,2023-10-31 18:15:00,2023-10-31 19:00:00,0.75,52.0,38.75,0.0,
T0050_01935,50,2023-11-01 16:30:00,2023-11-01 21:45:00,5.25,153.0,772.75,2.75,
T0050_01936,50,2023-11-02 17:00:00,2023-11-02 22:00:00,5.0,154.0,747.5,1.25,
T0050_01937,50,2023-11-03 15:00:00,2023-11-03 16:00:00,1.0,74.0,66.0,0.75,
T0050_01938,50,2023-11-03 16:45:00,2023-11-03 17:15:00,0.5,64.0,32.0,0.0,
T0050_01939,50,2023-11-03 18:45:00,2023-11-03 22:00:00,3.25,114.0,260.25,1.75,
T0050_01940,50,2023-11-05 07:45:00,2023-11-05 10:00:00,2.25,115.0,258.75,0.0,
T0050_01941,50,2023-11-08 20:30:00,2023-11-08 21:15:00,0.75,1598.0,1190.0,0.0,
T0050_01942,50,2023-11-09 03:30:00,2023-11-09 05:30:00,2.0,188.0,376.0,0.0,
T0050_01943,50,2023-11-09 17:00:00,2023-11-09 18:45:00,1.75,2850.0,925.0,0.0,0.25
T0050_01944,50,2023-11-09 21:00:00,2023-11-09 21:15:00,0.25,294.0,73.5,0.0,
T0050_01945,50,2023-11-10 04:15:00,2023-11-10 05:30:00,1.25,56.0,70.0,0.0,
T0050_01946,50,2023-11-11 10:30:00,2023-11-11 13:30:00,3.0,92.0,276.0,0.0,
T0050_01947,50,2023-11-12 13:00:00,2023-11-12 14:00:00,1.0,248.0,218.0,0.0,
T0050_01948,50,2023-11-13 02:15:00,2023-11-13 03:30:00,1.25,250.0,293.5,0.0,
T0050_01949,50,2023-11-15 18:30:00,2023-11-15 18:45:00,0.25,66.0,16.5,0.0,
T0050_01950,50,2023-11-21 15:45:00,2023-11-21 16:15:00,0.5,453.0,151.0,0.25,
T0050_01951,50,2023-11-22 03:15:00,2023-11-22 03:45:00,0.5,11700.0,4874.5,0.0,
T0050_01952,50,2023-11-22 15:30:00,2023-11-22 16:00:00,0.5,284.0,142.0,0.0,
T0050_01953,50,2023-11-25 17:00:00,2023-11-25 18:00:00,1.0,262.0,229.25,0.0,0.5
T0050_01954,50,2023-11-27 19:15:00,2023-11-27 20:15:00,1.0,3656.0,1025.5,0.0,0.5
T0050_01955,50,2023-12-01 06:45:00,2023-12-01 09:00:00,2.25,260.0,583.5,0.0,
T0050_01956,50,2023-12-03 05:00:00,2023-12-03 15:00:00,10.0,1150.0,11357.0,1.25,
T0050_01957,50,2023-12-04 07:15:00,2023-12-04 11:00:00,3.75,194.0,515.5,3.5,
T0050_01958,50,2023-12-04 19:30:00,2023-12-04 22:45:00,3.25,802.0,882.75,2.25,0.5
T0050_01959,50,2023-12-05 18:15:00,2023-12-05 19:15:00,1.0,58.0,56.5,0.75,
T0050_01960,50,2023-12-05 20:15:00,2023-12-05 20:30:00,0.25,300.0,75.0,0.0,
T0050_01961,50,2023-12-06 16:45:00,2023-12-06 20:45:00,4.0,187.0,332.75,1.0,0.5
T0050_01962,50,2023-12-07 19:15:00,2023-12-07 19:30:00,0.25,114.0,28.5,0.0,
T0050_01963,50,2023-12-09 03:15:00,2023-12-09 06:15:00,3.0,585.0,1738.75,2.75,
T0050_01964,50,2023-12-10 17:45:00,2023-12-10 19:30:00,1.75,277.0,484.75,0.0,
T0050_01965,50,2023-12-13 20:30:00,2023-12-13 20:45:00,0.25,144.0,36.0,0.0,
T0050_01966,50,2023-12-17 16:00:00,2023-12-17 22:15:00,6.25,1247.0,5284.0,3.0,1.75
T0050_01967,50,2023-12-20 15:45:00,2023-12-20 16:45:00,1.0,332.0,330.5,0.0,
T0050_01968,50,2023-12-20 20:15:00,2023-12-20 21:15:00,1.0,174.0,172.5,0.75,
T0050_01969,50,2023-12-22 01:00:00,2023-12-22 02:15:00,1.25,74.0,92.5,0.0,
T0050_01970,50,2023-12-25 00:00:00,2023-12-25 01:30:00,1.5,561.0,729.5,0.25,
T0050_01971,50,2023-12-27 20:15:00,2023-12-27 22:15:00,2.0,294.0,449.5,0.5,1.25
T0050_01972,50,2023-12-27 23:15:00,2023-12-27 23:30:00,0.25,86.0,21.5,0.0,
T0050_01973,50,2024-01-04 05:15:00,2024-01-04 06:15:00,1.0,388.0,388.0,0.0,
T0050_01974,50,2024-01-09 17:15:00,2024-01-09 20:45:00,3.5,66.0,202.5,0.0,
T0050_01975,50,2024-01-11 17:15:00,2024-01-11 19:30:00,2.25,81.0,176.0,1.0,
T0050_01976,50,2024-01-14 10:45:00,2024-01-14 15:00:00,4.25,91.0,386.75,0.0,
T0050_01977,50,2024-01-15 00:30:00,2024-01-15 01:45:00,1.25,128.0,160.0,0.0,
T0050_01978,50,2024-01-16 04:00:00,2024-01-16 10:15:00,6.25,349.0,2143.25,3.25,
T0050_01979,50,2024-01-16 16:00:00,2024-01-16 20:00:00,4.0,350.0,872.75,1.75,0.25
T0050_01980,50,2024-01-18 15:30:00,2024-01-18 16:00:00,0.5,81.0,37.0,0.25,
T0050_01981,50,2024-01-19 15:00:00,2024-01-19 17:00:00,2.0,154.0,306.5,1.5,
T0050_01982,50,2024-01-23 17:15:00,2024-01-23 19:30:00,2.25,53.0,116.0,0.5,1.5
T0050_01983,50,2024-01-25 16:30:00,2024-01-25 17:45:00,1.25,168.0,209.0,0.5,
T0050_01984,50,2024-01-26 20:30:00,2024-01-26 22:15:00,1.75,124.0,162.75,0.5,0.75
T0050_01985,50,2024-01-30 17:45:00,2024-01-30 18:00:00,0.25,230.0,57.5,0.0,
T0050_01986,50,2024-01-31 14:45:00,2024-01-31 16:45:00,2.0,447.0,626.25,1.75,
T0050_01987,50,2024-02-03 12:30:00,2024-02-03 14:00:00,1.5,76.0,110.5,0.75,
T0050_01988,50,2024-02-03 15:30:00,2024-02-03 16:15:00,0.75,1016.0,762.0,0.0,
T0050_01989,50,2024-02-03 22:15:00,2024-02-05 00:30:00,26.25,11617.0,29661.5,1.5,0.25
T0050_01990,50,2024-02-05 17:15:00,2024-02-05 18:00:00,0.75,180.0,134.5,0.0,
T0050_01991,50,2024-02-06 16:15:00,2024-02-07 00:45:00,8.5,69.0,522.75,2.5,
T0050_01992,50,2024-02-07 02:30:00,2024-02-07 02:45:00,0.25,56.0,14.0,0.0,
T0050_01993,50,2024-02-07 18:15:00,2024-02-07 18:45:00,0.5,69.0,34.5,0.0,
T0050_01994,50,2024-02-07 23:30:00,2024-02-08 06:15:00,6.75,576.0,3827.75,1.0,
T0050_01995,50,2024-02-09 17:15:00,2024-02-09 18:00:00,0.75,54.0,38.5,0.25,0.25
T0050_01996,50,2024-02-15 08:45:00,2024-02-15 12:30:00,3.75,120.0,411.5,0.0,
T0050_01997,50,2024-02-15 17:30:00,2024-02-15 21:45:00,4.25,92.0,334.0,0.75,
T0050_01998,50,2024-02-21 01:15:00,2024-02-21 02:15:00,1.0,74.0,74.0,0.0,
T0050_01999,50,2024-02-22 19:45:00,2024-02-22 21:00:00,1.25,63.0,70.25,0.75,
T0050_02000,50,2024-02-23 03:15:00,2024-02-23 03:45:00,0.5,90.0,45.0,0.0,
T0050_02001,50,2024-02-24 19:45:00,2024-02-24 20:45:00,1.0,396.0,394.75,0.0,
T0050_02002,50,2024-02-25 22:00:00,2024-02-26 02:15:00,4.25,160.0,420.25,2.0,1.0
T0050_02003,50,2024-02-26 18:00:00,2024-02-27 05:15:00,11.25,96.0,791.25,0.0,
T0050_02004,50,2024-02-28 17:45:00,2024-02-28 20:45:00,3.0,138.0,283.25,1.25,
T0050_02005,50,2024-02-29 15:45:00,2024-02-29 16:45:00,1.0,68.0,67.5,0.25,
T0050_02006,50,2024-02-29 20:30:00,2024-02-29 21:15:00,0.75,68.0,50.5,0.5,
T0050_02007,50,2024-03-03 17:00:00,2024-03-03 20:45:00,3.75,68.0,255.0,0.0,
T0050_02008,50,2024-03-05 15:45:00,2024-03-05 16:15:00,0.5,76.0,38.0,0.0,
T0050_02009,50,2024-03-06 16:30:00,2024-03-06 17:15:00,0.75,62.0,46.25,0.25,
T0050_02010,50,2024-03-08 08:45:00,2024-03-08 10:15:00,1.5,81.0,113.5,0.0,
T0050_02011,50,2024-03-14 03:45:00,2024-03-17 19:00:00,87.25,20891.0,105792.25,7.25,0.25
T0050_02012,50,2024-03-18 21:45:00,2024-03-19 00:15:00,2.5,62.0,153.0,1.25,
T0050_02013,50,2024-03-20 02:15:00,2024-03-20 03:45:00,1.5,167.0,250.25,0.0,
T0050_02014,50,2024-03-21 16:30:00,2024-03-21 17:30:00,1.0,57.0,55.0,0.0,
T0050_02015,50,2024-03-23 19:30:00,2024-03-23 20:30:00,1.0,57.0,56.0,0.0,
T0050_02016,50,2024-03-24 19:00:00,2024-03-24 19:45:00,0.75,601.0,449.75,0.25,
T0050_02017,50,2024-03-26 15:45:00,2024-03-26 16:00:00,0.25,55.0,13.75,0.0,
T0050_02018,50,2024-03-28 14:15:00,2024-03-29 00:45:00,10.5,512.0,3249.5,5.25,2.5
T0050_02019,50,2024-03-29 05:45:00,2024-03-29 06:45:00,1.0,66.0,66.0,0.0,
T0050_02020,50,2024-03-30 19:00:00,2024-03-30 19:45:00,0.75,2168.0,1623.5,0.25,
T0050_02021,50,2024-04-03 14:45:00,2024-04-03 19:15:00,4.5,176.0,783.5,4.25,
T0050_02022,50,2024-04-06 12:00:00,2024-04-10 23:45:00,107.75,40368.0,1447626.0,24.0,15.5
T0050_02023,50,2024-04-11 00:30:00,2024-04-11 02:45:00,2.25,63.0,121.25,0.0,1.75
T0050_02024,50,2024-04-19 20:45:00,2024-04-19 21:15:00,0.5,74.0,37.0,0.0,
T0050_02025,50,2024-04-20 14:30:00,2024-04-20 19:15:00,4.75,369.0,1118.75,1.75,2.5
T0050_02026,50,2024-04-21 21:45:00,2024-04-21 22:30:00,0.75,127.0,95.25,0.0,
T0050_02027,50,2024-04-23 09:45:00,2024-04-23 16:45:00,7.0,65.0,397.0,0.0,6.75
T0050_02028,50,2024-04-24 06:30:00,2024-04-24 07:00:00,0.5,167.0,83.5,0.0,
T0050_02029,50,2024-04-24 12:15:00,2024-04-24 13:00:00,0.75,223.0,167.25,0.0,
T0050_02030,50,2024-04-24 16:15:00,2024-04-24 17:45:00,1.5,54.0,67.25,0.0,
T0050_02031,50,2024-04-25 16:00:00,2024-04-26 00:45:00,8.75,87.0,595.25,0.75,
T0050_02032,50,2024-04-27 06:45:00,2024-04-27 12:00:00,5.25,687.0,3041.25,0.75,
T0050_02033,50,2024-04-27 13:00:00,2024-04-28 23:00:00,34.0,2158.0,35458.5,11.25,11.0
T0050_02034,50,2024-04-29 15:00:00,2024-04-29 16:00:00,1.0,65.0,64.5,0.5,
T0050_02035,50,2024-04-29 17:00:00,2024-04-29 17:30:00,0.5,229.0,113.75,0.0,
T0050_02036,50,2024-04-30 23:30:00,2024-05-01 00:45:00,1.25,50.0,62.5,0.0,0.0
T0050_02037,50,2024-05-01 21:45:00,2024-05-01 23:15:00,1.5,84.0,99.75,0.0,
T0050_02038,50,2024-05-02 17:45:00,2024-05-02 21:15:00,3.5,54.0,183.5,1.5,
T0050_02039,50,2024-05-06 13:00:00,2024-05-06 13:45:00,0.75,270.0,202.5,0.0,
T0050_02040,50,2024-05-06 16:45:00,2024-05-08 06:15:00,37.5,3747.0,75703.25,17.25,7.0
T0050_02041,50,2024-05-08 14:30:00,2024-05-08 20:15:00,5.75,116.0,379.0,4.75,0.75
T0050_02042,50,2024-05-08 21:00:00,2024-05-08 21:30:00,0.5,52.0,25.5,0.0,0.25
T0050_02043,50,2024-05-11 09:45:00,2024-05-11 17:15:00,7.5,165.0,1237.5,0.0,
T0050_02044,50,2024-05-13 02:15:00,2024-05-13 03:30:00,1.25,165.0,206.25,0.0,
T0050_02045,50,2024-05-15 15:30:00,2024-05-15 19:00:00,3.5,185.0,625.0,2.75,
T0050_02046,50,2024-05-17 10:15:00,2024-05-17 11:45:00,1.5,580.0,784.0,0.0,1.25
T0050_02047,50,2024-05-22 16:00:00,2024-05-22 17:30:00,1.5,515.0,503.5,0.0,
T0050_02048,50,2024-05-22 21:15:00,2024-05-23 01:30:00,4.25,88.0,372.5,0.0,
T0050_02049,50,2024-05-24 14:45:00,2024-05-24 20:30:00,5.75,54.0,300.0,2.25,
T0050_02050,50,2024-05-26 12:15:00,2024-05-26 17:00:00,4.75,291.0,406.75,0.0,0.25
T0050_02051,50,2024-05-29 13:00:00,2024-05-29 13:45:00,0.75,394.0,295.5,0.0,
T0050_02052,50,2024-05-29 18:00:00,2024-05-29 19:00:00,1.0,95.0,94.5,0.25,
T0050_02053,50,2024-05-29 23:00:00,2024-05-30 00:45:00,1.75,597.0,1044.0,0.25,
T0050_02054,50,2024-05-30 16:45:00,2024-05-30 23:15:00,6.5,390.0,2025.25,3.0,
T0050_02055,50,2024-05-31 14:45:00,2024-05-31 17:45:00,3.0,507.0,675.0,0.0,0.25
T0050_02056,50,2024-06-04 05:15:00,2024-06-04 06:45:00,1.5,234.0,351.0,0.0,
T0050_02057,50,2024-06-05 15:45:00,2024-06-05 21:30:00,5.75,60.0,327.0,1.0,
T0050_02058,50,2024-06-06 20:45:00,2024-06-06 22:00:00,1.25,127.0,91.5,0.75,
T0050_02059,50,2024-06-07 17:00:00,2024-06-09 01:15:00,32.25,1473.0,10727.25,5.5,0.75
T0050_02060,50,2024-06-10 22:30:00,2024-06-11 02:00:00,3.5,248.0,858.0,0.0,
T0050_02061,50,2024-06-11 02:45:00,2024-06-11 05:00:00,2.25,90.0,202.5,0.0,
T0050_02062,50,2024-06-11 14:00:00,2024-06-11 21:45:00,7.75,144.0,811.0,0.25,
T0050_02063,50,2024-06-12 18:30:00,2024-06-12 21:45:00,3.25,55.0,176.5,0.0,
T0050_02064,50,2024-06-13 13:00:00,2024-06-13 16:00:00,3.0,77.0,210.0,2.5,
T0050_02065,50,2024-06-14 16:00:00,2024-06-14 22:45:00,6.75,191.0,909.0,4.75,1.25
T0050_02066,50,2024-06-15 19:30:00,2024-06-15 23:15:00,3.75,96.0,354.25,0.0,
T0050_02067,50,2024-06-16 14:00:00,2024-06-16 18:45:00,4.75,152.0,712.25,4.0,
T0050_02068,50,2024-06-17 14:45:00,2024-06-17 19:45:00,5.0,3559.0,4663.5,2.75,1.0
T0050_02069,50,2024-06-18 15:00:00,2024-06-18 20:15:00,5.25,1049.0,1448.75,1.75,1.0
T0050_02070,50,2024-06-21 15:00:00,2024-06-21 15:30:00,0.5,115.0,57.25,0.0,
T0050_02071,50,2024-06-22 13:30:00,2024-06-22 15:00:00,1.5,71.0,106.25,0.25,
T0050_02072,50,2024-06-24 01:45:00,2024-06-24 03:15:00,1.5,101.0,97.0,1.25,
T0050_02073,50,2024-06-24 12:45:00,2024-06-24 14:00:00,1.25,1515.0,1893.75,0.0,
T0050_02074,50,2024-06-25 22:45:00,2024-06-25 23:45:00,1.0,79.0,78.25,0.75,
T0050_02075,50,2024-06-26 23:30:00,2024-06-27 03:00:00,3.5,479.0,1141.0,1.25,1.5
T0050_02076,50,2024-06-28 17:30:00,2024-06-29 03:15:00,9.75,212.0,1717.5,5.0,
T0050_02077,50,2024-07-01 16:15:00,2024-07-01 18:30:00,2.25,59.0,129.25,1.0,
T0050_02078,50,2024-07-04 04:45:00,2024-07-04 07:45:00,3.0,98.0,283.5,0.25,
T0050_02079,50,2024-07-04 16:30:00,2024-07-04 17:30:00,1.0,600.0,599.5,0.25,
T0050_02080,50,2024-07-06 14:45:00,2024-07-06 19:15:00,4.5,121.0,541.25,0.0,
T0050_02081,50,2024-07-07 13:45:00,2024-07-07 14:30:00,0.75,62.0,46.5,0.0,
T0050_02082,50,2024-07-07 15:15:00,2024-07-07 20:00:00,4.75,186.0,853.0,3.75,
T0050_02083,50,2024-07-09 13:15:00,2024-07-09 14:15:00,1.0,599.0,597.25,0.25,
T0050_02084,50,2024-07-09 19:45:00,2024-07-09 22:15:00,2.5,174.0,424.25,0.25,
T0050_02085,50,2024-07-12 10:45:00,2024-07-12 21:45:00,11.0,5485.0,12566.5,4.25,0.25
T0050_02086,50,2024-07-13 00:00:00,2024-07-13 02:45:00,2.75,1406.0,3776.75,0.5,
T0050_02087,50,2024-07-13 13:15:00,2024-07-13 14:30:00,1.25,1025.0,1278.0,0.0,
T0050_02088,50,2024-07-14 07:00:00,2024-07-14 12:30:00,5.5,1373.0,7520.5,1.0,
T0050_02089,50,2024-07-14 13:30:00,2024-07-14 15:15:00,1.75,57.0,83.25,0.5,
T0050_02090,50,2024-07-14 23:45:00,2024-07-15 00:45:00,1.0,1971.0,1626.0,0.0,0.75
T0050_02091,50,2024-07-17 16:00:00,2024-07-18 04:15:00,12.25,1235.0,9778.5,4.0,4.0
T0050_02092,50,2024-07-19 20:00:00,2024-07-19 20:45:00,0.75,472.0,354.0,0.0,
T0050_02093,50,2024-07-21 16:15:00,2024-07-21 17:15:00,1.0,70.0,64.75,0.0,
T0050_02094,50,2024-07-21 19:45:00,2024-07-22 09:00:00,13.25,132.0,1573.25,0.75,
T0050_02095,50,2024-07-22 21:45:00,2024-07-22 22:15:00,0.5,633.0,316.5,0.0,
T0050_02096,50,2024-07-23 22:15:00,2024-07-23 23:30:00,1.25,644.0,470.5,0.25,0.25
T0050_02097,50,2024-07-24 14:45:00,2024-07-25 05:45:00,15.0,343.0,1814.0,5.75,1.25
T0050_02098,50,2024-07-25 14:15:00,2024-07-25 15:15:00,1.0,3894.0,3889.5,0.0,
T0050_02099,50,2024-07-26 12:30:00,2024-07-26 14:45:00,2.25,1500.0,1665.25,0.5,1.0
T0050_02100,50,2024-07-27 07:30:00,2024-07-27 08:30:00,1.0,337.0,337.0,0.0,
T0050_02101,50,2024-07-27 21:30:00,2024-07-27 22:45:00,1.25,147.0,183.75,0.0,
T0050_02102,50,2024-07-28 04:00:00,2024-07-28 08:00:00,4.0,603.0,2399.75,0.0,
T0050_02103,50,2024-07-28 13:30:00,2024-07-28 14:15:00,0.75,54.0,40.5,0.0,
T0050_02104,50,2024-07-29 09:15:00,2024-07-29 12:15:00,3.0,1363.0,2881.25,2.0,
T0050_02105,50,2024-07-29 14:00:00,2024-07-29 17:30:00,3.5,2892.0,8848.5,0.25,3.0
T0050_02106,50,2024-07-29 19:45:00,2024-07-29 21:30:00,1.75,1087.0,1897.0,0.25,
T0050_02107,50,2024-07-31 16:00:00,2024-07-31 16:45:00,0.75,2896.0,2167.25,0.0,
T0050_02108,50,2024-07-31 23:15:00,2024-08-01 00:15:00,1.0,1504.0,1278.75,0.25,
T0050_02109,50,2024-08-01 02:00:00,2024-08-01 05:30:00,3.5,2148.0,1513.25,0.25,0.5
T0050_02110,50,2024-08-01 06:15:00,2024-08-01 08:45:00,2.5,103.0,178.0,0.0,1.0
T0050_02111,50,2024-08-01 14:15:00,2024-08-01 15:00:00,0.75,155.0,115.75,0.25,
T0050_02112,50,2024-08-02 08:00:00,2024-08-02 23:15:00,15.25,534.0,3050.5,0.0,0.25
T0050_02113,50,2024-08-03 13:00:00,2024-08-03 15:15:00,2.25,107.0,228.0,0.0,
T0050_02114,50,2024-08-04 01:45:00,2024-08-04 04:45:00,3.0,3630.0,9913.75,0.25,
T0050_02115,50,2024-08-05 13:30:00,2024-08-05 14:15:00,0.75,58.0,39.75,0.5,
T0050_02116,50,2024-08-05 20:45:00,2024-08-05 22:30:00,1.75,1804.0,3154.5,0.0,
T0050_02117,50,2024-08-06 15:45:00,2024-08-06 16:45:00,1.0,611.0,575.0,0.5,
T0050_02118,50,2024-08-06 23:15:00,2024-08-07 01:15:00,2.0,95.0,189.5,0.25,
T0050_02119,50,2024-08-07 21:15:00,2024-08-07 23:30:00,2.25,180.0,396.75,0.0,
T0050_02120,50,2024-08-08 20:30:00,2024-08-08 22:15:00,1.75,100.0,170.25,0.0,
T0050_02121,50,2024-08-10 20:00:00,2024-08-10 21:30:00,1.5,53.0,78.25,1.25,
T0050_02122,50,2024-08-11 21:30:00,2024-08-11 23:15:00,1.75,776.0,1103.5,0.5,1.0
T0050_02123,50,2024-08-13 14:45:00,2024-08-14 06:45:00,16.0,1260.0,3830.75,11.75,0.25
T0050_02124,50,2024-08-14 21:15:00,2024-08-15 12:00:00,14.75,139.0,1307.5,1.5,2.5
T0050_02125,50,2024-08-16 13:30:00,2024-08-16 14:00:00,0.5,4073.0,2036.5,0.0,
T0050_02126,50,2024-08-16 16:00:00,2024-08-16 16:45:00,0.75,7351.0,3685.75,0.25,0.25
T0050_02127,50,2024-08-17 01:45:00,2024-08-17 03:00:00,1.25,1750.0,2187.5,0.0,
T0050_02128,50,2024-08-17 03:45:00,2024-08-17 05:45:00,2.0,1751.0,3501.25,0.75,
T0050_02129,50,2024-08-17 16:15:00,2024-08-17 19:00:00,2.75,202.0,472.75,1.0,1.25
T0050_02130,50,2024-08-20 14:00:00,2024-08-20 15:15:00,1.25,92.0,114.0,1.0,
T0050_02131,50,2024-08-23 08:45:00,2024-08-23 14:30:00,5.75,146.0,692.0,5.25,0.25
T0050_02132,50,2024-08-23 15:45:00,2024-08-23 17:30:00,1.75,73.0,119.5,0.0,1.5
T0050_02133,50,2024-08-23 20:45:00,2024-08-23 22:15:00,1.5,78.0,92.75,0.75,
T0050_02134,50,2024-08-26 22:30:00,2024-08-26 22:45:00,0.25,128.0,32.0,0.0,
T0050_02135,50,2024-08-27 21:30:00,2024-08-27 23:30:00,2.0,181.0,360.5,0.0,
T0050_02136,50,2024-08-29 18:45:00,2024-08-29 19:00:00,0.25,50.0,12.5,0.0,0.0
T0050_02137,50,2024-08-29 20:45:00,2024-08-30 00:45:00,4.0,314.0,274.25,0.0,0.75
T0050_02138,50,2024-09-01 10:30:00,2024-09-01 12:15:00,1.75,77.0,134.75,0.0,
T0050_02139,50,2024-09-01 15:30:00,2024-09-01 16:30:00,1.0,159.0,159.0,0.0,
T0050_02140,50,2024-09-01 17:30:00,2024-09-01 18:15:00,0.75,159.0,119.25,0.0,
T0050_02141,50,2024-09-05 06:00:00,2024-09-05 06:15:00,0.25,3273.0,818.25,0.0,
T0050_02142,50,2024-09-08 15:00:00,2024-09-08 18:45:00,3.75,156.0,583.5,0.5,
T0050_02143,50,2024-09-09 08:15:00,2024-09-09 10:15:00,2.0,52.0,102.25,0.75,
T0050_02144,50,2024-09-11 23:30:00,2024-09-12 00:45:00,1.25,4516.0,5285.25,0.25,
T0050_02145,50,2024-09-12 21:15:00,2024-09-12 21:45:00,0.5,2053.0,1021.5,0.25,
T0050_02146,50,2024-09-13 16:30:00,2024-09-13 17:30:00,1.0,140.0,140.0,0.0,
T0050_02147,50,2024-09-15 15:15:00,2024-09-15 23:30:00,8.25,1073.0,2309.75,0.5,0.25
T0050_02148,50,2024-09-16 13:30:00,2024-09-16 13:45:00,0.25,1003.0,250.75,0.0,
T0050_02149,50,2024-09-16 17:15:00,2024-09-16 19:15:00,2.0,105.0,139.0,1.25,
T0050_02150,50,2024-09-18 19:45:00,2024-09-18 20:15:00,0.5,390.0,195.0,0.0,
T0050_02151,50,2024-09-19 16:00:00,2024-09-19 16:45:00,0.75,125.0,93.25,0.25,
T0050_02152,50,2024-09-20 03:15:00,2024-09-20 04:00:00,0.75,3904.0,2927.25,0.25,
T0050_02153,50,2024-09-22 17:00:00,2024-09-22 17:30:00,0.5,63.0,31.25,0.0,
T0050_02154,50,2024-09-23 06:15:00,2024-09-23 08:30:00,2.25,131.0,192.0,0.0,
T0050_02155,50,2024-09-23 09:30:00,2024-09-23 10:45:00,1.25,120.0,150.0,0.0,
T0050_02156,50,2024-09-23 16:45:00,2024-09-23 18:45:00,2.0,256.0,203.5,0.0,0.75
T0050_02157,50,2024-09-24 01:45:00,2024-09-24 05:45:00,4.0,103.0,391.75,0.0,
T0050_02158,50,2024-09-25 00:45:00,2024-09-25 03:00:00,2.25,167.0,353.0,1.25,
T0050_02159,50,2024-09-25 07:15:00,2024-09-25 11:15:00,4.0,82.0,328.0,0.0,
T0050_02160,50,2024-09-26 15:30:00,2024-09-26 23:15:00,7.75,113.0,729.75,2.0,5.5
T0050_02161,50,2024-09-28 01:00:00,2024-09-28 07:15:00,6.25,1277.0,1419.25,3.5,0.75
T0050_02162,50,2024-09-28 14:15:00,2024-09-28 16:45:00,2.5,204.0,503.25,0.75,
T0050_02163,50,2024-09-30 15:00:00,2024-09-30 15:30:00,0.5,195.0,97.5,0.0,
T0050_02164,50,2024-10-01 16:00:00,2024-10-01 16:45:00,0.75,585.0,437.75,0.0,
T0050_02165,50,2024-10-02 13:00:00,2024-10-02 14:30:00,1.5,327.0,264.5,0.25,0.25
T0050_02166,50,2024-10-02 23:00:00,2024-10-03 00:00:00,1.0,53.0,53.0,0.0,
T0050_02167,50,2024-10-04 15:45:00,2024-10-04 16:30:00,0.75,148.0,111.0,0.0,
T0050_02168,50,2024-10-05 00:15:00,2024-10-05 01:45:00,1.5,133.0,199.5,0.0,
T0050_02169,50,2024-10-06 14:15:00,2024-10-06 16:30:00,2.25,3270.0,4687.0,1.5,
T0050_02170,50,2024-10-07 09:30:00,2024-10-07 16:00:00,6.5,192.0,1020.0,6.0,
T0050_02171,50,2024-10-11 14:45:00,2024-10-11 16:45:00,2.0,119.0,143.75,0.0,
T0050_02172,50,2024-10-13 20:45:00,2024-10-13 22:30:00,1.75,55.0,96.25,0.0,
T0050_02173,50,2024-10-14 02:45:00,2024-10-14 11:00:00,8.25,72.0,504.0,1.5,
T0050_02174,50,2024-10-15 02:00:00,2024-10-15 04:00:00,2.0,220.0,434.75,0.0,
T0050_02175,50,2024-10-15 08:00:00,2024-10-15 09:00:00,1.0,108.0,107.25,0.5,
T0050_02176,50,2024-10-22 14:45:00,2024-10-23 03:00:00,12.25,70.0,748.5,5.5,
T0050_02177,50,2024-10-23 15:30:00,2024-10-23 17:00:00,1.5,1081.0,1573.0,0.5,
T0050_02178,50,2024-10-26 05:45:00,2024-10-26 12:30:00,6.75,1077.0,7213.75,0.25,
T0050_02179,50,2024-10-26 18:00:00,2024-10-26 18:30:00,0.5,68.0,34.0,0.0,
T0050_02180,50,2024-10-27 22:00:00,2024-10-28 00:30:00,2.5,51.0,125.5,0.0,0.25
T0050_02181,50,2024-10-28 15:30:00,2024-10-28 20:45:00,5.25,236.0,1224.0,1.0,
T0050_02182,50,2024-11-04 17:30:00,2024-11-04 19:30:00,2.0,243.0,284.0,1.75,
T0050_02183,50,2024-11-06 13:45:00,2024-11-06 14:00:00,0.25,5719.0,1429.75,0.0,
T0050_02184,50,2024-11-07 19:15:00,2024-11-07 20:45:00,1.5,63.0,94.25,0.0,
T0050_02185,50,2024-11-08 12:30:00,2024-11-08 16:15:00,3.75,71.0,252.25,3.5,
T0050_02186,50,2024-11-09 03:45:00,2024-11-09 17:30:00,13.75,525.0,3144.75,12.75,0.25
T0050_02187,50,2024-11-09 22:15:00,2024-11-09 22:30:00,0.25,51.0,12.75,0.0,
T0050_02188,50,2024-11-12 16:30:00,2024-11-12 23:45:00,7.25,132.0,828.0,2.25,
T0050_02189,50,2024-11-14 16:30:00,2024-11-14 23:00:00,6.5,495.0,749.0,0.25,0.5
T0050_02190,50,2024-11-15 02:00:00,2024-11-15 04:30:00,2.5,81.0,202.5,0.0,
T0050_02191,50,2024-11-15 15:00:00,2024-11-16 00:15:00,9.25,165.0,1502.5,1.5,
T0050_02192,50,2024-11-17 19:15:00,2024-11-17 19:45:00,0.5,60.0,30.0,0.0,
T0050_02193,50,2024-11-18 16:45:00,2024-11-18 21:00:00,4.25,134.0,555.0,0.0,
T0050_02194,50,2024-11-19 16:30:00,2024-11-20 01:00:00,8.5,307.0,2546.0,4.25,1.5
T0050_02195,50,2024-11-22 18:00:00,2024-11-22 20:45:00,2.75,734.0,532.75,0.0,0.25
T0050_02196,50,2024-11-25 20:15:00,2024-11-25 21:00:00,0.75,1216.0,379.5,0.5,
T0050_02197,50,2024-11-27 04:15:00,2024-11-27 06:45:00,2.5,142.0,240.25,2.25,
T0050_02198,50,2024-11-27 18:45:00,2024-11-27 19:00:00,0.25,834.0,208.5,0.0,
T0050_02199,50,2024-11-29 17:00:00,2024-11-29 18:45:00,1.75,288.0,504.0,0.0,
T0050_02200,50,2024-12-03 00:15:00,2024-12-03 01:15:00,1.0,90.0,90.0,0.0,
T0050_02201,50,2024-12-03 15:00:00,2024-12-03 20:30:00,5.5,118.0,409.75,3.25,1.5
T0050_02202,50,2024-12-08 15:45:00,2024-12-08 16:15:00,0.5,102.0,50.5,0.25,
T0050_02203,50,2024-12-09 06:45:00,2024-12-09 08:30:00,1.75,53.0,92.75,0.0,
T0050_02204,50,2024-12-09 21:00:00,2024-12-09 23:00:00,2.0,95.0,186.0,1.25,
T0050_02205,50,2024-12-10 15:30:00,2024-12-10 16:30:00,1.0,3453.0,3438.25,0.0,
T0050_02206,50,2024-12-11 19:15:00,2024-12-11 21:15:00,2.0,1081.0,1365.0,0.0,1.75
T0050_02207,50,2024-12-11 22:45:00,2024-12-12 01:15:00,2.5,74.0,176.25,0.75,
T0050_02208,50,2024-12-16 05:00:00,2024-12-16 07:15:00,2.25,238.0,535.5,0.0,
T0050_02209,50,2024-12-16 17:30:00,2024-12-16 20:45:00,3.25,1030.0,668.75,0.0,0.75
T0050_02210,50,2024-12-17 16:15:00,2024-12-17 20:45:00,4.5,1726.0,1027.5,2.0,0.25
T0050_02211,50,2024-12-18 15:15:00,2024-12-18 22:30:00,7.25,340.0,1783.5,4.25,0.75
T0050_02212,50,2024-12-19 07:00:00,2024-12-19 11:45:00,4.75,86.0,397.5,4.25,
T0050_02213,50,2024-12-19 13:15:00,2024-12-19 15:45:00,2.5,106.0,249.75,2.0,
T0050_02214,50,2024-12-19 19:00:00,2024-12-19 20:30:00,1.5,3153.0,3745.0,1.25,
T0050_02215,50,2024-12-23 16:00:00,2024-12-23 16:30:00,0.5,362.0,179.25,0.25,
T0050_02216,50,2024-12-27 07:30:00,2024-12-27 12:15:00,4.75,184.0,874.0,0.0,
T0050_02217,50,2024-12-27 17:45:00,2024-12-27 18:30:00,0.75,487.0,351.0,0.0,
T0050_02218,50,2025-01-03 08:15:00,2025-01-03 11:15:00,3.0,59.0,167.0,1.75,
T0050_02219,50,2025-01-03 23:45:00,2025-01-04 02:00:00,2.25,78.0,133.5,0.0,0.75
T0050_02220,50,2025-01-05 10:00:00,2025-01-05 10:30:00,0.5,462.0,231.0,0.0,
T0050_02221,50,2025-01-06 00:15:00,2025-01-06 01:30:00,1.25,1182.0,1474.75,0.75,
T0050_02222,50,2025-01-06 15:30:00,2025-01-06 17:00:00,1.5,131.0,195.25,0.5,
T0050_02223,50,2025-01-08 17:15:00,2025-01-08 18:15:00,1.0,1395.0,1392.25,0.25,
T0050_02224,50,2025-01-09 19:15:00,2025-01-09 21:15:00,2.0,261.0,501.0,0.5,
T0050_02225,50,2025-01-10 18:30:00,2025-01-10 20:45:00,2.25,65.0,138.5,1.25,
T0050_02226,50,2025-01-11 18:45:00,2025-01-11 20:30:00,1.75,75.0,129.5,0.0,
T0050_02227,50,2025-01-12 22:45:00,2025-01-13 01:15:00,2.5,216.0,536.5,0.25,
T0050_02228,50,2025-01-14 15:45:00,2025-01-14 22:45:00,7.0,108.0,679.25,1.0,
T0050_02229,50,2025-01-15 19:30:00,2025-01-15 20:00:00,0.5,62.0,30.25,0.25,
T0050_02230,50,2025-01-17 06:30:00,2025-01-17 18:15:00,11.75,248.0,2657.0,9.25,
T0050_02231,50,2025-01-19 21:00:00,2025-01-19 21:15:00,0.25,55.0,13.75,0.0,
T0050_02232,50,2025-01-21 13:15:00,2025-01-21 16:00:00,2.75,192.0,519.0,0.25,
T0050_02233,50,2025-01-22 04:30:00,2025-01-22 05:45:00,1.25,201.0,246.25,0.0,
T0050_02234,50,2025-01-22 19:45:00,2025-01-22 20:15:00,0.5,939.0,259.25,0.0,0.25
T0050_02235,50,2025-01-23 19:45:00,2025-01-23 20:15:00,0.5,50.0,25.0,0.0,0.0
T0050_02236,50,2025-01-23 21:00:00,2025-01-24 03:00:00,6.0,940.0,3492.25,0.25,2.25
T0050_02237,50,2025-01-28 16:30:00,2025-01-29 00:30:00,8.0,111.0,482.25,5.5,1.25
T0050_02238,50,2025-02-01 10:00:00,2025-02-01 11:45:00,1.75,102.0,178.5,0.0,
T0050_02239,50,2025-02-01 18:45:00,2025-02-01 21:00:00,2.25,1560.0,3072.75,0.5,
T0050_02240,50,2025-02-02 21:15:00,2025-02-02 22:30:00,1.25,1601.0,1958.25,0.0,
T0050_02241,50,2025-02-03 03:15:00,2025-02-03 14:00:00,10.75,8660.0,16256.5,1.5,0.25
T0050_02242,50,2025-02-05 16:30:00,2025-02-05 20:00:00,3.5,65.0,199.75,1.0,
T0050_02243,50,2025-02-07 00:15:00,2025-02-07 01:45:00,1.5,728.0,739.0,1.0,
T0050_02244,50,2025-02-07 02:45:00,2025-02-07 03:00:00,0.25,240.0,60.0,0.0,
T0050_02245,50,2025-02-07 16:15:00,2025-02-07 21:30:00,5.25,121.0,595.75,5.0,
T0050_02246,50,2025-02-07 22:45:00,2025-02-08 01:15:00,2.5,91.0,174.25,0.0,
T0050_02247,50,2025-02-10 19:15:00,2025-02-10 21:15:00,2.0,640.0,554.75,0.0,1.25
T0050_02248,50,2025-02-12 16:00:00,2025-02-12 16:45:00,0.75,51.0,38.25,0.0,
T0050_02249,50,2025-02-15 21:00:00,2025-02-16 08:30:00,11.5,1007.0,3035.75,0.75,0.5
T0050_02250,50,2025-02-17 17:30:00,2025-02-17 18:30:00,1.0,92.0,91.25,0.0,
T0050_02251,50,2025-02-21 18:00:00,2025-02-21 18:15:00,0.25,79.0,19.75,0.0,
T0050_02252,50,2025-02-21 20:15:00,2025-02-21 21:30:00,1.25,71.0,87.5,0.0,
T0050_02253,50,2025-02-23 19:15:00,2025-02-23 20:00:00,0.75,69.0,50.0,0.0,
T0050_02254,50,2025-02-23 21:45:00,2025-02-23 23:15:00,1.5,175.0,261.5,0.25,
T0050_02255,50,2025-02-24 17:00:00,2025-02-24 21:30:00,4.5,56.0,237.5,3.5,
T0050_02256,50,2025-02-25 20:30:00,2025-02-25 22:00:00,1.5,62.0,85.5,0.0,
T0050_02257,50,2025-02-26 15:45:00,2025-02-26 22:30:00,6.75,103.0,680.25,4.0,
T0050_02258,50,2025-02-27 22:15:00,2025-02-27 23:45:00,1.5,84.0,114.25,1.0,
T0050_02259,50,2025-02-28 16:45:00,2025-02-28 22:45:00,6.0,61.0,348.0,3.5,
T0050_02260,50,2025-03-03 19:00:00,2025-03-03 19:30:00,0.5,88.0,44.0,0.0,
T0050_02261,50,2025-03-04 17:30:00,2025-03-04 20:15:00,2.75,63.0,165.75,0.5,
T0050_02262,50,2025-03-06 15:30:00,2025-03-06 21:45:00,6.25,119.0,559.5,1.25,
T0050_02263,50,2025-03-08 16:15:00,2025-03-08 19:45:00,3.5,91.0,296.25,0.5,
T0050_02264,50,2025-03-09 19:45:00,2025-03-10 08:15:00,12.5,1233.0,6646.75,0.25,3.5
T0050_02265,50,2025-03-10 19:45:00,2025-03-10 21:00:00,1.25,731.0,913.25,0.0,
T0050_02266,50,2025-03-11 14:15:00,2025-03-11 20:30:00,6.25,4111.0,6044.5,3.0,0.75
T0050_02267,50,2025-03-13 14:00:00,2025-03-14 00:15:00,10.25,249.0,1468.25,2.0,3.5
T0050_02268,50,2025-03-15 19:45:00,2025-03-15 21:00:00,1.25,78.0,94.75,0.0,
T0050_02269,50,2025-03-16 02:45:00,2025-03-16 04:45:00,2.0,3913.0,7824.5,1.5,
T0050_02270,50,2025-03-16 21:00:00,2025-03-16 22:15:00,1.25,52.0,65.0,0.0,
T0050_02271,50,2025-03-17 02:15:00,2025-03-17 03:30:00,1.25,261.0,325.25,0.0,
T0050_02272,50,2025-03-17 05:15:00,2025-03-17 18:00:00,12.75,5417.0,11280.25,11.0,
T0050_02273,50,2025-03-17 20:15:00,2025-03-17 22:30:00,2.25,3212.0,2514.0,0.25,0.5
T0050_02274,50,2025-03-18 01:45:00,2025-03-18 09:00:00,7.25,401.0,2660.25,6.75,
T0050_02275,50,2025-03-18 12:00:00,2025-03-18 12:30:00,0.5,53.0,26.5,0.0,
T0050_02276,50,2025-03-19 02:30:00,2025-03-19 03:00:00,0.5,68.0,34.0,0.0,
T0050_02277,50,2025-03-19 19:30:00,2025-03-20 05:30:00,10.0,503.0,620.5,0.25,0.25
T0050_02278,50,2025-03-20 23:30:00,2025-03-21 01:00:00,1.5,1737.0,2600.0,0.75,
T0050_02279,50,2025-03-24 04:45:00,2025-03-24 06:15:00,1.5,4219.0,1421.0,1.25,
T0050_02280,50,2025-03-24 11:15:00,2025-03-24 14:00:00,2.75,3137.0,8623.75,0.5,
T0050_02281,50,2025-03-24 16:00:00,2025-03-24 20:45:00,4.75,750.0,1485.5,0.5,0.25
T0050_02282,50,2025-03-25 09:45:00,2025-03-25 10:00:00,0.25,160.0,40.0,0.0,
T0050_02283,50,2025-03-26 12:15:00,2025-03-26 12:45:00,0.5,465.0,232.5,0.0,
T0050_02284,50,2025-03-26 14:45:00,2025-03-26 22:15:00,7.5,114.0,789.25,0.5,
T0050_02285,50,2025-03-27 17:15:00,2025-03-27 18:30:00,1.25,57.0,68.75,1.0,
T0050_02286,50,2025-03-28 14:30:00,2025-03-28 22:30:00,8.0,329.0,1614.5,0.75,5.5
T0050_02287,50,2025-03-29 17:30:00,2025-03-29 18:45:00,1.25,611.0,762.25,0.0,
T0050_02288,50,2025-03-30 05:45:00,2025-03-30 07:15:00,1.5,56.0,84.0,0.0,
T0050_02289,50,2025-03-30 10:00:00,2025-03-30 23:45:00,13.75,471.0,3057.25,6.75,3.25
T0050_02290,50,2025-03-31 16:00:00,2025-03-31 16:15:00,0.25,50.0,12.5,0.0,0.0
T0050_02291,50,2025-04-01 14:30:00,2025-04-01 19:00:00,4.5,96.0,423.5,0.5,
T0050_02292,50,2025-04-01 21:30:00,2025-04-01 22:30:00,1.0,4625.0,4309.0,0.5,
T0050_02293,50,2025-04-02 06:45:00,2025-04-02 10:30:00,3.75,140.0,518.5,0.0,
T0050_02294,50,2025-04-03 14:15:00,2025-04-03 17:15:00,3.0,60.0,174.0,0.5,
T0050_02295,50,2025-04-05 13:15:00,2025-04-05 19:30:00,6.25,1426.0,6174.5,1.0,2.5
T0050_02296,50,2025-04-06 15:45:00,2025-04-07 03:45:00,12.0,2012.0,3021.0,0.25,0.5
T0050_02297,50,2025-04-07 11:45:00,2025-04-07 12:00:00,0.25,430.0,107.5,0.0,
T0050_02298,50,2025-04-08 21:45:00,2025-04-08 22:30:00,0.75,150.0,112.5,0.0,
T0050_02299,50,2025-04-09 10:15:00,2025-04-09 11:00:00,0.75,3902.0,1951.0,0.0,
T0050_02300,50,2025-04-09 16:15:00,2025-04-09 16:45:00,0.5,50.0,25.0,0.0,0.0
T0050_02301,50,2025-04-10 15:30:00,2025-04-10 19:45:00,4.25,101.0,325.75,1.5,
T0050_02302,50,2025-04-11 14:45:00,2025-04-11 21:00:00,6.25,304.0,1345.0,0.25,
T0050_02303,50,2025-04-14 17:15:00,2025-04-14 23:45:00,6.5,153.0,948.0,4.5,
T0050_02304,50,2025-04-15 17:15:00,2025-04-15 18:00:00,0.75,50.0,25.0,0.0,0.0
T0050_02305,50,2025-04-16 14:30:00,2025-04-16 16:30:00,2.0,57.0,111.5,1.25,
T0050_02306,50,2025-04-17 15:00:00,2025-04-17 21:30:00,6.5,56.0,355.0,1.0,
T0050_02307,50,2025-04-18 09:15:00,2025-04-18 10:00:00,0.75,57.0,42.75,0.0,
T0050_02308,50,2025-04-19 19:30:00,2025-04-19 21:45:00,2.25,111.0,249.75,0.0,
T0050_02309,50,2025-04-20 15:30:00,2025-04-20 16:00:00,0.5,127.0,63.25,0.0,
T0050_02310,50,2025-04-21 21:30:00,2025-04-21 22:00:00,0.5,51.0,25.5,0.0,
T0050_02311,50,2025-04-22 15:45:00,2025-04-22 17:15:00,1.5,85.0,115.5,1.0,
T0050_02312,50,2025-04-23 12:45:00,2025-04-23 13:00:00,0.25,106.0,26.5,0.0,
T0050_02313,50,2025-04-23 15:30:00,2025-04-23 15:45:00,0.25,65.0,16.25,0.0,
T0050_02314,50,2025-04-23 18:00:00,2025-04-23 20:15:00,2.25,59.0,124.25,1.0,
T0050_02315,50,2025-04-24 19:30:00,2025-04-24 19:45:00,0.25,191.0,47.75,0.0,
T0050_02316,50,2025-04-26 01:30:00,2025-04-26 03:30:00,2.0,2219.0,4422.0,0.25,
T0050_02317,50,2025-04-30 16:15:00,2025-04-30 17:15:00,1.0,52.0,51.5,0.25,
T0050_02318,50,2025-05-01 16:30:00,2025-05-01 20:15:00,3.75,4567.0,3147.0,1.75,0.25
T0050_02319,50,2025-05-02 15:15:00,2025-05-02 20:30:00,5.25,746.0,1122.75,2.0,0.25
T0050_02320,50,2025-05-04 14:30:00,2025-05-04 15:00:00,0.5,491.0,245.5,0.0,
T0050_02321,50,2025-05-07 14:30:00,2025-05-07 19:15:00,4.75,64.0,285.0,2.0,
T0050_02322,50,2025-05-08 14:30:00,2025-05-08 20:45:00,6.25,89.0,545.75,5.0,
T0050_02323,50,2025-05-13 15:00:00,2025-05-13 23:15:00,8.25,108.0,793.0,1.75,
T0050_02324,50,2025-05-14 17:45:00,2025-05-14 18:45:00,1.0,1111.0,1104.25,0.0,
T0050_02325,50,2025-05-15 13:45:00,2025-05-15 23:45:00,10.0,628.0,2243.75,0.75,0.5
T0050_02326,50,2025-05-16 01:00:00,2025-05-16 01:30:00,0.5,90.0,45.0,0.0,
T0050_02327,50,2025-05-16 15:45:00,2025-05-16 17:45:00,2.0,54.0,104.0,0.0,
T0050_02328,50,2025-05-21 14:00:00,2025-05-21 19:45:00,5.75,109.0,614.25,2.75,
T0050_02329,50,2025-05-23 21:45:00,2025-05-23 22:30:00,0.75,547.0,303.75,0.25,
T0050_02330,50,2025-05-25 14:45:00,2025-05-25 15:30:00,0.75,1002.0,611.75,0.0,0.5
T0050_02331,50,2025-05-26 04:00:00,2025-05-26 16:30:00,12.5,2505.0,10517.5,1.5,3.0
T0050_02332,50,2025-05-26 20:45:00,2025-05-27 00:45:00,4.0,938.0,2489.5,0.0,
T0050_02333,50,2025-05-27 17:15:00,2025-05-27 19:15:00,2.0,433.0,561.25,0.5,
T0050_02334,50,2025-05-28 13:45:00,2025-05-28 16:15:00,2.5,5361.0,5497.75,1.25,1.0
T0050_02335,50,2025-06-02 16:45:00,2025-06-02 17:30:00,0.75,76.0,50.25,0.0,
T0050_02336,50,2025-06-03 03:00:00,2025-06-03 05:00:00,2.0,52.0,102.5,0.75,
T0050_02337,50,2025-06-03 14:30:00,2025-06-03 19:30:00,5.0,350.0,1051.5,2.5,
T0050_02338,50,2025-06-05 03:15:00,2025-06-05 05:00:00,1.75,119.0,106.25,0.0,0.25
T0050_02339,50,2025-06-07 04:15:00,2025-06-07 22:45:00,18.5,71.0,1163.0,13.5,
T0050_02340,50,2025-06-10 15:00:00,2025-06-10 22:30:00,7.5,236.0,1635.0,4.25,
T0050_02341,50,2025-06-11 02:00:00,2025-06-11 02:45:00,0.75,4129.0,3096.25,0.25,
T0050_02342,50,2025-06-12 17:00:00,2025-06-12 18:00:00,1.0,57.0,56.75,0.0,
T0050_02343,50,2025-06-13 22:30:00,2025-06-13 23:45:00,1.25,444.0,555.0,0.0,
T0050_02344,50,2025-06-14 16:15:00,2025-06-14 18:00:00,1.75,103.0,179.25,0.0,
T0050_02345,50,2025-06-17 16:45:00,2025-06-17 22:15:00,5.5,99.0,369.5,5.0,
T0050_02346,50,2025-06-17 23:15:00,2025-06-18 00:15:00,1.0,56.0,55.25,0.5,
T0050_02347,50,2025-06-18 16:00:00,2025-06-18 21:45:00,5.75,61.0,321.25,4.0,
T0050_02348,50,2025-06-19 12:45:00,2025-06-19 16:15:00,3.5,196.0,625.0,3.25,
T0050_02349,50,2025-06-20 01:15:00,2025-06-20 01:45:00,0.5,161.0,80.5,0.0,
T0050_02350,50,2025-06-20 04:15:00,2025-06-20 05:15:00,1.0,177.0,176.5,0.0,
T0050_02351,50,2025-06-20 06:00:00,2025-06-20 09:15:00,3.25,456.0,792.0,2.0,0.25
T0050_02352,50,2025-06-20 11:15:00,2025-06-20 11:30:00,0.25,318.0,79.5,0.0,
T0050_02353,50,2025-06-20 13:45:00,2025-06-20 22:15:00,8.5,455.0,2772.75,1.5,
T0050_02354,50,2025-06-21 00:15:00,2025-06-21 00:30:00,0.25,156.0,39.0,0.0,
T0050_02355,50,2025-06-21 01:30:00,2025-06-21 01:45:00,0.25,76.0,19.0,0.0,
T0050_02356,50,2025-06-21 14:15:00,2025-06-21 16:15:00,2.0,81.0,159.5,0.75,
T0050_02357,50,2025-06-21 17:30:00,2025-06-21 19:15:00,1.75,196.0,307.5,0.0,
T0050_02358,50,2025-06-21 23:45:00,2025-06-22 00:00:00,0.25,168.0,42.0,0.0,
T0050_02359,50,2025-06-22 02:30:00,2025-06-22 04:45:00,2.25,1605.0,1268.75,0.25,1.0
T0050_02360,50,2025-06-24 10:15:00,2025-06-24 11:15:00,1.0,75.0,75.0,0.0,
T0050_02361,50,2025-06-24 14:15:00,2025-06-24 20:45:00,6.5,258.0,1506.75,6.0,
T0050_02362,50,2025-06-26 00:45:00,2025-06-26 02:30:00,1.75,160.0,152.75,1.25,
T0050_02363,50,2025-06-26 14:45:00,2025-06-26 19:45:00,5.0,2513.0,937.75,1.0,0.25
T0050_02364,50,2025-06-26 23:00:00,2025-06-27 10:45:00,11.75,58.0,660.25,1.5,
T0050_02365,50,2025-06-29 09:30:00,2025-06-29 11:15:00,1.75,54.0,93.5,1.0,
T0050_02366,50,2025-06-29 22:00:00,2025-06-29 23:15:00,1.25,1747.0,2183.75,0.0,
T0050_02367,50,2025-06-30 03:30:00,2025-06-30 06:00:00,2.5,65.0,162.5,0.0,
T0050_02368,50,2025-06-30 13:15:00,2025-06-30 16:00:00,2.75,136.0,327.0,1.5,
T0050_02369,50,2025-07-05 23:15:00,2025-07-06 02:45:00,3.5,650.0,1603.0,1.5,1.0
T0050_02370,50,2025-07-09 08:00:00,2025-07-09 12:00:00,4.0,155.0,620.0,0.0,
T0050_02371,50,2025-07-10 15:45:00,2025-07-10 18:45:00,3.0,68.0,164.75,0.5,
T0050_02372,50,2025-07-10 20:00:00,2025-07-10 23:45:00,3.75,213.0,726.0,0.0,
T0050_02373,50,2025-07-11 14:30:00,2025-07-11 15:15:00,0.75,185.0,138.5,0.0,
T0050_02374,50,2025-07-11 16:15:00,2025-07-11 16:30:00,0.25,127.0,31.75,0.0,
T0050_02375,50,2025-07-12 00:45:00,2025-07-12 01:15:00,0.5,89.0,44.0,0.25,
T0050_02376,50,2025-07-12 06:00:00,2025-07-12 08:00:00,2.0,146.0,263.0,0.25,
T0050_02377,50,2025-07-14 23:30:00,2025-07-15 09:00:00,9.5,3410.0,6955.5,0.0,1.5
T0050_02378,50,2025-07-15 14:30:00,2025-07-15 21:15:00,6.75,207.0,1046.5,2.75,2.5
T0050_02379,50,2025-07-16 04:30:00,2025-07-16 05:45:00,1.25,89.0,109.25,0.0,
T0050_02380,50,2025-07-16 14:00:00,2025-07-16 20:30:00,6.5,208.0,764.75,0.5,0.5
T0050_02381,50,2025-07-17 12:45:00,2025-07-17 13:00:00,0.25,53.0,13.25,0.0,
T0050_02382,50,2025-07-17 15:30:00,2025-07-17 18:45:00,3.25,109.0,254.25,2.5,
T0050_02383,50,2025-07-18 03:30:00,2025-07-18 03:45:00,0.25,500.0,125.0,0.0,
T0050_02384,50,2025-07-18 15:15:00,2025-07-18 15:45:00,0.5,67.0,30.5,0.25,
T0050_02385,50,2025-07-18 17:30:00,2025-07-18 19:15:00,1.75,51.0,88.25,0.0,0.75
T0050_02386,50,2025-07-22 14:15:00,2025-07-22 17:45:00,3.5,59.0,192.75,0.0,
T0050_02387,50,2025-07-23 16:15:00,2025-07-23 23:00:00,6.75,165.0,794.0,2.0,3.25
T0050_02388,50,2025-07-24 15:45:00,2025-07-24 21:45:00,6.0,109.0,530.5,1.75,
T0050_02389,50,2025-07-25 13:45:00,2025-07-25 14:30:00,0.75,62.0,45.75,0.0,
T0050_02390,50,2025-07-26 14:15:00,2025-07-26 15:00:00,0.75,435.0,309.5,0.25,
T0050_02391,50,2025-07-26 19:15:00,2025-07-26 20:30:00,1.25,2164.0,2704.5,0.25,
T0050_02392,50,2025-07-27 11:30:00,2025-07-27 14:15:00,2.75,61.0,167.0,0.75,
T0050_02393,50,2025-07-27 19:45:00,2025-07-28 00:30:00,4.75,75.0,348.0,4.5,
T0050_02394,50,2025-07-28 13:00:00,2025-07-28 15:00:00,2.0,76.0,137.5,1.5,
T0050_02395,50,2025-07-29 14:45:00,2025-07-30 02:45:00,12.0,125.0,1002.5,2.25,
T0050_02396,50,2025-07-31 19:45:00,2025-07-31 20:00:00,0.25,156.0,39.0,0.0,
T0050_02397,50,2025-08-02 22:15:00,2025-08-03 00:15:00,2.0,1123.0,393.75,1.75,
T0050_02398,50,2025-08-04 02:30:00,2025-08-04 07:00:00,4.5,285.0,761.0,4.25,
T0050_02399,50,2025-08-04 12:45:00,2025-08-04 16:30:00,3.75,266.0,407.5,3.0,
T0050_02400,50,2025-08-05 00:15:00,2025-08-05 07:15:00,7.0,2435.0,2764.0,1.5,0.5
T0050_02401,50,2025-08-05 18:45:00,2025-08-05 19:00:00,0.25,161.0,40.25,0.0,
T0050_02402,50,2025-08-05 23:45:00,2025-08-06 02:15:00,2.5,86.0,215.0,0.0,
T0050_02403,50,2025-08-07 00:00:00,2025-08-07 00:45:00,0.75,58.0,41.5,0.5,
T0050_02404,50,2025-08-07 01:30:00,2025-08-07 03:15:00,1.75,58.0,96.25,0.5,
T0050_02405,50,2025-08-07 09:45:00,2025-08-07 11:00:00,1.25,1712.0,2140.0,0.0,
T0050_02406,50,2025-08-07 17:15:00,2025-08-07 17:30:00,0.25,63.0,15.75,0.0,
T0050_02407,50,2025-08-08 09:30:00,2025-08-08 10:15:00,0.75,64.0,48.0,0.0,
T0050_02408,50,2025-08-09 15:15:00,2025-08-09 16:15:00,1.0,51.0,51.0,0.0,
T0050_02409,50,2025-08-11 01:30:00,2025-08-11 03:00:00,1.5,62.0,86.0,0.25,
T0050_02410,50,2025-08-11 13:30:00,2025-08-11 14:30:00,1.0,364.0,238.75,0.0,0.5
T0050_02411,50,2025-08-11 16:45:00,2025-08-11 17:15:00,0.5,1764.0,880.25,0.25,
T0050_02412,50,2025-08-12 12:45:00,2025-08-12 15:00:00,2.25,135.0,177.25,0.0,0.5
T0050_02413,50,2025-08-13 00:30:00,2025-08-13 00:45:00,0.25,138.0,34.5,0.0,
T0050_02414,50,2025-08-13 03:15:00,2025-08-13 10:00:00,6.75,507.0,3389.0,0.5,
T0050_02415,50,2025-08-13 15:45:00,2025-08-13 18:15:00,2.5,122.0,283.75,0.5,
T0050_02416,50,2025-08-13 21:00:00,2025-08-13 22:00:00,1.0,1847.0,1846.25,0.0,
T0050_02417,50,2025-08-14 09:30:00,2025-08-14 19:15:00,9.75,438.0,1681.5,1.75,3.25
T0050_02418,50,2025-08-14 21:45:00,2025-08-14 23:45:00,2.0,220.0,374.5,1.0,
T0050_02419,50,2025-08-16 00:15:00,2025-08-16 10:45:00,10.5,344.0,2456.75,4.5,
T0050_02420,50,2025-08-16 11:45:00,2025-08-16 12:00:00,0.25,115.0,28.75,0.0,
T0050_02421,50,2025-08-16 13:45:00,2025-08-17 02:45:00,13.0,120.0,1357.75,5.75,
T0050_02422,50,2025-08-18 11:00:00,2025-08-18 20:00:00,9.0,60.0,480.0,4.5,2.25
T0050_02423,50,2025-08-20 14:15:00,2025-08-20 20:00:00,5.75,1247.0,1203.5,3.25,0.25
T0050_02424,50,2025-08-21 01:00:00,2025-08-21 04:15:00,3.25,2206.0,7141.75,0.0,
T0050_02425,50,2025-08-21 10:15:00,2025-08-21 11:30:00,1.25,259.0,323.75,0.0,
T0050_02426,50,2025-08-21 13:15:00,2025-08-22 04:00:00,14.75,78.0,871.5,9.0,
T0050_02427,50,2025-08-23 16:15:00,2025-08-23 19:00:00,2.75,2219.0,5480.5,1.0,
T0050_02428,50,2025-08-24 16:30:00,2025-08-24 20:45:00,4.25,987.0,987.25,4.0,
T0050_02429,50,2025-08-25 11:15:00,2025-08-25 11:30:00,0.25,70.0,17.5,0.0,
T0050_02430,50,2025-08-25 17:45:00,2025-08-25 19:00:00,1.25,154.0,183.5,0.5,
T0050_02431,50,2025-08-26 15:00:00,2025-08-26 18:45:00,3.75,140.0,345.25,2.0,
T0050_02432,50,2025-08-26 22:45:00,2025-08-27 00:30:00,1.75,63.0,101.25,0.0,1.25
T0050_02433,50,2025-08-27 16:15:00,2025-08-27 17:15:00,1.0,56.0,54.0,0.0,0.75
T0050_02434,50,2025-08-28 14:30:00,2025-08-28 17:30:00,3.0,3345.0,4931.5,1.0,0.25
T0050_02435,50,2025-08-30 00:00:00,2025-08-30 00:15:00,0.25,98.0,24.5,0.0,
T0050_02436,50,2025-09-01 13:15:00,2025-09-01 14:30:00,1.25,287.0,358.75,0.0,
T0050_02437,50,2025-09-04 13:00:00,2025-09-04 14:15:00,1.25,392.0,489.0,1.0,
T0050_02438,50,2025-09-08 17:15:00,2025-09-09 01:45:00,8.5,118.0,850.5,0.0,
T0050_02439,50,2025-09-09 16:15:00,2025-09-10 00:15:00,8.0,361.0,1623.5,7.25,0.25
T0050_02440,50,2025-09-10 15:00:00,2025-09-10 15:15:00,0.25,146.0,36.5,0.0,
T0050_02441,50,2025-09-12 08:45:00,2025-09-12 11:15:00,2.5,87.0,217.5,0.0,
T0050_02442,50,2025-09-12 14:45:00,2025-09-12 19:00:00,4.25,177.0,441.75,1.0,1.0
T0050_02443,50,2025-09-15 13:00:00,2025-09-15 15:00:00,2.0,111.0,138.5,0.0,
T0050_02444,50,2025-09-15 18:30:00,2025-09-15 20:15:00,1.75,112.0,195.5,0.25,
T0050_02445,50,2025-09-15 21:00:00,2025-09-15 21:15:00,0.25,52.0,13.0,0.0,
T0050_02446,50,2025-09-16 05:00:00,2025-09-16 05:45:00,0.75,52.0,39.0,0.0,
T0050_02447,50,2025-09-16 15:00:00,2025-09-16 20:15:00,5.25,177.0,743.0,0.75,
T0050_02448,50,2025-09-17 03:30:00,2025-09-17 05:15:00,1.75,3596.0,6257.0,0.25,
T0050_02449,50,2025-09-17 06:00:00,2025-09-17 08:45:00,2.75,784.0,932.0,0.0,1.25
T0050_02450,50,2025-09-17 17:30:00,2025-09-17 18:00:00,0.5,150.0,75.0,0.0,
T0050_02451,50,2025-09-19 03:45:00,2025-09-19 05:30:00,1.75,96.0,168.0,0.0,
T0050_02452,50,2025-09-20 14:45:00,2025-09-20 21:30:00,6.75,637.0,2792.25,3.0,2.25
T0050_02453,50,2025-09-21 09:15:00,2025-09-21 12:00:00,2.75,75.0,206.25,0.0,
T0050_02454,50,2025-09-22 16:45:00,2025-09-22 17:15:00,0.5,3626.0,1810.75,0.0,
T0050_02455,50,2025-09-23 10:45:00,2025-09-23 12:30:00,1.75,86.0,149.25,1.0,
T0050_02456,50,2025-09-24 13:30:00,2025-09-24 16:30:00,3.0,670.0,1172.5,1.75,1.0
T0050_02457,50,2025-09-24 19:30:00,2025-09-24 20:00:00,0.5,59.0,29.25,0.25,
T0050_02458,50,2025-09-25 16:15:00,2025-09-25 17:00:00,0.75,100.0,74.5,0.25,
T0050_02459,50,2025-09-25 22:30:00,2025-09-26 02:00:00,3.5,3581.0,3949.5,2.0,1.0
T0050_02460,50,2025-09-27 21:15:00,2025-09-27 23:45:00,2.5,96.0,236.0,0.5,
T0050_02461,50,2025-09-28 12:15:00,2025-09-28 13:45:00,1.5,2986.0,3999.0,0.25,1.0
T0050_02462,50,2025-09-30 15:30:00,2025-09-30 19:15:00,3.75,4652.0,4206.25,1.5,0.75
T0050_02463,50,2025-09-30 20:45:00,2025-09-30 21:00:00,0.25,50.0,12.5,0.0,0.0
T0050_02464,50,2025-10-01 16:15:00,2025-10-02 12:15:00,20.0,295.0,2760.0,4.0,3.25
T0050_02465,50,2025-10-02 17:00:00,2025-10-02 21:15:00,4.25,119.0,399.5,2.5,
T0050_02466,50,2025-10-04 14:00:00,2025-10-04 16:15:00,2.25,168.0,318.25,1.25,
T0050_02467,50,2025-10-04 21:15:00,2025-10-04 23:45:00,2.5,2205.0,5500.75,0.0,
T0050_02468,50,2025-10-05 01:00:00,2025-10-05 03:00:00,2.0,55.0,108.25,0.25,
T0050_02469,50,2025-10-07 05:30:00,2025-10-07 08:15:00,2.75,447.0,985.75,0.0,
T0050_02470,50,2025-10-07 14:30:00,2025-10-07 21:30:00,7.0,129.0,833.0,0.25,
T0050_02471,50,2025-10-08 15:45:00,2025-10-08 20:30:00,4.75,107.0,377.5,1.0,
T0050_02472,50,2025-10-09 04:15:00,2025-10-09 13:00:00,8.75,756.0,6106.25,1.5,
T0050_02473,50,2025-10-10 17:30:00,2025-10-10 18:30:00,1.0,104.0,104.0,0.0,
T0050_02474,50,2025-10-11 23:00:00,2025-10-12 01:45:00,2.75,804.0,757.0,0.0,0.75
T0050_02475,50,2025-10-12 20:30:00,2025-10-12 22:45:00,2.25,59.0,128.25,2.0,
T0050_02476,50,2025-10-16 19:30:00,2025-10-16 20:15:00,0.75,99.0,74.25,0.0,
T0050_02477,50,2025-10-19 14:45:00,2025-10-19 15:45:00,1.0,151.0,150.75,0.0,
T0050_02478,50,2025-10-20 16:00:00,2025-10-20 21:15:00,5.25,2466.0,2696.5,0.0,1.25
T0050_02479,50,2025-10-22 16:15:00,2025-10-22 20:15:00,4.0,370.0,919.25,0.0,3.25
T0050_02480,50,2025-10-22 23:15:00,2025-10-23 00:00:00,0.75,671.0,502.75,0.0,
T0050_02481,50,2025-10-23 14:00:00,2025-10-23 14:45:00,0.75,1791.0,1337.75,0.5,
T0050_02482,50,2025-10-23 17:45:00,2025-10-23 19:15:00,1.5,206.0,294.5,0.0,
T0050_02483,50,2025-10-24 15:30:00,2025-10-24 16:00:00,0.5,84.0,42.0,0.0,
T0050_02484,50,2025-10-27 18:00:00,2025-10-27 21:45:00,3.75,4377.0,6170.25,1.0,1.75
T0050_02485,50,2025-10-28 15:45:00,2025-10-28 21:45:00,6.0,312.0,1449.75,2.0,3.25
T0050_02486,50,2025-10-30 15:00:00,2025-10-30 15:30:00,0.5,161.0,80.25,0.0,
T0050_02487,50,2025-10-30 16:15:00,2025-10-30 16:30:00,0.25,51.0,12.75,0.0,
T0050_02488,50,2025-10-30 19:00:00,2025-10-30 19:15:00,0.25,52.0,13.0,0.0,
T0050_02489,50,2025-11-02 02:00:00,2025-11-02 02:15:00,0.25,53.0,13.25,0.0,
T0050_02490,50,2025-11-02 03:00:00,2025-11-02 03:15:00,0.25,50.0,12.5,0.0,0.0
T0050_02491,50,2025-11-02 17:00:00,2025-11-02 17:45:00,0.75,3253.0,2438.75,0.25,
T0050_02492,50,2025-11-03 10:15:00,2025-11-03 11:45:00,1.5,2422.0,3631.75,0.0,
T0050_02493,50,2025-11-04 17:45:00,2025-11-04 18:00:00,0.25,57.0,14.25,0.0,
T0050_02494,50,2025-11-04 21:15:00,2025-11-04 21:30:00,0.25,52.0,13.0,0.0,
T0050_02495,50,2025-11-05 15:45:00,2025-11-05 18:45:00,3.0,353.0,653.5,1.0,
T0050_02496,50,2025-11-06 13:15:00,2025-11-07 00:15:00,11.0,976.0,5395.75,7.5,1.0
T0050_02497,50,2025-11-07 03:00:00,2025-11-07 20:45:00,17.75,1302.0,8674.0,0.5,1.25
T0050_02498,50,2025-11-08 08:00:00,2025-11-08 14:45:00,6.75,1084.0,893.75,6.5,
T0050_02499,50,2025-11-10 16:45:00,2025-11-10 18:00:00,1.25,55.0,66.75,1.0,
T0050_02500,50,2025-11-11 00:00:00,2025-11-11 01:00:00,1.0,212.0,210.25,0.75,
T0050_02501,50,2025-11-11 04:00:00,2025-11-11 10:00:00,6.0,3205.0,6887.5,0.25,1.75
T0050_02502,50,2025-11-12 15:00:00,2025-11-12 22:00:00,7.0,727.0,1173.0,1.25,0.25
T0050_02503,50,2025-11-13 16:45:00,2025-11-13 23:15:00,6.5,1550.0,1455.0,5.5,0.5
T0050_02504,50,2025-11-14 15:00:00,2025-11-14 20:45:00,5.75,399.0,868.0,2.25,0.75
T0050_02505,50,2025-11-18 19:15:00,2025-11-18 19:45:00,0.5,53.0,26.25,0.0,
T0050_02506,50,2025-11-19 16:30:00,2025-11-19 16:45:00,0.25,436.0,109.0,0.0,
T0050_02507,50,2025-11-29 02:45:00,2025-11-29 04:30:00,1.75,69.0,120.0,0.0,
T0050_02508,50,2025-12-02 02:15:00,2025-12-02 03:00:00,0.75,1212.0,908.5,0.25,
T0050_02509,50,2025-12-02 14:45:00,2025-12-02 16:15:00,1.5,82.0,115.5,1.25,
T0050_02510,50,2025-12-04 21:30:00,2025-12-04 22:15:00,0.75,58.0,43.5,0.0,
T0050_02511,50,2025-12-05 15:30:00,2025-12-05 18:00:00,2.5,134.0,155.5,2.25,
T0050_02512,50,2025-12-06 16:15:00,2025-12-06 18:45:00,2.5,287.0,361.0,2.0,
T0050_02513,50,2025-12-06 21:15:00,2025-12-06 22:00:00,0.75,2437.0,1827.75,0.0,
T0050_02514,50,2025-12-08 09:00:00,2025-12-08 13:15:00,4.25,316.0,982.75,1.75,
T0050_02515,50,2025-12-09 05:45:00,2025-12-09 07:15:00,1.5,379.0,284.75,1.25,
T0050_02516,50,2025-12-09 15:45:00,2025-12-11 01:45:00,34.0,3395.0,37088.75,7.0,0.5
T0050_02517,50,2025-12-11 08:00:00,2025-12-11 11:45:00,3.75,236.0,838.0,3.25,
T0050_02518,50,2025-12-11 15:00:00,2025-12-12 00:45:00,9.75,3414.0,15016.0,5.0,0.75
T0050_02519,50,2025-12-12 18:15:00,2025-12-12 19:30:00,1.25,3194.0,1700.25,0.25,0.25
T0050_02520,50,2025-12-13 03:15:00,2025-12-13 03:45:00,0.5,139.0,69.25,0.0,
T0050_02521,50,2025-12-13 10:00:00,2025-12-13 12:00:00,2.0,78.0,155.75,0.25,
T0050_02522,50,2025-12-14 16:30:00,2025-12-14 19:30:00,3.0,80.0,240.0,0.0,
T0050_02523,50,2025-12-15 16:15:00,2025-12-15 22:45:00,6.5,881.0,1101.75,3.75,0.5
T0050_02524,50,2025-12-16 10:30:00,2025-12-16 13:30:00,3.0,254.0,762.0,0.0,
T0050_02525,50,2025-12-17 17:15:00,2025-12-23 22:30:00,149.25,60021.0,2359698.5,6.75,16.5
T0050_02526,50,2025-12-24 00:00:00,2025-12-24 00:45:00,0.75,118.0,88.25,0.25,
T0050_02527,50,2025-12-24 02:00:00,2025-12-24 02:15:00,0.25,70.0,17.5,0.0,
T0050_02528,50,2025-12-24 22:00:00,2025-12-25 03:45:00,5.75,74.0,390.75,0.0,
T0050_02529,50,2025-12-27 16:15:00,2025-12-27 17:45:00,1.5,6508.0,7108.75,0.0,1.0
T0050_02530,50,2025-12-28 13:45:00,2025-12-28 15:00:00,1.25,2441.0,2430.75,0.25,
T0050_02531,50,2025-12-28 17:45:00,2025-12-28 23:30:00,5.75,189.0,926.5,2.75,
T0050_02532,50,2025-12-29 00:30:00,2025-12-29 02:30:00,2.0,2630.0,2439.25,0.5,0.5
T0050_02533,50,2025-12-29 16:45:00,2025-12-29 19:30:00,2.75,138.0,370.25,1.75,
T0050_02534,50,2025-12-31 12:30:00,2025-12-31 14:15:00,1.75,3862.0,4422.25,0.0,1.5
T0050_02535,50,2025-12-31 20:15:00,2025-12-31 20:30:00,0.25,5673.0,1418.25,0.0,
T0100_00001,100,2014-11-06 20:45:00,2014-11-06 21:15:00,0.5,155.0,77.0,0.25,
T0100_00002,100,2014-11-10 18:15:00,2014-11-10 18:30:00,0.25,1116.0,279.0,0.0,
T0100_00003,100,2014-11-10 22:15:00,2014-11-10 23:30:00,1.25,731.0,913.75,0.0,
T0100_00004,100,2014-11-14 13:30:00,2014-11-14 15:00:00,1.5,738.0,1107.0,0.0,
T0100_00005,100,2014-11-14 21:45:00,2014-11-14 22:45:00,1.0,738.0,738.0,0.0,
T0100_00006,100,2014-11-15 06:45:00,2014-11-15 13:15:00,6.5,739.0,4797.25,0.0,
T0100_00007,100,2014-11-17 20:15:00,2014-11-17 21:00:00,0.75,738.0,369.0,0.0,
T0100_00008,100,2014-11-18 16:00:00,2014-11-19 18:15:00,26.25,1794.0,6252.75,21.0,0.75
T0100_00009,100,2014-11-20 18:00:00,2014-11-20 19:00:00,1.0,208.0,154.75,0.75,
T0100_00010,100,2014-11-21 11:45:00,2014-11-21 15:00:00,3.25,492.0,1340.75,0.5,
T0100_00011,100,2014-11-21 17:00:00,2014-11-22 01:15:00,8.25,222.0,1229.25,0.0,
T0100_00012,100,2014-11-24 17:30:00,2014-11-24 18:30:00,1.0,215.0,210.0,0.0,
T0100_00013,100,2014-11-26 01:00:00,2014-11-26 02:30:00,1.5,2754.0,4130.0,1.0,
T0100_00014,100,2014-11-26 14:15:00,2014-11-26 14:30:00,0.25,102.0,25.5,0.0,
T0100_00015,100,2014-11-29 04:30:00,2014-11-29 07:30:00,3.0,152.0,453.25,1.25,
T0100_00016,100,2014-11-30 04:45:00,2014-11-30 07:15:00,2.5,319.0,797.5,0.0,
T0100_00017,100,2014-11-30 16:15:00,2014-11-30 17:00:00,0.75,118.0,88.25,0.25,
T0100_00018,100,2014-12-02 14:15:00,2014-12-02 14:30:00,0.25,119.0,29.75,0.0,
T0100_00019,100,2014-12-04 19:00:00,2014-12-04 20:30:00,1.5,133.0,197.75,1.25,
T0100_00020,100,2014-12-05 13:00:00,2014-12-05 16:15:00,3.25,329.0,963.5,0.0,
T0100_00021,100,2014-12-09 16:00:00,2014-12-09 18:00:00,2.0,542.0,1013.75,0.25,
T0100_00022,100,2014-12-28 14:00:00,2014-12-28 16:15:00,2.25,721.0,1622.25,0.0,
T0100_00023,100,2015-01-18 10:15:00,2015-01-18 14:45:00,4.5,899.0,4045.5,0.0,
T0100_00024,100,2015-03-18 15:30:00,2015-03-18 15:45:00,0.25,907.0,226.75,0.0,
T0100_00025,100,2015-04-16 20:45:00,2015-04-16 22:00:00,1.25,1290.0,1594.75,0.25,
T0100_00026,100,2015-04-17 00:00:00,2015-04-17 15:15:00,15.25,1309.0,11698.25,0.25,3.75
T0100_00027,100,2015-04-17 17:00:00,2015-04-17 20:00:00,3.0,690.0,1983.5,1.5,
T0100_00028,100,2015-04-26 05:00:00,2015-04-26 07:00:00,2.0,183.0,320.25,0.0,
T0100_00029,100,2015-04-26 10:30:00,2015-04-26 11:00:00,0.5,461.0,230.5,0.0,
T0100_00030,100,2015-04-26 13:45:00,2015-04-26 14:45:00,1.0,220.0,190.5,0.0,0.75
T0100_00031,100,2015-04-28 19:45:00,2015-04-28 20:00:00,0.25,561.0,140.25,0.0,
T0100_00032,100,2015-04-29 18:45:00,2015-04-29 20:15:00,1.5,906.0,1131.5,1.25,
T0100_00033,100,2015-05-08 15:30:00,2015-05-08 18:30:00,3.0,147.0,422.5,0.5,
T0100_00034,100,2015-05-08 23:45:00,2015-05-09 00:30:00,0.75,101.0,75.75,0.0,
T0100_00035,100,2015-05-09 03:15:00,2015-05-09 11:00:00,7.75,4589.0,6249.75,0.0,0.75
T0100_00036,100,2015-05-09 16:00:00,2015-05-09 22:15:00,6.25,3389.0,7787.75,0.25,1.5
T0100_00037,100,2015-05-10 13:15:00,2015-05-10 14:15:00,1.0,120.0,115.75,0.25,
T0100_00038,100,2015-05-10 17:15:00,2015-05-10 18:30:00,1.25,155.0,168.0,0.5,
T0100_00039,100,2015-05-12 22:45:00,2015-05-12 23:45:00,1.0,111.0,111.0,0.0,
T0100_00040,100,2015-05-21 15:00:00,2015-05-21 15:15:00,0.25,263.0,65.75,0.0,
T0100_00041,100,2015-05-23 19:00:00,2015-05-23 20:00:00,1.0,122.0,122.0,0.0,
T0100_00042,100,2015-05-27 15:15:00,2015-05-27 16:00:00,0.75,2321.0,887.25,0.0,0.25
T0100_00043,100,2015-05-27 21:45:00,2015-05-28 01:30:00,3.75,292.0,816.75,0.0,1.75
T0100_00044,100,2015-05-29 21:15:00,2015-05-29 21:30:00,0.25,117.0,29.25,0.0,
T0100_00045,100,2015-06-05 00:45:00,2015-06-05 07:30:00,6.75,598.0,1976.25,1.75,2.75
T0100_00046,100,2015-06-07 14:45:00,2015-06-07 16:30:00,1.75,147.0,255.75,0.25,
T0100_00047,100,2015-06-08 00:15:00,2015-06-08 02:00:00,1.75,153.0,267.75,0.0,
T0100_00048,100,2015-06-19 00:30:00,2015-06-19 01:30:00,1.0,252.0,251.75,0.25,
T0100_00049,100,2015-06-21 23:00:00,2015-06-22 02:00:00,3.0,207.0,540.75,2.0,
T0100_00050,100,2015-06-22 21:45:00,2015-06-22 23:15:00,1.5,214.0,319.75,0.75,
T0100_00051,100,2015-06-28 21:30:00,2015-06-28 21:45:00,0.25,119.0,29.75,0.0,
T0100_00052,100,2015-07-01 01:15:00,2015-07-01 02:30:00,1.25,113.0,111.0,0.0,
T0100_00053,100,2015-07-01 15:00:00,2015-07-01 18:30:00,3.5,156.0,541.25,3.0,
T0100_00054,100,2015-07-06 02:30:00,2015-07-06 03:15:00,0.75,1149.0,861.5,0.25,
T0100_00055,100,2015-07-08 21:45:00,2015-07-08 23:00:00,1.25,271.0,270.5,0.5,
T0100_00056,100,2015-07-08 23:45:00,2015-07-09 00:45:00,1.0,290.0,217.5,0.0,
T0100_00057,100,2015-07-14 13:00:00,2015-07-14 13:30:00,0.5,115.0,57.5,0.0,
T0100_00058,100,2015-07-17 21:00:00,2015-07-17 22:30:00,1.5,3832.0,4787.5,0.5,
T0100_00059,100,2015-07-18 20:45:00,2015-07-18 22:30:00,1.75,188.0,329.0,0.0,
T0100_00060,100,2015-07-19 22:00:00,2015-07-19 23:45:00,1.75,216.0,324.0,0.0,
T0100_00061,100,2015-07-23 17:30:00,2015-07-23 17:45:00,0.25,1635.0,408.75,0.0,
T0100_00062,100,2015-07-23 19:15:00,2015-07-23 23:15:00,4.0,187.0,717.0,2.25,
T0100_00063,100,2015-07-24 23:30:00,2015-07-25 01:00:00,1.5,116.0,174.0,0.0,
T0100_00064,100,2015-07-31 14:00:00,2015-07-31 21:45:00,7.75,293.0,2034.25,0.0,
T0100_00065,100,2015-08-01 14:30:00,2015-08-01 16:00:00,1.5,190.0,285.0,0.0,
T0100_00066,100,2015-08-02 13:30:00,2015-08-02 15:45:00,2.25,151.0,339.75,0.0,
T0100_00067,100,2015-08-03 11:15:00,2015-08-03 11:45:00,0.5,134.0,67.0,0.0,
T0100_00068,100,2015-08-04 18:30:00,2015-08-04 20:00:00,1.5,102.0,153.0,0.0,
T0100_00069,100,2015-08-05 19:00:00,2015-08-05 23:45:00,4.75,178.0,793.5,0.0,
T0100_00070,100,2015-08-06 04:30:00,2015-08-06 06:15:00,1.75,147.0,253.75,0.0,
T0100_00071,100,2015-08-08 09:15:00,2015-08-08 19:00:00,9.75,781.0,4482.0,8.0,0.75
T0100_00072,100,2015-08-09 02:30:00,2015-08-09 03:45:00,1.25,110.0,137.5,0.0,
T0100_00073,100,2015-08-09 05:45:00,2015-08-09 06:15:00,0.5,155.0,77.5,0.0,
T0100_00074,100,2015-08-14 08:15:00,2015-08-14 14:15:00,6.0,464.0,1886.0,0.75,
T0100_00075,100,2015-08-15 07:30:00,2015-08-15 18:30:00,11.0,618.0,4258.5,9.25,0.25
T0100_00076,100,2015-08-15 19:15:00,2015-08-16 03:00:00,7.75,218.0,1375.25,0.0,
T0100_00077,100,2015-08-17 15:15:00,2015-08-17 15:30:00,0.25,385.0,96.25,0.0,
T0100_00078,100,2015-08-19 06:45:00,2015-08-19 09:00:00,2.25,575.0,1293.75,0.0,
T0100_00079,100,2015-08-20 17:15:00,2015-08-20 17:45:00,0.5,266.0,133.0,0.0,
T0100_00080,100,2015-08-26 20:30:00,2015-08-26 21:45:00,1.25,163.0,193.0,0.25,
T0100_00081,100,2015-08-27 13:45:00,2015-08-27 16:45:00,3.0,156.0,281.75,1.5,
T0100_00082,100,2015-08-27 23:30:00,2015-08-28 00:45:00,1.25,108.0,134.5,0.0,
T0100_00083,100,2015-08-31 09:15:00,2015-08-31 10:15:00,1.0,101.0,101.0,0.0,
T0100_00084,100,2015-08-31 11:45:00,2015-08-31 13:00:00,1.25,106.0,132.5,0.0,
T0100_00085,100,2015-09-02 15:45:00,2015-09-02 18:00:00,2.25,540.0,1215.0,0.0,
T0100_00086,100,2015-09-03 21:30:00,2015-09-03 22:30:00,1.0,229.0,228.25,0.0,
T0100_00087,100,2015-09-07 21:00:00,2015-09-07 23:45:00,2.75,3801.0,3944.75,0.25,1.25
T0100_00088,100,2015-09-09 22:15:00,2015-09-09 23:30:00,1.25,576.0,672.75,0.5,
T0100_00089,100,2015-09-12 22:15:00,2015-09-13 01:15:00,3.0,209.0,550.5,1.5,
T0100_00090,100,2015-09-17 00:15:00,2015-09-17 01:15:00,1.0,156.0,155.25,0.75,
T0100_00091,100,2015-09-20 21:45:00,2015-09-20 22:30:00,0.75,1112.0,834.0,0.0,
T0100_00092,100,2015-09-21 01:30:00,2015-09-21 03:00:00,1.5,164.0,246.0,0.0,
T0100_00093,100,2015-09-23 05:15:00,2015-09-23 09:45:00,4.5,265.0,1192.5,0.0,
T0100_00094,100,2015-09-24 11:45:00,2015-09-24 12:45:00,1.0,3349.0,2511.0,0.75,
T0100_00095,100,2015-09-24 21:15:00,2015-09-24 23:00:00,1.75,111.0,193.0,0.0,
T0100_00096,100,2015-09-26 00:15:00,2015-09-26 02:00:00,1.75,104.0,179.75,1.25,
T0100_00097,100,2015-09-26 13:30:00,2015-09-26 14:30:00,1.0,344.0,322.75,0.25,
T0100_00098,100,2015-09-26 15:45:00,2015-09-26 16:15:00,0.5,344.0,172.0,0.0,
T0100_00099,100,2015-09-26 19:30:00,2015-09-26 20:15:00,0.75,192.0,144.0,0.0,
T0100_00100,100,2015-09-28 15:15:00,2015-09-28 16:30:00,1.25,2320.0,1740.0,0.0,
T0100_00101,100,2015-10-02 05:45:00,2015-10-02 09:00:00,3.25,115.0,345.0,0.0,
T0100_00102,100,2015-10-02 12:00:00,2015-10-02 13:00:00,1.0,112.0,112.0,0.0,
T0100_00103,100,2015-10-05 02:00:00,2015-10-05 06:15:00,4.25,1706.0,2411.25,0.25,0.75
T0100_00104,100,2015-10-06 22:00:00,2015-10-07 04:15:00,6.25,113.0,703.5,0.0,
T0100_00105,100,2015-10-08 09:00:00,2015-10-08 10:30:00,1.5,2314.0,3469.75,0.75,
T0100_00106,100,2015-10-11 19:15:00,2015-10-11 21:00:00,1.75,195.0,341.0,0.0,
T0100_00107,100,2015-10-12 03:15:00,2015-10-12 13:15:00,10.0,7716.0,16760.0,1.75,0.75
T0100_00108,100,2015-10-13 15:15:00,2015-10-13 17:00:00,1.75,132.0,230.5,0.5,
T0100_00109,100,2015-10-14 19:15:00,2015-10-14 23:15:00,4.0,2307.0,6096.25,1.5,1.0
T0100_00110,100,2015-10-15 13:45:00,2015-10-15 14:45:00,1.0,177.0,177.0,0.0,
T0100_00111,100,2015-10-16 14:30:00,2015-10-16 15:15:00,0.75,601.0,450.5,0.0,
T0100_00112,100,2015-10-17 14:15:00,2015-10-17 15:00:00,0.75,270.0,202.0,0.5,
T0100_00113,100,2015-10-17 16:30:00,2015-10-17 17:15:00,0.75,232.0,173.75,0.25,
T0100_00114,100,2015-10-22 09:00:00,2015-10-22 14:30:00,5.5,291.0,1056.75,0.0,4.75
T0100_00115,100,2015-10-23 15:45:00,2015-10-23 17:15:00,1.5,147.0,216.75,0.5,
T0100_00116,100,2015-10-26 21:15:00,2015-10-27 01:45:00,4.5,421.0,1669.0,1.75,
T0100_00117,100,2015-10-31 23:30:00,2015-11-01 04:00:00,4.5,165.0,738.75,0.0,
T0100_00118,100,2015-11-01 05:00:00,2015-11-01 10:00:00,5.0,164.0,820.0,0.0,
T0100_00119,100,2015-11-01 21:45:00,2015-11-02 01:45:00,4.0,237.0,838.25,3.25,
T0100_00120,100,2015-11-02 20:45:00,2015-11-02 21:00:00,0.25,1521.0,380.25,0.0,
T0100_00121,100,2015-11-02 22:30:00,2015-11-02 23:15:00,0.75,656.0,492.0,0.0,
T0100_00122,100,2015-11-08 05:15:00,2015-11-08 19:15:00,14.0,291.0,2282.25,0.0,
T0100_00123,100,2015-11-09 11:45:00,2015-11-09 14:00:00,2.25,1683.0,3783.75,0.25,
T0100_00124,100,2015-11-11 11:45:00,2015-11-11 16:00:00,4.25,178.0,624.25,0.0,
T0100_00125,100,2015-11-11 20:00:00,2015-11-11 23:15:00,3.25,561.0,1052.75,1.75,1.0
T0100_00126,100,2015-11-17 21:45:00,2015-11-18 04:15:00,6.5,988.0,1888.0,5.25,0.25
T0100_00127,100,2015-11-18 12:15:00,2015-11-18 14:45:00,2.5,4211.0,4297.75,2.25,
T0100_00128,100,2015-11-18 19:15:00,2015-11-19 01:15:00,6.0,4626.0,6006.0,1.5,1.0
T0100_00129,100,2015-11-20 01:45:00,2015-11-20 02:30:00,0.75,101.0,75.25,0.0,0.25
T0100_00130,100,2015-11-20 23:45:00,2015-11-21 00:15:00,0.5,525.0,262.25,0.25,
T0100_00131,100,2015-11-23 03:15:00,2015-11-23 05:45:00,2.5,112.0,280.0,0.0,
T0100_00132,100,2015-12-06 18:15:00,2015-12-06 20:00:00,1.75,184.0,322.0,0.0,
T0100_00133,100,2015-12-18 13:30:00,2015-12-18 16:15:00,2.75,240.0,651.5,2.25,
T0100_00134,100,2016-01-04 21:15:00,2016-01-05 05:45:00,8.5,512.0,2810.0,2.25,
T0100_00135,100,2016-01-10 14:15:00,2016-01-10 16:30:00,2.25,528.0,623.0,1.75,0.25
T0100_00136,100,2016-01-14 20:45:00,2016-01-14 21:00:00,0.25,2094.0,523.5,0.0,
T0100_00137,100,2016-01-23 11:00:00,2016-01-23 17:00:00,6.0,275.0,1650.0,0.0,
T0100_00138,100,2016-01-24 16:15:00,2016-01-24 18:15:00,2.0,114.0,215.25,0.75,
T0100_00139,100,2016-01-25 17:45:00,2016-01-25 18:15:00,0.5,275.0,115.75,0.25,
T0100_00140,100,2016-01-25 19:00:00,2016-01-25 19:30:00,0.5,275.0,137.5,0.0,
T0100_00141,100,2016-01-25 22:15:00,2016-01-25 22:45:00,0.5,275.0,137.5,0.0,
T0100_00142,100,2016-01-25 23:45:00,2016-01-26 05:45:00,6.0,276.0,1651.5,0.5,
T0100_00143,100,2016-01-26 16:00:00,2016-01-26 17:15:00,1.25,1451.0,1196.75,0.0,0.75
T0100_00144,100,2016-01-27 00:45:00,2016-01-27 01:00:00,0.25,4376.0,1094.0,0.0,
T0100_00145,100,2016-01-30 19:45:00,2016-01-31 00:15:00,4.5,447.0,1021.75,1.0,
T0100_00146,100,2016-02-09 18:45:00,2016-02-09 19:45:00,1.0,163.0,162.75,0.25,
T0100_00147,100,2016-02-11 06:45:00,2016-02-11 09:30:00,2.75,105.0,288.75,0.0,
T0100_00148,100,2016-02-16 06:30:00,2016-02-16 07:15:00,0.75,583.0,437.25,0.0,
T0100_00149,100,2016-02-19 04:30:00,2016-02-19 07:45:00,3.25,137.0,373.75,0.0,
T0100_00150,100,2016-02-24 20:15:00,2016-02-24 20:45:00,0.5,133.0,66.5,0.0,
T0100_00151,100,2016-02-26 15:45:00,2016-02-26 16:30:00,0.75,248.0,186.0,0.0,
T0100_00152,100,2016-03-07 09:15:00,2016-03-07 14:00:00,4.75,128.0,608.0,0.0,
T0100_00153,100,2016-03-18 03:30:00,2016-03-18 04:00:00,0.5,6358.0,2918.75,0.25,
T0100_00154,100,2016-03-18 10:00:00,2016-03-18 13:45:00,3.75,374.0,1022.25,3.5,
T0100_00155,100,2016-03-20 16:30:00,2016-03-20 16:45:00,0.25,667.0,166.75,0.0,
T0100_00156,100,2016-03-23 09:30:00,2016-03-25 06:30:00,45.0,41639.0,277589.0,14.0,1.25
T0100_00157,100,2016-03-25 14:30:00,2016-03-25 17:00:00,2.5,118.0,284.75,1.75,
T0100_00158,100,2016-03-25 21:00:00,2016-03-26 00:00:00,3.0,183.0,393.5,1.75,
T0100_00159,100,2016-03-26 03:00:00,2016-03-26 03:15:00,0.25,101.0,25.25,0.0,
T0100_00160,100,2016-04-05 18:15:00,2016-04-05 19:30:00,1.25,106.0,131.5,0.25,
T0100_00161,100,2016-04-05 22:30:00,2016-04-06 12:00:00,13.5,811.0,5725.0,10.75,0.5
T0100_00162,100,2016-04-06 23:30:00,2016-04-07 01:30:00,2.0,467.0,933.25,0.25,
T0100_00163,100,2016-04-07 20:15:00,2016-04-07 21:15:00,1.0,583.0,583.0,0.0,
T0100_00164,100,2016-04-08 20:15:00,2016-04-08 20:45:00,0.5,873.0,436.5,0.0,
T0100_00165,100,2016-04-13 15:45:00,2016-04-14 14:45:00,23.0,117.0,2655.5,0.0,
T0100_00166,100,2016-04-17 07:45:00,2016-04-17 17:00:00,9.25,4183.0,18775.75,7.5,
T0100_00167,100,2016-04-17 18:00:00,2016-04-17 19:00:00,1.0,581.0,581.0,0.0,
T0100_00168,100,2016-04-17 19:45:00,2016-04-17 20:15:00,0.5,121.0,57.0,0.0,
T0100_00169,100,2016-04-17 23:45:00,2016-04-18 00:15:00,0.5,233.0,116.5,0.0,
T0100_00170,100,2016-04-19 19:45:00,2016-04-19 20:00:00,0.25,190.0,47.5,0.0,
T0100_00171,100,2016-04-20 00:30:00,2016-04-20 04:15:00,3.75,892.0,1621.0,0.25,0.75
T0100_00172,100,2016-04-20 19:00:00,2016-04-20 21:15:00,2.25,135.0,302.75,0.25,
T0100_00173,100,2016-04-21 17:15:00,2016-04-21 18:30:00,1.25,141.0,174.0,0.25,
T0100_00174,100,2016-04-24 01:00:00,2016-04-24 04:30:00,3.5,589.0,1201.0,0.0,2.0
T0100_00175,100,2016-04-26 16:30:00,2016-04-26 16:45:00,0.25,951.0,237.75,0.0,
T0100_00176,100,2016-05-05 17:15:00,2016-05-05 18:30:00,1.25,200.0,250.0,0.0,
T0100_00177,100,2016-05-06 20:45:00,2016-05-06 23:30:00,2.75,604.0,962.25,1.0,
T0100_00178,100,2016-05-07 20:00:00,2016-05-07 22:30:00,2.5,174.0,397.5,1.25,
T0100_00179,100,2016-05-15 19:30:00,2016-05-15 20:45:00,1.25,4113.0,4112.5,0.0,
T0100_00180,100,2016-05-23 04:30:00,2016-05-23 05:00:00,0.5,120.0,60.0,0.0,
T0100_00181,100,2016-05-24 16:30:00,2016-05-24 17:15:00,0.75,127.0,95.25,0.0,
T0100_00182,100,2016-05-24 19:15:00,2016-05-24 23:30:00,4.25,116.0,464.0,0.0,
T0100_00183,100,2016-05-25 01:30:00,2016-05-25 19:15:00,17.75,149.0,1982.0,15.25,
T0100_00184,100,2016-06-01 08:15:00,2016-06-01 10:30:00,2.25,116.0,232.0,0.0,
T0100_00185,100,2016-06-01 14:15:00,2016-06-01 15:30:00,1.25,177.0,193.75,0.0,
T0100_00186,100,2016-06-01 16:30:00,2016-06-01 18:45:00,2.25,279.0,627.75,0.0,
T0100_00187,100,2016-06-06 11:15:00,2016-06-06 11:45:00,0.5,110.0,55.0,0.0,
T0100_00188,100,2016-06-10 02:00:00,2016-06-10 11:45:00,9.75,2816.0,3120.75,1.5,0.25
T0100_00189,100,2016-06-10 13:45:00,2016-06-10 14:15:00,0.5,179.0,86.25,0.25,
T0100_00190,100,2016-06-13 17:30:00,2016-06-13 18:00:00,0.5,124.0,62.0,0.0,
T0100_00191,100,2016-06-14 21:00:00,2016-06-14 22:45:00,1.75,195.0,340.25,0.0,
T0100_00192,100,2016-06-17 11:30:00,2016-06-17 13:00:00,1.5,143.0,214.5,0.0,
T0100_00193,100,2016-06-17 15:30:00,2016-06-17 16:15:00,0.75,162.0,121.0,0.5,
T0100_00194,100,2016-06-19 18:15:00,2016-06-19 21:15:00,3.0,225.0,671.25,1.75,
T0100_00195,100,2016-06-19 22:45:00,2016-06-19 23:00:00,0.25,211.0,52.75,0.0,
T0100_00196,100,2016-06-21 13:30:00,2016-06-21 14:45:00,1.25,180.0,225.0,0.0,
T0100_00197,100,2016-06-23 13:30:00,2016-06-23 15:15:00,1.75,139.0,243.0,0.25,
T0100_00198,100,2016-06-25 00:00:00,2016-06-25 04:15:00,4.25,236.0,608.25,0.75,
T0100_00199,100,2016-06-27 00:45:00,2016-06-27 01:45:00,1.0,112.0,112.0,0.0,
T0100_00200,100,2016-06-29 23:45:00,2016-06-30 00:30:00,0.75,196.0,147.0,0.0,
T0100_00201,100,2016-07-05 19:30:00,2016-07-05 19:45:00,0.25,1462.0,365.5,0.0,
T0100_00202,100,2016-07-05 20:45:00,2016-07-06 00:15:00,3.5,861.0,1549.75,1.5,
T0100_00203,100,2016-07-12 16:15:00,2016-07-12 21:30:00,5.25,706.0,3314.25,2.75,
T0100_00204,100,2016-07-12 23:30:00,2016-07-13 18:30:00,19.0,403.0,4370.75,2.0,
T0100_00205,100,2016-07-14 09:45:00,2016-07-14 11:00:00,1.25,839.0,1048.75,0.0,
T0100_00206,100,2016-07-24 07:00:00,2016-07-24 09:45:00,2.75,4005.0,10923.5,0.0,
T0100_00207,100,2016-07-24 13:30:00,2016-07-24 14:30:00,1.0,104.0,104.0,0.0,
T0100_00208,100,2016-07-25 13:15:00,2016-07-25 14:00:00,0.75,171.0,121.5,0.25,
T0100_00209,100,2016-07-25 23:30:00,2016-07-26 00:30:00,1.0,2736.0,2732.75,0.75,
T0100_00210,100,2016-07-26 17:00:00,2016-07-26 18:15:00,1.25,556.0,694.0,0.0,
T0100_00211,100,2016-07-26 22:00:00,2016-07-26 23:00:00,1.0,160.0,160.0,0.0,
T0100_00212,100,2016-07-29 14:00:00,2016-07-29 15:15:00,1.25,168.0,209.5,0.5,
T0100_00213,100,2016-08-01 00:30:00,2016-08-01 01:15:00,0.75,245.0,119.75,0.0,0.25
T0100_00214,100,2016-08-02 05:00:00,2016-08-02 09:30:00,4.5,436.0,1860.5,2.75,
T0100_00215,100,2016-08-03 17:45:00,2016-08-03 21:15:00,3.5,147.0,510.5,0.5,
T0100_00216,100,2016-08-04 02:45:00,2016-08-04 10:00:00,7.25,131.0,917.0,0.0,
T0100_00217,100,2016-08-04 12:45:00,2016-08-04 13:15:00,0.5,125.0,62.5,0.0,
T0100_00218,100,2016-08-05 08:45:00,2016-08-05 10:30:00,1.75,1301.0,1951.25,0.25,
T0100_00219,100,2016-08-06 03:30:00,2016-08-06 06:15:00,2.75,3096.0,6857.0,0.5,1.75
T0100_00220,100,2016-08-06 12:45:00,2016-08-06 14:00:00,1.25,778.0,971.25,0.0,
T0100_00221,100,2016-08-09 20:30:00,2016-08-09 20:45:00,0.25,138.0,34.5,0.0,
T0100_00222,100,2016-08-09 21:30:00,2016-08-09 23:15:00,1.75,6216.0,9329.25,0.25,1.25
T0100_00223,100,2016-08-17 03:30:00,2016-08-17 03:45:00,0.25,103.0,25.75,0.0,
T0100_00224,100,2016-08-17 16:00:00,2016-08-17 17:30:00,1.5,472.0,471.25,0.0,
T0100_00225,100,2016-08-27 14:30:00,2016-08-27 15:00:00,0.5,170.0,85.0,0.0,
T0100_00226,100,2016-08-28 16:30:00,2016-08-28 22:45:00,6.25,447.0,1406.5,4.0,
T0100_00227,100,2016-09-01 10:30:00,2016-09-01 13:45:00,3.25,428.0,616.5,2.5,
T0100_00228,100,2016-09-04 23:30:00,2016-09-05 00:30:00,1.0,244.0,243.0,0.25,
T0100_00229,100,2016-09-10 18:00:00,2016-09-10 18:15:00,0.25,1491.0,372.75,0.0,
T0100_00230,100,2016-09-11 16:00:00,2016-09-11 17:15:00,1.25,114.0,85.5,0.0,
T0100_00231,100,2016-09-13 15:30:00,2016-09-13 16:30:00,1.0,126.0,125.25,0.5,
T0100_00232,100,2017-03-28 22:15:00,2017-03-28 23:30:00,1.25,2414.0,3017.5,0.0,
T0100_00233,100,2017-03-29 17:15:00,2017-03-29 17:30:00,0.25,171.0,42.75,0.0,
T0100_00234,100,2017-04-03 23:15:00,2017-04-04 00:15:00,1.0,169.0,151.0,0.75,
T0100_00235,100,2017-04-04 13:15:00,2017-04-04 20:45:00,7.5,4020.0,3323.0,3.5,0.5
T0100_00236,100,2017-04-07 12:15:00,2017-04-07 18:45:00,6.5,194.0,1030.25,0.25,
T0100_00237,100,2017-04-11 18:45:00,2017-04-12 00:15:00,5.5,101.0,550.75,0.0,0.75
T0100_00238,100,2017-04-16 20:30:00,2017-04-16 21:45:00,1.25,135.0,168.75,0.0,
T0100_00239,100,2017-04-20 17:15:00,2017-04-20 18:30:00,1.25,307.0,327.25,0.0,
T0100_00240,100,2017-04-21 17:15:00,2017-04-21 18:30:00,1.25,113.0,141.25,0.0,
T0100_00241,100,2017-04-29 18:00:00,2017-04-29 18:45:00,0.75,125.0,93.75,0.0,
T0100_00242,100,2017-05-01 16:45:00,2017-05-01 17:30:00,0.75,287.0,215.0,0.25,
T0100_00243,100,2017-05-02 14:00:00,2017-05-02 14:45:00,0.75,135.0,99.25,0.0,
T0100_00244,100,2017-05-03 19:45:00,2017-05-03 21:45:00,2.0,125.0,250.0,0.0,
T0100_00245,100,2017-05-04 16:15:00,2017-05-04 21:45:00,5.5,107.0,588.5,0.0,
T0100_00246,100,2017-05-05 13:45:00,2017-05-05 14:30:00,0.75,248.0,186.0,0.0,
T0100_00247,100,2017-05-05 15:15:00,2017-05-05 16:15:00,1.0,157.0,157.0,0.0,
T0100_00248,100,2017-05-07 22:00:00,2017-05-07 23:30:00,1.5,405.0,380.5,1.25,
T0100_00249,100,2017-05-09 14:00:00,2017-05-09 15:00:00,1.0,361.0,336.75,0.5,
T0100_00250,100,2017-05-11 05:15:00,2017-05-11 09:15:00,4.0,276.0,1035.0,0.0,
T0100_00251,100,2017-05-12 14:00:00,2017-05-12 15:30:00,1.5,603.0,904.5,0.0,
T0100_00252,100,2017-05-12 20:45:00,2017-05-13 00:15:00,3.5,215.0,752.0,0.25,
T0100_00253,100,2017-05-16 15:30:00,2017-05-16 16:15:00,0.75,238.0,178.5,0.0,
T0100_00254,100,2017-05-17 12:15:00,2017-05-17 14:45:00,2.5,143.0,357.25,0.0,
T0100_00255,100,2017-05-18 10:00:00,2017-05-20 04:00:00,42.0,10234.0,110463.5,8.75,1.25
T0100_00256,100,2017-05-20 17:15:00,2017-05-21 01:00:00,7.75,1069.0,6172.5,5.0,0.75
T0100_00257,100,2017-05-27 12:30:00,2017-05-27 12:45:00,0.25,134.0,33.5,0.0,
T0100_00258,100,2017-05-27 18:45:00,2017-05-27 19:00:00,0.25,291.0,72.75,0.0,
T0100_00259,100,2017-05-31 19:30:00,2017-06-01 02:45:00,7.25,170.0,845.75,6.25,
T0100_00260,100,2017-06-14 11:15:00,2017-06-14 14:15:00,3.0,531.0,1372.5,1.5,
T0100_00261,100,2017-06-15 15:30:00,2017-06-15 17:00:00,1.5,144.0,214.0,1.0,
T0100_00262,100,2017-06-17 14:00:00,2017-06-17 16:15:00,2.25,584.0,1208.0,0.5,
T0100_00263,100,2017-06-20 14:00:00,2017-06-20 17:00:00,3.0,293.0,385.5,0.25,1.0
T0100_00264,100,2017-06-21 01:45:00,2017-06-21 03:00:00,1.25,156.0,195.0,0.0,
T0100_00265,100,2017-06-21 05:30:00,2017-06-21 06:30:00,1.0,116.0,115.25,0.0,
T0100_00266,100,2017-06-21 11:45:00,2017-06-21 13:15:00,1.5,6903.0,7853.0,1.25,
T0100_00267,100,2017-06-21 22:45:00,2017-06-22 00:15:00,1.5,157.0,234.75,0.0,
T0100_00268,100,2017-06-22 22:00:00,2017-06-22 22:15:00,0.25,171.0,42.75,0.0,
T0100_00269,100,2017-06-23 02:30:00,2017-06-23 03:45:00,1.25,132.0,159.5,0.5,
T0100_00270,100,2017-06-25 09:00:00,2017-06-25 09:30:00,0.5,3333.0,1666.25,0.0,
T0100_00271,100,2017-06-27 14:15:00,2017-06-27 14:30:00,0.25,156.0,39.0,0.0,
T0100_00272,100,2017-06-29 19:30:00,2017-06-29 20:15:00,0.75,100.0,75.0,0.0,0.0
T0100_00273,100,2017-07-03 02:30:00,2017-07-03 03:15:00,0.75,114.0,85.5,0.0,
T0100_00274,100,2017-07-09 00:15:00,2017-07-09 02:00:00,1.75,100.0,175.0,0.0,0.0
T0100_00275,100,2017-07-12 06:30:00,2017-07-12 08:15:00,1.75,143.0,250.25,0.0,
T0100_00276,100,2017-07-12 13:15:00,2017-07-12 16:15:00,3.0,342.0,593.75,2.5,
T0100_00277,100,2017-07-14 12:45:00,2017-07-14 14:15:00,1.5,111.0,165.25,0.5,
T0100_00278,100,2017-07-15 06:45:00,2017-07-15 07:00:00,0.25,109.0,27.25,0.0,
T0100_00279,100,2017-07-18 14:30:00,2017-07-18 15:00:00,0.5,110.0,55.0,0.0,
T0100_00280,100,2017-07-22 12:30:00,2017-07-22 13:45:00,1.25,192.0,204.25,0.75,
T0100_00281,100,2017-07-24 17:15:00,2017-07-24 20:15:00,3.0,854.0,1529.5,1.25,0.25
T0100_00282,100,2017-07-25 03:45:00,2017-07-25 11:45:00,8.0,358.0,1743.25,1.5,1.25
T0100_00283,100,2017-07-26 18:00:00,2017-07-26 19:45:00,1.75,341.0,596.75,0.0,
T0100_00284,100,2017-07-27 14:45:00,2017-07-27 16:15:00,1.5,115.0,169.5,0.0,
T0100_00285,100,2017-07-28 15:00:00,2017-07-28 16:15:00,1.25,133.0,165.25,0.25,
T0100_00286,100,2017-07-31 16:00:00,2017-07-31 16:30:00,0.5,109.0,54.5,0.0,
T0100_00287,100,2017-07-31 18:30:00,2017-07-31 19:45:00,1.25,109.0,136.25,0.0,
T0100_00288,100,2017-08-03 04:15:00,2017-08-03 05:45:00,1.5,118.0,177.0,0.0,
T0100_00289,100,2017-08-04 13:15:00,2017-08-05 01:15:00,12.0,104.0,1228.25,9.25,
T0100_00290,100,2017-08-05 14:15:00,2017-08-05 14:30:00,0.25,104.0,26.0,0.0,
T0100_00291,100,2017-08-06 19:15:00,2017-08-06 19:45:00,0.5,849.0,424.25,0.25,
T0100_00292,100,2017-08-08 01:30:00,2017-08-08 02:15:00,0.75,100.0,75.0,0.0,0.0
T0100_00293,100,2017-08-08 14:30:00,2017-08-08 15:00:00,0.5,108.0,53.75,0.25,
T0100_00294,100,2017-08-10 18:00:00,2017-08-10 19:00:00,1.0,170.0,165.5,0.25,
T0100_00295,100,2017-08-12 18:30:00,2017-08-12 20:15:00,1.75,192.0,336.0,0.0,
T0100_00296,100,2017-08-14 00:15:00,2017-08-14 04:45:00,4.5,124.0,558.0,0.0,
T0100_00297,100,2017-08-20 02:15:00,2017-08-20 02:45:00,0.5,170.0,84.75,0.25,
T0100_00298,100,2017-08-21 00:30:00,2017-08-21 01:30:00,1.0,140.0,139.25,0.75,
T0100_00299,100,2017-08-24 01:30:00,2017-08-24 02:30:00,1.0,247.0,213.25,0.25,
T0100_00300,100,2017-08-26 14:15:00,2017-08-26 15:00:00,0.75,127.0,95.25,0.0,
T0100_00301,100,2017-08-26 23:00:00,2017-08-27 02:15:00,3.25,4917.0,9413.5,0.75,1.0
T0100_00302,100,2017-08-28 16:45:00,2017-08-28 17:45:00,1.0,919.0,919.0,0.0,
T0100_00303,100,2017-08-29 12:45:00,2017-08-29 15:15:00,2.5,2068.0,3151.0,1.25,0.25
T0100_00304,100,2017-08-30 07:15:00,2017-08-30 09:00:00,1.75,125.0,218.75,0.0,
T0100_00305,100,2017-09-01 13:15:00,2017-09-01 16:30:00,3.25,132.0,426.25,1.25,
T0100_00306,100,2017-09-02 20:00:00,2017-09-03 00:00:00,4.0,6488.0,20961.75,1.5,2.25
T0100_00307,100,2017-09-03 01:30:00,2017-09-03 02:15:00,0.75,2658.0,1993.5,0.0,
T0100_00308,100,2017-09-08 13:30:00,2017-09-08 15:30:00,2.0,305.0,381.25,0.0,0.5
T0100_00309,100,2017-09-13 16:00:00,2017-09-13 17:15:00,1.25,532.0,509.25,0.25,0.5
T0100_00310,100,2017-09-17 18:15:00,2017-09-17 19:30:00,1.25,1356.0,1694.0,0.5,
T0100_00311,100,2017-09-20 01:15:00,2017-09-20 03:30:00,2.25,1799.0,3672.5,0.25,1.75
T0100_00312,100,2017-09-25 14:30:00,2017-09-25 16:15:00,1.75,188.0,327.5,0.0,
T0100_00313,100,2017-09-26 15:30:00,2017-09-26 18:45:00,3.25,135.0,437.0,0.0,
T0100_00314,100,2017-09-28 14:30:00,2017-09-28 16:30:00,2.0,212.0,422.75,0.25,
T0100_00315,100,2017-10-02 14:30:00,2017-10-02 18:15:00,3.75,1506.0,3978.75,0.5,
T0100_00316,100,2017-10-03 17:45:00,2017-10-03 20:15:00,2.5,297.0,740.5,0.0,
T0100_00317,100,2017-10-04 16:45:00,2017-10-04 17:30:00,0.75,194.0,139.75,0.0,
T0100_00318,100,2017-10-04 21:30:00,2017-10-04 22:30:00,1.0,135.0,134.5,0.0,
T0100_00319,100,2017-10-05 13:30:00,2017-10-05 14:30:00,1.0,321.0,320.25,0.25,
T0100_00320,100,2017-10-06 21:15:00,2017-10-06 22:45:00,1.5,1178.0,1750.25,0.75,
T0100_00321,100,2017-10-07 01:00:00,2017-10-07 07:00:00,6.0,556.0,1685.5,1.5,1.5
T0100_00322,100,2017-10-09 13:30:00,2017-10-10 05:00:00,15.5,4311.0,29729.75,5.25,4.25
T0100_00323,100,2017-10-13 18:15:00,2017-10-13 18:30:00,0.25,106.0,26.5,0.0,
T0100_00324,100,2017-10-14 18:00:00,2017-10-15 04:00:00,10.0,2041.0,8811.0,6.0,0.75
T0100_00325,100,2017-10-16 17:15:00,2017-10-16 18:15:00,1.0,181.0,176.75,0.0,
T0100_00326,100,2017-10-17 21:30:00,2017-10-17 23:00:00,1.5,424.0,568.75,1.0,
T0100_00327,100,2017-10-18 17:15:00,2017-10-18 18:00:00,0.75,1505.0,1128.75,0.0,
T0100_00328,100,2017-10-21 07:15:00,2017-10-21 08:15:00,1.0,827.0,827.0,0.0,
T0100_00329,100,2017-10-21 17:00:00,2017-10-21 17:45:00,0.75,124.0,93.0,0.0,
T0100_00330,100,2017-10-24 17:30:00,2017-10-24 20:15:00,2.75,106.0,278.0,2.25,
T0100_00331,100,2017-10-24 22:15:00,2017-10-24 23:30:00,1.25,148.0,185.0,0.0,
T0100_00332,100,2017-10-25 21:00:00,2017-10-25 22:00:00,1.0,103.0,102.5,0.5,
T0100_00333,100,2017-10-26 04:30:00,2017-10-26 06:00:00,1.5,1272.0,1856.5,0.25,
T0100_00334,100,2017-10-27 02:15:00,2017-10-27 03:45:00,1.5,125.0,187.5,0.0,
T0100_00335,100,2017-11-01 02:15:00,2017-11-01 04:00:00,1.75,149.0,260.75,0.0,
T0100_00336,100,2017-11-26 03:30:00,2017-11-26 04:45:00,1.25,2141.0,2671.0,1.0,
T0100_00337,100,2017-11-30 08:15:00,2017-11-30 08:30:00,0.25,2412.0,603.0,0.0,
T0100_00338,100,2017-12-05 08:30:00,2017-12-05 09:45:00,1.25,215.0,268.75,0.0,
T0100_00339,100,2017-12-05 10:45:00,2017-12-05 15:00:00,4.25,216.0,914.75,3.0,
T0100_00340,100,2017-12-06 06:00:00,2017-12-06 11:30:00,5.5,1680.0,3099.0,1.0,0.5
T0100_00341,100,2017-12-07 17:00:00,2017-12-07 17:45:00,0.75,173.0,93.5,0.25,0.25
T0100_00342,100,2017-12-10 15:30:00,2017-12-10 17:15:00,1.75,262.0,458.0,0.5,
T0100_00343,100,2017-12-12 03:30:00,2017-12-12 06:30:00,3.0,1087.0,3200.0,0.5,
T0100_00344,100,2017-12-16 15:15:00,2017-12-16 16:45:00,1.5,589.0,856.5,0.25,
T0100_00345,100,2017-12-22 17:15:00,2017-12-22 18:15:00,1.0,1711.0,1282.5,0.75,
T0100_00346,100,2017-12-24 05:00:00,2017-12-24 07:15:00,2.25,147.0,295.75,0.5,
T0100_00347,100,2017-12-27 12:30:00,2017-12-27 14:15:00,1.75,149.0,260.75,0.0,
T0100_00348,100,2017-12-27 17:30:00,2017-12-27 21:45:00,4.25,1711.0,2269.75,0.25,1.0
T0100_00349,100,2017-12-27 22:45:00,2017-12-27 23:15:00,0.5,187.0,93.5,0.0,
T0100_00350,100,2017-12-28 00:30:00,2017-12-28 02:15:00,1.75,208.0,300.5,0.0,
T0100_00351,100,2017-12-28 03:15:00,2017-12-28 10:15:00,7.0,2201.0,4610.25,5.75,0.5
T0100_00352,100,2017-12-29 10:45:00,2017-12-30 03:00:00,16.25,3764.0,9266.0,3.75,1.0
T0100_00353,100,2018-01-01 17:00:00,2018-01-01 20:45:00,3.75,157.0,585.25,0.0,
T0100_00354,100,2018-01-10 22:30:00,2018-01-11 03:30:00,5.0,212.0,1013.75,2.25,
T0100_00355,100,2018-01-16 17:00:00,2018-01-16 18:30:00,1.5,478.0,400.0,1.0,
T0100_00356,100,2018-01-20 04:45:00,2018-01-20 09:15:00,4.5,113.0,504.25,0.0,
T0100_00357,100,2018-01-31 03:45:00,2018-01-31 08:15:00,4.5,243.0,1061.25,1.25,
T0100_00358,100,2018-02-12 01:15:00,2018-02-12 02:15:00,1.0,110.0,110.0,0.0,
T0100_00359,100,2018-02-13 20:30:00,2018-02-13 21:00:00,0.5,1645.0,822.25,0.25,
T0100_00360,100,2018-02-17 03:45:00,2018-02-17 05:30:00,1.75,133.0,232.75,0.0,
T0100_00361,100,2018-02-22 03:45:00,2018-02-22 04:45:00,1.0,141.0,139.0,0.5,
T0100_00362,100,2018-02-27 06:00:00,2018-02-27 12:00:00,6.0,390.0,1634.5,5.0,
T0100_00363,100,2018-03-09 06:45:00,2018-03-09 11:45:00,5.0,151.0,755.0,0.0,
T0100_00364,100,2018-03-09 15:45:00,2018-03-09 16:45:00,1.0,330.0,330.0,0.0,
T0100_00365,100,2018-03-14 20:00:00,2018-03-14 20:30:00,0.5,1001.0,500.5,0.0,
T0100_00366,100,2018-03-16 02:00:00,2018-03-16 05:00:00,3.0,248.0,718.0,0.75,
T0100_00367,100,2018-03-17 15:15:00,2018-03-17 18:00:00,2.75,152.0,417.0,0.75,
T0100_00368,100,2018-03-18 23:00:00,2018-03-19 00:30:00,1.5,235.0,344.25,1.0,
T0100_00369,100,2018-03-19 02:00:00,2018-03-19 05:45:00,3.75,147.0,530.0,0.0,
T0100_00370,100,2018-03-19 16:15:00,2018-03-20 01:00:00,8.75,178.0,1258.5,1.0,
T0100_00371,100,2018-03-27 06:30:00,2018-03-27 08:15:00,1.75,126.0,216.75,0.25,
T0100_00372,100,2018-03-27 16:15:00,2018-03-27 17:00:00,0.75,112.0,82.5,0.25,
T0100_00373,100,2018-03-27 22:30:00,2018-03-27 23:30:00,1.0,3875.0,1388.25,0.0,0.25
T0100_00374,100,2018-04-07 21:30:00,2018-04-07 22:15:00,0.75,764.0,573.0,0.0,
T0100_00375,100,2018-04-10 15:00:00,2018-04-10 19:30:00,4.5,306.0,1332.0,1.75,
T0100_00376,100,2018-04-12 22:15:00,2018-04-13 03:30:00,5.25,333.0,1710.75,2.25,
T0100_00377,100,2018-04-13 13:45:00,2018-04-13 21:45:00,8.0,333.0,2546.75,7.0,
T0100_00378,100,2018-04-17 19:30:00,2018-04-18 15:15:00,19.75,3809.0,29891.0,4.75,4.25
T0100_00379,100,2018-04-21 20:15:00,2018-04-21 20:45:00,0.5,1320.0,533.25,0.0,
T0100_00380,100,2018-04-22 19:30:00,2018-04-22 20:00:00,0.5,945.0,472.5,0.0,
T0100_00381,100,2018-04-25 14:45:00,2018-04-25 16:45:00,2.0,642.0,619.25,0.5,0.75
T0100_00382,100,2018-04-27 16:45:00,2018-04-27 18:30:00,1.75,214.0,163.5,0.5,
T0100_00383,100,2018-04-29 13:45:00,2018-04-29 14:30:00,0.75,317.0,237.75,0.0,
T0100_00384,100,2018-05-01 00:30:00,2018-05-01 01:45:00,1.25,300.0,375.0,0.0,
T0100_00385,100,2018-05-03 13:30:00,2018-05-04 01:30:00,12.0,1716.0,8091.25,2.5,3.5
T0100_00386,100,2018-05-05 15:45:00,2018-05-05 16:45:00,1.0,207.0,207.0,0.0,
T0100_00387,100,2018-05-12 13:45:00,2018-05-12 15:45:00,2.0,1063.0,2126.0,0.0,
T0100_00388,100,2018-05-12 18:30:00,2018-05-12 22:45:00,4.25,158.0,668.25,3.25,
T0100_00389,100,2018-05-13 03:15:00,2018-05-13 05:15:00,2.0,305.0,610.0,0.0,
T0100_00390,100,2018-05-13 20:45:00,2018-05-13 22:00:00,1.25,307.0,383.0,0.0,
T0100_00391,100,2018-05-15 14:30:00,2018-05-15 15:15:00,0.75,166.0,124.5,0.0,
T0100_00392,100,2018-05-16 21:30:00,2018-05-16 23:45:00,2.25,1037.0,2333.0,0.25,
T0100_00393,100,2018-05-18 03:45:00,2018-05-18 14:00:00,10.25,106.0,1086.5,0.0,
T0100_00394,100,2018-05-19 20:15:00,2018-05-20 12:45:00,16.5,1402.0,22042.5,5.0,
T0100_00395,100,2018-05-21 07:45:00,2018-05-21 11:45:00,4.0,3861.0,5241.5,2.75,
T0100_00396,100,2018-05-25 15:45:00,2018-05-25 17:00:00,1.25,141.0,176.25,0.0,
T0100_00397,100,2018-05-28 06:15:00,2018-05-28 09:15:00,3.0,143.0,429.0,0.0,
T0100_00398,100,2018-06-01 22:00:00,2018-06-02 02:00:00,4.0,453.0,937.0,2.25,1.25
T0100_00399,100,2018-06-04 18:15:00,2018-06-04 19:15:00,1.0,4719.0,3573.5,0.5,0.25
T0100_00400,100,2018-06-06 13:00:00,2018-06-06 13:30:00,0.5,463.0,231.25,0.0,
T0100_00401,100,2018-06-06 14:45:00,2018-06-06 15:45:00,1.0,115.0,114.75,0.0,
T0100_00402,100,2018-06-07 05:30:00,2018-06-07 07:00:00,1.5,1546.0,2318.5,0.25,
T0100_00403,100,2018-06-07 12:00:00,2018-06-07 13:00:00,1.0,146.0,145.75,0.25,
T0100_00404,100,2018-06-07 20:45:00,2018-06-07 22:30:00,1.75,2413.0,3654.0,0.75,
T0100_00405,100,2018-06-08 17:30:00,2018-06-08 18:00:00,0.5,1939.0,969.25,0.25,
T0100_00406,100,2018-06-10 14:00:00,2018-06-10 14:15:00,0.25,101.0,25.25,0.0,
T0100_00407,100,2018-06-10 15:45:00,2018-06-10 16:45:00,1.0,201.0,201.0,0.0,
T0100_00408,100,2018-06-11 17:15:00,2018-06-11 20:45:00,3.5,182.0,490.0,2.25,
T0100_00409,100,2018-06-11 22:45:00,2018-06-12 01:00:00,2.25,148.0,325.0,1.75,
T0100_00410,100,2018-06-13 16:00:00,2018-06-13 17:00:00,1.0,102.0,101.75,0.0,
T0100_00411,100,2018-06-14 13:45:00,2018-06-14 15:00:00,1.25,149.0,169.0,1.0,
T0100_00412,100,2018-06-16 22:15:00,2018-06-16 23:00:00,0.75,226.0,169.5,0.0,
T0100_00413,100,2018-06-18 06:30:00,2018-06-18 10:15:00,3.75,156.0,493.75,0.75,
T0100_00414,100,2018-06-18 23:45:00,2018-06-19 02:00:00,2.25,193.0,395.25,2.0,
T0100_00415,100,2018-06-19 18:15:00,2018-06-19 23:30:00,5.25,917.0,4012.25,3.25,1.0
T0100_00416,100,2018-06-22 15:30:00,2018-06-22 17:15:00,1.75,2361.0,4117.25,1.25,
T0100_00417,100,2018-06-24 17:30:00,2018-06-24 22:00:00,4.5,1331.0,5095.25,4.25,
T0100_00418,100,2018-06-28 22:45:00,2018-06-29 00:15:00,1.5,124.0,182.5,1.25,
T0100_00419,100,2018-06-30 12:30:00,2018-06-30 17:15:00,4.75,1269.0,3191.0,0.25,2.0
T0100_00420,100,2018-07-01 14:30:00,2018-07-01 15:15:00,0.75,163.0,122.25,0.0,
T0100_00421,100,2018-07-02 16:30:00,2018-07-02 16:45:00,0.25,6271.0,1567.75,0.0,
T0100_00422,100,2018-07-03 17:15:00,2018-07-03 21:30:00,4.25,371.0,1558.5,3.75,
T0100_00423,100,2018-07-06 14:00:00,2018-07-06 15:15:00,1.25,118.0,147.5,0.0,
T0100_00424,100,2018-07-09 12:00:00,2018-07-09 14:00:00,2.0,181.0,344.0,1.0,
T0100_00425,100,2018-07-11 12:30:00,2018-07-11 14:15:00,1.75,112.0,195.25,0.0,
T0100_00426,100,2018-07-12 18:30:00,2018-07-12 21:15:00,2.75,646.0,1556.75,0.0,
T0100_00427,100,2018-07-12 23:30:00,2018-07-13 00:00:00,0.5,204.0,102.0,0.0,
T0100_00428,100,2018-07-15 16:15:00,2018-07-15 16:30:00,0.25,116.0,29.0,0.0,
T0100_00429,100,2018-07-17 21:00:00,2018-07-18 01:00:00,4.0,951.0,3359.0,0.5,0.75
T0100_00430,100,2018-07-22 18:15:00,2018-07-23 04:00:00,9.75,2348.0,14106.25,2.25,
T0100_00431,100,2018-07-23 21:45:00,2018-07-23 22:45:00,1.0,134.0,134.0,0.0,
T0100_00432,100,2018-07-24 05:30:00,2018-07-24 06:30:00,1.0,208.0,207.5,0.0,
T0100_00433,100,2018-07-24 07:30:00,2018-07-24 08:00:00,0.5,207.0,86.25,0.25,
T0100_00434,100,2018-07-24 19:30:00,2018-07-25 01:00:00,5.5,542.0,2164.5,1.0,2.0
T0100_00435,100,2018-07-25 05:30:00,2018-07-25 09:45:00,4.25,211.0,886.75,0.25,
T0100_00436,100,2018-07-26 01:00:00,2018-07-26 05:30:00,4.5,1612.0,1465.25,1.5,0.25
T0100_00437,100,2018-07-26 06:15:00,2018-07-26 09:45:00,3.5,176.0,613.0,2.0,
T0100_00438,100,2018-07-26 14:30:00,2018-07-26 16:30:00,2.0,1144.0,2064.75,0.0,1.75
T0100_00439,100,2018-07-30 20:30:00,2018-07-30 23:15:00,2.75,3814.0,3457.25,0.0,0.5
T0100_00440,100,2018-08-01 08:00:00,2018-08-01 08:15:00,0.25,113.0,28.25,0.0,
T0100_00441,100,2018-08-04 03:00:00,2018-08-04 05:00:00,2.0,725.0,835.0,0.75,0.5
T0100_00442,100,2018-08-11 04:00:00,2018-08-11 05:15:00,1.25,108.0,135.0,0.0,
T0100_00443,100,2018-08-13 04:00:00,2018-08-13 05:15:00,1.25,195.0,243.75,0.0,
T0100_00444,100,2018-08-14 16:30:00,2018-08-14 19:00:00,2.5,289.0,721.0,0.0,
T0100_00445,100,2018-08-14 22:45:00,2018-08-14 23:00:00,0.25,7351.0,1837.75,0.0,
T0100_00446,100,2018-08-19 23:45:00,2018-08-20 03:00:00,3.25,915.0,2873.0,1.5,
T0100_00447,100,2018-08-21 15:15:00,2018-08-21 16:30:00,1.25,171.0,204.5,0.75,
T0100_00448,100,2018-08-25 13:30:00,2018-08-25 14:45:00,1.25,179.0,223.75,0.0,
T0100_00449,100,2018-08-26 18:30:00,2018-08-26 22:45:00,4.25,1331.0,5654.0,0.0,
T0100_00450,100,2018-08-27 11:45:00,2018-08-27 15:15:00,3.5,145.0,444.5,2.25,
T0100_00451,100,2018-08-28 18:15:00,2018-08-28 19:30:00,1.25,129.0,160.25,0.0,
T0100_00452,100,2018-08-31 19:30:00,2018-08-31 20:45:00,1.25,196.0,226.5,0.25,
T0100_00453,100,2018-09-04 10:15:00,2018-09-04 12:00:00,1.75,130.0,156.5,0.0,
T0100_00454,100,2018-09-04 15:15:00,2018-09-04 15:30:00,0.25,125.0,31.25,0.0,
T0100_00455,100,2018-09-04 20:30:00,2018-09-04 23:15:00,2.75,619.0,1140.75,2.25,
T0100_00456,100,2018-09-05 17:30:00,2018-09-05 19:00:00,1.5,136.0,203.25,0.0,
T0100_00457,100,2018-09-07 19:00:00,2018-09-07 20:30:00,1.5,220.0,308.75,0.25,
T0100_00458,100,2018-09-23 17:30:00,2018-09-23 18:30:00,1.0,204.0,203.75,0.25,
T0100_00459,100,2018-09-26 13:30:00,2018-09-26 15:30:00,2.0,715.0,1146.0,0.25,1.5
T0100_00460,100,2018-09-26 18:00:00,2018-09-26 20:15:00,2.25,102.0,226.0,2.0,
T0100_00461,100,2018-09-29 16:15:00,2018-09-29 17:30:00,1.25,1331.0,1663.75,0.0,
T0100_00462,100,2018-09-30 18:15:00,2018-09-30 19:15:00,1.0,1336.0,1335.25,0.0,
T0100_00463,100,2018-10-01 18:00:00,2018-10-01 19:15:00,1.25,136.0,166.0,0.25,
T0100_00464,100,2018-10-03 11:45:00,2018-10-03 13:00:00,1.25,207.0,258.75,0.0,
T0100_00465,100,2018-10-03 19:00:00,2018-10-03 19:45:00,0.75,227.0,170.25,0.0,
T0100_00466,100,2018-10-04 19:45:00,2018-10-04 21:45:00,2.0,173.0,338.25,0.75,
T0100_00467,100,2018-10-05 04:30:00,2018-10-05 11:45:00,7.25,316.0,1824.25,0.0,
T0100_00468,100,2018-10-10 06:00:00,2018-10-10 06:45:00,0.75,393.0,294.75,0.0,
T0100_00469,100,2018-10-11 02:00:00,2018-10-11 04:00:00,2.0,1177.0,1421.75,1.0,
T0100_00470,100,2018-10-14 11:00:00,2018-10-14 14:45:00,3.75,205.0,613.25,2.75,
T0100_00471,100,2018-10-14 15:45:00,2018-10-14 16:15:00,0.5,107.0,53.5,0.0,
T0100_00472,100,2018-10-15 01:00:00,2018-10-15 14:30:00,13.5,3542.0,21152.25,9.75,2.0
T0100_00473,100,2018-10-15 22:45:00,2018-10-16 00:45:00,2.0,273.0,541.0,1.0,
T0100_00474,100,2018-10-16 16:00:00,2018-10-16 16:15:00,0.25,107.0,26.75,0.0,
T0100_00475,100,2018-10-17 16:00:00,2018-10-17 16:15:00,0.25,1815.0,453.75,0.0,
T0100_00476,100,2018-10-17 23:45:00,2018-10-18 02:45:00,3.0,246.0,666.75,0.0,
T0100_00477,100,2018-10-25 16:30:00,2018-10-25 17:45:00,1.25,263.0,327.75,0.0,
T0100_00478,100,2018-10-26 20:30:00,2018-10-26 21:30:00,1.0,206.0,205.75,0.0,
T0100_00479,100,2018-10-31 15:30:00,2018-10-31 16:30:00,1.0,166.0,152.5,0.5,
T0100_00480,100,2018-11-02 13:15:00,2018-11-02 20:15:00,7.0,203.0,977.75,6.25,
T0100_00481,100,2018-11-08 07:15:00,2018-11-08 10:30:00,3.25,180.0,585.0,0.0,
T0100_00482,100,2018-11-08 16:15:00,2018-11-08 16:30:00,0.25,143.0,35.75,0.0,
T0100_00483,100,2018-11-12 20:45:00,2018-11-12 22:30:00,1.75,128.0,211.25,1.25,
T0100_00484,100,2018-11-14 17:15:00,2018-11-14 18:15:00,1.0,2347.0,2346.0,0.75,
T0100_00485,100,2018-11-15 10:30:00,2018-11-15 11:30:00,1.0,4214.0,4207.25,0.5,
T0100_00486,100,2018-11-25 03:45:00,2018-11-25 07:15:00,3.5,2123.0,3300.75,0.5,0.25
T0100_00487,100,2018-11-25 19:15:00,2018-11-25 20:15:00,1.0,1331.0,1125.5,0.0,0.75
T0100_00488,100,2018-11-25 21:00:00,2018-11-25 23:15:00,2.25,345.0,776.25,0.0,
T0100_00489,100,2018-12-03 18:00:00,2018-12-03 19:45:00,1.75,198.0,344.5,1.0,
T0100_00490,100,2018-12-05 11:30:00,2018-12-05 15:00:00,3.5,215.0,750.0,0.0,
T0100_00491,100,2018-12-06 09:15:00,2018-12-06 12:00:00,2.75,215.0,588.75,0.0,
T0100_00492,100,2018-12-18 19:45:00,2018-12-18 22:45:00,3.0,217.0,646.25,1.75,
T0100_00493,100,2018-12-20 19:15:00,2018-12-20 20:30:00,1.25,428.0,535.0,0.0,
T0100_00494,100,2018-12-21 21:15:00,2018-12-21 21:30:00,0.25,285.0,71.25,0.0,
T0100_00495,100,2018-12-23 19:15:00,2018-12-23 19:45:00,0.5,1331.0,665.5,0.0,
T0100_00496,100,2019-01-07 18:45:00,2019-01-07 22:15:00,3.5,916.0,2184.25,1.5,
T0100_00497,100,2019-01-08 00:30:00,2019-01-08 02:30:00,2.0,128.0,254.0,0.25,
T0100_00498,100,2019-01-10 03:30:00,2019-01-10 05:00:00,1.5,441.0,424.5,0.75,
T0100_00499,100,2019-01-10 17:30:00,2019-01-10 18:15:00,0.75,104.0,78.0,0.0,
T0100_00500,100,2019-01-11 15:00:00,2019-01-11 17:15:00,2.25,693.0,1269.5,0.5,
T0100_00501,100,2019-01-17 17:45:00,2019-01-17 18:15:00,0.5,126.0,63.0,0.0,
T0100_00502,100,2019-01-20 19:15:00,2019-01-20 20:00:00,0.75,1331.0,998.25,0.0,
T0100_00503,100,2019-01-23 13:30:00,2019-01-23 15:45:00,2.25,160.0,358.5,1.5,
T0100_00504,100,2019-01-28 04:45:00,2019-01-28 05:45:00,1.0,1015.0,1014.5,0.5,
T0100_00505,100,2019-01-30 07:30:00,2019-01-30 13:30:00,6.0,107.0,642.0,0.0,
T0100_00506,100,2019-01-30 20:45:00,2019-01-30 21:15:00,0.5,3793.0,1896.5,0.0,
T0100_00507,100,2019-01-31 12:15:00,2019-01-31 12:45:00,0.5,166.0,83.0,0.0,
T0100_00508,100,2019-01-31 17:15:00,2019-01-31 18:15:00,1.0,1627.0,1262.0,0.75,
T0100_00509,100,2019-02-01 12:30:00,2019-02-01 12:45:00,0.25,166.0,41.5,0.0,
T0100_00510,100,2019-02-05 16:45:00,2019-02-05 17:45:00,1.0,168.0,168.0,0.0,
T0100_00511,100,2019-02-07 14:15:00,2019-02-07 15:00:00,0.75,103.0,77.25,0.0,
T0100_00512,100,2019-02-11 18:45:00,2019-02-11 19:00:00,0.25,226.0,56.5,0.0,
T0100_00513,100,2019-02-14 02:00:00,2019-02-14 08:00:00,6.0,1309.0,3369.5,3.75,1.5
T0100_00514,100,2019-02-14 16:00:00,2019-02-14 16:45:00,0.75,101.0,75.5,0.0,0.5
T0100_00515,100,2019-02-15 20:45:00,2019-02-15 21:15:00,0.5,44170.0,22085.0,0.0,
T0100_00516,100,2019-03-08 13:30:00,2019-03-08 15:00:00,1.5,150.0,224.5,0.5,
T0100_00517,100,2019-03-13 09:30:00,2019-03-13 12:00:00,2.5,651.0,936.25,1.75,
T0100_00518,100,2019-03-13 15:15:00,2019-03-13 15:30:00,0.25,188.0,47.0,0.0,
T0100_00519,100,2019-03-13 16:15:00,2019-03-14 19:45:00,27.5,2283.0,27660.5,2.0,8.25
T0100_00520,100,2019-03-17 15:30:00,2019-03-17 17:45:00,2.25,182.0,408.5,1.0,
T0100_00521,100,2019-03-17 22:00:00,2019-03-17 23:15:00,1.25,143.0,177.75,0.0,
T0100_00522,100,2019-03-23 12:15:00,2019-03-23 14:45:00,2.5,175.0,361.75,1.5,
T0100_00523,100,2019-03-27 21:15:00,2019-03-27 23:15:00,2.0,348.0,695.75,0.25,
T0100_00524,100,2019-03-30 05:30:00,2019-03-30 09:00:00,3.5,2015.0,6981.0,0.5,
T0100_00525,100,2019-03-31 12:45:00,2019-03-31 14:15:00,1.5,128.0,192.0,0.0,
T0100_00526,100,2019-04-03 18:30:00,2019-04-03 19:15:00,0.75,103.0,77.25,0.0,
T0100_00527,100,2019-04-17 21:30:00,2019-04-17 21:45:00,0.25,340.0,85.0,0.0,
T0100_00528,100,2019-04-18 14:30:00,2019-04-18 15:45:00,1.25,211.0,263.75,0.0,
T0100_00529,100,2019-04-21 23:45:00,2019-04-22 01:15:00,1.5,259.0,385.5,0.75,
T0100_00530,100,2019-04-24 14:30:00,2019-04-24 19:00:00,4.5,296.0,765.0,0.75,0.75
T0100_00531,100,2019-04-27 03:45:00,2019-04-27 06:30:00,2.75,152.0,309.5,2.0,
T0100_00532,100,2019-04-28 21:00:00,2019-04-29 02:45:00,5.75,132.0,751.0,3.0,
T0100_00533,100,2019-05-05 21:45:00,2019-05-06 12:30:00,14.75,5992.0,63461.0,0.5,
T0100_00534,100,2019-05-06 13:15:00,2019-05-06 15:15:00,2.0,191.0,348.25,0.25,
T0100_00535,100,2019-05-06 16:30:00,2019-05-06 18:30:00,2.0,167.0,296.0,1.75,
T0100_00536,100,2019-05-09 10:30:00,2019-05-09 13:00:00,2.5,242.0,464.75,1.75,
T0100_00537,100,2019-05-10 17:15:00,2019-05-10 17:30:00,0.25,129.0,32.25,0.0,
T0100_00538,100,2019-05-10 22:45:00,2019-05-11 04:15:00,5.5,722.0,2790.25,3.75,1.0
T0100_00539,100,2019-05-16 15:30:00,2019-05-16 17:30:00,2.0,211.0,397.0,1.5,
T0100_00540,100,2019-05-18 12:15:00,2019-05-18 14:00:00,1.75,162.0,283.5,0.0,
T0100_00541,100,2019-05-18 16:30:00,2019-05-18 17:15:00,0.75,165.0,123.75,0.0,
T0100_00542,100,2019-05-21 05:00:00,2019-05-21 22:45:00,17.75,1821.0,11346.0,7.5,1.25
T0100_00543,100,2019-05-25 04:00:00,2019-05-25 05:30:00,1.5,160.0,237.25,0.5,
T0100_00544,100,2019-05-30 20:00:00,2019-05-30 21:00:00,1.0,132.0,131.5,0.5,
T0100_00545,100,2019-06-01 18:15:00,2019-06-01 18:45:00,0.5,165.0,82.5,0.0,
T0100_00546,100,2019-06-03 19:30:00,2019-06-03 20:45:00,1.25,3360.0,4176.5,0.75,
T0100_00547,100,2019-06-06 14:15:00,2019-06-06 14:30:00,0.25,353.0,88.25,0.0,
T0100_00548,100,2019-06-07 15:30:00,2019-06-07 17:45:00,2.25,125.0,279.25,2.0,
T0100_00549,100,2019-06-10 15:15:00,2019-06-10 16:15:00,1.0,101.0,101.0,0.0,
T0100_00550,100,2019-06-14 21:15:00,2019-06-15 01:30:00,4.25,458.0,1543.75,0.5,2.0
T0100_00551,100,2019-06-15 14:45:00,2019-06-15 16:00:00,1.25,538.0,638.0,0.5,
T0100_00552,100,2019-06-15 16:45:00,2019-06-15 18:30:00,1.75,131.0,228.75,0.5,
T0100_00553,100,2019-06-16 22:30:00,2019-06-16 23:30:00,1.0,126.0,126.0,0.0,
T0100_00554,100,2019-06-17 18:15:00,2019-06-18 05:30:00,11.25,1986.0,3344.75,3.25,0.75
T0100_00555,100,2019-06-19 19:30:00,2019-06-19 20:45:00,1.25,115.0,142.75,0.0,
T0100_00556,100,2019-06-20 16:30:00,2019-06-20 17:45:00,1.25,150.0,182.25,0.0,
T0100_00557,100,2019-06-21 22:00:00,2019-06-21 22:45:00,0.75,170.0,107.5,0.0,
T0100_00558,100,2019-06-22 07:15:00,2019-06-22 11:15:00,4.0,181.0,659.0,0.75,
T0100_00559,100,2019-06-25 17:30:00,2019-06-25 18:45:00,1.25,129.0,161.25,0.0,
T0100_00560,100,2019-06-27 01:45:00,2019-06-27 02:45:00,1.0,3797.0,3796.5,0.5,
T0100_00561,100,2019-06-27 04:15:00,2019-06-27 07:45:00,3.5,561.0,1950.5,0.0,
T0100_00562,100,2019-06-29 03:00:00,2019-06-29 05:15:00,2.25,221.0,438.0,1.25,
T0100_00563,100,2019-07-01 01:30:00,2019-07-01 02:00:00,0.5,108.0,54.0,0.0,
T0100_00564,100,2019-07-02 09:15:00,2019-07-02 10:45:00,1.5,101.0,151.5,0.0,
T0100_00565,100,2019-07-02 17:15:00,2019-07-02 20:15:00,3.0,116.0,343.0,0.0,
T0100_00566,100,2019-07-02 22:15:00,2019-07-02 22:30:00,0.25,107.0,26.75,0.0,
T0100_00567,100,2019-07-06 02:15:00,2019-07-06 13:00:00,10.75,2261.0,6179.75,1.25,0.75
T0100_00568,100,2019-07-06 14:15:00,2019-07-06 19:00:00,4.75,364.0,1194.25,1.75,2.0
T0100_00569,100,2019-07-08 00:30:00,2019-07-08 00:45:00,0.25,626.0,156.5,0.0,
T0100_00570,100,2019-07-10 14:30:00,2019-07-10 15:45:00,1.25,131.0,163.75,0.0,
T0100_00571,100,2019-07-12 02:30:00,2019-07-12 04:45:00,2.25,2606.0,5467.0,1.5,
T0100_00572,100,2019-07-15 15:00:00,2019-07-15 15:45:00,0.75,121.0,90.25,0.5,
T0100_00573,100,2019-07-15 16:45:00,2019-07-16 00:00:00,7.25,314.0,1445.0,0.5,3.75
T0100_00574,100,2019-07-17 22:30:00,2019-07-18 01:45:00,3.25,254.0,596.5,0.75,0.5
T0100_00575,100,2019-07-20 01:00:00,2019-07-20 02:45:00,1.75,296.0,496.0,1.25,
T0100_00576,100,2019-07-21 00:30:00,2019-07-21 03:15:00,2.75,240.0,584.0,1.75,0.5
T0100_00577,100,2019-07-25 09:45:00,2019-07-25 11:15:00,1.5,120.0,168.75,0.75,
T0100_00578,100,2019-07-25 14:00:00,2019-07-25 17:00:00,3.0,136.0,359.5,1.5,
T0100_00579,100,2019-07-25 22:30:00,2019-07-26 00:30:00,2.0,4453.0,8898.0,1.75,
T0100_00580,100,2019-07-27 05:45:00,2019-07-27 08:15:00,2.5,286.0,715.0,0.0,
T0100_00581,100,2019-07-29 13:00:00,2019-07-29 13:30:00,0.5,1094.0,340.0,0.25,
T0100_00582,100,2019-07-31 02:45:00,2019-07-31 03:45:00,1.0,156.0,156.0,0.0,
T0100_00583,100,2019-08-02 14:00:00,2019-08-02 15:00:00,1.0,146.0,145.25,0.0,
T0100_00584,100,2019-08-04 20:00:00,2019-08-04 22:45:00,2.75,311.0,852.75,2.25,
T0100_00585,100,2019-08-05 01:30:00,2019-08-05 03:15:00,1.75,152.0,265.0,0.0,
T0100_00586,100,2019-08-08 06:15:00,2019-08-08 09:00:00,2.75,1612.0,4432.75,0.25,
T0100_00587,100,2019-08-13 05:15:00,2019-08-13 07:30:00,2.25,969.0,2176.25,1.75,
T0100_00588,100,2019-08-13 17:15:00,2019-08-13 18:15:00,1.0,1548.0,1547.0,0.5,
T0100_00589,100,2019-08-14 15:45:00,2019-08-14 18:00:00,2.25,177.0,367.75,0.0,
T0100_00590,100,2019-08-16 14:15:00,2019-08-16 16:30:00,2.25,282.0,634.5,0.0,
T0100_00591,100,2019-08-19 18:45:00,2019-08-19 20:15:00,1.5,109.0,163.5,0.0,
T0100_00592,100,2019-08-21 08:30:00,2019-08-21 09:15:00,0.75,171.0,128.25,0.0,
T0100_00593,100,2019-08-22 10:00:00,2019-08-22 11:15:00,1.25,183.0,220.5,1.0,
T0100_00594,100,2019-08-22 12:00:00,2019-08-22 14:00:00,2.0,290.0,519.5,0.5,
T0100_00595,100,2019-08-22 15:30:00,2019-08-22 17:45:00,2.25,285.0,639.25,1.25,
T0100_00596,100,2019-08-27 12:30:00,2019-08-27 13:45:00,1.25,4227.0,5283.75,0.0,
T0100_00597,100,2019-08-28 18:45:00,2019-08-28 19:30:00,0.75,232.0,174.0,0.0,
T0100_00598,100,2019-08-29 09:15:00,2019-08-29 12:45:00,3.5,296.0,1036.0,0.0,
T0100_00599,100,2019-08-29 16:00:00,2019-08-29 17:15:00,1.25,103.0,128.75,0.0,
T0100_00600,100,2019-08-30 09:15:00,2019-08-30 10:45:00,1.5,1010.0,1514.75,0.0,
T0100_00601,100,2019-09-06 11:15:00,2019-09-06 18:45:00,7.5,3212.0,17963.75,6.75,
T0100_00602,100,2019-09-06 22:30:00,2019-09-06 23:15:00,0.75,1460.0,586.75,0.5,
T0100_00603,100,2019-09-08 14:15:00,2019-09-08 14:45:00,0.5,4228.0,2114.0,0.0,
T0100_00604,100,2019-09-09 06:15:00,2019-09-09 08:15:00,2.0,264.0,526.25,1.0,
T0100_00605,100,2019-09-18 20:00:00,2019-09-18 23:30:00,3.5,308.0,813.75,1.25,
T0100_00606,100,2019-09-23 17:00:00,2019-09-24 00:30:00,7.5,4451.0,2843.0,3.5,0.25
T0100_00607,100,2019-09-27 22:45:00,2019-09-27 23:30:00,0.75,3140.0,2354.5,0.0,
T0100_00608,100,2019-09-28 03:15:00,2019-09-28 06:45:00,3.5,643.0,1785.5,1.75,1.5
T0100_00609,100,2019-09-28 13:45:00,2019-09-28 15:45:00,2.0,138.0,276.0,0.0,
T0100_00610,100,2019-09-30 05:15:00,2019-09-30 05:45:00,0.5,4300.0,2149.75,0.0,
T0100_00611,100,2019-10-01 17:30:00,2019-10-01 18:30:00,1.0,158.0,157.0,0.75,
T0100_00612,100,2019-10-02 02:45:00,2019-10-02 03:45:00,1.0,150.0,150.0,0.0,
T0100_00613,100,2019-10-02 15:00:00,2019-10-02 15:45:00,0.75,187.0,127.25,0.5,
T0100_00614,100,2019-10-03 19:15:00,2019-10-03 20:15:00,1.0,216.0,179.75,0.5,
T0100_00615,100,2019-10-05 10:15:00,2019-10-05 15:30:00,5.25,5125.0,6971.5,1.0,0.25
T0100_00616,100,2019-10-08 13:30:00,2019-10-08 17:30:00,4.0,144.0,570.0,2.0,
T0100_00617,100,2019-10-09 14:45:00,2019-10-09 15:30:00,0.75,102.0,76.5,0.0,
T0100_00618,100,2019-10-11 14:00:00,2019-10-11 15:15:00,1.25,4365.0,2629.25,0.25,0.25
T0100_00619,100,2019-10-11 18:30:00,2019-10-11 18:45:00,0.25,872.0,218.0,0.0,
T0100_00620,100,2019-10-12 20:00:00,2019-10-12 22:15:00,2.25,331.0,676.25,0.5,1.5
T0100_00621,100,2019-10-14 15:15:00,2019-10-14 23:15:00,8.0,152.0,1210.75,2.0,
T0100_00622,100,2019-10-20 16:30:00,2019-10-20 21:30:00,5.0,208.0,752.75,3.25,
T0100_00623,100,2019-10-21 13:00:00,2019-10-21 16:45:00,3.75,307.0,636.25,1.5,0.25
T0100_00624,100,2019-10-22 14:30:00,2019-10-22 15:15:00,0.75,167.0,124.25,0.5,
T0100_00625,100,2019-10-23 16:00:00,2019-10-23 20:15:00,4.25,112.0,449.5,2.75,
T0100_00626,100,2019-10-23 23:00:00,2019-10-24 00:15:00,1.25,230.0,233.75,0.75,
T0100_00627,100,2019-10-24 14:45:00,2019-10-24 16:15:00,1.5,232.0,316.5,1.0,
T0100_00628,100,2019-10-26 15:30:00,2019-10-26 19:45:00,4.25,152.0,583.25,0.25,
T0100_00629,100,2019-10-28 15:15:00,2019-10-28 19:45:00,4.5,10666.0,29612.5,3.75,0.25
T0100_00630,100,2019-11-03 16:00:00,2019-11-03 16:45:00,0.75,569.0,426.75,0.0,
T0100_00631,100,2019-11-05 22:30:00,2019-11-05 22:45:00,0.25,141.0,35.25,0.0,
T0100_00632,100,2019-11-10 08:00:00,2019-11-10 11:00:00,3.0,3603.0,9667.0,0.5,
T0100_00633,100,2019-11-10 13:00:00,2019-11-10 13:30:00,0.5,126.0,63.0,0.0,
T0100_00634,100,2019-11-12 18:45:00,2019-11-13 00:00:00,5.25,315.0,1024.5,2.75,
T0100_00635,100,2019-11-14 15:15:00,2019-11-14 22:15:00,7.0,151.0,862.0,5.75,
T0100_00636,100,2019-11-17 16:15:00,2019-11-17 18:45:00,2.5,2829.0,5207.25,0.25,
T0100_00637,100,2019-11-18 03:45:00,2019-11-18 08:00:00,4.25,293.0,1080.0,0.0,
T0100_00638,100,2019-11-18 17:00:00,2019-11-18 21:15:00,4.25,924.0,3922.75,3.25,
T0100_00639,100,2019-11-21 18:45:00,2019-11-21 22:00:00,3.25,190.0,614.5,0.0,
T0100_00640,100,2019-11-23 17:45:00,2019-11-23 18:30:00,0.75,100.0,75.0,0.0,0.0
T0100_00641,100,2019-11-25 15:00:00,2019-11-25 16:00:00,1.0,645.0,645.0,0.0,
T0100_00642,100,2019-11-25 21:00:00,2019-11-25 21:45:00,0.75,214.0,158.0,0.25,
T0100_00643,100,2019-11-29 18:45:00,2019-11-29 19:45:00,1.0,647.0,646.5,0.5,
T0100_00644,100,2019-11-30 08:30:00,2019-11-30 13:00:00,4.5,702.0,1570.25,3.25,0.25
T0100_00645,100,2019-11-30 14:00:00,2019-12-02 06:30:00,40.5,2198.0,28494.75,11.0,3.5
T0100_00646,100,2019-12-03 08:00:00,2019-12-03 08:45:00,0.75,469.0,351.75,0.0,
T0100_00647,100,2019-12-03 17:15:00,2019-12-03 20:30:00,3.25,354.0,533.75,1.0,0.25
T0100_00648,100,2019-12-03 21:30:00,2019-12-04 00:00:00,2.5,972.0,2031.0,0.5,
T0100_00649,100,2019-12-04 15:45:00,2019-12-04 17:15:00,1.5,267.0,394.0,1.0,
T0100_00650,100,2019-12-07 21:30:00,2019-12-08 01:15:00,3.75,150.0,461.25,0.25,
T0100_00651,100,2019-12-11 16:00:00,2019-12-12 00:30:00,8.5,207.0,1585.25,0.75,
T0100_00652,100,2019-12-13 16:45:00,2019-12-13 17:45:00,1.0,153.0,150.5,0.75,
T0100_00653,100,2019-12-13 19:30:00,2019-12-13 19:45:00,0.25,101.0,25.25,0.0,
T0100_00654,100,2019-12-17 15:00:00,2019-12-17 18:15:00,3.25,327.0,943.25,0.75,
T0100_00655,100,2019-12-17 22:00:00,2019-12-17 23:15:00,1.25,256.0,319.25,0.0,
T0100_00656,100,2019-12-18 17:30:00,2019-12-18 19:45:00,2.25,157.0,327.25,0.75,
T0100_00657,100,2019-12-18 21:00:00,2019-12-18 23:15:00,2.25,127.0,270.75,0.0,
T0100_00658,100,2019-12-20 20:00:00,2019-12-20 21:15:00,1.25,485.0,566.5,0.75,
T0100_00659,100,2019-12-21 15:15:00,2019-12-21 16:30:00,1.25,116.0,145.0,0.0,
T0100_00660,100,2020-01-01 16:45:00,2020-01-01 19:00:00,2.25,138.0,306.75,0.0,
T0100_00661,100,2020-01-07 12:30:00,2020-01-07 17:30:00,5.0,493.0,1168.5,2.0,0.5
T0100_00662,100,2020-01-12 20:15:00,2020-01-12 20:45:00,0.5,113.0,56.5,0.0,
T0100_00663,100,2020-01-13 19:45:00,2020-01-13 20:00:00,0.25,106.0,26.5,0.0,
T0100_00664,100,2020-01-14 02:15:00,2020-01-14 04:00:00,1.75,394.0,671.75,0.25,
T0100_00665,100,2020-01-22 01:30:00,2020-01-22 03:00:00,1.5,150.0,223.75,0.5,
T0100_00666,100,2020-01-22 05:15:00,2020-01-22 05:45:00,0.5,157.0,78.25,0.25,
T0100_00667,100,2020-02-01 16:45:00,2020-02-01 17:45:00,1.0,328.0,305.25,0.5,
T0100_00668,100,2020-02-10 16:15:00,2020-02-10 17:15:00,1.0,2384.0,2381.5,0.75,
T0100_00669,100,2020-02-12 17:00:00,2020-02-12 18:00:00,1.0,2986.0,2984.75,0.5,
T0100_00670,100,2020-02-13 05:00:00,2020-02-13 06:45:00,1.75,2043.0,3574.0,0.25,
T0100_00671,100,2020-02-14 21:30:00,2020-02-14 23:30:00,2.0,182.0,306.75,0.0,
T0100_00672,100,2020-02-24 11:30:00,2020-02-24 13:45:00,2.25,118.0,244.25,1.75,
T0100_00673,100,2020-02-27 10:00:00,2020-02-27 12:15:00,2.25,202.0,454.5,0.0,
T0100_00674,100,2020-03-04 14:15:00,2020-03-04 14:45:00,0.5,146.0,72.75,0.25,
T0100_00675,100,2020-03-09 03:15:00,2020-03-09 05:15:00,2.0,1019.0,1511.25,0.75,0.75
T0100_00676,100,2020-03-09 18:15:00,2020-03-09 19:30:00,1.25,195.0,229.5,0.25,
T0100_00677,100,2020-03-17 14:45:00,2020-03-17 15:30:00,0.75,121.0,90.75,0.0,
T0100_00678,100,2020-03-19 16:15:00,2020-03-20 04:00:00,11.75,2511.0,9351.25,0.5,0.5
T0100_00679,100,2020-03-21 15:45:00,2020-03-21 19:15:00,3.5,565.0,1307.0,0.75,1.75
T0100_00680,100,2020-03-22 17:00:00,2020-03-22 19:00:00,2.0,1033.0,1372.5,0.25,
T0100_00681,100,2020-03-25 14:45:00,2020-03-25 21:15:00,6.5,252.0,1497.0,0.0,
T0100_00682,100,2020-03-28 04:00:00,2020-03-28 06:45:00,2.75,358.0,734.75,1.0,
T0100_00683,100,2020-03-28 22:15:00,2020-03-28 23:45:00,1.5,113.0,169.5,0.0,
T0100_00684,100,2020-04-08 04:30:00,2020-04-08 05:30:00,1.0,975.0,877.25,0.0,
T0100_00685,100,2020-04-16 07:45:00,2020-04-16 16:30:00,8.75,1991.0,7230.0,1.75,2.5
T0100_00686,100,2020-04-17 16:00:00,2020-04-17 17:15:00,1.25,462.0,575.75,0.5,
T0100_00687,100,2020-04-18 16:00:00,2020-04-18 17:45:00,1.75,4254.0,4460.75,0.5,0.5
T0100_00688,100,2020-04-24 13:00:00,2020-04-24 14:45:00,1.75,571.0,514.5,1.0,
T0100_00689,100,2020-05-03 04:00:00,2020-05-03 08:30:00,4.5,175.0,779.0,0.5,
T0100_00690,100,2020-05-04 22:00:00,2020-05-04 23:30:00,1.5,220.0,327.75,1.0,
T0100_00691,100,2020-05-07 16:15:00,2020-05-07 18:00:00,1.75,197.0,336.0,0.0,
T0100_00692,100,2020-05-12 13:15:00,2020-05-12 14:00:00,0.75,237.0,177.25,0.5,
T0100_00693,100,2020-05-16 14:45:00,2020-05-16 16:15:00,1.5,428.0,642.0,0.0,
T0100_00694,100,2020-05-17 04:30:00,2020-05-17 05:30:00,1.0,214.0,214.0,0.0,
T0100_00695,100,2020-05-17 16:00:00,2020-05-17 17:00:00,1.0,543.0,473.5,0.25,
T0100_00696,100,2020-05-18 19:00:00,2020-05-18 22:00:00,3.0,528.0,1538.25,2.25,
T0100_00697,100,2020-05-19 01:15:00,2020-05-19 02:15:00,1.0,112.0,112.0,0.0,
T0100_00698,100,2020-05-19 23:00:00,2020-05-19 23:15:00,0.25,401.0,100.25,0.0,
T0100_00699,100,2020-05-20 05:00:00,2020-05-20 08:00:00,3.0,221.0,573.0,0.0,
T0100_00700,100,2020-05-22 02:00:00,2020-05-22 03:30:00,1.5,102.0,153.0,0.0,
T0100_00701,100,2020-05-23 12:30:00,2020-05-23 14:15:00,1.75,557.0,973.25,1.25,
T0100_00702,100,2020-05-24 20:30:00,2020-05-24 23:45:00,3.25,388.0,827.5,0.0,1.75
T0100_00703,100,2020-05-31 11:00:00,2020-05-31 15:45:00,4.75,224.0,702.5,4.25,
T0100_00704,100,2020-06-01 18:30:00,2020-06-01 20:15:00,1.75,4104.0,3443.75,0.75,0.25
T0100_00705,100,2020-06-02 22:15:00,2020-06-03 00:00:00,1.75,240.0,389.25,0.25,
T0100_00706,100,2020-06-03 01:15:00,2020-06-03 02:30:00,1.25,127.0,151.0,1.0,
T0100_00707,100,2020-06-03 20:30:00,2020-06-03 22:00:00,1.5,344.0,490.5,1.25,
T0100_00708,100,2020-06-04 20:00:00,2020-06-04 21:00:00,1.0,1206.0,1205.25,0.5,
T0100_00709,100,2020-06-06 21:45:00,2020-06-07 03:15:00,5.5,1079.0,2782.25,1.25,0.25
T0100_00710,100,2020-06-08 04:00:00,2020-06-08 06:30:00,2.5,296.0,495.0,0.0,1.0
T0100_00711,100,2020-06-10 00:30:00,2020-06-10 07:30:00,7.0,335.0,1837.0,1.75,0.25
T0100_00712,100,2020-06-11 17:45:00,2020-06-12 01:30:00,7.75,826.0,2893.0,5.25,0.25
T0100_00713,100,2020-06-12 03:00:00,2020-06-12 03:30:00,0.5,561.0,280.5,0.0,
T0100_00714,100,2020-06-14 14:30:00,2020-06-14 15:15:00,0.75,158.0,110.75,0.5,
T0100_00715,100,2020-06-17 13:00:00,2020-06-17 13:30:00,0.5,102.0,51.0,0.0,
T0100_00716,100,2020-06-19 15:30:00,2020-06-19 16:00:00,0.5,111.0,55.5,0.0,
T0100_00717,100,2020-06-19 20:30:00,2020-06-19 21:45:00,1.25,3907.0,4872.75,0.5,
T0100_00718,100,2020-06-20 15:00:00,2020-06-20 17:15:00,2.25,267.0,582.75,0.5,
T0100_00719,100,2020-06-21 10:30:00,2020-06-21 12:45:00,2.25,431.0,896.25,0.75,
T0100_00720,100,2020-06-22 13:30:00,2020-06-22 14:00:00,0.5,127.0,63.5,0.0,
T0100_00721,100,2020-06-22 16:15:00,2020-06-22 18:15:00,2.0,215.0,421.25,0.25,
T0100_00722,100,2020-06-24 17:15:00,2020-06-24 18:00:00,0.75,273.0,202.75,0.25,
T0100_00723,100,2020-06-24 21:00:00,2020-06-24 21:45:00,0.75,177.0,132.25,0.0,
T0100_00724,100,2020-06-25 00:15:00,2020-06-25 07:15:00,7.0,310.0,1396.0,2.75,0.5
T0100_00725,100,2020-06-26 22:00:00,2020-06-27 01:30:00,3.5,168.0,434.25,0.0,
T0100_00726,100,2020-07-01 11:15:00,2020-07-01 23:00:00,11.75,234.0,2542.25,5.75,
T0100_00727,100,2020-07-03 01:15:00,2020-07-03 02:15:00,1.0,239.0,238.0,0.0,
T0100_00728,100,2020-07-07 17:15:00,2020-07-07 19:45:00,2.5,725.0,914.5,1.5,
T0100_00729,100,2020-07-08 13:15:00,2020-07-08 14:30:00,1.25,272.0,333.0,1.0,
T0100_00730,100,2020-07-12 13:00:00,2020-07-12 13:30:00,0.5,361.0,180.5,0.0,
T0100_00731,100,2020-07-12 17:30:00,2020-07-12 18:15:00,0.75,131.0,98.25,0.0,
T0100_00732,100,2020-07-13 01:45:00,2020-07-13 03:45:00,2.0,129.0,258.0,0.0,
T0100_00733,100,2020-07-13 15:30:00,2020-07-13 17:45:00,2.25,164.0,338.5,1.5,
T0100_00734,100,2020-07-14 02:45:00,2020-07-14 03:00:00,0.25,259.0,64.75,0.0,
T0100_00735,100,2020-07-15 21:00:00,2020-07-15 23:30:00,2.5,147.0,367.5,0.0,
T0100_00736,100,2020-07-16 13:30:00,2020-07-16 13:45:00,0.25,147.0,36.75,0.0,
T0100_00737,100,2020-07-17 16:15:00,2020-07-17 22:15:00,6.0,504.0,1587.0,4.5,0.25
T0100_00738,100,2020-07-18 14:00:00,2020-07-18 16:00:00,2.0,152.0,302.25,1.75,
T0100_00739,100,2020-07-21 17:30:00,2020-07-21 18:15:00,0.75,144.0,106.5,0.5,
T0100_00740,100,2020-07-22 18:45:00,2020-07-23 00:15:00,5.5,108.0,537.5,2.75,
T0100_00741,100,2020-07-23 13:15:00,2020-07-23 15:15:00,2.0,310.0,542.75,0.25,
T0100_00742,100,2020-07-24 03:00:00,2020-07-24 04:45:00,1.75,105.0,183.75,0.0,
T0100_00743,100,2020-07-24 14:45:00,2020-07-24 15:30:00,0.75,168.0,125.25,0.25,
T0100_00744,100,2020-07-25 22:15:00,2020-07-26 00:45:00,2.5,111.0,277.5,0.0,
T0100_00745,100,2020-07-29 13:00:00,2020-07-29 14:15:00,1.25,183.0,227.25,0.5,
T0100_00746,100,2020-07-29 21:00:00,2020-07-29 21:15:00,0.25,143.0,35.75,0.0,
T0100_00747,100,2020-07-31 15:00:00,2020-07-31 19:15:00,4.25,295.0,957.75,0.5,3.0
T0100_00748,100,2020-08-05 22:00:00,2020-08-05 23:00:00,1.0,827.0,826.75,0.25,
T0100_00749,100,2020-08-06 17:00:00,2020-08-06 18:00:00,1.0,186.0,185.25,0.75,
T0100_00750,100,2020-08-08 07:00:00,2020-08-08 08:30:00,1.5,150.0,225.0,0.0,
T0100_00751,100,2020-08-08 13:30:00,2020-08-08 16:00:00,2.5,195.0,325.5,2.25,
T0100_00752,100,2020-08-08 17:45:00,2020-08-08 18:00:00,0.25,152.0,38.0,0.0,
T0100_00753,100,2020-08-08 18:45:00,2020-08-08 19:00:00,0.25,151.0,37.75,0.0,
T0100_00754,100,2020-08-08 21:30:00,2020-08-08 22:15:00,0.75,146.0,109.25,0.0,
T0100_00755,100,2020-08-09 23:00:00,2020-08-09 23:45:00,0.75,103.0,76.75,0.0,
T0100_00756,100,2020-08-10 22:30:00,2020-08-11 01:45:00,3.25,142.0,459.25,0.25,
T0100_00757,100,2020-08-11 14:45:00,2020-08-11 19:30:00,4.75,193.0,755.25,1.75,
T0100_00758,100,2020-08-16 15:30:00,2020-08-16 16:30:00,1.0,129.0,128.25,0.5,
T0100_00759,100,2020-08-18 14:30:00,2020-08-18 17:00:00,2.5,280.0,440.5,0.75,1.25
T0100_00760,100,2020-08-22 14:00:00,2020-08-22 16:30:00,2.5,510.0,568.25,1.75,0.5
T0100_00761,100,2020-08-25 00:15:00,2020-08-25 01:45:00,1.5,1181.0,1561.0,0.5,0.75
T0100_00762,100,2020-08-26 00:00:00,2020-08-26 00:30:00,0.5,100.0,50.0,0.0,0.0
T0100_00763,100,2020-08-26 15:15:00,2020-08-26 19:45:00,4.5,200.0,772.5,0.75,
T0100_00764,100,2020-08-27 23:15:00,2020-08-28 01:45:00,2.5,138.0,342.75,0.0,
T0100_00765,100,2020-08-28 19:45:00,2020-08-28 20:30:00,0.75,107.0,79.75,0.0,
T0100_00766,100,2020-08-29 00:30:00,2020-08-29 05:00:00,4.5,173.0,542.0,0.0,
T0100_00767,100,2020-08-31 16:30:00,2020-08-31 23:00:00,6.5,128.0,826.0,4.0,
T0100_00768,100,2020-09-01 08:45:00,2020-09-01 11:30:00,2.75,172.0,462.5,1.25,
T0100_00769,100,2020-09-02 15:30:00,2020-09-02 21:30:00,6.0,209.0,1248.0,0.5,
T0100_00770,100,2020-09-03 13:45:00,2020-09-03 20:15:00,6.5,211.0,1352.0,2.75,
T0100_00771,100,2020-09-06 22:45:00,2020-09-07 00:15:00,1.5,216.0,286.0,0.0,
T0100_00772,100,2020-09-08 23:45:00,2020-09-10 08:00:00,32.25,16554.0,82419.0,16.25,0.25
T0100_00773,100,2020-09-10 21:30:00,2020-09-10 22:30:00,1.0,328.0,315.75,0.5,
T0100_00774,100,2020-09-11 20:30:00,2020-09-11 22:45:00,2.25,290.0,354.75,1.5,
T0100_00775,100,2020-09-12 16:00:00,2020-09-12 19:15:00,3.25,114.0,298.75,2.75,
T0100_00776,100,2020-09-14 19:15:00,2020-09-14 20:00:00,0.75,178.0,133.5,0.0,
T0100_00777,100,2020-09-14 22:30:00,2020-09-15 01:00:00,2.5,199.0,301.25,2.25,
T0100_00778,100,2020-09-15 14:30:00,2020-09-15 20:45:00,6.25,222.0,1365.25,1.0,
T0100_00779,100,2020-09-15 23:30:00,2020-09-16 00:30:00,1.0,218.0,217.5,0.5,
T0100_00780,100,2020-09-16 06:15:00,2020-09-16 07:45:00,1.5,168.0,252.0,0.0,
T0100_00781,100,2020-09-19 13:15:00,2020-09-19 13:30:00,0.25,213.0,53.25,0.0,
T0100_00782,100,2020-09-21 18:30:00,2020-09-21 19:00:00,0.5,134.0,67.0,0.0,
T0100_00783,100,2020-09-22 23:15:00,2020-09-23 03:00:00,3.75,364.0,1359.75,2.0,
T0100_00784,100,2020-09-26 15:30:00,2020-09-26 17:30:00,2.0,727.0,1452.25,0.5,
T0100_00785,100,2020-09-27 22:15:00,2020-09-27 22:45:00,0.5,2054.0,1026.5,0.0,
T0100_00786,100,2020-09-30 09:30:00,2020-09-30 17:45:00,8.25,255.0,1422.0,0.0,3.75
T0100_00787,100,2020-10-01 07:30:00,2020-10-01 10:00:00,2.5,144.0,360.0,0.0,
T0100_00788,100,2020-10-02 18:45:00,2020-10-02 21:15:00,2.5,1440.0,3600.0,0.0,
T0100_00789,100,2020-10-05 16:30:00,2020-10-05 20:15:00,3.75,164.0,472.25,3.0,
T0100_00790,100,2020-10-06 15:45:00,2020-10-06 18:15:00,2.5,251.0,444.5,0.5,
T0100_00791,100,2020-10-07 15:00:00,2020-10-07 16:00:00,1.0,171.0,146.0,0.75,
T0100_00792,100,2020-10-09 17:45:00,2020-10-09 19:15:00,1.5,5245.0,5628.0,0.25,0.75
T0100_00793,100,2020-10-09 22:00:00,2020-10-09 22:30:00,0.5,110.0,54.75,0.25,
T0100_00794,100,2020-10-10 14:45:00,2020-10-10 23:30:00,8.75,156.0,1351.25,3.25,
T0100_00795,100,2020-10-11 14:15:00,2020-10-11 15:00:00,0.75,119.0,89.0,0.25,
T0100_00796,100,2020-10-11 17:45:00,2020-10-12 06:00:00,12.25,9036.0,10474.0,4.0,0.25
T0100_00797,100,2020-10-14 06:00:00,2020-10-14 23:15:00,17.25,2170.0,4922.25,0.0,1.25
T0100_00798,100,2020-10-15 06:15:00,2020-10-15 06:30:00,0.25,2172.0,543.0,0.0,
T0100_00799,100,2020-10-15 14:45:00,2020-10-15 17:45:00,3.0,278.0,514.0,0.25,1.5
T0100_00800,100,2020-10-17 12:45:00,2020-10-17 15:00:00,2.25,262.0,358.5,1.5,
T0100_00801,100,2020-10-17 20:45:00,2020-10-19 14:00:00,41.25,3852.0,42944.75,30.0,1.0
T0100_00802,100,2020-10-19 14:45:00,2020-10-23 03:00:00,84.25,1462.0,72195.0,57.0,1.25
T0100_00803,100,2020-10-23 03:45:00,2020-10-23 04:30:00,0.75,623.0,467.25,0.0,
T0100_00804,100,2020-10-23 05:15:00,2020-10-23 05:45:00,0.5,623.0,311.5,0.0,
T0100_00805,100,2020-10-23 07:00:00,2020-10-23 10:00:00,3.0,623.0,934.5,0.0,
T0100_00806,100,2020-10-23 11:15:00,2020-10-23 12:15:00,1.0,623.0,467.25,0.0,
T0100_00807,100,2020-10-23 14:00:00,2020-10-23 16:15:00,2.25,623.0,934.5,0.0,
T0100_00808,100,2020-10-23 17:30:00,2020-10-23 18:45:00,1.25,624.0,468.0,0.0,
T0100_00809,100,2020-10-23 19:30:00,2020-10-24 00:15:00,4.75,624.0,1710.5,0.0,2.5
T0100_00810,100,2020-10-24 01:15:00,2020-10-24 05:00:00,3.75,598.0,1492.75,3.5,
T0100_00811,100,2020-10-24 05:45:00,2020-10-24 09:45:00,4.0,598.0,1515.75,0.0,2.0
T0100_00812,100,2020-10-24 11:15:00,2020-10-24 14:00:00,2.75,598.0,1046.5,0.0,
T0100_00813,100,2020-10-24 15:15:00,2020-10-24 15:30:00,0.25,598.0,149.5,0.0,
T0100_00814,100,2020-10-24 16:15:00,2020-10-24 20:15:00,4.0,599.0,1345.75,0.5,
T0100_00815,100,2020-10-24 21:00:00,2020-10-24 21:15:00,0.25,598.0,149.5,0.0,
T0100_00816,100,2020-10-24 22:30:00,2020-10-25 01:00:00,2.5,600.0,1048.0,2.0,
T0100_00817,100,2020-10-25 02:45:00,2020-10-25 03:30:00,0.75,598.0,448.5,0.0,
T0100_00818,100,2020-10-25 04:30:00,2020-10-25 05:30:00,1.0,598.0,299.0,0.0,
T0100_00819,100,2020-10-25 07:00:00,2020-10-25 08:15:00,1.25,598.0,598.0,0.0,
T0100_00820,100,2020-10-25 09:00:00,2020-10-25 11:00:00,2.0,598.0,747.5,0.0,
T0100_00821,100,2020-10-25 12:00:00,2020-10-25 12:30:00,0.5,598.0,299.0,0.0,
T0100_00822,100,2020-10-25 13:15:00,2020-10-25 16:15:00,3.0,598.0,1046.5,0.0,
T0100_00823,100,2020-10-29 04:00:00,2020-10-29 06:15:00,2.25,284.0,620.0,0.0,
T0100_00824,100,2020-10-30 15:30:00,2020-10-30 15:45:00,0.25,153.0,38.25,0.0,
T0100_00825,100,2020-11-01 23:15:00,2020-11-02 01:15:00,2.0,135.0,176.75,1.5,
T0100_00826,100,2020-11-03 14:30:00,2020-11-03 16:00:00,1.5,180.0,262.25,1.0,
T0100_00827,100,2020-11-04 17:15:00,2020-11-04 19:00:00,1.75,105.0,183.75,0.0,
T0100_00828,100,2020-11-06 17:30:00,2020-11-06 22:15:00,4.75,126.0,567.5,0.5,
T0100_00829,100,2020-11-07 15:00:00,2020-11-07 16:30:00,1.5,158.0,222.5,0.0,1.25
T0100_00830,100,2020-11-12 19:15:00,2020-11-12 19:30:00,0.25,141.0,35.25,0.0,
T0100_00831,100,2020-11-13 16:00:00,2020-11-13 17:45:00,1.75,1364.0,1539.5,0.25,0.75
T0100_00832,100,2020-11-16 04:15:00,2020-11-16 05:00:00,0.75,126.0,94.5,0.0,
T0100_00833,100,2020-11-16 19:15:00,2020-11-16 22:30:00,3.25,240.0,777.0,1.75,
T0100_00834,100,2020-11-19 15:30:00,2020-11-19 20:45:00,5.25,585.0,2907.5,2.0,
T0100_00835,100,2020-11-20 23:45:00,2020-11-21 00:45:00,1.0,121.0,121.0,0.0,
T0100_00836,100,2020-11-25 13:15:00,2020-11-25 14:45:00,1.5,336.0,504.0,0.0,
T0100_00837,100,2020-11-25 19:45:00,2020-11-25 20:30:00,0.75,204.0,153.0,0.0,
T0100_00838,100,2020-11-26 16:45:00,2020-11-26 17:45:00,1.0,228.0,228.0,0.0,
T0100_00839,100,2020-12-04 17:30:00,2020-12-04 19:45:00,2.25,539.0,1200.25,0.5,
T0100_00840,100,2020-12-07 19:45:00,2020-12-07 20:45:00,1.0,132.0,131.25,0.75,
T0100_00841,100,2020-12-08 17:00:00,2020-12-08 17:45:00,0.75,6941.0,4035.0,0.25,
T0100_00842,100,2020-12-10 04:30:00,2020-12-10 04:45:00,0.25,131.0,32.75,0.0,
T0100_00843,100,2020-12-10 07:45:00,2020-12-10 09:30:00,1.75,270.0,471.0,1.0,
T0100_00844,100,2020-12-18 15:30:00,2020-12-18 19:30:00,4.0,107.0,422.25,2.5,
T0100_00845,100,2020-12-20 16:30:00,2020-12-21 01:45:00,9.25,334.0,2421.75,1.5,
T0100_00846,100,2020-12-26 20:00:00,2020-12-26 21:15:00,1.25,147.0,182.75,1.0,
T0100_00847,100,2021-01-05 15:45:00,2021-01-06 00:00:00,8.25,264.0,1225.5,3.0,0.75
T0100_00848,100,2021-01-06 17:15:00,2021-01-06 18:00:00,0.75,1814.0,1360.25,0.0,
T0100_00849,100,2021-01-08 17:00:00,2021-01-08 23:45:00,6.75,224.0,1433.25,2.25,
T0100_00850,100,2021-01-14 02:45:00,2021-01-14 06:45:00,4.0,164.0,595.75,1.25,
T0100_00851,100,2021-01-19 17:00:00,2021-01-19 17:15:00,0.25,2536.0,634.0,0.0,
T0100_00852,100,2021-01-20 17:15:00,2021-01-20 22:15:00,5.0,199.0,802.75,2.25,
T0100_00853,100,2021-01-28 17:15:00,2021-01-28 20:00:00,2.75,1126.0,556.0,0.0,0.25
T0100_00854,100,2021-01-28 21:15:00,2021-01-28 22:15:00,1.0,1108.0,1108.0,0.0,
T0100_00855,100,2021-01-30 15:30:00,2021-01-30 21:45:00,6.25,172.0,905.5,1.0,
T0100_00856,100,2021-01-31 16:30:00,2021-01-31 21:30:00,5.0,194.0,937.0,0.0,
T0100_00857,100,2021-02-04 20:30:00,2021-02-04 22:15:00,1.75,189.0,324.75,0.0,
T0100_00858,100,2021-02-08 17:45:00,2021-02-08 18:30:00,0.75,164.0,122.5,0.5,
T0100_00859,100,2021-02-10 18:15:00,2021-02-10 18:30:00,0.25,478.0,119.5,0.0,
T0100_00860,100,2021-02-10 19:30:00,2021-02-10 20:00:00,0.5,478.0,239.0,0.0,
T0100_00861,100,2021-02-15 01:00:00,2021-02-15 02:45:00,1.75,1590.0,2079.0,1.0,0.5
T0100_00862,100,2021-02-15 20:00:00,2021-02-15 20:15:00,0.25,217.0,54.25,0.0,
T0100_00863,100,2021-02-17 18:15:00,2021-02-17 19:00:00,0.75,175.0,131.25,0.0,
T0100_00864,100,2021-02-26 17:30:00,2021-02-26 17:45:00,0.25,1606.0,401.5,0.0,
T0100_00865,100,2021-03-01 21:00:00,2021-03-01 22:00:00,1.0,1925.0,1538.5,0.0,0.25
T0100_00866,100,2021-03-05 15:15:00,2021-03-05 16:00:00,0.75,163.0,122.25,0.0,
T0100_00867,100,2021-03-08 17:15:00,2021-03-08 22:00:00,4.75,106.0,496.5,3.0,
T0100_00868,100,2021-03-13 20:45:00,2021-03-13 21:15:00,0.5,1634.0,817.0,0.0,
T0100_00869,100,2021-03-14 02:15:00,2021-03-14 04:15:00,2.0,323.0,646.0,0.0,
T0100_00870,100,2021-03-14 11:45:00,2021-03-15 15:45:00,28.0,7374.0,26326.5,12.0,0.25
T0100_00871,100,2021-03-15 17:30:00,2021-03-15 17:45:00,0.25,296.0,74.0,0.0,
T0100_00872,100,2021-03-15 19:00:00,2021-03-15 21:30:00,2.5,145.0,351.0,0.75,
T0100_00873,100,2021-03-17 00:30:00,2021-03-17 02:30:00,2.0,256.0,512.0,0.0,
T0100_00874,100,2021-03-18 20:00:00,2021-03-18 23:15:00,3.25,222.0,695.25,0.25,
T0100_00875,100,2021-03-21 21:15:00,2021-03-21 22:30:00,1.25,337.0,421.25,0.0,
T0100_00876,100,2021-03-22 13:30:00,2021-03-22 15:45:00,2.25,143.0,317.25,1.75,
T0100_00877,100,2021-03-26 02:15:00,2021-03-26 03:30:00,1.25,446.0,543.0,0.25,
T0100_00878,100,2021-03-26 16:15:00,2021-03-26 17:45:00,1.5,3791.0,4767.5,0.25,
T0100_00879,100,2021-03-28 14:15:00,2021-03-28 17:30:00,3.25,253.0,493.0,0.75,
T0100_00880,100,2021-03-29 18:00:00,2021-03-29 21:30:00,3.5,133.0,452.25,1.0,
T0100_00881,100,2021-04-04 16:30:00,2021-04-04 18:15:00,1.75,1389.0,1999.25,0.5,
T0100_00882,100,2021-04-07 16:15:00,2021-04-07 17:00:00,0.75,1315.0,986.25,0.0,
T0100_00883,100,2021-04-07 19:00:00,2021-04-07 19:15:00,0.25,1125.0,281.25,0.0,
T0100_00884,100,2021-04-08 17:45:00,2021-04-08 18:15:00,0.5,178.0,80.0,0.0,
T0100_00885,100,2021-04-09 19:00:00,2021-04-09 22:00:00,3.0,262.0,698.0,0.0,
T0100_00886,100,2021-04-10 16:00:00,2021-04-10 17:00:00,1.0,139.0,139.0,0.0,
T0100_00887,100,2021-04-12 08:45:00,2021-04-12 10:45:00,2.0,156.0,312.0,0.0,
T0100_00888,100,2021-04-20 16:15:00,2021-04-20 16:30:00,0.25,247.0,61.75,0.0,
T0100_00889,100,2021-04-23 22:15:00,2021-04-24 00:45:00,2.5,119.0,297.5,0.0,
T0100_00890,100,2021-04-28 00:00:00,2021-04-28 18:30:00,18.5,1084.0,7432.75,14.5,1.5
T0100_00891,100,2021-04-29 17:15:00,2021-04-29 22:45:00,5.5,1038.0,3274.25,2.75,0.5
T0100_00892,100,2021-05-03 13:00:00,2021-05-03 20:45:00,7.75,1086.0,4160.0,5.25,1.75
T0100_00893,100,2021-05-05 02:45:00,2021-05-05 03:00:00,0.25,116.0,29.0,0.0,
T0100_00894,100,2021-05-10 20:00:00,2021-05-10 20:15:00,0.25,503.0,125.75,0.0,
T0100_00895,100,2021-05-12 13:00:00,2021-05-12 14:00:00,1.0,213.0,207.75,0.25,
T0100_00896,100,2021-05-12 14:45:00,2021-05-12 17:30:00,2.75,684.0,1117.5,1.5,0.25
T0100_00897,100,2021-05-18 02:15:00,2021-05-18 05:30:00,3.25,452.0,1136.75,1.0,
T0100_00898,100,2021-05-18 08:15:00,2021-05-18 08:45:00,0.5,231.0,115.5,0.0,
T0100_00899,100,2021-05-18 15:00:00,2021-05-18 20:45:00,5.75,255.0,1311.25,2.75,2.0
T0100_00900,100,2021-05-24 08:45:00,2021-05-24 09:00:00,0.25,1244.0,311.0,0.0,
T0100_00901,100,2021-05-25 15:45:00,2021-05-25 16:15:00,0.5,114.0,56.75,0.0,
T0100_00902,100,2021-05-25 17:15:00,2021-05-25 17:30:00,0.25,164.0,41.0,0.0,
T0100_00903,100,2021-05-26 13:15:00,2021-05-26 14:00:00,0.75,256.0,170.5,0.5,
T0100_00904,100,2021-05-27 12:30:00,2021-05-27 13:00:00,0.5,147.0,73.5,0.0,
T0100_00905,100,2021-05-29 03:00:00,2021-05-29 05:00:00,2.0,112.0,224.0,0.0,
T0100_00906,100,2021-05-29 19:45:00,2021-05-29 22:15:00,2.5,104.0,255.75,0.25,
T0100_00907,100,2021-06-04 06:30:00,2021-06-04 06:45:00,0.25,1243.0,310.75,0.0,
T0100_00908,100,2021-06-05 22:30:00,2021-06-06 01:15:00,2.75,1600.0,4397.0,0.25,
T0100_00909,100,2021-06-07 23:15:00,2021-06-08 10:30:00,11.25,453.0,2950.5,1.5,1.25
T0100_00910,100,2021-06-08 13:00:00,2021-06-08 14:00:00,1.0,141.0,141.0,0.0,
T0100_00911,100,2021-06-08 23:30:00,2021-06-09 01:30:00,2.0,209.0,393.0,0.25,
T0100_00912,100,2021-06-09 15:15:00,2021-06-09 18:45:00,3.5,122.0,422.75,1.75,
T0100_00913,100,2021-06-10 04:30:00,2021-06-10 07:15:00,2.75,252.0,681.75,0.0,
T0100_00914,100,2021-06-10 14:15:00,2021-06-10 15:45:00,1.5,154.0,230.25,0.75,
T0100_00915,100,2021-06-10 22:15:00,2021-06-10 23:00:00,0.75,209.0,150.0,0.0,
T0100_00916,100,2021-06-11 17:00:00,2021-06-11 21:45:00,4.75,164.0,771.75,1.5,
T0100_00917,100,2021-06-14 15:15:00,2021-06-14 17:15:00,2.0,557.0,864.5,0.5,1.25
T0100_00918,100,2021-06-15 01:30:00,2021-06-15 03:15:00,1.75,1185.0,1813.75,0.25,1.25
T0100_00919,100,2021-06-16 23:30:00,2021-06-17 02:15:00,2.75,233.0,541.0,2.5,
T0100_00920,100,2021-06-19 02:15:00,2021-06-19 03:30:00,1.25,317.0,395.5,0.5,
T0100_00921,100,2021-06-22 14:45:00,2021-06-23 00:30:00,9.75,124.0,1042.5,4.0,
T0100_00922,100,2021-06-23 05:30:00,2021-06-23 12:45:00,7.25,139.0,998.25,0.0,
T0100_00923,100,2021-06-23 16:30:00,2021-06-23 18:30:00,2.0,342.0,607.75,0.25,
T0100_00924,100,2021-06-24 08:30:00,2021-06-24 11:15:00,2.75,337.0,926.75,0.0,
T0100_00925,100,2021-06-24 12:45:00,2021-06-24 15:30:00,2.75,247.0,612.0,0.25,
T0100_00926,100,2021-06-25 15:30:00,2021-06-25 20:45:00,5.25,273.0,1082.5,2.75,
T0100_00927,100,2021-06-26 04:30:00,2021-06-26 09:45:00,5.25,271.0,1103.75,0.75,
T0100_00928,100,2021-06-26 13:00:00,2021-06-26 15:00:00,2.0,302.0,581.0,0.5,
T0100_00929,100,2021-07-01 15:00:00,2021-07-01 18:30:00,3.5,110.0,363.5,0.5,
T0100_00930,100,2021-07-10 06:45:00,2021-07-10 09:45:00,3.0,125.0,375.0,0.0,
T0100_00931,100,2021-07-11 15:45:00,2021-07-11 16:15:00,0.5,416.0,208.0,0.0,
T0100_00932,100,2021-07-14 14:30:00,2021-07-14 15:15:00,0.75,233.0,152.75,0.0,
T0100_00933,100,2021-07-14 22:45:00,2021-07-15 00:00:00,1.25,121.0,150.5,0.75,
T0100_00934,100,2021-07-17 16:45:00,2021-07-17 21:30:00,4.75,173.0,818.0,3.75,
T0100_00935,100,2021-07-18 15:45:00,2021-07-19 01:30:00,9.75,418.0,2386.75,3.25,
T0100_00936,100,2021-07-20 04:00:00,2021-07-20 08:15:00,4.25,185.0,786.25,0.0,
T0100_00937,100,2021-07-22 19:15:00,2021-07-22 19:30:00,0.25,2006.0,501.5,0.0,
T0100_00938,100,2021-07-23 13:00:00,2021-07-23 14:45:00,1.75,248.0,298.25,0.75,0.5
T0100_00939,100,2021-07-23 15:45:00,2021-07-23 20:45:00,5.0,231.0,1059.0,0.0,
T0100_00940,100,2021-07-27 07:00:00,2021-07-27 09:15:00,2.25,125.0,256.0,1.5,
T0100_00941,100,2021-07-28 07:30:00,2021-07-28 09:30:00,2.0,105.0,210.0,0.0,
T0100_00942,100,2021-07-30 15:30:00,2021-07-30 16:30:00,1.0,230.0,230.0,0.0,
T0100_00943,100,2021-07-30 19:15:00,2021-07-30 23:30:00,4.25,146.0,614.25,1.0,
T0100_00944,100,2021-07-31 13:00:00,2021-07-31 14:00:00,1.0,1914.0,1269.75,0.0,0.5
T0100_00945,100,2021-08-03 02:00:00,2021-08-03 03:30:00,1.5,245.0,367.25,0.25,
T0100_00946,100,2021-08-03 15:00:00,2021-08-03 15:15:00,0.25,121.0,30.25,0.0,
T0100_00947,100,2021-08-06 21:00:00,2021-08-06 22:15:00,1.25,240.0,296.0,0.25,
T0100_00948,100,2021-08-07 14:00:00,2021-08-07 16:00:00,2.0,270.0,506.5,1.75,
T0100_00949,100,2021-08-09 03:45:00,2021-08-09 06:30:00,2.75,220.0,605.0,0.0,
T0100_00950,100,2021-08-09 15:15:00,2021-08-09 19:00:00,3.75,174.0,640.75,0.0,
T0100_00951,100,2021-08-11 16:15:00,2021-08-11 17:15:00,1.0,1096.0,1095.5,0.5,
T0100_00952,100,2021-08-13 01:30:00,2021-08-13 04:45:00,3.25,112.0,361.25,1.0,
T0100_00953,100,2021-08-14 12:30:00,2021-08-14 14:15:00,1.75,639.0,1118.25,0.0,
T0100_00954,100,2021-08-14 22:30:00,2021-08-14 23:15:00,0.75,209.0,156.25,0.0,
T0100_00955,100,2021-08-15 02:45:00,2021-08-15 03:30:00,0.75,209.0,135.0,0.25,
T0100_00956,100,2021-08-17 15:30:00,2021-08-17 19:15:00,3.75,111.0,402.25,2.25,
T0100_00957,100,2021-08-18 07:00:00,2021-08-18 08:15:00,1.25,326.0,322.25,0.75,0.25
T0100_00958,100,2021-08-19 10:15:00,2021-08-19 11:30:00,1.25,1242.0,1551.5,1.0,
T0100_00959,100,2021-08-20 16:15:00,2021-08-20 16:30:00,0.25,183.0,45.75,0.0,
T0100_00960,100,2021-08-20 17:45:00,2021-08-20 18:15:00,0.5,946.0,472.75,0.25,
T0100_00961,100,2021-08-20 22:15:00,2021-08-20 22:45:00,0.5,113.0,54.0,0.0,
T0100_00962,100,2021-08-21 18:30:00,2021-08-21 19:45:00,1.25,572.0,715.0,0.0,
T0100_00963,100,2021-08-25 16:00:00,2021-08-25 22:30:00,6.5,180.0,1095.25,0.0,
T0100_00964,100,2021-08-26 10:00:00,2021-08-26 22:15:00,12.25,156.0,1402.0,1.0,
T0100_00965,100,2021-08-27 16:00:00,2021-08-27 16:15:00,0.25,403.0,100.75,0.0,
T0100_00966,100,2021-08-28 02:15:00,2021-08-28 03:30:00,1.25,225.0,272.5,0.0,
T0100_00967,100,2021-08-29 14:00:00,2021-08-29 14:30:00,0.5,157.0,78.5,0.0,
T0100_00968,100,2021-08-30 09:00:00,2021-08-30 10:15:00,1.25,149.0,149.0,0.0,
T0100_00969,100,2021-08-31 14:45:00,2021-08-31 15:30:00,0.75,586.0,439.25,0.25,
T0100_00970,100,2021-09-03 13:45:00,2021-09-03 14:00:00,0.25,287.0,71.75,0.0,
T0100_00971,100,2021-09-04 14:45:00,2021-09-04 19:00:00,4.25,175.0,743.25,0.5,
T0100_00972,100,2021-09-09 05:15:00,2021-09-09 10:00:00,4.75,4294.0,20392.0,0.25,
T0100_00973,100,2021-09-12 07:00:00,2021-09-12 16:00:00,9.0,1407.0,2591.0,8.25,
T0100_00974,100,2021-09-14 00:45:00,2021-09-14 10:15:00,9.5,213.0,1583.75,4.0,
T0100_00975,100,2021-09-14 15:30:00,2021-09-14 16:30:00,1.0,584.0,584.0,0.0,
T0100_00976,100,2021-09-14 23:00:00,2021-09-15 00:30:00,1.5,318.0,438.25,0.0,
T0100_00977,100,2021-09-15 17:45:00,2021-09-15 19:30:00,1.75,139.0,189.75,0.5,
T0100_00978,100,2021-09-16 02:15:00,2021-09-16 05:00:00,2.75,307.0,648.25,0.0,
T0100_00979,100,2021-09-16 17:45:00,2021-09-16 18:45:00,1.0,112.0,112.0,0.0,
T0100_00980,100,2021-09-19 11:15:00,2021-09-19 16:45:00,5.5,245.0,1009.0,5.0,
T0100_00981,100,2021-09-23 17:00:00,2021-09-23 20:45:00,3.75,175.0,650.0,0.25,
T0100_00982,100,2021-09-28 15:30:00,2021-09-28 17:15:00,1.75,1063.0,1859.5,0.25,
T0100_00983,100,2021-10-01 07:30:00,2021-10-01 09:30:00,2.0,171.0,342.0,0.0,
T0100_00984,100,2021-10-01 10:15:00,2021-10-01 12:15:00,2.0,690.0,755.5,1.25,
T0100_00985,100,2021-10-05 13:30:00,2021-10-05 15:45:00,2.25,159.0,323.0,2.0,
T0100_00986,100,2021-10-06 00:30:00,2021-10-06 01:45:00,1.25,1188.0,1270.75,0.75,0.25
T0100_00987,100,2021-10-06 15:30:00,2021-10-06 22:15:00,6.75,338.0,1942.0,0.75,
T0100_00988,100,2021-10-09 18:45:00,2021-10-09 21:15:00,2.5,218.0,372.0,1.25,0.5
T0100_00989,100,2021-10-11 15:15:00,2021-10-11 16:30:00,1.25,137.0,168.75,0.25,
T0100_00990,100,2021-10-12 16:45:00,2021-10-12 21:15:00,4.5,281.0,1260.25,2.75,
T0100_00991,100,2021-10-13 03:45:00,2021-10-13 04:00:00,0.25,262.0,65.5,0.0,
T0100_00992,100,2021-10-13 13:15:00,2021-10-13 17:15:00,4.0,198.0,698.25,3.25,
T0100_00993,100,2021-10-15 07:30:00,2021-10-15 08:45:00,1.25,239.0,298.5,0.25,
T0100_00994,100,2021-10-16 17:00:00,2021-10-17 01:45:00,8.75,239.0,1765.5,1.75,
T0100_00995,100,2021-10-19 16:00:00,2021-10-19 17:45:00,1.75,101.0,175.5,1.25,
T0100_00996,100,2021-10-20 17:30:00,2021-10-20 21:30:00,4.0,311.0,691.0,2.0,1.75
T0100_00997,100,2021-10-21 05:16:00,2021-10-21 07:30:00,2.2333333333333334,194.0,436.5,0.0,
T0100_00998,100,2021-10-21 14:45:00,2021-10-21 15:30:00,0.75,267.0,200.25,0.0,
T0100_00999,100,2021-10-24 12:45:00,2021-10-24 13:00:00,0.25,106.0,26.5,0.0,
T0100_01000,100,2021-10-24 21:45:00,2021-10-24 22:00:00,0.25,3149.0,787.25,0.0,
T0100_01001,100,2021-10-29 14:15:00,2021-10-29 15:45:00,1.5,134.0,193.0,0.0,
T0100_01002,100,2021-10-31 21:30:00,2021-10-31 23:15:00,1.75,231.0,402.75,1.5,
T0100_01003,100,2021-11-04 15:45:00,2021-11-04 23:30:00,7.75,130.0,954.75,0.0,
T0100_01004,100,2021-11-08 20:45:00,2021-11-08 21:00:00,0.25,126.0,31.5,0.0,
T0100_01005,100,2021-11-09 23:15:00,2021-11-10 00:00:00,0.75,111.0,82.75,0.0,
T0100_01006,100,2021-11-13 16:30:00,2021-11-13 17:30:00,1.0,172.0,132.25,0.0,
T0100_01007,100,2021-11-14 21:45:00,2021-11-14 22:45:00,1.0,358.0,358.0,0.0,
T0100_01008,100,2021-11-15 03:15:00,2021-11-15 03:45:00,0.5,102.0,50.75,0.0,
T0100_01009,100,2021-11-19 19:45:00,2021-11-19 20:00:00,0.25,1488.0,372.0,0.0,
T0100_01010,100,2021-11-20 17:15:00,2021-11-20 17:45:00,0.5,110.0,55.0,0.0,
T0100_01011,100,2021-11-23 16:30:00,2021-11-23 17:15:00,0.75,146.0,109.5,0.0,
T0100_01012,100,2021-12-02 05:30:00,2021-12-02 06:00:00,0.5,3685.0,1348.75,0.25,
T0100_01013,100,2021-12-03 16:45:00,2021-12-03 17:30:00,0.75,139.0,101.0,0.5,
T0100_01014,100,2021-12-05 12:30:00,2021-12-05 18:15:00,5.75,336.0,1296.0,5.0,
T0100_01015,100,2021-12-09 18:30:00,2021-12-09 19:45:00,1.25,760.0,468.5,0.0,0.5
T0100_01016,100,2021-12-10 18:15:00,2021-12-10 18:45:00,0.5,3585.0,929.5,0.25,
T0100_01017,100,2021-12-11 08:00:00,2021-12-11 08:30:00,0.5,108.0,54.0,0.0,
T0100_01018,100,2021-12-13 14:45:00,2021-12-13 15:15:00,0.5,138.0,69.0,0.0,
T0100_01019,100,2021-12-15 17:00:00,2021-12-17 08:00:00,39.0,11600.0,121836.0,2.5,1.25
T0100_01020,100,2021-12-17 11:30:00,2021-12-17 13:30:00,2.0,250.0,500.0,0.0,
T0100_01021,100,2021-12-17 21:30:00,2021-12-17 22:30:00,1.0,118.0,88.5,0.0,
T0100_01022,100,2021-12-22 16:30:00,2021-12-22 18:30:00,2.0,165.0,328.5,0.75,
T0100_01023,100,2021-12-23 00:00:00,2021-12-23 00:15:00,0.25,647.0,161.75,0.0,
T0100_01024,100,2021-12-23 17:45:00,2021-12-23 18:00:00,0.25,106.0,26.5,0.0,
T0100_01025,100,2021-12-24 15:15:00,2021-12-24 16:30:00,1.25,124.0,154.25,0.25,
T0100_01026,100,2021-12-24 18:45:00,2021-12-24 21:00:00,2.25,293.0,657.75,0.5,
T0100_01027,100,2021-12-30 15:30:00,2021-12-31 00:15:00,8.75,29693.0,131228.25,6.5,
T0100_01028,100,2022-01-01 00:00:00,2022-01-05 00:15:00,96.25,30294.0,271579.5,0.5,0.75
T0100_01029,100,2022-01-05 14:15:00,2022-01-05 16:15:00,2.0,105.0,207.25,1.75,
T0100_01030,100,2022-01-06 10:30:00,2022-01-06 13:15:00,2.75,1672.0,1723.75,2.25,0.25
T0100_01031,100,2022-01-08 04:15:00,2022-01-08 06:30:00,2.25,2102.0,2564.5,0.25,0.75
T0100_01032,100,2022-01-08 16:30:00,2022-01-08 17:15:00,0.75,180.0,135.0,0.0,
T0100_01033,100,2022-01-12 03:15:00,2022-01-12 03:30:00,0.25,240.0,60.0,0.0,
T0100_01034,100,2022-01-13 15:00:00,2022-01-13 15:30:00,0.5,137.0,68.5,0.0,
T0100_01035,100,2022-01-13 18:15:00,2022-01-13 18:45:00,0.5,114.0,57.0,0.0,
T0100_01036,100,2022-01-16 04:45:00,2022-01-16 05:30:00,0.75,500.0,277.5,0.0,0.5
T0100_01037,100,2022-01-17 14:15:00,2022-01-17 15:00:00,0.75,113.0,81.5,0.25,
T0100_01038,100,2022-01-17 20:45:00,2022-01-17 22:15:00,1.5,594.0,889.0,1.0,
T0100_01039,100,2022-01-18 05:45:00,2022-01-18 07:30:00,1.75,264.0,462.0,0.0,
T0100_01040,100,2022-01-18 15:15:00,2022-01-18 15:45:00,0.5,137.0,68.5,0.0,
T0100_01041,100,2022-01-19 19:45:00,2022-01-19 22:00:00,2.25,238.0,534.25,0.0,
T0100_01042,100,2022-01-19 23:30:00,2022-01-20 03:15:00,3.75,237.0,888.75,0.0,
T0100_01043,100,2022-01-21 21:15:00,2022-01-21 22:45:00,1.5,6574.0,8227.0,0.5,0.75
T0100_01044,100,2022-01-25 01:15:00,2022-01-25 03:45:00,2.5,114.0,281.25,0.5,
T0100_01045,100,2022-01-28 18:15:00,2022-01-28 19:45:00,1.5,173.0,258.5,0.0,
T0100_01046,100,2022-01-29 01:30:00,2022-01-29 03:30:00,2.0,109.0,218.0,0.0,
T0100_01047,100,2022-02-01 18:00:00,2022-02-01 18:45:00,0.75,139.0,103.75,0.25,
T0100_01048,100,2022-02-03 17:45:00,2022-02-03 20:45:00,3.0,279.0,831.25,1.0,
T0100_01049,100,2022-02-11 19:00:00,2022-02-11 19:45:00,0.75,139.0,103.75,0.5,
T0100_01050,100,2022-02-17 17:00:00,2022-02-17 18:00:00,1.0,146.0,145.0,0.5,
T0100_01051,100,2022-02-25 17:15:00,2022-02-25 18:00:00,0.75,124.0,92.5,0.0,
T0100_01052,100,2022-03-13 15:45:00,2022-03-13 19:45:00,4.0,150.0,597.75,0.0,
T0100_01053,100,2022-03-17 01:45:00,2022-03-17 02:00:00,0.25,5944.0,1486.0,0.0,
T0100_01054,100,2022-03-17 04:00:00,2022-03-17 07:00:00,3.0,3913.0,8732.25,2.0,0.25
T0100_01055,100,2022-03-17 07:45:00,2022-03-17 08:30:00,0.75,162.0,91.5,0.5,
T0100_01056,100,2022-03-17 10:15:00,2022-03-17 20:30:00,10.25,797.0,5458.25,4.25,1.5
T0100_01057,100,2022-03-17 21:30:00,2022-03-17 22:15:00,0.75,100.0,75.0,0.0,0.0
T0100_01058,100,2022-03-19 16:00:00,2022-03-19 19:45:00,3.75,110.0,405.5,1.75,
T0100_01059,100,2022-03-24 18:45:00,2022-03-24 20:30:00,1.75,138.0,231.25,0.0,
T0100_01060,100,2022-03-30 15:00:00,2022-03-30 19:00:00,4.0,293.0,812.0,1.0,1.75
T0100_01061,100,2022-04-05 09:15:00,2022-04-05 09:30:00,0.25,156.0,39.0,0.0,
T0100_01062,100,2022-04-05 12:15:00,2022-04-05 15:30:00,3.25,200.0,529.5,1.75,
T0100_01063,100,2022-04-05 16:30:00,2022-04-05 16:45:00,0.25,101.0,25.25,0.0,
T0100_01064,100,2022-04-05 21:00:00,2022-04-05 21:30:00,0.5,1485.0,742.25,0.25,
T0100_01065,100,2022-04-09 14:45:00,2022-04-09 15:45:00,1.0,239.0,215.0,0.75,
T0100_01066,100,2022-04-10 06:45:00,2022-04-10 09:45:00,3.0,295.0,861.0,0.75,
T0100_01067,100,2022-04-13 17:15:00,2022-04-13 20:30:00,3.25,127.0,409.75,1.25,
T0100_01068,100,2022-04-16 00:45:00,2022-04-16 01:30:00,0.75,271.0,169.25,0.0,
T0100_01069,100,2022-04-16 10:45:00,2022-04-16 11:00:00,0.25,136.0,34.0,0.0,
T0100_01070,100,2022-04-19 21:00:00,2022-04-19 23:15:00,2.25,133.0,298.0,0.0,
T0100_01071,100,2022-04-20 15:30:00,2022-04-20 16:45:00,1.25,118.0,135.0,0.75,
T0100_01072,100,2022-04-22 05:45:00,2022-04-22 08:15:00,2.5,122.0,302.75,0.0,
T0100_01073,100,2022-04-22 21:15:00,2022-04-22 22:00:00,0.75,160.0,120.0,0.0,
T0100_01074,100,2022-04-23 03:45:00,2022-04-23 05:00:00,1.25,146.0,133.75,0.25,0.75
T0100_01075,100,2022-04-29 20:15:00,2022-04-29 23:15:00,3.0,760.0,2236.25,1.0,
T0100_01076,100,2022-05-01 14:30:00,2022-05-01 15:30:00,1.0,114.0,113.25,0.0,
T0100_01077,100,2022-05-02 07:30:00,2022-05-02 10:00:00,2.5,191.0,422.0,0.0,
T0100_01078,100,2022-05-02 21:45:00,2022-05-02 22:30:00,0.75,103.0,76.75,0.25,
T0100_01079,100,2022-05-04 04:45:00,2022-05-04 06:45:00,2.0,155.0,306.75,1.0,
T0100_01080,100,2022-05-05 18:30:00,2022-05-05 19:30:00,1.0,298.0,289.0,0.0,
T0100_01081,100,2022-05-07 14:15:00,2022-05-07 14:45:00,0.5,145.0,72.5,0.0,
T0100_01082,100,2022-05-08 15:45:00,2022-05-08 16:15:00,0.5,317.0,158.5,0.0,
T0100_01083,100,2022-05-10 07:00:00,2022-05-10 07:45:00,0.75,117.0,87.75,0.0,
T0100_01084,100,2022-05-12 01:30:00,2022-05-12 01:45:00,0.25,121.0,30.25,0.0,
T0100_01085,100,2022-05-12 02:30:00,2022-05-12 02:45:00,0.25,109.0,27.25,0.0,
T0100_01086,100,2022-05-12 14:30:00,2022-05-12 15:00:00,0.5,334.0,167.0,0.0,
T0100_01087,100,2022-05-18 04:45:00,2022-05-18 06:45:00,2.0,416.0,630.75,1.75,
T0100_01088,100,2022-05-18 17:30:00,2022-05-18 17:45:00,0.25,1835.0,458.75,0.0,
T0100_01089,100,2022-05-19 23:45:00,2022-05-20 00:00:00,0.25,292.0,73.0,0.0,
T0100_01090,100,2022-05-20 01:00:00,2022-05-20 02:15:00,1.25,412.0,349.25,0.75,
T0100_01091,100,2022-05-21 00:45:00,2022-05-22 07:45:00,31.0,4085.0,48511.25,7.75,0.5
T0100_01092,100,2022-05-23 14:15:00,2022-05-23 15:15:00,1.0,356.0,278.25,0.75,
T0100_01093,100,2022-05-24 09:15:00,2022-05-24 13:45:00,4.5,859.0,3861.5,4.0,
T0100_01094,100,2022-05-26 14:00:00,2022-05-26 15:15:00,1.25,128.0,159.5,0.5,
T0100_01095,100,2022-06-01 01:15:00,2022-06-01 03:15:00,2.0,166.0,319.5,0.25,
T0100_01096,100,2022-06-04 13:00:00,2022-06-04 14:45:00,1.75,148.0,259.0,0.0,
T0100_01097,100,2022-06-10 14:45:00,2022-06-10 16:45:00,2.0,290.0,468.25,0.0,
T0100_01098,100,2022-06-14 16:15:00,2022-06-14 16:30:00,0.25,727.0,181.75,0.0,
T0100_01099,100,2022-06-15 11:00:00,2022-06-15 12:15:00,1.25,376.0,469.25,0.75,
T0100_01100,100,2022-06-16 16:00:00,2022-06-16 22:30:00,6.5,262.0,1462.0,0.0,
T0100_01101,100,2022-06-17 10:45:00,2022-06-17 15:45:00,5.0,714.0,2133.5,4.75,
T0100_01102,100,2022-06-23 14:30:00,2022-06-23 18:30:00,4.0,191.0,688.75,0.75,
T0100_01103,100,2022-06-25 20:45:00,2022-06-25 21:30:00,0.75,106.0,79.5,0.0,
T0100_01104,100,2022-06-26 20:30:00,2022-06-26 22:15:00,1.75,112.0,196.0,0.0,
T0100_01105,100,2022-06-28 01:15:00,2022-06-28 03:45:00,2.5,192.0,370.5,0.75,
T0100_01106,100,2022-06-28 13:15:00,2022-06-28 15:45:00,2.5,324.0,645.75,2.25,
T0100_01107,100,2022-06-29 12:15:00,2022-06-29 23:15:00,11.0,185.0,1977.75,10.25,
T0100_01108,100,2022-06-30 00:30:00,2022-06-30 01:45:00,1.25,133.0,164.25,0.25,
T0100_01109,100,2022-06-30 13:30:00,2022-06-30 13:45:00,0.25,100.0,25.0,0.0,0.0
T0100_01110,100,2022-07-04 12:45:00,2022-07-04 13:30:00,0.75,113.0,84.75,0.0,
T0100_01111,100,2022-07-05 00:30:00,2022-07-05 11:15:00,10.75,219.0,1303.25,0.0,1.75
T0100_01112,100,2022-07-08 10:15:00,2022-07-08 11:30:00,1.25,253.0,316.25,0.0,
T0100_01113,100,2022-07-09 13:00:00,2022-07-09 15:00:00,2.0,220.0,429.5,0.25,
T0100_01114,100,2022-07-10 01:45:00,2022-07-10 04:45:00,3.0,169.0,442.0,2.75,
T0100_01115,100,2022-07-15 12:30:00,2022-07-15 14:15:00,1.75,516.0,853.75,1.0,
T0100_01116,100,2022-07-19 14:30:00,2022-07-19 15:15:00,0.75,163.0,121.75,0.0,
T0100_01117,100,2022-07-20 12:30:00,2022-07-20 14:15:00,1.75,186.0,316.0,0.0,
T0100_01118,100,2022-07-21 00:45:00,2022-07-21 02:15:00,1.5,615.0,921.25,0.0,
T0100_01119,100,2022-07-22 09:00:00,2022-07-22 11:45:00,2.75,159.0,436.75,0.0,
T0100_01120,100,2022-07-23 14:15:00,2022-07-23 14:30:00,0.25,148.0,37.0,0.0,
T0100_01121,100,2022-07-24 08:45:00,2022-07-24 09:45:00,1.0,1638.0,1638.0,0.0,
T0100_01122,100,2022-07-24 13:15:00,2022-07-24 14:15:00,1.0,1056.0,1056.0,0.0,
T0100_01123,100,2022-07-26 05:00:00,2022-07-26 07:00:00,2.0,101.0,202.0,0.0,
T0100_01124,100,2022-07-26 13:15:00,2022-07-26 14:30:00,1.25,2143.0,2669.75,0.0,
T0100_01125,100,2022-07-28 15:00:00,2022-07-28 18:15:00,3.25,463.0,1481.25,0.25,
T0100_01126,100,2022-07-29 18:15:00,2022-07-29 19:00:00,0.75,277.0,207.25,0.0,
T0100_01127,100,2022-07-29 21:15:00,2022-07-30 00:15:00,3.0,450.0,1348.75,0.0,
T0100_01128,100,2022-07-30 09:45:00,2022-07-30 11:15:00,1.5,127.0,190.5,0.0,
T0100_01129,100,2022-08-04 15:00:00,2022-08-04 18:00:00,3.0,161.0,479.75,2.25,
T0100_01130,100,2022-08-05 14:30:00,2022-08-05 17:00:00,2.5,258.0,568.75,1.5,
T0100_01131,100,2022-08-05 19:30:00,2022-08-05 20:15:00,0.75,111.0,83.25,0.0,
T0100_01132,100,2022-08-06 21:45:00,2022-08-07 04:30:00,6.75,961.0,3872.0,3.0,0.25
T0100_01133,100,2022-08-08 18:45:00,2022-08-08 21:45:00,3.0,445.0,877.0,2.0,
T0100_01134,100,2022-08-09 16:15:00,2022-08-09 18:30:00,2.25,127.0,283.25,1.25,
T0100_01135,100,2022-08-09 23:30:00,2022-08-10 02:15:00,2.75,171.0,380.5,0.75,
T0100_01136,100,2022-08-13 13:30:00,2022-08-13 16:45:00,3.25,345.0,672.75,1.25,0.25
T0100_01137,100,2022-08-20 13:15:00,2022-08-20 15:15:00,2.0,151.0,300.75,1.25,
T0100_01138,100,2022-08-20 21:00:00,2022-08-20 22:45:00,1.75,586.0,1024.25,1.25,
T0100_01139,100,2022-08-21 00:15:00,2022-08-21 02:15:00,2.0,1811.0,3617.25,1.75,
T0100_01140,100,2022-08-24 21:30:00,2022-08-24 23:45:00,2.25,140.0,270.25,1.25,
T0100_01141,100,2022-08-25 14:00:00,2022-08-25 14:45:00,0.75,180.0,134.5,0.5,
T0100_01142,100,2022-08-26 23:30:00,2022-08-27 01:15:00,1.75,135.0,224.75,1.5,
T0100_01143,100,2022-08-28 01:45:00,2022-08-28 04:30:00,2.75,1800.0,2914.75,1.0,0.75
T0100_01144,100,2022-08-29 16:00:00,2022-08-29 16:45:00,0.75,161.0,120.75,0.0,
T0100_01145,100,2022-08-30 16:15:00,2022-08-30 16:30:00,0.25,126.0,31.5,0.0,
T0100_01146,100,2022-08-31 23:45:00,2022-09-01 03:00:00,3.25,334.0,1082.5,0.0,
T0100_01147,100,2022-09-01 16:00:00,2022-09-01 20:45:00,4.75,123.0,582.75,0.0,
T0100_01148,100,2022-09-03 02:45:00,2022-09-03 08:30:00,5.75,595.0,3414.5,1.0,
T0100_01149,100,2022-09-03 21:30:00,2022-09-04 09:15:00,11.75,531.0,1825.25,1.25,0.5
T0100_01150,100,2022-09-10 14:30:00,2022-09-10 15:00:00,0.5,1624.0,612.0,0.25,
T0100_01151,100,2022-09-11 09:30:00,2022-09-11 11:15:00,1.75,1623.0,2070.0,0.25,
T0100_01152,100,2022-09-11 15:30:00,2022-09-11 16:30:00,1.0,244.0,244.0,0.0,
T0100_01153,100,2022-09-12 14:15:00,2022-09-12 14:30:00,0.25,108.0,27.0,0.0,
T0100_01154,100,2022-09-13 13:15:00,2022-09-13 13:45:00,0.5,169.0,84.5,0.0,
T0100_01155,100,2022-09-22 02:15:00,2022-09-22 03:45:00,1.5,1631.0,2446.5,0.0,
T0100_01156,100,2022-09-23 16:30:00,2022-09-23 17:30:00,1.0,227.0,227.0,0.0,
T0100_01157,100,2022-09-29 13:45:00,2022-09-29 15:15:00,1.5,203.0,256.5,0.75,
T0100_01158,100,2022-09-30 16:00:00,2022-09-30 21:30:00,5.5,163.0,871.0,1.0,
T0100_01159,100,2022-10-01 03:15:00,2022-10-01 07:00:00,3.75,1817.0,6809.0,2.0,
T0100_01160,100,2022-10-08 18:30:00,2022-10-09 23:45:00,29.25,314.0,7564.25,1.0,
T0100_01161,100,2022-10-13 14:30:00,2022-10-13 15:45:00,1.25,1845.0,2203.25,0.75,
T0100_01162,100,2022-10-15 19:45:00,2022-10-15 21:00:00,1.25,147.0,183.75,0.0,
T0100_01163,100,2022-10-16 13:30:00,2022-10-16 15:30:00,2.0,132.0,250.5,0.5,
T0100_01164,100,2022-10-17 14:15:00,2022-10-17 14:30:00,0.25,149.0,37.25,0.0,
T0100_01165,100,2022-10-24 12:00:00,2022-10-24 18:45:00,6.75,273.0,1149.0,0.0,
T0100_01166,100,2022-10-24 22:45:00,2022-10-25 00:00:00,1.25,829.0,1023.75,0.25,
T0100_01167,100,2022-10-26 09:30:00,2022-10-26 10:45:00,1.25,124.0,155.0,0.0,
T0100_01168,100,2022-10-28 06:15:00,2022-10-28 08:30:00,2.25,189.0,425.25,0.0,
T0100_01169,100,2022-10-28 13:45:00,2022-10-28 15:00:00,1.25,200.0,220.0,1.0,
T0100_01170,100,2022-11-05 08:15:00,2022-11-06 05:15:00,21.0,3850.0,22603.5,14.0,0.25
T0100_01171,100,2022-11-09 18:15:00,2022-11-09 20:30:00,2.25,224.0,498.25,0.0,
T0100_01172,100,2022-11-10 19:15:00,2022-11-10 21:00:00,1.75,126.0,220.5,0.0,
T0100_01173,100,2022-11-18 16:00:00,2022-11-18 18:00:00,2.0,106.0,210.5,1.5,
T0100_01174,100,2022-11-18 23:30:00,2022-11-19 00:45:00,1.25,894.0,892.5,0.0,1.0
T0100_01175,100,2022-11-21 14:30:00,2022-11-21 15:00:00,0.5,148.0,74.0,0.0,
T0100_01176,100,2022-11-30 13:30:00,2022-11-30 14:45:00,1.25,727.0,908.0,0.75,
T0100_01177,100,2022-11-30 17:30:00,2022-11-30 20:15:00,2.75,3474.0,1138.5,1.0,0.25
T0100_01178,100,2022-12-01 16:45:00,2022-12-01 17:00:00,0.25,1119.0,279.75,0.0,
T0100_01179,100,2022-12-02 04:15:00,2022-12-02 22:00:00,17.75,1799.0,10839.5,9.75,1.0
T0100_01180,100,2022-12-05 15:45:00,2022-12-05 17:00:00,1.25,137.0,166.75,0.75,
T0100_01181,100,2022-12-08 01:30:00,2022-12-08 02:15:00,0.75,125.0,93.75,0.0,
T0100_01182,100,2022-12-10 16:45:00,2022-12-10 17:30:00,0.75,401.0,300.75,0.0,
T0100_01183,100,2022-12-22 00:30:00,2022-12-22 02:15:00,1.75,3666.0,2523.0,0.0,0.5
T0100_01184,100,2022-12-22 21:30:00,2022-12-23 00:00:00,2.5,180.0,432.5,1.5,
T0100_01185,100,2022-12-27 22:45:00,2022-12-28 00:00:00,1.25,151.0,188.75,0.0,
T0100_01186,100,2022-12-29 03:45:00,2022-12-30 02:15:00,22.5,7990.0,23878.5,1.0,0.25
T0100_01187,100,2023-01-06 02:15:00,2023-01-06 07:45:00,5.5,177.0,965.5,4.0,
T0100_01188,100,2023-01-21 17:00:00,2023-01-21 21:00:00,4.0,2167.0,2634.25,0.25,0.75
T0100_01189,100,2023-01-28 00:15:00,2023-01-28 01:30:00,1.25,331.0,255.5,1.0,
T0100_01190,100,2023-02-02 00:30:00,2023-02-02 01:30:00,1.0,167.0,167.0,0.0,
T0100_01191,100,2023-02-02 10:15:00,2023-02-02 11:30:00,1.25,176.0,220.0,0.0,
T0100_01192,100,2023-02-05 05:30:00,2023-02-05 15:00:00,9.5,251.0,2375.5,0.0,
T0100_01193,100,2023-02-07 16:45:00,2023-02-07 22:00:00,5.25,168.0,873.0,1.25,
T0100_01194,100,2023-02-09 11:45:00,2023-02-09 13:15:00,1.5,167.0,175.0,1.25,
T0100_01195,100,2023-02-18 18:30:00,2023-02-18 21:30:00,3.0,122.0,344.75,0.0,
T0100_01196,100,2023-02-20 00:45:00,2023-02-20 23:15:00,22.5,3068.0,12393.5,19.25,0.5
T0100_01197,100,2023-02-24 23:15:00,2023-02-25 00:30:00,1.25,114.0,142.5,0.0,
T0100_01198,100,2023-02-28 00:15:00,2023-02-28 02:15:00,2.0,333.0,663.75,1.75,
T0100_01199,100,2023-03-02 17:30:00,2023-03-02 19:45:00,2.25,2514.0,5656.5,0.0,
T0100_01200,100,2023-03-06 15:45:00,2023-03-06 22:15:00,6.5,158.0,1010.25,1.0,
T0100_01201,100,2023-03-13 17:15:00,2023-03-13 18:45:00,1.5,120.0,178.75,1.25,
T0100_01202,100,2023-03-19 17:15:00,2023-03-19 18:00:00,0.75,158.0,118.5,0.0,
T0100_01203,100,2023-03-28 23:15:00,2023-03-29 01:30:00,2.25,284.0,639.0,0.0,
T0100_01204,100,2023-03-31 05:30:00,2023-03-31 07:00:00,1.5,276.0,408.5,0.75,
T0100_01205,100,2023-03-31 17:30:00,2023-04-01 04:45:00,11.25,2961.0,9922.5,10.5,
T0100_01206,100,2023-04-06 17:15:00,2023-04-06 17:45:00,0.5,102.0,51.0,0.0,
T0100_01207,100,2023-04-07 17:30:00,2023-04-07 20:15:00,2.75,162.0,321.0,2.25,
T0100_01208,100,2023-04-09 14:45:00,2023-04-09 16:30:00,1.75,251.0,439.25,0.0,
T0100_01209,100,2023-04-11 14:45:00,2023-04-11 17:15:00,2.5,376.0,890.5,0.0,
T0100_01210,100,2023-04-12 17:15:00,2023-04-12 18:15:00,1.0,2932.0,1646.25,0.25,0.5
T0100_01211,100,2023-04-13 18:45:00,2023-04-13 19:00:00,0.25,214.0,53.5,0.0,
T0100_01212,100,2023-04-14 20:00:00,2023-04-14 21:00:00,1.0,148.0,147.75,0.0,
T0100_01213,100,2023-04-14 23:30:00,2023-04-15 01:15:00,1.75,927.0,1620.25,0.25,
T0100_01214,100,2023-04-15 05:00:00,2023-04-15 06:45:00,1.75,3368.0,5883.5,0.25,
T0100_01215,100,2023-04-19 13:30:00,2023-04-19 14:30:00,1.0,172.0,86.0,0.0,
T0100_01216,100,2023-04-23 09:15:00,2023-04-23 11:45:00,2.5,5445.0,11358.25,2.0,
T0100_01217,100,2023-04-25 15:00:00,2023-04-25 16:15:00,1.25,902.0,1014.75,0.0,0.5
T0100_01218,100,2023-04-26 15:30:00,2023-04-26 17:00:00,1.5,135.0,189.25,1.0,
T0100_01219,100,2023-04-27 20:15:00,2023-04-27 21:30:00,1.25,724.0,905.0,0.0,
T0100_01220,100,2023-05-02 21:15:00,2023-05-03 02:30:00,5.25,216.0,662.25,2.5,0.25
T0100_01221,100,2023-05-05 15:45:00,2023-05-05 21:00:00,5.25,181.0,950.25,0.0,
T0100_01222,100,2023-05-10 19:30:00,2023-05-10 20:15:00,0.75,4009.0,2994.0,0.25,
T0100_01223,100,2023-05-11 14:15:00,2023-05-11 16:45:00,2.5,660.0,893.0,0.5,0.5
T0100_01224,100,2023-05-12 00:30:00,2023-05-12 03:00:00,2.5,1024.0,1386.75,2.25,
T0100_01225,100,2023-05-12 06:00:00,2023-05-12 07:30:00,1.5,312.0,312.0,0.5,0.5
T0100_01226,100,2023-05-16 16:00:00,2023-05-16 17:45:00,1.75,2945.0,1161.0,0.0,0.25
T0100_01227,100,2023-05-19 01:15:00,2023-05-19 01:30:00,0.25,148.0,37.0,0.0,
T0100_01228,100,2023-05-20 17:45:00,2023-05-20 18:30:00,0.75,183.0,137.25,0.0,
T0100_01229,100,2023-05-22 12:45:00,2023-05-22 13:15:00,0.5,304.0,152.0,0.0,
T0100_01230,100,2023-05-26 22:15:00,2023-05-26 22:45:00,0.5,103.0,51.0,0.0,
T0100_01231,100,2023-05-27 13:45:00,2023-05-27 18:30:00,4.75,320.0,1048.5,2.25,
T0100_01232,100,2023-05-31 23:00:00,2023-06-01 00:00:00,1.0,240.0,240.0,0.0,
T0100_01233,100,2023-06-01 12:45:00,2023-06-01 14:00:00,1.25,120.0,149.0,0.25,
T0100_01234,100,2023-06-01 16:00:00,2023-06-01 16:45:00,0.75,152.0,114.0,0.0,
T0100_01235,100,2023-06-02 09:00:00,2023-06-02 11:30:00,2.5,336.0,840.0,0.0,
T0100_01236,100,2023-06-02 17:15:00,2023-06-02 19:30:00,2.25,340.0,565.0,0.25,0.75
T0100_01237,100,2023-06-03 13:30:00,2023-06-03 14:30:00,1.0,160.0,157.5,0.5,
T0100_01238,100,2023-06-04 15:30:00,2023-06-04 17:00:00,1.5,112.0,166.75,0.5,
T0100_01239,100,2023-06-04 19:15:00,2023-06-04 21:15:00,2.0,272.0,543.0,1.0,
T0100_01240,100,2023-06-05 07:00:00,2023-06-05 09:45:00,2.75,830.0,2282.5,0.0,
T0100_01241,100,2023-06-05 19:15:00,2023-06-05 20:15:00,1.0,156.0,104.25,0.75,
T0100_01242,100,2023-06-06 01:30:00,2023-06-06 03:00:00,1.5,274.0,307.0,0.25,0.5
T0100_01243,100,2023-06-06 06:15:00,2023-06-06 10:30:00,4.25,290.0,906.25,0.5,0.5
T0100_01244,100,2023-06-16 06:15:00,2023-06-16 09:30:00,3.25,238.0,476.0,0.25,0.25
T0100_01245,100,2023-06-20 11:15:00,2023-06-20 12:00:00,0.75,1162.0,581.25,0.0,0.25
T0100_01246,100,2023-06-21 21:30:00,2023-06-21 22:15:00,0.75,106.0,79.5,0.0,
T0100_01247,100,2023-06-22 15:00:00,2023-06-22 16:00:00,1.0,165.0,149.25,0.25,
T0100_01248,100,2023-06-23 01:00:00,2023-06-23 01:30:00,0.5,101.0,50.5,0.0,
T0100_01249,100,2023-06-23 02:45:00,2023-06-23 04:00:00,1.25,153.0,191.25,0.0,
T0100_01250,100,2023-06-25 16:00:00,2023-06-25 17:00:00,1.0,242.0,149.75,0.25,0.25
T0100_01251,100,2023-06-26 01:15:00,2023-06-26 01:30:00,0.25,1235.0,308.75,0.0,
T0100_01252,100,2023-07-04 18:30:00,2023-07-04 20:30:00,2.0,124.0,247.0,0.0,
T0100_01253,100,2023-07-04 23:45:00,2023-07-05 01:00:00,1.25,113.0,141.25,0.0,
T0100_01254,100,2023-07-05 03:15:00,2023-07-05 05:45:00,2.5,334.0,615.0,0.75,
T0100_01255,100,2023-07-06 16:45:00,2023-07-06 17:15:00,0.5,214.0,106.5,0.25,
T0100_01256,100,2023-07-07 16:15:00,2023-07-07 18:45:00,2.5,138.0,308.75,0.5,
T0100_01257,100,2023-07-09 14:00:00,2023-07-09 14:30:00,0.5,658.0,329.0,0.0,
T0100_01258,100,2023-07-12 06:30:00,2023-07-12 08:00:00,1.5,135.0,202.5,0.0,
T0100_01259,100,2023-07-13 14:45:00,2023-07-13 21:15:00,6.5,119.0,744.0,2.0,
T0100_01260,100,2023-07-14 16:00:00,2023-07-14 16:15:00,0.25,154.0,38.5,0.0,
T0100_01261,100,2023-07-15 13:45:00,2023-07-15 16:15:00,2.5,310.0,540.75,0.5,0.5
T0100_01262,100,2023-07-19 03:45:00,2023-07-19 04:30:00,0.75,122.0,91.5,0.0,
T0100_01263,100,2023-07-19 13:30:00,2023-07-19 16:15:00,2.75,144.0,396.0,0.0,
T0100_01264,100,2023-07-19 21:45:00,2023-07-20 00:45:00,3.0,315.0,634.25,2.75,
T0100_01265,100,2023-07-20 01:45:00,2023-07-20 02:45:00,1.0,153.0,140.25,0.0,
T0100_01266,100,2023-07-20 09:45:00,2023-07-20 16:00:00,6.25,314.0,1286.0,4.25,1.0
T0100_01267,100,2023-07-20 20:45:00,2023-07-21 07:00:00,10.25,200.0,1735.5,7.75,
T0100_01268,100,2023-07-21 17:30:00,2023-07-21 22:15:00,4.75,340.0,1355.0,0.0,
T0100_01269,100,2023-07-24 17:00:00,2023-07-24 17:45:00,0.75,2130.0,955.5,0.5,
T0100_01270,100,2023-07-25 06:30:00,2023-07-25 16:45:00,10.25,1340.0,5623.5,9.0,
T0100_01271,100,2023-07-25 21:45:00,2023-07-26 02:00:00,4.25,886.0,2104.0,2.75,0.5
T0100_01272,100,2023-07-26 05:00:00,2023-07-26 05:15:00,0.25,1174.0,293.5,0.0,
T0100_01273,100,2023-07-26 06:30:00,2023-07-26 15:00:00,8.5,122.0,522.75,2.25,4.75
T0100_01274,100,2023-07-26 17:30:00,2023-07-26 18:00:00,0.5,107.0,53.5,0.0,
T0100_01275,100,2023-07-26 20:30:00,2023-07-26 22:45:00,2.25,518.0,590.5,1.75,
T0100_01276,100,2023-07-29 00:30:00,2023-07-29 01:45:00,1.25,214.0,263.5,0.0,
T0100_01277,100,2023-07-29 13:30:00,2023-07-29 16:00:00,2.5,442.0,785.0,2.0,
T0100_01278,100,2023-07-31 19:45:00,2023-07-31 20:30:00,0.75,224.0,167.5,0.5,
T0100_01279,100,2023-08-01 01:15:00,2023-08-01 04:00:00,2.75,278.0,684.5,0.75,
T0100_01280,100,2023-08-01 05:45:00,2023-08-01 06:30:00,0.75,403.0,302.25,0.0,
T0100_01281,100,2023-08-01 22:45:00,2023-08-02 03:30:00,4.75,2472.0,3497.0,1.25,0.25
T0100_01282,100,2023-08-02 14:00:00,2023-08-02 16:15:00,2.25,306.0,395.25,0.5,0.25
T0100_01283,100,2023-08-02 18:30:00,2023-08-02 19:45:00,1.25,134.0,93.5,1.0,
T0100_01284,100,2023-08-03 05:00:00,2023-08-03 10:15:00,5.25,339.0,1064.5,2.75,0.5
T0100_01285,100,2023-08-03 11:30:00,2023-08-03 12:45:00,1.25,214.0,202.0,0.25,0.25
T0100_01286,100,2023-08-03 14:30:00,2023-08-03 16:00:00,1.5,128.0,112.5,1.25,
T0100_01287,100,2023-08-03 17:30:00,2023-08-03 17:45:00,0.25,102.0,25.5,0.0,
T0100_01288,100,2023-08-03 20:30:00,2023-08-04 00:00:00,3.5,588.0,1113.75,1.0,0.5
T0100_01289,100,2023-08-10 16:45:00,2023-08-10 17:15:00,0.5,305.0,152.5,0.0,
T0100_01290,100,2023-08-11 23:30:00,2023-08-12 00:30:00,1.0,128.0,64.0,0.0,
T0100_01291,100,2023-08-12 01:30:00,2023-08-12 02:45:00,1.25,128.0,95.0,0.0,
T0100_01292,100,2023-08-14 09:30:00,2023-08-14 11:30:00,2.0,275.0,529.25,1.0,
T0100_01293,100,2023-08-18 21:45:00,2023-08-19 02:30:00,4.75,208.0,715.75,0.25,0.5
T0100_01294,100,2023-08-19 16:30:00,2023-08-19 16:45:00,0.25,112.0,28.0,0.0,
T0100_01295,100,2023-08-19 21:30:00,2023-08-19 21:45:00,0.25,112.0,28.0,0.0,
T0100_01296,100,2023-08-21 17:00:00,2023-08-21 17:30:00,0.5,104.0,51.5,0.0,
T0100_01297,100,2023-08-24 13:00:00,2023-08-24 14:45:00,1.75,690.0,545.25,1.5,
T0100_01298,100,2023-08-24 16:00:00,2023-08-24 19:30:00,3.5,412.0,1373.25,0.0,3.25
T0100_01299,100,2023-08-25 08:45:00,2023-08-25 11:45:00,3.0,636.0,719.25,1.5,0.25
T0100_01300,100,2023-08-26 00:15:00,2023-08-26 02:30:00,2.25,143.0,175.75,0.75,
T0100_01301,100,2023-08-26 14:15:00,2023-08-26 14:30:00,0.25,237.0,59.25,0.0,
T0100_01302,100,2023-08-27 14:30:00,2023-08-27 15:45:00,1.25,958.0,1139.0,0.0,
T0100_01303,100,2023-08-28 12:15:00,2023-08-28 15:15:00,3.0,278.0,439.75,1.75,0.25
T0100_01304,100,2023-08-28 16:00:00,2023-08-28 16:15:00,0.25,103.0,25.75,0.0,
T0100_01305,100,2023-08-31 14:45:00,2023-08-31 17:00:00,2.25,141.0,316.0,0.0,
T0100_01306,100,2023-09-01 06:45:00,2023-09-01 08:30:00,1.75,250.0,437.5,0.0,
T0100_01307,100,2023-09-03 13:00:00,2023-09-03 13:45:00,0.75,114.0,85.5,0.0,
T0100_01308,100,2023-09-08 06:15:00,2023-09-08 08:00:00,1.75,196.0,343.0,0.0,
T0100_01309,100,2023-09-09 16:15:00,2023-09-09 16:30:00,0.25,120.0,30.0,0.0,
T0100_01310,100,2023-09-12 07:45:00,2023-09-12 08:00:00,0.25,120.0,30.0,0.0,
T0100_01311,100,2023-09-13 16:45:00,2023-09-13 17:00:00,0.25,111.0,27.75,0.0,
T0100_01312,100,2023-09-14 16:30:00,2023-09-14 17:30:00,1.0,133.0,117.5,0.75,
T0100_01313,100,2023-09-15 15:00:00,2023-09-15 18:30:00,3.5,165.0,487.0,1.75,
T0100_01314,100,2023-09-16 15:15:00,2023-09-16 16:30:00,1.25,118.0,147.5,0.0,
T0100_01315,100,2023-09-20 05:15:00,2023-09-20 05:30:00,0.25,170.0,42.5,0.0,
T0100_01316,100,2023-09-23 03:30:00,2023-09-23 21:45:00,18.25,834.0,6011.75,15.0,
T0100_01317,100,2023-09-24 13:30:00,2023-09-24 17:00:00,3.5,1886.0,3836.25,2.25,1.0
T0100_01318,100,2023-09-28 14:00:00,2023-09-28 14:15:00,0.25,133.0,33.25,0.0,
T0100_01319,100,2023-09-30 18:30:00,2023-09-30 19:15:00,0.75,550.0,412.5,0.0,
T0100_01320,100,2023-10-08 15:45:00,2023-10-08 17:15:00,1.5,324.0,486.0,0.0,
T0100_01321,100,2023-10-11 15:30:00,2023-10-11 17:45:00,2.25,138.0,238.5,0.25,
T0100_01322,100,2023-10-14 15:30:00,2023-10-14 17:00:00,1.5,250.0,374.5,0.0,
T0100_01323,100,2023-10-16 15:15:00,2023-10-16 21:15:00,6.0,274.0,1549.0,3.25,
T0100_01324,100,2023-10-17 14:30:00,2023-10-17 14:45:00,0.25,144.0,36.0,0.0,
T0100_01325,100,2023-10-17 20:15:00,2023-10-17 21:15:00,1.0,243.0,218.25,0.75,
T0100_01326,100,2023-10-18 15:15:00,2023-10-18 16:15:00,1.0,204.0,191.5,0.25,
T0100_01327,100,2023-10-18 17:30:00,2023-10-18 18:00:00,0.5,148.0,73.75,0.25,
T0100_01328,100,2023-10-20 20:30:00,2023-10-20 22:15:00,1.75,196.0,200.5,1.5,
T0100_01329,100,2023-10-21 01:15:00,2023-10-21 01:30:00,0.25,4625.0,1156.25,0.0,
T0100_01330,100,2023-10-21 04:30:00,2023-10-21 20:15:00,15.75,458.0,3697.5,4.75,0.75
T0100_01331,100,2023-10-25 18:00:00,2023-10-25 18:15:00,0.25,277.0,69.25,0.0,
T0100_01332,100,2023-10-25 23:15:00,2023-10-26 01:00:00,1.75,870.0,1303.5,0.0,
T0100_01333,100,2023-10-26 13:00:00,2023-10-26 13:15:00,0.25,5977.0,1494.25,0.0,
T0100_01334,100,2023-10-28 04:30:00,2023-10-28 06:15:00,1.75,1153.0,1410.25,0.75,
T0100_01335,100,2023-10-28 16:30:00,2023-10-28 16:45:00,0.25,143.0,35.75,0.0,
T0100_01336,100,2023-10-30 17:30:00,2023-10-30 18:00:00,0.5,601.0,300.5,0.0,
T0100_01337,100,2023-11-01 16:30:00,2023-11-01 21:45:00,5.25,153.0,772.75,2.75,
T0100_01338,100,2023-11-02 17:00:00,2023-11-02 22:00:00,5.0,154.0,747.5,1.25,
T0100_01339,100,2023-11-03 20:15:00,2023-11-03 20:45:00,0.5,114.0,56.25,0.25,
T0100_01340,100,2023-11-05 07:45:00,2023-11-05 10:00:00,2.25,115.0,258.75,0.0,
T0100_01341,100,2023-11-08 20:30:00,2023-11-08 21:15:00,0.75,1598.0,1190.0,0.0,
T0100_01342,100,2023-11-09 03:30:00,2023-11-09 05:30:00,2.0,188.0,376.0,0.0,
T0100_01343,100,2023-11-09 17:00:00,2023-11-09 17:45:00,0.75,2850.0,859.0,0.0,0.25
T0100_01344,100,2023-11-09 21:00:00,2023-11-09 21:15:00,0.25,294.0,73.5,0.0,
T0100_01345,100,2023-11-12 13:00:00,2023-11-12 14:00:00,1.0,248.0,218.0,0.0,
T0100_01346,100,2023-11-13 02:15:00,2023-11-13 03:30:00,1.25,250.0,293.5,0.0,
T0100_01347,100,2023-11-21 15:45:00,2023-11-21 16:15:00,0.5,453.0,151.0,0.25,
T0100_01348,100,2023-11-22 03:15:00,2023-11-22 03:45:00,0.5,11700.0,4874.5,0.0,
T0100_01349,100,2023-11-22 15:30:00,2023-11-22 16:00:00,0.5,284.0,142.0,0.0,
T0100_01350,100,2023-11-25 17:00:00,2023-11-25 18:00:00,1.0,262.0,229.25,0.0,0.5
T0100_01351,100,2023-11-27 19:15:00,2023-11-27 20:15:00,1.0,3656.0,1025.5,0.0,0.5
T0100_01352,100,2023-12-01 06:45:00,2023-12-01 09:00:00,2.25,260.0,583.5,0.0,
T0100_01353,100,2023-12-03 05:00:00,2023-12-03 15:00:00,10.0,1150.0,11357.0,1.25,
T0100_01354,100,2023-12-04 07:15:00,2023-12-04 11:00:00,3.75,194.0,515.5,3.5,
T0100_01355,100,2023-12-04 19:30:00,2023-12-04 22:45:00,3.25,802.0,882.75,2.25,0.5
T0100_01356,100,2023-12-05 20:15:00,2023-12-05 20:30:00,0.25,300.0,75.0,0.0,
T0100_01357,100,2023-12-06 17:45:00,2023-12-06 18:15:00,0.5,187.0,93.5,0.0,
T0100_01358,100,2023-12-07 19:15:00,2023-12-07 19:30:00,0.25,114.0,28.5,0.0,
T0100_01359,100,2023-12-09 03:15:00,2023-12-09 06:15:00,3.0,585.0,1738.75,2.75,
T0100_01360,100,2023-12-10 17:45:00,2023-12-10 19:30:00,1.75,277.0,484.75,0.0,
T0100_01361,100,2023-12-13 20:30:00,2023-12-13 20:45:00,0.25,144.0,36.0,0.0,
T0100_01362,100,2023-12-17 16:45:00,2023-12-17 22:15:00,5.5,1247.0,5238.75,2.25,1.75
T0100_01363,100,2023-12-20 15:45:00,2023-12-20 16:45:00,1.0,332.0,330.5,0.0,
T0100_01364,100,2023-12-20 20:15:00,2023-12-20 21:15:00,1.0,174.0,172.5,0.75,
T0100_01365,100,2023-12-25 00:00:00,2023-12-25 01:30:00,1.5,561.0,729.5,0.25,
T0100_01366,100,2023-12-27 20:15:00,2023-12-27 22:15:00,2.0,294.0,449.5,0.5,1.25
T0100_01367,100,2024-01-04 05:15:00,2024-01-04 06:15:00,1.0,388.0,388.0,0.0,
T0100_01368,100,2024-01-15 00:30:00,2024-01-15 01:45:00,1.25,128.0,160.0,0.0,
T0100_01369,100,2024-01-16 04:00:00,2024-01-16 10:15:00,6.25,349.0,2143.25,3.25,
T0100_01370,100,2024-01-16 16:00:00,2024-01-16 18:00:00,2.0,350.0,697.0,1.75,
T0100_01371,100,2024-01-19 15:00:00,2024-01-19 17:00:00,2.0,154.0,306.5,1.5,
T0100_01372,100,2024-01-25 16:30:00,2024-01-25 17:45:00,1.25,168.0,209.0,0.5,
T0100_01373,100,2024-01-26 21:00:00,2024-01-26 22:15:00,1.25,124.0,117.5,0.0,
T0100_01374,100,2024-01-30 17:45:00,2024-01-30 18:00:00,0.25,230.0,57.5,0.0,
T0100_01375,100,2024-01-31 14:45:00,2024-01-31 16:45:00,2.0,447.0,626.25,1.75,
T0100_01376,100,2024-02-03 15:30:00,2024-02-03 16:15:00,0.75,1016.0,762.0,0.0,
T0100_01377,100,2024-02-03 22:30:00,2024-02-05 00:30:00,26.0,11617.0,29619.75,1.25,0.25
T0100_01378,100,2024-02-05 17:15:00,2024-02-05 18:00:00,0.75,180.0,134.5,0.0,
T0100_01379,100,2024-02-07 23:30:00,2024-02-08 06:15:00,6.75,576.0,3827.75,1.0,
T0100_01380,100,2024-02-15 08:45:00,2024-02-15 12:30:00,3.75,120.0,411.5,0.0,
T0100_01381,100,2024-02-24 19:45:00,2024-02-24 20:45:00,1.0,396.0,394.75,0.0,
T0100_01382,100,2024-02-25 22:15:00,2024-02-26 01:00:00,2.75,160.0,289.5,1.75,
T0100_01383,100,2024-02-28 19:00:00,2024-02-28 19:30:00,0.5,138.0,62.75,0.0,
T0100_01384,100,2024-03-14 06:15:00,2024-03-17 03:30:00,69.25,20891.0,104192.5,4.75,0.25
T0100_01385,100,2024-03-17 11:00:00,2024-03-17 12:00:00,1.0,130.0,130.0,0.0,
T0100_01386,100,2024-03-17 13:00:00,2024-03-17 15:00:00,2.0,130.0,257.25,0.0,
T0100_01387,100,2024-03-20 02:15:00,2024-03-20 03:45:00,1.5,167.0,250.25,0.0,
T0100_01388,100,2024-03-24 19:00:00,2024-03-24 19:45:00,0.75,601.0,449.75,0.25,
T0100_01389,100,2024-03-28 14:15:00,2024-03-28 21:45:00,7.5,512.0,3072.0,5.25,
T0100_01390,100,2024-03-28 23:30:00,2024-03-28 23:45:00,0.25,110.0,27.5,0.0,
T0100_01391,100,2024-03-30 19:00:00,2024-03-30 19:45:00,0.75,2168.0,1623.5,0.25,
T0100_01392,100,2024-04-03 14:45:00,2024-04-03 19:15:00,4.5,176.0,783.5,4.25,
T0100_01393,100,2024-04-06 12:00:00,2024-04-10 02:30:00,86.5,40368.0,1439493.5,24.0,15.5
T0100_01394,100,2024-04-10 03:15:00,2024-04-10 23:45:00,20.5,614.0,8074.5,12.25,6.75
T0100_01395,100,2024-04-20 14:45:00,2024-04-20 19:15:00,4.5,369.0,1101.5,1.5,2.5
T0100_01396,100,2024-04-21 21:45:00,2024-04-21 22:30:00,0.75,127.0,95.25,0.0,
T0100_01397,100,2024-04-24 06:30:00,2024-04-24 07:00:00,0.5,167.0,83.5,0.0,
T0100_01398,100,2024-04-24 12:15:00,2024-04-24 13:00:00,0.75,223.0,167.25,0.0,
T0100_01399,100,2024-04-27 06:45:00,2024-04-27 12:00:00,5.25,687.0,3041.25,0.75,
T0100_01400,100,2024-04-27 14:15:00,2024-04-28 21:45:00,31.5,2158.0,35269.75,10.0,11.0
T0100_01401,100,2024-04-29 17:00:00,2024-04-29 17:30:00,0.5,229.0,113.75,0.0,
T0100_01402,100,2024-05-06 13:00:00,2024-05-06 13:45:00,0.75,270.0,202.5,0.0,
T0100_01403,100,2024-05-06 16:45:00,2024-05-08 06:15:00,37.5,3747.0,75703.25,17.25,7.0
T0100_01404,100,2024-05-08 19:00:00,2024-05-08 20:00:00,1.0,116.0,115.5,0.25,
T0100_01405,100,2024-05-11 09:45:00,2024-05-11 17:15:00,7.5,165.0,1237.5,0.0,
T0100_01406,100,2024-05-13 02:15:00,2024-05-13 03:30:00,1.25,165.0,206.25,0.0,
T0100_01407,100,2024-05-15 15:30:00,2024-05-15 19:00:00,3.5,185.0,625.0,2.75,
T0100_01408,100,2024-05-17 10:15:00,2024-05-17 11:45:00,1.5,580.0,784.0,0.0,1.25
T0100_01409,100,2024-05-22 16:00:00,2024-05-22 17:30:00,1.5,515.0,503.5,0.0,
T0100_01410,100,2024-05-26 12:15:00,2024-05-26 12:30:00,0.25,291.0,72.75,0.0,
T0100_01411,100,2024-05-29 13:00:00,2024-05-29 13:45:00,0.75,394.0,295.5,0.0,
T0100_01412,100,2024-05-29 23:00:00,2024-05-30 00:45:00,1.75,597.0,1044.0,0.25,
T0100_01413,100,2024-05-30 16:45:00,2024-05-30 23:15:00,6.5,390.0,2025.25,3.0,
T0100_01414,100,2024-05-31 14:45:00,2024-05-31 17:45:00,3.0,507.0,675.0,0.0,0.25
T0100_01415,100,2024-06-04 05:15:00,2024-06-04 06:45:00,1.5,234.0,351.0,0.0,
T0100_01416,100,2024-06-06 21:30:00,2024-06-06 22:00:00,0.5,127.0,62.0,0.0,
T0100_01417,100,2024-06-07 17:00:00,2024-06-08 02:45:00,9.75,1473.0,5037.75,5.5,0.75
T0100_01418,100,2024-06-08 16:15:00,2024-06-08 19:45:00,3.5,178.0,563.75,0.5,
T0100_01419,100,2024-06-08 20:45:00,2024-06-09 01:15:00,4.5,1281.0,4085.0,0.0,
T0100_01420,100,2024-06-10 22:30:00,2024-06-11 02:00:00,3.5,248.0,858.0,0.0,
T0100_01421,100,2024-06-11 14:00:00,2024-06-11 17:15:00,3.25,144.0,394.25,0.25,
T0100_01422,100,2024-06-14 16:00:00,2024-06-14 22:00:00,6.0,191.0,855.0,4.75,
T0100_01423,100,2024-06-16 14:00:00,2024-06-16 18:45:00,4.75,152.0,712.25,4.0,
T0100_01424,100,2024-06-17 14:45:00,2024-06-17 19:45:00,5.0,3559.0,4663.5,2.75,1.0
T0100_01425,100,2024-06-18 16:45:00,2024-06-18 19:00:00,2.25,1049.0,1204.25,0.0,1.0
T0100_01426,100,2024-06-21 15:00:00,2024-06-21 15:30:00,0.5,115.0,57.25,0.0,
T0100_01427,100,2024-06-24 03:00:00,2024-06-24 03:15:00,0.25,101.0,25.25,0.0,
T0100_01428,100,2024-06-24 12:45:00,2024-06-24 14:00:00,1.25,1515.0,1893.75,0.0,
T0100_01429,100,2024-06-26 23:30:00,2024-06-27 03:00:00,3.5,479.0,1141.0,1.25,1.5
T0100_01430,100,2024-06-28 17:30:00,2024-06-29 03:15:00,9.75,212.0,1717.5,5.0,
T0100_01431,100,2024-07-04 16:30:00,2024-07-04 17:30:00,1.0,600.0,599.5,0.25,
T0100_01432,100,2024-07-06 14:45:00,2024-07-06 19:15:00,4.5,121.0,541.25,0.0,
T0100_01433,100,2024-07-07 15:15:00,2024-07-07 20:00:00,4.75,186.0,853.0,3.75,
T0100_01434,100,2024-07-09 13:15:00,2024-07-09 14:15:00,1.0,599.0,597.25,0.25,
T0100_01435,100,2024-07-09 19:45:00,2024-07-09 22:15:00,2.5,174.0,424.25,0.25,
T0100_01436,100,2024-07-12 10:45:00,2024-07-12 20:30:00,9.75,5485.0,12453.25,4.25,0.25
T0100_01437,100,2024-07-13 00:00:00,2024-07-13 02:45:00,2.75,1406.0,3776.75,0.5,
T0100_01438,100,2024-07-13 13:15:00,2024-07-13 14:30:00,1.25,1025.0,1278.0,0.0,
T0100_01439,100,2024-07-14 07:00:00,2024-07-14 12:30:00,5.5,1373.0,7520.5,1.0,
T0100_01440,100,2024-07-14 23:45:00,2024-07-15 00:45:00,1.0,1971.0,1626.0,0.0,0.75
T0100_01441,100,2024-07-17 16:00:00,2024-07-18 04:15:00,12.25,1235.0,9778.5,4.0,4.0
T0100_01442,100,2024-07-19 20:00:00,2024-07-19 20:45:00,0.75,472.0,354.0,0.0,
T0100_01443,100,2024-07-21 19:45:00,2024-07-22 09:00:00,13.25,132.0,1573.25,0.75,
T0100_01444,100,2024-07-22 21:45:00,2024-07-22 22:15:00,0.5,633.0,316.5,0.0,
T0100_01445,100,2024-07-23 22:15:00,2024-07-23 23:30:00,1.25,644.0,470.5,0.25,0.25
T0100_01446,100,2024-07-24 14:45:00,2024-07-24 21:45:00,7.0,343.0,1289.0,5.75,
T0100_01447,100,2024-07-24 22:30:00,2024-07-24 22:45:00,0.25,271.0,67.75,0.0,
T0100_01448,100,2024-07-25 14:15:00,2024-07-25 15:15:00,1.0,3894.0,3889.5,0.0,
T0100_01449,100,2024-07-26 12:30:00,2024-07-26 14:45:00,2.25,1500.0,1665.25,0.5,1.0
T0100_01450,100,2024-07-27 07:30:00,2024-07-27 08:30:00,1.0,337.0,337.0,0.0,
T0100_01451,100,2024-07-27 21:30:00,2024-07-27 22:45:00,1.25,147.0,183.75,0.0,
T0100_01452,100,2024-07-28 04:00:00,2024-07-28 08:00:00,4.0,603.0,2399.75,0.0,
T0100_01453,100,2024-07-29 09:15:00,2024-07-29 12:15:00,3.0,1363.0,2881.25,2.0,
T0100_01454,100,2024-07-29 14:00:00,2024-07-29 17:30:00,3.5,2892.0,8848.5,0.25,3.0
T0100_01455,100,2024-07-29 19:45:00,2024-07-29 21:30:00,1.75,1087.0,1897.0,0.25,
T0100_01456,100,2024-07-31 16:00:00,2024-07-31 16:45:00,0.75,2896.0,2167.25,0.0,
T0100_01457,100,2024-07-31 23:15:00,2024-08-01 00:15:00,1.0,1504.0,1278.75,0.25,
T0100_01458,100,2024-08-01 02:00:00,2024-08-01 05:30:00,3.5,2148.0,1513.25,0.25,0.5
T0100_01459,100,2024-08-01 06:15:00,2024-08-01 07:15:00,1.0,103.0,103.0,0.0,
T0100_01460,100,2024-08-01 14:15:00,2024-08-01 15:00:00,0.75,155.0,115.75,0.25,
T0100_01461,100,2024-08-02 08:00:00,2024-08-02 23:15:00,15.25,534.0,3050.5,0.0,0.25
T0100_01462,100,2024-08-03 13:00:00,2024-08-03 15:00:00,2.0,107.0,214.0,0.0,
T0100_01463,100,2024-08-04 01:45:00,2024-08-04 04:45:00,3.0,3630.0,9913.75,0.25,
T0100_01464,100,2024-08-05 20:45:00,2024-08-05 22:30:00,1.75,1804.0,3154.5,0.0,
T0100_01465,100,2024-08-06 15:45:00,2024-08-06 16:45:00,1.0,611.0,575.0,0.5,
T0100_01466,100,2024-08-07 21:15:00,2024-08-07 23:30:00,2.25,180.0,396.75,0.0,
T0100_01467,100,2024-08-08 20:30:00,2024-08-08 21:00:00,0.5,100.0,50.0,0.0,0.0
T0100_01468,100,2024-08-11 21:30:00,2024-08-11 23:15:00,1.75,776.0,1103.5,0.5,1.0
T0100_01469,100,2024-08-14 00:30:00,2024-08-14 02:45:00,2.25,1260.0,2831.75,2.0,
T0100_01470,100,2024-08-14 22:45:00,2024-08-15 02:45:00,4.0,139.0,431.5,0.0,
T0100_01471,100,2024-08-15 10:45:00,2024-08-15 12:00:00,1.25,105.0,131.25,0.0,
T0100_01472,100,2024-08-16 13:30:00,2024-08-16 14:00:00,0.5,4073.0,2036.5,0.0,
T0100_01473,100,2024-08-16 16:00:00,2024-08-16 16:30:00,0.5,7351.0,3669.0,0.25,
T0100_01474,100,2024-08-17 01:45:00,2024-08-17 03:00:00,1.25,1750.0,2187.5,0.0,
T0100_01475,100,2024-08-17 03:45:00,2024-08-17 05:45:00,2.0,1751.0,3501.25,0.75,
T0100_01476,100,2024-08-17 16:15:00,2024-08-17 18:30:00,2.25,202.0,444.25,1.0,
T0100_01477,100,2024-08-23 10:15:00,2024-08-23 14:15:00,4.0,146.0,548.5,3.75,
T0100_01478,100,2024-08-26 22:30:00,2024-08-26 22:45:00,0.25,128.0,32.0,0.0,
T0100_01479,100,2024-08-27 21:30:00,2024-08-27 23:30:00,2.0,181.0,360.5,0.0,
T0100_01480,100,2024-08-29 20:45:00,2024-08-29 21:00:00,0.25,314.0,78.5,0.0,
T0100_01481,100,2024-09-01 15:30:00,2024-09-01 16:30:00,1.0,159.0,159.0,0.0,
T0100_01482,100,2024-09-01 17:30:00,2024-09-01 18:15:00,0.75,159.0,119.25,0.0,
T0100_01483,100,2024-09-05 06:00:00,2024-09-05 06:15:00,0.25,3273.0,818.25,0.0,
T0100_01484,100,2024-09-08 15:00:00,2024-09-08 18:45:00,3.75,156.0,583.5,0.5,
T0100_01485,100,2024-09-11 23:30:00,2024-09-12 00:45:00,1.25,4516.0,5285.25,0.25,
T0100_01486,100,2024-09-12 21:15:00,2024-09-12 21:45:00,0.5,2053.0,1021.5,0.25,
T0100_01487,100,2024-09-13 16:30:00,2024-09-13 17:30:00,1.0,140.0,140.0,0.0,
T0100_01488,100,2024-09-15 15:15:00,2024-09-15 23:30:00,8.25,1073.0,2309.75,0.5,0.25
T0100_01489,100,2024-09-16 13:30:00,2024-09-16 13:45:00,0.25,1003.0,250.75,0.0,
T0100_01490,100,2024-09-16 18:15:00,2024-09-16 18:45:00,0.5,105.0,52.0,0.25,
T0100_01491,100,2024-09-18 19:45:00,2024-09-18 20:15:00,0.5,390.0,195.0,0.0,
T0100_01492,100,2024-09-19 16:00:00,2024-09-19 16:45:00,0.75,125.0,93.25,0.25,
T0100_01493,100,2024-09-20 03:15:00,2024-09-20 04:00:00,0.75,3904.0,2927.25,0.25,
T0100_01494,100,2024-09-23 06:15:00,2024-09-23 06:30:00,0.25,131.0,32.75,0.0,
T0100_01495,100,2024-09-23 09:30:00,2024-09-23 10:45:00,1.25,120.0,150.0,0.0,
T0100_01496,100,2024-09-23 16:45:00,2024-09-23 17:15:00,0.5,256.0,128.0,0.0,
T0100_01497,100,2024-09-24 01:45:00,2024-09-24 03:30:00,1.75,103.0,180.25,0.0,
T0100_01498,100,2024-09-25 00:45:00,2024-09-25 03:00:00,2.25,167.0,353.0,1.25,
T0100_01499,100,2024-09-26 17:00:00,2024-09-26 21:30:00,4.5,113.0,503.25,0.5,
T0100_01500,100,2024-09-28 04:15:00,2024-09-28 05:15:00,1.0,1277.0,1106.75,0.25,
T0100_01501,100,2024-09-28 06:15:00,2024-09-28 07:00:00,0.75,107.0,80.25,0.0,
T0100_01502,100,2024-09-28 14:15:00,2024-09-28 16:45:00,2.5,204.0,503.25,0.75,
T0100_01503,100,2024-09-30 15:00:00,2024-09-30 15:30:00,0.5,195.0,97.5,0.0,
T0100_01504,100,2024-10-01 16:00:00,2024-10-01 16:45:00,0.75,585.0,437.75,0.0,
T0100_01505,100,2024-10-02 13:00:00,2024-10-02 13:45:00,0.75,327.0,194.75,0.25,0.25
T0100_01506,100,2024-10-04 15:45:00,2024-10-04 16:30:00,0.75,148.0,111.0,0.0,
T0100_01507,100,2024-10-05 00:15:00,2024-10-05 01:45:00,1.5,133.0,199.5,0.0,
T0100_01508,100,2024-10-06 14:15:00,2024-10-06 16:30:00,2.25,3270.0,4687.0,1.5,
T0100_01509,100,2024-10-07 09:30:00,2024-10-07 16:00:00,6.5,192.0,1020.0,6.0,
T0100_01510,100,2024-10-11 14:45:00,2024-10-11 15:00:00,0.25,119.0,29.75,0.0,
T0100_01511,100,2024-10-15 02:00:00,2024-10-15 04:00:00,2.0,220.0,434.75,0.0,
T0100_01512,100,2024-10-15 08:00:00,2024-10-15 09:00:00,1.0,108.0,107.25,0.5,
T0100_01513,100,2024-10-23 15:30:00,2024-10-23 17:00:00,1.5,1081.0,1573.0,0.5,
T0100_01514,100,2024-10-26 05:45:00,2024-10-26 12:30:00,6.75,1077.0,7213.75,0.25,
T0100_01515,100,2024-10-28 15:30:00,2024-10-28 20:45:00,5.25,236.0,1224.0,1.0,
T0100_01516,100,2024-11-04 17:30:00,2024-11-04 19:30:00,2.0,243.0,284.0,1.75,
T0100_01517,100,2024-11-06 13:45:00,2024-11-06 14:00:00,0.25,5719.0,1429.75,0.0,
T0100_01518,100,2024-11-09 04:15:00,2024-11-09 10:00:00,5.75,213.0,871.75,2.5,
T0100_01519,100,2024-11-09 12:45:00,2024-11-09 16:45:00,4.0,525.0,1977.75,3.75,
T0100_01520,100,2024-11-12 16:45:00,2024-11-12 23:45:00,7.0,132.0,815.25,2.0,
T0100_01521,100,2024-11-14 16:30:00,2024-11-14 17:15:00,0.75,495.0,354.75,0.25,
T0100_01522,100,2024-11-15 15:00:00,2024-11-16 00:15:00,9.25,165.0,1502.5,1.5,
T0100_01523,100,2024-11-18 16:45:00,2024-11-18 21:00:00,4.25,134.0,555.0,0.0,
T0100_01524,100,2024-11-19 16:30:00,2024-11-20 01:00:00,8.5,307.0,2546.0,4.25,1.5
T0100_01525,100,2024-11-22 18:00:00,2024-11-22 20:45:00,2.75,734.0,532.75,0.0,0.25
T0100_01526,100,2024-11-25 20:15:00,2024-11-25 21:00:00,0.75,1216.0,379.5,0.5,
T0100_01527,100,2024-11-27 06:30:00,2024-11-27 06:45:00,0.25,142.0,35.5,0.0,
T0100_01528,100,2024-11-27 18:45:00,2024-11-27 19:00:00,0.25,834.0,208.5,0.0,
T0100_01529,100,2024-11-29 17:00:00,2024-11-29 18:45:00,1.75,288.0,504.0,0.0,
T0100_01530,100,2024-12-03 17:45:00,2024-12-03 19:15:00,1.5,118.0,176.25,0.5,
T0100_01531,100,2024-12-08 15:45:00,2024-12-08 16:15:00,0.5,102.0,50.5,0.25,
T0100_01532,100,2024-12-10 15:30:00,2024-12-10 16:30:00,1.0,3453.0,3438.25,0.0,
T0100_01533,100,2024-12-11 19:15:00,2024-12-11 20:30:00,1.25,1081.0,1350.0,0.0,
T0100_01534,100,2024-12-16 05:00:00,2024-12-16 07:15:00,2.25,238.0,535.5,0.0,
T0100_01535,100,2024-12-16 17:30:00,2024-12-16 18:00:00,0.5,1030.0,512.25,0.0,
T0100_01536,100,2024-12-17 16:15:00,2024-12-17 20:45:00,4.5,1726.0,1027.5,2.0,0.25
T0100_01537,100,2024-12-18 15:15:00,2024-12-18 22:30:00,7.25,340.0,1783.5,4.25,0.75
T0100_01538,100,2024-12-19 15:00:00,2024-12-19 15:45:00,0.75,106.0,79.0,0.25,
T0100_01539,100,2024-12-19 19:00:00,2024-12-19 20:30:00,1.5,3153.0,3745.0,1.25,
T0100_01540,100,2024-12-23 16:00:00,2024-12-23 16:30:00,0.5,362.0,179.25,0.25,
T0100_01541,100,2024-12-27 07:30:00,2024-12-27 12:15:00,4.75,184.0,874.0,0.0,
T0100_01542,100,2024-12-27 17:45:00,2024-12-27 18:30:00,0.75,487.0,351.0,0.0,
T0100_01543,100,2025-01-05 10:00:00,2025-01-05 10:30:00,0.5,462.0,231.0,0.0,
T0100_01544,100,2025-01-06 00:15:00,2025-01-06 01:30:00,1.25,1182.0,1474.75,0.75,
T0100_01545,100,2025-01-06 15:30:00,2025-01-06 17:00:00,1.5,131.0,195.25,0.5,
T0100_01546,100,2025-01-08 17:15:00,2025-01-08 18:15:00,1.0,1395.0,1392.25,0.25,
T0100_01547,100,2025-01-09 19:15:00,2025-01-09 21:15:00,2.0,261.0,501.0,0.5,
T0100_01548,100,2025-01-12 22:45:00,2025-01-13 01:15:00,2.5,216.0,536.5,0.25,
T0100_01549,100,2025-01-14 16:45:00,2025-01-14 17:15:00,0.5,108.0,52.0,0.0,0.25
T0100_01550,100,2025-01-14 18:30:00,2025-01-14 19:15:00,0.75,101.0,75.25,0.0,0.25
T0100_01551,100,2025-01-17 06:30:00,2025-01-17 18:15:00,11.75,248.0,2657.0,9.25,
T0100_01552,100,2025-01-21 13:15:00,2025-01-21 16:00:00,2.75,192.0,519.0,0.25,
T0100_01553,100,2025-01-22 04:30:00,2025-01-22 05:45:00,1.25,201.0,246.25,0.0,
T0100_01554,100,2025-01-22 19:45:00,2025-01-22 20:00:00,0.25,939.0,234.75,0.0,
T0100_01555,100,2025-01-23 21:00:00,2025-01-24 03:00:00,6.0,940.0,3492.25,0.25,2.25
T0100_01556,100,2025-01-28 22:00:00,2025-01-28 23:15:00,1.25,111.0,135.0,0.0,
T0100_01557,100,2025-02-01 10:00:00,2025-02-01 11:45:00,1.75,102.0,178.5,0.0,
T0100_01558,100,2025-02-01 18:45:00,2025-02-01 21:00:00,2.25,1560.0,3072.75,0.5,
T0100_01559,100,2025-02-02 21:15:00,2025-02-02 22:30:00,1.25,1601.0,1958.25,0.0,
T0100_01560,100,2025-02-03 03:30:00,2025-02-03 14:00:00,10.5,8660.0,16241.75,1.25,0.25
T0100_01561,100,2025-02-07 00:15:00,2025-02-07 01:45:00,1.5,728.0,739.0,1.0,
T0100_01562,100,2025-02-07 02:45:00,2025-02-07 03:00:00,0.25,240.0,60.0,0.0,
T0100_01563,100,2025-02-07 16:15:00,2025-02-07 21:30:00,5.25,121.0,595.75,5.0,
T0100_01564,100,2025-02-10 19:15:00,2025-02-10 21:00:00,1.75,640.0,536.0,0.0,1.25
T0100_01565,100,2025-02-15 21:45:00,2025-02-16 08:30:00,10.75,1007.0,3002.75,0.0,0.5
T0100_01566,100,2025-02-23 21:45:00,2025-02-23 23:15:00,1.5,175.0,261.5,0.25,
T0100_01567,100,2025-02-26 15:45:00,2025-02-26 22:00:00,6.25,103.0,631.0,4.0,0.5
T0100_01568,100,2025-03-06 16:45:00,2025-03-06 19:45:00,3.0,119.0,331.5,0.0,
T0100_01569,100,2025-03-09 19:45:00,2025-03-10 06:15:00,10.5,1233.0,6474.5,0.25,3.5
T0100_01570,100,2025-03-10 19:45:00,2025-03-10 21:00:00,1.25,731.0,913.25,0.0,
T0100_01571,100,2025-03-11 14:15:00,2025-03-11 20:30:00,6.25,4111.0,6044.5,3.0,0.75
T0100_01572,100,2025-03-13 14:00:00,2025-03-13 21:30:00,7.5,249.0,1194.0,2.0,3.5
T0100_01573,100,2025-03-13 22:15:00,2025-03-13 22:45:00,0.5,107.0,51.75,0.25,
T0100_01574,100,2025-03-13 23:45:00,2025-03-14 00:15:00,0.5,100.0,50.0,0.0,0.0
T0100_01575,100,2025-03-16 02:45:00,2025-03-16 04:45:00,2.0,3913.0,7824.5,1.5,
T0100_01576,100,2025-03-17 02:15:00,2025-03-17 03:30:00,1.25,261.0,325.25,0.0,
T0100_01577,100,2025-03-17 05:15:00,2025-03-17 15:15:00,10.0,365.0,1782.25,6.75,1.25
T0100_01578,100,2025-03-17 16:15:00,2025-03-17 18:00:00,1.75,5417.0,9403.5,0.0,
T0100_01579,100,2025-03-17 20:15:00,2025-03-17 21:00:00,0.75,3212.0,2392.75,0.25,
T0100_01580,100,2025-03-18 01:45:00,2025-03-18 09:00:00,7.25,401.0,2660.25,6.75,
T0100_01581,100,2025-03-19 19:30:00,2025-03-19 20:00:00,0.5,503.0,166.75,0.25,
T0100_01582,100,2025-03-20 23:30:00,2025-03-21 01:00:00,1.5,1737.0,2600.0,0.75,
T0100_01583,100,2025-03-24 04:45:00,2025-03-24 06:15:00,1.5,4219.0,1421.0,1.25,
T0100_01584,100,2025-03-24 11:15:00,2025-03-24 14:00:00,2.75,3137.0,8623.75,0.5,
T0100_01585,100,2025-03-24 16:00:00,2025-03-24 20:45:00,4.75,750.0,1485.5,0.5,0.25
T0100_01586,100,2025-03-25 09:45:00,2025-03-25 10:00:00,0.25,160.0,40.0,0.0,
T0100_01587,100,2025-03-26 12:15:00,2025-03-26 12:45:00,0.5,465.0,232.5,0.0,
T0100_01588,100,2025-03-26 14:45:00,2025-03-26 20:45:00,6.0,114.0,595.75,0.5,4.5
T0100_01589,100,2025-03-28 14:30:00,2025-03-28 22:30:00,8.0,329.0,1593.75,0.75,5.5
T0100_01590,100,2025-03-29 17:30:00,2025-03-29 18:45:00,1.25,611.0,762.25,0.0,
T0100_01591,100,2025-03-30 13:45:00,2025-03-30 23:00:00,9.25,471.0,2683.25,3.0,3.25
T0100_01592,100,2025-04-01 21:30:00,2025-04-01 22:30:00,1.0,4625.0,4309.0,0.5,
T0100_01593,100,2025-04-02 06:45:00,2025-04-02 10:30:00,3.75,140.0,518.5,0.0,
T0100_01594,100,2025-04-05 13:30:00,2025-04-05 19:30:00,6.0,1426.0,6152.0,0.75,2.5
T0100_01595,100,2025-04-06 15:45:00,2025-04-07 03:45:00,12.0,2012.0,3021.0,0.25,0.5
T0100_01596,100,2025-04-07 11:45:00,2025-04-07 12:00:00,0.25,430.0,107.5,0.0,
T0100_01597,100,2025-04-08 21:45:00,2025-04-08 22:30:00,0.75,150.0,112.5,0.0,
T0100_01598,100,2025-04-09 10:15:00,2025-04-09 11:00:00,0.75,3902.0,1951.0,0.0,
T0100_01599,100,2025-04-10 17:00:00,2025-04-10 18:15:00,1.25,101.0,125.75,0.0,0.75
T0100_01600,100,2025-04-11 14:45:00,2025-04-11 21:00:00,6.25,304.0,1345.0,0.25,
T0100_01601,100,2025-04-14 17:15:00,2025-04-14 23:45:00,6.5,153.0,948.0,4.5,
T0100_01602,100,2025-04-19 19:30:00,2025-04-19 21:45:00,2.25,111.0,249.75,0.0,
T0100_01603,100,2025-04-20 15:30:00,2025-04-20 16:00:00,0.5,127.0,63.25,0.0,
T0100_01604,100,2025-04-23 12:45:00,2025-04-23 13:00:00,0.25,106.0,26.5,0.0,
T0100_01605,100,2025-04-24 19:30:00,2025-04-24 19:45:00,0.25,191.0,47.75,0.0,
T0100_01606,100,2025-04-26 01:30:00,2025-04-26 03:30:00,2.0,2219.0,4422.0,0.25,
T0100_01607,100,2025-05-01 16:30:00,2025-05-01 20:15:00,3.75,4567.0,3147.0,1.75,0.25
T0100_01608,100,2025-05-02 15:30:00,2025-05-02 20:30:00,5.0,746.0,1109.0,1.75,0.25
T0100_01609,100,2025-05-04 14:30:00,2025-05-04 15:00:00,0.5,491.0,245.5,0.0,
T0100_01610,100,2025-05-13 16:00:00,2025-05-13 19:15:00,3.25,108.0,306.75,0.75,1.0
T0100_01611,100,2025-05-14 17:45:00,2025-05-14 18:45:00,1.0,1111.0,1104.25,0.0,
T0100_01612,100,2025-05-15 13:45:00,2025-05-15 23:30:00,9.75,628.0,2205.75,0.75,0.5
T0100_01613,100,2025-05-21 14:00:00,2025-05-21 19:45:00,5.75,109.0,614.25,2.75,
T0100_01614,100,2025-05-23 21:45:00,2025-05-23 22:30:00,0.75,547.0,303.75,0.25,
T0100_01615,100,2025-05-25 14:45:00,2025-05-25 15:30:00,0.75,1002.0,611.75,0.0,0.5
T0100_01616,100,2025-05-26 04:00:00,2025-05-26 15:45:00,11.75,2505.0,10448.25,1.5,3.0
T0100_01617,100,2025-05-26 20:45:00,2025-05-27 00:45:00,4.0,938.0,2489.5,0.0,
T0100_01618,100,2025-05-27 17:15:00,2025-05-27 19:15:00,2.0,433.0,561.25,0.5,
T0100_01619,100,2025-05-28 13:45:00,2025-05-28 16:00:00,2.25,5361.0,5481.5,1.25,
T0100_01620,100,2025-06-03 14:30:00,2025-06-03 19:30:00,5.0,350.0,1051.5,2.5,
T0100_01621,100,2025-06-05 03:15:00,2025-06-05 03:30:00,0.25,119.0,29.75,0.0,
T0100_01622,100,2025-06-10 15:00:00,2025-06-10 22:30:00,7.5,236.0,1635.0,4.25,
T0100_01623,100,2025-06-11 02:00:00,2025-06-11 02:45:00,0.75,4129.0,3096.25,0.25,
T0100_01624,100,2025-06-13 22:30:00,2025-06-13 23:45:00,1.25,444.0,555.0,0.0,
T0100_01625,100,2025-06-14 16:15:00,2025-06-14 18:00:00,1.75,103.0,179.25,0.0,
T0100_01626,100,2025-06-19 12:45:00,2025-06-19 16:15:00,3.5,196.0,625.0,3.25,
T0100_01627,100,2025-06-20 01:15:00,2025-06-20 01:45:00,0.5,161.0,80.5,0.0,
T0100_01628,100,2025-06-20 04:15:00,2025-06-20 05:15:00,1.0,177.0,176.5,0.0,
T0100_01629,100,2025-06-20 06:00:00,2025-06-20 09:15:00,3.25,456.0,792.0,2.0,0.25
T0100_01630,100,2025-06-20 11:15:00,2025-06-20 11:30:00,0.25,318.0,79.5,0.0,
T0100_01631,100,2025-06-20 13:45:00,2025-06-20 22:15:00,8.5,455.0,2772.75,1.5,
T0100_01632,100,2025-06-21 00:15:00,2025-06-21 00:30:00,0.25,156.0,39.0,0.0,
T0100_01633,100,2025-06-21 17:30:00,2025-06-21 19:15:00,1.75,196.0,307.5,0.0,
T0100_01634,100,2025-06-21 23:45:00,2025-06-22 00:00:00,0.25,168.0,42.0,0.0,
T0100_01635,100,2025-06-22 02:30:00,2025-06-22 03:15:00,0.75,1605.0,1194.75,0.25,
T0100_01636,100,2025-06-24 14:15:00,2025-06-24 20:45:00,6.5,258.0,1506.75,6.0,
T0100_01637,100,2025-06-26 02:00:00,2025-06-26 02:30:00,0.5,160.0,80.0,0.0,
T0100_01638,100,2025-06-26 15:45:00,2025-06-26 16:00:00,0.25,2513.0,628.25,0.0,
T0100_01639,100,2025-06-29 22:00:00,2025-06-29 23:15:00,1.25,1747.0,2183.75,0.0,
T0100_01640,100,2025-06-30 13:15:00,2025-06-30 15:30:00,2.25,136.0,280.5,1.5,
T0100_01641,100,2025-07-05 23:15:00,2025-07-06 01:45:00,2.5,650.0,1535.0,1.5,
T0100_01642,100,2025-07-09 08:00:00,2025-07-09 12:00:00,4.0,155.0,620.0,0.0,
T0100_01643,100,2025-07-10 20:00:00,2025-07-10 23:45:00,3.75,213.0,726.0,0.0,
T0100_01644,100,2025-07-11 14:30:00,2025-07-11 15:15:00,0.75,185.0,138.5,0.0,
T0100_01645,100,2025-07-11 16:15:00,2025-07-11 16:30:00,0.25,127.0,31.75,0.0,
T0100_01646,100,2025-07-12 06:00:00,2025-07-12 08:00:00,2.0,146.0,263.0,0.25,
T0100_01647,100,2025-07-14 23:30:00,2025-07-15 09:00:00,9.5,3410.0,6955.5,0.0,1.5
T0100_01648,100,2025-07-15 14:30:00,2025-07-15 19:45:00,5.25,207.0,961.0,2.75,
T0100_01649,100,2025-07-16 14:00:00,2025-07-16 15:30:00,1.5,208.0,208.25,0.5,0.5
T0100_01650,100,2025-07-16 17:00:00,2025-07-16 20:30:00,3.5,135.0,409.0,2.0,
T0100_01651,100,2025-07-17 18:00:00,2025-07-17 18:45:00,0.75,109.0,81.75,0.0,
T0100_01652,100,2025-07-18 03:30:00,2025-07-18 03:45:00,0.25,500.0,125.0,0.0,
T0100_01653,100,2025-07-23 16:15:00,2025-07-23 21:15:00,5.0,165.0,709.0,2.0,
T0100_01654,100,2025-07-24 16:15:00,2025-07-24 18:00:00,1.75,109.0,186.75,1.25,
T0100_01655,100,2025-07-26 14:15:00,2025-07-26 15:00:00,0.75,435.0,309.5,0.25,
T0100_01656,100,2025-07-26 19:15:00,2025-07-26 20:30:00,1.25,2164.0,2704.5,0.25,
T0100_01657,100,2025-07-29 17:00:00,2025-07-29 18:15:00,1.25,125.0,153.5,0.0,
T0100_01658,100,2025-07-31 19:45:00,2025-07-31 20:00:00,0.25,156.0,39.0,0.0,
T0100_01659,100,2025-08-03 00:00:00,2025-08-03 00:15:00,0.25,1123.0,280.75,0.0,
T0100_01660,100,2025-08-04 02:30:00,2025-08-04 07:00:00,4.5,285.0,761.0,4.25,
T0100_01661,100,2025-08-04 15:15:00,2025-08-04 16:30:00,1.25,266.0,275.75,0.5,
T0100_01662,100,2025-08-05 00:45:00,2025-08-05 07:15:00,6.5,2435.0,2723.25,1.0,0.5
T0100_01663,100,2025-08-05 18:45:00,2025-08-05 19:00:00,0.25,161.0,40.25,0.0,
T0100_01664,100,2025-08-07 09:45:00,2025-08-07 11:00:00,1.25,1712.0,2140.0,0.0,
T0100_01665,100,2025-08-11 13:30:00,2025-08-11 14:30:00,1.0,364.0,238.75,0.0,0.5
T0100_01666,100,2025-08-11 16:45:00,2025-08-11 17:15:00,0.5,1764.0,880.25,0.25,
T0100_01667,100,2025-08-12 12:45:00,2025-08-12 13:00:00,0.25,135.0,33.75,0.0,
T0100_01668,100,2025-08-13 00:30:00,2025-08-13 00:45:00,0.25,138.0,34.5,0.0,
T0100_01669,100,2025-08-13 03:15:00,2025-08-13 10:00:00,6.75,507.0,3389.0,0.5,
T0100_01670,100,2025-08-13 15:45:00,2025-08-13 18:15:00,2.5,122.0,283.75,0.5,
T0100_01671,100,2025-08-13 21:00:00,2025-08-13 22:00:00,1.0,1847.0,1846.25,0.0,
T0100_01672,100,2025-08-14 10:00:00,2025-08-14 16:00:00,6.0,438.0,1436.75,1.25,3.25
T0100_01673,100,2025-08-14 21:45:00,2025-08-14 23:45:00,2.0,220.0,374.5,1.0,
T0100_01674,100,2025-08-16 00:15:00,2025-08-16 10:45:00,10.5,344.0,2456.75,4.5,
T0100_01675,100,2025-08-16 11:45:00,2025-08-16 12:00:00,0.25,115.0,28.75,0.0,
T0100_01676,100,2025-08-16 15:45:00,2025-08-16 18:00:00,2.25,112.0,244.0,1.0,
T0100_01677,100,2025-08-16 19:15:00,2025-08-17 02:45:00,7.5,120.0,870.0,0.25,
T0100_01678,100,2025-08-20 14:15:00,2025-08-20 20:00:00,5.75,1247.0,1203.5,3.25,0.25
T0100_01679,100,2025-08-21 01:00:00,2025-08-21 04:15:00,3.25,2206.0,7141.75,0.0,
T0100_01680,100,2025-08-21 10:15:00,2025-08-21 11:30:00,1.25,259.0,323.75,0.0,
T0100_01681,100,2025-08-23 16:15:00,2025-08-23 19:00:00,2.75,2219.0,5480.5,1.0,
T0100_01682,100,2025-08-24 16:30:00,2025-08-24 20:45:00,4.25,987.0,987.25,4.0,
T0100_01683,100,2025-08-25 17:45:00,2025-08-25 19:00:00,1.25,154.0,183.5,0.5,
T0100_01684,100,2025-08-26 15:30:00,2025-08-26 16:00:00,0.5,100.0,50.0,0.0,0.0
T0100_01685,100,2025-08-26 17:00:00,2025-08-26 17:45:00,0.75,140.0,88.5,0.0,0.5
T0100_01686,100,2025-08-28 14:30:00,2025-08-28 17:30:00,3.0,3345.0,4931.5,1.0,0.25
T0100_01687,100,2025-09-01 13:15:00,2025-09-01 14:30:00,1.25,287.0,358.75,0.0,
T0100_01688,100,2025-09-04 13:00:00,2025-09-04 14:15:00,1.25,392.0,489.0,1.0,
T0100_01689,100,2025-09-08 17:15:00,2025-09-08 17:45:00,0.5,118.0,59.0,0.0,
T0100_01690,100,2025-09-08 20:15:00,2025-09-09 01:45:00,5.5,113.0,605.75,3.5,
T0100_01691,100,2025-09-09 16:15:00,2025-09-10 00:15:00,8.0,361.0,1623.5,7.25,0.25
T0100_01692,100,2025-09-10 15:00:00,2025-09-10 15:15:00,0.25,146.0,36.5,0.0,
T0100_01693,100,2025-09-12 14:45:00,2025-09-12 16:30:00,1.75,177.0,285.75,1.0,
T0100_01694,100,2025-09-15 13:00:00,2025-09-15 13:15:00,0.25,111.0,27.75,0.0,
T0100_01695,100,2025-09-15 18:30:00,2025-09-15 20:15:00,1.75,112.0,195.5,0.25,
T0100_01696,100,2025-09-16 15:15:00,2025-09-16 20:15:00,5.0,177.0,726.75,0.5,
T0100_01697,100,2025-09-17 03:30:00,2025-09-17 05:15:00,1.75,3596.0,6257.0,0.25,
T0100_01698,100,2025-09-17 06:00:00,2025-09-17 08:45:00,2.75,784.0,932.0,0.0,1.25
T0100_01699,100,2025-09-17 17:30:00,2025-09-17 18:00:00,0.5,150.0,75.0,0.0,
T0100_01700,100,2025-09-20 14:45:00,2025-09-20 21:30:00,6.75,637.0,2792.25,3.0,2.25
T0100_01701,100,2025-09-22 16:45:00,2025-09-22 17:15:00,0.5,3626.0,1810.75,0.0,
T0100_01702,100,2025-09-24 13:30:00,2025-09-24 16:30:00,3.0,670.0,1172.5,1.75,1.0
T0100_01703,100,2025-09-25 16:30:00,2025-09-25 16:45:00,0.25,100.0,25.0,0.0,0.0
T0100_01704,100,2025-09-25 22:30:00,2025-09-26 02:00:00,3.5,3581.0,3949.5,2.0,1.0
T0100_01705,100,2025-09-28 12:15:00,2025-09-28 13:45:00,1.5,2986.0,3999.0,0.25,1.0
T0100_01706,100,2025-09-30 15:30:00,2025-09-30 16:00:00,0.5,1138.0,565.0,0.25,
T0100_01707,100,2025-09-30 17:00:00,2025-09-30 17:45:00,0.75,4652.0,3487.75,0.0,
T0100_01708,100,2025-10-01 16:15:00,2025-10-01 23:30:00,7.25,295.0,1979.0,4.0,
T0100_01709,100,2025-10-02 19:30:00,2025-10-02 21:15:00,1.75,119.0,205.75,0.0,
T0100_01710,100,2025-10-04 14:00:00,2025-10-04 16:15:00,2.25,168.0,318.25,1.25,
T0100_01711,100,2025-10-04 21:15:00,2025-10-04 23:45:00,2.5,2205.0,5500.75,0.0,
T0100_01712,100,2025-10-07 05:30:00,2025-10-07 08:15:00,2.75,447.0,985.75,0.0,
T0100_01713,100,2025-10-07 14:30:00,2025-10-07 21:30:00,7.0,129.0,833.0,0.25,
T0100_01714,100,2025-10-08 16:30:00,2025-10-08 17:15:00,0.75,107.0,79.75,0.25,
T0100_01715,100,2025-10-09 04:15:00,2025-10-09 13:00:00,8.75,756.0,6106.25,1.5,
T0100_01716,100,2025-10-10 17:30:00,2025-10-10 18:30:00,1.0,104.0,104.0,0.0,
T0100_01717,100,2025-10-11 23:00:00,2025-10-11 23:45:00,0.75,804.0,603.0,0.0,
T0100_01718,100,2025-10-19 14:45:00,2025-10-19 15:45:00,1.0,151.0,150.75,0.0,
T0100_01719,100,2025-10-20 16:00:00,2025-10-20 21:15:00,5.25,2466.0,2696.5,0.0,1.25
T0100_01720,100,2025-10-22 16:15:00,2025-10-22 19:30:00,3.25,370.0,876.25,0.0,
T0100_01721,100,2025-10-22 23:15:00,2025-10-23 00:00:00,0.75,671.0,502.75,0.0,
T0100_01722,100,2025-10-23 14:00:00,2025-10-23 14:45:00,0.75,1791.0,1337.75,0.5,
T0100_01723,100,2025-10-23 17:45:00,2025-10-23 19:15:00,1.5,206.0,294.5,0.0,
T0100_01724,100,2025-10-27 19:00:00,2025-10-27 21:45:00,2.75,4377.0,6102.75,0.0,1.75
T0100_01725,100,2025-10-28 15:45:00,2025-10-28 21:00:00,5.25,312.0,1403.75,2.0,
T0100_01726,100,2025-10-30 15:00:00,2025-10-30 15:30:00,0.5,161.0,80.25,0.0,
T0100_01727,100,2025-11-02 17:00:00,2025-11-02 17:45:00,0.75,3253.0,2438.75,0.25,
T0100_01728,100,2025-11-03 10:15:00,2025-11-03 11:45:00,1.5,2422.0,3631.75,0.0,
T0100_01729,100,2025-11-05 16:45:00,2025-11-05 18:45:00,2.0,353.0,591.0,0.0,
T0100_01730,100,2025-11-06 13:15:00,2025-11-07 00:00:00,10.75,976.0,5382.0,7.5,1.0
T0100_01731,100,2025-11-07 03:00:00,2025-11-07 20:45:00,17.75,1302.0,8674.0,0.5,1.25
T0100_01732,100,2025-11-08 08:00:00,2025-11-08 10:30:00,2.5,129.0,319.0,0.0,
T0100_01733,100,2025-11-08 14:15:00,2025-11-08 14:45:00,0.5,1084.0,315.75,0.25,
T0100_01734,100,2025-11-11 00:00:00,2025-11-11 01:00:00,1.0,212.0,210.25,0.75,
T0100_01735,100,2025-11-11 04:00:00,2025-11-11 10:00:00,6.0,3205.0,6887.5,0.25,1.75
T0100_01736,100,2025-11-12 15:00:00,2025-11-12 21:00:00,6.0,727.0,1054.25,1.25,0.5
T0100_01737,100,2025-11-13 22:00:00,2025-11-13 22:45:00,0.75,1550.0,1091.0,0.25,
T0100_01738,100,2025-11-14 15:00:00,2025-11-14 20:45:00,5.75,399.0,868.0,2.25,0.75
T0100_01739,100,2025-11-19 16:30:00,2025-11-19 16:45:00,0.25,436.0,109.0,0.0,
T0100_01740,100,2025-12-02 02:15:00,2025-12-02 03:00:00,0.75,1212.0,908.5,0.25,
T0100_01741,100,2025-12-05 17:45:00,2025-12-05 18:00:00,0.25,134.0,33.5,0.0,
T0100_01742,100,2025-12-06 16:15:00,2025-12-06 16:30:00,0.25,130.0,32.5,0.0,
T0100_01743,100,2025-12-06 18:00:00,2025-12-06 18:45:00,0.75,287.0,212.5,0.25,
T0100_01744,100,2025-12-06 21:15:00,2025-12-06 22:00:00,0.75,2437.0,1827.75,0.0,
T0100_01745,100,2025-12-08 09:00:00,2025-12-08 13:15:00,4.25,316.0,982.75,1.75,
T0100_01746,100,2025-12-09 05:45:00,2025-12-09 07:15:00,1.5,379.0,284.75,1.25,
T0100_01747,100,2025-12-09 15:45:00,2025-12-11 01:45:00,34.0,3395.0,37088.75,7.0,0.5
T0100_01748,100,2025-12-11 08:15:00,2025-12-11 11:45:00,3.5,236.0,822.75,3.0,
T0100_01749,100,2025-12-11 17:15:00,2025-12-12 00:45:00,7.5,3414.0,14839.25,2.75,0.75
T0100_01750,100,2025-12-12 18:15:00,2025-12-12 19:30:00,1.25,3194.0,1700.25,0.25,0.25
T0100_01751,100,2025-12-13 03:15:00,2025-12-13 03:45:00,0.5,139.0,69.25,0.0,
T0100_01752,100,2025-12-15 19:30:00,2025-12-15 20:30:00,1.0,881.0,800.75,0.5,
T0100_01753,100,2025-12-16 10:30:00,2025-12-16 13:30:00,3.0,254.0,762.0,0.0,
T0100_01754,100,2025-12-17 17:15:00,2025-12-23 21:30:00,148.25,60021.0,2359617.5,6.75,16.5
T0100_01755,100,2025-12-24 00:00:00,2025-12-24 00:45:00,0.75,118.0,88.25,0.25,
T0100_01756,100,2025-12-27 16:15:00,2025-12-27 17:45:00,1.5,6508.0,7108.75,0.0,1.0
T0100_01757,100,2025-12-28 13:45:00,2025-12-28 15:00:00,1.25,2441.0,2430.75,0.25,
T0100_01758,100,2025-12-28 18:00:00,2025-12-28 23:30:00,5.5,189.0,912.0,2.5,
T0100_01759,100,2025-12-29 00:30:00,2025-12-29 02:30:00,2.0,2630.0,2439.25,0.5,0.5
T0100_01760,100,2025-12-29 16:45:00,2025-12-29 19:30:00,2.75,138.0,370.25,1.75,
T0100_01761,100,2025-12-31 12:30:00,2025-12-31 14:15:00,1.75,3862.0,4422.25,0.0,1.5
T0100_01762,100,2025-12-31 20:15:00,2025-12-31 20:30:00,0.25,5673.0,1418.25,0.0,
T0500_00001,500,2014-11-10 18:15:00,2014-11-10 18:30:00,0.25,1116.0,279.0,0.0,
T0500_00002,500,2014-11-10 22:15:00,2014-11-10 23:30:00,1.25,731.0,913.75,0.0,
T0500_00003,500,2014-11-14 13:30:00,2014-11-14 15:00:00,1.5,738.0,1107.0,0.0,
T0500_00004,500,2014-11-14 21:45:00,2014-11-14 22:45:00,1.0,738.0,738.0,0.0,
T0500_00005,500,2014-11-15 06:45:00,2014-11-15 13:15:00,6.5,739.0,4797.25,0.0,
T0500_00006,500,2014-11-17 20:15:00,2014-11-17 21:00:00,0.75,738.0,369.0,0.0,
T0500_00007,500,2014-11-19 12:15:00,2014-11-19 13:45:00,1.5,1794.0,2679.75,0.75,
T0500_00008,500,2014-11-26 01:00:00,2014-11-26 02:30:00,1.5,2754.0,4130.0,1.0,
T0500_00009,500,2014-12-09 16:15:00,2014-12-09 18:00:00,1.75,542.0,948.5,0.0,
T0500_00010,500,2014-12-28 14:00:00,2014-12-28 16:15:00,2.25,721.0,1622.25,0.0,
T0500_00011,500,2015-01-18 10:15:00,2015-01-18 14:45:00,4.5,899.0,4045.5,0.0,
T0500_00012,500,2015-03-18 15:30:00,2015-03-18 15:45:00,0.25,907.0,226.75,0.0,
T0500_00013,500,2015-04-16 20:45:00,2015-04-16 22:00:00,1.25,1290.0,1594.75,0.25,
T0500_00014,500,2015-04-17 00:00:00,2015-04-17 04:00:00,4.0,1309.0,5231.25,0.25,
T0500_00015,500,2015-04-17 05:00:00,2015-04-17 05:15:00,0.25,1309.0,327.25,0.0,
T0500_00016,500,2015-04-17 11:15:00,2015-04-17 15:15:00,4.0,1161.0,3189.75,0.0,
T0500_00017,500,2015-04-17 17:00:00,2015-04-17 20:00:00,3.0,690.0,1867.75,1.5,
T0500_00018,500,2015-04-28 19:45:00,2015-04-28 20:00:00,0.25,561.0,140.25,0.0,
T0500_00019,500,2015-04-29 18:45:00,2015-04-29 20:15:00,1.5,906.0,1131.5,1.25,
T0500_00020,500,2015-05-09 03:15:00,2015-05-09 04:00:00,0.75,4589.0,3441.75,0.0,
T0500_00021,500,2015-05-09 16:00:00,2015-05-09 18:30:00,2.5,3389.0,6432.5,0.25,1.5
T0500_00022,500,2015-05-09 20:45:00,2015-05-09 22:15:00,1.5,708.0,1055.25,0.0,
T0500_00023,500,2015-05-27 15:15:00,2015-05-27 16:00:00,0.75,2321.0,887.25,0.0,0.25
T0500_00024,500,2015-06-05 02:30:00,2015-06-05 02:45:00,0.25,598.0,149.5,0.0,
T0500_00025,500,2015-07-06 02:30:00,2015-07-06 03:15:00,0.75,1149.0,861.5,0.25,
T0500_00026,500,2015-07-17 21:00:00,2015-07-17 22:30:00,1.5,3832.0,4787.5,0.5,
T0500_00027,500,2015-07-23 17:30:00,2015-07-23 17:45:00,0.25,1635.0,408.75,0.0,
T0500_00028,500,2015-08-08 09:15:00,2015-08-08 11:00:00,1.75,574.0,1002.0,1.25,
T0500_00029,500,2015-08-08 15:45:00,2015-08-08 18:00:00,2.25,781.0,1752.75,1.5,
T0500_00030,500,2015-08-15 16:00:00,2015-08-15 17:00:00,1.0,618.0,617.0,0.75,
T0500_00031,500,2015-08-19 06:45:00,2015-08-19 09:00:00,2.25,575.0,1293.75,0.0,
T0500_00032,500,2015-09-02 15:45:00,2015-09-02 18:00:00,2.25,540.0,1215.0,0.0,
T0500_00033,500,2015-09-07 21:00:00,2015-09-07 22:00:00,1.0,3801.0,3800.75,0.25,
T0500_00034,500,2015-09-09 22:45:00,2015-09-09 23:30:00,0.75,576.0,431.75,0.0,
T0500_00035,500,2015-09-20 21:45:00,2015-09-20 22:30:00,0.75,1112.0,834.0,0.0,
T0500_00036,500,2015-09-24 11:45:00,2015-09-24 12:45:00,1.0,3349.0,2511.0,0.75,
T0500_00037,500,2015-09-28 15:15:00,2015-09-28 16:30:00,1.25,2320.0,1740.0,0.0,
T0500_00038,500,2015-10-05 02:00:00,2015-10-05 03:00:00,1.0,1706.0,1705.75,0.25,
T0500_00039,500,2015-10-08 09:00:00,2015-10-08 10:30:00,1.5,2314.0,3469.75,0.75,
T0500_00040,500,2015-10-12 04:00:00,2015-10-12 06:30:00,2.5,7716.0,14222.25,1.0,0.75
T0500_00041,500,2015-10-12 08:45:00,2015-10-12 10:45:00,2.0,839.0,1458.75,0.0,
T0500_00042,500,2015-10-14 19:15:00,2015-10-14 21:45:00,2.5,2307.0,5653.5,1.5,
T0500_00043,500,2015-10-16 14:30:00,2015-10-16 15:15:00,0.75,601.0,450.5,0.0,
T0500_00044,500,2015-11-02 20:45:00,2015-11-02 21:00:00,0.25,1521.0,380.25,0.0,
T0500_00045,500,2015-11-02 22:30:00,2015-11-02 23:15:00,0.75,656.0,492.0,0.0,
T0500_00046,500,2015-11-09 11:45:00,2015-11-09 14:00:00,2.25,1683.0,3783.75,0.25,
T0500_00047,500,2015-11-11 21:45:00,2015-11-11 22:45:00,1.0,561.0,560.75,0.0,
T0500_00048,500,2015-11-18 03:00:00,2015-11-18 03:15:00,0.25,988.0,247.0,0.0,
T0500_00049,500,2015-11-18 12:15:00,2015-11-18 14:45:00,2.5,4211.0,4297.75,2.25,
T0500_00050,500,2015-11-18 20:45:00,2015-11-18 22:30:00,1.75,4626.0,5132.0,0.0,1.0
T0500_00051,500,2015-11-20 23:45:00,2015-11-21 00:15:00,0.5,525.0,262.25,0.25,
T0500_00052,500,2016-01-04 23:30:00,2016-01-04 23:45:00,0.25,512.0,128.0,0.0,
T0500_00053,500,2016-01-10 16:00:00,2016-01-10 16:15:00,0.25,528.0,132.0,0.0,
T0500_00054,500,2016-01-14 20:45:00,2016-01-14 21:00:00,0.25,2094.0,523.5,0.0,
T0500_00055,500,2016-01-26 16:00:00,2016-01-26 16:45:00,0.75,1451.0,1088.25,0.0,
T0500_00056,500,2016-01-27 00:45:00,2016-01-27 01:00:00,0.25,4376.0,1094.0,0.0,
T0500_00057,500,2016-02-16 06:30:00,2016-02-16 07:15:00,0.75,583.0,437.25,0.0,
T0500_00058,500,2016-03-18 03:30:00,2016-03-18 04:00:00,0.5,6358.0,2918.75,0.25,
T0500_00059,500,2016-03-20 16:30:00,2016-03-20 16:45:00,0.25,667.0,166.75,0.0,
T0500_00060,500,2016-03-23 09:45:00,2016-03-25 03:00:00,41.25,41639.0,276699.5,13.75,1.25
T0500_00061,500,2016-04-06 02:00:00,2016-04-06 09:45:00,7.75,811.0,4727.5,7.25,
T0500_00062,500,2016-04-07 20:15:00,2016-04-07 21:15:00,1.0,583.0,583.0,0.0,
T0500_00063,500,2016-04-08 20:15:00,2016-04-08 20:45:00,0.5,873.0,436.5,0.0,
T0500_00064,500,2016-04-17 07:45:00,2016-04-17 17:00:00,9.25,4183.0,18775.75,7.5,
T0500_00065,500,2016-04-17 18:00:00,2016-04-17 19:00:00,1.0,581.0,581.0,0.0,
T0500_00066,500,2016-04-20 00:30:00,2016-04-20 01:30:00,1.0,892.0,794.0,0.25,
T0500_00067,500,2016-04-20 02:30:00,2016-04-20 02:45:00,0.25,750.0,187.5,0.0,
T0500_00068,500,2016-04-24 01:00:00,2016-04-24 02:45:00,1.75,589.0,1030.75,0.0,
T0500_00069,500,2016-04-26 16:30:00,2016-04-26 16:45:00,0.25,951.0,237.75,0.0,
T0500_00070,500,2016-05-06 21:45:00,2016-05-06 22:00:00,0.25,604.0,151.0,0.0,
T0500_00071,500,2016-05-15 19:30:00,2016-05-15 20:45:00,1.25,4113.0,4112.5,0.0,
T0500_00072,500,2016-06-10 02:00:00,2016-06-10 03:45:00,1.75,2816.0,1730.5,1.5,
T0500_00073,500,2016-07-05 19:30:00,2016-07-05 19:45:00,0.25,1462.0,365.5,0.0,
T0500_00074,500,2016-07-05 22:15:00,2016-07-06 00:15:00,2.0,861.0,1392.5,0.0,
T0500_00075,500,2016-07-12 16:15:00,2016-07-12 21:30:00,5.25,706.0,3314.25,2.75,
T0500_00076,500,2016-07-14 09:45:00,2016-07-14 11:00:00,1.25,839.0,1048.75,0.0,
T0500_00077,500,2016-07-24 07:00:00,2016-07-24 09:45:00,2.75,4005.0,10923.5,0.0,
T0500_00078,500,2016-07-25 23:30:00,2016-07-26 00:30:00,1.0,2736.0,2732.75,0.75,
T0500_00079,500,2016-07-26 17:00:00,2016-07-26 18:15:00,1.25,556.0,694.0,0.0,
T0500_00080,500,2016-08-05 08:45:00,2016-08-05 10:30:00,1.75,1301.0,1951.25,0.25,
T0500_00081,500,2016-08-06 03:30:00,2016-08-06 06:00:00,2.5,3096.0,6753.0,0.5,1.75
T0500_00082,500,2016-08-06 12:45:00,2016-08-06 14:00:00,1.25,778.0,971.25,0.0,
T0500_00083,500,2016-08-09 21:30:00,2016-08-09 23:15:00,1.75,6216.0,9329.25,0.25,1.25
T0500_00084,500,2016-09-10 18:00:00,2016-09-10 18:15:00,0.25,1491.0,372.75,0.0,
T0500_00085,500,2017-03-28 22:15:00,2017-03-28 23:30:00,1.25,2414.0,3017.5,0.0,
T0500_00086,500,2017-04-04 16:45:00,2017-04-04 17:15:00,0.5,4020.0,2002.75,0.0,
T0500_00087,500,2017-05-12 14:00:00,2017-05-12 15:30:00,1.5,603.0,904.5,0.0,
T0500_00088,500,2017-05-18 10:15:00,2017-05-20 00:30:00,38.25,10234.0,109414.25,8.5,1.25
T0500_00089,500,2017-05-20 01:45:00,2017-05-20 02:00:00,0.25,945.0,236.25,0.0,
T0500_00090,500,2017-05-20 17:15:00,2017-05-20 23:00:00,5.75,1069.0,5626.75,5.0,
T0500_00091,500,2017-06-14 12:15:00,2017-06-14 14:00:00,1.75,531.0,928.75,0.5,
T0500_00092,500,2017-06-17 14:30:00,2017-06-17 16:00:00,1.5,584.0,876.0,0.0,
T0500_00093,500,2017-06-21 11:45:00,2017-06-21 13:15:00,1.5,6903.0,7853.0,1.25,
T0500_00094,500,2017-06-25 09:00:00,2017-06-25 09:30:00,0.5,3333.0,1666.25,0.0,
T0500_00095,500,2017-07-24 17:15:00,2017-07-24 18:45:00,1.5,854.0,1279.75,1.25,
T0500_00096,500,2017-08-06 19:15:00,2017-08-06 19:45:00,0.5,849.0,424.25,0.25,
T0500_00097,500,2017-08-26 23:00:00,2017-08-27 02:15:00,3.25,4917.0,9413.5,0.75,1.0
T0500_00098,500,2017-08-28 16:45:00,2017-08-28 17:45:00,1.0,919.0,919.0,0.0,
T0500_00099,500,2017-08-29 12:45:00,2017-08-29 14:15:00,1.5,2068.0,3008.25,1.25,
T0500_00100,500,2017-09-02 20:00:00,2017-09-02 23:45:00,3.75,6488.0,20853.5,1.5,
T0500_00101,500,2017-09-03 01:30:00,2017-09-03 02:15:00,0.75,2658.0,1993.5,0.0,
T0500_00102,500,2017-09-13 16:00:00,2017-09-13 16:45:00,0.75,532.0,398.75,0.25,
T0500_00103,500,2017-09-17 18:15:00,2017-09-17 19:30:00,1.25,1356.0,1694.0,0.5,
T0500_00104,500,2017-09-20 01:15:00,2017-09-20 03:15:00,2.0,1799.0,3590.25,0.25,
T0500_00105,500,2017-10-02 15:00:00,2017-10-02 18:15:00,3.25,1506.0,3875.5,0.0,
T0500_00106,500,2017-10-06 21:15:00,2017-10-06 22:45:00,1.5,1178.0,1750.25,0.75,
T0500_00107,500,2017-10-07 02:30:00,2017-10-07 02:45:00,0.25,556.0,139.0,0.0,
T0500_00108,500,2017-10-09 14:15:00,2017-10-10 02:45:00,12.5,4311.0,28807.75,4.5,4.25
T0500_00109,500,2017-10-14 20:45:00,2017-10-15 01:30:00,4.75,2041.0,7530.5,3.25,0.75
T0500_00110,500,2017-10-18 17:15:00,2017-10-18 18:00:00,0.75,1505.0,1128.75,0.0,
T0500_00111,500,2017-10-21 07:15:00,2017-10-21 08:15:00,1.0,827.0,827.0,0.0,
T0500_00112,500,2017-10-26 04:30:00,2017-10-26 06:00:00,1.5,1272.0,1856.5,0.25,
T0500_00113,500,2017-11-26 03:30:00,2017-11-26 04:45:00,1.25,2141.0,2671.0,1.0,
T0500_00114,500,2017-11-30 08:15:00,2017-11-30 08:30:00,0.25,2412.0,603.0,0.0,
T0500_00115,500,2017-12-06 06:30:00,2017-12-06 07:15:00,0.75,1680.0,1012.75,0.5,
T0500_00116,500,2017-12-06 08:45:00,2017-12-06 11:30:00,2.75,557.0,1531.75,0.0,
T0500_00117,500,2017-12-12 03:30:00,2017-12-12 06:30:00,3.0,1087.0,3200.0,0.5,
T0500_00118,500,2017-12-16 15:30:00,2017-12-16 16:45:00,1.25,589.0,736.0,0.0,
T0500_00119,500,2017-12-22 17:15:00,2017-12-22 18:15:00,1.0,1711.0,1282.5,0.75,
T0500_00120,500,2017-12-27 17:30:00,2017-12-27 19:45:00,2.25,1711.0,1954.75,0.25,1.0
T0500_00121,500,2017-12-28 07:45:00,2017-12-28 09:30:00,1.75,2201.0,3790.75,1.25,
T0500_00122,500,2017-12-29 14:15:00,2017-12-29 15:30:00,1.25,3764.0,4593.25,0.25,
T0500_00123,500,2018-02-13 20:30:00,2018-02-13 21:00:00,0.5,1645.0,822.25,0.25,
T0500_00124,500,2018-03-14 20:00:00,2018-03-14 20:30:00,0.5,1001.0,500.5,0.0,
T0500_00125,500,2018-03-27 22:30:00,2018-03-27 23:30:00,1.0,3875.0,1388.25,0.0,0.25
T0500_00126,500,2018-04-07 21:30:00,2018-04-07 22:15:00,0.75,764.0,573.0,0.0,
T0500_00127,500,2018-04-17 20:15:00,2018-04-18 08:00:00,11.75,3809.0,27729.75,4.0,4.25
T0500_00128,500,2018-04-21 20:15:00,2018-04-21 20:45:00,0.5,1320.0,533.25,0.0,
T0500_00129,500,2018-04-22 19:30:00,2018-04-22 20:00:00,0.5,945.0,472.5,0.0,
T0500_00130,500,2018-04-25 15:00:00,2018-04-25 15:30:00,0.5,642.0,315.5,0.25,
T0500_00131,500,2018-05-03 14:45:00,2018-05-03 20:15:00,5.5,1716.0,6723.0,1.25,3.5
T0500_00132,500,2018-05-12 13:45:00,2018-05-12 15:45:00,2.0,1063.0,2126.0,0.0,
T0500_00133,500,2018-05-16 21:30:00,2018-05-16 23:45:00,2.25,1037.0,2333.0,0.25,
T0500_00134,500,2018-05-19 20:15:00,2018-05-20 12:45:00,16.5,1402.0,22042.5,5.0,
T0500_00135,500,2018-05-21 10:30:00,2018-05-21 11:45:00,1.25,3861.0,4826.25,0.0,
T0500_00136,500,2018-06-04 18:15:00,2018-06-04 19:00:00,0.75,4719.0,3537.25,0.5,
T0500_00137,500,2018-06-07 05:30:00,2018-06-07 07:00:00,1.5,1546.0,2318.5,0.25,
T0500_00138,500,2018-06-07 21:00:00,2018-06-07 22:30:00,1.5,2413.0,3618.25,0.5,
T0500_00139,500,2018-06-08 17:30:00,2018-06-08 18:00:00,0.5,1939.0,969.25,0.25,
T0500_00140,500,2018-06-19 18:30:00,2018-06-19 22:30:00,4.0,917.0,3660.0,3.0,
T0500_00141,500,2018-06-22 15:30:00,2018-06-22 17:15:00,1.75,2361.0,4117.25,1.25,
T0500_00142,500,2018-06-24 18:15:00,2018-06-24 22:00:00,3.75,1331.0,4986.5,3.5,
T0500_00143,500,2018-06-30 12:30:00,2018-06-30 14:45:00,2.25,1269.0,2729.5,0.25,
T0500_00144,500,2018-07-02 16:30:00,2018-07-02 16:45:00,0.25,6271.0,1567.75,0.0,
T0500_00145,500,2018-07-12 18:30:00,2018-07-12 21:15:00,2.75,646.0,1556.75,0.0,
T0500_00146,500,2018-07-17 21:00:00,2018-07-18 01:00:00,4.0,951.0,3284.25,0.5,
T0500_00147,500,2018-07-22 18:15:00,2018-07-23 04:00:00,9.75,2348.0,14106.25,2.25,
T0500_00148,500,2018-07-24 20:00:00,2018-07-24 22:30:00,2.5,542.0,1346.5,0.5,
T0500_00149,500,2018-07-25 00:15:00,2018-07-25 01:00:00,0.75,524.0,393.0,0.0,
T0500_00150,500,2018-07-26 02:15:00,2018-07-26 02:45:00,0.5,1612.0,804.75,0.25,
T0500_00151,500,2018-07-26 14:30:00,2018-07-26 16:15:00,1.75,1144.0,1990.0,0.0,
T0500_00152,500,2018-07-30 20:30:00,2018-07-30 23:00:00,2.5,3814.0,3403.0,0.0,0.5
T0500_00153,500,2018-08-04 03:15:00,2018-08-04 04:15:00,1.0,725.0,724.25,0.5,
T0500_00154,500,2018-08-14 22:45:00,2018-08-14 23:00:00,0.25,7351.0,1837.75,0.0,
T0500_00155,500,2018-08-19 23:45:00,2018-08-20 03:00:00,3.25,915.0,2873.0,1.5,
T0500_00156,500,2018-08-26 18:30:00,2018-08-26 22:45:00,4.25,1331.0,5654.0,0.0,
T0500_00157,500,2018-09-04 22:30:00,2018-09-04 23:15:00,0.75,619.0,459.0,0.25,
T0500_00158,500,2018-09-26 13:30:00,2018-09-26 15:15:00,1.75,715.0,1102.75,0.25,
T0500_00159,500,2018-09-29 16:15:00,2018-09-29 17:30:00,1.25,1331.0,1663.75,0.0,
T0500_00160,500,2018-09-30 18:15:00,2018-09-30 19:15:00,1.0,1336.0,1335.25,0.0,
T0500_00161,500,2018-10-11 03:00:00,2018-10-11 04:00:00,1.0,1177.0,1177.0,0.0,
T0500_00162,500,2018-10-15 01:00:00,2018-10-15 14:30:00,13.5,3542.0,21152.25,9.75,2.0
T0500_00163,500,2018-10-17 16:00:00,2018-10-17 16:15:00,0.25,1815.0,453.75,0.0,
T0500_00164,500,2018-11-14 17:15:00,2018-11-14 18:15:00,1.0,2347.0,2346.0,0.75,
T0500_00165,500,2018-11-15 10:30:00,2018-11-15 11:30:00,1.0,4214.0,4207.25,0.5,
T0500_00166,500,2018-11-25 03:45:00,2018-11-25 07:00:00,3.25,2123.0,3228.75,0.5,0.25
T0500_00167,500,2018-11-25 19:15:00,2018-11-25 20:15:00,1.0,1331.0,1125.5,0.0,0.75
T0500_00168,500,2018-12-23 19:15:00,2018-12-23 19:45:00,0.5,1331.0,665.5,0.0,
T0500_00169,500,2019-01-07 20:00:00,2019-01-07 22:15:00,2.25,916.0,2027.0,0.25,
T0500_00170,500,2019-01-11 15:30:00,2019-01-11 17:15:00,1.75,693.0,1157.75,0.0,
T0500_00171,500,2019-01-20 19:15:00,2019-01-20 20:00:00,0.75,1331.0,998.25,0.0,
T0500_00172,500,2019-01-28 04:45:00,2019-01-28 05:45:00,1.0,1015.0,1014.5,0.5,
T0500_00173,500,2019-01-30 20:45:00,2019-01-30 21:15:00,0.5,3793.0,1896.5,0.0,
T0500_00174,500,2019-01-31 17:15:00,2019-01-31 18:15:00,1.0,1627.0,1217.0,0.75,
T0500_00175,500,2019-02-14 05:00:00,2019-02-14 07:45:00,2.75,1309.0,2687.0,0.75,1.75
T0500_00176,500,2019-02-15 20:45:00,2019-02-15 21:15:00,0.5,44170.0,22085.0,0.0,
T0500_00177,500,2019-03-13 11:15:00,2019-03-13 12:00:00,0.75,651.0,488.25,0.0,
T0500_00178,500,2019-03-13 16:45:00,2019-03-14 14:00:00,21.25,2283.0,26252.0,1.5,8.25
T0500_00179,500,2019-03-30 05:30:00,2019-03-30 09:00:00,3.5,2015.0,6981.0,0.5,
T0500_00180,500,2019-05-05 21:45:00,2019-05-06 12:30:00,14.75,5992.0,63461.0,0.5,
T0500_00181,500,2019-05-11 00:45:00,2019-05-11 03:30:00,2.75,722.0,1882.5,1.75,
T0500_00182,500,2019-05-21 09:00:00,2019-05-21 18:45:00,9.75,1821.0,8926.75,3.5,1.25
T0500_00183,500,2019-06-03 19:30:00,2019-06-03 20:45:00,1.25,3360.0,4176.5,0.75,
T0500_00184,500,2019-06-15 15:00:00,2019-06-15 16:00:00,1.0,538.0,537.25,0.25,
T0500_00185,500,2019-06-17 21:30:00,2019-06-17 22:15:00,0.75,1986.0,1489.5,0.0,
T0500_00186,500,2019-06-27 01:45:00,2019-06-27 02:45:00,1.0,3797.0,3796.5,0.5,
T0500_00187,500,2019-06-27 04:15:00,2019-06-27 07:45:00,3.5,561.0,1950.5,0.0,
T0500_00188,500,2019-07-06 02:15:00,2019-07-06 04:15:00,2.0,2261.0,4450.25,1.25,
T0500_00189,500,2019-07-08 00:30:00,2019-07-08 00:45:00,0.25,626.0,156.5,0.0,
T0500_00190,500,2019-07-12 02:30:00,2019-07-12 04:45:00,2.25,2606.0,5467.0,1.5,
T0500_00191,500,2019-07-25 22:30:00,2019-07-26 00:30:00,2.0,4453.0,8898.0,1.75,
T0500_00192,500,2019-07-29 13:15:00,2019-07-29 13:30:00,0.25,1094.0,273.5,0.0,
T0500_00193,500,2019-08-08 06:15:00,2019-08-08 09:00:00,2.75,1612.0,4432.75,0.25,
T0500_00194,500,2019-08-13 05:15:00,2019-08-13 07:30:00,2.25,969.0,2176.25,1.75,
T0500_00195,500,2019-08-13 17:15:00,2019-08-13 18:15:00,1.0,1548.0,1547.0,0.5,
T0500_00196,500,2019-08-27 12:30:00,2019-08-27 13:45:00,1.25,4227.0,5283.75,0.0,
T0500_00197,500,2019-08-30 09:15:00,2019-08-30 10:45:00,1.5,1010.0,1514.75,0.0,
T0500_00198,500,2019-09-06 11:30:00,2019-09-06 18:45:00,7.25,3212.0,17909.0,6.5,
T0500_00199,500,2019-09-06 22:30:00,2019-09-06 23:15:00,0.75,1460.0,586.75,0.5,
T0500_00200,500,2019-09-08 14:15:00,2019-09-08 14:45:00,0.5,4228.0,2114.0,0.0,
T0500_00201,500,2019-09-23 20:30:00,2019-09-23 20:45:00,0.25,4451.0,1112.75,0.0,
T0500_00202,500,2019-09-27 22:45:00,2019-09-27 23:30:00,0.75,3140.0,2354.5,0.0,
T0500_00203,500,2019-09-28 03:30:00,2019-09-28 05:30:00,2.0,643.0,1272.75,1.5,
T0500_00204,500,2019-09-30 05:15:00,2019-09-30 05:45:00,0.5,4300.0,2149.75,0.0,
T0500_00205,500,2019-10-05 10:15:00,2019-10-05 11:30:00,1.25,5125.0,6296.75,1.0,
T0500_00206,500,2019-10-11 14:00:00,2019-10-11 14:45:00,0.75,4365.0,2555.0,0.25,0.25
T0500_00207,500,2019-10-11 18:30:00,2019-10-11 18:45:00,0.25,872.0,218.0,0.0,
T0500_00208,500,2019-10-28 15:15:00,2019-10-28 19:45:00,4.5,10666.0,29539.5,3.75,0.5
T0500_00209,500,2019-11-03 16:00:00,2019-11-03 16:45:00,0.75,569.0,426.75,0.0,
T0500_00210,500,2019-11-10 08:00:00,2019-11-10 11:00:00,3.0,3603.0,9667.0,0.5,
T0500_00211,500,2019-11-17 16:15:00,2019-11-17 18:45:00,2.5,2829.0,5207.25,0.25,
T0500_00212,500,2019-11-18 17:00:00,2019-11-18 21:15:00,4.25,924.0,3922.75,3.25,
T0500_00213,500,2019-11-25 15:00:00,2019-11-25 16:00:00,1.0,645.0,645.0,0.0,
T0500_00214,500,2019-11-29 18:45:00,2019-11-29 19:45:00,1.0,647.0,646.5,0.5,
T0500_00215,500,2019-11-30 11:00:00,2019-11-30 12:00:00,1.0,702.0,701.25,0.75,
T0500_00216,500,2019-11-30 19:45:00,2019-12-01 04:30:00,8.75,2198.0,15116.5,5.25,
T0500_00217,500,2019-12-01 16:15:00,2019-12-01 16:30:00,0.25,501.0,125.25,0.0,
T0500_00218,500,2019-12-02 00:15:00,2019-12-02 00:45:00,0.5,696.0,347.75,0.25,
T0500_00219,500,2019-12-02 03:45:00,2019-12-02 06:30:00,2.75,707.0,1906.5,0.75,
T0500_00220,500,2019-12-03 21:45:00,2019-12-04 00:00:00,2.25,972.0,1996.25,0.25,
T0500_00221,500,2020-02-10 16:15:00,2020-02-10 17:15:00,1.0,2384.0,2381.5,0.75,
T0500_00222,500,2020-02-12 17:00:00,2020-02-12 18:00:00,1.0,2986.0,2984.75,0.5,
T0500_00223,500,2020-02-13 05:00:00,2020-02-13 06:45:00,1.75,2043.0,3574.0,0.25,
T0500_00224,500,2020-03-09 03:15:00,2020-03-09 04:45:00,1.5,1019.0,1455.25,0.75,
T0500_00225,500,2020-03-19 16:15:00,2020-03-20 01:15:00,9.0,2511.0,8337.25,0.5,0.5
T0500_00226,500,2020-03-21 16:15:00,2020-03-21 17:30:00,1.25,565.0,674.5,0.25,
T0500_00227,500,2020-03-22 17:15:00,2020-03-22 19:00:00,1.75,1033.0,1305.75,0.0,
T0500_00228,500,2020-04-08 04:30:00,2020-04-08 05:30:00,1.0,975.0,877.25,0.0,
T0500_00229,500,2020-04-16 07:45:00,2020-04-16 13:45:00,6.0,1991.0,6675.0,1.75,2.5
T0500_00230,500,2020-04-18 16:00:00,2020-04-18 17:15:00,1.25,4254.0,4402.25,0.5,0.5
T0500_00231,500,2020-04-24 14:00:00,2020-04-24 14:45:00,0.75,571.0,423.75,0.0,
T0500_00232,500,2020-05-17 16:15:00,2020-05-17 16:45:00,0.5,543.0,271.5,0.0,
T0500_00233,500,2020-05-18 19:15:00,2020-05-18 22:00:00,2.75,528.0,1450.0,2.0,
T0500_00234,500,2020-05-23 12:30:00,2020-05-23 14:15:00,1.75,557.0,973.25,1.25,
T0500_00235,500,2020-06-01 18:45:00,2020-06-01 19:45:00,1.0,4104.0,3212.75,0.5,0.25
T0500_00236,500,2020-06-04 20:00:00,2020-06-04 21:00:00,1.0,1206.0,1205.25,0.5,
T0500_00237,500,2020-06-06 22:00:00,2020-06-07 01:15:00,3.25,1079.0,2029.5,1.0,
T0500_00238,500,2020-06-11 18:15:00,2020-06-11 19:45:00,1.5,530.0,793.75,0.0,
T0500_00239,500,2020-06-11 23:00:00,2020-06-11 23:15:00,0.25,826.0,206.5,0.0,
T0500_00240,500,2020-06-12 03:00:00,2020-06-12 03:30:00,0.5,561.0,280.5,0.0,
T0500_00241,500,2020-06-19 20:30:00,2020-06-19 21:45:00,1.25,3907.0,4872.75,0.5,
T0500_00242,500,2020-07-07 18:45:00,2020-07-07 19:45:00,1.0,725.0,725.0,0.0,
T0500_00243,500,2020-07-17 20:30:00,2020-07-17 21:00:00,0.5,504.0,251.75,0.25,
T0500_00244,500,2020-08-05 22:00:00,2020-08-05 23:00:00,1.0,827.0,826.75,0.25,
T0500_00245,500,2020-08-22 15:45:00,2020-08-22 16:15:00,0.5,510.0,255.0,0.0,
T0500_00246,500,2020-08-25 00:15:00,2020-08-25 01:30:00,1.25,1181.0,1475.0,0.5,
T0500_00247,500,2020-09-08 23:45:00,2020-09-10 04:15:00,28.5,16554.0,80338.0,16.25,0.25
T0500_00248,500,2020-09-10 05:15:00,2020-09-10 06:30:00,1.25,638.0,787.5,0.0,
T0500_00249,500,2020-09-26 15:30:00,2020-09-26 17:30:00,2.0,727.0,1452.25,0.5,
T0500_00250,500,2020-09-27 22:15:00,2020-09-27 22:45:00,0.5,2054.0,1026.5,0.0,
T0500_00251,500,2020-10-02 18:45:00,2020-10-02 21:15:00,2.5,1440.0,3600.0,0.0,
T0500_00252,500,2020-10-09 17:45:00,2020-10-09 19:00:00,1.25,5245.0,5582.25,0.25,0.75
T0500_00253,500,2020-10-11 17:45:00,2020-10-11 19:00:00,1.25,500.0,625.0,0.0,0.0
T0500_00254,500,2020-10-11 21:00:00,2020-10-12 02:30:00,5.5,9036.0,8371.25,0.75,0.25
T0500_00255,500,2020-10-14 06:00:00,2020-10-14 07:15:00,1.25,2170.0,2712.5,0.0,
T0500_00256,500,2020-10-15 06:15:00,2020-10-15 06:30:00,0.25,2172.0,543.0,0.0,
T0500_00257,500,2020-10-17 20:45:00,2020-10-18 17:45:00,21.0,1024.0,15877.75,8.0,
T0500_00258,500,2020-10-18 21:30:00,2020-10-19 13:45:00,16.25,3852.0,25315.5,5.25,1.0
T0500_00259,500,2020-10-19 14:45:00,2020-10-22 17:45:00,75.0,1462.0,68318.75,57.0,1.25
T0500_00260,500,2020-10-22 18:30:00,2020-10-22 22:00:00,3.5,623.0,1246.0,0.0,
T0500_00261,500,2020-10-22 22:45:00,2020-10-23 03:00:00,4.25,624.0,2026.0,2.75,
T0500_00262,500,2020-10-23 03:45:00,2020-10-23 04:30:00,0.75,623.0,467.25,0.0,
T0500_00263,500,2020-10-23 05:15:00,2020-10-23 05:45:00,0.5,623.0,311.5,0.0,
T0500_00264,500,2020-10-23 07:00:00,2020-10-23 10:00:00,3.0,623.0,934.5,0.0,
T0500_00265,500,2020-10-23 11:15:00,2020-10-23 12:15:00,1.0,623.0,467.25,0.0,
T0500_00266,500,2020-10-23 14:00:00,2020-10-23 16:15:00,2.25,623.0,934.5,0.0,
T0500_00267,500,2020-10-23 17:30:00,2020-10-23 18:45:00,1.25,624.0,468.0,0.0,
T0500_00268,500,2020-10-23 19:30:00,2020-10-23 22:45:00,3.25,624.0,1247.0,0.0,
T0500_00269,500,2020-10-23 23:30:00,2020-10-24 00:15:00,0.75,623.0,305.0,0.0,
T0500_00270,500,2020-10-24 01:15:00,2020-10-24 05:00:00,3.75,598.0,1492.75,3.5,
T0500_00271,500,2020-10-24 05:45:00,2020-10-24 08:30:00,2.75,598.0,1196.0,0.0,
T0500_00272,500,2020-10-24 09:30:00,2020-10-24 09:45:00,0.25,598.0,149.5,0.0,
T0500_00273,500,2020-10-24 11:15:00,2020-10-24 14:00:00,2.75,598.0,1046.5,0.0,
T0500_00274,500,2020-10-24 15:15:00,2020-10-24 15:30:00,0.25,598.0,149.5,0.0,
T0500_00275,500,2020-10-24 16:15:00,2020-10-24 20:15:00,4.0,599.0,1345.75,0.5,
T0500_00276,500,2020-10-24 21:00:00,2020-10-24 21:15:00,0.25,598.0,149.5,0.0,
T0500_00277,500,2020-10-24 22:30:00,2020-10-25 01:00:00,2.5,600.0,1048.0,2.0,
T0500_00278,500,2020-10-25 02:45:00,2020-10-25 03:30:00,0.75,598.0,448.5,0.0,
T0500_00279,500,2020-10-25 04:30:00,2020-10-25 05:30:00,1.0,598.0,299.0,0.0,
T0500_00280,500,2020-10-25 07:00:00,2020-10-25 08:15:00,1.25,598.0,598.0,0.0,
T0500_00281,500,2020-10-25 09:00:00,2020-10-25 11:00:00,2.0,598.0,747.5,0.0,
T0500_00282,500,2020-10-25 12:00:00,2020-10-25 12:30:00,0.5,598.0,299.0,0.0,
T0500_00283,500,2020-10-25 13:15:00,2020-10-25 16:15:00,3.0,598.0,1046.5,0.0,
T0500_00284,500,2020-11-13 16:00:00,2020-11-13 17:00:00,1.0,1364.0,1277.5,0.25,
T0500_00285,500,2020-11-19 15:30:00,2020-11-19 20:45:00,5.25,585.0,2907.5,2.0,
T0500_00286,500,2020-12-04 17:45:00,2020-12-04 19:45:00,2.0,539.0,1076.25,0.25,
T0500_00287,500,2020-12-08 17:00:00,2020-12-08 17:45:00,0.75,6941.0,4035.0,0.25,
T0500_00288,500,2021-01-06 17:15:00,2021-01-06 18:00:00,0.75,1814.0,1360.25,0.0,
T0500_00289,500,2021-01-19 17:00:00,2021-01-19 17:15:00,0.25,2536.0,634.0,0.0,
T0500_00290,500,2021-01-28 17:15:00,2021-01-28 17:30:00,0.25,1126.0,281.5,0.0,
T0500_00291,500,2021-01-28 21:15:00,2021-01-28 22:15:00,1.0,1108.0,1108.0,0.0,
T0500_00292,500,2021-02-15 01:00:00,2021-02-15 02:45:00,1.75,1590.0,2079.0,1.0,0.5
T0500_00293,500,2021-02-26 17:30:00,2021-02-26 17:45:00,0.25,1606.0,401.5,0.0,
T0500_00294,500,2021-03-01 21:00:00,2021-03-01 22:00:00,1.0,1925.0,1538.5,0.0,0.25
T0500_00295,500,2021-03-13 20:45:00,2021-03-13 21:15:00,0.5,1634.0,817.0,0.0,
T0500_00296,500,2021-03-14 11:45:00,2021-03-14 12:00:00,0.25,3730.0,932.5,0.0,
T0500_00297,500,2021-03-14 14:30:00,2021-03-15 14:00:00,23.5,7374.0,24302.0,9.25,0.25
T0500_00298,500,2021-03-26 16:30:00,2021-03-26 17:45:00,1.25,3791.0,4737.75,0.0,
T0500_00299,500,2021-04-04 16:30:00,2021-04-04 18:15:00,1.75,1389.0,1999.25,0.5,
T0500_00300,500,2021-04-07 16:15:00,2021-04-07 17:00:00,0.75,1315.0,986.25,0.0,
T0500_00301,500,2021-04-07 19:00:00,2021-04-07 19:15:00,0.25,1125.0,281.25,0.0,
T0500_00302,500,2021-04-28 00:00:00,2021-04-28 00:45:00,0.75,622.0,459.5,0.25,
T0500_00303,500,2021-04-28 11:45:00,2021-04-28 16:00:00,4.25,1084.0,3710.75,2.75,
T0500_00304,500,2021-04-29 17:30:00,2021-04-29 20:30:00,3.0,1038.0,2790.5,2.5,
T0500_00305,500,2021-04-29 22:30:00,2021-04-29 22:45:00,0.25,539.0,134.75,0.0,
T0500_00306,500,2021-05-03 15:00:00,2021-05-03 16:30:00,1.5,999.0,1202.0,1.25,
T0500_00307,500,2021-05-03 17:30:00,2021-05-03 20:00:00,2.5,1086.0,2065.25,0.75,
T0500_00308,500,2021-05-10 20:00:00,2021-05-10 20:15:00,0.25,503.0,125.75,0.0,
T0500_00309,500,2021-05-12 14:45:00,2021-05-12 16:30:00,1.75,684.0,957.25,1.5,
T0500_00310,500,2021-05-24 08:45:00,2021-05-24 09:00:00,0.25,1244.0,311.0,0.0,
T0500_00311,500,2021-06-04 06:30:00,2021-06-04 06:45:00,0.25,1243.0,310.75,0.0,
T0500_00312,500,2021-06-05 22:30:00,2021-06-06 01:15:00,2.75,1600.0,4397.0,0.25,
T0500_00313,500,2021-06-14 15:45:00,2021-06-14 17:00:00,1.25,557.0,691.75,0.0,
T0500_00314,500,2021-06-15 01:30:00,2021-06-15 03:00:00,1.5,1185.0,1776.5,0.25,
T0500_00315,500,2021-07-22 19:15:00,2021-07-22 19:30:00,0.25,2006.0,501.5,0.0,
T0500_00316,500,2021-07-31 13:00:00,2021-07-31 14:00:00,1.0,1914.0,1269.75,0.0,0.5
T0500_00317,500,2021-08-11 16:15:00,2021-08-11 17:15:00,1.0,1096.0,1095.5,0.5,
T0500_00318,500,2021-08-14 12:30:00,2021-08-14 14:15:00,1.75,639.0,1118.25,0.0,
T0500_00319,500,2021-08-19 10:15:00,2021-08-19 11:30:00,1.25,1242.0,1551.5,1.0,
T0500_00320,500,2021-08-20 17:45:00,2021-08-20 18:15:00,0.5,946.0,472.75,0.25,
T0500_00321,500,2021-08-21 18:30:00,2021-08-21 19:45:00,1.25,572.0,715.0,0.0,
T0500_00322,500,2021-08-31 14:45:00,2021-08-31 15:30:00,0.75,586.0,439.25,0.25,
T0500_00323,500,2021-09-09 05:15:00,2021-09-09 10:00:00,4.75,4294.0,20392.0,0.25,
T0500_00324,500,2021-09-12 15:15:00,2021-09-12 16:00:00,0.75,1407.0,1055.25,0.0,
T0500_00325,500,2021-09-14 15:30:00,2021-09-14 16:30:00,1.0,584.0,584.0,0.0,
T0500_00326,500,2021-09-28 15:30:00,2021-09-28 17:15:00,1.75,1063.0,1859.5,0.25,
T0500_00327,500,2021-10-01 11:30:00,2021-10-01 12:00:00,0.5,690.0,345.0,0.0,
T0500_00328,500,2021-10-06 00:30:00,2021-10-06 01:30:00,1.0,1188.0,1185.75,0.75,
T0500_00329,500,2021-10-24 21:45:00,2021-10-24 22:00:00,0.25,3149.0,787.25,0.0,
T0500_00330,500,2021-11-19 19:45:00,2021-11-19 20:00:00,0.25,1488.0,372.0,0.0,
T0500_00331,500,2021-12-02 05:30:00,2021-12-02 06:00:00,0.5,3685.0,1348.75,0.25,
T0500_00332,500,2021-12-09 18:30:00,2021-12-09 19:00:00,0.5,760.0,377.75,0.0,
T0500_00333,500,2021-12-10 18:30:00,2021-12-10 18:45:00,0.25,3585.0,896.25,0.0,
T0500_00334,500,2021-12-15 17:00:00,2021-12-16 13:15:00,20.25,11600.0,111534.5,2.5,1.25
T0500_00335,500,2021-12-16 14:30:00,2021-12-16 23:45:00,9.25,1049.0,7536.0,4.5,
T0500_00336,500,2021-12-23 00:00:00,2021-12-23 00:15:00,0.25,647.0,161.75,0.0,
T0500_00337,500,2021-12-30 15:30:00,2021-12-31 00:15:00,8.75,29693.0,131228.25,6.5,
T0500_00338,500,2022-01-01 00:00:00,2022-01-03 05:15:00,53.25,30294.0,257648.0,0.5,0.75
T0500_00339,500,2022-01-03 18:30:00,2022-01-03 21:45:00,3.25,991.0,2855.75,0.5,
T0500_00340,500,2022-01-06 11:00:00,2022-01-06 13:00:00,2.0,1672.0,1509.75,1.75,
T0500_00341,500,2022-01-08 04:15:00,2022-01-08 05:30:00,1.25,2102.0,2351.0,0.25,0.75
T0500_00342,500,2022-01-16 04:45:00,2022-01-16 05:15:00,0.5,500.0,250.0,0.0,0.0
T0500_00343,500,2022-01-17 20:45:00,2022-01-17 22:15:00,1.5,594.0,889.0,1.0,
T0500_00344,500,2022-01-21 21:15:00,2022-01-21 22:45:00,1.5,6574.0,8227.0,0.5,0.75
T0500_00345,500,2022-03-17 01:45:00,2022-03-17 02:00:00,0.25,5944.0,1486.0,0.0,
T0500_00346,500,2022-03-17 04:00:00,2022-03-17 06:15:00,2.25,3913.0,8643.75,2.0,
T0500_00347,500,2022-03-17 10:15:00,2022-03-17 15:30:00,5.25,797.0,4123.5,4.25,
T0500_00348,500,2022-04-05 21:00:00,2022-04-05 21:30:00,0.5,1485.0,742.25,0.25,
T0500_00349,500,2022-04-29 20:15:00,2022-04-29 23:15:00,3.0,760.0,2236.25,1.0,
T0500_00350,500,2022-05-18 17:30:00,2022-05-18 17:45:00,0.25,1835.0,458.75,0.0,
T0500_00351,500,2022-05-21 02:45:00,2022-05-21 05:30:00,2.75,871.0,1887.0,0.75,
T0500_00352,500,2022-05-21 08:15:00,2022-05-22 03:30:00,19.25,4085.0,43545.25,0.25,0.5
T0500_00353,500,2022-05-24 09:15:00,2022-05-24 13:45:00,4.5,859.0,3861.5,4.0,
T0500_00354,500,2022-06-14 16:15:00,2022-06-14 16:30:00,0.25,727.0,181.75,0.0,
T0500_00355,500,2022-06-17 12:45:00,2022-06-17 15:45:00,3.0,714.0,1958.0,2.75,
T0500_00356,500,2022-07-15 13:30:00,2022-07-15 14:15:00,0.75,516.0,387.0,0.0,
T0500_00357,500,2022-07-21 00:45:00,2022-07-21 02:15:00,1.5,615.0,921.25,0.0,
T0500_00358,500,2022-07-24 08:45:00,2022-07-24 09:45:00,1.0,1638.0,1638.0,0.0,
T0500_00359,500,2022-07-24 13:15:00,2022-07-24 14:15:00,1.0,1056.0,1056.0,0.0,
T0500_00360,500,2022-07-26 13:15:00,2022-07-26 14:30:00,1.25,2143.0,2669.75,0.0,
T0500_00361,500,2022-08-06 23:30:00,2022-08-07 04:15:00,4.75,961.0,3035.25,1.25,
T0500_00362,500,2022-08-20 21:00:00,2022-08-20 22:45:00,1.75,586.0,1024.25,1.25,
T0500_00363,500,2022-08-21 00:15:00,2022-08-21 02:15:00,2.0,1811.0,3617.25,1.75,
T0500_00364,500,2022-08-28 02:00:00,2022-08-28 03:45:00,1.75,1800.0,2756.25,0.75,0.75
T0500_00365,500,2022-09-03 02:45:00,2022-09-03 08:30:00,5.75,595.0,3414.5,1.0,
T0500_00366,500,2022-09-03 22:45:00,2022-09-03 23:15:00,0.5,531.0,265.5,0.0,
T0500_00367,500,2022-09-10 14:30:00,2022-09-10 15:00:00,0.5,1624.0,612.0,0.25,
T0500_00368,500,2022-09-11 09:45:00,2022-09-11 11:15:00,1.5,1623.0,2028.75,0.0,
T0500_00369,500,2022-09-22 02:15:00,2022-09-22 03:45:00,1.5,1631.0,2446.5,0.0,
T0500_00370,500,2022-10-01 03:15:00,2022-10-01 07:00:00,3.75,1817.0,6809.0,2.0,
T0500_00371,500,2022-10-13 14:30:00,2022-10-13 15:45:00,1.25,1845.0,2203.25,0.75,
T0500_00372,500,2022-10-24 22:45:00,2022-10-25 00:00:00,1.25,829.0,1023.75,0.25,
T0500_00373,500,2022-11-05 12:15:00,2022-11-05 18:00:00,5.75,826.0,3759.5,2.75,
T0500_00374,500,2022-11-05 18:45:00,2022-11-06 00:30:00,5.75,3850.0,16192.0,3.5,0.25
T0500_00375,500,2022-11-18 23:30:00,2022-11-19 00:30:00,1.0,894.0,826.0,0.0,
T0500_00376,500,2022-11-30 13:30:00,2022-11-30 14:45:00,1.25,727.0,908.0,0.75,
T0500_00377,500,2022-11-30 18:30:00,2022-11-30 18:45:00,0.25,3474.0,868.5,0.0,
T0500_00378,500,2022-12-01 16:45:00,2022-12-01 17:00:00,0.25,1119.0,279.75,0.0,
T0500_00379,500,2022-12-02 09:15:00,2022-12-02 19:15:00,10.0,1799.0,8665.75,4.75,1.0
T0500_00380,500,2022-12-22 00:30:00,2022-12-22 01:30:00,1.0,3666.0,2409.75,0.0,0.5
T0500_00381,500,2022-12-29 03:45:00,2022-12-29 04:00:00,0.25,2977.0,744.25,0.0,
T0500_00382,500,2022-12-29 04:45:00,2022-12-29 19:15:00,14.5,7990.0,20722.5,0.0,0.25
T0500_00383,500,2022-12-29 22:45:00,2022-12-30 00:15:00,1.5,714.0,1068.0,0.0,
T0500_00384,500,2023-01-21 17:00:00,2023-01-21 18:00:00,1.0,2167.0,2154.25,0.25,
T0500_00385,500,2023-02-20 00:45:00,2023-02-20 03:15:00,2.5,777.0,1915.25,0.25,
T0500_00386,500,2023-02-20 18:45:00,2023-02-20 21:15:00,2.5,3068.0,5502.75,1.25,1.0
T0500_00387,500,2023-03-02 17:30:00,2023-03-02 19:45:00,2.25,2514.0,5656.5,0.0,
T0500_00388,500,2023-03-31 17:30:00,2023-03-31 19:00:00,1.5,754.0,920.25,1.25,
T0500_00389,500,2023-03-31 20:15:00,2023-04-01 01:45:00,5.5,1545.0,5950.0,2.0,
T0500_00390,500,2023-04-01 04:00:00,2023-04-01 04:45:00,0.75,2961.0,2219.25,0.0,
T0500_00391,500,2023-04-12 17:15:00,2023-04-12 18:00:00,0.75,2932.0,1594.25,0.25,
T0500_00392,500,2023-04-14 23:30:00,2023-04-15 01:15:00,1.75,927.0,1620.25,0.25,
T0500_00393,500,2023-04-15 05:00:00,2023-04-15 06:45:00,1.75,3368.0,5883.5,0.25,
T0500_00394,500,2023-04-23 09:15:00,2023-04-23 11:45:00,2.5,5445.0,11358.25,2.0,
T0500_00395,500,2023-04-25 15:00:00,2023-04-25 16:15:00,1.25,902.0,902.0,0.0,
T0500_00396,500,2023-04-27 20:15:00,2023-04-27 21:30:00,1.25,724.0,905.0,0.0,
T0500_00397,500,2023-05-10 19:30:00,2023-05-10 20:15:00,0.75,4009.0,2994.0,0.25,
T0500_00398,500,2023-05-11 14:15:00,2023-05-11 15:15:00,1.0,660.0,659.0,0.5,
T0500_00399,500,2023-05-12 00:45:00,2023-05-12 03:00:00,2.25,1024.0,1148.0,2.0,
T0500_00400,500,2023-05-16 16:00:00,2023-05-16 16:15:00,0.25,2945.0,736.25,0.0,
T0500_00401,500,2023-06-05 07:00:00,2023-06-05 09:45:00,2.75,830.0,2282.5,0.0,
T0500_00402,500,2023-06-20 11:15:00,2023-06-20 12:00:00,0.75,1162.0,581.25,0.0,0.25
T0500_00403,500,2023-06-26 01:15:00,2023-06-26 01:30:00,0.25,1235.0,308.75,0.0,
T0500_00404,500,2023-07-09 14:00:00,2023-07-09 14:30:00,0.5,658.0,329.0,0.0,
T0500_00405,500,2023-07-24 17:00:00,2023-07-24 17:45:00,0.75,2130.0,955.5,0.5,
T0500_00406,500,2023-07-25 12:00:00,2023-07-25 16:45:00,4.75,1340.0,4186.25,3.5,
T0500_00407,500,2023-07-25 21:45:00,2023-07-25 22:45:00,1.0,530.0,265.0,0.0,
T0500_00408,500,2023-07-25 23:30:00,2023-07-26 01:00:00,1.5,886.0,872.0,1.0,
T0500_00409,500,2023-07-26 05:00:00,2023-07-26 05:15:00,0.25,1174.0,293.5,0.0,
T0500_00410,500,2023-07-26 22:15:00,2023-07-26 22:30:00,0.25,518.0,129.5,0.0,
T0500_00411,500,2023-08-01 22:45:00,2023-08-02 01:30:00,2.75,2472.0,3041.5,1.25,0.25
T0500_00412,500,2023-08-03 20:30:00,2023-08-03 20:45:00,0.25,585.0,146.25,0.0,
T0500_00413,500,2023-08-03 21:30:00,2023-08-03 23:00:00,1.5,588.0,588.0,0.0,
T0500_00414,500,2023-08-24 14:30:00,2023-08-24 14:45:00,0.25,690.0,172.5,0.0,
T0500_00415,500,2023-08-25 10:00:00,2023-08-25 10:30:00,0.5,636.0,317.0,0.25,
T0500_00416,500,2023-08-27 14:30:00,2023-08-27 15:45:00,1.25,958.0,1139.0,0.0,
T0500_00417,500,2023-09-23 18:30:00,2023-09-23 21:45:00,3.25,834.0,2547.75,0.0,
T0500_00418,500,2023-09-24 13:30:00,2023-09-24 16:45:00,3.25,1886.0,3638.0,2.25,
T0500_00419,500,2023-09-30 18:30:00,2023-09-30 19:15:00,0.75,550.0,412.5,0.0,
T0500_00420,500,2023-10-21 01:15:00,2023-10-21 01:30:00,0.25,4625.0,1156.25,0.0,
T0500_00421,500,2023-10-25 23:15:00,2023-10-26 01:00:00,1.75,870.0,1303.5,0.0,
T0500_00422,500,2023-10-26 13:00:00,2023-10-26 13:15:00,0.25,5977.0,1494.25,0.0,
T0500_00423,500,2023-10-28 05:15:00,2023-10-28 06:15:00,1.0,1153.0,1153.0,0.0,
T0500_00424,500,2023-10-30 17:30:00,2023-10-30 18:00:00,0.5,601.0,300.5,0.0,
T0500_00425,500,2023-11-08 20:30:00,2023-11-08 21:15:00,0.75,1598.0,1190.0,0.0,
T0500_00426,500,2023-11-09 17:00:00,2023-11-09 17:15:00,0.25,2850.0,712.5,0.0,
T0500_00427,500,2023-11-22 03:15:00,2023-11-22 03:45:00,0.5,11700.0,4874.5,0.0,
T0500_00428,500,2023-11-27 19:15:00,2023-11-27 19:30:00,0.25,3656.0,914.0,0.0,
T0500_00429,500,2023-12-03 05:00:00,2023-12-03 15:00:00,10.0,1150.0,11357.0,1.25,
T0500_00430,500,2023-12-04 21:45:00,2023-12-04 22:15:00,0.5,802.0,401.0,0.0,
T0500_00431,500,2023-12-09 03:15:00,2023-12-09 06:15:00,3.0,585.0,1738.75,2.75,
T0500_00432,500,2023-12-17 16:45:00,2023-12-17 22:15:00,5.5,1247.0,5238.75,2.25,1.75
T0500_00433,500,2023-12-25 00:15:00,2023-12-25 01:30:00,1.25,561.0,701.25,0.0,
T0500_00434,500,2024-02-03 15:30:00,2024-02-03 16:15:00,0.75,1016.0,762.0,0.0,
T0500_00435,500,2024-02-03 23:15:00,2024-02-04 07:15:00,8.0,11617.0,12937.25,0.5,0.25
T0500_00436,500,2024-02-04 09:30:00,2024-02-04 11:30:00,2.0,1315.0,2546.25,1.75,
T0500_00437,500,2024-02-04 16:15:00,2024-02-05 00:30:00,8.25,3642.0,11654.25,4.75,0.5
T0500_00438,500,2024-02-07 23:45:00,2024-02-08 06:15:00,6.5,576.0,3727.0,0.75,
T0500_00439,500,2024-03-14 09:30:00,2024-03-16 16:15:00,54.75,20891.0,99852.25,1.5,0.25
T0500_00440,500,2024-03-16 23:15:00,2024-03-17 00:15:00,1.0,555.0,555.0,0.0,
T0500_00441,500,2024-03-24 19:00:00,2024-03-24 19:45:00,0.75,601.0,449.75,0.25,
T0500_00442,500,2024-03-28 19:00:00,2024-03-28 20:15:00,1.25,512.0,635.25,0.5,
T0500_00443,500,2024-03-30 19:00:00,2024-03-30 19:45:00,0.75,2168.0,1623.5,0.25,
T0500_00444,500,2024-04-06 19:00:00,2024-04-10 02:30:00,79.5,40368.0,1437189.75,17.0,15.5
T0500_00445,500,2024-04-10 13:30:00,2024-04-10 22:15:00,8.75,614.0,5284.5,2.0,
T0500_00446,500,2024-04-27 07:00:00,2024-04-27 12:00:00,5.0,687.0,2955.5,0.5,
T0500_00447,500,2024-04-27 16:45:00,2024-04-28 11:15:00,18.5,2158.0,27990.25,7.5,
T0500_00448,500,2024-04-28 13:30:00,2024-04-28 20:00:00,6.5,1469.0,5785.0,4.5,
T0500_00449,500,2024-05-06 16:45:00,2024-05-06 23:30:00,6.75,2393.0,7676.0,5.5,1.0
T0500_00450,500,2024-05-07 00:15:00,2024-05-08 06:15:00,30.0,3747.0,67649.5,9.75,7.0
T0500_00451,500,2024-05-17 10:15:00,2024-05-17 11:30:00,1.25,580.0,724.0,0.0,
T0500_00452,500,2024-05-22 16:00:00,2024-05-22 16:15:00,0.25,515.0,128.75,0.0,
T0500_00453,500,2024-05-29 23:00:00,2024-05-30 00:45:00,1.75,597.0,1044.0,0.25,
T0500_00454,500,2024-05-31 14:45:00,2024-05-31 15:00:00,0.25,507.0,126.75,0.0,
T0500_00455,500,2024-06-07 20:45:00,2024-06-07 23:15:00,2.5,1473.0,3677.75,1.75,
T0500_00456,500,2024-06-08 20:45:00,2024-06-09 01:15:00,4.5,1281.0,4085.0,0.0,
T0500_00457,500,2024-06-17 17:30:00,2024-06-17 18:30:00,1.0,3559.0,3494.5,0.0,
T0500_00458,500,2024-06-18 16:45:00,2024-06-18 17:45:00,1.0,1049.0,1046.5,0.0,
T0500_00459,500,2024-06-24 12:45:00,2024-06-24 14:00:00,1.25,1515.0,1893.75,0.0,
T0500_00460,500,2024-07-04 16:30:00,2024-07-04 17:30:00,1.0,600.0,599.5,0.25,
T0500_00461,500,2024-07-09 13:15:00,2024-07-09 14:15:00,1.0,599.0,597.25,0.25,
T0500_00462,500,2024-07-12 12:45:00,2024-07-12 20:30:00,7.75,5485.0,12094.0,2.25,0.25
T0500_00463,500,2024-07-13 00:00:00,2024-07-13 02:45:00,2.75,1406.0,3776.75,0.5,
T0500_00464,500,2024-07-13 13:15:00,2024-07-13 14:30:00,1.25,1025.0,1278.0,0.0,
T0500_00465,500,2024-07-14 07:00:00,2024-07-14 12:30:00,5.5,1373.0,7520.5,1.0,
T0500_00466,500,2024-07-14 23:45:00,2024-07-15 00:45:00,1.0,1971.0,1626.0,0.0,0.75
T0500_00467,500,2024-07-17 16:00:00,2024-07-18 00:00:00,8.0,1235.0,7946.5,4.0,
T0500_00468,500,2024-07-18 01:30:00,2024-07-18 02:45:00,1.25,621.0,774.75,0.0,
T0500_00469,500,2024-07-22 21:45:00,2024-07-22 22:15:00,0.5,633.0,316.5,0.0,
T0500_00470,500,2024-07-23 22:30:00,2024-07-23 22:45:00,0.25,644.0,161.0,0.0,
T0500_00471,500,2024-07-25 14:15:00,2024-07-25 15:15:00,1.0,3894.0,3889.5,0.0,
T0500_00472,500,2024-07-26 13:00:00,2024-07-26 14:00:00,1.0,1500.0,1499.75,0.0,
T0500_00473,500,2024-07-28 04:00:00,2024-07-28 08:00:00,4.0,603.0,2399.75,0.0,
T0500_00474,500,2024-07-29 09:15:00,2024-07-29 12:15:00,3.0,1363.0,2881.25,2.0,
T0500_00475,500,2024-07-29 14:00:00,2024-07-29 17:30:00,3.5,2892.0,8848.5,0.25,3.0
T0500_00476,500,2024-07-29 19:45:00,2024-07-29 21:30:00,1.75,1087.0,1897.0,0.25,
T0500_00477,500,2024-07-31 16:00:00,2024-07-31 16:45:00,0.75,2896.0,2167.25,0.0,
T0500_00478,500,2024-07-31 23:15:00,2024-08-01 00:15:00,1.0,1504.0,1278.75,0.25,
T0500_00479,500,2024-08-01 02:00:00,2024-08-01 02:30:00,0.5,2148.0,1073.0,0.25,
T0500_00480,500,2024-08-02 08:00:00,2024-08-02 08:15:00,0.25,534.0,133.5,0.0,
T0500_00481,500,2024-08-04 01:45:00,2024-08-04 04:45:00,3.0,3630.0,9913.75,0.25,
T0500_00482,500,2024-08-05 20:45:00,2024-08-05 22:30:00,1.75,1804.0,3154.5,0.0,
T0500_00483,500,2024-08-06 16:00:00,2024-08-06 16:45:00,0.75,611.0,457.75,0.25,
T0500_00484,500,2024-08-11 21:30:00,2024-08-11 23:00:00,1.5,776.0,1060.5,0.5,
T0500_00485,500,2024-08-14 00:30:00,2024-08-14 02:45:00,2.25,1260.0,2831.75,2.0,
T0500_00486,500,2024-08-16 13:30:00,2024-08-16 14:00:00,0.5,4073.0,2036.5,0.0,
T0500_00487,500,2024-08-16 16:00:00,2024-08-16 16:30:00,0.5,7351.0,3669.0,0.25,
T0500_00488,500,2024-08-17 01:45:00,2024-08-17 03:00:00,1.25,1750.0,2187.5,0.0,
T0500_00489,500,2024-08-17 03:45:00,2024-08-17 05:45:00,2.0,1751.0,3501.25,0.75,
T0500_00490,500,2024-09-05 06:00:00,2024-09-05 06:15:00,0.25,3273.0,818.25,0.0,
T0500_00491,500,2024-09-11 23:30:00,2024-09-12 00:45:00,1.25,4516.0,5285.25,0.25,
T0500_00492,500,2024-09-12 21:15:00,2024-09-12 21:45:00,0.5,2053.0,1021.5,0.25,
T0500_00493,500,2024-09-15 15:15:00,2024-09-15 16:00:00,0.75,1073.0,692.25,0.5,
T0500_00494,500,2024-09-16 13:30:00,2024-09-16 13:45:00,0.25,1003.0,250.75,0.0,
T0500_00495,500,2024-09-20 03:15:00,2024-09-20 04:00:00,0.75,3904.0,2927.25,0.25,
T0500_00496,500,2024-09-28 04:15:00,2024-09-28 05:15:00,1.0,1277.0,1106.75,0.25,
T0500_00497,500,2024-10-01 16:00:00,2024-10-01 16:45:00,0.75,585.0,437.75,0.0,
T0500_00498,500,2024-10-06 14:15:00,2024-10-06 16:30:00,2.25,3270.0,4687.0,1.5,
T0500_00499,500,2024-10-23 15:30:00,2024-10-23 17:00:00,1.5,1081.0,1573.0,0.5,
T0500_00500,500,2024-10-26 05:45:00,2024-10-26 12:30:00,6.75,1077.0,7213.75,0.25,
T0500_00501,500,2024-11-06 13:45:00,2024-11-06 14:00:00,0.25,5719.0,1429.75,0.0,
T0500_00502,500,2024-11-09 15:30:00,2024-11-09 16:45:00,1.25,525.0,654.75,1.0,
T0500_00503,500,2024-11-22 18:00:00,2024-11-22 18:15:00,0.25,734.0,183.5,0.0,
T0500_00504,500,2024-11-25 20:45:00,2024-11-25 21:00:00,0.25,1216.0,304.0,0.0,
T0500_00505,500,2024-11-27 18:45:00,2024-11-27 19:00:00,0.25,834.0,208.5,0.0,
T0500_00506,500,2024-12-10 15:30:00,2024-12-10 16:30:00,1.0,3453.0,3438.25,0.0,
T0500_00507,500,2024-12-11 19:15:00,2024-12-11 20:30:00,1.25,1081.0,1350.0,0.0,
T0500_00508,500,2024-12-16 17:30:00,2024-12-16 18:00:00,0.5,1030.0,512.25,0.0,
T0500_00509,500,2024-12-17 18:15:00,2024-12-17 18:30:00,0.25,1726.0,431.5,0.0,
T0500_00510,500,2024-12-19 19:00:00,2024-12-19 20:30:00,1.5,3153.0,3745.0,1.25,
T0500_00511,500,2025-01-06 00:15:00,2025-01-06 01:30:00,1.25,1182.0,1474.75,0.75,
T0500_00512,500,2025-01-08 17:15:00,2025-01-08 18:15:00,1.0,1395.0,1392.25,0.25,
T0500_00513,500,2025-01-22 19:45:00,2025-01-22 20:00:00,0.25,939.0,234.75,0.0,
T0500_00514,500,2025-01-23 21:00:00,2025-01-23 23:30:00,2.5,940.0,2277.25,0.25,
T0500_00515,500,2025-01-24 00:15:00,2025-01-24 01:30:00,1.25,545.0,681.25,0.0,
T0500_00516,500,2025-02-01 18:45:00,2025-02-01 21:00:00,2.25,1560.0,3072.75,0.5,
T0500_00517,500,2025-02-02 21:15:00,2025-02-02 22:30:00,1.25,1601.0,1958.25,0.0,
T0500_00518,500,2025-02-03 04:00:00,2025-02-03 10:00:00,6.0,8660.0,14980.0,0.75,0.25
T0500_00519,500,2025-02-07 01:00:00,2025-02-07 01:45:00,0.75,728.0,543.25,0.25,
T0500_00520,500,2025-02-10 19:15:00,2025-02-10 20:00:00,0.75,640.0,480.0,0.0,
T0500_00521,500,2025-02-15 21:45:00,2025-02-15 23:15:00,1.5,1007.0,1079.25,0.0,
T0500_00522,500,2025-03-09 19:45:00,2025-03-09 23:30:00,3.75,1233.0,4170.5,0.25,
T0500_00523,500,2025-03-10 19:45:00,2025-03-10 21:00:00,1.25,731.0,913.25,0.0,
T0500_00524,500,2025-03-11 16:45:00,2025-03-11 18:00:00,1.25,4111.0,5130.25,0.5,
T0500_00525,500,2025-03-16 02:45:00,2025-03-16 04:45:00,2.0,3913.0,7824.5,1.5,
T0500_00526,500,2025-03-17 16:15:00,2025-03-17 18:00:00,1.75,5417.0,9403.5,0.0,
T0500_00527,500,2025-03-17 20:15:00,2025-03-17 21:00:00,0.75,3212.0,2392.75,0.25,
T0500_00528,500,2025-03-19 19:45:00,2025-03-19 20:00:00,0.25,503.0,125.75,0.0,
T0500_00529,500,2025-03-20 23:30:00,2025-03-21 01:00:00,1.5,1737.0,2600.0,0.75,
T0500_00530,500,2025-03-24 06:00:00,2025-03-24 06:15:00,0.25,4219.0,1054.75,0.0,
T0500_00531,500,2025-03-24 11:15:00,2025-03-24 14:00:00,2.75,3137.0,8623.75,0.5,
T0500_00532,500,2025-03-24 16:15:00,2025-03-24 16:45:00,0.5,750.0,371.25,0.25,
T0500_00533,500,2025-03-29 17:30:00,2025-03-29 18:45:00,1.25,611.0,762.25,0.0,
T0500_00534,500,2025-04-01 21:30:00,2025-04-01 22:30:00,1.0,4625.0,4309.0,0.5,
T0500_00535,500,2025-04-05 13:45:00,2025-04-05 19:30:00,5.75,1426.0,5988.25,0.5,
T0500_00536,500,2025-04-06 15:45:00,2025-04-06 16:45:00,1.0,2012.0,1567.0,0.25,0.5
T0500_00537,500,2025-04-09 10:15:00,2025-04-09 11:00:00,0.75,3902.0,1951.0,0.0,
T0500_00538,500,2025-04-26 01:30:00,2025-04-26 03:30:00,2.0,2219.0,4422.0,0.25,
T0500_00539,500,2025-05-01 18:00:00,2025-05-01 18:30:00,0.5,4567.0,2204.5,0.25,
T0500_00540,500,2025-05-02 17:00:00,2025-05-02 17:30:00,0.5,746.0,354.0,0.25,
T0500_00541,500,2025-05-14 17:45:00,2025-05-14 18:45:00,1.0,1111.0,1104.25,0.0,
T0500_00542,500,2025-05-15 14:00:00,2025-05-15 15:00:00,1.0,628.0,620.5,0.5,
T0500_00543,500,2025-05-23 22:00:00,2025-05-23 22:30:00,0.5,547.0,273.5,0.0,
T0500_00544,500,2025-05-25 14:45:00,2025-05-25 15:15:00,0.5,1002.0,501.0,0.0,
T0500_00545,500,2025-05-26 05:30:00,2025-05-26 08:30:00,3.0,2505.0,7371.0,0.0,
T0500_00546,500,2025-05-26 20:45:00,2025-05-27 00:45:00,4.0,938.0,2489.5,0.0,
T0500_00547,500,2025-05-28 15:00:00,2025-05-28 16:00:00,1.0,5361.0,5285.75,0.0,
T0500_00548,500,2025-06-11 02:00:00,2025-06-11 02:45:00,0.75,4129.0,3096.25,0.25,
T0500_00549,500,2025-06-22 02:30:00,2025-06-22 03:15:00,0.75,1605.0,1194.75,0.25,
T0500_00550,500,2025-06-26 15:45:00,2025-06-26 16:00:00,0.25,2513.0,628.25,0.0,
T0500_00551,500,2025-06-29 22:00:00,2025-06-29 23:15:00,1.25,1747.0,2183.75,0.0,
T0500_00552,500,2025-07-05 23:15:00,2025-07-06 01:45:00,2.5,650.0,1535.0,1.5,
T0500_00553,500,2025-07-14 23:30:00,2025-07-15 01:00:00,1.5,3410.0,4785.25,0.0,
T0500_00554,500,2025-07-18 03:30:00,2025-07-18 03:45:00,0.25,500.0,125.0,0.0,0.0
T0500_00555,500,2025-07-26 19:15:00,2025-07-26 20:30:00,1.25,2164.0,2704.5,0.25,
T0500_00556,500,2025-08-03 00:00:00,2025-08-03 00:15:00,0.25,1123.0,280.75,0.0,
T0500_00557,500,2025-08-05 00:45:00,2025-08-05 02:15:00,1.5,2435.0,2173.0,1.0,
T0500_00558,500,2025-08-07 09:45:00,2025-08-07 11:00:00,1.25,1712.0,2140.0,0.0,
T0500_00559,500,2025-08-11 16:45:00,2025-08-11 17:15:00,0.5,1764.0,880.25,0.25,
T0500_00560,500,2025-08-13 03:30:00,2025-08-13 10:00:00,6.5,507.0,3283.75,0.25,
T0500_00561,500,2025-08-13 21:00:00,2025-08-13 22:00:00,1.0,1847.0,1846.25,0.0,
T0500_00562,500,2025-08-20 17:30:00,2025-08-20 17:45:00,0.25,1247.0,311.75,0.0,
T0500_00563,500,2025-08-21 01:00:00,2025-08-21 04:15:00,3.25,2206.0,7141.75,0.0,
T0500_00564,500,2025-08-23 16:15:00,2025-08-23 19:00:00,2.75,2219.0,5480.5,1.0,
T0500_00565,500,2025-08-24 20:30:00,2025-08-24 20:45:00,0.25,987.0,246.75,0.0,
T0500_00566,500,2025-08-28 14:30:00,2025-08-28 16:30:00,2.0,3345.0,4767.75,1.0,0.25
T0500_00567,500,2025-09-17 03:30:00,2025-09-17 05:15:00,1.75,3596.0,6257.0,0.25,
T0500_00568,500,2025-09-17 06:00:00,2025-09-17 06:45:00,0.75,784.0,565.25,0.0,
T0500_00569,500,2025-09-20 15:45:00,2025-09-20 18:30:00,2.75,637.0,1479.5,2.0,
T0500_00570,500,2025-09-22 16:45:00,2025-09-22 17:15:00,0.5,3626.0,1810.75,0.0,
T0500_00571,500,2025-09-24 15:15:00,2025-09-24 16:15:00,1.0,670.0,581.0,0.0,
T0500_00572,500,2025-09-26 00:30:00,2025-09-26 01:30:00,1.0,3581.0,3581.0,0.0,
T0500_00573,500,2025-09-28 12:15:00,2025-09-28 13:45:00,1.5,2986.0,3999.0,0.25,1.0
T0500_00574,500,2025-09-30 15:30:00,2025-09-30 16:00:00,0.5,1138.0,565.0,0.25,
T0500_00575,500,2025-09-30 17:00:00,2025-09-30 17:45:00,0.75,4652.0,3487.75,0.0,
T0500_00576,500,2025-10-04 21:15:00,2025-10-04 23:45:00,2.5,2205.0,5500.75,0.0,
T0500_00577,500,2025-10-09 04:15:00,2025-10-09 13:00:00,8.75,756.0,6106.25,1.5,
T0500_00578,500,2025-10-11 23:00:00,2025-10-11 23:45:00,0.75,804.0,603.0,0.0,
T0500_00579,500,2025-10-20 16:00:00,2025-10-20 17:00:00,1.0,2466.0,2161.25,0.0,
T0500_00580,500,2025-10-22 23:15:00,2025-10-23 00:00:00,0.75,671.0,502.75,0.0,
T0500_00581,500,2025-10-23 14:00:00,2025-10-23 14:45:00,0.75,1791.0,1337.75,0.5,
T0500_00582,500,2025-10-27 19:00:00,2025-10-27 21:45:00,2.75,4377.0,6102.75,0.0,1.75
T0500_00583,500,2025-11-02 17:00:00,2025-11-02 17:45:00,0.75,3253.0,2438.75,0.25,
T0500_00584,500,2025-11-03 10:15:00,2025-11-03 11:45:00,1.5,2422.0,3631.75,0.0,
T0500_00585,500,2025-11-06 13:30:00,2025-11-06 19:00:00,5.5,566.0,3090.0,3.25,
T0500_00586,500,2025-11-06 20:45:00,2025-11-06 21:45:00,1.0,976.0,975.25,0.0,
T0500_00587,500,2025-11-07 03:00:00,2025-11-07 09:00:00,6.0,1302.0,4218.0,0.5,1.25
T0500_00588,500,2025-11-07 20:00:00,2025-11-07 20:45:00,0.75,573.0,429.75,0.0,
T0500_00589,500,2025-11-08 14:30:00,2025-11-08 14:45:00,0.25,1084.0,271.0,0.0,
T0500_00590,500,2025-11-11 04:00:00,2025-11-11 07:15:00,3.25,3205.0,6052.0,0.25,2.0
T0500_00591,500,2025-11-12 16:15:00,2025-11-12 16:30:00,0.25,727.0,181.75,0.0,
T0500_00592,500,2025-11-13 22:00:00,2025-11-13 22:45:00,0.75,1550.0,1091.0,0.25,
T0500_00593,500,2025-12-02 02:15:00,2025-12-02 03:00:00,0.75,1212.0,908.5,0.25,
T0500_00594,500,2025-12-06 21:15:00,2025-12-06 22:00:00,0.75,2437.0,1827.75,0.0,
T0500_00595,500,2025-12-09 15:45:00,2025-12-11 00:00:00,32.25,3395.0,36664.0,7.0,0.5
T0500_00596,500,2025-12-11 18:00:00,2025-12-12 00:45:00,6.75,3414.0,14585.25,2.0,0.75
T0500_00597,500,2025-12-12 18:15:00,2025-12-12 18:45:00,0.5,3194.0,1547.0,0.25,
T0500_00598,500,2025-12-15 19:30:00,2025-12-15 20:30:00,1.0,881.0,800.75,0.5,
T0500_00599,500,2025-12-17 17:15:00,2025-12-22 23:00:00,125.75,60021.0,2352097.25,6.75,16.5
T0500_00600,500,2025-12-23 01:15:00,2025-12-23 01:30:00,0.25,611.0,152.75,0.0,
T0500_00601,500,2025-12-23 16:00:00,2025-12-23 17:15:00,1.25,1067.0,1321.0,1.0,
T0500_00602,500,2025-12-27 16:15:00,2025-12-27 17:45:00,1.5,6508.0,7108.75,0.0,1.0
T0500_00603,500,2025-12-28 13:45:00,2025-12-28 15:00:00,1.25,2441.0,2430.75,0.25,
T0500_00604,500,2025-12-29 00:30:00,2025-12-29 01:30:00,1.0,2630.0,2252.25,0.5,
T0500_00605,500,2025-12-31 12:30:00,2025-12-31 14:00:00,1.5,3862.0,4392.5,0.0,
T0500_00606,500,2025-12-31 20:15:00,2025-12-31 20:30:00,0.25,5673.0,1418.25,0.0,
