hour_index,timestamp_local,closure_fraction,closed_stations,demand_multiplier,distance_beta_per_km,loyalty_penalty,method,requested_kwh,served_kwh,unserved_kwh,served_fraction,rerouted_kwh,rerouted_fraction,energy_weighted_extra_distance_km,max_capacity_utilization,stations_at_capacity
44103,2023-01-13T08:00,0.1,5,1.0,0.5,2.0,no_choice,79.95436143875122,68.02090377807617,11.93345766067505,0.8507466328798506,0.0,0.0,0.0,1.0,1
44103,2023-01-13T08:00,0.1,5,1.0,0.5,2.0,nearest,79.95436143875122,79.95436143875122,0.0,1.0,16.584603481292582,0.20742587624812892,0.14446074722923188,1.0,2
44103,2023-01-13T08:00,0.1,5,1.0,0.5,2.0,logit,79.95436143875122,79.9543614387512,7.105427357601002e-15,0.9999999999999998,48.435286255923344,0.6057866685987736,1.2608731260331625,0.5379615703630907,0
44103,2023-01-13T08:00,0.1,5,1.0,0.5,2.0,coordinated,79.95436143875122,79.95436143875122,0.0,1.0,11.93345766067505,0.14925336712014936,0.14446074722923188,1.0,1
44103,2023-01-13T08:00,0.1,5,1.0,1.0,2.0,no_choice,79.95436143875122,68.02090377807617,11.93345766067505,0.8507466328798506,0.0,0.0,0.0,1.0,1
44103,2023-01-13T08:00,0.1,5,1.0,1.0,2.0,nearest,79.95436143875122,79.95436143875122,0.0,1.0,16.584603481292582,0.20742587624812892,0.14446074722923188,1.0,2
44103,2023-01-13T08:00,0.1,5,1.0,1.0,2.0,logit,79.95436143875122,79.95436143875122,3.552713678800501e-15,1.0,34.53569528528588,0.4319426065548887,0.6482973169495359,0.7527345708024821,0
44103,2023-01-13T08:00,0.1,5,1.0,1.0,2.0,coordinated,79.95436143875122,79.95436143875122,0.0,1.0,11.93345766067505,0.14925336712014936,0.14446074722923188,1.0,1
44103,2023-01-13T08:00,0.1,5,1.0,2.0,2.0,no_choice,79.95436143875122,68.02090377807617,11.93345766067505,0.8507466328798506,0.0,0.0,0.0,1.0,1
44103,2023-01-13T08:00,0.1,5,1.0,2.0,2.0,nearest,79.95436143875122,79.95436143875122,0.0,1.0,16.584603481292582,0.20742587624812892,0.14446074722923188,1.0,2
44103,2023-01-13T08:00,0.1,5,1.0,2.0,2.0,logit,79.95436143875122,79.95436143875122,6.661338147750939e-15,1.0,22.811997302163547,0.2853127320595088,0.29056608645037163,0.9489650470676558,0
44103,2023-01-13T08:00,0.1,5,1.0,2.0,2.0,coordinated,79.95436143875122,79.95436143875122,0.0,1.0,11.93345766067505,0.14925336712014936,0.14446074722923188,1.0,1
44103,2023-01-13T08:00,0.1,5,2.0,0.5,2.0,no_choice,159.90872287750244,97.32133478546127,62.58738809204117,0.608605540924831,0.0,0.0,0.0,1.0,4
44103,2023-01-13T08:00,0.1,5,2.0,0.5,2.0,nearest,159.90872287750244,159.90872287750244,0.0,1.0,77.0643150482179,0.4819268996804682,0.5034770987731302,1.0,9
44103,2023-01-13T08:00,0.1,5,2.0,0.5,2.0,logit,159.90872287750244,159.90872287750244,9.769962616701378e-15,1.0,98.3046859401264,0.6147549937937556,1.2788080290104076,1.0,2
44103,2023-01-13T08:00,0.1,5,2.0,0.5,2.0,coordinated,159.90872287750244,159.90872287750244,0.0,1.0,62.58738809204117,0.39139445907516895,0.5034770987731302,1.0000000000000002,9
44103,2023-01-13T08:00,0.1,5,2.0,1.0,2.0,no_choice,159.90872287750244,97.32133478546127,62.58738809204117,0.608605540924831,0.0,0.0,0.0,1.0,4
44103,2023-01-13T08:00,0.1,5,2.0,1.0,2.0,nearest,159.90872287750244,159.90872287750244,0.0,1.0,77.0643150482179,0.4819268996804682,0.5034770987731302,1.0,9
44103,2023-01-13T08:00,0.1,5,2.0,1.0,2.0,logit,159.90872287750244,159.90872287750244,9.769962616701378e-15,1.0,85.40330886249873,0.5340753607789217,0.8706250863226551,1.0000000000000004,3
44103,2023-01-13T08:00,0.1,5,2.0,1.0,2.0,coordinated,159.90872287750244,159.90872287750244,0.0,1.0,62.58738809204117,0.39139445907516895,0.5034770987731302,1.0000000000000002,9
44103,2023-01-13T08:00,0.1,5,2.0,2.0,2.0,no_choice,159.90872287750244,97.32133478546127,62.58738809204117,0.608605540924831,0.0,0.0,0.0,1.0,4
44103,2023-01-13T08:00,0.1,5,2.0,2.0,2.0,nearest,159.90872287750244,159.90872287750244,0.0,1.0,77.0643150482179,0.4819268996804682,0.5034770987731302,1.0,9
44103,2023-01-13T08:00,0.1,5,2.0,2.0,2.0,logit,159.90872287750244,159.90872287750244,1.509903313490213e-14,1.0,77.91180188347269,0.4872267158506217,0.6879647213792245,1.0000000000000002,5
44103,2023-01-13T08:00,0.1,5,2.0,2.0,2.0,coordinated,159.90872287750244,159.90872287750244,0.0,1.0,62.58738809204117,0.39139445907516895,0.5034770987731302,1.0000000000000002,9
44103,2023-01-13T08:00,0.1,5,4.0,0.5,2.0,no_choice,319.8174457550049,109.04933962249726,210.76810613250763,0.34097370568719426,0.0,0.0,0.0,1.0,6
44103,2023-01-13T08:00,0.1,5,4.0,0.5,2.0,nearest,319.8174457550049,319.8174457550049,0.0,1.0,236.6746690902713,0.7400305150069116,1.0389019597179836,1.0,25
44103,2023-01-13T08:00,0.1,5,4.0,0.5,2.0,logit,319.8174457550049,319.8174457550049,1.0658141036401503e-14,1.0,239.20517540181663,0.7479428610816278,1.6377552160037534,1.0000000000000004,6
44103,2023-01-13T08:00,0.1,5,4.0,0.5,2.0,coordinated,319.8174457550049,319.8174457550049,7.105427357601002e-15,1.0,210.76810613250757,0.6590262943128056,1.0386229298712355,1.0000000000000007,26
44103,2023-01-13T08:00,0.1,5,4.0,1.0,2.0,no_choice,319.8174457550049,109.04933962249726,210.76810613250763,0.34097370568719426,0.0,0.0,0.0,1.0,6
44103,2023-01-13T08:00,0.1,5,4.0,1.0,2.0,nearest,319.8174457550049,319.8174457550049,0.0,1.0,236.6746690902713,0.7400305150069116,1.0389019597179836,1.0,25
44103,2023-01-13T08:00,0.1,5,4.0,1.0,2.0,logit,319.8174457550049,319.8174457550049,8.881784197001252e-15,1.0,230.14672674294545,0.719619050798275,1.3606052477533572,1.0000000000000004,6
44103,2023-01-13T08:00,0.1,5,4.0,1.0,2.0,coordinated,319.8174457550049,319.8174457550049,7.105427357601002e-15,1.0,210.76810613250757,0.6590262943128056,1.0386229298712355,1.0000000000000007,26
44103,2023-01-13T08:00,0.1,5,4.0,2.0,2.0,no_choice,319.8174457550049,109.04933962249726,210.76810613250763,0.34097370568719426,0.0,0.0,0.0,1.0,6
44103,2023-01-13T08:00,0.1,5,4.0,2.0,2.0,nearest,319.8174457550049,319.8174457550049,0.0,1.0,236.6746690902713,0.7400305150069116,1.0389019597179836,1.0,25
44103,2023-01-13T08:00,0.1,5,4.0,2.0,2.0,logit,319.8174457550049,319.8174457550049,2.1316282072803006e-14,1.0,224.44945111592375,0.7018049018122123,1.2193170530404949,1.0000000000000002,10
44103,2023-01-13T08:00,0.1,5,4.0,2.0,2.0,coordinated,319.8174457550049,319.8174457550049,7.105427357601002e-15,1.0,210.7681061325076,0.6590262943128057,1.0386229298712355,1.0000000000000007,26
44103,2023-01-13T08:00,0.2,10,1.0,0.5,2.0,no_choice,79.95436143875122,27.09120054244995,52.86316089630127,0.3388333050874664,0.0,0.0,0.0,1.0,1
44103,2023-01-13T08:00,0.2,10,1.0,0.5,2.0,nearest,79.95436143875122,79.95436143875122,0.0,1.0,68.74872989654541,0.8598496524696799,0.48620187677749865,1.0,4
44103,2023-01-13T08:00,0.2,10,1.0,0.5,2.0,logit,79.95436143875122,79.95436143875122,2.220446049250313e-15,1.0,66.30320929915383,0.8292631959789359,1.7084826286460097,0.6307053715894242,0
44103,2023-01-13T08:00,0.2,10,1.0,0.5,2.0,coordinated,79.95436143875122,79.95436143875122,0.0,1.0,52.86316089630127,0.6611666949125335,0.48620187677749865,1.0,4
44103,2023-01-13T08:00,0.2,10,1.0,1.0,2.0,no_choice,79.95436143875122,27.09120054244995,52.86316089630127,0.3388333050874664,0.0,0.0,0.0,1.0,1
44103,2023-01-13T08:00,0.2,10,1.0,1.0,2.0,nearest,79.95436143875122,79.95436143875122,0.0,1.0,68.74872989654541,0.8598496524696799,0.48620187677749865,1.0,4
44103,2023-01-13T08:00,0.2,10,1.0,1.0,2.0,logit,79.95436143875122,79.95436143875122,5.329070518200751e-15,1.0,60.45388233977887,0.7561048734794709,0.9959659600586417,0.9999999999999999,1
44103,2023-01-13T08:00,0.2,10,1.0,1.0,2.0,coordinated,79.95436143875122,79.95436143875122,0.0,1.0,52.86316089630127,0.6611666949125335,0.48620187677749865,1.0,4
44103,2023-01-13T08:00,0.2,10,1.0,2.0,2.0,no_choice,79.95436143875122,27.09120054244995,52.86316089630127,0.3388333050874664,0.0,0.0,0.0,1.0,1
44103,2023-01-13T08:00,0.2,10,1.0,2.0,2.0,nearest,79.95436143875122,79.95436143875122,0.0,1.0,68.74872989654541,0.8598496524696799,0.48620187677749865,1.0,4
44103,2023-01-13T08:00,0.2,10,1.0,2.0,2.0,logit,79.95436143875122,79.95436143875122,4.440892098500626e-15,1.0,60.424121833958395,0.7557326548126596,0.7601203367889062,0.9999999999999997,1
44103,2023-01-13T08:00,0.2,10,1.0,2.0,2.0,coordinated,79.95436143875122,79.95436143875122,0.0,1.0,52.86316089630127,0.6611666949125335,0.48620187677749865,1.0,4
44103,2023-01-13T08:00,0.2,10,2.0,0.5,2.0,no_choice,159.90872287750244,36.261154518127434,123.647568359375,0.22676157914102768,0.0,0.0,0.0,1.0,2
44103,2023-01-13T08:00,0.2,10,2.0,0.5,2.0,nearest,159.90872287750244,159.90872287750244,0.0,1.0,143.83931331634523,0.899508861855728,0.7831104339301131,1.0,11
44103,2023-01-13T08:00,0.2,10,2.0,0.5,2.0,logit,159.90872287750244,159.90872287750244,7.105427357601002e-15,1.0,136.14851466161562,0.8514139329716975,1.7623170266831578,1.0000000000000002,2
44103,2023-01-13T08:00,0.2,10,2.0,0.5,2.0,coordinated,159.90872287750244,159.90872287750244,0.0,1.0,123.647568359375,0.7732384208589723,0.7827953759908625,1.0000000000000002,12
44103,2023-01-13T08:00,0.2,10,2.0,1.0,2.0,no_choice,159.90872287750244,36.261154518127434,123.647568359375,0.22676157914102768,0.0,0.0,0.0,1.0,2
44103,2023-01-13T08:00,0.2,10,2.0,1.0,2.0,nearest,159.90872287750244,159.90872287750244,0.0,1.0,143.83931331634523,0.899508861855728,0.7831104339301131,1.0,11
44103,2023-01-13T08:00,0.2,10,2.0,1.0,2.0,logit,159.90872287750244,159.90872287750247,1.4210854715202004e-14,1.0000000000000002,132.59592725850518,0.8291975876768138,1.2006822966232464,1.0,2
44103,2023-01-13T08:00,0.2,10,2.0,1.0,2.0,coordinated,159.90872287750244,159.90872287750244,0.0,1.0,123.647568359375,0.7732384208589723,0.7827953759908625,1.0000000000000002,12
44103,2023-01-13T08:00,0.2,10,2.0,2.0,2.0,no_choice,159.90872287750244,36.261154518127434,123.647568359375,0.22676157914102768,0.0,0.0,0.0,1.0,2
44103,2023-01-13T08:00,0.2,10,2.0,2.0,2.0,nearest,159.90872287750244,159.90872287750244,0.0,1.0,143.83931331634523,0.899508861855728,0.7831104339301131,1.0,11
44103,2023-01-13T08:00,0.2,10,2.0,2.0,2.0,logit,159.90872287750244,159.90872287750244,1.4210854715202004e-14,1.0,133.0312301474672,0.831919783696699,0.9679030354314022,1.0,2
44103,2023-01-13T08:00,0.2,10,2.0,2.0,2.0,coordinated,159.90872287750244,159.90872287750244,0.0,1.0,123.647568359375,0.7732384208589723,0.7827953759908625,1.0000000000000002,12
44103,2023-01-13T08:00,0.2,10,4.0,0.5,2.0,no_choice,319.8174457550049,47.40735069274902,272.4100950622559,0.14823253491013516,0.0,0.0,0.0,1.0,3
44103,2023-01-13T08:00,0.2,10,4.0,0.5,2.0,nearest,319.8174457550049,319.8174457550049,7.105427357601002e-15,1.0,307.98488845825193,0.9630021518406559,1.4173889419225303,1.0,30
44103,2023-01-13T08:00,0.2,10,4.0,0.5,2.0,logit,319.8174457550049,319.8174457550049,1.0658141036401503e-14,1.0,290.024616274781,0.906844264202377,1.8974599828320946,1.0000000000000004,13
44103,2023-01-13T08:00,0.2,10,4.0,0.5,2.0,coordinated,319.8174457550049,319.8174457550049,0.0,1.0,272.4100950622559,0.8517674650898649,1.1969335934912289,1.0000000000000002,31
44103,2023-01-13T08:00,0.2,10,4.0,1.0,2.0,no_choice,319.8174457550049,47.40735069274902,272.4100950622559,0.14823253491013516,0.0,0.0,0.0,1.0,3
44103,2023-01-13T08:00,0.2,10,4.0,1.0,2.0,nearest,319.8174457550049,319.8174457550049,7.105427357601002e-15,1.0,307.98488845825193,0.9630021518406559,1.4173889419225303,1.0,30
44103,2023-01-13T08:00,0.2,10,4.0,1.0,2.0,logit,319.8174457550049,319.8174457550049,0.0,1.0,286.50426268002343,0.8958368797038643,1.4818310315441308,1.0000000000000002,18
44103,2023-01-13T08:00,0.2,10,4.0,1.0,2.0,coordinated,319.8174457550049,319.8174457550049,2.1316282072803006e-14,1.0,272.4100950622559,0.8517674650898649,1.1969335934912289,1.0000000000000018,31
44103,2023-01-13T08:00,0.2,10,4.0,2.0,2.0,no_choice,319.8174457550049,47.40735069274902,272.4100950622559,0.14823253491013516,0.0,0.0,0.0,1.0,3
44103,2023-01-13T08:00,0.2,10,4.0,2.0,2.0,nearest,319.8174457550049,319.8174457550049,7.105427357601002e-15,1.0,307.98488845825193,0.9630021518406559,1.4173889419225303,1.0,30
44103,2023-01-13T08:00,0.2,10,4.0,2.0,2.0,logit,319.8174457550049,319.8174457550049,1.0658141036401503e-14,1.0,287.005702536042,0.8974047737092548,1.313290012724664,1.0000000000000002,20
44103,2023-01-13T08:00,0.2,10,4.0,2.0,2.0,coordinated,319.8174457550049,319.8174457550049,0.0,1.0,272.4100950622559,0.8517674650898649,1.1969335934912289,1.0000000000000002,31
44103,2023-01-13T08:00,0.3,15,1.0,0.5,2.0,no_choice,79.95436143875122,20.028839302062988,59.92552213668823,0.250503398959743,0.0,0.0,0.0,1.0,1
44103,2023-01-13T08:00,0.3,15,1.0,0.5,2.0,nearest,79.95436143875122,79.95436143875122,0.0,1.0,63.21200437545777,0.7906010783899652,0.9671470534914954,1.0,5
44103,2023-01-13T08:00,0.3,15,1.0,0.5,2.0,logit,79.95436143875122,79.95436143875122,8.881784197001252e-15,1.0,69.08636183432625,0.8640724607281072,1.8677979243765008,0.6616557271130197,0
44103,2023-01-13T08:00,0.3,15,1.0,0.5,2.0,coordinated,79.95436143875122,79.95436143875122,0.0,1.0,59.92552213668823,0.749496601040257,0.9671470534914954,1.0,5
44103,2023-01-13T08:00,0.3,15,1.0,1.0,2.0,no_choice,79.95436143875122,20.028839302062988,59.92552213668823,0.250503398959743,0.0,0.0,0.0,1.0,1
44103,2023-01-13T08:00,0.3,15,1.0,1.0,2.0,nearest,79.95436143875122,79.95436143875122,0.0,1.0,63.21200437545777,0.7906010783899652,0.9671470534914954,1.0,5
44103,2023-01-13T08:00,0.3,15,1.0,1.0,2.0,logit,79.95436143875122,79.95436143875122,2.6645352591003757e-15,1.0,66.15049804084404,0.8273532156406304,1.3815944698590303,0.7712159442007788,0
44103,2023-01-13T08:00,0.3,15,1.0,1.0,2.0,coordinated,79.95436143875122,79.95436143875122,0.0,1.0,59.92552213668823,0.749496601040257,0.9671470534914954,1.0,5
44103,2023-01-13T08:00,0.3,15,1.0,2.0,2.0,no_choice,79.95436143875122,20.028839302062988,59.92552213668823,0.250503398959743,0.0,0.0,0.0,1.0,1
44103,2023-01-13T08:00,0.3,15,1.0,2.0,2.0,nearest,79.95436143875122,79.95436143875122,0.0,1.0,63.21200437545777,0.7906010783899652,0.9671470534914954,1.0,5
44103,2023-01-13T08:00,0.3,15,1.0,2.0,2.0,logit,79.95436143875122,79.95436143875122,4.440892098500626e-16,1.0,63.64456006755987,0.7960111108674738,1.1928658958347078,0.9466062203869346,0
44103,2023-01-13T08:00,0.3,15,1.0,2.0,2.0,coordinated,79.95436143875122,79.95436143875122,0.0,1.0,59.92552213668823,0.749496601040257,0.9671470534914954,1.0,5
44103,2023-01-13T08:00,0.3,15,2.0,0.5,2.0,no_choice,159.90872287750244,32.85767860412598,127.05104427337646,0.20547771261544312,0.0,0.0,0.0,1.0,1
44103,2023-01-13T08:00,0.3,15,2.0,0.5,2.0,nearest,159.90872287750244,159.90872287750244,0.0,1.0,143.83931331634523,0.899508861855728,1.102198040202742,1.0,13
44103,2023-01-13T08:00,0.3,15,2.0,0.5,2.0,logit,159.90872287750244,159.90872287750244,5.329070518200751e-15,1.0,140.00302247380304,0.8755183579388093,1.8786684792608739,1.0000000000000002,1
44103,2023-01-13T08:00,0.3,15,2.0,0.5,2.0,coordinated,159.90872287750244,159.90872287750244,0.0,1.0,127.05104427337646,0.7945222873845569,1.0793047976164747,1.0000000000000004,13
44103,2023-01-13T08:00,0.3,15,2.0,1.0,2.0,no_choice,159.90872287750244,32.85767860412598,127.05104427337646,0.20547771261544312,0.0,0.0,0.0,1.0,1
44103,2023-01-13T08:00,0.3,15,2.0,1.0,2.0,nearest,159.90872287750244,159.90872287750244,0.0,1.0,143.83931331634523,0.899508861855728,1.102198040202742,1.0,13
44103,2023-01-13T08:00,0.3,15,2.0,1.0,2.0,logit,159.90872287750244,159.90872287750244,3.552713678800501e-15,1.0,135.79421746221777,0.8491983115032599,1.394345935131611,1.0,1
44103,2023-01-13T08:00,0.3,15,2.0,1.0,2.0,coordinated,159.90872287750244,159.90872287750244,0.0,1.0,127.05104427337646,0.7945222873845569,1.0793047976164747,1.0000000000000004,13
44103,2023-01-13T08:00,0.3,15,2.0,2.0,2.0,no_choice,159.90872287750244,32.85767860412598,127.05104427337646,0.20547771261544312,0.0,0.0,0.0,1.0,1
44103,2023-01-13T08:00,0.3,15,2.0,2.0,2.0,nearest,159.90872287750244,159.90872287750244,0.0,1.0,143.83931331634523,0.899508861855728,1.102198040202742,1.0,13
44103,2023-01-13T08:00,0.3,15,2.0,2.0,2.0,logit,159.90872287750244,159.90872287750244,1.0658141036401503e-14,1.0,133.46848354033565,0.834654177324515,1.2157590980603044,0.9999999999999999,2
44103,2023-01-13T08:00,0.3,15,2.0,2.0,2.0,coordinated,159.90872287750244,159.90872287750244,0.0,1.0,127.05104427337646,0.7945222873845569,1.0793047976164747,1.0000000000000004,13
44103,2023-01-13T08:00,0.3,15,4.0,0.5,2.0,no_choice,319.8174457550049,41.873252105712744,277.9441936492922,0.13092860524497346,0.0,0.0,0.0,1.0,3
44103,2023-01-13T08:00,0.3,15,4.0,0.5,2.0,nearest,319.8174457550049,319.8174457550049,0.0,1.0,307.98488845825193,0.9630021518406559,2.0967220343194155,1.0,34
44103,2023-01-13T08:00,0.3,15,4.0,0.5,2.0,logit,319.8174457550049,319.8174457550049,1.4210854715202004e-14,1.0,294.6802327735163,0.9214013703281688,2.119546828087815,1.0000000000000002,34
44103,2023-01-13T08:00,0.3,15,4.0,0.5,2.0,coordinated,319.8174457550049,319.8174457550049,7.105427357601002e-15,1.0,277.9441936492921,0.8690713947550265,1.5277095209384397,1.0000000000000007,34
44103,2023-01-13T08:00,0.3,15,4.0,1.0,2.0,no_choice,319.8174457550049,41.873252105712744,277.9441936492922,0.13092860524497346,0.0,0.0,0.0,1.0,3
44103,2023-01-13T08:00,0.3,15,4.0,1.0,2.0,nearest,319.8174457550049,319.8174457550049,0.0,1.0,307.98488845825193,0.9630021518406559,2.0967220343194155,1.0,34
44103,2023-01-13T08:00,0.3,15,4.0,1.0,2.0,logit,319.8174457550049,319.8174457550049,1.0658141036401503e-14,1.0,291.14026734293634,0.9103326638596301,1.862497994150344,1.0000000000000002,34
44103,2023-01-13T08:00,0.3,15,4.0,1.0,2.0,coordinated,319.8174457550049,319.8174457550049,2.842170943040401e-14,1.0,277.9441936492921,0.8690713947550265,1.5277095209384397,1.0000000000000007,34
44103,2023-01-13T08:00,0.3,15,4.0,2.0,2.0,no_choice,319.8174457550049,41.873252105712744,277.9441936492922,0.13092860524497346,0.0,0.0,0.0,1.0,3
44103,2023-01-13T08:00,0.3,15,4.0,2.0,2.0,nearest,319.8174457550049,319.8174457550049,0.0,1.0,307.98488845825193,0.9630021518406559,2.0967220343194155,1.0,34
44103,2023-01-13T08:00,0.3,15,4.0,2.0,2.0,logit,319.8174457550049,319.8174457550049,2.4868995751603507e-14,1.0,288.3107835462321,0.9014854798355547,1.7793006988142734,1.0000000000000004,34
44103,2023-01-13T08:00,0.3,15,4.0,2.0,2.0,coordinated,319.8174457550049,319.8174457550049,2.842170943040401e-14,1.0,277.9441936492921,0.8690713947550265,1.5277095209384397,1.0000000000000007,34
44752,2023-02-09T09:00,0.1,5,1.0,0.5,2.0,no_choice,125.63688196241856,88.59833755493165,37.03854440748692,0.7051936992628792,0.0,0.0,0.0,1.0,2
44752,2023-02-09T09:00,0.1,5,1.0,0.5,2.0,nearest,125.63688196241856,125.63688196241856,0.0,1.0,54.26433185636997,0.4319140288168081,0.1145771417815604,1.0,4
44752,2023-02-09T09:00,0.1,5,1.0,0.5,2.0,logit,125.63688196241856,125.63688196241856,8.895661984809067e-15,1.0,77.55707629049023,0.6173113744870689,1.1237099593884616,0.9926879244923351,0
44752,2023-02-09T09:00,0.1,5,1.0,0.5,2.0,coordinated,125.63688196241856,125.63688196241856,0.0,1.0,37.03854440748692,0.29480630073712083,0.11457714178156041,1.0,5
44752,2023-02-09T09:00,0.1,5,1.0,1.0,2.0,no_choice,125.63688196241856,88.59833755493165,37.03854440748692,0.7051936992628792,0.0,0.0,0.0,1.0,2
44752,2023-02-09T09:00,0.1,5,1.0,1.0,2.0,nearest,125.63688196241856,125.63688196241856,0.0,1.0,54.26433185636997,0.4319140288168081,0.1145771417815604,1.0,4
44752,2023-02-09T09:00,0.1,5,1.0,1.0,2.0,logit,125.63688196241856,125.63688196241856,1.1546319456101628e-14,1.0,62.01936030773953,0.4936397603873298,0.4891010969170508,1.0000000000000002,1
44752,2023-02-09T09:00,0.1,5,1.0,1.0,2.0,coordinated,125.63688196241856,125.63688196241856,0.0,1.0,37.03854440748692,0.29480630073712083,0.11457714178156041,1.0,5
44752,2023-02-09T09:00,0.1,5,1.0,2.0,2.0,no_choice,125.63688196241856,88.59833755493165,37.03854440748692,0.7051936992628792,0.0,0.0,0.0,1.0,2
44752,2023-02-09T09:00,0.1,5,1.0,2.0,2.0,nearest,125.63688196241856,125.63688196241856,0.0,1.0,54.26433185636997,0.4319140288168081,0.1145771417815604,1.0,4
44752,2023-02-09T09:00,0.1,5,1.0,2.0,2.0,logit,125.63688196241856,125.63688196241856,7.105427357601002e-15,1.0,52.533722935323794,0.41813934025390787,0.25193442111122366,1.0000000000000002,2
44752,2023-02-09T09:00,0.1,5,1.0,2.0,2.0,coordinated,125.63688196241856,125.63688196241856,0.0,1.0,37.03854440748692,0.29480630073712083,0.11457714178156041,1.0,5
44752,2023-02-09T09:00,0.1,5,2.0,0.5,2.0,no_choice,251.2737639248371,120.01447570800752,131.2592882168296,0.4776243800124996,0.0,0.0,0.0,1.0,7
44752,2023-02-09T09:00,0.1,5,2.0,0.5,2.0,nearest,251.2737639248371,251.2737639248371,0.0,1.0,154.73739128232032,0.615811968847677,0.4606707287688291,1.0,18
44752,2023-02-09T09:00,0.1,5,2.0,0.5,2.0,logit,251.2737639248371,251.2737639248371,7.105427357601002e-15,1.0,172.60210478112256,0.6869085816406706,1.3168596367499523,1.0,4
44752,2023-02-09T09:00,0.1,5,2.0,0.5,2.0,coordinated,251.2737639248371,251.2737639248371,0.0,1.0,131.2592882168296,0.5223756199875004,0.4288187014266525,1.0000000000000004,17
44752,2023-02-09T09:00,0.1,5,2.0,1.0,2.0,no_choice,251.2737639248371,120.01447570800752,131.2592882168296,0.4776243800124996,0.0,0.0,0.0,1.0,7
44752,2023-02-09T09:00,0.1,5,2.0,1.0,2.0,nearest,251.2737639248371,251.2737639248371,0.0,1.0,154.73739128232032,0.615811968847677,0.4606707287688291,1.0,18
44752,2023-02-09T09:00,0.1,5,2.0,1.0,2.0,logit,251.2737639248371,251.2737639248371,8.881784197001252e-15,1.0,158.5442744294158,0.630962309606031,0.776234131647645,1.0000000000000002,6
44752,2023-02-09T09:00,0.1,5,2.0,1.0,2.0,coordinated,251.2737639248371,251.2737639248371,0.0,1.0,131.2592882168296,0.5223756199875004,0.4288187014266525,1.0000000000000004,17
44752,2023-02-09T09:00,0.1,5,2.0,2.0,2.0,no_choice,251.2737639248371,120.01447570800752,131.2592882168296,0.4776243800124996,0.0,0.0,0.0,1.0,7
44752,2023-02-09T09:00,0.1,5,2.0,2.0,2.0,nearest,251.2737639248371,251.2737639248371,0.0,1.0,154.73739128232032,0.615811968847677,0.4606707287688291,1.0,18
44752,2023-02-09T09:00,0.1,5,2.0,2.0,2.0,logit,251.2737639248371,251.27376392360523,1.2318981668091311e-09,0.9999999999950975,149.3722734359618,0.5944602854811991,0.6269561929843116,1.0000000000000002,7
44752,2023-02-09T09:00,0.1,5,2.0,2.0,2.0,coordinated,251.2737639248371,251.2737639248371,0.0,1.0,131.2592882168296,0.5223756199875004,0.4288187014266525,1.0000000000000004,17
44752,2023-02-09T09:00,0.1,5,4.0,0.5,2.0,no_choice,502.5475278496742,138.81940397644007,363.72812387323415,0.27623139361649546,0.0,0.0,0.0,1.0,8
44752,2023-02-09T09:00,0.1,5,4.0,0.5,2.0,nearest,502.5475278496742,478.6290160331712,23.91851181650304,0.9524054731323687,414.82618335342295,0.8666966887871954,1.4554811645537025,1.0,45
44752,2023-02-09T09:00,0.1,5,4.0,0.5,2.0,logit,502.5475278496742,478.6290160331713,23.918511816503006,0.9524054731323689,385.5481995848361,0.8055261730269101,1.8658062098438022,1.0000000000000002,45
44752,2023-02-09T09:00,0.1,5,4.0,0.5,2.0,coordinated,502.5475278496742,478.6290160331712,23.918511816503027,0.9524054731323687,339.8096120567311,0.7099645041853893,1.0371218615729467,1.0000000000000013,45
44752,2023-02-09T09:00,0.1,5,4.0,1.0,2.0,no_choice,502.5475278496742,138.81940397644007,363.72812387323415,0.27623139361649546,0.0,0.0,0.0,1.0,8
44752,2023-02-09T09:00,0.1,5,4.0,1.0,2.0,nearest,502.5475278496742,478.6290160331712,23.91851181650304,0.9524054731323687,414.82618335342295,0.8666966887871954,1.4554811645537025,1.0,45
44752,2023-02-09T09:00,0.1,5,4.0,1.0,2.0,logit,502.5475278496742,478.6290160331712,23.91851181650305,0.9524054731323687,370.3139393450489,0.7736972204781342,1.4722264529719045,1.0000000000000002,45
44752,2023-02-09T09:00,0.1,5,4.0,1.0,2.0,coordinated,502.5475278496742,478.6290160331712,23.91851181650304,0.9524054731323687,339.8096120567311,0.7099645041853893,1.0371218615729465,1.0000000000000004,45
44752,2023-02-09T09:00,0.1,5,4.0,2.0,2.0,no_choice,502.5475278496742,138.81940397644007,363.72812387323415,0.27623139361649546,0.0,0.0,0.0,1.0,8
44752,2023-02-09T09:00,0.1,5,4.0,2.0,2.0,nearest,502.5475278496742,478.6290160331712,23.91851181650304,0.9524054731323687,414.82618335342295,0.8666966887871954,1.4554811645537025,1.0,45
44752,2023-02-09T09:00,0.1,5,4.0,2.0,2.0,logit,502.5475278496742,478.6290160331712,23.91851181650304,0.9524054731323687,361.65147293679513,0.7555987222298512,1.312745702440357,1.0000000000000002,45
44752,2023-02-09T09:00,0.1,5,4.0,2.0,2.0,coordinated,502.5475278496742,478.6290160331712,23.918511816503035,0.9524054731323687,339.8096120567311,0.7099645041853893,1.0371218615729465,1.0000000000000004,45
44752,2023-02-09T09:00,0.2,10,1.0,0.5,2.0,no_choice,125.63688196241856,66.38422493040562,59.252657032012934,0.528381665427378,0.0,0.0,0.0,1.0,2
44752,2023-02-09T09:00,0.2,10,1.0,0.5,2.0,nearest,125.63688196241856,125.63688196241856,0.0,1.0,76.5885720640421,0.6096026172231164,0.1678651564735397,1.0,7
44752,2023-02-09T09:00,0.2,10,1.0,0.5,2.0,logit,125.63688196241856,125.63688196241856,0.0,1.0,85.03444157965248,0.6768270610622812,1.2381723378586245,1.0,1
44752,2023-02-09T09:00,0.2,10,1.0,0.5,2.0,coordinated,125.63688196241856,125.63688196241856,0.0,1.0,59.25265703201294,0.4716183345726221,0.1678651564735397,1.0,6
44752,2023-02-09T09:00,0.2,10,1.0,1.0,2.0,no_choice,125.63688196241856,66.38422493040562,59.252657032012934,0.528381665427378,0.0,0.0,0.0,1.0,2
44752,2023-02-09T09:00,0.2,10,1.0,1.0,2.0,nearest,125.63688196241856,125.63688196241856,0.0,1.0,76.5885720640421,0.6096026172231164,0.1678651564735397,1.0,7
44752,2023-02-09T09:00,0.2,10,1.0,1.0,2.0,logit,125.63688196241856,125.63688196241856,1.2434497875801753e-14,1.0,75.04350761393121,0.5973047598903225,0.6322181091453343,1.0,2
44752,2023-02-09T09:00,0.2,10,1.0,1.0,2.0,coordinated,125.63688196241856,125.63688196241856,0.0,1.0,59.25265703201294,0.4716183345726221,0.1678651564735397,1.0,6
44752,2023-02-09T09:00,0.2,10,1.0,2.0,2.0,no_choice,125.63688196241856,66.38422493040562,59.252657032012934,0.528381665427378,0.0,0.0,0.0,1.0,2
44752,2023-02-09T09:00,0.2,10,1.0,2.0,2.0,nearest,125.63688196241856,125.63688196241856,0.0,1.0,76.5885720640421,0.6096026172231164,0.1678651564735397,1.0,7
44752,2023-02-09T09:00,0.2,10,1.0,2.0,2.0,logit,125.63688196241856,125.63688196241856,4.440892098500626e-15,1.0,69.96805643419057,0.5569069793941555,0.3011541553044335,1.0000000000000002,2
44752,2023-02-09T09:00,0.2,10,1.0,2.0,2.0,coordinated,125.63688196241856,125.63688196241856,0.0,1.0,59.25265703201294,0.4716183345726221,0.1678651564735397,1.0,6
44752,2023-02-09T09:00,0.2,10,2.0,0.5,2.0,no_choice,251.2737639248371,86.60944176983818,164.66432215499893,0.3446815951535054,0.0,0.0,0.0,1.0,6
44752,2023-02-09T09:00,0.2,10,2.0,0.5,2.0,nearest,251.2737639248371,251.2737639248371,0.0,1.0,176.33519835400597,0.7017652603267911,0.517259352620332,1.0,20
44752,2023-02-09T09:00,0.2,10,2.0,0.5,2.0,logit,251.2737639248371,251.2737639248371,1.7763568394002505e-14,1.0,190.59295443316557,0.7585071813950984,1.442453110162161,1.0000000000000002,6
44752,2023-02-09T09:00,0.2,10,2.0,0.5,2.0,coordinated,251.2737639248371,251.2737639248371,0.0,1.0,164.66432215499893,0.6553184048464946,0.4854073252781553,1.0000000000000004,19
44752,2023-02-09T09:00,0.2,10,2.0,1.0,2.0,no_choice,251.2737639248371,86.60944176983818,164.66432215499893,0.3446815951535054,0.0,0.0,0.0,1.0,6
44752,2023-02-09T09:00,0.2,10,2.0,1.0,2.0,nearest,251.2737639248371,251.2737639248371,0.0,1.0,176.33519835400597,0.7017652603267911,0.517259352620332,1.0,20
44752,2023-02-09T09:00,0.2,10,2.0,1.0,2.0,logit,251.2737639248371,251.2737639248371,1.0658141036401503e-14,1.0,182.58572648041434,0.7266406314311061,0.8709786652877243,1.0000000000000002,7
44752,2023-02-09T09:00,0.2,10,2.0,1.0,2.0,coordinated,251.2737639248371,251.2737639248371,0.0,1.0,164.66432215499893,0.6553184048464946,0.4854073252781553,1.0000000000000004,19
44752,2023-02-09T09:00,0.2,10,2.0,2.0,2.0,no_choice,251.2737639248371,86.60944176983818,164.66432215499893,0.3446815951535054,0.0,0.0,0.0,1.0,6
44752,2023-02-09T09:00,0.2,10,2.0,2.0,2.0,nearest,251.2737639248371,251.2737639248371,0.0,1.0,176.33519835400597,0.7017652603267911,0.517259352620332,1.0,20
44752,2023-02-09T09:00,0.2,10,2.0,2.0,2.0,logit,251.2737639248371,251.2737639248371,7.105427357601002e-15,1.0,177.70214347206638,0.7072053233747952,0.6827391368412848,1.0000000000000002,8
44752,2023-02-09T09:00,0.2,10,2.0,2.0,2.0,coordinated,251.2737639248371,251.2737639248371,0.0,1.0,164.66432215499893,0.6553184048464946,0.4854073252781553,1.0000000000000004,19
44752,2023-02-09T09:00,0.2,10,4.0,0.5,2.0,no_choice,502.5475278496742,95.19769696664795,407.3498308830263,0.1894302363280637,0.0,0.0,0.0,1.0,6
44752,2023-02-09T09:00,0.2,10,4.0,0.5,2.0,nearest,502.5475278496742,379.9249035301199,122.62262431955438,0.7559979553690409,344.70241002273565,0.9072909062288099,1.7800181055537787,1.0,40
44752,2023-02-09T09:00,0.2,10,4.0,0.5,2.0,logit,502.5475278496742,379.9249035301199,122.62262431955439,0.7559979553690409,314.852329437143,0.8287225357212783,1.8947085588737773,1.0000000000000002,40
44752,2023-02-09T09:00,0.2,10,4.0,0.5,2.0,coordinated,502.5475278496742,379.9249035301199,122.6226243195544,0.7559979553690409,284.7272065634719,0.7494302266524078,0.8541912788049393,1.0,40
44752,2023-02-09T09:00,0.2,10,4.0,1.0,2.0,no_choice,502.5475278496742,95.19769696664795,407.3498308830263,0.1894302363280637,0.0,0.0,0.0,1.0,6
44752,2023-02-09T09:00,0.2,10,4.0,1.0,2.0,nearest,502.5475278496742,379.9249035301199,122.62262431955438,0.7559979553690409,344.70241002273565,0.9072909062288099,1.7800181055537787,1.0,40
44752,2023-02-09T09:00,0.2,10,4.0,1.0,2.0,logit,502.5475278496742,379.9249035301199,122.62262431955438,0.7559979553690409,304.93319768107006,0.8026143978658545,1.511647520200911,1.0000000000000002,40
44752,2023-02-09T09:00,0.2,10,4.0,1.0,2.0,coordinated,502.5475278496742,379.9249035301199,122.62262431955438,0.7559979553690409,284.7272065634719,0.7494302266524078,0.8541912788049393,1.0000000000000009,40
44752,2023-02-09T09:00,0.2,10,4.0,2.0,2.0,no_choice,502.5475278496742,95.19769696664795,407.3498308830263,0.1894302363280637,0.0,0.0,0.0,1.0,6
44752,2023-02-09T09:00,0.2,10,4.0,2.0,2.0,nearest,502.5475278496742,379.9249035301199,122.62262431955438,0.7559979553690409,344.70241002273565,0.9072909062288099,1.7800181055537787,1.0,40
44752,2023-02-09T09:00,0.2,10,4.0,2.0,2.0,logit,502.5475278496742,379.9249035301198,122.62262431955438,0.7559979553690408,298.1827249875697,0.7848464847051814,1.2779896375961857,1.0000000000000002,40
44752,2023-02-09T09:00,0.2,10,4.0,2.0,2.0,coordinated,502.5475278496742,379.9249035301199,122.62262431955438,0.7559979553690409,284.7272065634719,0.7494302266524078,0.8541912788049393,1.0000000000000009,40
44752,2023-02-09T09:00,0.3,15,1.0,0.5,2.0,no_choice,125.63688196241856,42.50670499801636,83.1301769644022,0.3383298306522068,0.0,0.0,0.0,1.0,1
44752,2023-02-09T09:00,0.3,15,1.0,0.5,2.0,nearest,125.63688196241856,125.63688196241856,0.0,1.0,88.06842321455478,0.7009758745914951,1.1655266598923848,1.0,11
44752,2023-02-09T09:00,0.3,15,1.0,0.5,2.0,logit,125.63688196241856,125.63688196241856,4.440892098500626e-15,1.0,101.81271413950964,0.8103728184687409,1.9440529824426491,1.0,1
44752,2023-02-09T09:00,0.3,15,1.0,0.5,2.0,coordinated,125.63688196241856,125.63688196241856,0.0,1.0,83.1301769644022,0.6616701693477932,1.1637016568690763,1.0000000000000002,10
44752,2023-02-09T09:00,0.3,15,1.0,1.0,2.0,no_choice,125.63688196241856,42.50670499801636,83.1301769644022,0.3383298306522068,0.0,0.0,0.0,1.0,1
44752,2023-02-09T09:00,0.3,15,1.0,1.0,2.0,nearest,125.63688196241856,125.63688196241856,0.0,1.0,88.06842321455478,0.7009758745914951,1.1655266598923848,1.0,11
44752,2023-02-09T09:00,0.3,15,1.0,1.0,2.0,logit,125.63688196241856,125.63688196241856,8.881784197001252e-15,1.0,95.4312833230644,0.7595801633441566,1.5297922868722933,1.0000000000000002,1
44752,2023-02-09T09:00,0.3,15,1.0,1.0,2.0,coordinated,125.63688196241856,125.63688196241856,0.0,1.0,83.1301769644022,0.6616701693477932,1.1637016568690763,1.0000000000000002,10
44752,2023-02-09T09:00,0.3,15,1.0,2.0,2.0,no_choice,125.63688196241856,42.50670499801636,83.1301769644022,0.3383298306522068,0.0,0.0,0.0,1.0,1
44752,2023-02-09T09:00,0.3,15,1.0,2.0,2.0,nearest,125.63688196241856,125.63688196241856,0.0,1.0,88.06842321455478,0.7009758745914951,1.1655266598923848,1.0,11
44752,2023-02-09T09:00,0.3,15,1.0,2.0,2.0,logit,125.63688196241856,125.63688196241856,1.790234627208065e-15,1.0,95.57740145506853,0.7607431827515295,1.3897052566004426,1.0,2
44752,2023-02-09T09:00,0.3,15,1.0,2.0,2.0,coordinated,125.63688196241856,125.63688196241856,0.0,1.0,83.1301769644022,0.6616701693477932,1.1637016568690763,1.0000000000000002,10
44752,2023-02-09T09:00,0.3,15,2.0,0.5,2.0,no_choice,251.2737639248371,56.55219371795626,194.72157020688084,0.22506207108384213,0.0,0.0,0.0,1.0,4
44752,2023-02-09T09:00,0.3,15,2.0,0.5,2.0,nearest,251.2737639248371,251.2737639248371,0.0,1.0,217.1413833591945,0.8641625769738039,1.395392809828112,1.0,25
44752,2023-02-09T09:00,0.3,15,2.0,0.5,2.0,logit,251.2737639248371,251.2737639248371,8.881784197001252e-15,1.0,217.50065191332777,0.865592366333909,2.043493118598466,1.0000000000000002,5
44752,2023-02-09T09:00,0.3,15,2.0,0.5,2.0,coordinated,251.2737639248371,251.2737639248371,0.0,1.0,194.72157020688087,0.7749379289161579,1.3866120940646174,1.0000000000000002,25
44752,2023-02-09T09:00,0.3,15,2.0,1.0,2.0,no_choice,251.2737639248371,56.55219371795626,194.72157020688084,0.22506207108384213,0.0,0.0,0.0,1.0,4
44752,2023-02-09T09:00,0.3,15,2.0,1.0,2.0,nearest,251.2737639248371,251.2737639248371,0.0,1.0,217.1413833591945,0.8641625769738039,1.395392809828112,1.0,25
44752,2023-02-09T09:00,0.3,15,2.0,1.0,2.0,logit,251.2737639248371,251.2737639248371,1.7763568394002505e-14,1.0,214.72070066853212,0.8545289301781661,1.7096697124734845,1.0000000000000002,13
44752,2023-02-09T09:00,0.3,15,2.0,1.0,2.0,coordinated,251.2737639248371,251.2737639248371,0.0,1.0,194.72157020688084,0.7749379289161578,1.3866120940646174,1.0000000000000002,25
44752,2023-02-09T09:00,0.3,15,2.0,2.0,2.0,no_choice,251.2737639248371,56.55219371795626,194.72157020688084,0.22506207108384213,0.0,0.0,0.0,1.0,4
44752,2023-02-09T09:00,0.3,15,2.0,2.0,2.0,nearest,251.2737639248371,251.2737639248371,0.0,1.0,217.1413833591945,0.8641625769738039,1.395392809828112,1.0,25
44752,2023-02-09T09:00,0.3,15,2.0,2.0,2.0,logit,251.2737639248371,251.2737639248371,2.4868995751603507e-14,1.0,215.12228213228084,0.8561271132016386,1.5749198609222104,1.0000000000000002,12
44752,2023-02-09T09:00,0.3,15,2.0,2.0,2.0,coordinated,251.2737639248371,251.2737639248371,0.0,1.0,194.72157020688084,0.7749379289161578,1.3866120940646174,1.0000000000000002,25
44752,2023-02-09T09:00,0.3,15,4.0,0.5,2.0,no_choice,502.5475278496742,56.55219371795626,445.995334131718,0.11253103554192107,0.0,0.0,0.0,1.0,4
44752,2023-02-09T09:00,0.3,15,4.0,0.5,2.0,nearest,502.5475278496742,329.4017915954578,173.14573625421644,0.6554639578169229,300.4220622482289,0.912023158080393,2.616751495063261,1.0,35
44752,2023-02-09T09:00,0.3,15,4.0,0.5,2.0,logit,502.5475278496742,329.4017915954578,173.14573625421644,0.6554639578169229,295.62867958394844,0.8974713772869016,2.548176960327328,1.0000000000000002,35
44752,2023-02-09T09:00,0.3,15,4.0,0.5,2.0,coordinated,502.5475278496742,329.4017915954577,173.14573625421644,0.6554639578169228,272.8495978775015,0.8283184998962948,0.9134263773750487,1.0000000000000004,35
44752,2023-02-09T09:00,0.3,15,4.0,1.0,2.0,no_choice,502.5475278496742,56.55219371795626,445.995334131718,0.11253103554192107,0.0,0.0,0.0,1.0,4
44752,2023-02-09T09:00,0.3,15,4.0,1.0,2.0,nearest,502.5475278496742,329.4017915954578,173.14573625421644,0.6554639578169229,300.4220622482289,0.912023158080393,2.616751495063261,1.0,35
44752,2023-02-09T09:00,0.3,15,4.0,1.0,2.0,logit,502.5475278496742,329.4017915954578,173.14573625421647,0.6554639578169229,292.8487283391528,0.8890319840725206,2.2428699019072376,1.0000000000000002,35
44752,2023-02-09T09:00,0.3,15,4.0,1.0,2.0,coordinated,502.5475278496742,329.4017915954578,173.14573625421644,0.6554639578169229,272.84959787750154,0.8283184998962949,0.9134263773750485,1.0000000000000009,35
44752,2023-02-09T09:00,0.3,15,4.0,2.0,2.0,no_choice,502.5475278496742,56.55219371795626,445.995334131718,0.11253103554192107,0.0,0.0,0.0,1.0,4
44752,2023-02-09T09:00,0.3,15,4.0,2.0,2.0,nearest,502.5475278496742,329.4017915954578,173.14573625421644,0.6554639578169229,300.4220622482289,0.912023158080393,2.616751495063261,1.0,35
44752,2023-02-09T09:00,0.3,15,4.0,2.0,2.0,logit,502.5475278496742,329.4017915954578,173.14573625421644,0.6554639578169229,293.25030980290154,0.890251107568491,2.0983320975004407,1.0000000000000004,35
44752,2023-02-09T09:00,0.3,15,4.0,2.0,2.0,coordinated,502.5475278496742,329.4017915954578,173.14573625421644,0.6554639578169229,272.8495978775015,0.8283184998962947,0.9134263773750484,1.0000000000000024,35
46073,2023-04-05T10:00,0.1,5,1.0,0.5,2.0,no_choice,190.9374189376831,92.08098278045654,98.85643615722655,0.4822573977000774,0.0,0.0,0.0,1.0,3
46073,2023-04-05T10:00,0.1,5,1.0,0.5,2.0,nearest,190.9374189376831,190.9374189376831,0.0,1.0,121.69082910156243,0.6373335817495211,0.3782093867935641,1.0,13
46073,2023-04-05T10:00,0.1,5,1.0,0.5,2.0,logit,190.9374189376831,190.9374189376831,1.0658141036401503e-14,1.0,147.31777889923865,0.7715500697499177,1.238991114111995,0.9999999999999999,2
46073,2023-04-05T10:00,0.1,5,1.0,0.5,2.0,coordinated,190.9374189376831,190.9374189376831,0.0,1.0,98.85643615722657,0.5177426022999225,0.37713376462442166,1.0000000000000002,12
46073,2023-04-05T10:00,0.1,5,1.0,1.0,2.0,no_choice,190.9374189376831,92.08098278045654,98.85643615722655,0.4822573977000774,0.0,0.0,0.0,1.0,3
46073,2023-04-05T10:00,0.1,5,1.0,1.0,2.0,nearest,190.9374189376831,190.9374189376831,0.0,1.0,121.69082910156243,0.6373335817495211,0.3782093867935641,1.0,13
46073,2023-04-05T10:00,0.1,5,1.0,1.0,2.0,logit,190.9374189376831,190.9374189376831,1.1546319456101628e-14,1.0,135.4704423210172,0.7095017994625304,0.7673888394439858,1.0000000000000002,3
46073,2023-04-05T10:00,0.1,5,1.0,1.0,2.0,coordinated,190.9374189376831,190.9374189376831,0.0,1.0,98.85643615722657,0.5177426022999225,0.37713376462442166,1.0000000000000002,12
46073,2023-04-05T10:00,0.1,5,1.0,2.0,2.0,no_choice,190.9374189376831,92.08098278045654,98.85643615722655,0.4822573977000774,0.0,0.0,0.0,1.0,3
46073,2023-04-05T10:00,0.1,5,1.0,2.0,2.0,nearest,190.9374189376831,190.9374189376831,0.0,1.0,121.69082910156243,0.6373335817495211,0.3782093867935641,1.0,13
46073,2023-04-05T10:00,0.1,5,1.0,2.0,2.0,logit,190.9374189376831,190.9374189376831,6.217248937900877e-15,1.0,125.1369991266712,0.6553822703946396,0.5419584800297875,1.0,3
46073,2023-04-05T10:00,0.1,5,1.0,2.0,2.0,coordinated,190.9374189376831,190.9374189376831,0.0,1.0,98.85643615722657,0.5177426022999225,0.37713376462442166,1.0000000000000002,12
46073,2023-04-05T10:00,0.1,5,2.0,0.5,2.0,no_choice,381.8748378753662,120.10122007751445,261.7736177978517,0.3145041468186817,0.0,0.0,0.0,1.0,6
46073,2023-04-05T10:00,0.1,5,2.0,0.5,2.0,nearest,381.8748378753662,381.8748378753662,7.105427357601002e-15,1.0,340.729276145936,0.8922538024281689,0.6470110390898552,1.0,35
46073,2023-04-05T10:00,0.1,5,2.0,0.5,2.0,logit,381.8748378753662,381.8748378753662,7.105427357601002e-15,1.0,317.22884023930226,0.8307141732727552,1.3370767669876116,1.0000000000000002,19
46073,2023-04-05T10:00,0.1,5,2.0,0.5,2.0,coordinated,381.8748378753662,381.8748378753662,1.7763568394002505e-14,1.0,261.7736177978518,0.6854958531813183,0.5816787915210839,1.0000000000000002,35
46073,2023-04-05T10:00,0.1,5,2.0,1.0,2.0,no_choice,381.8748378753662,120.10122007751445,261.7736177978517,0.3145041468186817,0.0,0.0,0.0,1.0,6
46073,2023-04-05T10:00,0.1,5,2.0,1.0,2.0,nearest,381.8748378753662,381.8748378753662,7.105427357601002e-15,1.0,340.729276145936,0.8922538024281689,0.6470110390898552,1.0,35
46073,2023-04-05T10:00,0.1,5,2.0,1.0,2.0,logit,381.8748378753662,381.8748378753662,2.3092638912203256e-14,1.0,306.6333865815356,0.8029682926676949,0.9406978419053189,1.0000000000000002,23
46073,2023-04-05T10:00,0.1,5,2.0,1.0,2.0,coordinated,381.8748378753662,381.8748378753662,1.7763568394002505e-14,1.0,261.7736177978518,0.6854958531813183,0.5816787915210839,1.0000000000000004,35
46073,2023-04-05T10:00,0.1,5,2.0,2.0,2.0,no_choice,381.8748378753662,120.10122007751445,261.7736177978517,0.3145041468186817,0.0,0.0,0.0,1.0,6
46073,2023-04-05T10:00,0.1,5,2.0,2.0,2.0,nearest,381.8748378753662,381.8748378753662,7.105427357601002e-15,1.0,340.729276145936,0.8922538024281689,0.6470110390898552,1.0,35
46073,2023-04-05T10:00,0.1,5,2.0,2.0,2.0,logit,381.8748378753662,381.8748378753662,3.552713678800501e-15,1.0,298.28996348804094,0.7811197122796418,0.7765975726985174,1.0000000000000004,23
46073,2023-04-05T10:00,0.1,5,2.0,2.0,2.0,coordinated,381.8748378753662,381.8748378753662,1.7763568394002505e-14,1.0,261.7736177978518,0.6854958531813183,0.5816787915210839,1.0000000000000002,35
46073,2023-04-05T10:00,0.1,5,4.0,0.5,2.0,no_choice,763.7496757507324,136.3645881729122,627.3850875778202,0.17854618142897644,0.0,0.0,0.0,1.0,9
46073,2023-04-05T10:00,0.1,5,4.0,0.5,2.0,nearest,763.7496757507324,481.7643477973926,281.9853279533399,0.6307882845565065,474.56434779739254,0.9850549339466107,1.647311716910575,1.0,45
46073,2023-04-05T10:00,0.1,5,4.0,0.5,2.0,logit,763.7496757507324,481.76434779739253,281.9853279533399,0.6307882845565065,416.43161330863074,0.8643886066134606,1.9245659977841107,1.0000000000000002,45
46073,2023-04-05T10:00,0.1,5,4.0,0.5,2.0,coordinated,763.7496757507324,481.76434779739253,281.9853279533399,0.6307882845565065,345.39975962448034,0.7169475308906404,0.9307519974815522,1.000000000000001,45
46073,2023-04-05T10:00,0.1,5,4.0,1.0,2.0,no_choice,763.7496757507324,136.3645881729122,627.3850875778202,0.17854618142897644,0.0,0.0,0.0,1.0,9
46073,2023-04-05T10:00,0.1,5,4.0,1.0,2.0,nearest,763.7496757507324,481.7643477973926,281.9853279533399,0.6307882845565065,474.56434779739254,0.9850549339466107,1.647311716910575,1.0,45
46073,2023-04-05T10:00,0.1,5,4.0,1.0,2.0,logit,763.7496757507324,481.7643477973925,281.9853279533399,0.6307882845565064,406.1201243636784,0.8429850116980294,1.5795228989054955,1.0000000000000004,45
46073,2023-04-05T10:00,0.1,5,4.0,1.0,2.0,coordinated,763.7496757507324,481.76434779739253,281.9853279533399,0.6307882845565065,345.39975962448034,0.7169475308906404,0.9307519974815522,1.0000000000000004,45
46073,2023-04-05T10:00,0.1,5,4.0,2.0,2.0,no_choice,763.7496757507324,136.3645881729122,627.3850875778202,0.17854618142897644,0.0,0.0,0.0,1.0,9
46073,2023-04-05T10:00,0.1,5,4.0,2.0,2.0,nearest,763.7496757507324,481.7643477973926,281.9853279533399,0.6307882845565065,474.56434779739254,0.9850549339466107,1.647311716910575,1.0,45
46073,2023-04-05T10:00,0.1,5,4.0,2.0,2.0,logit,763.7496757507324,481.7643477973926,281.98532795333983,0.6307882845565065,397.92735150859704,0.8259792434369729,1.4859052300700917,1.0000000000000004,45
46073,2023-04-05T10:00,0.1,5,4.0,2.0,2.0,coordinated,763.7496757507324,481.76434779739253,281.98532795333995,0.6307882845565065,345.39975962448034,0.7169475308906404,0.9307519974815522,1.0000000000000013,45
46073,2023-04-05T10:00,0.2,10,1.0,0.5,2.0,no_choice,190.9374189376831,46.06698589324951,144.8704330444336,0.24126745899023883,0.0,0.0,0.0,1.0,3
46073,2023-04-05T10:00,0.2,10,1.0,0.5,2.0,nearest,190.9374189376831,190.9374189376831,0.0,1.0,159.2704330444336,0.8341499216369695,0.5054650610809757,1.0,16
46073,2023-04-05T10:00,0.2,10,1.0,0.5,2.0,logit,190.9374189376831,190.9374189376831,1.5987211554602254e-14,1.0,165.3101009314316,0.865781583574168,1.3253285962082964,1.0000000000000002,2
46073,2023-04-05T10:00,0.2,10,1.0,0.5,2.0,coordinated,190.9374189376831,190.9374189376831,0.0,1.0,144.87043304443358,0.7587325410097611,0.5037891903816993,1.0000000000000004,17
46073,2023-04-05T10:00,0.2,10,1.0,1.0,2.0,no_choice,190.9374189376831,46.06698589324951,144.8704330444336,0.24126745899023883,0.0,0.0,0.0,1.0,3
46073,2023-04-05T10:00,0.2,10,1.0,1.0,2.0,nearest,190.9374189376831,190.9374189376831,0.0,1.0,159.2704330444336,0.8341499216369695,0.5054650610809757,1.0,16
46073,2023-04-05T10:00,0.2,10,1.0,1.0,2.0,logit,190.9374189376831,190.9374189376831,3.552713678800501e-15,1.0,159.30663043999698,0.8343394989118944,0.8884677311023511,1.0000000000000002,3
46073,2023-04-05T10:00,0.2,10,1.0,1.0,2.0,coordinated,190.9374189376831,190.9374189376831,0.0,1.0,144.87043304443358,0.7587325410097611,0.5037891903816993,1.0000000000000004,17
46073,2023-04-05T10:00,0.2,10,1.0,2.0,2.0,no_choice,190.9374189376831,46.06698589324951,144.8704330444336,0.24126745899023883,0.0,0.0,0.0,1.0,3
46073,2023-04-05T10:00,0.2,10,1.0,2.0,2.0,nearest,190.9374189376831,190.9374189376831,0.0,1.0,159.2704330444336,0.8341499216369695,0.5054650610809757,1.0,16
46073,2023-04-05T10:00,0.2,10,1.0,2.0,2.0,logit,190.9374189376831,190.9374189376831,1.0658141036401503e-14,1.0,156.4962905807045,0.819620855102167,0.7190437033208434,1.0,3
46073,2023-04-05T10:00,0.2,10,1.0,2.0,2.0,coordinated,190.9374189376831,190.9374189376831,0.0,1.0,144.87043304443358,0.7587325410097611,0.5037891903816993,1.0000000000000004,17
46073,2023-04-05T10:00,0.2,10,2.0,0.5,2.0,no_choice,381.8748378753662,60.380469131469724,321.4943687438965,0.15811586190755073,0.0,0.0,0.0,1.0,3
46073,2023-04-05T10:00,0.2,10,2.0,0.5,2.0,nearest,381.8748378753662,381.8748378753662,7.105427357601002e-15,1.0,364.52133522033694,0.9545570932309162,1.2874134635407912,1.0,38
46073,2023-04-05T10:00,0.2,10,2.0,0.5,2.0,logit,381.8748378753662,381.8748378753662,1.4210854715202004e-14,1.0,350.6545891258178,0.9182448130826103,1.781709377401017,1.0000000000000004,36
46073,2023-04-05T10:00,0.2,10,2.0,0.5,2.0,coordinated,381.8748378753662,381.8748378753662,7.105427357601002e-15,1.0,321.49436874389653,0.8418841380924494,0.9297557382498707,1.0000000000000018,38
46073,2023-04-05T10:00,0.2,10,2.0,1.0,2.0,no_choice,381.8748378753662,60.380469131469724,321.4943687438965,0.15811586190755073,0.0,0.0,0.0,1.0,3
46073,2023-04-05T10:00,0.2,10,2.0,1.0,2.0,nearest,381.8748378753662,381.8748378753662,7.105427357601002e-15,1.0,364.52133522033694,0.9545570932309162,1.2874134635407912,1.0,38
46073,2023-04-05T10:00,0.2,10,2.0,1.0,2.0,logit,381.8748378753662,381.8748378753662,1.0658141036401503e-14,1.0,346.3877135717163,0.9070713207995339,1.4618898595847003,1.0000000000000002,36
46073,2023-04-05T10:00,0.2,10,2.0,1.0,2.0,coordinated,381.8748378753662,381.8748378753662,7.105427357601002e-15,1.0,321.49436874389653,0.8418841380924494,0.9297557382498707,1.0000000000000018,38
46073,2023-04-05T10:00,0.2,10,2.0,2.0,2.0,no_choice,381.8748378753662,60.380469131469724,321.4943687438965,0.15811586190755073,0.0,0.0,0.0,1.0,3
46073,2023-04-05T10:00,0.2,10,2.0,2.0,2.0,nearest,381.8748378753662,381.8748378753662,7.105427357601002e-15,1.0,364.52133522033694,0.9545570932309162,1.2874134635407912,1.0,38
46073,2023-04-05T10:00,0.2,10,2.0,2.0,2.0,logit,381.8748378753662,381.8748378753662,1.2434497875801753e-14,1.0,342.96397772248844,0.8981057239346646,1.295539347984142,1.0000000000000002,36
46073,2023-04-05T10:00,0.2,10,2.0,2.0,2.0,coordinated,381.8748378753662,381.8748378753662,7.105427357601002e-15,1.0,321.49436874389653,0.8418841380924494,0.9297557382498708,1.0000000000000018,38
46073,2023-04-05T10:00,0.2,10,4.0,0.5,2.0,no_choice,763.7496757507324,66.44134025573716,697.3083354949952,0.08699360846265268,0.0,0.0,0.0,1.0,5
46073,2023-04-05T10:00,0.2,10,4.0,0.5,2.0,nearest,763.7496757507324,394.4459460868825,369.3037296638499,0.5164597231405165,377.0924434318532,0.9560053720232508,1.5537927130064575,1.0,40
46073,2023-04-05T10:00,0.2,10,4.0,0.5,2.0,logit,763.7496757507324,394.44594608688254,369.30372966384994,0.5164597231405166,363.2256973373341,0.9208503749137994,1.8634825122466907,1.0000000000000004,40
46073,2023-04-05T10:00,0.2,10,4.0,0.5,2.0,coordinated,763.7496757507324,394.4459460868825,369.3037296638499,0.5164597231405165,328.00460583114534,0.8315578068050357,0.8651063546918142,1.0000000000000013,40
46073,2023-04-05T10:00,0.2,10,4.0,1.0,2.0,no_choice,763.7496757507324,66.44134025573716,697.3083354949952,0.08699360846265268,0.0,0.0,0.0,1.0,5
46073,2023-04-05T10:00,0.2,10,4.0,1.0,2.0,nearest,763.7496757507324,394.4459460868825,369.3037296638499,0.5164597231405165,377.0924434318532,0.9560053720232508,1.5537927130064575,1.0,40
46073,2023-04-05T10:00,0.2,10,4.0,1.0,2.0,logit,763.7496757507324,394.4459460868825,369.3037296638499,0.5164597231405165,358.95882178323257,0.9100329851131659,1.5317907959877306,1.0000000000000002,40
46073,2023-04-05T10:00,0.2,10,4.0,1.0,2.0,coordinated,763.7496757507324,394.4459460868825,369.30372966384994,0.5164597231405165,328.00460583114534,0.8315578068050357,0.8651063546918142,1.0000000000000007,40
46073,2023-04-05T10:00,0.2,10,4.0,2.0,2.0,no_choice,763.7496757507324,66.44134025573716,697.3083354949952,0.08699360846265268,0.0,0.0,0.0,1.0,5
46073,2023-04-05T10:00,0.2,10,4.0,2.0,2.0,nearest,763.7496757507324,394.4459460868825,369.3037296638499,0.5164597231405165,377.0924434318532,0.9560053720232508,1.5537927130064575,1.0,40
46073,2023-04-05T10:00,0.2,10,4.0,2.0,2.0,logit,763.7496757507324,394.4459460868825,369.3037296638498,0.5164597231405165,355.5350859340047,0.9013531244549612,1.4193638309339618,1.0000000000000004,40
46073,2023-04-05T10:00,0.2,10,4.0,2.0,2.0,coordinated,763.7496757507324,394.44594608688254,369.30372966384994,0.5164597231405166,328.00460583114534,0.8315578068050355,0.865106354691814,1.0000000000000009,40
46073,2023-04-05T10:00,0.3,15,1.0,0.5,2.0,no_choice,190.9374189376831,45.23218975067139,145.70522918701172,0.2368953660436458,0.0,0.0,0.0,1.0,3
46073,2023-04-05T10:00,0.3,15,1.0,0.5,2.0,nearest,190.9374189376831,190.9374189376831,0.0,1.0,152.90522918701174,0.8008133242699585,0.6460935180495953,1.0,18
46073,2023-04-05T10:00,0.3,15,1.0,0.5,2.0,logit,190.9374189376831,190.9374189376831,1.0658141036401503e-14,1.0,165.0787845597577,0.8645701061541794,1.39575490086473,1.0000000000000002,3
46073,2023-04-05T10:00,0.3,15,1.0,0.5,2.0,coordinated,190.9374189376831,190.9374189376831,0.0,1.0,145.7052291870117,0.7631046339563541,0.6373337161353486,1.0,18
46073,2023-04-05T10:00,0.3,15,1.0,1.0,2.0,no_choice,190.9374189376831,45.23218975067139,145.70522918701172,0.2368953660436458,0.0,0.0,0.0,1.0,3
46073,2023-04-05T10:00,0.3,15,1.0,1.0,2.0,nearest,190.9374189376831,190.9374189376831,0.0,1.0,152.90522918701174,0.8008133242699585,0.6460935180495953,1.0,18
46073,2023-04-05T10:00,0.3,15,1.0,1.0,2.0,logit,190.9374189376831,190.9374189376831,5.329070518200751e-15,1.0,162.551468416035,0.8513337475724833,1.0150269956453961,1.0000000000000002,7
46073,2023-04-05T10:00,0.3,15,1.0,1.0,2.0,coordinated,190.9374189376831,190.9374189376831,0.0,1.0,145.7052291870117,0.7631046339563541,0.6373337161353486,1.0,18
46073,2023-04-05T10:00,0.3,15,1.0,2.0,2.0,no_choice,190.9374189376831,45.23218975067139,145.70522918701172,0.2368953660436458,0.0,0.0,0.0,1.0,3
46073,2023-04-05T10:00,0.3,15,1.0,2.0,2.0,nearest,190.9374189376831,190.9374189376831,0.0,1.0,152.90522918701174,0.8008133242699585,0.6460935180495953,1.0,18
46073,2023-04-05T10:00,0.3,15,1.0,2.0,2.0,logit,190.9374189376831,190.9374189376831,4.440892098500626e-15,1.0,160.34480113216176,0.8397767290679363,0.8524581132705877,1.0000000000000002,8
46073,2023-04-05T10:00,0.3,15,1.0,2.0,2.0,coordinated,190.9374189376831,190.9374189376831,0.0,1.0,145.7052291870117,0.7631046339563541,0.6373337161353486,1.0,18
46073,2023-04-05T10:00,0.3,15,2.0,0.5,2.0,no_choice,381.8748378753662,51.79471712493892,330.0801207504273,0.13563270471840655,0.0,0.0,0.0,1.0,4
46073,2023-04-05T10:00,0.3,15,2.0,0.5,2.0,nearest,381.8748378753662,311.20333725929197,70.67150061607421,0.8149354353660255,304.003337259292,0.9768640013201368,1.5651604202399791,1.0000000000000002,35
46073,2023-04-05T10:00,0.3,15,2.0,0.5,2.0,logit,381.8748378753662,311.20333725929197,70.67150061607423,0.8149354353660255,284.37431414210386,0.9137894106359329,2.0780391025112364,1.0000000000000002,35
46073,2023-04-05T10:00,0.3,15,2.0,0.5,2.0,coordinated,381.8748378753662,311.20333725929197,70.67150061607421,0.8149354353660255,259.40862013435304,0.8335663184685452,1.095748402226953,1.0000000000000002,35
46073,2023-04-05T10:00,0.3,15,2.0,1.0,2.0,no_choice,381.8748378753662,51.79471712493892,330.0801207504273,0.13563270471840655,0.0,0.0,0.0,1.0,4
46073,2023-04-05T10:00,0.3,15,2.0,1.0,2.0,nearest,381.8748378753662,311.20333725929197,70.67150061607421,0.8149354353660255,304.003337259292,0.9768640013201368,1.5651604202399791,1.0000000000000002,35
46073,2023-04-05T10:00,0.3,15,2.0,1.0,2.0,logit,381.8748378753662,311.20333725929197,70.67150061607423,0.8149354353660255,282.3763835264715,0.9073693939573595,1.9002189804277343,1.0000000000000002,35
46073,2023-04-05T10:00,0.3,15,2.0,1.0,2.0,coordinated,381.8748378753662,311.20333725929197,70.67150061607421,0.8149354353660255,259.40862013435304,0.8335663184685452,1.0957484022269532,1.0000000000000002,35
46073,2023-04-05T10:00,0.3,15,2.0,2.0,2.0,no_choice,381.8748378753662,51.79471712493892,330.0801207504273,0.13563270471840655,0.0,0.0,0.0,1.0,4
46073,2023-04-05T10:00,0.3,15,2.0,2.0,2.0,nearest,381.8748378753662,311.20333725929197,70.67150061607421,0.8149354353660255,304.003337259292,0.9768640013201368,1.5651604202399791,1.0000000000000002,35
46073,2023-04-05T10:00,0.3,15,2.0,2.0,2.0,logit,381.8748378753662,311.20333725929197,70.67150061607421,0.8149354353660255,280.1217240089168,0.9001244217876807,1.7504531917458528,1.0000000000000002,35
46073,2023-04-05T10:00,0.3,15,2.0,2.0,2.0,coordinated,381.8748378753662,311.20333725929197,70.67150061607421,0.8149354353660255,259.40862013435304,0.8335663184685452,1.0957484022269532,1.0000000000000002,35
46073,2023-04-05T10:00,0.3,15,4.0,0.5,2.0,no_choice,763.7496757507324,57.27105722808833,706.4786185226441,0.07498668614398218,0.0,0.0,0.0,1.0,5
46073,2023-04-05T10:00,0.3,15,4.0,0.5,2.0,nearest,763.7496757507324,311.20333725929197,452.54633849144045,0.40746771768301276,304.00333725929204,0.9768640013201371,1.8591570559753372,1.0,35
46073,2023-04-05T10:00,0.3,15,4.0,0.5,2.0,logit,763.7496757507324,311.20333725929197,452.54633849144045,0.40746771768301276,284.37431414210386,0.9137894106359329,2.0168999894832846,1.0000000000000002,35
46073,2023-04-05T10:00,0.3,15,4.0,0.5,2.0,coordinated,763.7496757507324,311.20333725929197,452.5463384914404,0.40746771768301276,253.93228003120373,0.8159690132745251,0.8267198898820156,1.0000000000000062,35
46073,2023-04-05T10:00,0.3,15,4.0,1.0,2.0,no_choice,763.7496757507324,57.27105722808833,706.4786185226441,0.07498668614398218,0.0,0.0,0.0,1.0,5
46073,2023-04-05T10:00,0.3,15,4.0,1.0,2.0,nearest,763.7496757507324,311.20333725929197,452.54633849144045,0.40746771768301276,304.00333725929204,0.9768640013201371,1.8591570559753372,1.0,35
46073,2023-04-05T10:00,0.3,15,4.0,1.0,2.0,logit,763.7496757507324,311.203337259292,452.54633849144045,0.4074677176830128,282.37638352647156,0.9073693939573595,1.7443370787068113,1.0000000000000002,35
46073,2023-04-05T10:00,0.3,15,4.0,1.0,2.0,coordinated,763.7496757507324,311.20333725929197,452.5463384914404,0.40746771768301276,253.9322800312037,0.8159690132745251,0.8267198898820158,1.0000000000000024,35
46073,2023-04-05T10:00,0.3,15,4.0,2.0,2.0,no_choice,763.7496757507324,57.27105722808833,706.4786185226441,0.07498668614398218,0.0,0.0,0.0,1.0,5
46073,2023-04-05T10:00,0.3,15,4.0,2.0,2.0,nearest,763.7496757507324,311.20333725929197,452.54633849144045,0.40746771768301276,304.00333725929204,0.9768640013201371,1.8591570559753372,1.0,35
46073,2023-04-05T10:00,0.3,15,4.0,2.0,2.0,logit,763.7496757507324,311.203337259292,452.54633849144045,0.4074677176830128,280.1217240089168,0.9001244217876805,1.6570413453939807,1.0000000000000002,35
46073,2023-04-05T10:00,0.3,15,4.0,2.0,2.0,coordinated,763.7496757507324,311.20333725929197,452.5463384914404,0.40746771768301276,253.93228003120365,0.8159690132745249,0.8267198898820156,1.0000000000000016,35
46294,2023-04-14T15:00,0.1,5,1.0,0.5,2.0,no_choice,91.37446284294128,55.60583962058995,35.76862322235134,0.6085490178603608,0.0,0.0,0.0,1.0,2
46294,2023-04-14T15:00,0.1,5,1.0,0.5,2.0,nearest,91.37446284294128,91.37446284294128,0.0,1.0,49.01149321937587,0.5363806439400812,0.4309862031450704,1.0,4
46294,2023-04-14T15:00,0.1,5,1.0,0.5,2.0,logit,91.37446284294128,91.3744628429413,4.440892098500626e-16,1.0000000000000002,62.23148208863992,0.6810598952095216,1.488546458121501,0.6873133889501181,0
46294,2023-04-14T15:00,0.1,5,1.0,0.5,2.0,coordinated,91.37446284294128,91.37446284294128,0.0,1.0,35.76862322235133,0.39145098213963914,0.4214473253682948,1.0,4
46294,2023-04-14T15:00,0.1,5,1.0,1.0,2.0,no_choice,91.37446284294128,55.60583962058995,35.76862322235134,0.6085490178603608,0.0,0.0,0.0,1.0,2
46294,2023-04-14T15:00,0.1,5,1.0,1.0,2.0,nearest,91.37446284294128,91.37446284294128,0.0,1.0,49.01149321937587,0.5363806439400812,0.4309862031450704,1.0,4
46294,2023-04-14T15:00,0.1,5,1.0,1.0,2.0,logit,91.37446284294128,91.37446284294128,6.217248937900877e-15,1.0,51.54658676568107,0.5641246488560131,0.8674899703954339,0.9051108460139928,0
46294,2023-04-14T15:00,0.1,5,1.0,1.0,2.0,coordinated,91.37446284294128,91.37446284294128,0.0,1.0,35.76862322235133,0.39145098213963914,0.4214473253682948,1.0,4
46294,2023-04-14T15:00,0.1,5,1.0,2.0,2.0,no_choice,91.37446284294128,55.60583962058995,35.76862322235134,0.6085490178603608,0.0,0.0,0.0,1.0,2
46294,2023-04-14T15:00,0.1,5,1.0,2.0,2.0,nearest,91.37446284294128,91.37446284294128,0.0,1.0,49.01149321937587,0.5363806439400812,0.4309862031450704,1.0,4
46294,2023-04-14T15:00,0.1,5,1.0,2.0,2.0,logit,91.37446284294128,91.37446284294128,1.8207657603852567e-14,1.0,44.441500009296355,0.48636674434611443,0.5953038306594759,1.0,2
46294,2023-04-14T15:00,0.1,5,1.0,2.0,2.0,coordinated,91.37446284294128,91.37446284294128,0.0,1.0,35.76862322235133,0.39145098213963914,0.4214473253682948,1.0,4
46294,2023-04-14T15:00,0.1,5,2.0,0.5,2.0,no_choice,182.74892568588257,73.45777176284761,109.29115392303494,0.4019600743870324,0.0,0.0,0.0,1.0,5
46294,2023-04-14T15:00,0.1,5,2.0,0.5,2.0,nearest,182.74892568588257,182.74892568588257,0.0,1.0,135.8054790649417,0.7431260050106698,0.6177220811225423,1.0,14
46294,2023-04-14T15:00,0.1,5,2.0,0.5,2.0,logit,182.74892568588257,182.74892568588257,1.6209256159527285e-14,1.0,131.2461696619417,0.7181775168820077,1.5705020336070576,1.0000000000000002,3
46294,2023-04-14T15:00,0.1,5,2.0,0.5,2.0,coordinated,182.74892568588257,182.74892568588257,0.0,1.0,109.29115392303495,0.5980399256129676,0.5963256900117224,1.0000000000000004,14
46294,2023-04-14T15:00,0.1,5,2.0,1.0,2.0,no_choice,182.74892568588257,73.45777176284761,109.29115392303494,0.4019600743870324,0.0,0.0,0.0,1.0,5
46294,2023-04-14T15:00,0.1,5,2.0,1.0,2.0,nearest,182.74892568588257,182.74892568588257,0.0,1.0,135.8054790649417,0.7431260050106698,0.6177220811225423,1.0,14
46294,2023-04-14T15:00,0.1,5,2.0,1.0,2.0,logit,182.74892568588257,182.74892568588257,1.2656542480726785e-14,1.0,121.46267021770845,0.6646423214902187,0.9990609736017116,1.0000000000000002,4
46294,2023-04-14T15:00,0.1,5,2.0,1.0,2.0,coordinated,182.74892568588257,182.74892568588257,0.0,1.0,109.29115392303495,0.5980399256129676,0.5963256900117224,1.0000000000000004,14
46294,2023-04-14T15:00,0.1,5,2.0,2.0,2.0,no_choice,182.74892568588257,73.45777176284761,109.29115392303494,0.4019600743870324,0.0,0.0,0.0,1.0,5
46294,2023-04-14T15:00,0.1,5,2.0,2.0,2.0,nearest,182.74892568588257,182.74892568588257,0.0,1.0,135.8054790649417,0.7431260050106698,0.6177220811225423,1.0,14
46294,2023-04-14T15:00,0.1,5,2.0,2.0,2.0,logit,182.74892568588257,182.74892568466095,1.221639900350624e-09,0.9999999999933153,116.15675452557392,0.6356084124182818,0.7356852784424232,1.0000000000000002,7
46294,2023-04-14T15:00,0.1,5,2.0,2.0,2.0,coordinated,182.74892568588257,182.74892568588257,0.0,1.0,109.29115392303495,0.5980399256129676,0.5963256900117224,1.0000000000000004,14
46294,2023-04-14T15:00,0.1,5,4.0,0.5,2.0,no_choice,365.49785137176514,81.7297551956174,283.7680961761477,0.22361213585490056,0.0,0.0,0.0,1.0,7
46294,2023-04-14T15:00,0.1,5,4.0,0.5,2.0,nearest,365.49785137176514,365.49785137176514,0.0,1.0,321.9035729827886,0.8807263073493837,1.2668020579801442,1.0,34
46294,2023-04-14T15:00,0.1,5,4.0,0.5,2.0,logit,365.49785137176514,365.49785137176514,1.0658141036401503e-14,1.0,305.3685535648075,0.8354865901912039,2.0046599217393015,1.0000000000000002,19
46294,2023-04-14T15:00,0.1,5,4.0,0.5,2.0,coordinated,365.49785137176514,365.49785137176514,2.842170943040401e-14,1.0,283.76809617614765,0.7763878641450992,1.1572586010574855,1.0,33
46294,2023-04-14T15:00,0.1,5,4.0,1.0,2.0,no_choice,365.49785137176514,81.7297551956174,283.7680961761477,0.22361213585490056,0.0,0.0,0.0,1.0,7
46294,2023-04-14T15:00,0.1,5,4.0,1.0,2.0,nearest,365.49785137176514,365.49785137176514,0.0,1.0,321.9035729827886,0.8807263073493837,1.2668020579801442,1.0,34
46294,2023-04-14T15:00,0.1,5,4.0,1.0,2.0,logit,365.49785137176514,365.4978513717652,1.0658141036401503e-14,1.0000000000000002,298.83148318416863,0.8176012035709971,1.5413948187265345,1.0000000000000002,20
46294,2023-04-14T15:00,0.1,5,4.0,1.0,2.0,coordinated,365.49785137176514,365.4978513717651,2.842170943040401e-14,0.9999999999999999,283.76809617614765,0.7763878641450993,1.1572586010574857,1.0000000000000002,33
46294,2023-04-14T15:00,0.1,5,4.0,2.0,2.0,no_choice,365.49785137176514,81.7297551956174,283.7680961761477,0.22361213585490056,0.0,0.0,0.0,1.0,7
46294,2023-04-14T15:00,0.1,5,4.0,2.0,2.0,nearest,365.49785137176514,365.49785137176514,0.0,1.0,321.9035729827886,0.8807263073493837,1.2668020579801442,1.0,34
46294,2023-04-14T15:00,0.1,5,4.0,2.0,2.0,logit,365.49785137176514,365.49785137176514,1.4210854715202004e-14,1.0,294.1123316249651,0.8046896322950188,1.2967193529912278,1.0000000000000002,21
46294,2023-04-14T15:00,0.1,5,4.0,2.0,2.0,coordinated,365.49785137176514,365.4978513717651,2.842170943040401e-14,0.9999999999999999,283.76809617614765,0.7763878641450993,1.1572586010574857,1.0,33
46294,2023-04-14T15:00,0.2,10,1.0,0.5,2.0,no_choice,91.37446284294128,43.64032066917393,47.73414217376735,0.47759865624802594,0.0,0.0,0.0,1.0,2
46294,2023-04-14T15:00,0.2,10,1.0,0.5,2.0,nearest,91.37446284294128,91.37446284294128,0.0,1.0,50.14047299766567,0.5487361724232455,0.5265366094767677,1.0,7
46294,2023-04-14T15:00,0.2,10,1.0,0.5,2.0,logit,91.37446284294128,91.37446284294128,1.7763568394002505e-15,1.0,66.22458293294953,0.7247602981456587,1.6252660825024443,0.7125197571707123,0
46294,2023-04-14T15:00,0.2,10,1.0,0.5,2.0,coordinated,91.37446284294128,91.37446284294128,0.0,1.0,47.73414217376735,0.5224013437519741,0.516997731699992,1.0,7
46294,2023-04-14T15:00,0.2,10,1.0,1.0,2.0,no_choice,91.37446284294128,43.64032066917393,47.73414217376735,0.47759865624802594,0.0,0.0,0.0,1.0,2
46294,2023-04-14T15:00,0.2,10,1.0,1.0,2.0,nearest,91.37446284294128,91.37446284294128,0.0,1.0,50.14047299766567,0.5487361724232455,0.5265366094767677,1.0,7
46294,2023-04-14T15:00,0.2,10,1.0,1.0,2.0,logit,91.37446284294128,91.37446284294128,7.993605777301127e-15,1.0,56.97004873523797,0.6234788907395359,0.9088779127880722,0.985551326347508,0
46294,2023-04-14T15:00,0.2,10,1.0,1.0,2.0,coordinated,91.37446284294128,91.37446284294128,0.0,1.0,47.73414217376735,0.5224013437519741,0.516997731699992,1.0,7
46294,2023-04-14T15:00,0.2,10,1.0,2.0,2.0,no_choice,91.37446284294128,43.64032066917393,47.73414217376735,0.47759865624802594,0.0,0.0,0.0,1.0,2
46294,2023-04-14T15:00,0.2,10,1.0,2.0,2.0,nearest,91.37446284294128,91.37446284294128,0.0,1.0,50.14047299766567,0.5487361724232455,0.5265366094767677,1.0,7
46294,2023-04-14T15:00,0.2,10,1.0,2.0,2.0,logit,91.37446284294128,91.37446284294128,1.2434497875801753e-14,1.0,52.09506558604936,0.5701271883326177,0.6767055791889588,1.0000000000000002,3
46294,2023-04-14T15:00,0.2,10,1.0,2.0,2.0,coordinated,91.37446284294128,91.37446284294128,0.0,1.0,47.73414217376735,0.5224013437519741,0.516997731699992,1.0,7
46294,2023-04-14T15:00,0.2,10,2.0,0.5,2.0,no_choice,182.74892568588257,59.719518695831034,123.02940699005154,0.3267845130782314,0.0,0.0,0.0,1.0,4
46294,2023-04-14T15:00,0.2,10,2.0,0.5,2.0,nearest,182.74892568588257,182.74892568588257,0.0,1.0,130.22940699005153,0.7126138033440259,0.897262118195828,1.0,17
46294,2023-04-14T15:00,0.2,10,2.0,0.5,2.0,logit,182.74892568588257,182.74892568588257,1.2656542480726785e-14,1.0,143.22572043110196,0.78372947963199,1.8253046321274222,1.0000000000000002,3
46294,2023-04-14T15:00,0.2,10,2.0,0.5,2.0,coordinated,182.74892568588257,182.74892568588257,0.0,1.0,123.02940699005154,0.6732154869217686,0.8750812056303594,1.0000000000000004,17
46294,2023-04-14T15:00,0.2,10,2.0,1.0,2.0,no_choice,182.74892568588257,59.719518695831034,123.02940699005154,0.3267845130782314,0.0,0.0,0.0,1.0,4
46294,2023-04-14T15:00,0.2,10,2.0,1.0,2.0,nearest,182.74892568588257,182.74892568588257,0.0,1.0,130.22940699005153,0.7126138033440259,0.897262118195828,1.0,17
46294,2023-04-14T15:00,0.2,10,2.0,1.0,2.0,logit,182.74892568588257,182.74892568588257,7.993605777301127e-15,1.0,138.1519423743224,0.7559658250018084,1.3184905227265504,1.0000000000000002,3
46294,2023-04-14T15:00,0.2,10,2.0,1.0,2.0,coordinated,182.74892568588257,182.74892568588257,0.0,1.0,123.02940699005154,0.6732154869217686,0.8750812056303594,1.0000000000000004,17
46294,2023-04-14T15:00,0.2,10,2.0,2.0,2.0,no_choice,182.74892568588257,59.719518695831034,123.02940699005154,0.3267845130782314,0.0,0.0,0.0,1.0,4
46294,2023-04-14T15:00,0.2,10,2.0,2.0,2.0,nearest,182.74892568588257,182.74892568588257,0.0,1.0,130.22940699005153,0.7126138033440259,0.897262118195828,1.0,17
46294,2023-04-14T15:00,0.2,10,2.0,2.0,2.0,logit,182.74892568588257,182.74892568555276,3.2980862485487705e-10,0.9999999999981953,133.12339546293524,0.7284496746754847,1.0042659329168317,1.0000000000000002,5
46294,2023-04-14T15:00,0.2,10,2.0,2.0,2.0,coordinated,182.74892568588257,182.74892568588257,0.0,1.0,123.02940699005154,0.6732154869217686,0.8750812056303594,1.0000000000000004,17
46294,2023-04-14T15:00,0.2,10,4.0,0.5,2.0,no_choice,365.49785137176514,70.85147973632772,294.6463716354374,0.1938492373359025,0.0,0.0,0.0,1.0,6
46294,2023-04-14T15:00,0.2,10,4.0,0.5,2.0,nearest,365.49785137176514,365.49785137176514,0.0,1.0,327.45133531951944,0.8959049529034118,1.5492191989837578,1.0,37
46294,2023-04-14T15:00,0.2,10,4.0,0.5,2.0,logit,365.49785137176514,365.4978513717651,1.9984014443252818e-14,0.9999999999999999,318.4086380460559,0.8711641856471202,2.1536295804954726,1.0000000000000002,36
46294,2023-04-14T15:00,0.2,10,4.0,0.5,2.0,coordinated,365.49785137176514,365.49785137176514,0.0,1.0,294.6463716354374,0.8061507626640975,1.4044235027542968,1.0000000000000002,38
46294,2023-04-14T15:00,0.2,10,4.0,1.0,2.0,no_choice,365.49785137176514,70.85147973632772,294.6463716354374,0.1938492373359025,0.0,0.0,0.0,1.0,6
46294,2023-04-14T15:00,0.2,10,4.0,1.0,2.0,nearest,365.49785137176514,365.49785137176514,0.0,1.0,327.45133531951944,0.8959049529034118,1.5492191989837578,1.0,37
46294,2023-04-14T15:00,0.2,10,4.0,1.0,2.0,logit,365.49785137176514,365.49785137176514,0.0,1.0,310.9931322274253,0.850875404767016,1.70785938854988,1.0000000000000002,37
46294,2023-04-14T15:00,0.2,10,4.0,1.0,2.0,coordinated,365.49785137176514,365.49785137176514,1.4210854715202004e-14,1.0,294.6463716354374,0.8061507626640975,1.4044235027542968,1.0000000000000009,38
46294,2023-04-14T15:00,0.2,10,4.0,2.0,2.0,no_choice,365.49785137176514,70.85147973632772,294.6463716354374,0.1938492373359025,0.0,0.0,0.0,1.0,6
46294,2023-04-14T15:00,0.2,10,4.0,2.0,2.0,nearest,365.49785137176514,365.49785137176514,0.0,1.0,327.45133531951944,0.8959049529034118,1.5492191989837578,1.0,37
46294,2023-04-14T15:00,0.2,10,4.0,2.0,2.0,logit,365.49785137176514,365.49785137176514,3.419486915845482e-14,1.0,304.98753814313227,0.8344441342089177,1.5156504867625238,1.0000000000000004,38
46294,2023-04-14T15:00,0.2,10,4.0,2.0,2.0,coordinated,365.49785137176514,365.49785137176514,0.0,1.0,294.6463716354374,0.8061507626640975,1.4044235027542964,1.0000000000000007,38
46294,2023-04-14T15:00,0.3,15,1.0,0.5,2.0,no_choice,91.37446284294128,41.233989845275616,50.14047299766567,0.4512638275767545,0.0,0.0,0.0,1.0,2
46294,2023-04-14T15:00,0.3,15,1.0,0.5,2.0,nearest,91.37446284294128,91.37446284294128,0.0,1.0,50.14047299766567,0.5487361724232455,0.5265366094767677,1.0,7
46294,2023-04-14T15:00,0.3,15,1.0,0.5,2.0,logit,91.37446284294128,91.37446284294128,8.104628079763643e-15,1.0,64.68904184293797,0.7079553721057549,1.535269361514259,0.8142394558210974,0
46294,2023-04-14T15:00,0.3,15,1.0,0.5,2.0,coordinated,91.37446284294128,91.37446284294128,0.0,1.0,50.14047299766567,0.5487361724232455,0.516997731699992,1.0,7
46294,2023-04-14T15:00,0.3,15,1.0,1.0,2.0,no_choice,91.37446284294128,41.233989845275616,50.14047299766567,0.4512638275767545,0.0,0.0,0.0,1.0,2
46294,2023-04-14T15:00,0.3,15,1.0,1.0,2.0,nearest,91.37446284294128,91.37446284294128,0.0,1.0,50.14047299766567,0.5487361724232455,0.5265366094767677,1.0,7
46294,2023-04-14T15:00,0.3,15,1.0,1.0,2.0,logit,91.37446284294128,91.37446284294128,8.881784197001252e-15,1.0,55.886846906738434,0.6116243550760935,0.8608285353355047,0.9942948293350036,0
46294,2023-04-14T15:00,0.3,15,1.0,1.0,2.0,coordinated,91.37446284294128,91.37446284294128,0.0,1.0,50.14047299766567,0.5487361724232455,0.516997731699992,1.0,7
46294,2023-04-14T15:00,0.3,15,1.0,2.0,2.0,no_choice,91.37446284294128,41.233989845275616,50.14047299766567,0.4512638275767545,0.0,0.0,0.0,1.0,2
46294,2023-04-14T15:00,0.3,15,1.0,2.0,2.0,nearest,91.37446284294128,91.37446284294128,0.0,1.0,50.14047299766567,0.5487361724232455,0.5265366094767677,1.0,7
46294,2023-04-14T15:00,0.3,15,1.0,2.0,2.0,logit,91.37446284294128,91.37446284294128,2.6645352591003757e-15,1.0,52.8386798839237,0.5782652859447754,0.6794695337982036,1.0,3
46294,2023-04-14T15:00,0.3,15,1.0,2.0,2.0,coordinated,91.37446284294128,91.37446284294128,0.0,1.0,50.14047299766567,0.5487361724232455,0.516997731699992,1.0,7
46294,2023-04-14T15:00,0.3,15,2.0,0.5,2.0,no_choice,182.74892568588257,54.90685704803441,127.84206863784817,0.30044968440696,0.0,0.0,0.0,1.0,4
46294,2023-04-14T15:00,0.3,15,2.0,0.5,2.0,nearest,182.74892568588257,182.74892568588257,0.0,1.0,135.04206863784816,0.7389486320152974,0.9267138458817883,1.0,18
46294,2023-04-14T15:00,0.3,15,2.0,0.5,2.0,logit,182.74892568588257,182.74892568588257,7.993605777301127e-15,1.0,143.75987600963208,0.7866523727572183,1.7856271207270795,1.0000000000000002,3
46294,2023-04-14T15:00,0.3,15,2.0,0.5,2.0,coordinated,182.74892568588257,182.74892568588257,0.0,1.0,127.84206863784816,0.6995503155930399,0.9045329333163196,1.0000000000000004,17
46294,2023-04-14T15:00,0.3,15,2.0,1.0,2.0,no_choice,182.74892568588257,54.90685704803441,127.84206863784817,0.30044968440696,0.0,0.0,0.0,1.0,4
46294,2023-04-14T15:00,0.3,15,2.0,1.0,2.0,nearest,182.74892568588257,182.74892568588257,0.0,1.0,135.04206863784816,0.7389486320152974,0.9267138458817883,1.0,18
46294,2023-04-14T15:00,0.3,15,2.0,1.0,2.0,logit,182.74892568588257,182.74892568588257,8.215650382226158e-15,1.0,139.1208504698726,0.7612676788535548,1.2832140334785176,1.0000000000000002,4
46294,2023-04-14T15:00,0.3,15,2.0,1.0,2.0,coordinated,182.74892568588257,182.74892568588257,0.0,1.0,127.84206863784816,0.6995503155930399,0.9045329333163196,1.0000000000000004,17
46294,2023-04-14T15:00,0.3,15,2.0,2.0,2.0,no_choice,182.74892568588257,54.90685704803441,127.84206863784817,0.30044968440696,0.0,0.0,0.0,1.0,4
46294,2023-04-14T15:00,0.3,15,2.0,2.0,2.0,nearest,182.74892568588257,182.74892568588257,0.0,1.0,135.04206863784816,0.7389486320152974,0.9267138458817883,1.0,18
46294,2023-04-14T15:00,0.3,15,2.0,2.0,2.0,logit,182.74892568588257,182.7489256857275,1.5507128914293844e-10,0.9999999999991515,135.76444671370143,0.7429014764616179,1.0072049665737357,1.0000000000000002,5
46294,2023-04-14T15:00,0.3,15,2.0,2.0,2.0,coordinated,182.74892568588257,182.74892568588257,0.0,1.0,127.84206863784816,0.6995503155930399,0.9045329333163196,1.0000000000000004,17
46294,2023-04-14T15:00,0.3,15,4.0,0.5,2.0,no_choice,365.49785137176514,63.65147973632772,301.84637163543744,0.17415007912477382,0.0,0.0,0.0,1.0,5
46294,2023-04-14T15:00,0.3,15,4.0,0.5,2.0,nearest,365.49785137176514,330.1157271881095,35.38212418365566,0.9031947135917173,297.4381513404844,0.9010117569194017,1.8871419454017682,1.0,35
46294,2023-04-14T15:00,0.3,15,4.0,0.5,2.0,logit,365.49785137176514,330.1157271881095,35.38212418365567,0.9031947135917173,285.8619523903332,0.8659446637858632,2.1916651993500333,1.0000000000000002,35
46294,2023-04-14T15:00,0.3,15,4.0,0.5,2.0,coordinated,365.49785137176514,330.1157271881095,35.38212418365567,0.9031947135917173,266.4642474517818,0.8071843462942399,1.2879546667881387,1.0000000000000004,35
46294,2023-04-14T15:00,0.3,15,4.0,1.0,2.0,no_choice,365.49785137176514,63.65147973632772,301.84637163543744,0.17415007912477382,0.0,0.0,0.0,1.0,5
46294,2023-04-14T15:00,0.3,15,4.0,1.0,2.0,nearest,365.49785137176514,330.1157271881095,35.38212418365566,0.9031947135917173,297.4381513404844,0.9010117569194017,1.8871419454017682,1.0,35
46294,2023-04-14T15:00,0.3,15,4.0,1.0,2.0,logit,365.49785137176514,330.1157271881095,35.38212418365564,0.9031947135917173,279.5348433170999,0.8467783274009628,1.719333858384451,1.0000000000000002,35
46294,2023-04-14T15:00,0.3,15,4.0,1.0,2.0,coordinated,365.49785137176514,330.1157271881095,35.382124183655684,0.9031947135917173,266.4642474517817,0.8071843462942397,1.2879546667881385,1.0000000000000004,35
46294,2023-04-14T15:00,0.3,15,4.0,2.0,2.0,no_choice,365.49785137176514,63.65147973632772,301.84637163543744,0.17415007912477382,0.0,0.0,0.0,1.0,5
46294,2023-04-14T15:00,0.3,15,4.0,2.0,2.0,nearest,365.49785137176514,330.1157271881095,35.38212418365566,0.9031947135917173,297.4381513404844,0.9010117569194017,1.8871419454017682,1.0,35
46294,2023-04-14T15:00,0.3,15,4.0,2.0,2.0,logit,365.49785137176514,330.1157271881095,35.38212418365567,0.9031947135917173,275.03186646752073,0.8331377266094312,1.5011179287923404,1.0000000000000002,35
46294,2023-04-14T15:00,0.3,15,4.0,2.0,2.0,coordinated,365.49785137176514,330.1157271881095,35.382124183655684,0.9031947135917173,266.4642474517817,0.8071843462942397,1.2879546667881385,1.0000000000000004,35
46385,2023-04-18T10:00,0.1,5,1.0,0.5,2.0,no_choice,188.02274084091187,120.11400546264646,67.9087353782654,0.6388270106341885,0.0,0.0,0.0,1.0,5
46385,2023-04-18T10:00,0.1,5,1.0,0.5,2.0,nearest,188.02274084091187,188.02274084091187,0.0,1.0,111.74313658523575,0.5943064976368091,0.16648796147925773,1.0,10
46385,2023-04-18T10:00,0.1,5,1.0,0.5,2.0,logit,188.02274084091187,188.02274084091187,1.0880185641326534e-14,1.0,121.39178055209481,0.6456228646023502,1.1732560702583537,1.0,1
46385,2023-04-18T10:00,0.1,5,1.0,0.5,2.0,coordinated,188.02274084091187,188.02274084091187,3.552713678800501e-15,1.0,67.9087353782654,0.36117298936581155,0.16332597065315385,1.0,10
46385,2023-04-18T10:00,0.1,5,1.0,1.0,2.0,no_choice,188.02274084091187,120.11400546264646,67.9087353782654,0.6388270106341885,0.0,0.0,0.0,1.0,5
46385,2023-04-18T10:00,0.1,5,1.0,1.0,2.0,nearest,188.02274084091187,188.02274084091187,0.0,1.0,111.74313658523575,0.5943064976368091,0.16648796147925773,1.0,10
46385,2023-04-18T10:00,0.1,5,1.0,1.0,2.0,logit,188.02274084091187,188.02274084091187,3.552713678800501e-15,1.0,99.7600878829136,0.5305745860141552,0.5649956389929648,1.0000000000000002,3
46385,2023-04-18T10:00,0.1,5,1.0,1.0,2.0,coordinated,188.02274084091187,188.02274084091187,3.552713678800501e-15,1.0,67.9087353782654,0.36117298936581155,0.16332597065315385,1.0,10
46385,2023-04-18T10:00,0.1,5,1.0,2.0,2.0,no_choice,188.02274084091187,120.11400546264646,67.9087353782654,0.6388270106341885,0.0,0.0,0.0,1.0,5
46385,2023-04-18T10:00,0.1,5,1.0,2.0,2.0,nearest,188.02274084091187,188.02274084091187,0.0,1.0,111.74313658523575,0.5943064976368091,0.16648796147925773,1.0,10
46385,2023-04-18T10:00,0.1,5,1.0,2.0,2.0,logit,188.02274084091187,188.02274084087958,3.229172484964238e-11,0.9999999999998282,84.98420286000072,0.45198895878196665,0.3235882304344428,1.0000000000000002,6
46385,2023-04-18T10:00,0.1,5,1.0,2.0,2.0,coordinated,188.02274084091187,188.02274084091187,3.552713678800501e-15,1.0,67.9087353782654,0.36117298936581155,0.16332597065315385,1.0,10
46385,2023-04-18T10:00,0.1,5,2.0,0.5,2.0,no_choice,376.04548168182373,148.8756660194394,227.16981566238437,0.39589803167853177,0.0,0.0,0.0,1.0,10
46385,2023-04-18T10:00,0.1,5,2.0,0.5,2.0,nearest,376.04548168182373,376.04548168182373,7.105427357601002e-15,1.0,287.69465323257464,0.7650528120850985,0.9494651799886612,1.0,32
46385,2023-04-18T10:00,0.1,5,2.0,0.5,2.0,logit,376.04548168182373,376.04548168182373,7.105427357601002e-15,1.0,278.3380404669307,0.7401712133917769,1.5944666091401316,1.0000000000000002,20
46385,2023-04-18T10:00,0.1,5,2.0,0.5,2.0,coordinated,376.04548168182373,376.04548168182373,0.0,1.0,227.16981566238437,0.6041019683214683,0.9103329033192562,1.0000000000000002,31
46385,2023-04-18T10:00,0.1,5,2.0,1.0,2.0,no_choice,376.04548168182373,148.8756660194394,227.16981566238437,0.39589803167853177,0.0,0.0,0.0,1.0,10
46385,2023-04-18T10:00,0.1,5,2.0,1.0,2.0,nearest,376.04548168182373,376.04548168182373,7.105427357601002e-15,1.0,287.69465323257464,0.7650528120850985,0.9494651799886612,1.0,32
46385,2023-04-18T10:00,0.1,5,2.0,1.0,2.0,logit,376.04548168182373,376.04548168182373,2.1316282072803006e-14,1.0,260.0382254989077,0.6915073792029469,1.2348603965538738,1.0000000000000002,24
46385,2023-04-18T10:00,0.1,5,2.0,1.0,2.0,coordinated,376.04548168182373,376.04548168182373,0.0,1.0,227.16981566238437,0.6041019683214683,0.9103329033192562,1.0000000000000002,31
46385,2023-04-18T10:00,0.1,5,2.0,2.0,2.0,no_choice,376.04548168182373,148.8756660194394,227.16981566238437,0.39589803167853177,0.0,0.0,0.0,1.0,10
46385,2023-04-18T10:00,0.1,5,2.0,2.0,2.0,nearest,376.04548168182373,376.04548168182373,7.105427357601002e-15,1.0,287.69465323257464,0.7650528120850985,0.9494651799886612,1.0,32
46385,2023-04-18T10:00,0.1,5,2.0,2.0,2.0,logit,376.04548168182373,376.04548168173073,9.301404091388576e-11,0.9999999999997528,251.35405346031422,0.6684139703958731,1.0864114064163235,1.0000000000000002,26
46385,2023-04-18T10:00,0.1,5,2.0,2.0,2.0,coordinated,376.04548168182373,376.04548168182373,0.0,1.0,227.16981566238437,0.6041019683214683,0.9103329033192562,1.0000000000000002,31
46385,2023-04-18T10:00,0.1,5,4.0,0.5,2.0,no_choice,752.0909633636475,151.74492203903168,600.3460413246157,0.20176405439093234,0.0,0.0,0.0,1.0,10
46385,2023-04-18T10:00,0.1,5,4.0,0.5,2.0,nearest,752.0909633636475,474.5982257308946,277.49273763275283,0.6310383302683283,438.45029126357895,0.9238346615989833,2.188494848344951,1.0,45
46385,2023-04-18T10:00,0.1,5,4.0,0.5,2.0,logit,752.0909633636475,474.59822573089457,277.4927376327528,0.6310383302683283,375.1494665840351,0.7904569512587082,1.9399431655645019,1.0000000000000002,45
46385,2023-04-18T10:00,0.1,5,4.0,0.5,2.0,coordinated,752.0909633636475,474.5982257308947,277.4927376327529,0.6310383302683285,322.8533036918629,0.680266562721889,0.8385896797903672,1.0000000000000004,45
46385,2023-04-18T10:00,0.1,5,4.0,1.0,2.0,no_choice,752.0909633636475,151.74492203903168,600.3460413246157,0.20176405439093234,0.0,0.0,0.0,1.0,10
46385,2023-04-18T10:00,0.1,5,4.0,1.0,2.0,nearest,752.0909633636475,474.5982257308946,277.49273763275283,0.6310383302683283,438.45029126357895,0.9238346615989833,2.188494848344951,1.0,45
46385,2023-04-18T10:00,0.1,5,4.0,1.0,2.0,logit,752.0909633636475,474.5982257308946,277.49273763275283,0.6310383302683283,357.18565443154944,0.7526063838133265,1.6315869139550294,1.0000000000000004,45
46385,2023-04-18T10:00,0.1,5,4.0,1.0,2.0,coordinated,752.0909633636475,474.5982257308947,277.4927376327529,0.6310383302683285,322.8533036918629,0.680266562721889,0.8385896797903672,1.0000000000000004,45
46385,2023-04-18T10:00,0.1,5,4.0,2.0,2.0,no_choice,752.0909633636475,151.74492203903168,600.3460413246157,0.20176405439093234,0.0,0.0,0.0,1.0,10
46385,2023-04-18T10:00,0.1,5,4.0,2.0,2.0,nearest,752.0909633636475,474.5982257308946,277.49273763275283,0.6310383302683283,438.45029126357895,0.9238346615989833,2.188494848344951,1.0,45
46385,2023-04-18T10:00,0.1,5,4.0,2.0,2.0,logit,752.0909633636475,474.5982257308946,277.4927376327529,0.6310383302683283,347.98808786780614,0.7332266936562915,1.5156869746715993,1.0000000000000004,45
46385,2023-04-18T10:00,0.1,5,4.0,2.0,2.0,coordinated,752.0909633636475,474.5982257308946,277.4927376327529,0.6310383302683283,322.8533036918629,0.680266562721889,0.8385896797903671,1.0000000000000004,45
46385,2023-04-18T10:00,0.2,10,1.0,0.5,2.0,no_choice,188.02274084091187,82.33437560272215,105.6883652381897,0.43789583767628504,0.0,0.0,0.0,1.0,4
46385,2023-04-18T10:00,0.2,10,1.0,0.5,2.0,nearest,188.02274084091187,188.02274084091187,0.0,1.0,156.80847343063363,0.8339867439934354,0.8648326881641494,1.0,11
46385,2023-04-18T10:00,0.2,10,1.0,0.5,2.0,logit,188.02274084091187,188.02274084091187,9.103828801926284e-15,1.0,139.3003207649084,0.7408695360034772,1.5044166707760913,1.0,2
46385,2023-04-18T10:00,0.2,10,1.0,0.5,2.0,coordinated,188.02274084091187,188.02274084091187,0.0,1.0,105.68836523818972,0.562104162323715,0.7647061656620393,1.0,12
46385,2023-04-18T10:00,0.2,10,1.0,1.0,2.0,no_choice,188.02274084091187,82.33437560272215,105.6883652381897,0.43789583767628504,0.0,0.0,0.0,1.0,4
46385,2023-04-18T10:00,0.2,10,1.0,1.0,2.0,nearest,188.02274084091187,188.02274084091187,0.0,1.0,156.80847343063363,0.8339867439934354,0.8648326881641494,1.0,11
46385,2023-04-18T10:00,0.2,10,1.0,1.0,2.0,logit,188.02274084091187,188.02274084091187,3.774758283725532e-15,1.0,130.24268532190166,0.6926964511814103,1.1846262213969951,1.0000000000000002,3
46385,2023-04-18T10:00,0.2,10,1.0,1.0,2.0,coordinated,188.02274084091187,188.02274084091187,0.0,1.0,105.68836523818972,0.562104162323715,0.7647061656620393,1.0,12
46385,2023-04-18T10:00,0.2,10,1.0,2.0,2.0,no_choice,188.02274084091187,82.33437560272215,105.6883652381897,0.43789583767628504,0.0,0.0,0.0,1.0,4
46385,2023-04-18T10:00,0.2,10,1.0,2.0,2.0,nearest,188.02274084091187,188.02274084091187,0.0,1.0,156.80847343063363,0.8339867439934354,0.8648326881641494,1.0,11
46385,2023-04-18T10:00,0.2,10,1.0,2.0,2.0,logit,188.02274084091187,188.02274084091187,5.329070518200751e-15,1.0,124.00078330139681,0.659498860333683,1.086654710031009,1.0000000000000002,5
46385,2023-04-18T10:00,0.2,10,1.0,2.0,2.0,coordinated,188.02274084091187,188.02274084091187,0.0,1.0,105.68836523818972,0.562104162323715,0.7647061656620393,1.0,12
46385,2023-04-18T10:00,0.2,10,2.0,0.5,2.0,no_choice,376.04548168182373,102.39660921096794,273.6488724708558,0.2722984697303366,0.0,0.0,0.0,1.0,7
46385,2023-04-18T10:00,0.2,10,2.0,0.5,2.0,nearest,376.04548168182373,376.04548168182373,0.0,1.0,320.55760322952267,0.8524437038729002,1.5384876588694545,1.0,37
46385,2023-04-18T10:00,0.2,10,2.0,0.5,2.0,logit,376.04548168182373,376.04548168182373,0.0,1.0,312.46682997428155,0.8309282924416659,2.068860051850133,1.0000000000000002,34
46385,2023-04-18T10:00,0.2,10,2.0,0.5,2.0,coordinated,376.04548168182373,376.04548168182373,0.0,1.0,273.64887247085585,0.7277015302696636,1.3402395986005609,1.0000000000000009,37
46385,2023-04-18T10:00,0.2,10,2.0,1.0,2.0,no_choice,376.04548168182373,102.39660921096794,273.6488724708558,0.2722984697303366,0.0,0.0,0.0,1.0,7
46385,2023-04-18T10:00,0.2,10,2.0,1.0,2.0,nearest,376.04548168182373,376.04548168182373,0.0,1.0,320.55760322952267,0.8524437038729002,1.5384876588694545,1.0,37
46385,2023-04-18T10:00,0.2,10,2.0,1.0,2.0,logit,376.04548168182373,376.04548168182373,2.1316282072803006e-14,1.0,304.7196402955244,0.8103265565981487,1.8498317720169184,1.0000000000000004,35
46385,2023-04-18T10:00,0.2,10,2.0,1.0,2.0,coordinated,376.04548168182373,376.04548168182373,7.105427357601002e-15,1.0,273.64887247085585,0.7277015302696636,1.3402395986005609,1.0000000000000009,37
46385,2023-04-18T10:00,0.2,10,2.0,2.0,2.0,no_choice,376.04548168182373,102.39660921096794,273.6488724708558,0.2722984697303366,0.0,0.0,0.0,1.0,7
46385,2023-04-18T10:00,0.2,10,2.0,2.0,2.0,nearest,376.04548168182373,376.04548168182373,0.0,1.0,320.55760322952267,0.8524437038729002,1.5384876588694545,1.0,37
46385,2023-04-18T10:00,0.2,10,2.0,2.0,2.0,logit,376.04548168182373,376.04548168182373,7.549516567451064e-15,1.0,300.4804909121495,0.7990535867318023,1.7697647618157462,1.0000000000000004,37
46385,2023-04-18T10:00,0.2,10,2.0,2.0,2.0,coordinated,376.04548168182373,376.04548168182373,7.105427357601002e-15,1.0,273.64887247085585,0.7277015302696636,1.3402395986005609,1.0000000000000009,37
46385,2023-04-18T10:00,0.2,10,4.0,0.5,2.0,no_choice,752.0909633636475,105.26586523056022,646.8250981330872,0.1399642734168348,0.0,0.0,0.0,1.0,7
46385,2023-04-18T10:00,0.2,10,4.0,0.5,2.0,nearest,752.0909633636475,396.8220467376699,355.26891662597757,0.5276250693970915,360.6741122703542,0.9089064361103599,2.6808603340440116,1.0,40
46385,2023-04-18T10:00,0.2,10,4.0,0.5,2.0,logit,752.0909633636475,396.8220467376699,355.26891662597757,0.5276250693970915,332.693128862894,0.8383937626399824,1.9935785236698333,1.0000000000000002,40
46385,2023-04-18T10:00,0.2,10,4.0,0.5,2.0,coordinated,752.0909633636475,396.8220467376699,355.26891662597757,0.5276250693970915,291.55618150710967,0.7347277801322639,0.8083290079081845,1.0000000000000002,40
46385,2023-04-18T10:00,0.2,10,4.0,1.0,2.0,no_choice,752.0909633636475,105.26586523056022,646.8250981330872,0.1399642734168348,0.0,0.0,0.0,1.0,7
46385,2023-04-18T10:00,0.2,10,4.0,1.0,2.0,nearest,752.0909633636475,396.8220467376699,355.26891662597757,0.5276250693970915,360.6741122703542,0.9089064361103599,2.6808603340440116,1.0,40
46385,2023-04-18T10:00,0.2,10,4.0,1.0,2.0,logit,752.0909633636475,396.8220467376699,355.26891662597757,0.5276250693970915,324.4105991967974,0.8175216116741063,1.6886306270999847,1.0000000000000004,40
46385,2023-04-18T10:00,0.2,10,4.0,1.0,2.0,coordinated,752.0909633636475,396.82204673766984,355.26891662597757,0.5276250693970914,291.55618150710967,0.734727780132264,0.8083290079081847,1.0,40
46385,2023-04-18T10:00,0.2,10,4.0,2.0,2.0,no_choice,752.0909633636475,105.26586523056022,646.8250981330872,0.1399642734168348,0.0,0.0,0.0,1.0,7
46385,2023-04-18T10:00,0.2,10,4.0,2.0,2.0,nearest,752.0909633636475,396.8220467376699,355.26891662597757,0.5276250693970915,360.6741122703542,0.9089064361103599,2.6808603340440116,1.0,40
46385,2023-04-18T10:00,0.2,10,4.0,2.0,2.0,logit,752.0909633636475,396.8220467376699,355.26891662597757,0.5276250693970915,319.47890164446244,0.8050936289224443,1.659612690085676,1.0000000000000004,40
46385,2023-04-18T10:00,0.2,10,4.0,2.0,2.0,coordinated,752.0909633636475,396.8220467376699,355.26891662597757,0.5276250693970915,291.55618150710967,0.7347277801322639,0.8083290079081845,1.0000000000000004,40
46385,2023-04-18T10:00,0.3,15,1.0,0.5,2.0,no_choice,188.02274084091187,42.440596637725825,145.58214420318603,0.22572055086483014,0.0,0.0,0.0,1.0,3
46385,2023-04-18T10:00,0.3,15,1.0,0.5,2.0,nearest,188.02274084091187,188.02274084091187,1.7763568394002505e-15,1.0,170.82282499313357,0.9085221512522714,1.5863744796364345,1.0,19
46385,2023-04-18T10:00,0.3,15,1.0,0.5,2.0,logit,188.02274084091187,188.02274084091187,7.327471962526033e-15,1.0,164.6002581146615,0.8754273944657132,2.1562215586168945,1.0000000000000002,12
46385,2023-04-18T10:00,0.3,15,1.0,0.5,2.0,coordinated,188.02274084091187,188.02274084091187,0.0,1.0,145.58214420318603,0.7742794491351698,1.4199195184520075,1.0000000000000002,20
46385,2023-04-18T10:00,0.3,15,1.0,1.0,2.0,no_choice,188.02274084091187,42.440596637725825,145.58214420318603,0.22572055086483014,0.0,0.0,0.0,1.0,3
46385,2023-04-18T10:00,0.3,15,1.0,1.0,2.0,nearest,188.02274084091187,188.02274084091187,1.7763568394002505e-15,1.0,170.82282499313357,0.9085221512522714,1.5863744796364345,1.0,19
46385,2023-04-18T10:00,0.3,15,1.0,1.0,2.0,logit,188.02274084091187,188.02274084091187,7.327471962526033e-15,1.0,163.26547921883608,0.8683283654341408,1.8527973226781913,1.0000000000000002,14
46385,2023-04-18T10:00,0.3,15,1.0,1.0,2.0,coordinated,188.02274084091187,188.02274084091187,0.0,1.0,145.58214420318603,0.7742794491351698,1.4199195184520075,1.0000000000000002,20
46385,2023-04-18T10:00,0.3,15,1.0,2.0,2.0,no_choice,188.02274084091187,42.440596637725825,145.58214420318603,0.22572055086483014,0.0,0.0,0.0,1.0,3
46385,2023-04-18T10:00,0.3,15,1.0,2.0,2.0,nearest,188.02274084091187,188.02274084091187,1.7763568394002505e-15,1.0,170.82282499313357,0.9085221512522714,1.5863744796364345,1.0,19
46385,2023-04-18T10:00,0.3,15,1.0,2.0,2.0,logit,188.02274084091187,188.02274084091187,8.881784197001252e-15,1.0,162.7998924189849,0.8658521394320685,1.6745196952511383,1.0000000000000002,15
46385,2023-04-18T10:00,0.3,15,1.0,2.0,2.0,coordinated,188.02274084091187,188.02274084091187,3.552713678800501e-15,1.0,145.58214420318603,0.7742794491351698,1.4199195184520075,1.0000000000000002,20
46385,2023-04-18T10:00,0.3,15,2.0,0.5,2.0,no_choice,376.04548168182373,46.04697071075439,329.9985109710694,0.12245053578310307,0.0,0.0,0.0,1.0,4
46385,2023-04-18T10:00,0.3,15,2.0,0.5,2.0,nearest,376.04548168182373,298.5101133956901,77.53536828613366,0.7938138548045708,284.1101133956901,0.9517604283613934,2.922850662485717,1.0,35
46385,2023-04-18T10:00,0.3,15,2.0,0.5,2.0,logit,376.04548168182373,298.51011339569004,77.53536828613363,0.7938138548045706,273.8605712754295,0.9174247671549193,3.074715082750147,1.0000000000000002,35
46385,2023-04-18T10:00,0.3,15,2.0,0.5,2.0,coordinated,376.04548168182373,298.51011339569004,77.53536828613366,0.7938138548045706,252.4631426849357,0.8457440178928987,1.933413700204511,1.0000000000000002,35
46385,2023-04-18T10:00,0.3,15,2.0,1.0,2.0,no_choice,376.04548168182373,46.04697071075439,329.9985109710694,0.12245053578310307,0.0,0.0,0.0,1.0,4
46385,2023-04-18T10:00,0.3,15,2.0,1.0,2.0,nearest,376.04548168182373,298.5101133956901,77.53536828613366,0.7938138548045708,284.1101133956901,0.9517604283613934,2.922850662485717,1.0,35
46385,2023-04-18T10:00,0.3,15,2.0,1.0,2.0,logit,376.04548168182373,298.5101133956901,77.53536828613363,0.7938138548045708,272.2132275968119,0.9119062148356081,2.894133664114649,1.0000000000000002,35
46385,2023-04-18T10:00,0.3,15,2.0,1.0,2.0,coordinated,376.04548168182373,298.5101133956901,77.53536828613365,0.7938138548045708,252.46314268493572,0.8457440178928987,1.933413700204511,1.000000000000001,35
46385,2023-04-18T10:00,0.3,15,2.0,2.0,2.0,no_choice,376.04548168182373,46.04697071075439,329.9985109710694,0.12245053578310307,0.0,0.0,0.0,1.0,4
46385,2023-04-18T10:00,0.3,15,2.0,2.0,2.0,nearest,376.04548168182373,298.5101133956901,77.53536828613366,0.7938138548045708,284.1101133956901,0.9517604283613934,2.922850662485717,1.0,35
46385,2023-04-18T10:00,0.3,15,2.0,2.0,2.0,logit,376.04548168182373,298.51011339569004,77.53536828613365,0.7938138548045706,272.32007542703263,0.9122641518884113,2.7161362853241053,1.0000000000000002,35
46385,2023-04-18T10:00,0.3,15,2.0,2.0,2.0,coordinated,376.04548168182373,298.51011339569004,77.53536828613366,0.7938138548045706,252.46314268493572,0.8457440178928988,1.9334137002045115,1.0000000000000002,35
46385,2023-04-18T10:00,0.3,15,4.0,0.5,2.0,no_choice,752.0909633636475,48.91622673034667,703.1747366333007,0.065040306443218,0.0,0.0,0.0,1.0,4
46385,2023-04-18T10:00,0.3,15,4.0,0.5,2.0,nearest,752.0909633636475,298.5101133956901,453.58084996795736,0.3969069274022854,298.5101133956901,1.0,3.8939964335125374,1.0,35
46385,2023-04-18T10:00,0.3,15,4.0,0.5,2.0,logit,752.0909633636475,298.5101133956901,453.5808499679573,0.3969069274022854,273.63165606151404,0.9166579079979162,3.02966425202154,1.0000000000000002,35
46385,2023-04-18T10:00,0.3,15,4.0,0.5,2.0,coordinated,752.0909633636475,298.51011339569004,453.5808499679574,0.3969069274022853,249.5938866653434,0.8361320955799386,1.2975442275308529,1.0000000000000007,35
46385,2023-04-18T10:00,0.3,15,4.0,1.0,2.0,no_choice,752.0909633636475,48.91622673034667,703.1747366333007,0.065040306443218,0.0,0.0,0.0,1.0,4
46385,2023-04-18T10:00,0.3,15,4.0,1.0,2.0,nearest,752.0909633636475,298.5101133956901,453.58084996795736,0.3969069274022854,298.5101133956901,1.0,3.8939964335125374,1.0,35
46385,2023-04-18T10:00,0.3,15,4.0,1.0,2.0,logit,752.0909633636475,298.5101133956901,453.5808499679573,0.3969069274022854,270.8990489955305,0.9075037556146055,2.6780645042592237,1.0000000000000004,35
46385,2023-04-18T10:00,0.3,15,4.0,1.0,2.0,coordinated,752.0909633636475,298.5101133956901,453.5808499679574,0.3969069274022854,249.59388666534343,0.8361320955799385,1.2975442275308529,1.0000000000000024,35
46385,2023-04-18T10:00,0.3,15,4.0,2.0,2.0,no_choice,752.0909633636475,48.91622673034667,703.1747366333007,0.065040306443218,0.0,0.0,0.0,1.0,4
46385,2023-04-18T10:00,0.3,15,4.0,2.0,2.0,nearest,752.0909633636475,298.5101133956901,453.58084996795736,0.3969069274022854,298.5101133956901,1.0,3.8939964335125374,1.0,35
46385,2023-04-18T10:00,0.3,15,4.0,2.0,2.0,logit,752.0909633636475,298.5101133956901,453.58084996795736,0.3969069274022854,270.43360805473606,0.9059445423085641,2.5469977757534203,1.0000000000000002,35
46385,2023-04-18T10:00,0.3,15,4.0,2.0,2.0,coordinated,752.0909633636475,298.51011339569004,453.5808499679574,0.3969069274022853,249.5938866653434,0.8361320955799386,1.297544227530853,1.0000000000000024,35
46413,2023-04-19T14:00,0.1,5,1.0,0.5,2.0,no_choice,57.698155641555786,45.278376531600955,12.419779109954835,0.7847456479005758,0.0,0.0,0.0,1.0,1
46413,2023-04-19T14:00,0.1,5,1.0,0.5,2.0,nearest,57.698155641555786,57.698155641555786,0.0,1.0,23.518886280059814,0.4076193774055556,0.0,1.0,1
46413,2023-04-19T14:00,0.1,5,1.0,0.5,2.0,logit,57.698155641555786,57.698155641555786,5.329070518200751e-15,1.0,33.05088721798253,0.5728239811218225,1.154893143627984,0.6210994054342103,0
46413,2023-04-19T14:00,0.1,5,1.0,0.5,2.0,coordinated,57.698155641555786,57.698155641555786,0.0,1.0,12.419779109954835,0.2152543520994243,0.0,1.0,1
46413,2023-04-19T14:00,0.1,5,1.0,1.0,2.0,no_choice,57.698155641555786,45.278376531600955,12.419779109954835,0.7847456479005758,0.0,0.0,0.0,1.0,1
46413,2023-04-19T14:00,0.1,5,1.0,1.0,2.0,nearest,57.698155641555786,57.698155641555786,0.0,1.0,23.518886280059814,0.4076193774055556,0.0,1.0,1
46413,2023-04-19T14:00,0.1,5,1.0,1.0,2.0,logit,57.698155641555786,57.698155641555786,3.552713678800501e-15,1.0,22.859997111000013,0.3961997893488231,0.4021172304019322,0.8353884084362244,0
46413,2023-04-19T14:00,0.1,5,1.0,1.0,2.0,coordinated,57.698155641555786,57.698155641555786,0.0,1.0,12.419779109954835,0.2152543520994243,0.0,1.0,1
46413,2023-04-19T14:00,0.1,5,1.0,2.0,2.0,no_choice,57.698155641555786,45.278376531600955,12.419779109954835,0.7847456479005758,0.0,0.0,0.0,1.0,1
46413,2023-04-19T14:00,0.1,5,1.0,2.0,2.0,nearest,57.698155641555786,57.698155641555786,0.0,1.0,23.518886280059814,0.4076193774055556,0.0,1.0,1
46413,2023-04-19T14:00,0.1,5,1.0,2.0,2.0,logit,57.698155641555786,57.698155641555786,3.552713678800501e-15,1.0,17.18030476385493,0.29776176678134936,0.12487818238638178,1.0,1
46413,2023-04-19T14:00,0.1,5,1.0,2.0,2.0,coordinated,57.698155641555786,57.698155641555786,0.0,1.0,12.419779109954835,0.2152543520994243,0.0,1.0,1
46413,2023-04-19T14:00,0.1,5,2.0,0.5,2.0,no_choice,115.39631128311157,70.4400398826599,44.95627140045167,0.610418470914927,0.0,0.0,0.0,1.0,4
46413,2023-04-19T14:00,0.1,5,2.0,0.5,2.0,nearest,115.39631128311157,115.39631128311157,0.0,1.0,75.44517910003677,0.6537919476034264,0.18587187547841302,1.0,7
46413,2023-04-19T14:00,0.1,5,2.0,0.5,2.0,logit,115.39631128311157,115.39631128311157,6.217248937900877e-15,1.0,67.69214469256664,0.5866057930265358,1.1748225649748112,1.0,1
46413,2023-04-19T14:00,0.1,5,2.0,0.5,2.0,coordinated,115.39631128311157,115.39631128311157,0.0,1.0,44.95627140045167,0.389581529085073,0.18587187547841302,1.0,7
46413,2023-04-19T14:00,0.1,5,2.0,1.0,2.0,no_choice,115.39631128311157,70.4400398826599,44.95627140045167,0.610418470914927,0.0,0.0,0.0,1.0,4
46413,2023-04-19T14:00,0.1,5,2.0,1.0,2.0,nearest,115.39631128311157,115.39631128311157,0.0,1.0,75.44517910003677,0.6537919476034264,0.18587187547841302,1.0,7
46413,2023-04-19T14:00,0.1,5,2.0,1.0,2.0,logit,115.39631128311157,115.39631128311157,8.881784197001252e-15,1.0,53.97464007116629,0.46773280247013893,0.5420658759890835,1.0000000000000002,4
46413,2023-04-19T14:00,0.1,5,2.0,1.0,2.0,coordinated,115.39631128311157,115.39631128311157,0.0,1.0,44.95627140045167,0.389581529085073,0.18587187547841302,1.0,7
46413,2023-04-19T14:00,0.1,5,2.0,2.0,2.0,no_choice,115.39631128311157,70.4400398826599,44.95627140045167,0.610418470914927,0.0,0.0,0.0,1.0,4
46413,2023-04-19T14:00,0.1,5,2.0,2.0,2.0,nearest,115.39631128311157,115.39631128311157,0.0,1.0,75.44517910003677,0.6537919476034264,0.18587187547841302,1.0,7
46413,2023-04-19T14:00,0.1,5,2.0,2.0,2.0,logit,115.39631128311157,115.39631128276719,3.4439739948766146e-10,0.9999999999970156,49.482370264179366,0.4288037435003251,0.3022360560245297,1.0000000000000004,4
46413,2023-04-19T14:00,0.1,5,2.0,2.0,2.0,coordinated,115.39631128311157,115.39631128311157,0.0,1.0,44.95627140045167,0.389581529085073,0.18587187547841302,1.0,7
46413,2023-04-19T14:00,0.1,5,4.0,0.5,2.0,no_choice,230.79262256622314,87.94600128173813,142.84662128448502,0.38106071287656995,0.0,0.0,0.0,1.0,5
46413,2023-04-19T14:00,0.1,5,4.0,0.5,2.0,nearest,230.79262256622314,230.79262256622314,0.0,1.0,179.00141510009766,0.7755941810866825,1.2054800002955388,1.0,19
46413,2023-04-19T14:00,0.1,5,4.0,0.5,2.0,logit,230.79262256622314,230.79262256622314,1.865174681370263e-14,1.0,166.55028336876143,0.7216447454726238,1.5861370080992254,1.0,4
46413,2023-04-19T14:00,0.1,5,4.0,0.5,2.0,coordinated,230.79262256622314,230.79262256622314,0.0,1.0,142.846621284485,0.61893928712343,0.7702275010407683,1.0000000000000016,20
46413,2023-04-19T14:00,0.1,5,4.0,1.0,2.0,no_choice,230.79262256622314,87.94600128173813,142.84662128448502,0.38106071287656995,0.0,0.0,0.0,1.0,5
46413,2023-04-19T14:00,0.1,5,4.0,1.0,2.0,nearest,230.79262256622314,230.79262256622314,0.0,1.0,179.00141510009766,0.7755941810866825,1.2054800002955388,1.0,19
46413,2023-04-19T14:00,0.1,5,4.0,1.0,2.0,logit,230.79262256622314,230.79262256622314,1.2434497875801753e-14,1.0,156.72197779083308,0.6790597379076257,1.0943781103823087,1.0000000000000002,6
46413,2023-04-19T14:00,0.1,5,4.0,1.0,2.0,coordinated,230.79262256622314,230.79262256622314,0.0,1.0,142.846621284485,0.61893928712343,0.7702275010407683,1.0000000000000016,20
46413,2023-04-19T14:00,0.1,5,4.0,2.0,2.0,no_choice,230.79262256622314,87.94600128173813,142.84662128448502,0.38106071287656995,0.0,0.0,0.0,1.0,5
46413,2023-04-19T14:00,0.1,5,4.0,2.0,2.0,nearest,230.79262256622314,230.79262256622314,0.0,1.0,179.00141510009766,0.7755941810866825,1.2054800002955388,1.0,19
46413,2023-04-19T14:00,0.1,5,4.0,2.0,2.0,logit,230.79262256622314,230.79262256622314,7.105427357601002e-15,1.0,153.04403472858206,0.6631235999957839,0.9783105238160926,1.0000000000000004,7
46413,2023-04-19T14:00,0.1,5,4.0,2.0,2.0,coordinated,230.79262256622314,230.79262256622314,0.0,1.0,142.846621284485,0.61893928712343,0.7702275010407683,1.0000000000000016,20
46413,2023-04-19T14:00,0.2,10,1.0,0.5,2.0,no_choice,57.698155641555786,33.11124200820923,24.58691363334656,0.5738700247874408,0.0,0.0,0.0,1.0,1
46413,2023-04-19T14:00,0.2,10,1.0,0.5,2.0,nearest,57.698155641555786,57.698155641555786,0.0,1.0,25.322384786605834,0.4388768497890765,0.07053826969025562,1.0,2
46413,2023-04-19T14:00,0.2,10,1.0,0.5,2.0,logit,57.698155641555786,57.698155641555786,0.0,1.0,39.295668537152864,0.6810558864528253,1.5390962739377816,0.6988170081282271,0
46413,2023-04-19T14:00,0.2,10,1.0,0.5,2.0,coordinated,57.698155641555786,57.698155641555786,0.0,1.0,24.58691363334656,0.42612997521255935,0.07053826969025562,1.0,2
46413,2023-04-19T14:00,0.2,10,1.0,1.0,2.0,no_choice,57.698155641555786,33.11124200820923,24.58691363334656,0.5738700247874408,0.0,0.0,0.0,1.0,1
46413,2023-04-19T14:00,0.2,10,1.0,1.0,2.0,nearest,57.698155641555786,57.698155641555786,0.0,1.0,25.322384786605834,0.4388768497890765,0.07053826969025562,1.0,2
46413,2023-04-19T14:00,0.2,10,1.0,1.0,2.0,logit,57.698155641555786,57.698155641555786,3.552713678800501e-15,1.0,31.808035966698366,0.5512834095478323,0.6051423305157453,0.9070829569038369,0
46413,2023-04-19T14:00,0.2,10,1.0,1.0,2.0,coordinated,57.698155641555786,57.698155641555786,0.0,1.0,24.58691363334656,0.42612997521255935,0.07053826969025562,1.0,2
46413,2023-04-19T14:00,0.2,10,1.0,2.0,2.0,no_choice,57.698155641555786,33.11124200820923,24.58691363334656,0.5738700247874408,0.0,0.0,0.0,1.0,1
46413,2023-04-19T14:00,0.2,10,1.0,2.0,2.0,nearest,57.698155641555786,57.698155641555786,0.0,1.0,25.322384786605834,0.4388768497890765,0.07053826969025562,1.0,2
46413,2023-04-19T14:00,0.2,10,1.0,2.0,2.0,logit,57.698155641555786,57.698155641555786,1.7763568394002505e-15,1.0,27.47757148536611,0.47622963298979376,0.1948824841760722,1.0000000000000002,2
46413,2023-04-19T14:00,0.2,10,1.0,2.0,2.0,coordinated,57.698155641555786,57.698155641555786,0.0,1.0,24.58691363334656,0.42612997521255935,0.07053826969025562,1.0,2
46413,2023-04-19T14:00,0.2,10,2.0,0.5,2.0,no_choice,115.39631128311157,47.88821521759033,67.50809606552124,0.41498913340567795,0.0,0.0,0.0,1.0,3
46413,2023-04-19T14:00,0.2,10,2.0,0.5,2.0,nearest,115.39631128311157,115.39631128311157,0.0,1.0,67.50809606552124,0.585010866594322,0.7139597504439952,1.0,7
46413,2023-04-19T14:00,0.2,10,2.0,0.5,2.0,logit,115.39631128311157,115.39631128311157,5.329070518200751e-15,1.0,82.09434095583373,0.7114121763773256,1.602731392097909,1.0,2
46413,2023-04-19T14:00,0.2,10,2.0,0.5,2.0,coordinated,115.39631128311157,115.39631128311157,0.0,1.0,67.50809606552124,0.585010866594322,0.5398963888171928,1.0000000000000002,7
46413,2023-04-19T14:00,0.2,10,2.0,1.0,2.0,no_choice,115.39631128311157,47.88821521759033,67.50809606552124,0.41498913340567795,0.0,0.0,0.0,1.0,3
46413,2023-04-19T14:00,0.2,10,2.0,1.0,2.0,nearest,115.39631128311157,115.39631128311157,0.0,1.0,67.50809606552124,0.585010866594322,0.7139597504439952,1.0,7
46413,2023-04-19T14:00,0.2,10,2.0,1.0,2.0,logit,115.39631128311157,115.39631128311157,1.5987211554602254e-14,1.0,77.4880493931523,0.6714950290139196,0.8801077956313902,1.0000000000000002,4
46413,2023-04-19T14:00,0.2,10,2.0,1.0,2.0,coordinated,115.39631128311157,115.39631128311157,0.0,1.0,67.50809606552124,0.585010866594322,0.5398963888171928,1.0000000000000002,7
46413,2023-04-19T14:00,0.2,10,2.0,2.0,2.0,no_choice,115.39631128311157,47.88821521759033,67.50809606552124,0.41498913340567795,0.0,0.0,0.0,1.0,3
46413,2023-04-19T14:00,0.2,10,2.0,2.0,2.0,nearest,115.39631128311157,115.39631128311157,0.0,1.0,67.50809606552124,0.585010866594322,0.7139597504439952,1.0,7
46413,2023-04-19T14:00,0.2,10,2.0,2.0,2.0,logit,115.39631128311157,115.39631128311157,2.6645352591003757e-15,1.0,76.98580603948888,0.6671426944541846,0.7195438437998705,1.0000000000000002,4
46413,2023-04-19T14:00,0.2,10,2.0,2.0,2.0,coordinated,115.39631128311157,115.39631128311157,0.0,1.0,67.50809606552124,0.585010866594322,0.5398963888171928,1.0000000000000002,7
46413,2023-04-19T14:00,0.2,10,4.0,0.5,2.0,no_choice,230.79262256622314,58.0858123626707,172.70681020355244,0.25167967553210535,0.0,0.0,0.0,1.0,4
46413,2023-04-19T14:00,0.2,10,4.0,0.5,2.0,nearest,230.79262256622314,230.79262256622314,0.0,1.0,172.70681020355244,0.7483203244678946,1.5432796184018283,1.0,18
46413,2023-04-19T14:00,0.2,10,4.0,0.5,2.0,logit,230.79262256622314,230.79262256622314,8.881784197001252e-15,1.0,190.93787437087485,0.8273135954165413,1.9562784802593838,1.0000000000000002,4
46413,2023-04-19T14:00,0.2,10,4.0,0.5,2.0,coordinated,230.79262256622314,230.79262256622314,7.105427357601002e-15,1.0,172.70681020355244,0.7483203244678946,1.2882833091255677,1.0000000000000004,20
46413,2023-04-19T14:00,0.2,10,4.0,1.0,2.0,no_choice,230.79262256622314,58.0858123626707,172.70681020355244,0.25167967553210535,0.0,0.0,0.0,1.0,4
46413,2023-04-19T14:00,0.2,10,4.0,1.0,2.0,nearest,230.79262256622314,230.79262256622314,0.0,1.0,172.70681020355244,0.7483203244678946,1.5432796184018283,1.0,18
46413,2023-04-19T14:00,0.2,10,4.0,1.0,2.0,logit,230.79262256622314,230.79262256622314,8.881784197001252e-15,1.0,186.85964260875684,0.8096430489459849,1.6020548833679464,1.0000000000000002,5
46413,2023-04-19T14:00,0.2,10,4.0,1.0,2.0,coordinated,230.79262256622314,230.79262256622314,7.105427357601002e-15,1.0,172.70681020355244,0.7483203244678946,1.2882833091255677,1.0000000000000004,20
46413,2023-04-19T14:00,0.2,10,4.0,2.0,2.0,no_choice,230.79262256622314,58.0858123626707,172.70681020355244,0.25167967553210535,0.0,0.0,0.0,1.0,4
46413,2023-04-19T14:00,0.2,10,4.0,2.0,2.0,nearest,230.79262256622314,230.79262256622314,0.0,1.0,172.70681020355244,0.7483203244678946,1.5432796184018283,1.0,18
46413,2023-04-19T14:00,0.2,10,4.0,2.0,2.0,logit,230.79262256622314,230.79262256622314,1.5987211554602254e-14,1.0,185.27269248136534,0.802766962051413,1.4450596880345465,1.0000000000000002,5
46413,2023-04-19T14:00,0.2,10,4.0,2.0,2.0,coordinated,230.79262256622314,230.79262256622314,7.105427357601002e-15,1.0,172.70681020355244,0.7483203244678946,1.2882833091255677,1.0000000000000004,20
46413,2023-04-19T14:00,0.3,15,1.0,0.5,2.0,no_choice,57.698155641555786,21.36901159286499,36.32914404869079,0.37035865973980014,0.0,0.0,0.0,1.0,1
46413,2023-04-19T14:00,0.3,15,1.0,0.5,2.0,nearest,57.698155641555786,57.698155641555786,0.0,1.0,40.36066088676453,0.6995138828613731,0.6876544910756583,1.0,2
46413,2023-04-19T14:00,0.3,15,1.0,0.5,2.0,logit,57.698155641555786,57.698155641555786,8.881784197001252e-16,1.0,42.982878656589136,0.7449610508109846,1.6656896231448561,0.7186385693294756,0
46413,2023-04-19T14:00,0.3,15,1.0,0.5,2.0,coordinated,57.698155641555786,57.698155641555786,0.0,1.0,36.32914404869079,0.6296413402601998,0.4695359035807685,1.0,2
46413,2023-04-19T14:00,0.3,15,1.0,1.0,2.0,no_choice,57.698155641555786,21.36901159286499,36.32914404869079,0.37035865973980014,0.0,0.0,0.0,1.0,1
46413,2023-04-19T14:00,0.3,15,1.0,1.0,2.0,nearest,57.698155641555786,57.698155641555786,0.0,1.0,40.36066088676453,0.6995138828613731,0.6876544910756583,1.0,2
46413,2023-04-19T14:00,0.3,15,1.0,1.0,2.0,logit,57.698155641555786,57.698155641555786,2.6645352591003757e-15,1.0,38.70648693150936,0.6708444403659913,1.131588986547657,0.905796792162025,0
46413,2023-04-19T14:00,0.3,15,1.0,1.0,2.0,coordinated,57.698155641555786,57.698155641555786,0.0,1.0,36.32914404869079,0.6296413402601998,0.4695359035807685,1.0,2
46413,2023-04-19T14:00,0.3,15,1.0,2.0,2.0,no_choice,57.698155641555786,21.36901159286499,36.32914404869079,0.37035865973980014,0.0,0.0,0.0,1.0,1
46413,2023-04-19T14:00,0.3,15,1.0,2.0,2.0,nearest,57.698155641555786,57.698155641555786,0.0,1.0,40.36066088676453,0.6995138828613731,0.6876544910756583,1.0,2
46413,2023-04-19T14:00,0.3,15,1.0,2.0,2.0,logit,57.698155641555786,57.698155641555786,2.220446049250313e-16,1.0,36.63335931048924,0.6349138703509076,0.7454021444539298,1.0,1
46413,2023-04-19T14:00,0.3,15,1.0,2.0,2.0,coordinated,57.698155641555786,57.698155641555786,0.0,1.0,36.32914404869079,0.6296413402601998,0.4695359035807685,1.0,2
46413,2023-04-19T14:00,0.3,15,2.0,0.5,2.0,no_choice,115.39631128311157,33.75557880401611,81.64073247909546,0.29251869863674135,0.0,0.0,0.0,1.0,2
46413,2023-04-19T14:00,0.3,15,2.0,0.5,2.0,nearest,115.39631128311157,115.39631128311157,0.0,1.0,108.19631128311157,0.9376063245008271,1.418500365591859,1.0,7
46413,2023-04-19T14:00,0.3,15,2.0,0.5,2.0,logit,115.39631128311157,115.39631128311157,1.7763568394002505e-15,1.0,89.68335560833296,0.7771769704865623,1.7392211179397665,0.9999999999999999,2
46413,2023-04-19T14:00,0.3,15,2.0,0.5,2.0,coordinated,115.39631128311157,115.39631128311157,0.0,1.0,81.64073247909546,0.7074813013632586,0.9007792684323854,1.0000000000000002,9
46413,2023-04-19T14:00,0.3,15,2.0,1.0,2.0,no_choice,115.39631128311157,33.75557880401611,81.64073247909546,0.29251869863674135,0.0,0.0,0.0,1.0,2
46413,2023-04-19T14:00,0.3,15,2.0,1.0,2.0,nearest,115.39631128311157,115.39631128311157,0.0,1.0,108.19631128311157,0.9376063245008271,1.418500365591859,1.0,7
46413,2023-04-19T14:00,0.3,15,2.0,1.0,2.0,logit,115.39631128311157,115.39631128311157,7.105427357601002e-15,1.0,86.66236107440602,0.7509976715095328,1.3412614912029672,1.0,2
46413,2023-04-19T14:00,0.3,15,2.0,1.0,2.0,coordinated,115.39631128311157,115.39631128311157,0.0,1.0,81.64073247909546,0.7074813013632586,0.9007792684323854,1.0000000000000002,9
46413,2023-04-19T14:00,0.3,15,2.0,2.0,2.0,no_choice,115.39631128311157,33.75557880401611,81.64073247909546,0.29251869863674135,0.0,0.0,0.0,1.0,2
46413,2023-04-19T14:00,0.3,15,2.0,2.0,2.0,nearest,115.39631128311157,115.39631128311157,0.0,1.0,108.19631128311157,0.9376063245008271,1.418500365591859,1.0,7
46413,2023-04-19T14:00,0.3,15,2.0,2.0,2.0,logit,115.39631128311157,115.39631128311156,8.881784197001252e-15,0.9999999999999999,90.10378764841134,0.7808203455251882,1.248004172576239,1.0000000000000002,3
46413,2023-04-19T14:00,0.3,15,2.0,2.0,2.0,coordinated,115.39631128311157,115.39631128311157,0.0,1.0,81.64073247909546,0.7074813013632586,0.9007792684323854,1.0000000000000002,9
46413,2023-04-19T14:00,0.3,15,4.0,0.5,2.0,no_choice,230.79262256622314,43.35479381561265,187.4378287506105,0.18785173171283895,0.0,0.0,0.0,1.0,3
46413,2023-04-19T14:00,0.3,15,4.0,0.5,2.0,nearest,230.79262256622314,230.79262256622314,0.0,1.0,223.59262256622316,0.9688031622504136,1.7149088187684736,1.0,21
46413,2023-04-19T14:00,0.3,15,4.0,0.5,2.0,logit,230.79262256622314,230.79262256622314,1.0658141036401503e-14,1.0,200.81896463168832,0.8701273134242657,2.1174362121683767,1.0,3
46413,2023-04-19T14:00,0.3,15,4.0,0.5,2.0,coordinated,230.79262256622314,230.79262256622314,1.4210854715202004e-14,1.0,187.4378287506105,0.812148268287161,1.4482787885177975,1.000000000000001,21
46413,2023-04-19T14:00,0.3,15,4.0,1.0,2.0,no_choice,230.79262256622314,43.35479381561265,187.4378287506105,0.18785173171283895,0.0,0.0,0.0,1.0,3
46413,2023-04-19T14:00,0.3,15,4.0,1.0,2.0,nearest,230.79262256622314,230.79262256622314,0.0,1.0,223.59262256622316,0.9688031622504136,1.7149088187684736,1.0,21
46413,2023-04-19T14:00,0.3,15,4.0,1.0,2.0,logit,230.79262256622314,230.79262256622314,0.0,1.0,201.3645234609416,0.8724911620741365,1.8340615330912777,1.0000000000000002,4
46413,2023-04-19T14:00,0.3,15,4.0,1.0,2.0,coordinated,230.79262256622314,230.79262256622314,1.4210854715202004e-14,1.0,187.4378287506105,0.812148268287161,1.4482787885177975,1.000000000000001,21
46413,2023-04-19T14:00,0.3,15,4.0,2.0,2.0,no_choice,230.79262256622314,43.35479381561265,187.4378287506105,0.18785173171283895,0.0,0.0,0.0,1.0,3
46413,2023-04-19T14:00,0.3,15,4.0,2.0,2.0,nearest,230.79262256622314,230.79262256622314,0.0,1.0,223.59262256622316,0.9688031622504136,1.7149088187684736,1.0,21
46413,2023-04-19T14:00,0.3,15,4.0,2.0,2.0,logit,230.79262256622314,230.79262256622317,0.0,1.0000000000000002,205.50009893152296,0.8904101727625942,1.7112193960213788,1.0000000000000002,4
46413,2023-04-19T14:00,0.3,15,4.0,2.0,2.0,coordinated,230.79262256622314,230.79262256622314,1.4210854715202004e-14,1.0,187.4378287506105,0.812148268287161,1.4482787885177975,1.000000000000001,21
46948,2023-05-11T21:00,0.1,5,1.0,0.5,2.0,no_choice,43.385165214538574,40.91849060058594,2.4666746139526365,0.9431447454042186,0.0,0.0,0.0,1.0,1
46948,2023-05-11T21:00,0.1,5,1.0,0.5,2.0,nearest,43.385165214538574,43.385165214538574,0.0,1.0,10.87608461380005,0.25068671653128616,0.20596603082967851,1.0,1
46948,2023-05-11T21:00,0.1,5,1.0,0.5,2.0,logit,43.385165214538574,43.385165214538574,2.220446049250313e-15,1.0,24.367660244215404,0.5616588094967007,1.0202646788768766,0.9706483597781985,0
46948,2023-05-11T21:00,0.1,5,1.0,0.5,2.0,coordinated,43.385165214538574,43.385165214538574,0.0,1.0,2.4666746139526365,0.05685525459578156,0.20596603082967851,1.0,1
46948,2023-05-11T21:00,0.1,5,1.0,1.0,2.0,no_choice,43.385165214538574,40.91849060058594,2.4666746139526365,0.9431447454042186,0.0,0.0,0.0,1.0,1
46948,2023-05-11T21:00,0.1,5,1.0,1.0,2.0,nearest,43.385165214538574,43.385165214538574,0.0,1.0,10.87608461380005,0.25068671653128616,0.20596603082967851,1.0,1
46948,2023-05-11T21:00,0.1,5,1.0,1.0,2.0,logit,43.385165214538574,43.385165214538574,4.884981308350689e-15,1.0,19.65028191471805,0.4529262898400384,0.5489617654734245,1.0,1
46948,2023-05-11T21:00,0.1,5,1.0,1.0,2.0,coordinated,43.385165214538574,43.385165214538574,0.0,1.0,2.4666746139526365,0.05685525459578156,0.20596603082967851,1.0,1
46948,2023-05-11T21:00,0.1,5,1.0,2.0,2.0,no_choice,43.385165214538574,40.91849060058594,2.4666746139526365,0.9431447454042186,0.0,0.0,0.0,1.0,1
46948,2023-05-11T21:00,0.1,5,1.0,2.0,2.0,nearest,43.385165214538574,43.385165214538574,0.0,1.0,10.87608461380005,0.25068671653128616,0.20596603082967851,1.0,1
46948,2023-05-11T21:00,0.1,5,1.0,2.0,2.0,logit,43.385165214538574,43.385165214538574,3.552713678800501e-15,1.0,15.556707434740343,0.3585720454863502,0.34813252090981606,1.0,1
46948,2023-05-11T21:00,0.1,5,1.0,2.0,2.0,coordinated,43.385165214538574,43.385165214538574,0.0,1.0,2.4666746139526365,0.05685525459578156,0.20596603082967851,1.0,1
46948,2023-05-11T21:00,0.1,5,2.0,0.5,2.0,no_choice,86.77033042907715,61.15779388999913,25.61253653907803,0.7048237984985806,0.0,0.0,0.0,1.0,4
46948,2023-05-11T21:00,0.1,5,2.0,0.5,2.0,nearest,86.77033042907715,86.77033042907715,0.0,1.0,35.90595039939906,0.41380446774657903,0.5768201562314398,1.0,5
46948,2023-05-11T21:00,0.1,5,2.0,0.5,2.0,logit,86.77033042907715,86.77033042907715,0.0,1.0,55.491273637485556,0.6395189849235628,1.419621467228983,0.9999999999999999,1
46948,2023-05-11T21:00,0.1,5,2.0,0.5,2.0,coordinated,86.77033042907715,86.77033042907715,0.0,1.0,25.61253653907803,0.2951762015014195,0.5768201562314398,1.0,5
46948,2023-05-11T21:00,0.1,5,2.0,1.0,2.0,no_choice,86.77033042907715,61.15779388999913,25.61253653907803,0.7048237984985806,0.0,0.0,0.0,1.0,4
46948,2023-05-11T21:00,0.1,5,2.0,1.0,2.0,nearest,86.77033042907715,86.77033042907715,0.0,1.0,35.90595039939906,0.41380446774657903,0.5768201562314398,1.0,5
46948,2023-05-11T21:00,0.1,5,2.0,1.0,2.0,logit,86.77033042907715,86.77033042907715,3.552713678800501e-15,1.0,46.50021973858563,0.5358999961005471,0.917483458202455,1.0,1
46948,2023-05-11T21:00,0.1,5,2.0,1.0,2.0,coordinated,86.77033042907715,86.77033042907715,0.0,1.0,25.61253653907803,0.2951762015014195,0.5768201562314398,1.0,5
46948,2023-05-11T21:00,0.1,5,2.0,2.0,2.0,no_choice,86.77033042907715,61.15779388999913,25.61253653907803,0.7048237984985806,0.0,0.0,0.0,1.0,4
46948,2023-05-11T21:00,0.1,5,2.0,2.0,2.0,nearest,86.77033042907715,86.77033042907715,0.0,1.0,35.90595039939906,0.41380446774657903,0.5768201562314398,1.0,5
46948,2023-05-11T21:00,0.1,5,2.0,2.0,2.0,logit,86.77033042907715,86.77033042907715,1.0658141036401503e-14,1.0,41.12502980095378,0.47395267019949705,0.7516886324486728,1.0000000000000002,2
46948,2023-05-11T21:00,0.1,5,2.0,2.0,2.0,coordinated,86.77033042907715,86.77033042907715,0.0,1.0,25.61253653907803,0.2951762015014195,0.5768201562314398,1.0,5
46948,2023-05-11T21:00,0.1,5,4.0,0.5,2.0,no_choice,173.5406608581543,68.99913986778233,104.54152099037198,0.3975963876510743,0.0,0.0,0.0,1.0,7
46948,2023-05-11T21:00,0.1,5,4.0,0.5,2.0,nearest,173.5406608581543,173.5406608581543,0.0,1.0,127.89745245933598,0.7369883912328455,1.002849905327283,1.0,14
46948,2023-05-11T21:00,0.1,5,4.0,0.5,2.0,logit,173.5406608581543,173.5406608581543,1.0658141036401503e-14,1.0,126.81839217049873,0.7307704807817654,1.7404314758658639,1.0000000000000002,4
46948,2023-05-11T21:00,0.1,5,4.0,0.5,2.0,coordinated,173.5406608581543,173.5406608581543,0.0,1.0,104.54152099037196,0.6024036123489257,0.982460358130148,1.0000000000000004,16
46948,2023-05-11T21:00,0.1,5,4.0,1.0,2.0,no_choice,173.5406608581543,68.99913986778233,104.54152099037198,0.3975963876510743,0.0,0.0,0.0,1.0,7
46948,2023-05-11T21:00,0.1,5,4.0,1.0,2.0,nearest,173.5406608581543,173.5406608581543,0.0,1.0,127.89745245933598,0.7369883912328455,1.002849905327283,1.0,14
46948,2023-05-11T21:00,0.1,5,4.0,1.0,2.0,logit,173.5406608581543,173.5406608581543,8.881784197001252e-15,1.0,121.35987555537045,0.6993166613244922,1.3245863351459506,1.0000000000000002,5
46948,2023-05-11T21:00,0.1,5,4.0,1.0,2.0,coordinated,173.5406608581543,173.5406608581543,0.0,1.0,104.54152099037196,0.6024036123489257,0.982460358130148,1.0000000000000004,16
46948,2023-05-11T21:00,0.1,5,4.0,2.0,2.0,no_choice,173.5406608581543,68.99913986778233,104.54152099037198,0.3975963876510743,0.0,0.0,0.0,1.0,7
46948,2023-05-11T21:00,0.1,5,4.0,2.0,2.0,nearest,173.5406608581543,173.5406608581543,0.0,1.0,127.89745245933598,0.7369883912328455,1.002849905327283,1.0,14
46948,2023-05-11T21:00,0.1,5,4.0,2.0,2.0,logit,173.5406608581543,173.5406608581543,5.329070518200751e-15,1.0,116.34207259627473,0.6704023830551644,1.1427468365777744,1.0000000000000002,6
46948,2023-05-11T21:00,0.1,5,4.0,2.0,2.0,coordinated,173.5406608581543,173.5406608581543,0.0,1.0,104.54152099037196,0.6024036123489257,0.982460358130148,1.0000000000000004,16
46948,2023-05-11T21:00,0.2,10,1.0,0.5,2.0,no_choice,43.385165214538574,30.549860191345214,12.83530502319336,0.7041545201055915,0.0,0.0,0.0,1.0,1
46948,2023-05-11T21:00,0.2,10,1.0,0.5,2.0,nearest,43.385165214538574,43.385165214538574,0.0,1.0,21.664428169250474,0.49935105841179606,0.6365279620280119,1.0,2
46948,2023-05-11T21:00,0.2,10,1.0,0.5,2.0,logit,43.385165214538574,43.385165214538574,1.3322676295501878e-15,1.0,29.277976953882174,0.6748384340385314,1.2643035439567984,0.9978363154904081,0
46948,2023-05-11T21:00,0.2,10,1.0,0.5,2.0,coordinated,43.385165214538574,43.385165214538574,0.0,1.0,12.83530502319336,0.29584547989440846,0.6365279620280119,1.0,1
46948,2023-05-11T21:00,0.2,10,1.0,1.0,2.0,no_choice,43.385165214538574,30.549860191345214,12.83530502319336,0.7041545201055915,0.0,0.0,0.0,1.0,1
46948,2023-05-11T21:00,0.2,10,1.0,1.0,2.0,nearest,43.385165214538574,43.385165214538574,0.0,1.0,21.664428169250474,0.49935105841179606,0.6365279620280119,1.0,2
46948,2023-05-11T21:00,0.2,10,1.0,1.0,2.0,logit,43.385165214538574,43.385165214538574,3.552713678800501e-15,1.0,27.52742857102382,0.6344894259339883,0.9244846023532087,0.9999999999999999,1
46948,2023-05-11T21:00,0.2,10,1.0,1.0,2.0,coordinated,43.385165214538574,43.385165214538574,0.0,1.0,12.83530502319336,0.29584547989440846,0.6365279620280119,1.0,1
46948,2023-05-11T21:00,0.2,10,1.0,2.0,2.0,no_choice,43.385165214538574,30.549860191345214,12.83530502319336,0.7041545201055915,0.0,0.0,0.0,1.0,1
46948,2023-05-11T21:00,0.2,10,1.0,2.0,2.0,nearest,43.385165214538574,43.385165214538574,0.0,1.0,21.664428169250474,0.49935105841179606,0.6365279620280119,1.0,2
46948,2023-05-11T21:00,0.2,10,1.0,2.0,2.0,logit,43.385165214538574,43.385165214538574,8.881784197001252e-16,1.0,25.383868447808595,0.58508175138405,0.794463519685906,0.9999999999999998,1
46948,2023-05-11T21:00,0.2,10,1.0,2.0,2.0,coordinated,43.385165214538574,43.385165214538574,0.0,1.0,12.83530502319336,0.29584547989440846,0.6365279620280119,1.0,1
46948,2023-05-11T21:00,0.2,10,2.0,0.5,2.0,no_choice,86.77033042907715,43.804291234969824,42.966039194107324,0.5048302918561988,0.0,0.0,0.0,1.0,3
46948,2023-05-11T21:00,0.2,10,2.0,0.5,2.0,nearest,86.77033042907715,86.77033042907715,0.0,1.0,58.60692060661344,0.6754258087620926,0.9485045770172881,1.0,6
46948,2023-05-11T21:00,0.2,10,2.0,0.5,2.0,logit,86.77033042907715,86.77033042907715,1.7763568394002505e-15,1.0,65.6974508059351,0.7571418765039021,1.675571831307957,1.0,1
46948,2023-05-11T21:00,0.2,10,2.0,0.5,2.0,coordinated,86.77033042907715,86.77033042907715,0.0,1.0,42.966039194107324,0.4951697081438012,0.9373115454185731,1.0,6
46948,2023-05-11T21:00,0.2,10,2.0,1.0,2.0,no_choice,86.77033042907715,43.804291234969824,42.966039194107324,0.5048302918561988,0.0,0.0,0.0,1.0,3
46948,2023-05-11T21:00,0.2,10,2.0,1.0,2.0,nearest,86.77033042907715,86.77033042907715,0.0,1.0,58.60692060661344,0.6754258087620926,0.9485045770172881,1.0,6
46948,2023-05-11T21:00,0.2,10,2.0,1.0,2.0,logit,86.77033042907715,86.77033042907715,1.7763568394002505e-15,1.0,62.254329510187866,0.717461016943715,1.2870181714781384,0.9999999999999999,1
46948,2023-05-11T21:00,0.2,10,2.0,1.0,2.0,coordinated,86.77033042907715,86.77033042907715,0.0,1.0,42.966039194107324,0.4951697081438012,0.9373115454185731,1.0,6
46948,2023-05-11T21:00,0.2,10,2.0,2.0,2.0,no_choice,86.77033042907715,43.804291234969824,42.966039194107324,0.5048302918561988,0.0,0.0,0.0,1.0,3
46948,2023-05-11T21:00,0.2,10,2.0,2.0,2.0,nearest,86.77033042907715,86.77033042907715,0.0,1.0,58.60692060661344,0.6754258087620926,0.9485045770172881,1.0,6
46948,2023-05-11T21:00,0.2,10,2.0,2.0,2.0,logit,86.77033042907715,86.77033042907715,3.552713678800501e-15,1.0,58.20340635140292,0.6707754374518169,1.13322145996144,1.0,3
46948,2023-05-11T21:00,0.2,10,2.0,2.0,2.0,coordinated,86.77033042907715,86.77033042907715,0.0,1.0,42.966039194107324,0.4951697081438012,0.9373115454185731,1.0,6
46948,2023-05-11T21:00,0.2,10,4.0,0.5,2.0,no_choice,173.5406608581543,51.64563721275303,121.89502364540128,0.2975996343298834,0.0,0.0,0.0,1.0,6
46948,2023-05-11T21:00,0.2,10,4.0,0.5,2.0,nearest,173.5406608581543,173.5406608581543,0.0,1.0,162.96006317138674,0.9390310165096366,1.2090965535595297,1.0,16
46948,2023-05-11T21:00,0.2,10,4.0,0.5,2.0,logit,173.5406608581543,173.5406608581543,1.0658141036401503e-14,1.0,142.74497333805593,0.8225448297372244,1.907369922126067,1.0000000000000002,4
46948,2023-05-11T21:00,0.2,10,4.0,0.5,2.0,coordinated,173.5406608581543,173.5406608581543,0.0,1.0,121.89502364540127,0.7024003656701165,1.1779117614192363,1.0000000000000004,17
46948,2023-05-11T21:00,0.2,10,4.0,1.0,2.0,no_choice,173.5406608581543,51.64563721275303,121.89502364540128,0.2975996343298834,0.0,0.0,0.0,1.0,6
46948,2023-05-11T21:00,0.2,10,4.0,1.0,2.0,nearest,173.5406608581543,173.5406608581543,0.0,1.0,162.96006317138674,0.9390310165096366,1.2090965535595297,1.0,16
46948,2023-05-11T21:00,0.2,10,4.0,1.0,2.0,logit,173.5406608581543,173.5406608581543,1.0658141036401503e-14,1.0,140.73924844601714,0.8109871643340818,1.4984696497844179,1.0000000000000002,6
46948,2023-05-11T21:00,0.2,10,4.0,1.0,2.0,coordinated,173.5406608581543,173.5406608581543,0.0,1.0,121.89502364540127,0.7024003656701165,1.1779117614192363,1.0000000000000004,17
46948,2023-05-11T21:00,0.2,10,4.0,2.0,2.0,no_choice,173.5406608581543,51.64563721275303,121.89502364540128,0.2975996343298834,0.0,0.0,0.0,1.0,6
46948,2023-05-11T21:00,0.2,10,4.0,2.0,2.0,nearest,173.5406608581543,173.5406608581543,0.0,1.0,162.96006317138674,0.9390310165096366,1.2090965535595297,1.0,16
46948,2023-05-11T21:00,0.2,10,4.0,2.0,2.0,logit,173.5406608581543,173.5406608581543,0.0,1.0,137.98227584510127,0.7951005554708753,1.3316482129170184,1.0000000000000002,8
46948,2023-05-11T21:00,0.2,10,4.0,2.0,2.0,coordinated,173.5406608581543,173.5406608581543,0.0,1.0,121.89502364540127,0.7024003656701165,1.1779117614192363,1.0000000000000004,17
46948,2023-05-11T21:00,0.3,15,1.0,0.5,2.0,no_choice,43.385165214538574,24.81330461502075,18.571860599517823,0.5719306240351874,0.0,0.0,0.0,1.0,1
46948,2023-05-11T21:00,0.3,15,1.0,0.5,2.0,nearest,43.385165214538574,43.385165214538574,0.0,1.0,27.400983745574937,0.6315749544822002,0.6610934381061582,1.0,3
46948,2023-05-11T21:00,0.3,15,1.0,0.5,2.0,logit,43.385165214538574,43.385165214538574,1.7763568394002505e-15,1.0,30.22120278059653,0.6965791793382238,1.41106897770443,1.0,1
46948,2023-05-11T21:00,0.3,15,1.0,0.5,2.0,coordinated,43.385165214538574,43.385165214538574,0.0,1.0,18.571860599517823,0.4280693759648126,0.6610934381061581,1.0,4
46948,2023-05-11T21:00,0.3,15,1.0,1.0,2.0,no_choice,43.385165214538574,24.81330461502075,18.571860599517823,0.5719306240351874,0.0,0.0,0.0,1.0,1
46948,2023-05-11T21:00,0.3,15,1.0,1.0,2.0,nearest,43.385165214538574,43.385165214538574,0.0,1.0,27.400983745574937,0.6315749544822002,0.6610934381061582,1.0,3
46948,2023-05-11T21:00,0.3,15,1.0,1.0,2.0,logit,43.385165214538574,43.385165214538574,0.0,1.0,28.51427429150241,0.6572355815749468,1.0044945397144196,1.0,1
46948,2023-05-11T21:00,0.3,15,1.0,1.0,2.0,coordinated,43.385165214538574,43.385165214538574,0.0,1.0,18.571860599517823,0.4280693759648126,0.6610934381061581,1.0,4
46948,2023-05-11T21:00,0.3,15,1.0,2.0,2.0,no_choice,43.385165214538574,24.81330461502075,18.571860599517823,0.5719306240351874,0.0,0.0,0.0,1.0,1
46948,2023-05-11T21:00,0.3,15,1.0,2.0,2.0,nearest,43.385165214538574,43.385165214538574,0.0,1.0,27.400983745574937,0.6315749544822002,0.6610934381061582,1.0,3
46948,2023-05-11T21:00,0.3,15,1.0,2.0,2.0,logit,43.385165214538574,43.385165214538574,8.881784197001252e-16,1.0,26.617805836773357,0.6135232101836875,0.8359662791823214,1.0000000000000002,1
46948,2023-05-11T21:00,0.3,15,1.0,2.0,2.0,coordinated,43.385165214538574,43.385165214538574,0.0,1.0,18.571860599517823,0.4280693759648126,0.6610934381061581,1.0,4
46948,2023-05-11T21:00,0.3,15,2.0,0.5,2.0,no_choice,86.77033042907715,32.3311800823209,54.43915034675625,0.37260639578579463,0.0,0.0,0.0,1.0,3
46948,2023-05-11T21:00,0.3,15,2.0,0.5,2.0,nearest,86.77033042907715,86.77033042907715,0.0,1.0,68.60757234764128,0.7906800862504328,0.9980825704807795,1.0,9
46948,2023-05-11T21:00,0.3,15,2.0,0.5,2.0,logit,86.77033042907715,86.77033042907715,0.0,1.0,67.6070616120535,0.7791495235495617,1.8160793050998483,1.0,1
46948,2023-05-11T21:00,0.3,15,2.0,0.5,2.0,coordinated,86.77033042907715,86.77033042907715,0.0,1.0,54.43915034675625,0.6273936042142054,0.9942006778980063,1.0,8
46948,2023-05-11T21:00,0.3,15,2.0,1.0,2.0,no_choice,86.77033042907715,32.3311800823209,54.43915034675625,0.37260639578579463,0.0,0.0,0.0,1.0,3
46948,2023-05-11T21:00,0.3,15,2.0,1.0,2.0,nearest,86.77033042907715,86.77033042907715,0.0,1.0,68.60757234764128,0.7906800862504328,0.9980825704807795,1.0,9
46948,2023-05-11T21:00,0.3,15,2.0,1.0,2.0,logit,86.77033042907715,86.77033042907715,3.552713678800501e-15,1.0,65.7363994714512,0.7575907472794712,1.379210611225,1.0000000000000002,3
46948,2023-05-11T21:00,0.3,15,2.0,1.0,2.0,coordinated,86.77033042907715,86.77033042907715,0.0,1.0,54.43915034675625,0.6273936042142054,0.9942006778980063,1.0,8
46948,2023-05-11T21:00,0.3,15,2.0,2.0,2.0,no_choice,86.77033042907715,32.3311800823209,54.43915034675625,0.37260639578579463,0.0,0.0,0.0,1.0,3
46948,2023-05-11T21:00,0.3,15,2.0,2.0,2.0,nearest,86.77033042907715,86.77033042907715,0.0,1.0,68.60757234764128,0.7906800862504328,0.9980825704807795,1.0,9
46948,2023-05-11T21:00,0.3,15,2.0,2.0,2.0,logit,86.77033042907715,86.77033042907715,1.7763568394002505e-15,1.0,64.56742529721406,0.7441186979227776,1.196373138998725,1.0000000000000002,3
46948,2023-05-11T21:00,0.3,15,2.0,2.0,2.0,coordinated,86.77033042907715,86.77033042907715,0.0,1.0,54.43915034675625,0.6273936042142054,0.9942006778980063,1.0,8
46948,2023-05-11T21:00,0.3,15,4.0,0.5,2.0,no_choice,173.5406608581543,37.330263982772564,136.21039687538175,0.2151096106133014,0.0,0.0,0.0,1.0,5
46948,2023-05-11T21:00,0.3,15,4.0,0.5,2.0,nearest,173.5406608581543,173.5406608581543,0.0,1.0,166.3406608581543,0.9585111641018528,1.4954944395718988,1.0,18
46948,2023-05-11T21:00,0.3,15,4.0,0.5,2.0,logit,173.5406608581543,173.5406608581543,3.552713678800501e-15,1.0,151.28551965437623,0.8717583470425493,2.1103363162456983,1.0,7
46948,2023-05-11T21:00,0.3,15,4.0,0.5,2.0,coordinated,173.5406608581543,173.5406608581543,0.0,1.0,136.21039687538175,0.7848903893866986,1.4102124650412822,1.0000000000000007,18
46948,2023-05-11T21:00,0.3,15,4.0,1.0,2.0,no_choice,173.5406608581543,37.330263982772564,136.21039687538175,0.2151096106133014,0.0,0.0,0.0,1.0,5
46948,2023-05-11T21:00,0.3,15,4.0,1.0,2.0,nearest,173.5406608581543,173.5406608581543,0.0,1.0,166.3406608581543,0.9585111641018528,1.4954944395718988,1.0,18
46948,2023-05-11T21:00,0.3,15,4.0,1.0,2.0,logit,173.5406608581543,173.5406608581543,1.7763568394002505e-15,1.0,150.65059219117308,0.8680996801914295,1.6799073183130229,1.0000000000000002,13
46948,2023-05-11T21:00,0.3,15,4.0,1.0,2.0,coordinated,173.5406608581543,173.5406608581543,0.0,1.0,136.21039687538175,0.7848903893866986,1.4102124650412822,1.0000000000000007,18
46948,2023-05-11T21:00,0.3,15,4.0,2.0,2.0,no_choice,173.5406608581543,37.330263982772564,136.21039687538175,0.2151096106133014,0.0,0.0,0.0,1.0,5
46948,2023-05-11T21:00,0.3,15,4.0,2.0,2.0,nearest,173.5406608581543,173.5406608581543,0.0,1.0,166.3406608581543,0.9585111641018528,1.4954944395718988,1.0,18
46948,2023-05-11T21:00,0.3,15,4.0,2.0,2.0,logit,173.5406608581543,173.5406608581543,0.0,1.0,149.40096745653284,0.860898919698408,1.5398090803327011,1.0000000000000002,14
46948,2023-05-11T21:00,0.3,15,4.0,2.0,2.0,coordinated,173.5406608581543,173.5406608581543,0.0,1.0,136.21039687538175,0.7848903893866986,1.4102124650412822,1.0000000000000007,18
47304,2023-05-26T17:00,0.1,5,1.0,0.5,2.0,no_choice,83.14106774330139,62.43011345863342,20.71095428466797,0.7508938140100248,0.0,0.0,0.0,1.0,2
47304,2023-05-26T17:00,0.1,5,1.0,0.5,2.0,nearest,83.14106774330139,83.14106774330139,0.0,1.0,46.37344694137573,0.5577682389713116,0.22718288038469825,1.0,2
47304,2023-05-26T17:00,0.1,5,1.0,0.5,2.0,logit,83.14106774330139,83.14106774330139,0.0,1.0,57.79955328970228,0.6951985926877773,1.2532932037504707,0.4826403223992455,0
47304,2023-05-26T17:00,0.1,5,1.0,0.5,2.0,coordinated,83.14106774330139,83.14106774330139,0.0,1.0,20.71095428466797,0.24910618598997528,0.22674050974745308,1.0000000000000002,4
47304,2023-05-26T17:00,0.1,5,1.0,1.0,2.0,no_choice,83.14106774330139,62.43011345863342,20.71095428466797,0.7508938140100248,0.0,0.0,0.0,1.0,2
47304,2023-05-26T17:00,0.1,5,1.0,1.0,2.0,nearest,83.14106774330139,83.14106774330139,0.0,1.0,46.37344694137573,0.5577682389713116,0.22718288038469825,1.0,2
47304,2023-05-26T17:00,0.1,5,1.0,1.0,2.0,logit,83.14106774330139,83.14106774330139,4.440892098500626e-15,1.0,47.9338114167484,0.5765359132113189,0.6775984698810834,0.6155587543138464,0
47304,2023-05-26T17:00,0.1,5,1.0,1.0,2.0,coordinated,83.14106774330139,83.14106774330139,0.0,1.0,20.71095428466797,0.24910618598997528,0.22674050974745308,1.0000000000000002,4
47304,2023-05-26T17:00,0.1,5,1.0,2.0,2.0,no_choice,83.14106774330139,62.43011345863342,20.71095428466797,0.7508938140100248,0.0,0.0,0.0,1.0,2
47304,2023-05-26T17:00,0.1,5,1.0,2.0,2.0,nearest,83.14106774330139,83.14106774330139,0.0,1.0,46.37344694137573,0.5577682389713116,0.22718288038469825,1.0,2
47304,2023-05-26T17:00,0.1,5,1.0,2.0,2.0,logit,83.14106774330139,83.14106774330139,3.552713678800501e-15,1.0,40.35729064798031,0.4854074134888875,0.4283547861837103,0.6636988279902408,0
47304,2023-05-26T17:00,0.1,5,1.0,2.0,2.0,coordinated,83.14106774330139,83.14106774330139,0.0,1.0,20.71095428466797,0.24910618598997528,0.22674050974745308,1.0000000000000002,4
47304,2023-05-26T17:00,0.1,5,2.0,0.5,2.0,no_choice,166.28213548660278,89.10403364753697,77.17810183906582,0.5358605323824218,0.0,0.0,0.0,1.0,7
47304,2023-05-26T17:00,0.1,5,2.0,0.5,2.0,nearest,166.28213548660278,166.28213548660278,0.0,1.0,99.46650103187568,0.5981791173224956,0.43670798705930475,1.0,10
47304,2023-05-26T17:00,0.1,5,2.0,0.5,2.0,logit,166.28213548660278,166.28213548660278,0.0,1.0,115.59910657940456,0.6951985926877773,1.2532932037504707,0.965280644798491,0
47304,2023-05-26T17:00,0.1,5,2.0,0.5,2.0,coordinated,166.28213548660278,166.28213548660278,0.0,1.0,77.17810183906583,0.46413946761757824,0.4346060822545764,1.0,11
47304,2023-05-26T17:00,0.1,5,2.0,1.0,2.0,no_choice,166.28213548660278,89.10403364753697,77.17810183906582,0.5358605323824218,0.0,0.0,0.0,1.0,7
47304,2023-05-26T17:00,0.1,5,2.0,1.0,2.0,nearest,166.28213548660278,166.28213548660278,0.0,1.0,99.46650103187568,0.5981791173224956,0.43670798705930475,1.0,10
47304,2023-05-26T17:00,0.1,5,2.0,1.0,2.0,logit,166.28213548660278,166.28213548660278,4.440892098500626e-15,1.0,101.75106348878167,0.6119181906764702,0.7773160664053319,1.0000000000000002,4
47304,2023-05-26T17:00,0.1,5,2.0,1.0,2.0,coordinated,166.28213548660278,166.28213548660278,0.0,1.0,77.17810183906583,0.46413946761757824,0.4346060822545764,1.0,11
47304,2023-05-26T17:00,0.1,5,2.0,2.0,2.0,no_choice,166.28213548660278,89.10403364753697,77.17810183906582,0.5358605323824218,0.0,0.0,0.0,1.0,7
47304,2023-05-26T17:00,0.1,5,2.0,2.0,2.0,nearest,166.28213548660278,166.28213548660278,0.0,1.0,99.46650103187568,0.5981791173224956,0.43670798705930475,1.0,10
47304,2023-05-26T17:00,0.1,5,2.0,2.0,2.0,logit,166.28213548660278,166.28213548660278,5.329070518200751e-15,1.0,94.83609501009454,0.5703324336830844,0.5986788678704638,1.0000000000000002,6
47304,2023-05-26T17:00,0.1,5,2.0,2.0,2.0,coordinated,166.28213548660278,166.28213548660278,0.0,1.0,77.17810183906583,0.46413946761757824,0.4346060822545764,1.0,11
47304,2023-05-26T17:00,0.1,5,4.0,0.5,2.0,no_choice,332.56427097320557,99.75038445854159,232.81388651466398,0.2999431784016822,0.0,0.0,0.0,1.0,8
47304,2023-05-26T17:00,0.1,5,4.0,0.5,2.0,nearest,332.56427097320557,332.56427097320557,0.0,1.0,272.1946073532105,0.8184721905232597,0.9670847468763231,1.0,26
47304,2023-05-26T17:00,0.1,5,4.0,0.5,2.0,logit,332.56427097320557,332.56427097320557,1.4210854715202004e-14,1.0,265.41870822679573,0.7980974848864035,1.5093722948809305,1.0000000000000004,15
47304,2023-05-26T17:00,0.1,5,4.0,0.5,2.0,coordinated,332.56427097320557,332.56427097320557,0.0,1.0,232.813886514664,0.7000568215983178,0.798844065898229,1.0000000000000009,25
47304,2023-05-26T17:00,0.1,5,4.0,1.0,2.0,no_choice,332.56427097320557,99.75038445854159,232.81388651466398,0.2999431784016822,0.0,0.0,0.0,1.0,8
47304,2023-05-26T17:00,0.1,5,4.0,1.0,2.0,nearest,332.56427097320557,332.56427097320557,0.0,1.0,272.1946073532105,0.8184721905232597,0.9670847468763231,1.0,26
47304,2023-05-26T17:00,0.1,5,4.0,1.0,2.0,logit,332.56427097320557,332.56427097320557,7.105427357601002e-15,1.0,256.95370012360104,0.7726437340116539,1.0956891704552696,1.0000000000000002,18
47304,2023-05-26T17:00,0.1,5,4.0,1.0,2.0,coordinated,332.56427097320557,332.56427097320557,0.0,1.0,232.813886514664,0.7000568215983178,0.798844065898229,1.0000000000000009,25
47304,2023-05-26T17:00,0.1,5,4.0,2.0,2.0,no_choice,332.56427097320557,99.75038445854159,232.81388651466398,0.2999431784016822,0.0,0.0,0.0,1.0,8
47304,2023-05-26T17:00,0.1,5,4.0,2.0,2.0,nearest,332.56427097320557,332.56427097320557,0.0,1.0,272.1946073532105,0.8184721905232597,0.9670847468763231,1.0,26
47304,2023-05-26T17:00,0.1,5,4.0,2.0,2.0,logit,332.56427097320557,332.56427097320557,1.7763568394002505e-14,1.0,252.81275135052408,0.7601921595807657,0.968013134868045,1.0000000000000002,23
47304,2023-05-26T17:00,0.1,5,4.0,2.0,2.0,coordinated,332.56427097320557,332.56427097320557,0.0,1.0,232.813886514664,0.7000568215983178,0.798844065898229,1.0000000000000009,25
47304,2023-05-26T17:00,0.2,10,1.0,0.5,2.0,no_choice,83.14106774330139,60.100035572052,23.04103217124939,0.7228682190805062,0.0,0.0,0.0,1.0,2
47304,2023-05-26T17:00,0.2,10,1.0,0.5,2.0,nearest,83.14106774330139,83.14106774330139,0.0,1.0,41.50352482795715,0.49919403195662054,0.23172294887548558,1.0,3
47304,2023-05-26T17:00,0.2,10,1.0,0.5,2.0,logit,83.14106774330139,83.14106774330139,1.7763568394002505e-15,1.0,56.33533313887315,0.6775873183732601,1.28284724686181,0.5959111478525322,0
47304,2023-05-26T17:00,0.2,10,1.0,0.5,2.0,coordinated,83.14106774330139,83.14106774330139,0.0,1.0,23.04103217124939,0.27713178091949375,0.23128057823824044,1.0,4
47304,2023-05-26T17:00,0.2,10,1.0,1.0,2.0,no_choice,83.14106774330139,60.100035572052,23.04103217124939,0.7228682190805062,0.0,0.0,0.0,1.0,2
47304,2023-05-26T17:00,0.2,10,1.0,1.0,2.0,nearest,83.14106774330139,83.14106774330139,0.0,1.0,41.50352482795715,0.49919403195662054,0.23172294887548558,1.0,3
47304,2023-05-26T17:00,0.2,10,1.0,1.0,2.0,logit,83.14106774330139,83.14106774330139,4.440892098500626e-15,1.0,47.08781686603644,0.56636050202555,0.6590000492465766,0.694353453025441,0
47304,2023-05-26T17:00,0.2,10,1.0,1.0,2.0,coordinated,83.14106774330139,83.14106774330139,0.0,1.0,23.04103217124939,0.27713178091949375,0.23128057823824044,1.0,4
47304,2023-05-26T17:00,0.2,10,1.0,2.0,2.0,no_choice,83.14106774330139,60.100035572052,23.04103217124939,0.7228682190805062,0.0,0.0,0.0,1.0,2
47304,2023-05-26T17:00,0.2,10,1.0,2.0,2.0,nearest,83.14106774330139,83.14106774330139,0.0,1.0,41.50352482795715,0.49919403195662054,0.23172294887548558,1.0,3
47304,2023-05-26T17:00,0.2,10,1.0,2.0,2.0,logit,83.14106774330139,83.14106774330139,3.552713678800501e-15,1.0,39.88143500056882,0.4796839405972392,0.4038752228315029,0.7925515418650074,0
47304,2023-05-26T17:00,0.2,10,1.0,2.0,2.0,coordinated,83.14106774330139,83.14106774330139,0.0,1.0,23.04103217124939,0.27713178091949375,0.23128057823824044,1.0,4
47304,2023-05-26T17:00,0.2,10,2.0,0.5,2.0,no_choice,166.28213548660278,84.44387787437412,81.83825761222866,0.5078349374529033,0.0,0.0,0.0,1.0,7
47304,2023-05-26T17:00,0.2,10,2.0,0.5,2.0,nearest,166.28213548660278,166.28213548660278,0.0,1.0,106.5645635280612,0.640865978875085,0.4717683267581397,1.0,11
47304,2023-05-26T17:00,0.2,10,2.0,0.5,2.0,logit,166.28213548660278,166.28213548660278,4.440892098500626e-15,1.0,113.78450528377046,0.6842858070759982,1.2918811053526584,1.0,2
47304,2023-05-26T17:00,0.2,10,2.0,0.5,2.0,coordinated,166.28213548660278,166.28213548660278,0.0,1.0,81.83825761222867,0.49216506254709674,0.4568956127466894,1.0,14
47304,2023-05-26T17:00,0.2,10,2.0,1.0,2.0,no_choice,166.28213548660278,84.44387787437412,81.83825761222866,0.5078349374529033,0.0,0.0,0.0,1.0,7
47304,2023-05-26T17:00,0.2,10,2.0,1.0,2.0,nearest,166.28213548660278,166.28213548660278,0.0,1.0,106.5645635280612,0.640865978875085,0.4717683267581397,1.0,11
47304,2023-05-26T17:00,0.2,10,2.0,1.0,2.0,logit,166.28213548660278,166.28213548660278,7.993605777301127e-15,1.0,103.74715151137316,0.6239224148028336,0.7858658931084296,1.0000000000000002,4
47304,2023-05-26T17:00,0.2,10,2.0,1.0,2.0,coordinated,166.28213548660278,166.28213548660278,0.0,1.0,81.83825761222867,0.49216506254709674,0.4568956127466894,1.0,14
47304,2023-05-26T17:00,0.2,10,2.0,2.0,2.0,no_choice,166.28213548660278,84.44387787437412,81.83825761222866,0.5078349374529033,0.0,0.0,0.0,1.0,7
47304,2023-05-26T17:00,0.2,10,2.0,2.0,2.0,nearest,166.28213548660278,166.28213548660278,0.0,1.0,106.5645635280612,0.640865978875085,0.4717683267581397,1.0,11
47304,2023-05-26T17:00,0.2,10,2.0,2.0,2.0,logit,166.28213548660278,166.28213548660278,8.881784197001252e-16,1.0,97.74065364389767,0.5878000866291049,0.5944354670279014,1.0000000000000002,8
47304,2023-05-26T17:00,0.2,10,2.0,2.0,2.0,coordinated,166.28213548660278,166.28213548660278,0.0,1.0,81.83825761222867,0.49216506254709674,0.4568956127466894,1.0,14
47304,2023-05-26T17:00,0.2,10,4.0,0.5,2.0,no_choice,332.56427097320557,90.4300729122159,242.13419806098966,0.2719175834721637,0.0,0.0,0.0,1.0,8
47304,2023-05-26T17:00,0.2,10,4.0,0.5,2.0,nearest,332.56427097320557,332.56427097320557,0.0,1.0,293.70998058319094,0.8831675745674282,1.7166569848881343,1.0,33
47304,2023-05-26T17:00,0.2,10,4.0,0.5,2.0,logit,332.56427097320557,332.5642709732055,7.105427357601002e-15,0.9999999999999998,273.71434071752594,0.8230419338690143,1.9204917952338612,1.0000000000000002,20
47304,2023-05-26T17:00,0.2,10,4.0,0.5,2.0,coordinated,332.56427097320557,332.56427097320557,0.0,1.0,242.1341980609897,0.7280824165278363,1.2800307948351772,1.0000000000000002,32
47304,2023-05-26T17:00,0.2,10,4.0,1.0,2.0,no_choice,332.56427097320557,90.4300729122159,242.13419806098966,0.2719175834721637,0.0,0.0,0.0,1.0,8
47304,2023-05-26T17:00,0.2,10,4.0,1.0,2.0,nearest,332.56427097320557,332.56427097320557,0.0,1.0,293.70998058319094,0.8831675745674282,1.7166569848881343,1.0,33
47304,2023-05-26T17:00,0.2,10,4.0,1.0,2.0,logit,332.56427097320557,332.56427097320557,0.0,1.0,267.0026165644439,0.8028601983703657,1.6336913922712706,1.0000000000000002,22
47304,2023-05-26T17:00,0.2,10,4.0,1.0,2.0,coordinated,332.56427097320557,332.56427097320557,0.0,1.0,242.1341980609897,0.7280824165278363,1.2800307948351772,1.0000000000000002,32
47304,2023-05-26T17:00,0.2,10,4.0,2.0,2.0,no_choice,332.56427097320557,90.4300729122159,242.13419806098966,0.2719175834721637,0.0,0.0,0.0,1.0,8
47304,2023-05-26T17:00,0.2,10,4.0,2.0,2.0,nearest,332.56427097320557,332.56427097320557,0.0,1.0,293.70998058319094,0.8831675745674282,1.7166569848881343,1.0,33
47304,2023-05-26T17:00,0.2,10,4.0,2.0,2.0,logit,332.56427097320557,332.56427097320557,7.105427357601002e-15,1.0,262.70415203075993,0.7899349838814338,1.5435009745321329,1.0000000000000002,22
47304,2023-05-26T17:00,0.2,10,4.0,2.0,2.0,coordinated,332.56427097320557,332.56427097320557,0.0,1.0,242.1341980609897,0.7280824165278363,1.2800307948351772,1.0000000000000002,32
47304,2023-05-26T17:00,0.3,15,1.0,0.5,2.0,no_choice,83.14106774330139,43.30521764755249,39.8358500957489,0.5208643432540179,0.0,0.0,0.0,1.0,2
47304,2023-05-26T17:00,0.3,15,1.0,0.5,2.0,nearest,83.14106774330139,83.14106774330139,0.0,1.0,51.09834275245667,0.6145981058388995,0.5639238977998297,1.0,5
47304,2023-05-26T17:00,0.3,15,1.0,0.5,2.0,logit,83.14106774330139,83.14106774330139,8.881784197001252e-16,1.0,62.7928994187855,0.7552573129402067,1.5305150148462203,0.7522163681961036,0
47304,2023-05-26T17:00,0.3,15,1.0,0.5,2.0,coordinated,83.14106774330139,83.14106774330139,0.0,1.0,39.8358500957489,0.47913565674598213,0.5634815271625845,1.0000000000000002,5
47304,2023-05-26T17:00,0.3,15,1.0,1.0,2.0,no_choice,83.14106774330139,43.30521764755249,39.8358500957489,0.5208643432540179,0.0,0.0,0.0,1.0,2
47304,2023-05-26T17:00,0.3,15,1.0,1.0,2.0,nearest,83.14106774330139,83.14106774330139,0.0,1.0,51.09834275245667,0.6145981058388995,0.5639238977998297,1.0,5
47304,2023-05-26T17:00,0.3,15,1.0,1.0,2.0,logit,83.14106774330139,83.14106774330139,3.552713678800501e-15,1.0,56.94728542175175,0.6849477276088981,0.9996455112720533,0.8899784201218692,0
47304,2023-05-26T17:00,0.3,15,1.0,1.0,2.0,coordinated,83.14106774330139,83.14106774330139,0.0,1.0,39.8358500957489,0.47913565674598213,0.5634815271625845,1.0000000000000002,5
47304,2023-05-26T17:00,0.3,15,1.0,2.0,2.0,no_choice,83.14106774330139,43.30521764755249,39.8358500957489,0.5208643432540179,0.0,0.0,0.0,1.0,2
47304,2023-05-26T17:00,0.3,15,1.0,2.0,2.0,nearest,83.14106774330139,83.14106774330139,0.0,1.0,51.09834275245667,0.6145981058388995,0.5639238977998297,1.0,5
47304,2023-05-26T17:00,0.3,15,1.0,2.0,2.0,logit,83.14106774330139,83.14106774330139,2.220446049250313e-15,1.0,52.12723149520781,0.6269733226923545,0.7542935218909783,0.9906747814589337,0
47304,2023-05-26T17:00,0.3,15,1.0,2.0,2.0,coordinated,83.14106774330139,83.14106774330139,0.0,1.0,39.8358500957489,0.47913565674598213,0.5634815271625845,1.0000000000000002,5
47304,2023-05-26T17:00,0.3,15,2.0,0.5,2.0,no_choice,166.28213548660278,58.56011123657226,107.72202425003051,0.3521731968693077,0.0,0.0,0.0,1.0,5
47304,2023-05-26T17:00,0.3,15,2.0,0.5,2.0,nearest,166.28213548660278,166.28213548660278,0.0,1.0,133.62806423759474,0.8036224928585972,0.824006905658313,1.0,15
47304,2023-05-26T17:00,0.3,15,2.0,0.5,2.0,logit,166.28213548660278,166.28213548660278,7.105427357601002e-15,1.0,130.1551537301912,0.7827368427119923,1.5907458216902117,1.0000000000000002,4
47304,2023-05-26T17:00,0.3,15,2.0,0.5,2.0,coordinated,166.28213548660278,166.28213548660278,0.0,1.0,107.72202425003053,0.6478268031306923,0.7837792320521898,1.0,15
47304,2023-05-26T17:00,0.3,15,2.0,1.0,2.0,no_choice,166.28213548660278,58.56011123657226,107.72202425003051,0.3521731968693077,0.0,0.0,0.0,1.0,5
47304,2023-05-26T17:00,0.3,15,2.0,1.0,2.0,nearest,166.28213548660278,166.28213548660278,0.0,1.0,133.62806423759474,0.8036224928585972,0.824006905658313,1.0,15
47304,2023-05-26T17:00,0.3,15,2.0,1.0,2.0,logit,166.28213548660278,166.28213548660278,7.105427357601002e-15,1.0,126.30200481590319,0.7595644862648474,1.1578595154356397,1.0000000000000002,8
47304,2023-05-26T17:00,0.3,15,2.0,1.0,2.0,coordinated,166.28213548660278,166.28213548660278,0.0,1.0,107.72202425003053,0.6478268031306923,0.7837792320521898,1.0,15
47304,2023-05-26T17:00,0.3,15,2.0,2.0,2.0,no_choice,166.28213548660278,58.56011123657226,107.72202425003051,0.3521731968693077,0.0,0.0,0.0,1.0,5
47304,2023-05-26T17:00,0.3,15,2.0,2.0,2.0,nearest,166.28213548660278,166.28213548660278,0.0,1.0,133.62806423759474,0.8036224928585972,0.824006905658313,1.0,15
47304,2023-05-26T17:00,0.3,15,2.0,2.0,2.0,logit,166.28213548660278,166.28213548660278,1.0658141036401503e-14,1.0,125.25585700633536,0.7532730839653374,0.9836080912067368,1.0000000000000002,14
47304,2023-05-26T17:00,0.3,15,2.0,2.0,2.0,coordinated,166.28213548660278,166.28213548660278,0.0,1.0,107.72202425003053,0.6478268031306923,0.7837792320521898,1.0,15
47304,2023-05-26T17:00,0.3,15,4.0,0.5,2.0,no_choice,332.56427097320557,64.54630627441405,268.0179646987915,0.19408671318036594,0.0,0.0,0.0,1.0,6
47304,2023-05-26T17:00,0.3,15,4.0,0.5,2.0,nearest,332.56427097320557,313.6686452808375,18.895625692368057,0.9431820332440628,292.1678575458522,0.9314538189950897,2.6223377008679227,1.0,35
47304,2023-05-26T17:00,0.3,15,4.0,0.5,2.0,logit,332.56427097320557,313.6686452808375,18.895625692368036,0.9431820332440628,275.78867972310786,0.8792357281238152,2.6898288799091503,1.0000000000000002,35
47304,2023-05-26T17:00,0.3,15,4.0,0.5,2.0,coordinated,332.56427097320557,313.6686452808375,18.895625692368057,0.9431820332440628,249.12233900642346,0.7942213630673105,2.021568340520256,1.0000000000000004,35
47304,2023-05-26T17:00,0.3,15,4.0,1.0,2.0,no_choice,332.56427097320557,64.54630627441405,268.0179646987915,0.19408671318036594,0.0,0.0,0.0,1.0,6
47304,2023-05-26T17:00,0.3,15,4.0,1.0,2.0,nearest,332.56427097320557,313.6686452808375,18.895625692368057,0.9431820332440628,292.1678575458522,0.9314538189950897,2.6223377008679227,1.0,35
47304,2023-05-26T17:00,0.3,15,4.0,1.0,2.0,logit,332.56427097320557,313.6686452808375,18.89562569236803,0.9431820332440628,273.2901644492532,0.8712702674013459,2.5585253755492774,1.0000000000000002,35
47304,2023-05-26T17:00,0.3,15,4.0,1.0,2.0,coordinated,332.56427097320557,313.6686452808375,18.895625692368057,0.9431820332440628,249.12233900642346,0.7942213630673105,2.021568340520256,1.0000000000000004,35
47304,2023-05-26T17:00,0.3,15,4.0,2.0,2.0,no_choice,332.56427097320557,64.54630627441405,268.0179646987915,0.19408671318036594,0.0,0.0,0.0,1.0,6
47304,2023-05-26T17:00,0.3,15,4.0,2.0,2.0,nearest,332.56427097320557,313.6686452808375,18.895625692368057,0.9431820332440628,292.1678575458522,0.9314538189950897,2.6223377008679227,1.0,35
47304,2023-05-26T17:00,0.3,15,4.0,2.0,2.0,logit,332.56427097320557,313.66864528083755,18.895625692368064,0.943182033244063,272.64236680057013,0.8692050381907466,2.485021245990042,1.0000000000000002,35
47304,2023-05-26T17:00,0.3,15,4.0,2.0,2.0,coordinated,332.56427097320557,313.6686452808375,18.895625692368057,0.9431820332440628,249.12233900642346,0.7942213630673105,2.021568340520256,1.0000000000000004,35
47458,2023-06-02T03:00,0.1,5,1.0,0.5,2.0,no_choice,11.082432746887207,7.2,3.882432746887207,0.6496768502405132,0.0,0.0,0.0,1.0,1
47458,2023-06-02T03:00,0.1,5,1.0,0.5,2.0,nearest,11.082432746887207,11.082432746887207,0.0,1.0,3.882432746887207,0.3503231497594867,1.269094108833102,1.0,1
47458,2023-06-02T03:00,0.1,5,1.0,0.5,2.0,logit,11.082432746887207,11.082432746887207,0.0,1.0,3.882432746887208,0.35032314975948686,1.8120566651060315,1.0,1
47458,2023-06-02T03:00,0.1,5,1.0,0.5,2.0,coordinated,11.082432746887207,11.082432746887207,0.0,1.0,3.882432746887207,0.3503231497594867,1.269094108833102,1.0,1
47458,2023-06-02T03:00,0.1,5,1.0,1.0,2.0,no_choice,11.082432746887207,7.2,3.882432746887207,0.6496768502405132,0.0,0.0,0.0,1.0,1
47458,2023-06-02T03:00,0.1,5,1.0,1.0,2.0,nearest,11.082432746887207,11.082432746887207,0.0,1.0,3.882432746887207,0.3503231497594867,1.269094108833102,1.0,1
47458,2023-06-02T03:00,0.1,5,1.0,1.0,2.0,logit,11.082432746887207,11.082432746887207,0.0,1.0,3.8824327468872077,0.3503231497594868,1.557838903819572,0.9999999999999999,1
47458,2023-06-02T03:00,0.1,5,1.0,1.0,2.0,coordinated,11.082432746887207,11.082432746887207,0.0,1.0,3.882432746887207,0.3503231497594867,1.269094108833102,1.0,1
47458,2023-06-02T03:00,0.1,5,1.0,2.0,2.0,no_choice,11.082432746887207,7.2,3.882432746887207,0.6496768502405132,0.0,0.0,0.0,1.0,1
47458,2023-06-02T03:00,0.1,5,1.0,2.0,2.0,nearest,11.082432746887207,11.082432746887207,0.0,1.0,3.882432746887207,0.3503231497594867,1.269094108833102,1.0,1
47458,2023-06-02T03:00,0.1,5,1.0,2.0,2.0,logit,11.082432746887207,11.082432746887207,0.0,1.0,3.8824327468872064,0.3503231497594867,1.4321712667953248,1.0,1
47458,2023-06-02T03:00,0.1,5,1.0,2.0,2.0,coordinated,11.082432746887207,11.082432746887207,0.0,1.0,3.882432746887207,0.3503231497594867,1.269094108833102,1.0,1
47458,2023-06-02T03:00,0.1,5,2.0,0.5,2.0,no_choice,22.164865493774414,7.2,14.964865493774415,0.3248384251202566,0.0,0.0,0.0,1.0,1
47458,2023-06-02T03:00,0.1,5,2.0,0.5,2.0,nearest,22.164865493774414,22.164865493774414,0.0,1.0,14.964865493774415,0.6751615748797434,2.4553438656661593,1.0,3
47458,2023-06-02T03:00,0.1,5,2.0,0.5,2.0,logit,22.164865493774414,22.164865493774414,0.0,1.0,14.964865493774413,0.6751615748797434,3.4922928519690073,1.0,1
47458,2023-06-02T03:00,0.1,5,2.0,0.5,2.0,coordinated,22.164865493774414,22.164865493774414,0.0,1.0,14.964865493774415,0.6751615748797434,2.4553438656661593,1.0,3
47458,2023-06-02T03:00,0.1,5,2.0,1.0,2.0,no_choice,22.164865493774414,7.2,14.964865493774415,0.3248384251202566,0.0,0.0,0.0,1.0,1
47458,2023-06-02T03:00,0.1,5,2.0,1.0,2.0,nearest,22.164865493774414,22.164865493774414,0.0,1.0,14.964865493774415,0.6751615748797434,2.4553438656661593,1.0,3
47458,2023-06-02T03:00,0.1,5,2.0,1.0,2.0,logit,22.164865493774414,22.164865493774414,3.552713678800501e-15,1.0,14.964865493774415,0.6751615748797434,3.0023507394069164,0.9999999999999999,1
47458,2023-06-02T03:00,0.1,5,2.0,1.0,2.0,coordinated,22.164865493774414,22.164865493774414,0.0,1.0,14.964865493774415,0.6751615748797434,2.4553438656661593,1.0,3
47458,2023-06-02T03:00,0.1,5,2.0,2.0,2.0,no_choice,22.164865493774414,7.2,14.964865493774415,0.3248384251202566,0.0,0.0,0.0,1.0,1
47458,2023-06-02T03:00,0.1,5,2.0,2.0,2.0,nearest,22.164865493774414,22.164865493774414,0.0,1.0,14.964865493774415,0.6751615748797434,2.4553438656661593,1.0,3
47458,2023-06-02T03:00,0.1,5,2.0,2.0,2.0,logit,22.164865493774414,22.16486549377441,7.105427357601002e-15,0.9999999999999999,14.964865493774411,0.6751615748797434,2.760157325175065,1.0,1
47458,2023-06-02T03:00,0.1,5,2.0,2.0,2.0,coordinated,22.164865493774414,22.164865493774414,0.0,1.0,14.964865493774415,0.6751615748797434,2.4553438656661593,1.0,3
47458,2023-06-02T03:00,0.1,5,4.0,0.5,2.0,no_choice,44.32973098754883,7.2,37.129730987548825,0.1624192125601283,0.0,0.0,0.0,1.0,1
47458,2023-06-02T03:00,0.1,5,4.0,0.5,2.0,nearest,44.32973098754883,44.32973098754883,0.0,1.0,37.129730987548825,0.8375807874398716,3.3050101228960727,1.0,6
47458,2023-06-02T03:00,0.1,5,4.0,0.5,2.0,logit,44.32973098754883,44.32973098754883,0.0,1.0,37.129730987548825,0.8375807874398716,4.332410945400496,1.0,1
47458,2023-06-02T03:00,0.1,5,4.0,0.5,2.0,coordinated,44.32973098754883,44.32973098754883,0.0,1.0,37.129730987548825,0.8375807874398716,3.3050101228960727,1.0,6
47458,2023-06-02T03:00,0.1,5,4.0,1.0,2.0,no_choice,44.32973098754883,7.2,37.129730987548825,0.1624192125601283,0.0,0.0,0.0,1.0,1
47458,2023-06-02T03:00,0.1,5,4.0,1.0,2.0,nearest,44.32973098754883,44.32973098754883,0.0,1.0,37.129730987548825,0.8375807874398716,3.3050101228960727,1.0,6
47458,2023-06-02T03:00,0.1,5,4.0,1.0,2.0,logit,44.32973098754883,44.32973098754884,0.0,1.0000000000000002,37.12973098754884,0.8375807874398716,3.724606657200588,0.9999999999999999,1
47458,2023-06-02T03:00,0.1,5,4.0,1.0,2.0,coordinated,44.32973098754883,44.32973098754883,0.0,1.0,37.129730987548825,0.8375807874398716,3.3050101228960727,1.0,6
47458,2023-06-02T03:00,0.1,5,4.0,2.0,2.0,no_choice,44.32973098754883,7.2,37.129730987548825,0.1624192125601283,0.0,0.0,0.0,1.0,1
47458,2023-06-02T03:00,0.1,5,4.0,2.0,2.0,nearest,44.32973098754883,44.32973098754883,0.0,1.0,37.129730987548825,0.8375807874398716,3.3050101228960727,1.0,6
47458,2023-06-02T03:00,0.1,5,4.0,2.0,2.0,logit,44.32973098754883,44.32973098754883,7.105427357601002e-15,1.0,37.129730987548825,0.8375807874398716,3.4241503543649348,1.0,1
47458,2023-06-02T03:00,0.1,5,4.0,2.0,2.0,coordinated,44.32973098754883,44.32973098754883,0.0,1.0,37.129730987548825,0.8375807874398716,3.3050101228960727,1.0,6
47458,2023-06-02T03:00,0.2,10,1.0,0.5,2.0,no_choice,11.082432746887207,7.2,3.882432746887207,0.6496768502405132,0.0,0.0,0.0,1.0,1
47458,2023-06-02T03:00,0.2,10,1.0,0.5,2.0,nearest,11.082432746887207,11.082432746887207,0.0,1.0,3.882432746887207,0.3503231497594867,1.269094108833102,1.0,1
47458,2023-06-02T03:00,0.2,10,1.0,0.5,2.0,logit,11.082432746887207,11.082432746887205,3.552713678800501e-15,0.9999999999999999,3.8824327468872046,0.3503231497594866,1.7533962844396578,1.0,1
47458,2023-06-02T03:00,0.2,10,1.0,0.5,2.0,coordinated,11.082432746887207,11.082432746887207,0.0,1.0,3.882432746887207,0.3503231497594867,1.269094108833102,1.0,1
47458,2023-06-02T03:00,0.2,10,1.0,1.0,2.0,no_choice,11.082432746887207,7.2,3.882432746887207,0.6496768502405132,0.0,0.0,0.0,1.0,1
47458,2023-06-02T03:00,0.2,10,1.0,1.0,2.0,nearest,11.082432746887207,11.082432746887207,0.0,1.0,3.882432746887207,0.3503231497594867,1.269094108833102,1.0,1
47458,2023-06-02T03:00,0.2,10,1.0,1.0,2.0,logit,11.082432746887207,11.082432746887207,1.7763568394002505e-15,1.0,3.882432746887206,0.35032314975948664,1.5395287436002008,1.0000000000000002,1
47458,2023-06-02T03:00,0.2,10,1.0,1.0,2.0,coordinated,11.082432746887207,11.082432746887207,0.0,1.0,3.882432746887207,0.3503231497594867,1.269094108833102,1.0,1
47458,2023-06-02T03:00,0.2,10,1.0,2.0,2.0,no_choice,11.082432746887207,7.2,3.882432746887207,0.6496768502405132,0.0,0.0,0.0,1.0,1
47458,2023-06-02T03:00,0.2,10,1.0,2.0,2.0,nearest,11.082432746887207,11.082432746887207,0.0,1.0,3.882432746887207,0.3503231497594867,1.269094108833102,1.0,1
47458,2023-06-02T03:00,0.2,10,1.0,2.0,2.0,logit,11.082432746887207,11.082432746887207,0.0,1.0,3.882432746887206,0.35032314975948664,1.4287134262606562,1.0,1
47458,2023-06-02T03:00,0.2,10,1.0,2.0,2.0,coordinated,11.082432746887207,11.082432746887207,0.0,1.0,3.882432746887207,0.3503231497594867,1.269094108833102,1.0,1
47458,2023-06-02T03:00,0.2,10,2.0,0.5,2.0,no_choice,22.164865493774414,7.2,14.964865493774415,0.3248384251202566,0.0,0.0,0.0,1.0,1
47458,2023-06-02T03:00,0.2,10,2.0,0.5,2.0,nearest,22.164865493774414,22.164865493774414,0.0,1.0,14.964865493774415,0.6751615748797434,2.4553438656661593,1.0,3
47458,2023-06-02T03:00,0.2,10,2.0,0.5,2.0,logit,22.164865493774414,22.164865493774414,0.0,1.0,14.964865493774413,0.6751615748797434,3.379239418243762,1.0,1
47458,2023-06-02T03:00,0.2,10,2.0,0.5,2.0,coordinated,22.164865493774414,22.164865493774414,0.0,1.0,14.964865493774415,0.6751615748797434,2.4553438656661593,1.0,3
47458,2023-06-02T03:00,0.2,10,2.0,1.0,2.0,no_choice,22.164865493774414,7.2,14.964865493774415,0.3248384251202566,0.0,0.0,0.0,1.0,1
47458,2023-06-02T03:00,0.2,10,2.0,1.0,2.0,nearest,22.164865493774414,22.164865493774414,0.0,1.0,14.964865493774415,0.6751615748797434,2.4553438656661593,1.0,3
47458,2023-06-02T03:00,0.2,10,2.0,1.0,2.0,logit,22.164865493774414,22.164865493774414,3.552713678800501e-15,1.0,14.964865493774413,0.6751615748797434,2.9670624159875314,1.0000000000000002,1
47458,2023-06-02T03:00,0.2,10,2.0,1.0,2.0,coordinated,22.164865493774414,22.164865493774414,0.0,1.0,14.964865493774415,0.6751615748797434,2.4553438656661593,1.0,3
47458,2023-06-02T03:00,0.2,10,2.0,2.0,2.0,no_choice,22.164865493774414,7.2,14.964865493774415,0.3248384251202566,0.0,0.0,0.0,1.0,1
47458,2023-06-02T03:00,0.2,10,2.0,2.0,2.0,nearest,22.164865493774414,22.164865493774414,0.0,1.0,14.964865493774415,0.6751615748797434,2.4553438656661593,1.0,3
47458,2023-06-02T03:00,0.2,10,2.0,2.0,2.0,logit,22.164865493774414,22.164865493774414,0.0,1.0,14.964865493774415,0.6751615748797434,2.7534931893259995,1.0,1
47458,2023-06-02T03:00,0.2,10,2.0,2.0,2.0,coordinated,22.164865493774414,22.164865493774414,0.0,1.0,14.964865493774415,0.6751615748797434,2.4553438656661593,1.0,3
47458,2023-06-02T03:00,0.2,10,4.0,0.5,2.0,no_choice,44.32973098754883,7.2,37.129730987548825,0.1624192125601283,0.0,0.0,0.0,1.0,1
47458,2023-06-02T03:00,0.2,10,4.0,0.5,2.0,nearest,44.32973098754883,44.32973098754883,0.0,1.0,37.129730987548825,0.8375807874398716,3.3050101228960727,1.0,6
47458,2023-06-02T03:00,0.2,10,4.0,0.5,2.0,logit,44.32973098754883,44.329730987548835,0.0,1.0000000000000002,37.12973098754884,0.8375807874398719,4.192160985145814,1.0,1
47458,2023-06-02T03:00,0.2,10,4.0,0.5,2.0,coordinated,44.32973098754883,44.32973098754883,0.0,1.0,37.129730987548825,0.8375807874398716,3.3050101228960727,1.0,6
47458,2023-06-02T03:00,0.2,10,4.0,1.0,2.0,no_choice,44.32973098754883,7.2,37.129730987548825,0.1624192125601283,0.0,0.0,0.0,1.0,1
47458,2023-06-02T03:00,0.2,10,4.0,1.0,2.0,nearest,44.32973098754883,44.32973098754883,0.0,1.0,37.129730987548825,0.8375807874398716,3.3050101228960727,1.0,6
47458,2023-06-02T03:00,0.2,10,4.0,1.0,2.0,logit,44.32973098754883,44.32973098754883,0.0,1.0,37.129730987548825,0.8375807874398716,3.6808292521811974,1.0000000000000002,1
47458,2023-06-02T03:00,0.2,10,4.0,1.0,2.0,coordinated,44.32973098754883,44.32973098754883,0.0,1.0,37.129730987548825,0.8375807874398716,3.3050101228960727,1.0,6
47458,2023-06-02T03:00,0.2,10,4.0,2.0,2.0,no_choice,44.32973098754883,7.2,37.129730987548825,0.1624192125601283,0.0,0.0,0.0,1.0,1
47458,2023-06-02T03:00,0.2,10,4.0,2.0,2.0,nearest,44.32973098754883,44.32973098754883,0.0,1.0,37.129730987548825,0.8375807874398716,3.3050101228960727,1.0,6
47458,2023-06-02T03:00,0.2,10,4.0,2.0,2.0,logit,44.32973098754883,44.32973098754883,7.105427357601002e-15,1.0,37.129730987548825,0.8375807874398716,3.415883070858671,1.0,1
47458,2023-06-02T03:00,0.2,10,4.0,2.0,2.0,coordinated,44.32973098754883,44.32973098754883,0.0,1.0,37.129730987548825,0.8375807874398716,3.3050101228960727,1.0,6
47458,2023-06-02T03:00,0.3,15,1.0,0.5,2.0,no_choice,11.082432746887207,7.2,3.882432746887207,0.6496768502405132,0.0,0.0,0.0,1.0,1
47458,2023-06-02T03:00,0.3,15,1.0,0.5,2.0,nearest,11.082432746887207,11.082432746887207,0.0,1.0,3.882432746887207,0.3503231497594867,1.269094108833102,1.0,1
47458,2023-06-02T03:00,0.3,15,1.0,0.5,2.0,logit,11.082432746887207,11.082432746887207,0.0,1.0,3.882432746887207,0.3503231497594867,1.7195609808042167,1.0,1
47458,2023-06-02T03:00,0.3,15,1.0,0.5,2.0,coordinated,11.082432746887207,11.082432746887207,0.0,1.0,3.882432746887207,0.3503231497594867,1.269094108833102,1.0,1
47458,2023-06-02T03:00,0.3,15,1.0,1.0,2.0,no_choice,11.082432746887207,7.2,3.882432746887207,0.6496768502405132,0.0,0.0,0.0,1.0,1
47458,2023-06-02T03:00,0.3,15,1.0,1.0,2.0,nearest,11.082432746887207,11.082432746887207,0.0,1.0,3.882432746887207,0.3503231497594867,1.269094108833102,1.0,1
47458,2023-06-02T03:00,0.3,15,1.0,1.0,2.0,logit,11.082432746887207,11.082432746887205,3.552713678800501e-15,0.9999999999999999,3.882432746887205,0.35032314975948664,1.531328547711498,1.0,1
47458,2023-06-02T03:00,0.3,15,1.0,1.0,2.0,coordinated,11.082432746887207,11.082432746887207,0.0,1.0,3.882432746887207,0.3503231497594867,1.269094108833102,1.0,1
47458,2023-06-02T03:00,0.3,15,1.0,2.0,2.0,no_choice,11.082432746887207,7.2,3.882432746887207,0.6496768502405132,0.0,0.0,0.0,1.0,1
47458,2023-06-02T03:00,0.3,15,1.0,2.0,2.0,nearest,11.082432746887207,11.082432746887207,0.0,1.0,3.882432746887207,0.3503231497594867,1.269094108833102,1.0,1
47458,2023-06-02T03:00,0.3,15,1.0,2.0,2.0,logit,11.082432746887207,11.082432746887207,1.7763568394002505e-15,1.0,3.882432746887205,0.3503231497594866,1.4240781154866355,1.0000000000000002,1
47458,2023-06-02T03:00,0.3,15,1.0,2.0,2.0,coordinated,11.082432746887207,11.082432746887207,0.0,1.0,3.882432746887207,0.3503231497594867,1.269094108833102,1.0,1
47458,2023-06-02T03:00,0.3,15,2.0,0.5,2.0,no_choice,22.164865493774414,7.2,14.964865493774415,0.3248384251202566,0.0,0.0,0.0,1.0,1
47458,2023-06-02T03:00,0.3,15,2.0,0.5,2.0,nearest,22.164865493774414,22.164865493774414,0.0,1.0,14.964865493774415,0.6751615748797434,2.4553438656661593,1.0,3
47458,2023-06-02T03:00,0.3,15,2.0,0.5,2.0,logit,22.164865493774414,22.164865493774418,0.0,1.0000000000000002,14.964865493774417,0.6751615748797434,3.314030205250778,1.0,1
47458,2023-06-02T03:00,0.3,15,2.0,0.5,2.0,coordinated,22.164865493774414,22.164865493774414,0.0,1.0,14.964865493774415,0.6751615748797434,2.4553438656661593,1.0,3
47458,2023-06-02T03:00,0.3,15,2.0,1.0,2.0,no_choice,22.164865493774414,7.2,14.964865493774415,0.3248384251202566,0.0,0.0,0.0,1.0,1
47458,2023-06-02T03:00,0.3,15,2.0,1.0,2.0,nearest,22.164865493774414,22.164865493774414,0.0,1.0,14.964865493774415,0.6751615748797434,2.4553438656661593,1.0,3
47458,2023-06-02T03:00,0.3,15,2.0,1.0,2.0,logit,22.164865493774414,22.164865493774414,0.0,1.0,14.964865493774411,0.6751615748797433,2.9512585583939352,1.0,1
47458,2023-06-02T03:00,0.3,15,2.0,1.0,2.0,coordinated,22.164865493774414,22.164865493774414,0.0,1.0,14.964865493774415,0.6751615748797434,2.4553438656661593,1.0,3
47458,2023-06-02T03:00,0.3,15,2.0,2.0,2.0,no_choice,22.164865493774414,7.2,14.964865493774415,0.3248384251202566,0.0,0.0,0.0,1.0,1
47458,2023-06-02T03:00,0.3,15,2.0,2.0,2.0,nearest,22.164865493774414,22.164865493774414,0.0,1.0,14.964865493774415,0.6751615748797434,2.4553438656661593,1.0,3
47458,2023-06-02T03:00,0.3,15,2.0,2.0,2.0,logit,22.164865493774414,22.164865493774414,3.552713678800501e-15,1.0,14.964865493774413,0.6751615748797434,2.7445597696407944,1.0000000000000002,1
47458,2023-06-02T03:00,0.3,15,2.0,2.0,2.0,coordinated,22.164865493774414,22.164865493774414,0.0,1.0,14.964865493774415,0.6751615748797434,2.4553438656661593,1.0,3
47458,2023-06-02T03:00,0.3,15,4.0,0.5,2.0,no_choice,44.32973098754883,7.2,37.129730987548825,0.1624192125601283,0.0,0.0,0.0,1.0,1
47458,2023-06-02T03:00,0.3,15,4.0,0.5,2.0,nearest,44.32973098754883,44.32973098754883,0.0,1.0,37.129730987548825,0.8375807874398716,3.3050101228960727,1.0,6
47458,2023-06-02T03:00,0.3,15,4.0,0.5,2.0,logit,44.32973098754883,44.32973098754883,0.0,1.0,37.129730987548825,0.8375807874398716,4.1112648174740585,1.0,1
47458,2023-06-02T03:00,0.3,15,4.0,0.5,2.0,coordinated,44.32973098754883,44.32973098754883,0.0,1.0,37.129730987548825,0.8375807874398716,3.3050101228960727,1.0,6
47458,2023-06-02T03:00,0.3,15,4.0,1.0,2.0,no_choice,44.32973098754883,7.2,37.129730987548825,0.1624192125601283,0.0,0.0,0.0,1.0,1
47458,2023-06-02T03:00,0.3,15,4.0,1.0,2.0,nearest,44.32973098754883,44.32973098754883,0.0,1.0,37.129730987548825,0.8375807874398716,3.3050101228960727,1.0,6
47458,2023-06-02T03:00,0.3,15,4.0,1.0,2.0,logit,44.32973098754883,44.32973098754883,0.0,1.0,37.129730987548825,0.8375807874398716,3.661223563735153,1.0,1
47458,2023-06-02T03:00,0.3,15,4.0,1.0,2.0,coordinated,44.32973098754883,44.32973098754883,0.0,1.0,37.129730987548825,0.8375807874398716,3.3050101228960727,1.0,6
47458,2023-06-02T03:00,0.3,15,4.0,2.0,2.0,no_choice,44.32973098754883,7.2,37.129730987548825,0.1624192125601283,0.0,0.0,0.0,1.0,1
47458,2023-06-02T03:00,0.3,15,4.0,2.0,2.0,nearest,44.32973098754883,44.32973098754883,0.0,1.0,37.129730987548825,0.8375807874398716,3.3050101228960727,1.0,6
47458,2023-06-02T03:00,0.3,15,4.0,2.0,2.0,logit,44.32973098754883,44.32973098754883,0.0,1.0,37.129730987548825,0.8375807874398716,3.4048005967178736,1.0000000000000002,1
47458,2023-06-02T03:00,0.3,15,4.0,2.0,2.0,coordinated,44.32973098754883,44.32973098754883,0.0,1.0,37.129730987548825,0.8375807874398716,3.3050101228960727,1.0,6
47868,2023-06-19T05:00,0.1,5,1.0,0.5,2.0,no_choice,3.571868658065796,0.945854902267456,2.62601375579834,0.2648067420204768,0.0,0.0,0.0,0.06533533705949217,0
47868,2023-06-19T05:00,0.1,5,1.0,0.5,2.0,nearest,3.571868658065796,3.571868658065796,0.0,1.0,2.62601375579834,0.7351932579795232,0.0,0.18267839852641626,0
47868,2023-06-19T05:00,0.1,5,1.0,0.5,2.0,logit,3.571868658065796,3.5718686580657963,2.220446049250313e-16,1.0000000000000002,3.176334961120125,0.8892642101907922,3.0219507979000593,0.05389465777504305,0
47868,2023-06-19T05:00,0.1,5,1.0,0.5,2.0,coordinated,3.571868658065796,3.571868658065796,0.0,1.0,2.62601375579834,0.7351932579795232,0.0,0.18267839852641626,0
47868,2023-06-19T05:00,0.1,5,1.0,1.0,2.0,no_choice,3.571868658065796,0.945854902267456,2.62601375579834,0.2648067420204768,0.0,0.0,0.0,0.06533533705949217,0
47868,2023-06-19T05:00,0.1,5,1.0,1.0,2.0,nearest,3.571868658065796,3.571868658065796,0.0,1.0,2.62601375579834,0.7351932579795232,0.0,0.18267839852641626,0
47868,2023-06-19T05:00,0.1,5,1.0,1.0,2.0,logit,3.571868658065796,3.5718686580657955,4.440892098500626e-16,0.9999999999999999,2.9152674162657095,0.8161743040810346,0.7684659513510622,0.14926155104979844,0
47868,2023-06-19T05:00,0.1,5,1.0,1.0,2.0,coordinated,3.571868658065796,3.571868658065796,0.0,1.0,2.62601375579834,0.7351932579795232,0.0,0.18267839852641626,0
47868,2023-06-19T05:00,0.1,5,1.0,2.0,2.0,no_choice,3.571868658065796,0.945854902267456,2.62601375579834,0.2648067420204768,0.0,0.0,0.0,0.06533533705949217,0
47868,2023-06-19T05:00,0.1,5,1.0,2.0,2.0,nearest,3.571868658065796,3.571868658065796,0.0,1.0,2.62601375579834,0.7351932579795232,0.0,0.18267839852641626,0
47868,2023-06-19T05:00,0.1,5,1.0,2.0,2.0,logit,3.571868658065796,3.571868658065796,0.0,1.0,2.6723805739072444,0.7481743674624268,0.0406236037525376,0.18150381197753132,0
47868,2023-06-19T05:00,0.1,5,1.0,2.0,2.0,coordinated,3.571868658065796,3.571868658065796,0.0,1.0,2.62601375579834,0.7351932579795232,0.0,0.18267839852641626,0
47868,2023-06-19T05:00,0.1,5,2.0,0.5,2.0,no_choice,7.143737316131592,1.891709804534912,5.25202751159668,0.2648067420204768,0.0,0.0,0.0,0.13067067411898434,0
47868,2023-06-19T05:00,0.1,5,2.0,0.5,2.0,nearest,7.143737316131592,7.143737316131592,0.0,1.0,5.25202751159668,0.7351932579795232,0.0,0.3653567970528325,0
47868,2023-06-19T05:00,0.1,5,2.0,0.5,2.0,logit,7.143737316131592,7.143737316131593,4.440892098500626e-16,1.0000000000000002,6.35266992224025,0.8892642101907922,3.0219507979000593,0.1077893155500861,0
47868,2023-06-19T05:00,0.1,5,2.0,0.5,2.0,coordinated,7.143737316131592,7.143737316131592,0.0,1.0,5.25202751159668,0.7351932579795232,0.0,0.3653567970528325,0
47868,2023-06-19T05:00,0.1,5,2.0,1.0,2.0,no_choice,7.143737316131592,1.891709804534912,5.25202751159668,0.2648067420204768,0.0,0.0,0.0,0.13067067411898434,0
47868,2023-06-19T05:00,0.1,5,2.0,1.0,2.0,nearest,7.143737316131592,7.143737316131592,0.0,1.0,5.25202751159668,0.7351932579795232,0.0,0.3653567970528325,0
47868,2023-06-19T05:00,0.1,5,2.0,1.0,2.0,logit,7.143737316131592,7.143737316131591,8.881784197001252e-16,0.9999999999999999,5.830534832531419,0.8161743040810346,0.7684659513510622,0.29852310209959687,0
47868,2023-06-19T05:00,0.1,5,2.0,1.0,2.0,coordinated,7.143737316131592,7.143737316131592,0.0,1.0,5.25202751159668,0.7351932579795232,0.0,0.3653567970528325,0
47868,2023-06-19T05:00,0.1,5,2.0,2.0,2.0,no_choice,7.143737316131592,1.891709804534912,5.25202751159668,0.2648067420204768,0.0,0.0,0.0,0.13067067411898434,0
47868,2023-06-19T05:00,0.1,5,2.0,2.0,2.0,nearest,7.143737316131592,7.143737316131592,0.0,1.0,5.25202751159668,0.7351932579795232,0.0,0.3653567970528325,0
47868,2023-06-19T05:00,0.1,5,2.0,2.0,2.0,logit,7.143737316131592,7.143737316131592,0.0,1.0,5.344761147814489,0.7481743674624268,0.0406236037525376,0.36300762395506264,0
47868,2023-06-19T05:00,0.1,5,2.0,2.0,2.0,coordinated,7.143737316131592,7.143737316131592,0.0,1.0,5.25202751159668,0.7351932579795232,0.0,0.3653567970528325,0
47868,2023-06-19T05:00,0.1,5,4.0,0.5,2.0,no_choice,14.287474632263184,3.783419609069824,10.50405502319336,0.2648067420204768,0.0,0.0,0.0,0.2613413482379687,0
47868,2023-06-19T05:00,0.1,5,4.0,0.5,2.0,nearest,14.287474632263184,14.287474632263184,0.0,1.0,10.50405502319336,0.7351932579795232,0.0,0.730713594105665,0
47868,2023-06-19T05:00,0.1,5,4.0,0.5,2.0,logit,14.287474632263184,14.287474632263185,8.881784197001252e-16,1.0000000000000002,12.7053398444805,0.8892642101907922,3.0219507979000593,0.2155786311001722,0
47868,2023-06-19T05:00,0.1,5,4.0,0.5,2.0,coordinated,14.287474632263184,14.287474632263184,0.0,1.0,10.50405502319336,0.7351932579795232,0.0,0.730713594105665,0
47868,2023-06-19T05:00,0.1,5,4.0,1.0,2.0,no_choice,14.287474632263184,3.783419609069824,10.50405502319336,0.2648067420204768,0.0,0.0,0.0,0.2613413482379687,0
47868,2023-06-19T05:00,0.1,5,4.0,1.0,2.0,nearest,14.287474632263184,14.287474632263184,0.0,1.0,10.50405502319336,0.7351932579795232,0.0,0.730713594105665,0
47868,2023-06-19T05:00,0.1,5,4.0,1.0,2.0,logit,14.287474632263184,14.287474632263182,1.7763568394002505e-15,0.9999999999999999,11.661069665062838,0.8161743040810346,0.7684659513510622,0.5970462041991937,0
47868,2023-06-19T05:00,0.1,5,4.0,1.0,2.0,coordinated,14.287474632263184,14.287474632263184,0.0,1.0,10.50405502319336,0.7351932579795232,0.0,0.730713594105665,0
47868,2023-06-19T05:00,0.1,5,4.0,2.0,2.0,no_choice,14.287474632263184,3.783419609069824,10.50405502319336,0.2648067420204768,0.0,0.0,0.0,0.2613413482379687,0
47868,2023-06-19T05:00,0.1,5,4.0,2.0,2.0,nearest,14.287474632263184,14.287474632263184,0.0,1.0,10.50405502319336,0.7351932579795232,0.0,0.730713594105665,0
47868,2023-06-19T05:00,0.1,5,4.0,2.0,2.0,logit,14.287474632263184,14.287474632263184,0.0,1.0,10.689522295628977,0.7481743674624268,0.0406236037525376,0.7260152479101253,0
47868,2023-06-19T05:00,0.1,5,4.0,2.0,2.0,coordinated,14.287474632263184,14.287474632263184,0.0,1.0,10.50405502319336,0.7351932579795232,0.0,0.730713594105665,0
47868,2023-06-19T05:00,0.2,10,1.0,0.5,2.0,no_choice,3.571868658065796,0.0,3.571868658065796,0.0,0.0,0.0,0.0,0.0,0
47868,2023-06-19T05:00,0.2,10,1.0,0.5,2.0,nearest,3.571868658065796,3.571868658065796,0.0,1.0,3.571868658065796,1.0,0.38062964820593315,0.18267839852641626,0
47868,2023-06-19T05:00,0.2,10,1.0,0.5,2.0,logit,3.571868658065796,3.571868658065797,0.0,1.0000000000000002,3.571868658065797,1.0,3.145631242298745,0.06094156199838669,0
47868,2023-06-19T05:00,0.2,10,1.0,0.5,2.0,coordinated,3.571868658065796,3.571868658065796,0.0,1.0,3.571868658065796,1.0,0.38062964820593315,0.18267839852641626,0
47868,2023-06-19T05:00,0.2,10,1.0,1.0,2.0,no_choice,3.571868658065796,0.0,3.571868658065796,0.0,0.0,0.0,0.0,0.0,0
47868,2023-06-19T05:00,0.2,10,1.0,1.0,2.0,nearest,3.571868658065796,3.571868658065796,0.0,1.0,3.571868658065796,1.0,0.38062964820593315,0.18267839852641626,0
47868,2023-06-19T05:00,0.2,10,1.0,1.0,2.0,logit,3.571868658065796,3.5718686580657963,0.0,1.0000000000000002,3.5718686580657963,1.0,1.0996694696073082,0.1535436534317826,0
47868,2023-06-19T05:00,0.2,10,1.0,1.0,2.0,coordinated,3.571868658065796,3.571868658065796,0.0,1.0,3.571868658065796,1.0,0.38062964820593315,0.18267839852641626,0
47868,2023-06-19T05:00,0.2,10,1.0,2.0,2.0,no_choice,3.571868658065796,0.0,3.571868658065796,0.0,0.0,0.0,0.0,0.0,0
47868,2023-06-19T05:00,0.2,10,1.0,2.0,2.0,nearest,3.571868658065796,3.571868658065796,0.0,1.0,3.571868658065796,1.0,0.38062964820593315,0.18267839852641626,0
47868,2023-06-19T05:00,0.2,10,1.0,2.0,2.0,logit,3.571868658065796,3.571868658065797,1.1102230246251565e-16,1.0000000000000002,3.571868658065797,1.0,0.5528352108362481,0.1816194732892391,0
47868,2023-06-19T05:00,0.2,10,1.0,2.0,2.0,coordinated,3.571868658065796,3.571868658065796,0.0,1.0,3.571868658065796,1.0,0.38062964820593315,0.18267839852641626,0
47868,2023-06-19T05:00,0.2,10,2.0,0.5,2.0,no_choice,7.143737316131592,0.0,7.143737316131592,0.0,0.0,0.0,0.0,0.0,0
47868,2023-06-19T05:00,0.2,10,2.0,0.5,2.0,nearest,7.143737316131592,7.143737316131592,0.0,1.0,7.143737316131592,1.0,0.38062964820593315,0.3653567970528325,0
47868,2023-06-19T05:00,0.2,10,2.0,0.5,2.0,logit,7.143737316131592,7.143737316131594,0.0,1.0000000000000002,7.143737316131594,1.0,3.145631242298745,0.12188312399677338,0
47868,2023-06-19T05:00,0.2,10,2.0,0.5,2.0,coordinated,7.143737316131592,7.143737316131592,0.0,1.0,7.143737316131592,1.0,0.38062964820593315,0.3653567970528325,0
47868,2023-06-19T05:00,0.2,10,2.0,1.0,2.0,no_choice,7.143737316131592,0.0,7.143737316131592,0.0,0.0,0.0,0.0,0.0,0
47868,2023-06-19T05:00,0.2,10,2.0,1.0,2.0,nearest,7.143737316131592,7.143737316131592,0.0,1.0,7.143737316131592,1.0,0.38062964820593315,0.3653567970528325,0
47868,2023-06-19T05:00,0.2,10,2.0,1.0,2.0,logit,7.143737316131592,7.143737316131593,0.0,1.0000000000000002,7.143737316131593,1.0,1.0996694696073082,0.3070873068635652,0
47868,2023-06-19T05:00,0.2,10,2.0,1.0,2.0,coordinated,7.143737316131592,7.143737316131592,0.0,1.0,7.143737316131592,1.0,0.38062964820593315,0.3653567970528325,0
47868,2023-06-19T05:00,0.2,10,2.0,2.0,2.0,no_choice,7.143737316131592,0.0,7.143737316131592,0.0,0.0,0.0,0.0,0.0,0
47868,2023-06-19T05:00,0.2,10,2.0,2.0,2.0,nearest,7.143737316131592,7.143737316131592,0.0,1.0,7.143737316131592,1.0,0.38062964820593315,0.3653567970528325,0
47868,2023-06-19T05:00,0.2,10,2.0,2.0,2.0,logit,7.143737316131592,7.143737316131594,2.220446049250313e-16,1.0000000000000002,7.143737316131594,1.0,0.5528352108362481,0.3632389465784782,0
47868,2023-06-19T05:00,0.2,10,2.0,2.0,2.0,coordinated,7.143737316131592,7.143737316131592,0.0,1.0,7.143737316131592,1.0,0.38062964820593315,0.3653567970528325,0
47868,2023-06-19T05:00,0.2,10,4.0,0.5,2.0,no_choice,14.287474632263184,0.0,14.287474632263184,0.0,0.0,0.0,0.0,0.0,0
47868,2023-06-19T05:00,0.2,10,4.0,0.5,2.0,nearest,14.287474632263184,14.287474632263184,0.0,1.0,14.287474632263184,1.0,0.38062964820593315,0.730713594105665,0
47868,2023-06-19T05:00,0.2,10,4.0,0.5,2.0,logit,14.287474632263184,14.287474632263187,0.0,1.0000000000000002,14.287474632263187,1.0,3.145631242298745,0.24376624799354676,0
47868,2023-06-19T05:00,0.2,10,4.0,0.5,2.0,coordinated,14.287474632263184,14.287474632263184,0.0,1.0,14.287474632263184,1.0,0.38062964820593315,0.730713594105665,0
47868,2023-06-19T05:00,0.2,10,4.0,1.0,2.0,no_choice,14.287474632263184,0.0,14.287474632263184,0.0,0.0,0.0,0.0,0.0,0
47868,2023-06-19T05:00,0.2,10,4.0,1.0,2.0,nearest,14.287474632263184,14.287474632263184,0.0,1.0,14.287474632263184,1.0,0.38062964820593315,0.730713594105665,0
47868,2023-06-19T05:00,0.2,10,4.0,1.0,2.0,logit,14.287474632263184,14.287474632263185,0.0,1.0000000000000002,14.287474632263185,1.0,1.0996694696073082,0.6141746137271304,0
47868,2023-06-19T05:00,0.2,10,4.0,1.0,2.0,coordinated,14.287474632263184,14.287474632263184,0.0,1.0,14.287474632263184,1.0,0.38062964820593315,0.730713594105665,0
47868,2023-06-19T05:00,0.2,10,4.0,2.0,2.0,no_choice,14.287474632263184,0.0,14.287474632263184,0.0,0.0,0.0,0.0,0.0,0
47868,2023-06-19T05:00,0.2,10,4.0,2.0,2.0,nearest,14.287474632263184,14.287474632263184,0.0,1.0,14.287474632263184,1.0,0.38062964820593315,0.730713594105665,0
47868,2023-06-19T05:00,0.2,10,4.0,2.0,2.0,logit,14.287474632263184,14.287474632263187,4.440892098500626e-16,1.0000000000000002,14.287474632263187,1.0,0.5528352108362481,0.7264778931569564,0
47868,2023-06-19T05:00,0.2,10,4.0,2.0,2.0,coordinated,14.287474632263184,14.287474632263184,0.0,1.0,14.287474632263184,1.0,0.38062964820593315,0.730713594105665,0
47868,2023-06-19T05:00,0.3,15,1.0,0.5,2.0,no_choice,3.571868658065796,0.0,3.571868658065796,0.0,0.0,0.0,0.0,0.0,0
47868,2023-06-19T05:00,0.3,15,1.0,0.5,2.0,nearest,3.571868658065796,3.571868658065796,0.0,1.0,3.571868658065796,1.0,4.058394087852228,0.1880516589481195,0
47868,2023-06-19T05:00,0.3,15,1.0,0.5,2.0,logit,3.571868658065796,3.5718686580657963,0.0,1.0000000000000002,3.5718686580657963,1.0,4.697273571840804,0.015046373035526748,0
47868,2023-06-19T05:00,0.3,15,1.0,0.5,2.0,coordinated,3.571868658065796,3.571868658065796,0.0,1.0,3.571868658065796,1.0,4.058394087852228,0.1880516589481195,0
47868,2023-06-19T05:00,0.3,15,1.0,1.0,2.0,no_choice,3.571868658065796,0.0,3.571868658065796,0.0,0.0,0.0,0.0,0.0,0
47868,2023-06-19T05:00,0.3,15,1.0,1.0,2.0,nearest,3.571868658065796,3.571868658065796,0.0,1.0,3.571868658065796,1.0,4.058394087852228,0.1880516589481195,0
47868,2023-06-19T05:00,0.3,15,1.0,1.0,2.0,logit,3.571868658065796,3.571868658065796,0.0,1.0,3.571868658065796,1.0,4.614510039164066,0.016881374861964286,0
47868,2023-06-19T05:00,0.3,15,1.0,1.0,2.0,coordinated,3.571868658065796,3.571868658065796,0.0,1.0,3.571868658065796,1.0,4.058394087852228,0.1880516589481195,0
47868,2023-06-19T05:00,0.3,15,1.0,2.0,2.0,no_choice,3.571868658065796,0.0,3.571868658065796,0.0,0.0,0.0,0.0,0.0,0
47868,2023-06-19T05:00,0.3,15,1.0,2.0,2.0,nearest,3.571868658065796,3.571868658065796,0.0,1.0,3.571868658065796,1.0,4.058394087852228,0.1880516589481195,0
47868,2023-06-19T05:00,0.3,15,1.0,2.0,2.0,logit,3.571868658065796,3.571868658065796,0.0,1.0,3.571868658065796,1.0,4.501955960284345,0.023665360833155645,0
47868,2023-06-19T05:00,0.3,15,1.0,2.0,2.0,coordinated,3.571868658065796,3.571868658065796,0.0,1.0,3.571868658065796,1.0,4.058394087852228,0.1880516589481195,0
47868,2023-06-19T05:00,0.3,15,2.0,0.5,2.0,no_choice,7.143737316131592,0.0,7.143737316131592,0.0,0.0,0.0,0.0,0.0,0
47868,2023-06-19T05:00,0.3,15,2.0,0.5,2.0,nearest,7.143737316131592,7.143737316131592,0.0,1.0,7.143737316131592,1.0,4.058394087852228,0.376103317896239,0
47868,2023-06-19T05:00,0.3,15,2.0,0.5,2.0,logit,7.143737316131592,7.143737316131593,0.0,1.0000000000000002,7.143737316131593,1.0,4.697273571840804,0.030092746071053496,0
47868,2023-06-19T05:00,0.3,15,2.0,0.5,2.0,coordinated,7.143737316131592,7.143737316131592,0.0,1.0,7.143737316131592,1.0,4.058394087852228,0.376103317896239,0
47868,2023-06-19T05:00,0.3,15,2.0,1.0,2.0,no_choice,7.143737316131592,0.0,7.143737316131592,0.0,0.0,0.0,0.0,0.0,0
47868,2023-06-19T05:00,0.3,15,2.0,1.0,2.0,nearest,7.143737316131592,7.143737316131592,0.0,1.0,7.143737316131592,1.0,4.058394087852228,0.376103317896239,0
47868,2023-06-19T05:00,0.3,15,2.0,1.0,2.0,logit,7.143737316131592,7.143737316131592,0.0,1.0,7.143737316131592,1.0,4.614510039164066,0.03376274972392857,0
47868,2023-06-19T05:00,0.3,15,2.0,1.0,2.0,coordinated,7.143737316131592,7.143737316131592,0.0,1.0,7.143737316131592,1.0,4.058394087852228,0.376103317896239,0
47868,2023-06-19T05:00,0.3,15,2.0,2.0,2.0,no_choice,7.143737316131592,0.0,7.143737316131592,0.0,0.0,0.0,0.0,0.0,0
47868,2023-06-19T05:00,0.3,15,2.0,2.0,2.0,nearest,7.143737316131592,7.143737316131592,0.0,1.0,7.143737316131592,1.0,4.058394087852228,0.376103317896239,0
47868,2023-06-19T05:00,0.3,15,2.0,2.0,2.0,logit,7.143737316131592,7.143737316131592,0.0,1.0,7.143737316131592,1.0,4.501955960284345,0.04733072166631129,0
47868,2023-06-19T05:00,0.3,15,2.0,2.0,2.0,coordinated,7.143737316131592,7.143737316131592,0.0,1.0,7.143737316131592,1.0,4.058394087852228,0.376103317896239,0
47868,2023-06-19T05:00,0.3,15,4.0,0.5,2.0,no_choice,14.287474632263184,0.0,14.287474632263184,0.0,0.0,0.0,0.0,0.0,0
47868,2023-06-19T05:00,0.3,15,4.0,0.5,2.0,nearest,14.287474632263184,14.287474632263184,0.0,1.0,14.287474632263184,1.0,4.058394087852228,0.752206635792478,0
47868,2023-06-19T05:00,0.3,15,4.0,0.5,2.0,logit,14.287474632263184,14.287474632263185,0.0,1.0000000000000002,14.287474632263185,1.0,4.697273571840804,0.06018549214210699,0
47868,2023-06-19T05:00,0.3,15,4.0,0.5,2.0,coordinated,14.287474632263184,14.287474632263184,0.0,1.0,14.287474632263184,1.0,4.058394087852228,0.752206635792478,0
47868,2023-06-19T05:00,0.3,15,4.0,1.0,2.0,no_choice,14.287474632263184,0.0,14.287474632263184,0.0,0.0,0.0,0.0,0.0,0
47868,2023-06-19T05:00,0.3,15,4.0,1.0,2.0,nearest,14.287474632263184,14.287474632263184,0.0,1.0,14.287474632263184,1.0,4.058394087852228,0.752206635792478,0
47868,2023-06-19T05:00,0.3,15,4.0,1.0,2.0,logit,14.287474632263184,14.287474632263184,0.0,1.0,14.287474632263184,1.0,4.614510039164066,0.06752549944785714,0
47868,2023-06-19T05:00,0.3,15,4.0,1.0,2.0,coordinated,14.287474632263184,14.287474632263184,0.0,1.0,14.287474632263184,1.0,4.058394087852228,0.752206635792478,0
47868,2023-06-19T05:00,0.3,15,4.0,2.0,2.0,no_choice,14.287474632263184,0.0,14.287474632263184,0.0,0.0,0.0,0.0,0.0,0
47868,2023-06-19T05:00,0.3,15,4.0,2.0,2.0,nearest,14.287474632263184,14.287474632263184,0.0,1.0,14.287474632263184,1.0,4.058394087852228,0.752206635792478,0
47868,2023-06-19T05:00,0.3,15,4.0,2.0,2.0,logit,14.287474632263184,14.287474632263184,0.0,1.0,14.287474632263184,1.0,4.501955960284345,0.09466144333262258,0
47868,2023-06-19T05:00,0.3,15,4.0,2.0,2.0,coordinated,14.287474632263184,14.287474632263184,0.0,1.0,14.287474632263184,1.0,4.058394087852228,0.752206635792478,0
48214,2023-07-03T15:00,0.1,5,1.0,0.5,2.0,no_choice,73.25083684921265,54.6742226600647,18.57661418914795,0.7463972428412247,0.0,0.0,0.0,1.0,1
48214,2023-07-03T15:00,0.1,5,1.0,0.5,2.0,nearest,73.25083684921265,73.25083684921265,0.0,1.0,40.065436935424806,0.5469621735230109,0.4208653524973539,1.0,2
48214,2023-07-03T15:00,0.1,5,1.0,0.5,2.0,logit,73.25083684921265,73.25083684921263,1.509903313490213e-14,0.9999999999999998,49.50116760268275,0.6757761376102945,1.3982433929313574,0.6396013930393336,0
48214,2023-07-03T15:00,0.1,5,1.0,0.5,2.0,coordinated,73.25083684921265,73.25083684921265,0.0,1.0,18.57661418914795,0.2536027571587754,0.42086535249735385,1.0,2
48214,2023-07-03T15:00,0.1,5,1.0,1.0,2.0,no_choice,73.25083684921265,54.6742226600647,18.57661418914795,0.7463972428412247,0.0,0.0,0.0,1.0,1
48214,2023-07-03T15:00,0.1,5,1.0,1.0,2.0,nearest,73.25083684921265,73.25083684921265,0.0,1.0,40.065436935424806,0.5469621735230109,0.4208653524973539,1.0,2
48214,2023-07-03T15:00,0.1,5,1.0,1.0,2.0,logit,73.25083684921265,73.25083684921265,3.552713678800501e-15,1.0,41.24155350205126,0.5630181889518516,0.7811852115187558,0.7681853971838607,0
48214,2023-07-03T15:00,0.1,5,1.0,1.0,2.0,coordinated,73.25083684921265,73.25083684921265,0.0,1.0,18.57661418914795,0.2536027571587754,0.42086535249735385,1.0,2
48214,2023-07-03T15:00,0.1,5,1.0,2.0,2.0,no_choice,73.25083684921265,54.6742226600647,18.57661418914795,0.7463972428412247,0.0,0.0,0.0,1.0,1
48214,2023-07-03T15:00,0.1,5,1.0,2.0,2.0,nearest,73.25083684921265,73.25083684921265,0.0,1.0,40.065436935424806,0.5469621735230109,0.4208653524973539,1.0,2
48214,2023-07-03T15:00,0.1,5,1.0,2.0,2.0,logit,73.25083684921265,73.25083684921265,7.105427357601002e-15,1.0,35.27531830556213,0.4815688096257059,0.5516162791730735,0.7783483562239633,0
48214,2023-07-03T15:00,0.1,5,1.0,2.0,2.0,coordinated,73.25083684921265,73.25083684921265,0.0,1.0,18.57661418914795,0.2536027571587754,0.42086535249735385,1.0,2
48214,2023-07-03T15:00,0.1,5,2.0,0.5,2.0,no_choice,146.5016736984253,69.95520263671875,76.54647106170654,0.4775044603293886,0.0,0.0,0.0,1.0,6
48214,2023-07-03T15:00,0.1,5,2.0,0.5,2.0,nearest,146.5016736984253,146.5016736984253,0.0,1.0,98.17037395477296,0.6700972861023919,0.6234895703245306,1.0,8
48214,2023-07-03T15:00,0.1,5,2.0,0.5,2.0,logit,146.5016736984253,146.5016736984253,1.0658141036401503e-14,1.0,102.36516048111001,0.6987303141111507,1.4855309943129773,0.9999999999999999,1
48214,2023-07-03T15:00,0.1,5,2.0,0.5,2.0,coordinated,146.5016736984253,146.5016736984253,3.552713678800501e-15,1.0,76.54647106170654,0.5224955396706115,0.6231914825094444,1.0000000000000002,10
48214,2023-07-03T15:00,0.1,5,2.0,1.0,2.0,no_choice,146.5016736984253,69.95520263671875,76.54647106170654,0.4775044603293886,0.0,0.0,0.0,1.0,6
48214,2023-07-03T15:00,0.1,5,2.0,1.0,2.0,nearest,146.5016736984253,146.5016736984253,0.0,1.0,98.17037395477296,0.6700972861023919,0.6234895703245306,1.0,8
48214,2023-07-03T15:00,0.1,5,2.0,1.0,2.0,logit,146.5016736984253,146.5016736984253,1.5987211554602254e-14,1.0,91.33913667694165,0.6234682128271374,1.0075049277689478,0.9999999999999999,4
48214,2023-07-03T15:00,0.1,5,2.0,1.0,2.0,coordinated,146.5016736984253,146.5016736984253,3.552713678800501e-15,1.0,76.54647106170654,0.5224955396706115,0.6231914825094444,1.0000000000000002,10
48214,2023-07-03T15:00,0.1,5,2.0,2.0,2.0,no_choice,146.5016736984253,69.95520263671875,76.54647106170654,0.4775044603293886,0.0,0.0,0.0,1.0,6
48214,2023-07-03T15:00,0.1,5,2.0,2.0,2.0,nearest,146.5016736984253,146.5016736984253,0.0,1.0,98.17037395477296,0.6700972861023919,0.6234895703245306,1.0,8
48214,2023-07-03T15:00,0.1,5,2.0,2.0,2.0,logit,146.5016736984253,146.5016736984253,3.552713678800501e-15,1.0,86.52743598921472,0.590624214760386,0.787409500458918,1.0000000000000002,5
48214,2023-07-03T15:00,0.1,5,2.0,2.0,2.0,coordinated,146.5016736984253,146.5016736984253,3.552713678800501e-15,1.0,76.54647106170654,0.5224955396706115,0.6231914825094444,1.0000000000000002,10
48214,2023-07-03T15:00,0.1,5,4.0,0.5,2.0,no_choice,293.0033473968506,72.10263038635253,220.90071701049806,0.24608125138138795,0.0,0.0,0.0,1.0,7
48214,2023-07-03T15:00,0.1,5,4.0,0.5,2.0,nearest,293.0033473968506,293.0033473968506,0.0,1.0,261.3176550292969,0.891858940694497,1.2923777436389428,1.0,20
48214,2023-07-03T15:00,0.1,5,4.0,0.5,2.0,logit,293.0033473968506,293.0033473968506,1.0658141036401503e-14,1.0,239.1149626808853,0.8160826994137456,1.9911283243321856,1.0000000000000002,7
48214,2023-07-03T15:00,0.1,5,4.0,0.5,2.0,coordinated,293.0033473968506,293.0033473968506,0.0,1.0,220.90071701049806,0.7539187486186121,1.265080450587735,1.0000000000000009,22
48214,2023-07-03T15:00,0.1,5,4.0,1.0,2.0,no_choice,293.0033473968506,72.10263038635253,220.90071701049806,0.24608125138138795,0.0,0.0,0.0,1.0,7
48214,2023-07-03T15:00,0.1,5,4.0,1.0,2.0,nearest,293.0033473968506,293.0033473968506,0.0,1.0,261.3176550292969,0.891858940694497,1.2923777436389428,1.0,20
48214,2023-07-03T15:00,0.1,5,4.0,1.0,2.0,logit,293.0033473968506,293.0033473968506,1.4210854715202004e-14,1.0,234.0350399142616,0.798745277122309,1.5946809804725464,1.0000000000000002,10
48214,2023-07-03T15:00,0.1,5,4.0,1.0,2.0,coordinated,293.0033473968506,293.0033473968506,0.0,1.0,220.90071701049806,0.7539187486186121,1.265080450587735,1.0000000000000009,22
48214,2023-07-03T15:00,0.1,5,4.0,2.0,2.0,no_choice,293.0033473968506,72.10263038635253,220.90071701049806,0.24608125138138795,0.0,0.0,0.0,1.0,7
48214,2023-07-03T15:00,0.1,5,4.0,2.0,2.0,nearest,293.0033473968506,293.0033473968506,0.0,1.0,261.3176550292969,0.891858940694497,1.2923777436389428,1.0,20
48214,2023-07-03T15:00,0.1,5,4.0,2.0,2.0,logit,293.0033473968506,293.0033473968506,2.4868995751603507e-14,1.0,231.42294473240523,0.7898303783504581,1.4388039610405932,1.0000000000000002,11
48214,2023-07-03T15:00,0.1,5,4.0,2.0,2.0,coordinated,293.0033473968506,293.0033473968506,0.0,1.0,220.90071701049806,0.7539187486186121,1.265080450587735,1.0000000000000009,22
48214,2023-07-03T15:00,0.2,10,1.0,0.5,2.0,no_choice,73.25083684921265,60.78201265335083,12.468824195861817,0.8297790887832589,0.0,0.0,0.0,1.0,1
48214,2023-07-03T15:00,0.2,10,1.0,0.5,2.0,nearest,73.25083684921265,73.25083684921265,0.0,1.0,29.24838218688965,0.39929075823526283,0.21593303193343205,1.0,1
48214,2023-07-03T15:00,0.2,10,1.0,0.5,2.0,logit,73.25083684921265,73.25083684921265,3.552713678800501e-15,1.0,41.57676860681123,0.567594452093391,1.1488076790315005,0.6646577240190493,0
48214,2023-07-03T15:00,0.2,10,1.0,0.5,2.0,coordinated,73.25083684921265,73.25083684921265,0.0,1.0,12.468824195861817,0.17022091121674116,0.21593303193343205,1.0,1
48214,2023-07-03T15:00,0.2,10,1.0,1.0,2.0,no_choice,73.25083684921265,60.78201265335083,12.468824195861817,0.8297790887832589,0.0,0.0,0.0,1.0,1
48214,2023-07-03T15:00,0.2,10,1.0,1.0,2.0,nearest,73.25083684921265,73.25083684921265,0.0,1.0,29.24838218688965,0.39929075823526283,0.21593303193343205,1.0,1
48214,2023-07-03T15:00,0.2,10,1.0,1.0,2.0,logit,73.25083684921265,73.25083684921265,4.440892098500626e-15,1.0,32.485555058591025,0.4434837396528693,0.5712482505669023,0.8588470979614266,0
48214,2023-07-03T15:00,0.2,10,1.0,1.0,2.0,coordinated,73.25083684921265,73.25083684921265,0.0,1.0,12.468824195861817,0.17022091121674116,0.21593303193343205,1.0,1
48214,2023-07-03T15:00,0.2,10,1.0,2.0,2.0,no_choice,73.25083684921265,60.78201265335083,12.468824195861817,0.8297790887832589,0.0,0.0,0.0,1.0,1
48214,2023-07-03T15:00,0.2,10,1.0,2.0,2.0,nearest,73.25083684921265,73.25083684921265,0.0,1.0,29.24838218688965,0.39929075823526283,0.21593303193343205,1.0,1
48214,2023-07-03T15:00,0.2,10,1.0,2.0,2.0,logit,73.25083684921265,73.25083684921265,7.993605777301127e-15,1.0,26.867296842025745,0.3667848450295832,0.3814738679956613,0.9710187878752768,0
48214,2023-07-03T15:00,0.2,10,1.0,2.0,2.0,coordinated,73.25083684921265,73.25083684921265,0.0,1.0,12.468824195861817,0.17022091121674116,0.21593303193343205,1.0,1
48214,2023-07-03T15:00,0.2,10,2.0,0.5,2.0,no_choice,146.5016736984253,72.8317783355713,73.669895362854,0.4971395650093119,0.0,0.0,0.0,1.0,6
48214,2023-07-03T15:00,0.2,10,2.0,0.5,2.0,nearest,146.5016736984253,146.5016736984253,0.0,1.0,95.76939118957523,0.6537085124823706,0.5708121416198109,1.0,9
48214,2023-07-03T15:00,0.2,10,2.0,0.5,2.0,logit,146.5016736984253,146.5016736984253,3.552713678800501e-15,1.0,92.32095820046192,0.6301699896651368,1.3359387612848894,1.0,3
48214,2023-07-03T15:00,0.2,10,2.0,0.5,2.0,coordinated,146.5016736984253,146.5016736984253,3.552713678800501e-15,1.0,73.66989536285399,0.5028604349906881,0.5550862166220728,1.0,10
48214,2023-07-03T15:00,0.2,10,2.0,1.0,2.0,no_choice,146.5016736984253,72.8317783355713,73.669895362854,0.4971395650093119,0.0,0.0,0.0,1.0,6
48214,2023-07-03T15:00,0.2,10,2.0,1.0,2.0,nearest,146.5016736984253,146.5016736984253,0.0,1.0,95.76939118957523,0.6537085124823706,0.5708121416198109,1.0,9
48214,2023-07-03T15:00,0.2,10,2.0,1.0,2.0,logit,146.5016736984253,146.5016736984253,1.0658141036401503e-14,1.0,85.06249907764521,0.580624759637538,0.9492335355822964,1.0000000000000002,5
48214,2023-07-03T15:00,0.2,10,2.0,1.0,2.0,coordinated,146.5016736984253,146.5016736984253,3.552713678800501e-15,1.0,73.66989536285399,0.5028604349906881,0.5550862166220728,1.0,10
48214,2023-07-03T15:00,0.2,10,2.0,2.0,2.0,no_choice,146.5016736984253,72.8317783355713,73.669895362854,0.4971395650093119,0.0,0.0,0.0,1.0,6
48214,2023-07-03T15:00,0.2,10,2.0,2.0,2.0,nearest,146.5016736984253,146.5016736984253,0.0,1.0,95.76939118957523,0.6537085124823706,0.5708121416198109,1.0,9
48214,2023-07-03T15:00,0.2,10,2.0,2.0,2.0,logit,146.5016736984253,146.5016736984253,1.0658141036401503e-14,1.0,80.83975090605067,0.55180086933655,0.7476423590595999,1.0000000000000002,7
48214,2023-07-03T15:00,0.2,10,2.0,2.0,2.0,coordinated,146.5016736984253,146.5016736984253,3.552713678800501e-15,1.0,73.66989536285399,0.5028604349906881,0.5550862166220728,1.0,10
48214,2023-07-03T15:00,0.2,10,4.0,0.5,2.0,no_choice,293.0033473968506,74.97920608520508,218.0241413116455,0.2558988037213496,0.0,0.0,0.0,1.0,7
48214,2023-07-03T15:00,0.2,10,4.0,0.5,2.0,nearest,293.0033473968506,293.0033473968506,0.0,1.0,246.8747802734375,0.8425664159360764,1.5482732858651354,1.0,29
48214,2023-07-03T15:00,0.2,10,4.0,0.5,2.0,logit,293.0033473968506,293.0033473968506,1.0658141036401503e-14,1.0,233.99094704475266,0.7985947912322989,2.024147563436995,1.0000000000000002,16
48214,2023-07-03T15:00,0.2,10,4.0,0.5,2.0,coordinated,293.0033473968506,293.0033473968506,7.105427357601002e-15,1.0,218.0241413116455,0.7441011962786503,1.3796609735636314,1.0000000000000002,30
48214,2023-07-03T15:00,0.2,10,4.0,1.0,2.0,no_choice,293.0033473968506,74.97920608520508,218.0241413116455,0.2558988037213496,0.0,0.0,0.0,1.0,7
48214,2023-07-03T15:00,0.2,10,4.0,1.0,2.0,nearest,293.0033473968506,293.0033473968506,0.0,1.0,246.8747802734375,0.8425664159360764,1.5482732858651354,1.0,29
48214,2023-07-03T15:00,0.2,10,4.0,1.0,2.0,logit,293.0033473968506,293.0033473968506,3.552713678800501e-15,1.0,228.95327156637703,0.7814015559906807,1.7068730874350475,1.0000000000000002,20
48214,2023-07-03T15:00,0.2,10,4.0,1.0,2.0,coordinated,293.0033473968506,293.0033473968506,0.0,1.0,218.0241413116455,0.7441011962786503,1.3796609735636314,1.0000000000000002,30
48214,2023-07-03T15:00,0.2,10,4.0,2.0,2.0,no_choice,293.0033473968506,74.97920608520508,218.0241413116455,0.2558988037213496,0.0,0.0,0.0,1.0,7
48214,2023-07-03T15:00,0.2,10,4.0,2.0,2.0,nearest,293.0033473968506,293.0033473968506,0.0,1.0,246.8747802734375,0.8425664159360764,1.5482732858651354,1.0,29
48214,2023-07-03T15:00,0.2,10,4.0,2.0,2.0,logit,293.0033473968506,293.0033473966815,1.6912693467929785e-10,0.9999999999994228,225.97482225437133,0.7712363161108742,1.5506279645646517,1.0000000000000002,22
48214,2023-07-03T15:00,0.2,10,4.0,2.0,2.0,coordinated,293.0033473968506,293.0033473968506,0.0,1.0,218.0241413116455,0.7441011962786503,1.3796609735636314,1.0000000000000002,30
48214,2023-07-03T15:00,0.3,15,1.0,0.5,2.0,no_choice,73.25083684921265,42.80102510452271,30.449811744689942,0.584307660438459,0.0,0.0,0.0,1.0,1
48214,2023-07-03T15:00,0.3,15,1.0,0.5,2.0,nearest,73.25083684921265,73.25083684921265,0.0,1.0,54.720542400360124,0.7470295870203195,0.6201916004892666,1.0,3
48214,2023-07-03T15:00,0.3,15,1.0,0.5,2.0,logit,73.25083684921265,73.25083684921265,6.217248937900877e-15,1.0,54.10639100206527,0.7386453633757611,1.716710960904052,0.7070843440149274,0
48214,2023-07-03T15:00,0.3,15,1.0,0.5,2.0,coordinated,73.25083684921265,73.25083684921265,0.0,1.0,30.449811744689942,0.415692339561541,0.6201916004892666,1.0,4
48214,2023-07-03T15:00,0.3,15,1.0,1.0,2.0,no_choice,73.25083684921265,42.80102510452271,30.449811744689942,0.584307660438459,0.0,0.0,0.0,1.0,1
48214,2023-07-03T15:00,0.3,15,1.0,1.0,2.0,nearest,73.25083684921265,73.25083684921265,0.0,1.0,54.720542400360124,0.7470295870203195,0.6201916004892666,1.0,3
48214,2023-07-03T15:00,0.3,15,1.0,1.0,2.0,logit,73.25083684921265,73.25083684921265,6.217248937900877e-15,1.0,49.10097976413324,0.670312884823527,0.9856002768424322,0.9999999999999999,1
48214,2023-07-03T15:00,0.3,15,1.0,1.0,2.0,coordinated,73.25083684921265,73.25083684921265,0.0,1.0,30.449811744689942,0.415692339561541,0.6201916004892666,1.0,4
48214,2023-07-03T15:00,0.3,15,1.0,2.0,2.0,no_choice,73.25083684921265,42.80102510452271,30.449811744689942,0.584307660438459,0.0,0.0,0.0,1.0,1
48214,2023-07-03T15:00,0.3,15,1.0,2.0,2.0,nearest,73.25083684921265,73.25083684921265,0.0,1.0,54.720542400360124,0.7470295870203195,0.6201916004892666,1.0,3
48214,2023-07-03T15:00,0.3,15,1.0,2.0,2.0,logit,73.25083684921265,73.25083684921265,0.0,1.0,44.77895720052733,0.611309837902673,0.765262438688704,0.9999999999999999,1
48214,2023-07-03T15:00,0.3,15,1.0,2.0,2.0,coordinated,73.25083684921265,73.25083684921265,0.0,1.0,30.449811744689942,0.415692339561541,0.6201916004892666,1.0,4
48214,2023-07-03T15:00,0.3,15,2.0,0.5,2.0,no_choice,146.5016736984253,55.580138168334955,90.92153553009032,0.3793822743810221,0.0,0.0,0.0,1.0,5
48214,2023-07-03T15:00,0.3,15,2.0,0.5,2.0,nearest,146.5016736984253,146.5016736984253,0.0,1.0,129.77726600646957,0.8858415247433757,1.1444089568450089,1.0,12
48214,2023-07-03T15:00,0.3,15,2.0,0.5,2.0,logit,146.5016736984253,146.5016736984253,1.2434497875801753e-14,1.0,112.70229076438807,0.76929012426429,1.935180578035595,1.0000000000000002,5
48214,2023-07-03T15:00,0.3,15,2.0,0.5,2.0,coordinated,146.5016736984253,146.5016736984253,0.0,1.0,90.92153553009034,0.6206177256189779,1.1220414845998732,1.0,12
48214,2023-07-03T15:00,0.3,15,2.0,1.0,2.0,no_choice,146.5016736984253,55.580138168334955,90.92153553009032,0.3793822743810221,0.0,0.0,0.0,1.0,5
48214,2023-07-03T15:00,0.3,15,2.0,1.0,2.0,nearest,146.5016736984253,146.5016736984253,0.0,1.0,129.77726600646957,0.8858415247433757,1.1444089568450089,1.0,12
48214,2023-07-03T15:00,0.3,15,2.0,1.0,2.0,logit,146.5016736984253,146.5016736984253,3.552713678800501e-15,1.0,109.03689255034402,0.7442706270700853,1.5314671147095449,1.0000000000000002,5
48214,2023-07-03T15:00,0.3,15,2.0,1.0,2.0,coordinated,146.5016736984253,146.5016736984253,0.0,1.0,90.92153553009034,0.6206177256189779,1.1220414845998732,1.0,12
48214,2023-07-03T15:00,0.3,15,2.0,2.0,2.0,no_choice,146.5016736984253,55.580138168334955,90.92153553009032,0.3793822743810221,0.0,0.0,0.0,1.0,5
48214,2023-07-03T15:00,0.3,15,2.0,2.0,2.0,nearest,146.5016736984253,146.5016736984253,0.0,1.0,129.77726600646957,0.8858415247433757,1.1444089568450089,1.0,12
48214,2023-07-03T15:00,0.3,15,2.0,2.0,2.0,logit,146.5016736984253,146.5016736984253,1.4210854715202004e-14,1.0,105.83752978568972,0.7224322228806547,1.2582949220181845,1.0000000000000002,7
48214,2023-07-03T15:00,0.3,15,2.0,2.0,2.0,coordinated,146.5016736984253,146.5016736984253,0.0,1.0,90.92153553009034,0.6206177256189779,1.1220414845998732,1.0,12
48214,2023-07-03T15:00,0.3,15,4.0,0.5,2.0,no_choice,293.0033473968506,57.72756591796875,235.2757814788818,0.19702015840720474,0.0,0.0,0.0,1.0,6
48214,2023-07-03T15:00,0.3,15,4.0,0.5,2.0,nearest,293.0033473968506,293.0033473968506,0.0,1.0,282.58884235382095,0.9644560202620348,2.4153449012845627,1.0,31
48214,2023-07-03T15:00,0.3,15,4.0,0.5,2.0,logit,293.0033473968506,293.0033473968506,7.105427357601002e-15,1.0,257.4462625423032,0.878646148003258,2.5380511809021598,1.0000000000000002,19
48214,2023-07-03T15:00,0.3,15,4.0,0.5,2.0,coordinated,293.0033473968506,293.0033473968506,7.105427357601002e-15,1.0,235.27578147888184,0.8029798415927952,1.9971726148318856,1.000000000000001,32
48214,2023-07-03T15:00,0.3,15,4.0,1.0,2.0,no_choice,293.0033473968506,57.72756591796875,235.2757814788818,0.19702015840720474,0.0,0.0,0.0,1.0,6
48214,2023-07-03T15:00,0.3,15,4.0,1.0,2.0,nearest,293.0033473968506,293.0033473968506,0.0,1.0,282.58884235382095,0.9644560202620348,2.4153449012845627,1.0,31
48214,2023-07-03T15:00,0.3,15,4.0,1.0,2.0,logit,293.0033473968506,293.0033473968506,1.7763568394002505e-14,1.0,254.5858426698199,0.8688837343725049,2.2882839986194004,1.0000000000000002,29
48214,2023-07-03T15:00,0.3,15,4.0,1.0,2.0,coordinated,293.0033473968506,293.0033473968506,0.0,1.0,235.27578147888184,0.8029798415927952,1.9971726148318856,1.0000000000000016,32
48214,2023-07-03T15:00,0.3,15,4.0,2.0,2.0,no_choice,293.0033473968506,57.72756591796875,235.2757814788818,0.19702015840720474,0.0,0.0,0.0,1.0,6
48214,2023-07-03T15:00,0.3,15,4.0,2.0,2.0,nearest,293.0033473968506,293.0033473968506,0.0,1.0,282.58884235382095,0.9644560202620348,2.4153449012845627,1.0,31
48214,2023-07-03T15:00,0.3,15,4.0,2.0,2.0,logit,293.0033473968506,293.0033473968506,1.0658141036401503e-14,1.0,252.33920348411505,0.8612161114403274,2.188441148854007,1.0000000000000002,29
48214,2023-07-03T15:00,0.3,15,4.0,2.0,2.0,coordinated,293.0033473968506,293.0033473968506,7.105427357601002e-15,1.0,235.27578147888184,0.8029798415927952,1.9971726148318856,1.000000000000001,32
48449,2023-07-13T10:00,0.1,5,1.0,0.5,2.0,no_choice,185.93796157836914,118.28560334968554,67.6523582286836,0.6361562875358862,0.0,0.0,0.0,1.0,7
48449,2023-07-13T10:00,0.1,5,1.0,0.5,2.0,nearest,185.93796157836914,185.93796157836914,0.0,1.0,106.87056684112588,0.5747646469496336,0.3713892616945203,1.0,10
48449,2023-07-13T10:00,0.1,5,1.0,0.5,2.0,logit,185.93796157836914,185.93796157836914,7.105427357601002e-15,1.0,123.64307101153597,0.6649694874675868,1.3742228495904096,1.0000000000000002,1
48449,2023-07-13T10:00,0.1,5,1.0,0.5,2.0,coordinated,185.93796157836914,185.93796157836914,0.0,1.0,67.6523582286836,0.3638437124641139,0.3696666741037433,1.0000000000000002,12
48449,2023-07-13T10:00,0.1,5,1.0,1.0,2.0,no_choice,185.93796157836914,118.28560334968554,67.6523582286836,0.6361562875358862,0.0,0.0,0.0,1.0,7
48449,2023-07-13T10:00,0.1,5,1.0,1.0,2.0,nearest,185.93796157836914,185.93796157836914,0.0,1.0,106.87056684112588,0.5747646469496336,0.3713892616945203,1.0,10
48449,2023-07-13T10:00,0.1,5,1.0,1.0,2.0,logit,185.93796157836914,185.93796157836914,1.199040866595169e-14,1.0,105.39772128688762,0.5668434804393861,0.7316478568364106,1.0,3
48449,2023-07-13T10:00,0.1,5,1.0,1.0,2.0,coordinated,185.93796157836914,185.93796157836914,0.0,1.0,67.6523582286836,0.3638437124641139,0.3696666741037433,1.0000000000000002,12
48449,2023-07-13T10:00,0.1,5,1.0,2.0,2.0,no_choice,185.93796157836914,118.28560334968554,67.6523582286836,0.6361562875358862,0.0,0.0,0.0,1.0,7
48449,2023-07-13T10:00,0.1,5,1.0,2.0,2.0,nearest,185.93796157836914,185.93796157836914,0.0,1.0,106.87056684112588,0.5747646469496336,0.3713892616945203,1.0,10
48449,2023-07-13T10:00,0.1,5,1.0,2.0,2.0,logit,185.93796157836914,185.93796157736548,1.0036749209518803e-09,0.9999999999946022,91.56763548726244,0.4924633717099387,0.499837945345397,1.0000000000000002,5
48449,2023-07-13T10:00,0.1,5,1.0,2.0,2.0,coordinated,185.93796157836914,185.93796157836914,0.0,1.0,67.6523582286836,0.3638437124641139,0.3696666741037433,1.0000000000000002,12
48449,2023-07-13T10:00,0.1,5,2.0,0.5,2.0,no_choice,371.8759231567383,151.2077929744719,220.66813018226637,0.4066081818121385,0.0,0.0,0.0,1.0,10
48449,2023-07-13T10:00,0.1,5,2.0,0.5,2.0,nearest,371.8759231567383,371.8759231567383,1.4210854715202004e-14,1.0,308.38618930053696,0.8292717277384971,1.1323348243628701,1.0,31
48449,2023-07-13T10:00,0.1,5,2.0,0.5,2.0,logit,371.8759231567383,371.8759231567383,1.4210854715202004e-14,1.0,279.72209976491536,0.7521920144505243,1.744378078057641,1.0000000000000002,20
48449,2023-07-13T10:00,0.1,5,2.0,0.5,2.0,coordinated,371.8759231567383,371.8759231567383,0.0,1.0,220.66813018226637,0.5933918181878615,1.0423824409772098,1.0000000000000004,32
48449,2023-07-13T10:00,0.1,5,2.0,1.0,2.0,no_choice,371.8759231567383,151.2077929744719,220.66813018226637,0.4066081818121385,0.0,0.0,0.0,1.0,10
48449,2023-07-13T10:00,0.1,5,2.0,1.0,2.0,nearest,371.8759231567383,371.8759231567383,1.4210854715202004e-14,1.0,308.38618930053696,0.8292717277384971,1.1323348243628701,1.0,31
48449,2023-07-13T10:00,0.1,5,2.0,1.0,2.0,logit,371.8759231567383,371.8759231567383,7.105427357601002e-15,1.0,261.1664978695737,0.7022947214560519,1.343267597606998,1.0000000000000004,22
48449,2023-07-13T10:00,0.1,5,2.0,1.0,2.0,coordinated,371.8759231567383,371.8759231567383,0.0,1.0,220.66813018226637,0.5933918181878615,1.0423824409772098,1.0000000000000004,32
48449,2023-07-13T10:00,0.1,5,2.0,2.0,2.0,no_choice,371.8759231567383,151.2077929744719,220.66813018226637,0.4066081818121385,0.0,0.0,0.0,1.0,10
48449,2023-07-13T10:00,0.1,5,2.0,2.0,2.0,nearest,371.8759231567383,371.8759231567383,1.4210854715202004e-14,1.0,308.38618930053696,0.8292717277384971,1.1323348243628701,1.0,31
48449,2023-07-13T10:00,0.1,5,2.0,2.0,2.0,logit,371.8759231567383,371.8759231560416,6.966445198486326e-10,0.9999999999981266,249.23374049654726,0.6702067140602892,1.1898062653701558,1.0000000000000002,26
48449,2023-07-13T10:00,0.1,5,2.0,2.0,2.0,coordinated,371.8759231567383,371.8759231567383,0.0,1.0,220.66813018226637,0.5933918181878615,1.0423824409772098,1.0000000000000004,32
48449,2023-07-13T10:00,0.1,5,4.0,0.5,2.0,no_choice,743.7518463134766,166.02497266960088,577.7268736438757,0.22322629986403378,0.0,0.0,0.0,1.0,14
48449,2023-07-13T10:00,0.1,5,4.0,0.5,2.0,nearest,743.7518463134766,464.8010356750476,278.95081063842895,0.6249410175973442,428.82025140380733,0.922588846604044,2.1536208965929764,1.0,45
48449,2023-07-13T10:00,0.1,5,4.0,0.5,2.0,logit,743.7518463134766,464.80103567504756,278.95081063842895,0.6249410175973441,368.05454538801314,0.7918539700615642,2.0290885769917564,1.0000000000000004,45
48449,2023-07-13T10:00,0.1,5,4.0,0.5,2.0,coordinated,743.7518463134766,464.80103567504756,278.950810638429,0.6249410175973441,298.7760630054467,0.6428042109921792,0.8073640446014849,1.0000000000000013,45
48449,2023-07-13T10:00,0.1,5,4.0,1.0,2.0,no_choice,743.7518463134766,166.02497266960088,577.7268736438757,0.22322629986403378,0.0,0.0,0.0,1.0,14
48449,2023-07-13T10:00,0.1,5,4.0,1.0,2.0,nearest,743.7518463134766,464.8010356750476,278.95081063842895,0.6249410175973442,428.82025140380733,0.922588846604044,2.1536208965929764,1.0,45
48449,2023-07-13T10:00,0.1,5,4.0,1.0,2.0,logit,743.7518463134766,464.8010356750476,278.95081063842895,0.6249410175973442,348.29615993737065,0.7493446296468065,1.7510077707331688,1.0000000000000004,45
48449,2023-07-13T10:00,0.1,5,4.0,1.0,2.0,coordinated,743.7518463134766,464.8010356750476,278.95081063842895,0.6249410175973442,298.7760630054467,0.6428042109921792,0.8073640446014849,1.0000000000000009,45
48449,2023-07-13T10:00,0.1,5,4.0,2.0,2.0,no_choice,743.7518463134766,166.02497266960088,577.7268736438757,0.22322629986403378,0.0,0.0,0.0,1.0,14
48449,2023-07-13T10:00,0.1,5,4.0,2.0,2.0,nearest,743.7518463134766,464.8010356750476,278.95081063842895,0.6249410175973442,428.82025140380733,0.922588846604044,2.1536208965929764,1.0,45
48449,2023-07-13T10:00,0.1,5,4.0,2.0,2.0,logit,743.7518463134766,464.8010356750476,278.95081063842895,0.6249410175973442,336.0452775517009,0.7229873682696296,1.653835407074546,1.0000000000000002,45
48449,2023-07-13T10:00,0.1,5,4.0,2.0,2.0,coordinated,743.7518463134766,464.8010356750476,278.95081063842895,0.6249410175973442,298.7760630054467,0.6428042109921792,0.8073640446014847,1.0000000000000009,45
48449,2023-07-13T10:00,0.2,10,1.0,0.5,2.0,no_choice,185.93796157836914,90.89476568031299,95.04319589805615,0.4888445850902945,0.0,0.0,0.0,1.0,7
48449,2023-07-13T10:00,0.2,10,1.0,0.5,2.0,nearest,185.93796157836914,185.93796157836914,0.0,1.0,117.78121919250528,0.6334436399791489,0.9266651962690455,1.0,11
48449,2023-07-13T10:00,0.2,10,1.0,0.5,2.0,logit,185.93796157836914,185.93796157836914,1.1546319456101628e-14,1.0,134.85920953002022,0.7252914272332697,1.675568779156152,1.0,2
48449,2023-07-13T10:00,0.2,10,1.0,0.5,2.0,coordinated,185.93796157836914,185.93796157836914,0.0,1.0,95.04319589805615,0.5111554149097055,0.8907277388385388,1.0000000000000002,15
48449,2023-07-13T10:00,0.2,10,1.0,1.0,2.0,no_choice,185.93796157836914,90.89476568031299,95.04319589805615,0.4888445850902945,0.0,0.0,0.0,1.0,7
48449,2023-07-13T10:00,0.2,10,1.0,1.0,2.0,nearest,185.93796157836914,185.93796157836914,0.0,1.0,117.78121919250528,0.6334436399791489,0.9266651962690455,1.0,11
48449,2023-07-13T10:00,0.2,10,1.0,1.0,2.0,logit,185.93796157836914,185.93796157836914,1.9539925233402755e-14,1.0,124.75489603015089,0.6709490357490511,1.2579833299674643,1.0000000000000002,6
48449,2023-07-13T10:00,0.2,10,1.0,1.0,2.0,coordinated,185.93796157836914,185.93796157836914,0.0,1.0,95.04319589805615,0.5111554149097055,0.8907277388385388,1.0000000000000002,15
48449,2023-07-13T10:00,0.2,10,1.0,2.0,2.0,no_choice,185.93796157836914,90.89476568031299,95.04319589805615,0.4888445850902945,0.0,0.0,0.0,1.0,7
48449,2023-07-13T10:00,0.2,10,1.0,2.0,2.0,nearest,185.93796157836914,185.93796157836914,0.0,1.0,117.78121919250528,0.6334436399791489,0.9266651962690455,1.0,11
48449,2023-07-13T10:00,0.2,10,1.0,2.0,2.0,logit,185.93796157836914,185.93796157836914,7.549516567451064e-15,1.0,116.70449112457435,0.6276528479386697,1.0997195691409736,1.0000000000000002,7
48449,2023-07-13T10:00,0.2,10,1.0,2.0,2.0,coordinated,185.93796157836914,185.93796157836914,0.0,1.0,95.04319589805615,0.5111554149097055,0.8907277388385388,1.0000000000000002,15
48449,2023-07-13T10:00,0.2,10,2.0,0.5,2.0,no_choice,371.8759231567383,105.36438042259202,266.51154273414625,0.2833320843365894,0.0,0.0,0.0,1.0,9
48449,2023-07-13T10:00,0.2,10,2.0,0.5,2.0,nearest,371.8759231567383,371.8759231567383,7.105427357601002e-15,1.0,321.495138885498,0.8645225970975116,2.1080611710331767,1.0,38
48449,2023-07-13T10:00,0.2,10,2.0,0.5,2.0,logit,371.8759231567383,371.8759231567383,1.509903313490213e-14,1.0,309.0746073912975,0.831122931454287,2.4110436283256527,1.0000000000000002,38
48449,2023-07-13T10:00,0.2,10,2.0,0.5,2.0,coordinated,371.8759231567383,371.8759231567383,0.0,1.0,266.51154273414625,0.7166679156634105,1.7091243856179703,1.0,39
48449,2023-07-13T10:00,0.2,10,2.0,1.0,2.0,no_choice,371.8759231567383,105.36438042259202,266.51154273414625,0.2833320843365894,0.0,0.0,0.0,1.0,9
48449,2023-07-13T10:00,0.2,10,2.0,1.0,2.0,nearest,371.8759231567383,371.8759231567383,7.105427357601002e-15,1.0,321.495138885498,0.8645225970975116,2.1080611710331767,1.0,38
48449,2023-07-13T10:00,0.2,10,2.0,1.0,2.0,logit,371.8759231567383,371.8759231567383,1.1546319456101628e-14,1.0,300.5597427750812,0.8082258733604575,2.204488594452898,1.0000000000000002,38
48449,2023-07-13T10:00,0.2,10,2.0,1.0,2.0,coordinated,371.8759231567383,371.8759231567383,0.0,1.0,266.51154273414625,0.7166679156634105,1.7091243856179703,1.0,39
48449,2023-07-13T10:00,0.2,10,2.0,2.0,2.0,no_choice,371.8759231567383,105.36438042259202,266.51154273414625,0.2833320843365894,0.0,0.0,0.0,1.0,9
48449,2023-07-13T10:00,0.2,10,2.0,2.0,2.0,nearest,371.8759231567383,371.8759231567383,7.105427357601002e-15,1.0,321.495138885498,0.8645225970975116,2.1080611710331767,1.0,38
48449,2023-07-13T10:00,0.2,10,2.0,2.0,2.0,logit,371.8759231567383,371.8759231560755,6.628200210911928e-10,0.9999999999982176,293.776584105583,0.7899854919682059,2.1300901875827676,1.0000000000000002,38
48449,2023-07-13T10:00,0.2,10,2.0,2.0,2.0,coordinated,371.8759231567383,371.8759231567383,7.105427357601002e-15,1.0,266.51154273414625,0.7166679156634105,1.7091243856179703,1.0,39
48449,2023-07-13T10:00,0.2,10,4.0,0.5,2.0,no_choice,743.7518463134766,115.3932518978115,628.358594415665,0.1551502056361626,0.0,0.0,0.0,1.0,11
48449,2023-07-13T10:00,0.2,10,4.0,0.5,2.0,nearest,743.7518463134766,379.48147730255033,364.27036901092623,0.5102259297687934,357.8308383407583,0.9429467832904779,2.9791718373657217,1.0,40
48449,2023-07-13T10:00,0.2,10,4.0,0.5,2.0,logit,743.7518463134766,379.48147730255033,364.2703690109263,0.5102259297687934,314.2581601800322,0.8281251628244365,2.202063323704453,1.0000000000000004,40
48449,2023-07-13T10:00,0.2,10,4.0,0.5,2.0,coordinated,743.7518463134766,379.48147730255033,364.27036901092623,0.5102259297687934,264.08822540473886,0.695918618431509,0.8782311550678285,1.0000000000000024,40
48449,2023-07-13T10:00,0.2,10,4.0,1.0,2.0,no_choice,743.7518463134766,115.3932518978115,628.358594415665,0.1551502056361626,0.0,0.0,0.0,1.0,11
48449,2023-07-13T10:00,0.2,10,4.0,1.0,2.0,nearest,743.7518463134766,379.48147730255033,364.27036901092623,0.5102259297687934,357.8308383407583,0.9429467832904779,2.9791718373657217,1.0,40
48449,2023-07-13T10:00,0.2,10,4.0,1.0,2.0,logit,743.7518463134766,379.48147730255033,364.27036901092623,0.5102259297687934,303.80564923328285,0.8005809700984874,1.9167271606782694,1.0000000000000002,40
48449,2023-07-13T10:00,0.2,10,4.0,1.0,2.0,coordinated,743.7518463134766,379.4814773025503,364.2703690109263,0.5102259297687933,264.08822540473875,0.6959186184315088,0.8782311550678286,1.0000000000000024,40
48449,2023-07-13T10:00,0.2,10,4.0,2.0,2.0,no_choice,743.7518463134766,115.3932518978115,628.358594415665,0.1551502056361626,0.0,0.0,0.0,1.0,11
48449,2023-07-13T10:00,0.2,10,4.0,2.0,2.0,nearest,743.7518463134766,379.48147730255033,364.27036901092623,0.5102259297687934,357.8308383407583,0.9429467832904779,2.9791718373657217,1.0,40
48449,2023-07-13T10:00,0.2,10,4.0,2.0,2.0,logit,743.7518463134766,379.48147730255033,364.27036901092623,0.5102259297687934,295.844527079516,0.7796020221657542,1.8841844431016217,1.0000000000000002,40
48449,2023-07-13T10:00,0.2,10,4.0,2.0,2.0,coordinated,743.7518463134766,379.4814773025503,364.2703690109263,0.5102259297687933,264.08822540473875,0.6959186184315088,0.8782311550678286,1.0000000000000033,40
48449,2023-07-13T10:00,0.3,15,1.0,0.5,2.0,no_choice,185.93796157836914,48.758695238113276,137.17926634025588,0.262230987283156,0.0,0.0,0.0,1.0,6
48449,2023-07-13T10:00,0.3,15,1.0,0.5,2.0,nearest,185.93796157836914,185.93796157836914,0.0,1.0,162.27065182113594,0.8727139441761713,1.7264058436110792,1.0,18
48449,2023-07-13T10:00,0.3,15,1.0,0.5,2.0,logit,185.93796157836914,185.93796157836914,1.3766765505351941e-14,1.0,161.9796417025134,0.8711488516251277,2.403542344203616,1.0,4
48449,2023-07-13T10:00,0.3,15,1.0,0.5,2.0,coordinated,185.93796157836914,185.93796157836914,7.105427357601002e-15,1.0,137.17926634025585,0.7377690127168439,1.659717500813204,1.0000000000000002,18
48449,2023-07-13T10:00,0.3,15,1.0,1.0,2.0,no_choice,185.93796157836914,48.758695238113276,137.17926634025588,0.262230987283156,0.0,0.0,0.0,1.0,6
48449,2023-07-13T10:00,0.3,15,1.0,1.0,2.0,nearest,185.93796157836914,185.93796157836914,0.0,1.0,162.27065182113594,0.8727139441761713,1.7264058436110792,1.0,18
48449,2023-07-13T10:00,0.3,15,1.0,1.0,2.0,logit,185.93796157836914,185.93796157836914,1.0658141036401503e-14,1.0,158.42348042335735,0.8520233258370159,2.0494734342466945,1.0000000000000002,11
48449,2023-07-13T10:00,0.3,15,1.0,1.0,2.0,coordinated,185.93796157836914,185.93796157836914,7.105427357601002e-15,1.0,137.17926634025585,0.7377690127168439,1.659717500813204,1.0000000000000002,18
48449,2023-07-13T10:00,0.3,15,1.0,2.0,2.0,no_choice,185.93796157836914,48.758695238113276,137.17926634025588,0.262230987283156,0.0,0.0,0.0,1.0,6
48449,2023-07-13T10:00,0.3,15,1.0,2.0,2.0,nearest,185.93796157836914,185.93796157836914,0.0,1.0,162.27065182113594,0.8727139441761713,1.7264058436110792,1.0,18
48449,2023-07-13T10:00,0.3,15,1.0,2.0,2.0,logit,185.93796157836914,185.9379615778915,4.776183892829522e-10,0.9999999999974313,155.13748845313097,0.8343508078534148,1.877489267268283,1.0000000000000007,14
48449,2023-07-13T10:00,0.3,15,1.0,2.0,2.0,coordinated,185.93796157836914,185.93796157836914,7.105427357601002e-15,1.0,137.17926634025585,0.7377690127168439,1.659717500813204,1.0000000000000002,18
48449,2023-07-13T10:00,0.3,15,2.0,0.5,2.0,no_choice,371.8759231567383,52.191143148422114,319.6847800083162,0.14034558275617265,0.0,0.0,0.0,1.0,6
48449,2023-07-13T10:00,0.3,15,2.0,0.5,2.0,nearest,371.8759231567383,315.4543606796255,56.421562477112786,0.8482785279612409,308.2543606796255,0.9771757791381039,3.2602004951509973,1.0,35
48449,2023-07-13T10:00,0.3,15,2.0,0.5,2.0,logit,371.8759231567383,315.45436067962555,56.421562477112786,0.848278527961241,289.10458178068836,0.9164703926039623,3.092930817066572,1.0000000000000002,35
48449,2023-07-13T10:00,0.3,15,2.0,0.5,2.0,coordinated,371.8759231567383,315.4543606796255,56.4215624771128,0.8482785279612409,263.2632175312034,0.8345524752424416,1.9696588817620033,1.0000000000000009,35
48449,2023-07-13T10:00,0.3,15,2.0,1.0,2.0,no_choice,371.8759231567383,52.191143148422114,319.6847800083162,0.14034558275617265,0.0,0.0,0.0,1.0,6
48449,2023-07-13T10:00,0.3,15,2.0,1.0,2.0,nearest,371.8759231567383,315.4543606796255,56.421562477112786,0.8482785279612409,308.2543606796255,0.9771757791381039,3.2602004951509973,1.0,35
48449,2023-07-13T10:00,0.3,15,2.0,1.0,2.0,logit,371.8759231567383,315.45436067962555,56.42156247711278,0.848278527961241,285.3450538391151,0.9045525737046655,2.9604562398865033,1.0000000000000002,35
48449,2023-07-13T10:00,0.3,15,2.0,1.0,2.0,coordinated,371.8759231567383,315.4543606796255,56.4215624771128,0.8482785279612409,263.2632175312034,0.8345524752424416,1.9696588817620033,1.0000000000000009,35
48449,2023-07-13T10:00,0.3,15,2.0,2.0,2.0,no_choice,371.8759231567383,52.191143148422114,319.6847800083162,0.14034558275617265,0.0,0.0,0.0,1.0,6
48449,2023-07-13T10:00,0.3,15,2.0,2.0,2.0,nearest,371.8759231567383,315.4543606796255,56.421562477112786,0.8482785279612409,308.2543606796255,0.9771757791381039,3.2602004951509973,1.0,35
48449,2023-07-13T10:00,0.3,15,2.0,2.0,2.0,logit,371.8759231567383,315.4543606796255,56.421562477112786,0.8482785279612409,281.69386435012063,0.8929781910233541,2.8944083783072543,1.0000000000000007,35
48449,2023-07-13T10:00,0.3,15,2.0,2.0,2.0,coordinated,371.8759231567383,315.4543606796255,56.42156247711279,0.8482785279612409,263.2632175312034,0.8345524752424416,1.9696588817620033,1.0000000000000009,35
48449,2023-07-13T10:00,0.3,15,4.0,0.5,2.0,no_choice,743.7518463134766,58.347358755111316,685.4044875583652,0.07845003551160136,0.0,0.0,0.0,1.0,7
48449,2023-07-13T10:00,0.3,15,4.0,0.5,2.0,nearest,743.7518463134766,315.4543606796255,428.29748563385107,0.42413926398062046,309.31419955825805,0.9805355008942058,3.6673042795741537,1.0,35
48449,2023-07-13T10:00,0.3,15,4.0,0.5,2.0,logit,743.7518463134766,315.4543606796255,428.29748563385107,0.42413926398062046,287.91658124465596,0.9127043944625105,3.0516780496346594,1.0000000000000002,35
48449,2023-07-13T10:00,0.3,15,4.0,0.5,2.0,coordinated,743.7518463134766,315.45436067962544,428.2974856338511,0.4241392639806204,257.1070019245142,0.815037082925702,1.176315999150962,1.0000000000000004,35
48449,2023-07-13T10:00,0.3,15,4.0,1.0,2.0,no_choice,743.7518463134766,58.347358755111316,685.4044875583652,0.07845003551160136,0.0,0.0,0.0,1.0,7
48449,2023-07-13T10:00,0.3,15,4.0,1.0,2.0,nearest,743.7518463134766,315.4543606796255,428.29748563385107,0.42413926398062046,309.31419955825805,0.9805355008942058,3.6673042795741537,1.0,35
48449,2023-07-13T10:00,0.3,15,4.0,1.0,2.0,logit,743.7518463134766,315.45436067962544,428.29748563385107,0.4241392639806204,282.1700793380787,0.8944878071432015,2.831965750886687,1.0000000000000002,35
48449,2023-07-13T10:00,0.3,15,4.0,1.0,2.0,coordinated,743.7518463134766,315.45436067962544,428.29748563385107,0.4241392639806204,257.1070019245142,0.815037082925702,1.176315999150962,1.0000000000000009,35
48449,2023-07-13T10:00,0.3,15,4.0,2.0,2.0,no_choice,743.7518463134766,58.347358755111316,685.4044875583652,0.07845003551160136,0.0,0.0,0.0,1.0,7
48449,2023-07-13T10:00,0.3,15,4.0,2.0,2.0,nearest,743.7518463134766,315.4543606796255,428.29748563385107,0.42413926398062046,309.31419955825805,0.9805355008942058,3.6673042795741537,1.0,35
48449,2023-07-13T10:00,0.3,15,4.0,2.0,2.0,logit,743.7518463134766,315.4543606796255,428.29748563385107,0.42413926398062046,276.7244678421645,0.8772250516555864,2.707451935458736,1.0000000000000007,35
48449,2023-07-13T10:00,0.3,15,4.0,2.0,2.0,coordinated,743.7518463134766,315.45436067962544,428.2974856338511,0.4241392639806204,257.1070019245142,0.815037082925702,1.176315999150962,1.0000000000000004,35
48450,2023-07-13T11:00,0.1,5,1.0,0.5,2.0,no_choice,197.65360134840012,122.20623059606537,75.44737075233473,0.6182848668699684,0.0,0.0,0.0,1.0,7
48450,2023-07-13T11:00,0.1,5,1.0,0.5,2.0,nearest,197.65360134840012,197.65360134840012,0.0,1.0,111.56031624937071,0.5644233926844852,0.2830501607372207,1.0,10
48450,2023-07-13T11:00,0.1,5,1.0,0.5,2.0,logit,197.65360134840012,197.65360134840012,8.215650382226158e-15,1.0,137.19689912213852,0.6941280006343231,1.2996833267572658,0.9949355690808213,0
48450,2023-07-13T11:00,0.1,5,1.0,0.5,2.0,coordinated,197.65360134840012,197.65360134840012,0.0,1.0,75.44737075233473,0.3817151331300315,0.2792924030068151,1.0,13
48450,2023-07-13T11:00,0.1,5,1.0,1.0,2.0,no_choice,197.65360134840012,122.20623059606537,75.44737075233473,0.6182848668699684,0.0,0.0,0.0,1.0,7
48450,2023-07-13T11:00,0.1,5,1.0,1.0,2.0,nearest,197.65360134840012,197.65360134840012,0.0,1.0,111.56031624937071,0.5644233926844852,0.2830501607372207,1.0,10
48450,2023-07-13T11:00,0.1,5,1.0,1.0,2.0,logit,197.65360134840012,197.65360134840012,1.5987211554602254e-14,1.0,118.25563557813962,0.5982973989413567,0.7381939156725712,1.0000000000000002,3
48450,2023-07-13T11:00,0.1,5,1.0,1.0,2.0,coordinated,197.65360134840012,197.65360134840012,0.0,1.0,75.44737075233473,0.3817151331300315,0.2792924030068151,1.0,13
48450,2023-07-13T11:00,0.1,5,1.0,2.0,2.0,no_choice,197.65360134840012,122.20623059606537,75.44737075233473,0.6182848668699684,0.0,0.0,0.0,1.0,7
48450,2023-07-13T11:00,0.1,5,1.0,2.0,2.0,nearest,197.65360134840012,197.65360134840012,0.0,1.0,111.56031624937071,0.5644233926844852,0.2830501607372207,1.0,10
48450,2023-07-13T11:00,0.1,5,1.0,2.0,2.0,logit,197.65360134840012,197.65360134840012,9.880984919163893e-15,1.0,104.46273307119934,0.528514190273037,0.44607931794321837,1.0000000000000002,6
48450,2023-07-13T11:00,0.1,5,1.0,2.0,2.0,coordinated,197.65360134840012,197.65360134840012,0.0,1.0,75.44737075233473,0.3817151331300315,0.2792924030068151,1.0,13
48450,2023-07-13T11:00,0.1,5,2.0,0.5,2.0,no_choice,395.30720269680023,156.22295825672109,239.08424444007915,0.3951938067178193,0.0,0.0,0.0,1.0,10
48450,2023-07-13T11:00,0.1,5,2.0,0.5,2.0,nearest,395.30720269680023,395.30720269680023,0.0,1.0,326.71987579631866,0.8264961365930691,0.9927964236674693,1.0000000000000002,32
48450,2023-07-13T11:00,0.1,5,2.0,0.5,2.0,logit,395.30720269680023,395.30720269680023,3.9968028886505635e-15,1.0,308.36565695834383,0.7800658699225869,1.5655513221303703,1.0000000000000002,21
48450,2023-07-13T11:00,0.1,5,2.0,0.5,2.0,coordinated,395.30720269680023,395.30720269680023,0.0,1.0,239.08424444007915,0.6048061932821807,0.8912599558175195,1.0,32
48450,2023-07-13T11:00,0.1,5,2.0,1.0,2.0,no_choice,395.30720269680023,156.22295825672109,239.08424444007915,0.3951938067178193,0.0,0.0,0.0,1.0,10
48450,2023-07-13T11:00,0.1,5,2.0,1.0,2.0,nearest,395.30720269680023,395.30720269680023,0.0,1.0,326.71987579631866,0.8264961365930691,0.9927964236674693,1.0000000000000002,32
48450,2023-07-13T11:00,0.1,5,2.0,1.0,2.0,logit,395.30720269680023,395.30720269680023,7.105427357601002e-15,1.0,290.0443266962334,0.7337188007644191,1.2654126484264057,1.0000000000000002,25
48450,2023-07-13T11:00,0.1,5,2.0,1.0,2.0,coordinated,395.30720269680023,395.30720269680023,0.0,1.0,239.08424444007915,0.6048061932821807,0.8912599558175195,1.0000000000000004,32
48450,2023-07-13T11:00,0.1,5,2.0,2.0,2.0,no_choice,395.30720269680023,156.22295825672109,239.08424444007915,0.3951938067178193,0.0,0.0,0.0,1.0,10
48450,2023-07-13T11:00,0.1,5,2.0,2.0,2.0,nearest,395.30720269680023,395.30720269680023,0.0,1.0,326.71987579631866,0.8264961365930691,0.9927964236674693,1.0000000000000002,32
48450,2023-07-13T11:00,0.1,5,2.0,2.0,2.0,logit,395.30720269680023,395.30720269609935,7.009002267466258e-10,0.999999999998227,280.3216163185655,0.7091234725972564,1.0863850215664494,1.0000000000000002,27
48450,2023-07-13T11:00,0.1,5,2.0,2.0,2.0,coordinated,395.30720269680023,395.30720269680023,0.0,1.0,239.08424444007915,0.6048061932821807,0.8912599558175195,1.0000000000000004,32
48450,2023-07-13T11:00,0.1,5,4.0,0.5,2.0,no_choice,790.6144053936005,162.9987922019953,627.6156131916051,0.2061672429568846,0.0,0.0,0.0,1.0,13
48450,2023-07-13T11:00,0.1,5,4.0,0.5,2.0,nearest,790.6144053936005,483.00100345802196,307.6134019355785,0.6109185465923356,436.9173554935444,0.9045889187920026,1.9893457090253392,1.0,45
48450,2023-07-13T11:00,0.1,5,4.0,0.5,2.0,logit,790.6144053936005,483.00100345802196,307.61340193557857,0.6109185465923356,392.9563894316875,0.8135726150014918,1.9702884640627893,1.0000000000000004,45
48450,2023-07-13T11:00,0.1,5,4.0,0.5,2.0,coordinated,790.6144053936005,483.0010034580219,307.6134019355785,0.6109185465923355,320.0022112560266,0.6625290816478362,0.8072127652987786,1.0000000000000002,45
48450,2023-07-13T11:00,0.1,5,4.0,1.0,2.0,no_choice,790.6144053936005,162.9987922019953,627.6156131916051,0.2061672429568846,0.0,0.0,0.0,1.0,13
48450,2023-07-13T11:00,0.1,5,4.0,1.0,2.0,nearest,790.6144053936005,483.00100345802196,307.6134019355785,0.6109185465923356,436.9173554935444,0.9045889187920026,1.9893457090253392,1.0,45
48450,2023-07-13T11:00,0.1,5,4.0,1.0,2.0,logit,790.6144053936005,483.00100345802184,307.6134019355785,0.6109185465923354,376.6476743105237,0.7798072294134656,1.63953860977843,1.0000000000000002,45
48450,2023-07-13T11:00,0.1,5,4.0,1.0,2.0,coordinated,790.6144053936005,483.0010034580219,307.61340193557857,0.6109185465923355,320.0022112560266,0.6625290816478362,0.8072127652987785,1.0000000000000004,45
48450,2023-07-13T11:00,0.1,5,4.0,2.0,2.0,no_choice,790.6144053936005,162.9987922019953,627.6156131916051,0.2061672429568846,0.0,0.0,0.0,1.0,13
48450,2023-07-13T11:00,0.1,5,4.0,2.0,2.0,nearest,790.6144053936005,483.00100345802196,307.6134019355785,0.6109185465923356,436.9173554935444,0.9045889187920026,1.9893457090253392,1.0,45
48450,2023-07-13T11:00,0.1,5,4.0,2.0,2.0,logit,790.6144053936005,483.00100345802196,307.6134019355785,0.6109185465923356,366.70415650992186,0.7592202788079558,1.4526364566553565,1.0000000000000002,45
48450,2023-07-13T11:00,0.1,5,4.0,2.0,2.0,coordinated,790.6144053936005,483.0010034580219,307.6134019355785,0.6109185465923355,320.0022112560266,0.6625290816478362,0.8072127652987785,1.0000000000000004,45
48450,2023-07-13T11:00,0.2,10,1.0,0.5,2.0,no_choice,197.65360134840012,72.54688301610935,125.10671833229077,0.3670405321288955,0.0,0.0,0.0,1.0,4
48450,2023-07-13T11:00,0.2,10,1.0,0.5,2.0,nearest,197.65360134840012,197.65360134840012,0.0,1.0,151.22767407751058,0.7651146907813966,0.8236354963163748,1.0,12
48450,2023-07-13T11:00,0.2,10,1.0,0.5,2.0,logit,197.65360134840012,197.65360134840012,1.1102230246251565e-16,1.0,164.65694667953343,0.8330581661868932,1.5763405861541115,1.0000000000000002,3
48450,2023-07-13T11:00,0.2,10,1.0,0.5,2.0,coordinated,197.65360134840012,197.65360134840012,0.0,1.0,125.10671833229078,0.6329594678711046,0.8219749131097995,1.0,13
48450,2023-07-13T11:00,0.2,10,1.0,1.0,2.0,no_choice,197.65360134840012,72.54688301610935,125.10671833229077,0.3670405321288955,0.0,0.0,0.0,1.0,4
48450,2023-07-13T11:00,0.2,10,1.0,1.0,2.0,nearest,197.65360134840012,197.65360134840012,0.0,1.0,151.22767407751058,0.7651146907813966,0.8236354963163748,1.0,12
48450,2023-07-13T11:00,0.2,10,1.0,1.0,2.0,logit,197.65360134840012,197.65360134840012,1.099120794378905e-14,1.0,159.66349655610298,0.8077945226743796,1.1866977956225426,1.0000000000000002,5
48450,2023-07-13T11:00,0.2,10,1.0,1.0,2.0,coordinated,197.65360134840012,197.65360134840012,0.0,1.0,125.10671833229078,0.6329594678711046,0.8219749131097995,1.0,13
48450,2023-07-13T11:00,0.2,10,1.0,2.0,2.0,no_choice,197.65360134840012,72.54688301610935,125.10671833229077,0.3670405321288955,0.0,0.0,0.0,1.0,4
48450,2023-07-13T11:00,0.2,10,1.0,2.0,2.0,nearest,197.65360134840012,197.65360134840012,0.0,1.0,151.22767407751058,0.7651146907813966,0.8236354963163748,1.0,12
48450,2023-07-13T11:00,0.2,10,1.0,2.0,2.0,logit,197.65360134840012,197.65360134840012,1.0103029524088925e-14,1.0,156.28097219337775,0.7906811266135463,1.0423132336630805,1.0000000000000002,6
48450,2023-07-13T11:00,0.2,10,1.0,2.0,2.0,coordinated,197.65360134840012,197.65360134840012,0.0,1.0,125.10671833229078,0.6329594678711046,0.8219749131097995,1.0,13
48450,2023-07-13T11:00,0.2,10,2.0,0.5,2.0,no_choice,395.30720269680023,84.9541525392531,310.3530501575471,0.21490666489174182,0.0,0.0,0.0,1.0,7
48450,2023-07-13T11:00,0.2,10,2.0,0.5,2.0,nearest,395.30720269680023,395.30720269680023,0.0,1.0,367.4921107397085,0.9296367691574143,1.7442240082850138,1.0,38
48450,2023-07-13T11:00,0.2,10,2.0,0.5,2.0,logit,395.30720269680023,395.30720269680023,1.0880185641326534e-14,1.0,357.503573393774,0.9043689843111168,2.230422544821231,1.0000000000000004,37
48450,2023-07-13T11:00,0.2,10,2.0,0.5,2.0,coordinated,395.30720269680023,395.30720269680023,0.0,1.0,310.35305015754716,0.7850933351082583,1.4884576109855805,1.0000000000000007,39
48450,2023-07-13T11:00,0.2,10,2.0,1.0,2.0,no_choice,395.30720269680023,84.9541525392531,310.3530501575471,0.21490666489174182,0.0,0.0,0.0,1.0,7
48450,2023-07-13T11:00,0.2,10,2.0,1.0,2.0,nearest,395.30720269680023,395.30720269680023,0.0,1.0,367.4921107397085,0.9296367691574143,1.7442240082850138,1.0,38
48450,2023-07-13T11:00,0.2,10,2.0,1.0,2.0,logit,395.30720269680023,395.30720269680023,1.0658141036401503e-14,1.0,353.9681230052159,0.8954254326519536,1.992673994126863,1.0000000000000004,37
48450,2023-07-13T11:00,0.2,10,2.0,1.0,2.0,coordinated,395.30720269680023,395.30720269680023,0.0,1.0,310.35305015754716,0.7850933351082583,1.4884576109855805,1.0000000000000007,39
48450,2023-07-13T11:00,0.2,10,2.0,2.0,2.0,no_choice,395.30720269680023,84.9541525392531,310.3530501575471,0.21490666489174182,0.0,0.0,0.0,1.0,7
48450,2023-07-13T11:00,0.2,10,2.0,2.0,2.0,nearest,395.30720269680023,395.30720269680023,0.0,1.0,367.4921107397085,0.9296367691574143,1.7442240082850138,1.0,38
48450,2023-07-13T11:00,0.2,10,2.0,2.0,2.0,logit,395.30720269680023,395.30720269680023,1.4210854715202004e-14,1.0,351.11110318345175,0.8881980919855721,1.87953852425572,1.0000000000000004,37
48450,2023-07-13T11:00,0.2,10,2.0,2.0,2.0,coordinated,395.30720269680023,395.30720269680023,0.0,1.0,310.35305015754716,0.7850933351082583,1.4884576109855805,1.0000000000000002,39
48450,2023-07-13T11:00,0.2,10,4.0,0.5,2.0,no_choice,790.6144053936005,89.56601717758166,701.0483882160188,0.11328659908870747,0.0,0.0,0.0,1.0,8
48450,2023-07-13T11:00,0.2,10,4.0,0.5,2.0,nearest,790.6144053936005,405.2969164352408,385.3174889583597,0.5126353803703682,383.6462774734488,0.9465807952544554,2.565872338465093,1.0,40
48450,2023-07-13T11:00,0.2,10,4.0,0.5,2.0,logit,790.6144053936005,405.29691643524075,385.3174889583597,0.512635380370368,367.33907072149964,0.9063455847441512,2.1740294651695486,1.0000000000000002,40
48450,2023-07-13T11:00,0.2,10,4.0,0.5,2.0,coordinated,790.6144053936005,405.29691643524075,385.3174889583597,0.512635380370368,315.7308992576591,0.7790113530461742,0.8229927267323391,1.0,40
48450,2023-07-13T11:00,0.2,10,4.0,1.0,2.0,no_choice,790.6144053936005,89.56601717758166,701.0483882160188,0.11328659908870747,0.0,0.0,0.0,1.0,8
48450,2023-07-13T11:00,0.2,10,4.0,1.0,2.0,nearest,790.6144053936005,405.2969164352408,385.3174889583597,0.5126353803703682,383.6462774734488,0.9465807952544554,2.565872338465093,1.0,40
48450,2023-07-13T11:00,0.2,10,4.0,1.0,2.0,logit,790.6144053936005,405.2969164352408,385.31748895835966,0.5126353803703682,363.7852973651368,0.8975772640087756,1.7380743115199637,1.0000000000000004,40
48450,2023-07-13T11:00,0.2,10,4.0,1.0,2.0,coordinated,790.6144053936005,405.29691643524075,385.3174889583597,0.512635380370368,315.7308992576591,0.7790113530461742,0.8229927267323391,1.0000000000000004,40
48450,2023-07-13T11:00,0.2,10,4.0,2.0,2.0,no_choice,790.6144053936005,89.56601717758166,701.0483882160188,0.11328659908870747,0.0,0.0,0.0,1.0,8
48450,2023-07-13T11:00,0.2,10,4.0,2.0,2.0,nearest,790.6144053936005,405.2969164352408,385.3174889583597,0.5126353803703682,383.6462774734488,0.9465807952544554,2.565872338465093,1.0,40
48450,2023-07-13T11:00,0.2,10,4.0,2.0,2.0,logit,790.6144053936005,405.2969164352408,385.3174889583597,0.5126353803703682,361.1008169218923,0.8909537730953593,1.645306723314431,1.0000000000000004,40
48450,2023-07-13T11:00,0.2,10,4.0,2.0,2.0,coordinated,790.6144053936005,405.29691643524075,385.3174889583597,0.512635380370368,315.7308992576591,0.7790113530461742,0.8229927267323394,1.0000000000000002,40
48450,2023-07-13T11:00,0.3,15,1.0,0.5,2.0,no_choice,197.65360134840012,52.94491528272629,144.70868606567382,0.26786719251020036,0.0,0.0,0.0,1.0,4
48450,2023-07-13T11:00,0.3,15,1.0,0.5,2.0,nearest,197.65360134840012,197.65360134840012,0.0,1.0,176.48561257123947,0.8929036018936571,1.1951741091068493,1.0,15
48450,2023-07-13T11:00,0.3,15,1.0,0.5,2.0,logit,197.65360134840012,197.65360134840012,3.9968028886505635e-15,1.0,173.183342063755,0.8761962386836966,1.9689220605750668,1.0000000000000002,5
48450,2023-07-13T11:00,0.3,15,1.0,0.5,2.0,coordinated,197.65360134840012,197.65360134840012,0.0,1.0,144.70868606567382,0.7321328074897996,1.157626246560416,1.0,16
48450,2023-07-13T11:00,0.3,15,1.0,1.0,2.0,no_choice,197.65360134840012,52.94491528272629,144.70868606567382,0.26786719251020036,0.0,0.0,0.0,1.0,4
48450,2023-07-13T11:00,0.3,15,1.0,1.0,2.0,nearest,197.65360134840012,197.65360134840012,0.0,1.0,176.48561257123947,0.8929036018936571,1.1951741091068493,1.0,15
48450,2023-07-13T11:00,0.3,15,1.0,1.0,2.0,logit,197.65360134840012,197.65360134840012,1.1546319456101628e-14,1.0,166.78119242760005,0.843805482368207,1.5372604626565565,1.0000000000000002,10
48450,2023-07-13T11:00,0.3,15,1.0,1.0,2.0,coordinated,197.65360134840012,197.65360134840012,0.0,1.0,144.70868606567382,0.7321328074897996,1.1576262465604157,1.0,16
48450,2023-07-13T11:00,0.3,15,1.0,2.0,2.0,no_choice,197.65360134840012,52.94491528272629,144.70868606567382,0.26786719251020036,0.0,0.0,0.0,1.0,4
48450,2023-07-13T11:00,0.3,15,1.0,2.0,2.0,nearest,197.65360134840012,197.65360134840012,0.0,1.0,176.48561257123947,0.8929036018936571,1.1951741091068493,1.0,15
48450,2023-07-13T11:00,0.3,15,1.0,2.0,2.0,logit,197.65360134840012,197.65360134840012,1.0769163338864018e-14,1.0,163.9855118871656,0.829661138316987,1.3488204506621602,1.0000000000000002,12
48450,2023-07-13T11:00,0.3,15,1.0,2.0,2.0,coordinated,197.65360134840012,197.65360134840012,0.0,1.0,144.70868606567382,0.7321328074897996,1.1576262465604157,1.0,16
48450,2023-07-13T11:00,0.3,15,2.0,0.5,2.0,no_choice,395.30720269680023,72.9008971319196,322.4063055648806,0.18441580784409445,0.0,0.0,0.0,1.0,5
48450,2023-07-13T11:00,0.3,15,2.0,0.5,2.0,nearest,395.30720269680023,340.9621381473531,54.34506454944718,0.8625244767140514,328.89720380783007,0.9646150320235588,2.665664252666406,1.0,35
48450,2023-07-13T11:00,0.3,15,2.0,0.5,2.0,logit,395.30720269680023,340.9621381473531,54.34506454944719,0.8625244767140514,309.4042035764085,0.9074444607180806,2.704887109585709,1.0000000000000004,35
48450,2023-07-13T11:00,0.3,15,2.0,0.5,2.0,coordinated,395.30720269680023,340.9621381473531,54.34506454944717,0.8625244767140514,268.06124101543344,0.7861906382684222,1.679177651121606,1.0000000000000004,35
48450,2023-07-13T11:00,0.3,15,2.0,1.0,2.0,no_choice,395.30720269680023,72.9008971319196,322.4063055648806,0.18441580784409445,0.0,0.0,0.0,1.0,5
48450,2023-07-13T11:00,0.3,15,2.0,1.0,2.0,nearest,395.30720269680023,340.9621381473531,54.34506454944718,0.8625244767140514,328.89720380783007,0.9646150320235588,2.665664252666406,1.0,35
48450,2023-07-13T11:00,0.3,15,2.0,1.0,2.0,logit,395.30720269680023,340.9621381473531,54.34506454944716,0.8625244767140514,303.7684908323233,0.8909156086446295,2.5419211434528353,1.0000000000000002,35
48450,2023-07-13T11:00,0.3,15,2.0,1.0,2.0,coordinated,395.30720269680023,340.962138147353,54.34506454944717,0.8625244767140513,268.06124101543344,0.7861906382684223,1.6791776511216063,1.0000000000000004,35
48450,2023-07-13T11:00,0.3,15,2.0,2.0,2.0,no_choice,395.30720269680023,72.9008971319196,322.4063055648806,0.18441580784409445,0.0,0.0,0.0,1.0,5
48450,2023-07-13T11:00,0.3,15,2.0,2.0,2.0,nearest,395.30720269680023,340.9621381473531,54.34506454944718,0.8625244767140514,328.89720380783007,0.9646150320235588,2.665664252666406,1.0,35
48450,2023-07-13T11:00,0.3,15,2.0,2.0,2.0,logit,395.30720269680023,340.9621381473531,54.34506454944717,0.8625244767140514,301.84099563890703,0.8852625023968523,2.420768446264763,1.0000000000000007,35
48450,2023-07-13T11:00,0.3,15,2.0,2.0,2.0,coordinated,395.30720269680023,340.962138147353,54.34506454944717,0.8625244767140513,268.06124101543344,0.7861906382684223,1.6791776511216063,1.0000000000000004,35
48450,2023-07-13T11:00,0.3,15,4.0,0.5,2.0,no_choice,790.6144053936005,79.34872356986959,711.2656818237309,0.10036336680504389,0.0,0.0,0.0,1.0,7
48450,2023-07-13T11:00,0.3,15,4.0,0.5,2.0,nearest,790.6144053936005,340.9621381473531,449.6522672462474,0.4312622383570257,340.9621381473531,1.0,3.404876124674119,1.0,35
48450,2023-07-13T11:00,0.3,15,4.0,0.5,2.0,logit,790.6144053936005,340.962138147353,449.65226724624745,0.43126223835702565,309.26739954799626,0.9070432313347963,2.648895017009416,1.0000000000000004,35
48450,2023-07-13T11:00,0.3,15,4.0,0.5,2.0,coordinated,790.6144053936005,340.9621381473531,449.65226724624745,0.4312622383570257,261.61341457748347,0.7672799566514403,0.990282226605188,1.0000000000000002,35
48450,2023-07-13T11:00,0.3,15,4.0,1.0,2.0,no_choice,790.6144053936005,79.34872356986959,711.2656818237309,0.10036336680504389,0.0,0.0,0.0,1.0,7
48450,2023-07-13T11:00,0.3,15,4.0,1.0,2.0,nearest,790.6144053936005,340.9621381473531,449.6522672462474,0.4312622383570257,340.9621381473531,1.0,3.404876124674119,1.0,35
48450,2023-07-13T11:00,0.3,15,4.0,1.0,2.0,logit,790.6144053936005,340.9621381473531,449.65226724624733,0.4312622383570257,303.3287358825218,0.889625861483285,2.3935290111874354,1.0000000000000002,35
48450,2023-07-13T11:00,0.3,15,4.0,1.0,2.0,coordinated,790.6144053936005,340.9621381473531,449.6522672462474,0.4312622383570257,261.61341457748347,0.7672799566514403,0.990282226605188,1.0000000000000004,35
48450,2023-07-13T11:00,0.3,15,4.0,2.0,2.0,no_choice,790.6144053936005,79.34872356986959,711.2656818237309,0.10036336680504389,0.0,0.0,0.0,1.0,7
48450,2023-07-13T11:00,0.3,15,4.0,2.0,2.0,nearest,790.6144053936005,340.9621381473531,449.6522672462474,0.4312622383570257,340.9621381473531,1.0,3.404876124674119,1.0,35
48450,2023-07-13T11:00,0.3,15,4.0,2.0,2.0,logit,790.6144053936005,340.96213814735313,449.6522672462474,0.43126223835702576,301.07191165032555,0.8830068736846427,2.311639109962782,1.0000000000000002,35
48450,2023-07-13T11:00,0.3,15,4.0,2.0,2.0,coordinated,790.6144053936005,340.9621381473531,449.6522672462474,0.4312622383570257,261.61341457748347,0.7672799566514403,0.990282226605188,1.0000000000000002,35
49081,2023-08-08T18:00,0.1,5,1.0,0.5,2.0,no_choice,184.03811740875244,86.88969650268555,97.14842090606689,0.4721288053045106,0.0,0.0,0.0,1.0,5
49081,2023-08-08T18:00,0.1,5,1.0,0.5,2.0,nearest,184.03811740875244,184.03811740875244,0.0,1.0,148.94449507522586,0.8093132942911879,0.8152320894458268,1.0,13
49081,2023-08-08T18:00,0.1,5,1.0,0.5,2.0,logit,184.03811740875244,184.03811740875244,8.881784197001252e-15,1.0,133.3503707756691,0.7245801720493324,1.5900698065093304,1.0,2
49081,2023-08-08T18:00,0.1,5,1.0,0.5,2.0,coordinated,184.03811740875244,184.03811740875244,0.0,1.0,97.14842090606689,0.5278711946954894,0.7401143063393298,1.0,14
49081,2023-08-08T18:00,0.1,5,1.0,1.0,2.0,no_choice,184.03811740875244,86.88969650268555,97.14842090606689,0.4721288053045106,0.0,0.0,0.0,1.0,5
49081,2023-08-08T18:00,0.1,5,1.0,1.0,2.0,nearest,184.03811740875244,184.03811740875244,0.0,1.0,148.94449507522586,0.8093132942911879,0.8152320894458268,1.0,13
49081,2023-08-08T18:00,0.1,5,1.0,1.0,2.0,logit,184.03811740875244,184.03811740875244,7.993605777301127e-15,1.0,121.2193642348822,0.6586644437665677,1.1146409110559143,1.0000000000000002,5
49081,2023-08-08T18:00,0.1,5,1.0,1.0,2.0,coordinated,184.03811740875244,184.03811740875244,0.0,1.0,97.14842090606689,0.5278711946954894,0.7401143063393298,1.0,14
49081,2023-08-08T18:00,0.1,5,1.0,2.0,2.0,no_choice,184.03811740875244,86.88969650268555,97.14842090606689,0.4721288053045106,0.0,0.0,0.0,1.0,5
49081,2023-08-08T18:00,0.1,5,1.0,2.0,2.0,nearest,184.03811740875244,184.03811740875244,0.0,1.0,148.94449507522586,0.8093132942911879,0.8152320894458268,1.0,13
49081,2023-08-08T18:00,0.1,5,1.0,2.0,2.0,logit,184.03811740875244,184.03811740792776,8.246905380815406e-10,0.9999999999955189,117.24457724976781,0.6370668147506127,0.9490205780769119,1.0000000000000002,7
49081,2023-08-08T18:00,0.1,5,1.0,2.0,2.0,coordinated,184.03811740875244,184.03811740875244,0.0,1.0,97.14842090606689,0.5278711946954894,0.7401143063393298,1.0,14
49081,2023-08-08T18:00,0.1,5,2.0,0.5,2.0,no_choice,368.0762348175049,93.60341812133788,274.472816696167,0.25430443279704595,0.0,0.0,0.0,1.0,9
49081,2023-08-08T18:00,0.1,5,2.0,0.5,2.0,nearest,368.0762348175049,368.0762348175049,0.0,1.0,339.3011703491211,0.9218230851479703,1.5094914027762194,1.0000000000000002,32
49081,2023-08-08T18:00,0.1,5,2.0,0.5,2.0,logit,368.0762348175049,368.0762348175049,1.0658141036401503e-14,1.0,305.95865842706917,0.8312371989426752,2.105309388255028,1.0000000000000002,17
49081,2023-08-08T18:00,0.1,5,2.0,0.5,2.0,coordinated,368.0762348175049,368.0762348175049,0.0,1.0,274.472816696167,0.745695567202954,1.4354614633928269,1.0000000000000002,31
49081,2023-08-08T18:00,0.1,5,2.0,1.0,2.0,no_choice,368.0762348175049,93.60341812133788,274.472816696167,0.25430443279704595,0.0,0.0,0.0,1.0,9
49081,2023-08-08T18:00,0.1,5,2.0,1.0,2.0,nearest,368.0762348175049,368.0762348175049,0.0,1.0,339.3011703491211,0.9218230851479703,1.5094914027762194,1.0000000000000002,32
49081,2023-08-08T18:00,0.1,5,2.0,1.0,2.0,logit,368.0762348175049,368.0762348175049,1.5987211554602254e-14,1.0,297.4987853034621,0.8082531746472694,1.7754600579567121,1.0000000000000002,19
49081,2023-08-08T18:00,0.1,5,2.0,1.0,2.0,coordinated,368.0762348175049,368.0762348175049,0.0,1.0,274.472816696167,0.745695567202954,1.4354614633928269,1.0000000000000002,31
49081,2023-08-08T18:00,0.1,5,2.0,2.0,2.0,no_choice,368.0762348175049,93.60341812133788,274.472816696167,0.25430443279704595,0.0,0.0,0.0,1.0,9
49081,2023-08-08T18:00,0.1,5,2.0,2.0,2.0,nearest,368.0762348175049,368.0762348175049,0.0,1.0,339.3011703491211,0.9218230851479703,1.5094914027762194,1.0000000000000002,32
49081,2023-08-08T18:00,0.1,5,2.0,2.0,2.0,logit,368.0762348175049,368.0762348175017,3.156586103614245e-12,0.9999999999999913,295.6017290556787,0.803099198192578,1.6204813717797255,1.0000000000000004,21
49081,2023-08-08T18:00,0.1,5,2.0,2.0,2.0,coordinated,368.0762348175049,368.0762348175049,0.0,1.0,274.472816696167,0.745695567202954,1.4354614633928269,1.0000000000000002,31
49081,2023-08-08T18:00,0.1,5,4.0,0.5,2.0,no_choice,736.1524696350098,93.60341812133788,642.5490515136718,0.12715221639852298,0.0,0.0,0.0,1.0,9
49081,2023-08-08T18:00,0.1,5,4.0,0.5,2.0,nearest,736.1524696350098,467.0102281265246,269.14224150848514,0.6343933456585047,452.6351636581408,0.9692189515290675,3.1701073633261885,1.0,45
49081,2023-08-08T18:00,0.1,5,4.0,0.5,2.0,logit,736.1524696350098,467.01022812652457,269.1422415084852,0.6343933456585046,404.64921692057146,0.8664675686951807,2.239915273485399,1.0000000000000004,45
49081,2023-08-08T18:00,0.1,5,4.0,0.5,2.0,coordinated,736.1524696350098,467.0102281265246,269.14224150848514,0.6343933456585047,373.40681000518674,0.7995688049556413,0.9734473009843311,1.0000000000000009,45
49081,2023-08-08T18:00,0.1,5,4.0,1.0,2.0,no_choice,736.1524696350098,93.60341812133788,642.5490515136718,0.12715221639852298,0.0,0.0,0.0,1.0,9
49081,2023-08-08T18:00,0.1,5,4.0,1.0,2.0,nearest,736.1524696350098,467.0102281265246,269.14224150848514,0.6343933456585047,452.6351636581408,0.9692189515290675,3.1701073633261885,1.0,45
49081,2023-08-08T18:00,0.1,5,4.0,1.0,2.0,logit,736.1524696350098,467.01022812652457,269.14224150848514,0.6343933456585046,396.4327786124818,0.8488738677155447,1.9573489620547602,1.0000000000000002,45
49081,2023-08-08T18:00,0.1,5,4.0,1.0,2.0,coordinated,736.1524696350098,467.0102281265246,269.14224150848514,0.6343933456585047,373.40681000518674,0.7995688049556413,0.9734473009843311,1.0000000000000007,45
49081,2023-08-08T18:00,0.1,5,4.0,2.0,2.0,no_choice,736.1524696350098,93.60341812133788,642.5490515136718,0.12715221639852298,0.0,0.0,0.0,1.0,9
49081,2023-08-08T18:00,0.1,5,4.0,2.0,2.0,nearest,736.1524696350098,467.0102281265246,269.14224150848514,0.6343933456585047,452.6351636581408,0.9692189515290675,3.1701073633261885,1.0,45
49081,2023-08-08T18:00,0.1,5,4.0,2.0,2.0,logit,736.1524696350098,467.01022812652457,269.1422415084851,0.6343933456585046,394.53572236470154,0.8448117377373844,1.9426121262409304,1.0000000000000004,45
49081,2023-08-08T18:00,0.1,5,4.0,2.0,2.0,coordinated,736.1524696350098,467.0102281265246,269.14224150848514,0.6343933456585047,373.40681000518674,0.7995688049556413,0.9734473009843311,1.0000000000000007,45
49081,2023-08-08T18:00,0.2,10,1.0,0.5,2.0,no_choice,184.03811740875244,103.40544433593749,80.63267307281495,0.5618697136869308,0.0,0.0,0.0,1.0,5
49081,2023-08-08T18:00,0.2,10,1.0,0.5,2.0,nearest,184.03811740875244,184.03811740875244,0.0,1.0,137.85972938537597,0.7490824799038054,1.164236718177121,1.0,14
49081,2023-08-08T18:00,0.2,10,1.0,0.5,2.0,logit,184.03811740875244,184.03811740875244,1.7763568394002505e-15,1.0,128.06596341652454,0.6958665151528768,1.8370158658727322,1.0,3
49081,2023-08-08T18:00,0.2,10,1.0,0.5,2.0,coordinated,184.03811740875244,184.03811740875244,0.0,1.0,80.63267307281495,0.4381302863130692,1.0759508339927768,1.0000000000000004,12
49081,2023-08-08T18:00,0.2,10,1.0,1.0,2.0,no_choice,184.03811740875244,103.40544433593749,80.63267307281495,0.5618697136869308,0.0,0.0,0.0,1.0,5
49081,2023-08-08T18:00,0.2,10,1.0,1.0,2.0,nearest,184.03811740875244,184.03811740875244,0.0,1.0,137.85972938537597,0.7490824799038054,1.164236718177121,1.0,14
49081,2023-08-08T18:00,0.2,10,1.0,1.0,2.0,logit,184.03811740875244,184.03811740875244,7.993605777301127e-15,1.0,116.2611906969573,0.6317234295476888,1.43496782039178,1.0000000000000004,5
49081,2023-08-08T18:00,0.2,10,1.0,1.0,2.0,coordinated,184.03811740875244,184.03811740875244,0.0,1.0,80.63267307281495,0.4381302863130692,1.0759508339927768,1.0000000000000004,12
49081,2023-08-08T18:00,0.2,10,1.0,2.0,2.0,no_choice,184.03811740875244,103.40544433593749,80.63267307281495,0.5618697136869308,0.0,0.0,0.0,1.0,5
49081,2023-08-08T18:00,0.2,10,1.0,2.0,2.0,nearest,184.03811740875244,184.03811740875244,0.0,1.0,137.85972938537597,0.7490824799038054,1.164236718177121,1.0,14
49081,2023-08-08T18:00,0.2,10,1.0,2.0,2.0,logit,184.03811740875244,184.03811740875244,7.105427357601002e-15,1.0,106.3116904201575,0.5776612579884038,1.2797723278828703,1.0000000000000004,7
49081,2023-08-08T18:00,0.2,10,1.0,2.0,2.0,coordinated,184.03811740875244,184.03811740875244,0.0,1.0,80.63267307281495,0.4381302863130692,1.0759508339927768,1.0000000000000004,12
49081,2023-08-08T18:00,0.2,10,2.0,0.5,2.0,no_choice,368.0762348175049,118.37617115020737,249.7000636672975,0.3216077539178785,0.0,0.0,0.0,1.0,10
49081,2023-08-08T18:00,0.2,10,2.0,0.5,2.0,nearest,368.0762348175049,368.0762348175049,1.4210854715202004e-14,1.0,343.5227321624756,0.9332923445405187,2.432435328428757,1.0,38
49081,2023-08-08T18:00,0.2,10,2.0,0.5,2.0,logit,368.0762348175049,368.0762348175049,2.3092638912203256e-14,1.0,298.87058152008865,0.8119801096864377,2.516392333445485,1.0000000000000002,37
49081,2023-08-08T18:00,0.2,10,2.0,0.5,2.0,coordinated,368.0762348175049,368.0762348175049,0.0,1.0,249.7000636672975,0.6783922460821216,1.8340135574153464,1.0000000000000002,38
49081,2023-08-08T18:00,0.2,10,2.0,1.0,2.0,no_choice,368.0762348175049,118.37617115020737,249.7000636672975,0.3216077539178785,0.0,0.0,0.0,1.0,10
49081,2023-08-08T18:00,0.2,10,2.0,1.0,2.0,nearest,368.0762348175049,368.0762348175049,1.4210854715202004e-14,1.0,343.5227321624756,0.9332923445405187,2.432435328428757,1.0,38
49081,2023-08-08T18:00,0.2,10,2.0,1.0,2.0,logit,368.0762348175049,368.0762348175049,1.7763568394002505e-15,1.0,286.3729450154846,0.7780261748153086,2.280221160050392,1.0000000000000004,37
49081,2023-08-08T18:00,0.2,10,2.0,1.0,2.0,coordinated,368.0762348175049,368.0762348175049,1.4210854715202004e-14,1.0,249.7000636672975,0.6783922460821216,1.8340135574153462,1.0000000000000009,38
49081,2023-08-08T18:00,0.2,10,2.0,2.0,2.0,no_choice,368.0762348175049,118.37617115020737,249.7000636672975,0.3216077539178785,0.0,0.0,0.0,1.0,10
49081,2023-08-08T18:00,0.2,10,2.0,2.0,2.0,nearest,368.0762348175049,368.0762348175049,1.4210854715202004e-14,1.0,343.5227321624756,0.9332923445405187,2.432435328428757,1.0,38
49081,2023-08-08T18:00,0.2,10,2.0,2.0,2.0,logit,368.0762348175049,368.0762348175049,2.3092638912203256e-14,1.0,278.98903609402487,0.7579653607148797,2.2195093509550405,1.0000000000000004,37
49081,2023-08-08T18:00,0.2,10,2.0,2.0,2.0,coordinated,368.0762348175049,368.0762348175049,1.4210854715202004e-14,1.0,249.7000636672975,0.6783922460821216,1.8340135574153464,1.0000000000000009,38
49081,2023-08-08T18:00,0.2,10,4.0,0.5,2.0,no_choice,736.1524696350098,118.37617115020737,617.7762984848023,0.16080387695893925,0.0,0.0,0.0,1.0,10
49081,2023-08-08T18:00,0.2,10,4.0,0.5,2.0,nearest,736.1524696350098,383.57551437377845,352.5769552612313,0.5210544421102848,366.2220117187491,0.9547585755483885,3.7990870961845404,1.0,40
49081,2023-08-08T18:00,0.2,10,4.0,0.5,2.0,logit,736.1524696350098,383.5755143737784,352.5769552612314,0.5210544421102848,314.3698610763621,0.8195774998557956,2.474245844282845,1.0000000000000002,40
49081,2023-08-08T18:00,0.2,10,4.0,0.5,2.0,coordinated,736.1524696350098,383.57551437377845,352.5769552612313,0.5210544421102848,265.199343223571,0.6913875711189043,0.9337839861740798,1.0000000000000033,40
49081,2023-08-08T18:00,0.2,10,4.0,1.0,2.0,no_choice,736.1524696350098,118.37617115020737,617.7762984848023,0.16080387695893925,0.0,0.0,0.0,1.0,10
49081,2023-08-08T18:00,0.2,10,4.0,1.0,2.0,nearest,736.1524696350098,383.57551437377845,352.5769552612313,0.5210544421102848,366.2220117187491,0.9547585755483885,3.7990870961845404,1.0,40
49081,2023-08-08T18:00,0.2,10,4.0,1.0,2.0,logit,736.1524696350098,383.5755143737784,352.5769552612314,0.5210544421102848,301.8722245717581,0.7869955543554227,1.9908355715349724,1.0000000000000004,40
49081,2023-08-08T18:00,0.2,10,4.0,1.0,2.0,coordinated,736.1524696350098,383.57551437377845,352.5769552612314,0.5210544421102848,265.199343223571,0.6913875711189043,0.93378398617408,1.0000000000000013,40
49081,2023-08-08T18:00,0.2,10,4.0,2.0,2.0,no_choice,736.1524696350098,118.37617115020737,617.7762984848023,0.16080387695893925,0.0,0.0,0.0,1.0,10
49081,2023-08-08T18:00,0.2,10,4.0,2.0,2.0,nearest,736.1524696350098,383.57551437377845,352.5769552612313,0.5210544421102848,366.2220117187491,0.9547585755483885,3.7990870961845404,1.0,40
49081,2023-08-08T18:00,0.2,10,4.0,2.0,2.0,logit,736.1524696350098,383.5755143737784,352.5769552612313,0.5210544421102848,294.33083445824786,0.7673347839701642,1.875422166039885,1.0000000000000004,40
49081,2023-08-08T18:00,0.2,10,4.0,2.0,2.0,coordinated,736.1524696350098,383.57551437377845,352.5769552612314,0.5210544421102848,265.1993432235711,0.6913875711189044,0.9337839861740798,1.0000000000000018,40
49081,2023-08-08T18:00,0.3,15,1.0,0.5,2.0,no_choice,184.03811740875244,60.65776329040527,123.38035411834716,0.32959347848404213,0.0,0.0,0.0,1.0,4
49081,2023-08-08T18:00,0.3,15,1.0,0.5,2.0,nearest,184.03811740875244,184.03811740875244,0.0,1.0,172.46472143936214,0.9371141362868565,1.5263087875917138,1.0,19
49081,2023-08-08T18:00,0.3,15,1.0,0.5,2.0,logit,184.03811740875244,184.03811740875244,1.7763568394002505e-15,1.0,150.92436124858037,0.8200712079301173,2.131240327126845,1.0000000000000002,5
49081,2023-08-08T18:00,0.3,15,1.0,0.5,2.0,coordinated,184.03811740875244,184.03811740875244,0.0,1.0,123.38035411834716,0.6704065215159578,1.408800974825292,1.0000000000000002,19
49081,2023-08-08T18:00,0.3,15,1.0,1.0,2.0,no_choice,184.03811740875244,60.65776329040527,123.38035411834716,0.32959347848404213,0.0,0.0,0.0,1.0,4
49081,2023-08-08T18:00,0.3,15,1.0,1.0,2.0,nearest,184.03811740875244,184.03811740875244,0.0,1.0,172.46472143936214,0.9371141362868565,1.5263087875917138,1.0,19
49081,2023-08-08T18:00,0.3,15,1.0,1.0,2.0,logit,184.03811740875244,184.03811740875244,3.552713678800501e-15,1.0,146.69927419820044,0.7971135342162751,1.7486390509516665,1.0000000000000004,14
49081,2023-08-08T18:00,0.3,15,1.0,1.0,2.0,coordinated,184.03811740875244,184.03811740875244,0.0,1.0,123.38035411834716,0.6704065215159578,1.408800974825292,1.0000000000000002,19
49081,2023-08-08T18:00,0.3,15,1.0,2.0,2.0,no_choice,184.03811740875244,60.65776329040527,123.38035411834716,0.32959347848404213,0.0,0.0,0.0,1.0,4
49081,2023-08-08T18:00,0.3,15,1.0,2.0,2.0,nearest,184.03811740875244,184.03811740875244,0.0,1.0,172.46472143936214,0.9371141362868565,1.5263087875917138,1.0,19
49081,2023-08-08T18:00,0.3,15,1.0,2.0,2.0,logit,184.03811740875244,184.0381174086016,1.5084111737451167e-10,0.9999999999991804,143.44814438717492,0.7794480100483272,1.583351869289847,1.0000000000000002,14
49081,2023-08-08T18:00,0.3,15,1.0,2.0,2.0,coordinated,184.03811740875244,184.03811740875244,0.0,1.0,123.38035411834716,0.6704065215159578,1.408800974825292,1.0000000000000002,19
49081,2023-08-08T18:00,0.3,15,2.0,0.5,2.0,no_choice,368.0762348175049,64.75142669677734,303.32480812072754,0.17591852059908625,0.0,0.0,0.0,1.0,7
49081,2023-08-08T18:00,0.3,15,2.0,0.5,2.0,nearest,368.0762348175049,299.4130261459342,68.66320867157066,0.813453838698349,292.21302614593424,0.9759529500346765,3.2187040307614843,1.0,35
49081,2023-08-08T18:00,0.3,15,2.0,0.5,2.0,logit,368.0762348175049,299.4130261459342,68.66320867157066,0.813453838698349,264.0956336909568,0.8820445693041968,2.9262596772504548,1.0000000000000004,35
49081,2023-08-08T18:00,0.3,15,2.0,0.5,2.0,coordinated,368.0762348175049,299.4130261459343,68.66320867157064,0.8134538386983491,234.66159944915688,0.7837387787356404,1.8694764833310105,1.0000000000000013,35
49081,2023-08-08T18:00,0.3,15,2.0,1.0,2.0,no_choice,368.0762348175049,64.75142669677734,303.32480812072754,0.17591852059908625,0.0,0.0,0.0,1.0,7
49081,2023-08-08T18:00,0.3,15,2.0,1.0,2.0,nearest,368.0762348175049,299.4130261459342,68.66320867157066,0.813453838698349,292.21302614593424,0.9759529500346765,3.2187040307614843,1.0,35
49081,2023-08-08T18:00,0.3,15,2.0,1.0,2.0,logit,368.0762348175049,299.4130261459343,68.66320867157063,0.8134538386983491,259.60257463669194,0.8670383449187723,2.7204042793948693,1.0000000000000004,35
49081,2023-08-08T18:00,0.3,15,2.0,1.0,2.0,coordinated,368.0762348175049,299.4130261459343,68.66320867157064,0.8134538386983491,234.66159944915688,0.7837387787356404,1.8694764833310105,1.0000000000000013,35
49081,2023-08-08T18:00,0.3,15,2.0,2.0,2.0,no_choice,368.0762348175049,64.75142669677734,303.32480812072754,0.17591852059908625,0.0,0.0,0.0,1.0,7
49081,2023-08-08T18:00,0.3,15,2.0,2.0,2.0,nearest,368.0762348175049,299.4130261459342,68.66320867157066,0.813453838698349,292.21302614593424,0.9759529500346765,3.2187040307614843,1.0,35
49081,2023-08-08T18:00,0.3,15,2.0,2.0,2.0,logit,368.0762348175049,299.4130261459342,68.66320867157066,0.813453838698349,255.52684215764077,0.8534259362286286,2.592595200285661,1.0000000000000002,35
49081,2023-08-08T18:00,0.3,15,2.0,2.0,2.0,coordinated,368.0762348175049,299.4130261459342,68.66320867157066,0.813453838698349,234.66159944915688,0.7837387787356405,1.8694764833310105,1.0000000000000013,35
49081,2023-08-08T18:00,0.3,15,4.0,0.5,2.0,no_choice,736.1524696350098,64.75142669677734,671.4010429382323,0.08795926029954312,0.0,0.0,0.0,1.0,7
49081,2023-08-08T18:00,0.3,15,4.0,0.5,2.0,nearest,736.1524696350098,299.4130261459343,436.7394434890755,0.40672691934917454,299.4130261459343,1.0,4.334455412418636,1.0,35
49081,2023-08-08T18:00,0.3,15,4.0,0.5,2.0,logit,736.1524696350098,299.4130261459342,436.73944348907554,0.4067269193491745,264.0956336909568,0.8820445693041968,2.7601220788815213,1.0000000000000004,35
49081,2023-08-08T18:00,0.3,15,4.0,0.5,2.0,coordinated,736.1524696350098,299.4130261459343,436.73944348907554,0.40672691934917454,234.6615994491569,0.7837387787356405,1.1725647311355019,1.0000000000000004,35
49081,2023-08-08T18:00,0.3,15,4.0,1.0,2.0,no_choice,736.1524696350098,64.75142669677734,671.4010429382323,0.08795926029954312,0.0,0.0,0.0,1.0,7
49081,2023-08-08T18:00,0.3,15,4.0,1.0,2.0,nearest,736.1524696350098,299.4130261459343,436.7394434890755,0.40672691934917454,299.4130261459343,1.0,4.334455412418636,1.0,35
49081,2023-08-08T18:00,0.3,15,4.0,1.0,2.0,logit,736.1524696350098,299.4130261459342,436.73944348907554,0.4067269193491745,259.602574636692,0.8670383449187726,2.1862225953828265,1.0000000000000004,35
49081,2023-08-08T18:00,0.3,15,4.0,1.0,2.0,coordinated,736.1524696350098,299.4130261459343,436.73944348907554,0.40672691934917454,234.6615994491569,0.7837387787356405,1.1725647311355019,1.0000000000000004,35
49081,2023-08-08T18:00,0.3,15,4.0,2.0,2.0,no_choice,736.1524696350098,64.75142669677734,671.4010429382323,0.08795926029954312,0.0,0.0,0.0,1.0,7
49081,2023-08-08T18:00,0.3,15,4.0,2.0,2.0,nearest,736.1524696350098,299.4130261459343,436.7394434890755,0.40672691934917454,299.4130261459343,1.0,4.334455412418636,1.0,35
49081,2023-08-08T18:00,0.3,15,4.0,2.0,2.0,logit,736.1524696350098,299.4130261459342,436.7394434890756,0.4067269193491745,255.52684215764077,0.8534259362286286,2.2248288720785396,1.0000000000000002,35
49081,2023-08-08T18:00,0.3,15,4.0,2.0,2.0,coordinated,736.1524696350098,299.4130261459342,436.7394434890756,0.4067269193491745,234.66159944915688,0.7837387787356405,1.1725647311355019,1.0000000000000004,35
49289,2023-08-17T10:00,0.1,5,1.0,0.5,2.0,no_choice,186.71374398469925,95.23200235223743,91.48174163246182,0.5100428084182248,0.0,0.0,0.0,1.0,7
49289,2023-08-17T10:00,0.1,5,1.0,0.5,2.0,nearest,186.71374398469925,186.71374398469925,0.0,1.0,134.44232971811323,0.7200451710139263,0.9144403131165835,1.0,11
49289,2023-08-17T10:00,0.1,5,1.0,0.5,2.0,logit,186.71374398469925,186.71374398469925,1.4210854715202004e-14,1.0,136.26365166182202,0.7297997927404236,1.7776953079828617,1.0000000000000002,2
49289,2023-08-17T10:00,0.1,5,1.0,0.5,2.0,coordinated,186.71374398469925,186.71374398469925,0.0,1.0,91.48174163246182,0.4899571915817752,0.8492423877408558,1.0000000000000002,14
49289,2023-08-17T10:00,0.1,5,1.0,1.0,2.0,no_choice,186.71374398469925,95.23200235223743,91.48174163246182,0.5100428084182248,0.0,0.0,0.0,1.0,7
49289,2023-08-17T10:00,0.1,5,1.0,1.0,2.0,nearest,186.71374398469925,186.71374398469925,0.0,1.0,134.44232971811323,0.7200451710139263,0.9144403131165835,1.0,11
49289,2023-08-17T10:00,0.1,5,1.0,1.0,2.0,logit,186.71374398469925,186.71374398469925,1.965094753586527e-14,1.0,122.49606773089378,0.6560634751179969,1.2735084323654204,1.0000000000000002,4
49289,2023-08-17T10:00,0.1,5,1.0,1.0,2.0,coordinated,186.71374398469925,186.71374398469925,0.0,1.0,91.48174163246182,0.4899571915817752,0.8492423877408558,1.0000000000000002,14
49289,2023-08-17T10:00,0.1,5,1.0,2.0,2.0,no_choice,186.71374398469925,95.23200235223743,91.48174163246182,0.5100428084182248,0.0,0.0,0.0,1.0,7
49289,2023-08-17T10:00,0.1,5,1.0,2.0,2.0,nearest,186.71374398469925,186.71374398469925,0.0,1.0,134.44232971811323,0.7200451710139263,0.9144403131165835,1.0,11
49289,2023-08-17T10:00,0.1,5,1.0,2.0,2.0,logit,186.71374398469925,186.71374398469828,9.898748487557896e-13,0.9999999999999948,115.02162235462185,0.6160318994195103,1.0175665782538337,1.0000000000000002,7
49289,2023-08-17T10:00,0.1,5,1.0,2.0,2.0,coordinated,186.71374398469925,186.71374398469925,0.0,1.0,91.48174163246182,0.4899571915817752,0.8492423877408558,1.0000000000000002,14
49289,2023-08-17T10:00,0.1,5,2.0,0.5,2.0,no_choice,373.4274879693985,111.20329019069645,262.2241977787021,0.2977908530392098,0.0,0.0,0.0,1.0,10
49289,2023-08-17T10:00,0.1,5,2.0,0.5,2.0,nearest,373.4274879693985,373.4274879693985,3.552713678800501e-15,1.0,320.53746835231823,0.8583660246740741,1.3389385819780297,1.0,31
49289,2023-08-17T10:00,0.1,5,2.0,0.5,2.0,logit,373.4274879693985,373.4274879693985,2.1316282072803006e-14,1.0,302.43319431642686,0.8098846605025781,2.002530639464485,1.0000000000000004,11
49289,2023-08-17T10:00,0.1,5,2.0,0.5,2.0,coordinated,373.4274879693985,373.4274879693985,0.0,1.0,262.22419777870203,0.7022091469607901,1.2515517347912393,1.0000000000000002,31
49289,2023-08-17T10:00,0.1,5,2.0,1.0,2.0,no_choice,373.4274879693985,111.20329019069645,262.2241977787021,0.2977908530392098,0.0,0.0,0.0,1.0,10
49289,2023-08-17T10:00,0.1,5,2.0,1.0,2.0,nearest,373.4274879693985,373.4274879693985,3.552713678800501e-15,1.0,320.53746835231823,0.8583660246740741,1.3389385819780297,1.0,31
49289,2023-08-17T10:00,0.1,5,2.0,1.0,2.0,logit,373.4274879693985,373.4274879693985,2.1316282072803006e-14,1.0,293.095479559781,0.784879230914569,1.602340567960517,1.0000000000000002,13
49289,2023-08-17T10:00,0.1,5,2.0,1.0,2.0,coordinated,373.4274879693985,373.4274879693985,0.0,1.0,262.22419777870203,0.7022091469607901,1.2515517347912393,1.0000000000000002,31
49289,2023-08-17T10:00,0.1,5,2.0,2.0,2.0,no_choice,373.4274879693985,111.20329019069645,262.2241977787021,0.2977908530392098,0.0,0.0,0.0,1.0,10
49289,2023-08-17T10:00,0.1,5,2.0,2.0,2.0,nearest,373.4274879693985,373.4274879693985,3.552713678800501e-15,1.0,320.53746835231823,0.8583660246740741,1.3389385819780297,1.0,31
49289,2023-08-17T10:00,0.1,5,2.0,2.0,2.0,logit,373.4274879693985,373.4274879693762,2.227729112291854e-11,0.9999999999999404,287.3830291241625,0.7695818823806831,1.440765410104409,1.0000000000000002,16
49289,2023-08-17T10:00,0.1,5,2.0,2.0,2.0,coordinated,373.4274879693985,373.4274879693985,0.0,1.0,262.22419777870203,0.7022091469607901,1.2515517347912393,1.0000000000000002,31
49289,2023-08-17T10:00,0.1,5,4.0,0.5,2.0,no_choice,746.854975938797,112.90634159088108,633.9486343479159,0.15117572383976924,0.0,0.0,0.0,1.0,11
49289,2023-08-17T10:00,0.1,5,4.0,0.5,2.0,nearest,746.854975938797,476.969917236327,269.8850587024701,0.6386379318645841,443.22997325134156,0.9292619036007923,1.9377831969550885,1.0,45
49289,2023-08-17T10:00,0.1,5,4.0,0.5,2.0,logit,746.854975938797,476.9699172363269,269.8850587024701,0.638637931864584,404.14082464337855,0.8473088344545148,2.139764223398262,1.0000000000000004,45
49289,2023-08-17T10:00,0.1,5,4.0,0.5,2.0,coordinated,746.854975938797,476.9699172363269,269.8850587024701,0.638637931864584,364.06357564544584,0.7632841453710827,0.4609633960833893,1.0000000000000004,45
49289,2023-08-17T10:00,0.1,5,4.0,1.0,2.0,no_choice,746.854975938797,112.90634159088108,633.9486343479159,0.15117572383976924,0.0,0.0,0.0,1.0,11
49289,2023-08-17T10:00,0.1,5,4.0,1.0,2.0,nearest,746.854975938797,476.969917236327,269.8850587024701,0.6386379318645841,443.22997325134156,0.9292619036007923,1.9377831969550885,1.0,45
49289,2023-08-17T10:00,0.1,5,4.0,1.0,2.0,logit,746.854975938797,476.96991723632686,269.8850587024701,0.6386379318645838,395.1117598172828,0.8283787835229756,1.651911323129022,1.0000000000000004,45
49289,2023-08-17T10:00,0.1,5,4.0,1.0,2.0,coordinated,746.854975938797,476.9699172363269,269.8850587024701,0.638637931864584,364.06357564544584,0.7632841453710827,0.4609633960833894,1.0000000000000004,45
49289,2023-08-17T10:00,0.1,5,4.0,2.0,2.0,no_choice,746.854975938797,112.90634159088108,633.9486343479159,0.15117572383976924,0.0,0.0,0.0,1.0,11
49289,2023-08-17T10:00,0.1,5,4.0,2.0,2.0,nearest,746.854975938797,476.969917236327,269.8850587024701,0.6386379318645841,443.22997325134156,0.9292619036007923,1.9377831969550885,1.0,45
49289,2023-08-17T10:00,0.1,5,4.0,2.0,2.0,logit,746.854975938797,476.9699172363269,269.88505870247,0.638637931864584,389.2663563636539,0.8161234960459403,1.3155380416305111,1.0000000000000002,45
49289,2023-08-17T10:00,0.1,5,4.0,2.0,2.0,coordinated,746.854975938797,476.9699172363269,269.8850587024701,0.638637931864584,364.06357564544584,0.7632841453710827,0.4609633960833893,1.0000000000000004,45
49289,2023-08-17T10:00,0.2,10,1.0,0.5,2.0,no_choice,186.71374398469925,77.73829870080921,108.97544528389004,0.41635016813320225,0.0,0.0,0.0,1.0,8
49289,2023-08-17T10:00,0.2,10,1.0,0.5,2.0,nearest,186.71374398469925,186.71374398469925,0.0,1.0,156.8547066292765,0.8400812028177764,0.8244329674472384,1.0,17
49289,2023-08-17T10:00,0.2,10,1.0,0.5,2.0,logit,186.71374398469925,186.71374398469925,8.215650382226158e-15,1.0,136.81909979985008,0.7327746575049241,1.5166314243275694,1.0000000000000002,4
49289,2023-08-17T10:00,0.2,10,1.0,0.5,2.0,coordinated,186.71374398469925,186.71374398469925,0.0,1.0,108.97544528389005,0.5836498318667979,0.6467925971661248,1.0,15
49289,2023-08-17T10:00,0.2,10,1.0,1.0,2.0,no_choice,186.71374398469925,77.73829870080921,108.97544528389004,0.41635016813320225,0.0,0.0,0.0,1.0,8
49289,2023-08-17T10:00,0.2,10,1.0,1.0,2.0,nearest,186.71374398469925,186.71374398469925,0.0,1.0,156.8547066292765,0.8400812028177764,0.8244329674472384,1.0,17
49289,2023-08-17T10:00,0.2,10,1.0,1.0,2.0,logit,186.71374398469925,186.71374398382764,8.716072308345701e-10,0.9999999999953318,130.15070759804237,0.697060135055272,1.0452449251304872,1.0000000000000004,8
49289,2023-08-17T10:00,0.2,10,1.0,1.0,2.0,coordinated,186.71374398469925,186.71374398469925,0.0,1.0,108.97544528389005,0.5836498318667979,0.6467925971661248,1.0,15
49289,2023-08-17T10:00,0.2,10,1.0,2.0,2.0,no_choice,186.71374398469925,77.73829870080921,108.97544528389004,0.41635016813320225,0.0,0.0,0.0,1.0,8
49289,2023-08-17T10:00,0.2,10,1.0,2.0,2.0,nearest,186.71374398469925,186.71374398469925,0.0,1.0,156.8547066292765,0.8400812028177764,0.8244329674472384,1.0,17
49289,2023-08-17T10:00,0.2,10,1.0,2.0,2.0,logit,186.71374398469925,186.71374398469925,1.5987211554602254e-14,1.0,128.19830500856608,0.6866034726349424,0.9513257550664463,1.0000000000000002,9
49289,2023-08-17T10:00,0.2,10,1.0,2.0,2.0,coordinated,186.71374398469925,186.71374398469925,0.0,1.0,108.97544528389005,0.5836498318667979,0.6467925971661248,1.0,15
49289,2023-08-17T10:00,0.2,10,2.0,0.5,2.0,no_choice,373.4274879693985,89.03475924587222,284.39272872352626,0.23842583129062103,0.0,0.0,0.0,1.0,9
49289,2023-08-17T10:00,0.2,10,2.0,0.5,2.0,nearest,373.4274879693985,373.4274879693985,3.552713678800501e-15,1.0,337.3768490076065,0.9034601358410277,1.6305592702232077,1.0,38
49289,2023-08-17T10:00,0.2,10,2.0,0.5,2.0,logit,373.4274879693985,373.4274879693985,2.6645352591003757e-14,1.0,316.2013131960487,0.8467542518507921,2.1095857259545308,1.0000000000000004,39
49289,2023-08-17T10:00,0.2,10,2.0,0.5,2.0,coordinated,373.4274879693985,373.4274879693985,0.0,1.0,284.39272872352626,0.7615741687093789,1.377507895599212,1.0000000000000004,39
49289,2023-08-17T10:00,0.2,10,2.0,1.0,2.0,no_choice,373.4274879693985,89.03475924587222,284.39272872352626,0.23842583129062103,0.0,0.0,0.0,1.0,9
49289,2023-08-17T10:00,0.2,10,2.0,1.0,2.0,nearest,373.4274879693985,373.4274879693985,3.552713678800501e-15,1.0,337.3768490076065,0.9034601358410277,1.6305592702232077,1.0,38
49289,2023-08-17T10:00,0.2,10,2.0,1.0,2.0,logit,373.4274879693985,373.427487969387,1.1513456854572723e-11,0.9999999999999692,311.4192677639495,0.8339484312131815,1.8335916186081884,1.0000000000000004,39
49289,2023-08-17T10:00,0.2,10,2.0,1.0,2.0,coordinated,373.4274879693985,373.4274879693985,0.0,1.0,284.39272872352626,0.7615741687093789,1.377507895599212,1.0000000000000004,39
49289,2023-08-17T10:00,0.2,10,2.0,2.0,2.0,no_choice,373.4274879693985,89.03475924587222,284.39272872352626,0.23842583129062103,0.0,0.0,0.0,1.0,9
49289,2023-08-17T10:00,0.2,10,2.0,2.0,2.0,nearest,373.4274879693985,373.4274879693985,3.552713678800501e-15,1.0,337.3768490076065,0.9034601358410277,1.6305592702232077,1.0,38
49289,2023-08-17T10:00,0.2,10,2.0,2.0,2.0,logit,373.4274879693985,373.4274879693491,4.9406700952658866e-11,0.9999999999998678,310.552711654854,0.8316278840200005,1.7645612699327187,1.0000000000000002,39
49289,2023-08-17T10:00,0.2,10,2.0,2.0,2.0,coordinated,373.4274879693985,373.4274879693985,0.0,1.0,284.39272872352626,0.7615741687093789,1.377507895599212,1.0000000000000004,39
49289,2023-08-17T10:00,0.2,10,4.0,0.5,2.0,no_choice,746.854975938797,90.73781064605686,656.1171652927401,0.12149321296547484,0.0,0.0,0.0,1.0,10
49289,2023-08-17T10:00,0.2,10,4.0,0.5,2.0,nearest,746.854975938797,381.69208613204853,365.16288980674847,0.5110658674426871,360.04144717025656,0.9432772128413954,2.590178027144763,1.0,40
49289,2023-08-17T10:00,0.2,10,4.0,0.5,2.0,logit,746.854975938797,381.69208613204853,365.16288980674847,0.5110658674426871,322.96397402633875,0.8461374646227471,1.9251144599107188,1.0000000000000002,40
49289,2023-08-17T10:00,0.2,10,4.0,0.5,2.0,coordinated,746.854975938797,381.6920861320484,365.1628898067486,0.511065867442687,290.9542754859916,0.7622748441929562,0.5550603268421305,1.0000000000000033,40
49289,2023-08-17T10:00,0.2,10,4.0,1.0,2.0,no_choice,746.854975938797,90.73781064605686,656.1171652927401,0.12149321296547484,0.0,0.0,0.0,1.0,10
49289,2023-08-17T10:00,0.2,10,4.0,1.0,2.0,nearest,746.854975938797,381.69208613204853,365.16288980674847,0.5110658674426871,360.04144717025656,0.9432772128413954,2.590178027144763,1.0,40
49289,2023-08-17T10:00,0.2,10,4.0,1.0,2.0,logit,746.854975938797,381.6920861320485,365.16288980674847,0.5110658674426871,318.2825724328227,0.8338726004466099,1.4637926620155757,1.0000000000000004,40
49289,2023-08-17T10:00,0.2,10,4.0,1.0,2.0,coordinated,746.854975938797,381.6920861320484,365.1628898067486,0.511065867442687,290.9542754859916,0.7622748441929562,0.5550603268421305,1.0000000000000033,40
49289,2023-08-17T10:00,0.2,10,4.0,2.0,2.0,no_choice,746.854975938797,90.73781064605686,656.1171652927401,0.12149321296547484,0.0,0.0,0.0,1.0,10
49289,2023-08-17T10:00,0.2,10,4.0,2.0,2.0,nearest,746.854975938797,381.69208613204853,365.16288980674847,0.5110658674426871,360.04144717025656,0.9432772128413954,2.590178027144763,1.0,40
49289,2023-08-17T10:00,0.2,10,4.0,2.0,2.0,logit,746.854975938797,381.69208613204853,365.16288980674847,0.5110658674426871,317.41768634223195,0.8316066742668055,1.4372192597050637,1.0000000000000007,40
49289,2023-08-17T10:00,0.2,10,4.0,2.0,2.0,coordinated,746.854975938797,381.6920861320484,365.1628898067486,0.511065867442687,290.95427548599156,0.762274844192956,0.5550603268421305,1.0000000000000033,40
49289,2023-08-17T10:00,0.3,15,1.0,0.5,2.0,no_choice,186.71374398469925,96.54584970474244,90.16789427995683,0.5170795017245979,0.0,0.0,0.0,1.0,7
49289,2023-08-17T10:00,0.3,15,1.0,0.5,2.0,nearest,186.71374398469925,186.71374398469925,0.0,1.0,141.80538827180862,0.7594801820450306,0.7936357211365059,1.0000000000000002,18
49289,2023-08-17T10:00,0.3,15,1.0,0.5,2.0,logit,186.71374398469925,186.71374398469925,1.4210854715202004e-14,1.0,124.07282462389941,0.6645082572714459,1.4435233420178528,1.0000000000000002,6
49289,2023-08-17T10:00,0.3,15,1.0,0.5,2.0,coordinated,186.71374398469925,186.71374398469925,0.0,1.0,90.16789427995681,0.48292049827540207,0.6020563600525424,1.0000000000000004,17
49289,2023-08-17T10:00,0.3,15,1.0,1.0,2.0,no_choice,186.71374398469925,96.54584970474244,90.16789427995683,0.5170795017245979,0.0,0.0,0.0,1.0,7
49289,2023-08-17T10:00,0.3,15,1.0,1.0,2.0,nearest,186.71374398469925,186.71374398469925,0.0,1.0,141.80538827180862,0.7594801820450306,0.7936357211365059,1.0000000000000002,18
49289,2023-08-17T10:00,0.3,15,1.0,1.0,2.0,logit,186.71374398469925,186.71374398388042,8.188241196194213e-10,0.9999999999956145,114.31095511453825,0.6122257134129723,0.9219667137856479,1.0000000000000002,9
49289,2023-08-17T10:00,0.3,15,1.0,1.0,2.0,coordinated,186.71374398469925,186.71374398469925,0.0,1.0,90.16789427995681,0.48292049827540207,0.6020563600525424,1.0000000000000004,17
49289,2023-08-17T10:00,0.3,15,1.0,2.0,2.0,no_choice,186.71374398469925,96.54584970474244,90.16789427995683,0.5170795017245979,0.0,0.0,0.0,1.0,7
49289,2023-08-17T10:00,0.3,15,1.0,2.0,2.0,nearest,186.71374398469925,186.71374398469925,0.0,1.0,141.80538827180862,0.7594801820450306,0.7936357211365059,1.0000000000000002,18
49289,2023-08-17T10:00,0.3,15,1.0,2.0,2.0,logit,186.71374398469925,186.71374398327646,1.4227978795133822e-09,0.9999999999923799,110.59201183013677,0.5923078262521598,0.7752827738764716,1.0000000000000002,11
49289,2023-08-17T10:00,0.3,15,1.0,2.0,2.0,coordinated,186.71374398469925,186.71374398469925,0.0,1.0,90.16789427995681,0.48292049827540207,0.6020563600525424,1.0000000000000004,17
49289,2023-08-17T10:00,0.3,15,2.0,0.5,2.0,no_choice,373.4274879693985,115.10867622375474,258.31881174564376,0.3082490709232086,0.0,0.0,0.0,1.0,10
49289,2023-08-17T10:00,0.3,15,2.0,0.5,2.0,nearest,373.4274879693985,317.6446511993402,55.782836770058296,0.8506193610079675,274.1124007186885,0.8629529875088854,2.073450418093728,1.0,35
49289,2023-08-17T10:00,0.3,15,2.0,0.5,2.0,logit,373.4274879693985,317.6446511993402,55.782836770058296,0.8506193610079675,244.57527543271863,0.7699650364307051,2.1671904634859946,1.0000000000000002,35
49289,2023-08-17T10:00,0.3,15,2.0,0.5,2.0,coordinated,373.4274879693985,317.6446511993402,55.78283677005831,0.8506193610079675,202.53597497558548,0.6376180874158103,1.2693789343968362,1.0000000000000007,35
49289,2023-08-17T10:00,0.3,15,2.0,1.0,2.0,no_choice,373.4274879693985,115.10867622375474,258.31881174564376,0.3082490709232086,0.0,0.0,0.0,1.0,10
49289,2023-08-17T10:00,0.3,15,2.0,1.0,2.0,nearest,373.4274879693985,317.6446511993402,55.782836770058296,0.8506193610079675,274.1124007186885,0.8629529875088854,2.073450418093728,1.0,35
49289,2023-08-17T10:00,0.3,15,2.0,1.0,2.0,logit,373.4274879693985,317.6446511993402,55.7828367700583,0.8506193610079675,236.19464606133548,0.7435813736183765,1.9250159701888727,1.0000000000000002,35
49289,2023-08-17T10:00,0.3,15,2.0,1.0,2.0,coordinated,373.4274879693985,317.6446511993402,55.782836770058296,0.8506193610079675,202.53597497558548,0.6376180874158103,1.2693789343968362,1.0000000000000002,35
49289,2023-08-17T10:00,0.3,15,2.0,2.0,2.0,no_choice,373.4274879693985,115.10867622375474,258.31881174564376,0.3082490709232086,0.0,0.0,0.0,1.0,10
49289,2023-08-17T10:00,0.3,15,2.0,2.0,2.0,nearest,373.4274879693985,317.6446511993402,55.782836770058296,0.8506193610079675,274.1124007186885,0.8629529875088854,2.073450418093728,1.0,35
49289,2023-08-17T10:00,0.3,15,2.0,2.0,2.0,logit,373.4274879693985,317.6446511993403,55.78283677005828,0.8506193610079676,233.83509124558634,0.7361530891916117,1.864835625210407,1.0000000000000002,35
49289,2023-08-17T10:00,0.3,15,2.0,2.0,2.0,coordinated,373.4274879693985,317.6446511993402,55.78283677005831,0.8506193610079675,202.53597497558548,0.6376180874158103,1.2693789343968362,1.0000000000000004,35
49289,2023-08-17T10:00,0.3,15,4.0,0.5,2.0,no_choice,746.854975938797,115.32080600738512,631.534169931412,0.15440856621786153,0.0,0.0,0.0,1.0,11
49289,2023-08-17T10:00,0.3,15,4.0,0.5,2.0,nearest,746.854975938797,317.6446511993403,429.21032473945684,0.4253096805039838,295.99401223754825,0.9318400644240503,2.6329087907546795,1.0,35
49289,2023-08-17T10:00,0.3,15,4.0,0.5,2.0,logit,746.854975938797,317.6446511993402,429.21032473945684,0.42530968050398377,243.2869217771933,0.7659090775135289,1.9399154851400613,1.0000000000000002,35
49289,2023-08-17T10:00,0.3,15,4.0,0.5,2.0,coordinated,746.854975938797,317.6446511993402,429.21032473945684,0.42530968050398377,202.32384519195512,0.6369502663685191,0.5065793776263626,1.0000000000000004,35
49289,2023-08-17T10:00,0.3,15,4.0,1.0,2.0,no_choice,746.854975938797,115.32080600738512,631.534169931412,0.15440856621786153,0.0,0.0,0.0,1.0,11
49289,2023-08-17T10:00,0.3,15,4.0,1.0,2.0,nearest,746.854975938797,317.6446511993403,429.21032473945684,0.4253096805039838,295.99401223754825,0.9318400644240503,2.6329087907546795,1.0,35
49289,2023-08-17T10:00,0.3,15,4.0,1.0,2.0,logit,746.854975938797,317.6446511993402,429.21032473945684,0.42530968050398377,234.811961109513,0.7392284435545399,1.4524536388059746,1.0000000000000002,35
49289,2023-08-17T10:00,0.3,15,4.0,1.0,2.0,coordinated,746.854975938797,317.6446511993403,429.2103247394568,0.4253096805039838,202.32384519195514,0.6369502663685191,0.5065793776263626,1.0000000000000013,35
49289,2023-08-17T10:00,0.3,15,4.0,2.0,2.0,no_choice,746.854975938797,115.32080600738512,631.534169931412,0.15440856621786153,0.0,0.0,0.0,1.0,11
49289,2023-08-17T10:00,0.3,15,4.0,2.0,2.0,nearest,746.854975938797,317.6446511993403,429.21032473945684,0.4253096805039838,295.99401223754825,0.9318400644240503,2.6329087907546795,1.0,35
49289,2023-08-17T10:00,0.3,15,4.0,2.0,2.0,logit,746.854975938797,317.6446511993402,429.2103247394567,0.42530968050398377,232.43571007283168,0.7317475965523655,1.516909649916262,1.0000000000000004,35
49289,2023-08-17T10:00,0.3,15,4.0,2.0,2.0,coordinated,746.854975938797,317.6446511993402,429.21032473945684,0.42530968050398377,202.32384519195512,0.6369502663685191,0.5065793776263626,1.0000000000000009,35
49408,2023-08-22T09:00,0.1,5,1.0,0.5,2.0,no_choice,197.64600601792336,139.70311453270898,57.94289148521435,0.7068349993373513,0.0,0.0,0.0,1.0,6
49408,2023-08-22T09:00,0.1,5,1.0,0.5,2.0,nearest,197.64600601792336,197.64600601792336,0.0,1.0,115.48112954354261,0.584282636771675,0.21149811085888826,1.0,9
49408,2023-08-22T09:00,0.1,5,1.0,0.5,2.0,logit,197.64600601792336,197.64600601792336,7.16093850883226e-15,1.0,132.12368649294035,0.6684864984368003,1.152802752834373,0.9999999999999999,1
49408,2023-08-22T09:00,0.1,5,1.0,0.5,2.0,coordinated,197.64600601792336,197.64600601792336,0.0,1.0,57.94289148521436,0.29316500066264867,0.21149811085888826,1.0,11
49408,2023-08-22T09:00,0.1,5,1.0,1.0,2.0,no_choice,197.64600601792336,139.70311453270898,57.94289148521435,0.7068349993373513,0.0,0.0,0.0,1.0,6
49408,2023-08-22T09:00,0.1,5,1.0,1.0,2.0,nearest,197.64600601792336,197.64600601792336,0.0,1.0,115.48112954354261,0.584282636771675,0.21149811085888826,1.0,9
49408,2023-08-22T09:00,0.1,5,1.0,1.0,2.0,logit,197.64600601792336,197.64600601792336,9.769962616701378e-15,1.0,110.51526482353839,0.5591575921524891,0.5661507379019236,0.9999999999999999,2
49408,2023-08-22T09:00,0.1,5,1.0,1.0,2.0,coordinated,197.64600601792336,197.64600601792336,0.0,1.0,57.94289148521436,0.29316500066264867,0.21149811085888826,1.0,11
49408,2023-08-22T09:00,0.1,5,1.0,2.0,2.0,no_choice,197.64600601792336,139.70311453270898,57.94289148521435,0.7068349993373513,0.0,0.0,0.0,1.0,6
49408,2023-08-22T09:00,0.1,5,1.0,2.0,2.0,nearest,197.64600601792336,197.64600601792336,0.0,1.0,115.48112954354261,0.584282636771675,0.21149811085888826,1.0,9
49408,2023-08-22T09:00,0.1,5,1.0,2.0,2.0,logit,197.64600601792336,197.64600601792336,9.769962616701378e-15,1.0,97.94234701368106,0.49554427628959646,0.3494447421285181,1.0000000000000002,3
49408,2023-08-22T09:00,0.1,5,1.0,2.0,2.0,coordinated,197.64600601792336,197.64600601792336,0.0,1.0,57.94289148521436,0.29316500066264867,0.21149811085888826,1.0,11
49408,2023-08-22T09:00,0.1,5,2.0,0.5,2.0,no_choice,395.2920120358467,169.9127932915686,225.37921874427812,0.4298412012336849,0.0,0.0,0.0,1.0,13
49408,2023-08-22T09:00,0.1,5,2.0,0.5,2.0,nearest,395.2920120358467,395.2920120358467,0.0,1.0,301.8629384484295,0.763645429852641,0.6479404399783776,1.0,32
49408,2023-08-22T09:00,0.1,5,2.0,0.5,2.0,logit,395.2920120358467,395.2920120358467,1.5987211554602254e-14,1.0,295.63602180866144,0.7478927294433968,1.3644093682916607,1.0000000000000002,19
49408,2023-08-22T09:00,0.1,5,2.0,0.5,2.0,coordinated,395.2920120358467,395.2920120358467,0.0,1.0,225.37921874427812,0.570158798766315,0.6216894910179999,1.0000000000000002,35
49408,2023-08-22T09:00,0.1,5,2.0,1.0,2.0,no_choice,395.2920120358467,169.9127932915686,225.37921874427812,0.4298412012336849,0.0,0.0,0.0,1.0,13
49408,2023-08-22T09:00,0.1,5,2.0,1.0,2.0,nearest,395.2920120358467,395.2920120358467,0.0,1.0,301.8629384484295,0.763645429852641,0.6479404399783776,1.0,32
49408,2023-08-22T09:00,0.1,5,2.0,1.0,2.0,logit,395.2920120358467,395.2920120358467,2.3092638912203256e-14,1.0,276.18107443228587,0.6986760825494258,0.9258714341386631,1.0000000000000002,21
49408,2023-08-22T09:00,0.1,5,2.0,1.0,2.0,coordinated,395.2920120358467,395.2920120358467,0.0,1.0,225.37921874427812,0.570158798766315,0.6216894910179999,1.0000000000000002,35
49408,2023-08-22T09:00,0.1,5,2.0,2.0,2.0,no_choice,395.2920120358467,169.9127932915686,225.37921874427812,0.4298412012336849,0.0,0.0,0.0,1.0,13
49408,2023-08-22T09:00,0.1,5,2.0,2.0,2.0,nearest,395.2920120358467,395.2920120358467,0.0,1.0,301.8629384484295,0.763645429852641,0.6479404399783776,1.0,32
49408,2023-08-22T09:00,0.1,5,2.0,2.0,2.0,logit,395.2920120358467,395.2920120358467,2.4868995751603507e-14,1.0,265.08409002409235,0.6706032046001815,0.7632741702601284,1.0000000000000002,21
49408,2023-08-22T09:00,0.1,5,2.0,2.0,2.0,coordinated,395.2920120358467,395.2920120358467,0.0,1.0,225.37921874427812,0.570158798766315,0.6216894910179999,1.0000000000000002,35
49408,2023-08-22T09:00,0.1,5,4.0,0.5,2.0,no_choice,790.5840240716934,177.5422148580547,613.0418092136387,0.22457096203850743,0.0,0.0,0.0,1.0,16
49408,2023-08-22T09:00,0.1,5,4.0,0.5,2.0,nearest,790.5840240716934,477.871095474242,312.7129285974514,0.604453266096997,427.6346947364807,0.8948745776559128,1.7044873560690854,1.0,45
49408,2023-08-22T09:00,0.1,5,4.0,0.5,2.0,logit,790.5840240716934,477.87109547424205,312.71292859745137,0.6044532660969971,374.5414861064172,0.7837709575941605,1.628780883184141,1.0000000000000004,45
49408,2023-08-22T09:00,0.1,5,4.0,0.5,2.0,coordinated,790.5840240716934,477.87109547424205,312.71292859745137,0.6044532660969971,300.3288806161873,0.6284725807032525,0.5470651581972016,1.0000000000000004,45
49408,2023-08-22T09:00,0.1,5,4.0,1.0,2.0,no_choice,790.5840240716934,177.5422148580547,613.0418092136387,0.22457096203850743,0.0,0.0,0.0,1.0,16
49408,2023-08-22T09:00,0.1,5,4.0,1.0,2.0,nearest,790.5840240716934,477.871095474242,312.7129285974514,0.604453266096997,427.6346947364807,0.8948745776559128,1.7044873560690854,1.0,45
49408,2023-08-22T09:00,0.1,5,4.0,1.0,2.0,logit,790.5840240716934,477.871095474242,312.7129285974514,0.604453266096997,354.3090459634768,0.7414322592829318,1.2008862030381915,1.0000000000000002,45
49408,2023-08-22T09:00,0.1,5,4.0,1.0,2.0,coordinated,790.5840240716934,477.87109547424205,312.7129285974514,0.6044532660969971,300.3288806161873,0.6284725807032525,0.5470651581972019,1.0000000000000004,45
49408,2023-08-22T09:00,0.1,5,4.0,2.0,2.0,no_choice,790.5840240716934,177.5422148580547,613.0418092136387,0.22457096203850743,0.0,0.0,0.0,1.0,16
49408,2023-08-22T09:00,0.1,5,4.0,2.0,2.0,nearest,790.5840240716934,477.871095474242,312.7129285974514,0.604453266096997,427.6346947364807,0.8948745776559128,1.7044873560690854,1.0,45
49408,2023-08-22T09:00,0.1,5,4.0,2.0,2.0,logit,790.5840240716934,477.871095474242,312.7129285974514,0.604453266096997,342.1417367840802,0.7159707712485451,1.0793238063351716,1.0000000000000004,45
49408,2023-08-22T09:00,0.1,5,4.0,2.0,2.0,coordinated,790.5840240716934,477.87109547424205,312.71292859745137,0.6044532660969971,300.3288806161873,0.6284725807032525,0.5470651581972019,1.0000000000000004,45
49408,2023-08-22T09:00,0.2,10,1.0,0.5,2.0,no_choice,197.64600601792336,137.42604925560937,60.21995676231396,0.6953140719835594,0.0,0.0,0.0,1.0,6
49408,2023-08-22T09:00,0.2,10,1.0,0.5,2.0,nearest,197.64600601792336,197.64600601792336,0.0,1.0,101.91251113152462,0.5156315231701812,0.2767304774596984,1.0,13
49408,2023-08-22T09:00,0.2,10,1.0,0.5,2.0,logit,197.64600601792336,197.64600601792336,8.881784197001252e-16,1.0,128.10581494669907,0.6481578734005984,1.1971884016106975,1.0,1
49408,2023-08-22T09:00,0.2,10,1.0,0.5,2.0,coordinated,197.64600601792336,197.64600601792336,0.0,1.0,60.21995676231397,0.30468592801644057,0.2767304774596984,1.0,10
49408,2023-08-22T09:00,0.2,10,1.0,1.0,2.0,no_choice,197.64600601792336,137.42604925560937,60.21995676231396,0.6953140719835594,0.0,0.0,0.0,1.0,6
49408,2023-08-22T09:00,0.2,10,1.0,1.0,2.0,nearest,197.64600601792336,197.64600601792336,0.0,1.0,101.91251113152462,0.5156315231701812,0.2767304774596984,1.0,13
49408,2023-08-22T09:00,0.2,10,1.0,1.0,2.0,logit,197.64600601792336,197.64600601792336,2.3148150063434514e-14,1.0,109.56948148674921,0.5543723533518456,0.642852454589884,1.0000000000000002,3
49408,2023-08-22T09:00,0.2,10,1.0,1.0,2.0,coordinated,197.64600601792336,197.64600601792336,0.0,1.0,60.21995676231397,0.30468592801644057,0.2767304774596984,1.0,10
49408,2023-08-22T09:00,0.2,10,1.0,2.0,2.0,no_choice,197.64600601792336,137.42604925560937,60.21995676231396,0.6953140719835594,0.0,0.0,0.0,1.0,6
49408,2023-08-22T09:00,0.2,10,1.0,2.0,2.0,nearest,197.64600601792336,197.64600601792336,0.0,1.0,101.91251113152462,0.5156315231701812,0.2767304774596984,1.0,13
49408,2023-08-22T09:00,0.2,10,1.0,2.0,2.0,logit,197.64600601792336,197.64600601792336,1.0658141036401503e-14,1.0,94.70643293056284,0.4791720047303889,0.37796862144479976,1.0000000000000002,5
49408,2023-08-22T09:00,0.2,10,1.0,2.0,2.0,coordinated,197.64600601792336,197.64600601792336,0.0,1.0,60.21995676231397,0.30468592801644057,0.2767304774596984,1.0,10
49408,2023-08-22T09:00,0.2,10,2.0,0.5,2.0,no_choice,395.2920120358467,166.02443219995467,229.267579835892,0.42000452107516634,0.0,0.0,0.0,1.0,13
49408,2023-08-22T09:00,0.2,10,2.0,0.5,2.0,nearest,395.2920120358467,390.3594635124197,4.932548523426986,0.9875217601842669,308.898621791839,0.7913183889853641,1.4446481919142171,1.0000000000000002,40
49408,2023-08-22T09:00,0.2,10,2.0,0.5,2.0,logit,395.2920120358467,390.35946351241967,4.9325485234269815,0.9875217601842666,295.9175228083051,0.7580641702539131,1.8567793921471867,1.0000000000000004,40
49408,2023-08-22T09:00,0.2,10,2.0,0.5,2.0,coordinated,395.2920120358467,390.3594635124197,4.932548523426991,0.9875217601842669,224.335031312465,0.5746883380100954,1.0873935317276695,1.0000000000000002,40
49408,2023-08-22T09:00,0.2,10,2.0,1.0,2.0,no_choice,395.2920120358467,166.02443219995467,229.267579835892,0.42000452107516634,0.0,0.0,0.0,1.0,13
49408,2023-08-22T09:00,0.2,10,2.0,1.0,2.0,nearest,395.2920120358467,390.3594635124197,4.932548523426986,0.9875217601842669,308.898621791839,0.7913183889853641,1.4446481919142171,1.0000000000000002,40
49408,2023-08-22T09:00,0.2,10,2.0,1.0,2.0,logit,395.2920120358467,390.3594635124197,4.932548523426979,0.9875217601842669,275.6798093831886,0.706220381856882,1.4684456473902558,1.0000000000000002,40
49408,2023-08-22T09:00,0.2,10,2.0,1.0,2.0,coordinated,395.2920120358467,390.3594635124197,4.932548523426991,0.9875217601842669,224.335031312465,0.5746883380100954,1.0873935317276695,1.0000000000000002,40
49408,2023-08-22T09:00,0.2,10,2.0,2.0,2.0,no_choice,395.2920120358467,166.02443219995467,229.267579835892,0.42000452107516634,0.0,0.0,0.0,1.0,13
49408,2023-08-22T09:00,0.2,10,2.0,2.0,2.0,nearest,395.2920120358467,390.3594635124197,4.932548523426986,0.9875217601842669,308.898621791839,0.7913183889853641,1.4446481919142171,1.0000000000000002,40
49408,2023-08-22T09:00,0.2,10,2.0,2.0,2.0,logit,395.2920120358467,390.3594635124198,4.932548523426975,0.987521760184267,262.8475540016236,0.6733474619432681,1.3205212361592338,1.0000000000000004,40
49408,2023-08-22T09:00,0.2,10,2.0,2.0,2.0,coordinated,395.2920120358467,390.3594635124197,4.932548523426991,0.9875217601842669,224.335031312465,0.5746883380100954,1.0873935317276695,1.0000000000000002,40
49408,2023-08-22T09:00,0.2,10,4.0,0.5,2.0,no_choice,790.5840240716934,171.9257683095929,618.6582557621005,0.21746678793752347,0.0,0.0,0.0,1.0,15
49408,2023-08-22T09:00,0.2,10,4.0,0.5,2.0,nearest,790.5840240716934,390.3594635124197,400.2245605592737,0.4937608800921334,329.6960862007133,0.844596114653241,1.7416222657952418,1.0,40
49408,2023-08-22T09:00,0.2,10,4.0,0.5,2.0,logit,790.5840240716934,390.35946351241967,400.2245605592737,0.4937608800921333,294.9440990285145,0.755570510253892,1.7646915374647711,1.0000000000000004,40
49408,2023-08-22T09:00,0.2,10,4.0,0.5,2.0,coordinated,790.5840240716934,390.3594635124197,400.22456055927375,0.4937608800921334,218.4336952028268,0.5595706409609744,0.5633041296039129,1.0000000000000004,40
49408,2023-08-22T09:00,0.2,10,4.0,1.0,2.0,no_choice,790.5840240716934,171.9257683095929,618.6582557621005,0.21746678793752347,0.0,0.0,0.0,1.0,15
49408,2023-08-22T09:00,0.2,10,4.0,1.0,2.0,nearest,790.5840240716934,390.3594635124197,400.2245605592737,0.4937608800921334,329.6960862007133,0.844596114653241,1.7416222657952418,1.0,40
49408,2023-08-22T09:00,0.2,10,4.0,1.0,2.0,logit,790.5840240716934,390.3594635124198,400.22456055927364,0.4937608800921335,273.99634527000285,0.7019077821365161,1.211821997076504,1.0000000000000002,40
49408,2023-08-22T09:00,0.2,10,4.0,1.0,2.0,coordinated,790.5840240716934,390.3594635124197,400.22456055927375,0.4937608800921334,218.4336952028268,0.5595706409609744,0.5633041296039129,1.0000000000000004,40
49408,2023-08-22T09:00,0.2,10,4.0,2.0,2.0,no_choice,790.5840240716934,171.9257683095929,618.6582557621005,0.21746678793752347,0.0,0.0,0.0,1.0,15
49408,2023-08-22T09:00,0.2,10,4.0,2.0,2.0,nearest,790.5840240716934,390.3594635124197,400.2245605592737,0.4937608800921334,329.6960862007133,0.844596114653241,1.7416222657952418,1.0,40
49408,2023-08-22T09:00,0.2,10,4.0,2.0,2.0,logit,790.5840240716934,390.35946351241967,400.22456055927375,0.4937608800921333,259.5087874070898,0.6647944053208109,1.1072992872357788,1.0000000000000004,40
49408,2023-08-22T09:00,0.2,10,4.0,2.0,2.0,coordinated,790.5840240716934,390.3594635124197,400.22456055927375,0.4937608800921334,218.4336952028268,0.5595706409609744,0.5633041296039129,1.0000000000000004,40
49408,2023-08-22T09:00,0.3,15,1.0,0.5,2.0,no_choice,197.64600601792336,69.61162187981593,128.03438413810744,0.35220353440131374,0.0,0.0,0.0,1.0,6
49408,2023-08-22T09:00,0.3,15,1.0,0.5,2.0,nearest,197.64600601792336,197.64600601792336,0.0,1.0,163.53110885834735,0.8273939461418597,1.0794688312010574,1.0000000000000002,17
49408,2023-08-22T09:00,0.3,15,1.0,0.5,2.0,logit,197.64600601792336,197.64600601792336,8.93729534823251e-15,1.0,165.09483718787294,0.8353057090002692,1.8063828039346819,1.0000000000000002,8
49408,2023-08-22T09:00,0.3,15,1.0,0.5,2.0,coordinated,197.64600601792336,197.64600601792336,1.7763568394002505e-15,1.0,128.03438413810744,0.6477964655986863,1.0446700435543361,1.0000000000000002,18
49408,2023-08-22T09:00,0.3,15,1.0,1.0,2.0,no_choice,197.64600601792336,69.61162187981593,128.03438413810744,0.35220353440131374,0.0,0.0,0.0,1.0,6
49408,2023-08-22T09:00,0.3,15,1.0,1.0,2.0,nearest,197.64600601792336,197.64600601792336,0.0,1.0,163.53110885834735,0.8273939461418597,1.0794688312010574,1.0000000000000002,17
49408,2023-08-22T09:00,0.3,15,1.0,1.0,2.0,logit,197.64600601792336,197.64600601792336,7.105427357601002e-15,1.0,160.02842985460524,0.8096719639257127,1.3777275993481175,1.0000000000000002,9
49408,2023-08-22T09:00,0.3,15,1.0,1.0,2.0,coordinated,197.64600601792336,197.64600601792336,1.7763568394002505e-15,1.0,128.03438413810744,0.6477964655986863,1.0446700435543361,1.0000000000000002,18
49408,2023-08-22T09:00,0.3,15,1.0,2.0,2.0,no_choice,197.64600601792336,69.61162187981593,128.03438413810744,0.35220353440131374,0.0,0.0,0.0,1.0,6
49408,2023-08-22T09:00,0.3,15,1.0,2.0,2.0,nearest,197.64600601792336,197.64600601792336,0.0,1.0,163.53110885834735,0.8273939461418597,1.0794688312010574,1.0000000000000002,17
49408,2023-08-22T09:00,0.3,15,1.0,2.0,2.0,logit,197.64600601792336,197.64600601736606,5.573177475071134e-10,0.9999999999971804,156.18872822703628,0.7902447986392037,1.2349829807842188,1.0000000000000004,10
49408,2023-08-22T09:00,0.3,15,1.0,2.0,2.0,coordinated,197.64600601792336,197.64600601792336,1.7763568394002505e-15,1.0,128.03438413810744,0.6477964655986863,1.0446700435543361,1.0000000000000002,18
49408,2023-08-22T09:00,0.3,15,2.0,0.5,2.0,no_choice,395.2920120358467,82.58324749994264,312.7087645359041,0.20891706633437776,0.0,0.0,0.0,1.0,8
49408,2023-08-22T09:00,0.3,15,2.0,0.5,2.0,nearest,395.2920120358467,314.72409296035676,80.56791907548995,0.7961812618966261,303.86742158126754,0.965504161829591,2.3528902624282018,1.0,35
49408,2023-08-22T09:00,0.3,15,2.0,0.5,2.0,logit,395.2920120358467,314.72409296035676,80.56791907548997,0.7961812618966261,277.60272201323437,0.8820510670220654,2.291967696320715,1.0000000000000007,35
49408,2023-08-22T09:00,0.3,15,2.0,0.5,2.0,coordinated,395.2920120358467,314.72409296035676,80.56791907548995,0.7961812618966261,232.14084546041408,0.7376011263607168,0.9783884381869575,1.0,35
49408,2023-08-22T09:00,0.3,15,2.0,1.0,2.0,no_choice,395.2920120358467,82.58324749994264,312.7087645359041,0.20891706633437776,0.0,0.0,0.0,1.0,8
49408,2023-08-22T09:00,0.3,15,2.0,1.0,2.0,nearest,395.2920120358467,314.72409296035676,80.56791907548995,0.7961812618966261,303.86742158126754,0.965504161829591,2.3528902624282018,1.0,35
49408,2023-08-22T09:00,0.3,15,2.0,1.0,2.0,logit,395.2920120358467,314.72409296035676,80.56791907548995,0.7961812618966261,273.43265960345184,0.8688011681326664,2.024707512908128,1.0000000000000004,35
49408,2023-08-22T09:00,0.3,15,2.0,1.0,2.0,coordinated,395.2920120358467,314.72409296035676,80.56791907548995,0.7961812618966261,232.1408454604141,0.7376011263607168,0.9783884381869575,1.0,35
49408,2023-08-22T09:00,0.3,15,2.0,2.0,2.0,no_choice,395.2920120358467,82.58324749994264,312.7087645359041,0.20891706633437776,0.0,0.0,0.0,1.0,8
49408,2023-08-22T09:00,0.3,15,2.0,2.0,2.0,nearest,395.2920120358467,314.72409296035676,80.56791907548995,0.7961812618966261,303.86742158126754,0.965504161829591,2.3528902624282018,1.0,35
49408,2023-08-22T09:00,0.3,15,2.0,2.0,2.0,logit,395.2920120358467,314.72409296035676,80.56791907548994,0.7961812618966261,268.381094530797,0.852750394818368,1.7389779692710576,1.0000000000000004,35
49408,2023-08-22T09:00,0.3,15,2.0,2.0,2.0,coordinated,395.2920120358467,314.72409296035676,80.56791907548995,0.7961812618966261,232.1408454604141,0.7376011263607168,0.9783884381869575,1.0000000000000002,35
49408,2023-08-22T09:00,0.3,15,4.0,0.5,2.0,no_choice,790.5840240716934,88.24056327724418,702.3434607944491,0.11161440225263414,0.0,0.0,0.0,1.0,10
49408,2023-08-22T09:00,0.3,15,4.0,0.5,2.0,nearest,790.5840240716934,314.72409296035676,475.85993111133666,0.39809063094831304,307.5240929603567,0.9771228191261895,1.822621820811173,1.0,35
49408,2023-08-22T09:00,0.3,15,4.0,0.5,2.0,logit,790.5840240716934,314.72409296035676,475.85993111133666,0.39809063094831304,277.4763400582458,0.8816495027382516,2.2774371630837638,1.0000000000000007,35
49408,2023-08-22T09:00,0.3,15,4.0,0.5,2.0,coordinated,790.5840240716934,314.72409296035676,475.85993111133666,0.39809063094831304,226.48352968311258,0.719625649097163,0.6179355421515861,1.0000000000000013,35
49408,2023-08-22T09:00,0.3,15,4.0,1.0,2.0,no_choice,790.5840240716934,88.24056327724418,702.3434607944491,0.11161440225263414,0.0,0.0,0.0,1.0,10
49408,2023-08-22T09:00,0.3,15,4.0,1.0,2.0,nearest,790.5840240716934,314.72409296035676,475.85993111133666,0.39809063094831304,307.5240929603567,0.9771228191261895,1.822621820811173,1.0,35
49408,2023-08-22T09:00,0.3,15,4.0,1.0,2.0,logit,790.5840240716934,314.72409296035676,475.85993111133666,0.39809063094831304,272.7798814715011,0.8667270398833462,1.8857762278258194,1.0000000000000002,35
49408,2023-08-22T09:00,0.3,15,4.0,1.0,2.0,coordinated,790.5840240716934,314.72409296035676,475.85993111133666,0.39809063094831304,226.48352968311258,0.719625649097163,0.6179355421515861,1.0000000000000013,35
49408,2023-08-22T09:00,0.3,15,4.0,2.0,2.0,no_choice,790.5840240716934,88.24056327724418,702.3434607944491,0.11161440225263414,0.0,0.0,0.0,1.0,10
49408,2023-08-22T09:00,0.3,15,4.0,2.0,2.0,nearest,790.5840240716934,314.72409296035676,475.85993111133666,0.39809063094831304,307.5240929603567,0.9771228191261895,1.822621820811173,1.0,35
49408,2023-08-22T09:00,0.3,15,4.0,2.0,2.0,logit,790.5840240716934,314.72409296035676,475.85993111133666,0.39809063094831304,267.5007537885631,0.8499532122641084,1.5695509730309498,1.0000000000000004,35
49408,2023-08-22T09:00,0.3,15,4.0,2.0,2.0,coordinated,790.5840240716934,314.72409296035676,475.85993111133666,0.39809063094831304,226.48352968311264,0.7196256490971631,0.6179355421515862,1.0000000000000013,35
49409,2023-08-22T10:00,0.1,5,1.0,0.5,2.0,no_choice,219.909832239151,161.21029068756093,58.69954155159009,0.7330745016996122,0.0,0.0,0.0,1.0,8
49409,2023-08-22T10:00,0.1,5,1.0,0.5,2.0,nearest,219.909832239151,219.909832239151,0.0,1.0,101.93519504165674,0.4635317757452639,0.10205837895823387,1.0,13
49409,2023-08-22T10:00,0.1,5,1.0,0.5,2.0,logit,219.909832239151,219.909832239151,1.2878587085651816e-14,1.0,141.47583359474098,0.6433356442238863,1.0108920162683273,1.0000000000000002,1
49409,2023-08-22T10:00,0.1,5,1.0,0.5,2.0,coordinated,219.909832239151,219.909832239151,0.0,1.0,58.699541551590094,0.2669254983003879,0.09917464134900865,1.0000000000000002,13
49409,2023-08-22T10:00,0.1,5,1.0,1.0,2.0,no_choice,219.909832239151,161.21029068756093,58.69954155159009,0.7330745016996122,0.0,0.0,0.0,1.0,8
49409,2023-08-22T10:00,0.1,5,1.0,1.0,2.0,nearest,219.909832239151,219.909832239151,0.0,1.0,101.93519504165674,0.4635317757452639,0.10205837895823387,1.0,13
49409,2023-08-22T10:00,0.1,5,1.0,1.0,2.0,logit,219.909832239151,219.909832239151,7.105427357601002e-15,1.0,114.51828858931955,0.5207511070481896,0.4371265165680325,1.0000000000000002,6
49409,2023-08-22T10:00,0.1,5,1.0,1.0,2.0,coordinated,219.909832239151,219.909832239151,0.0,1.0,58.699541551590094,0.2669254983003879,0.09917464134900865,1.0000000000000002,13
49409,2023-08-22T10:00,0.1,5,1.0,2.0,2.0,no_choice,219.909832239151,161.21029068756093,58.69954155159009,0.7330745016996122,0.0,0.0,0.0,1.0,8
49409,2023-08-22T10:00,0.1,5,1.0,2.0,2.0,nearest,219.909832239151,219.909832239151,0.0,1.0,101.93519504165674,0.4635317757452639,0.10205837895823387,1.0,13
49409,2023-08-22T10:00,0.1,5,1.0,2.0,2.0,logit,219.909832239151,219.909832239151,1.5987211554602254e-14,1.0,95.85007942517964,0.43586081826911266,0.21525914015796732,1.0000000000000004,7
49409,2023-08-22T10:00,0.1,5,1.0,2.0,2.0,coordinated,219.909832239151,219.909832239151,0.0,1.0,58.699541551590094,0.2669254983003879,0.09917464134900865,1.0000000000000002,13
49409,2023-08-22T10:00,0.1,5,2.0,0.5,2.0,no_choice,439.819664478302,197.9659081516263,241.8537563266757,0.4501069964355646,0.0,0.0,0.0,1.0,17
49409,2023-08-22T10:00,0.1,5,2.0,0.5,2.0,nearest,439.819664478302,439.819664478302,0.0,1.0,329.958801635743,0.7502138450929157,0.9642222312802842,1.0,41
49409,2023-08-22T10:00,0.1,5,2.0,0.5,2.0,logit,439.819664478302,439.819664478302,1.1546319456101628e-14,1.0,323.4262497907029,0.7353610488842951,1.3627892785180467,1.0000000000000004,39
49409,2023-08-22T10:00,0.1,5,2.0,0.5,2.0,coordinated,439.819664478302,439.819664478302,0.0,1.0,241.85375632667572,0.5498930035644355,0.6781362292498649,1.0,41
49409,2023-08-22T10:00,0.1,5,2.0,1.0,2.0,no_choice,439.819664478302,197.9659081516263,241.8537563266757,0.4501069964355646,0.0,0.0,0.0,1.0,17
49409,2023-08-22T10:00,0.1,5,2.0,1.0,2.0,nearest,439.819664478302,439.819664478302,0.0,1.0,329.958801635743,0.7502138450929157,0.9642222312802842,1.0,41
49409,2023-08-22T10:00,0.1,5,2.0,1.0,2.0,logit,439.819664478302,439.819664478302,3.552713678800501e-14,1.0,297.2322048522477,0.675804719201934,1.018288905314695,1.000000000000001,39
49409,2023-08-22T10:00,0.1,5,2.0,1.0,2.0,coordinated,439.819664478302,439.819664478302,0.0,1.0,241.85375632667572,0.5498930035644355,0.6781362292498649,1.0,41
49409,2023-08-22T10:00,0.1,5,2.0,2.0,2.0,no_choice,439.819664478302,197.9659081516263,241.8537563266757,0.4501069964355646,0.0,0.0,0.0,1.0,17
49409,2023-08-22T10:00,0.1,5,2.0,2.0,2.0,nearest,439.819664478302,439.819664478302,0.0,1.0,329.958801635743,0.7502138450929157,0.9642222312802842,1.0,41
49409,2023-08-22T10:00,0.1,5,2.0,2.0,2.0,logit,439.819664478302,439.8196644773192,9.828191593896918e-10,0.9999999999977653,281.48417913834754,0.6399990766053236,0.8946553230692944,1.0000000000000004,40
49409,2023-08-22T10:00,0.1,5,2.0,2.0,2.0,coordinated,439.819664478302,439.819664478302,0.0,1.0,241.85375632667572,0.5498930035644355,0.6781362292498649,1.0000000000000002,41
49409,2023-08-22T10:00,0.1,5,4.0,0.5,2.0,no_choice,879.639328956604,203.62340031242343,676.0159286441806,0.23148510259762267,0.0,0.0,0.0,1.0,17
49409,2023-08-22T10:00,0.1,5,4.0,0.5,2.0,nearest,879.639328956604,468.99664974975457,410.6426792068494,0.5331692596169628,418.41692040252576,0.8921533248175292,1.3342679612401094,1.0,45
49409,2023-08-22T10:00,0.1,5,4.0,0.5,2.0,logit,879.639328956604,468.99664974975457,410.64267920684944,0.5331692596169628,350.12955352800793,0.7465502231515485,1.5624591905046996,1.0000000000000004,45
49409,2023-08-22T10:00,0.1,5,4.0,0.5,2.0,coordinated,879.639328956604,468.99664974975457,410.6426792068495,0.5331692596169628,265.3732494373311,0.5658318659182916,0.5341956947621318,1.0000000000000024,45
49409,2023-08-22T10:00,0.1,5,4.0,1.0,2.0,no_choice,879.639328956604,203.62340031242343,676.0159286441806,0.23148510259762267,0.0,0.0,0.0,1.0,17
49409,2023-08-22T10:00,0.1,5,4.0,1.0,2.0,nearest,879.639328956604,468.99664974975457,410.6426792068494,0.5331692596169628,418.41692040252576,0.8921533248175292,1.3342679612401094,1.0,45
49409,2023-08-22T10:00,0.1,5,4.0,1.0,2.0,logit,879.639328956604,468.99664974975457,410.64267920684944,0.5331692596169628,322.9371704594932,0.6885703141628086,1.1889064598280688,1.000000000000001,45
49409,2023-08-22T10:00,0.1,5,4.0,1.0,2.0,coordinated,879.639328956604,468.9966497497546,410.6426792068494,0.5331692596169629,265.3732494373312,0.5658318659182917,0.5341956947621324,1.0000000000000062,45
49409,2023-08-22T10:00,0.1,5,4.0,2.0,2.0,no_choice,879.639328956604,203.62340031242343,676.0159286441806,0.23148510259762267,0.0,0.0,0.0,1.0,17
49409,2023-08-22T10:00,0.1,5,4.0,2.0,2.0,nearest,879.639328956604,468.99664974975457,410.6426792068494,0.5331692596169628,418.41692040252576,0.8921533248175292,1.3342679612401094,1.0,45
49409,2023-08-22T10:00,0.1,5,4.0,2.0,2.0,logit,879.639328956604,468.9966497497546,410.64267920684944,0.5331692596169629,305.9528593256558,0.6523561724564663,1.1185201531583597,1.0000000000000004,45
49409,2023-08-22T10:00,0.1,5,4.0,2.0,2.0,coordinated,879.639328956604,468.99664974975457,410.6426792068494,0.5331692596169628,265.37324943733114,0.5658318659182917,0.5341956947621319,1.0,45
49409,2023-08-22T10:00,0.2,10,1.0,0.5,2.0,no_choice,219.909832239151,118.64490868377673,101.26492355537427,0.5395161620365883,0.0,0.0,0.0,1.0,8
49409,2023-08-22T10:00,0.2,10,1.0,0.5,2.0,nearest,219.909832239151,219.909832239151,0.0,1.0,151.66262042617822,0.6896582061926443,0.43556332678087367,1.0,18
49409,2023-08-22T10:00,0.2,10,1.0,0.5,2.0,logit,219.909832239151,219.909832239151,7.993605777301127e-15,1.0,160.9882375983101,0.7320647556278251,1.2798606763314442,1.0,6
49409,2023-08-22T10:00,0.2,10,1.0,0.5,2.0,coordinated,219.909832239151,219.909832239151,0.0,1.0,101.26492355537428,0.4604838379634118,0.431280774759463,1.0,17
49409,2023-08-22T10:00,0.2,10,1.0,1.0,2.0,no_choice,219.909832239151,118.64490868377673,101.26492355537427,0.5395161620365883,0.0,0.0,0.0,1.0,8
49409,2023-08-22T10:00,0.2,10,1.0,1.0,2.0,nearest,219.909832239151,219.909832239151,0.0,1.0,151.66262042617822,0.6896582061926443,0.43556332678087367,1.0,18
49409,2023-08-22T10:00,0.2,10,1.0,1.0,2.0,logit,219.909832239151,219.909832239151,8.881784197001252e-15,1.0,146.71373255242665,0.6671540379007525,0.7883063422911948,1.0000000000000002,10
49409,2023-08-22T10:00,0.2,10,1.0,1.0,2.0,coordinated,219.909832239151,219.909832239151,0.0,1.0,101.26492355537428,0.4604838379634118,0.431280774759463,1.0,17
49409,2023-08-22T10:00,0.2,10,1.0,2.0,2.0,no_choice,219.909832239151,118.64490868377673,101.26492355537427,0.5395161620365883,0.0,0.0,0.0,1.0,8
49409,2023-08-22T10:00,0.2,10,1.0,2.0,2.0,nearest,219.909832239151,219.909832239151,0.0,1.0,151.66262042617822,0.6896582061926443,0.43556332678087367,1.0,18
49409,2023-08-22T10:00,0.2,10,1.0,2.0,2.0,logit,219.909832239151,219.909832239151,8.881784197001252e-15,1.0,134.70554581534878,0.6125489908466534,0.5928430234970843,1.0000000000000004,12
49409,2023-08-22T10:00,0.2,10,1.0,2.0,2.0,coordinated,219.909832239151,219.909832239151,0.0,1.0,101.26492355537428,0.4604838379634118,0.431280774759463,1.0,17
49409,2023-08-22T10:00,0.2,10,2.0,0.5,2.0,no_choice,439.819664478302,137.6211800632474,302.1984844150546,0.31290365387934305,0.0,0.0,0.0,1.0,13
49409,2023-08-22T10:00,0.2,10,2.0,0.5,2.0,nearest,439.819664478302,393.9751006278979,45.84456385040409,0.8957650883918907,332.47957690811097,0.8439101262445814,1.6907713388485943,1.0,40
49409,2023-08-22T10:00,0.2,10,2.0,0.5,2.0,logit,439.819664478302,393.97510062789786,45.8445638504041,0.8957650883918906,324.29451240620244,0.8231345379171375,2.020664445156851,1.0000000000000002,40
49409,2023-08-22T10:00,0.2,10,2.0,0.5,2.0,coordinated,439.819664478302,393.97510062789786,45.844563850404114,0.8957650883918906,256.3539205646505,0.6506855894092961,1.1223749398983534,1.0000000000000009,40
49409,2023-08-22T10:00,0.2,10,2.0,1.0,2.0,no_choice,439.819664478302,137.6211800632474,302.1984844150546,0.31290365387934305,0.0,0.0,0.0,1.0,13
49409,2023-08-22T10:00,0.2,10,2.0,1.0,2.0,nearest,439.819664478302,393.9751006278979,45.84456385040409,0.8957650883918907,332.47957690811097,0.8439101262445814,1.6907713388485943,1.0,40
49409,2023-08-22T10:00,0.2,10,2.0,1.0,2.0,logit,439.819664478302,393.9751006278979,45.844563850404086,0.8957650883918907,311.88691346027474,0.7916411797679723,1.721521782983589,1.0000000000000004,40
49409,2023-08-22T10:00,0.2,10,2.0,1.0,2.0,coordinated,439.819664478302,393.97510062789786,45.844563850404114,0.8957650883918906,256.3539205646505,0.6506855894092961,1.1223749398983531,1.0000000000000009,40
49409,2023-08-22T10:00,0.2,10,2.0,2.0,2.0,no_choice,439.819664478302,137.6211800632474,302.1984844150546,0.31290365387934305,0.0,0.0,0.0,1.0,13
49409,2023-08-22T10:00,0.2,10,2.0,2.0,2.0,nearest,439.819664478302,393.9751006278979,45.84456385040409,0.8957650883918907,332.47957690811097,0.8439101262445814,1.6907713388485943,1.0,40
49409,2023-08-22T10:00,0.2,10,2.0,2.0,2.0,logit,439.819664478302,393.975100627898,45.84456385040407,0.8957650883918908,302.40789168043807,0.7675812283529476,1.6248571946898498,1.0000000000000004,40
49409,2023-08-22T10:00,0.2,10,2.0,2.0,2.0,coordinated,439.819664478302,393.9751006278979,45.8445638504041,0.8957650883918907,256.35392056465054,0.6506855894092962,1.1223749398983531,1.0000000000000009,40
49409,2023-08-22T10:00,0.2,10,4.0,0.5,2.0,no_choice,879.639328956604,143.27867222404453,736.3606567325594,0.16288343131951188,0.0,0.0,0.0,1.0,13
49409,2023-08-22T10:00,0.2,10,4.0,0.5,2.0,nearest,879.639328956604,393.9751006278979,485.66422832870603,0.44788254419594536,343.39537128066905,0.8716169390740242,1.1439309520648382,1.0,40
49409,2023-08-22T10:00,0.2,10,4.0,0.5,2.0,logit,879.639328956604,393.97510062789786,485.6642283287061,0.4478825441959453,322.8715183260403,0.8195226495569486,1.9157215190946275,1.0000000000000002,40
49409,2023-08-22T10:00,0.2,10,4.0,0.5,2.0,coordinated,879.639328956604,393.9751006278979,485.66422832870603,0.44788254419594536,250.69642840385342,0.6363255647483963,0.6310493516490926,1.0,40
49409,2023-08-22T10:00,0.2,10,4.0,1.0,2.0,no_choice,879.639328956604,143.27867222404453,736.3606567325594,0.16288343131951188,0.0,0.0,0.0,1.0,13
49409,2023-08-22T10:00,0.2,10,4.0,1.0,2.0,nearest,879.639328956604,393.9751006278979,485.66422832870603,0.44788254419594536,343.39537128066905,0.8716169390740242,1.1439309520648382,1.0,40
49409,2023-08-22T10:00,0.2,10,4.0,1.0,2.0,logit,879.639328956604,393.9751006278979,485.66422832870614,0.44788254419594536,308.59693330387347,0.783290448589383,1.4788578555696117,1.0000000000000002,40
49409,2023-08-22T10:00,0.2,10,4.0,1.0,2.0,coordinated,879.639328956604,393.9751006278979,485.66422832870614,0.44788254419594536,250.69642840385336,0.6363255647483962,0.6310493516490926,1.0000000000000033,40
49409,2023-08-22T10:00,0.2,10,4.0,2.0,2.0,no_choice,879.639328956604,143.27867222404453,736.3606567325594,0.16288343131951188,0.0,0.0,0.0,1.0,13
49409,2023-08-22T10:00,0.2,10,4.0,2.0,2.0,nearest,879.639328956604,393.9751006278979,485.66422832870603,0.44788254419594536,343.39537128066905,0.8716169390740242,1.1439309520648382,1.0,40
49409,2023-08-22T10:00,0.2,10,4.0,2.0,2.0,logit,879.639328956604,393.9751006278979,485.66422832870614,0.44788254419594536,297.7044202701493,0.7556427291869025,1.4479608058495406,1.0000000000000004,40
49409,2023-08-22T10:00,0.2,10,4.0,2.0,2.0,coordinated,879.639328956604,393.975100627898,485.66422832870603,0.4478825441959454,250.69642840385342,0.6363255647483963,0.6310493516490926,1.0000000000000062,40
49409,2023-08-22T10:00,0.3,15,1.0,0.5,2.0,no_choice,219.909832239151,97.9275634460448,121.9822687931062,0.44530779933272374,0.0,0.0,0.0,1.0,8
49409,2023-08-22T10:00,0.3,15,1.0,0.5,2.0,nearest,219.909832239151,219.909832239151,0.0,1.0,152.1061643600464,0.6916751416309189,0.8012633275108543,1.0,23
49409,2023-08-22T10:00,0.3,15,1.0,0.5,2.0,logit,219.909832239151,219.909832239151,8.881784197001252e-15,1.0,167.70919872115732,0.7626271049980807,1.4206690363292418,1.0000000000000002,14
49409,2023-08-22T10:00,0.3,15,1.0,0.5,2.0,coordinated,219.909832239151,219.909832239151,0.0,1.0,121.98226879310621,0.5546922006672763,0.7171441677854372,1.0000000000000002,21
49409,2023-08-22T10:00,0.3,15,1.0,1.0,2.0,no_choice,219.909832239151,97.9275634460448,121.9822687931062,0.44530779933272374,0.0,0.0,0.0,1.0,8
49409,2023-08-22T10:00,0.3,15,1.0,1.0,2.0,nearest,219.909832239151,219.909832239151,0.0,1.0,152.1061643600464,0.6916751416309189,0.8012633275108543,1.0,23
49409,2023-08-22T10:00,0.3,15,1.0,1.0,2.0,logit,219.909832239151,219.909832239151,5.773159728050814e-15,1.0,160.46128401719153,0.7296685299759156,1.1058376283706461,1.0000000000000002,17
49409,2023-08-22T10:00,0.3,15,1.0,1.0,2.0,coordinated,219.909832239151,219.909832239151,0.0,1.0,121.98226879310621,0.5546922006672763,0.7171441677854372,1.0000000000000002,21
49409,2023-08-22T10:00,0.3,15,1.0,2.0,2.0,no_choice,219.909832239151,97.9275634460448,121.9822687931062,0.44530779933272374,0.0,0.0,0.0,1.0,8
49409,2023-08-22T10:00,0.3,15,1.0,2.0,2.0,nearest,219.909832239151,219.909832239151,0.0,1.0,152.1061643600464,0.6916751416309189,0.8012633275108543,1.0,23
49409,2023-08-22T10:00,0.3,15,1.0,2.0,2.0,logit,219.909832239151,219.90983223907762,7.33861860169327e-11,0.9999999999996663,157.16798360140558,0.7146928447953091,0.9683459551093613,1.0000000000000002,18
49409,2023-08-22T10:00,0.3,15,1.0,2.0,2.0,coordinated,219.909832239151,219.909832239151,0.0,1.0,121.98226879310621,0.5546922006672763,0.7171441677854372,1.0000000000000002,21
49409,2023-08-22T10:00,0.3,15,2.0,0.5,2.0,no_choice,439.819664478302,108.73853330421422,331.08113117408783,0.2472343600943716,0.0,0.0,0.0,1.0,11
49409,2023-08-22T10:00,0.3,15,2.0,0.5,2.0,nearest,439.819664478302,305.7969623565664,134.02270212173562,0.6952780583817041,250.09323513031023,0.8178408091532828,1.7311684437520531,1.0,35
49409,2023-08-22T10:00,0.3,15,2.0,0.5,2.0,logit,439.819664478302,305.7969623565664,134.02270212173553,0.6952780583817041,250.8602893571782,0.8203491866759267,1.9900991254421558,1.0000000000000007,35
49409,2023-08-22T10:00,0.3,15,2.0,0.5,2.0,coordinated,439.819664478302,305.7969623565664,134.02270212173562,0.6952780583817041,197.0584290523522,0.6444093738988077,1.0144085438984758,1.0000000000000002,35
49409,2023-08-22T10:00,0.3,15,2.0,1.0,2.0,no_choice,439.819664478302,108.73853330421422,331.08113117408783,0.2472343600943716,0.0,0.0,0.0,1.0,11
49409,2023-08-22T10:00,0.3,15,2.0,1.0,2.0,nearest,439.819664478302,305.7969623565664,134.02270212173562,0.6952780583817041,250.09323513031023,0.8178408091532828,1.7311684437520531,1.0,35
49409,2023-08-22T10:00,0.3,15,2.0,1.0,2.0,logit,439.819664478302,305.7969623565664,134.0227021217356,0.6952780583817041,244.42244558484708,0.7992965126312956,1.7608395466742055,1.0000000000000002,35
49409,2023-08-22T10:00,0.3,15,2.0,1.0,2.0,coordinated,439.819664478302,305.7969623565664,134.02270212173562,0.6952780583817041,197.0584290523522,0.6444093738988077,1.0144085438984758,1.0000000000000002,35
49409,2023-08-22T10:00,0.3,15,2.0,2.0,2.0,no_choice,439.819664478302,108.73853330421422,331.08113117408783,0.2472343600943716,0.0,0.0,0.0,1.0,11
49409,2023-08-22T10:00,0.3,15,2.0,2.0,2.0,nearest,439.819664478302,305.7969623565664,134.02270212173562,0.6952780583817041,250.09323513031023,0.8178408091532828,1.7311684437520531,1.0,35
49409,2023-08-22T10:00,0.3,15,2.0,2.0,2.0,logit,439.819664478302,305.7969623565664,134.02270212173562,0.6952780583817041,240.56044350843283,0.7866672109971248,1.6684451681586967,1.0000000000000004,35
49409,2023-08-22T10:00,0.3,15,2.0,2.0,2.0,coordinated,439.819664478302,305.7969623565664,134.02270212173562,0.6952780583817041,197.0584290523522,0.6444093738988077,1.0144085438984756,1.0000000000000002,35
49409,2023-08-22T10:00,0.3,15,4.0,0.5,2.0,no_choice,879.639328956604,114.39602546501133,765.2433034915925,0.13004878442702614,0.0,0.0,0.0,1.0,11
49409,2023-08-22T10:00,0.3,15,4.0,0.5,2.0,nearest,879.639328956604,305.7969623565664,573.8423666000376,0.34763902919085204,269.61723300933755,0.8816870871822382,1.6311719558186832,1.0,35
49409,2023-08-22T10:00,0.3,15,4.0,0.5,2.0,logit,879.639328956604,305.79696235656644,573.8423666000375,0.34763902919085216,249.81023830753105,0.8169153688853404,1.88729689781352,1.0000000000000002,35
49409,2023-08-22T10:00,0.3,15,4.0,0.5,2.0,coordinated,879.639328956604,305.79696235656644,573.8423666000375,0.34763902919085216,191.4009368915551,0.6259085617350806,0.5336937042533275,1.0000000000000024,35
49409,2023-08-22T10:00,0.3,15,4.0,1.0,2.0,no_choice,879.639328956604,114.39602546501133,765.2433034915925,0.13004878442702614,0.0,0.0,0.0,1.0,11
49409,2023-08-22T10:00,0.3,15,4.0,1.0,2.0,nearest,879.639328956604,305.7969623565664,573.8423666000376,0.34763902919085204,269.61723300933755,0.8816870871822382,1.6311719558186832,1.0,35
49409,2023-08-22T10:00,0.3,15,4.0,1.0,2.0,logit,879.639328956604,305.7969623565664,573.8423666000376,0.34763902919085204,241.46091538203245,0.7896118833923648,1.3979150154959896,1.0000000000000002,35
49409,2023-08-22T10:00,0.3,15,4.0,1.0,2.0,coordinated,879.639328956604,305.79696235656644,573.8423666000375,0.34763902919085216,191.4009368915551,0.6259085617350806,0.5336937042533275,1.0000000000000024,35
49409,2023-08-22T10:00,0.3,15,4.0,2.0,2.0,no_choice,879.639328956604,114.39602546501133,765.2433034915925,0.13004878442702614,0.0,0.0,0.0,1.0,11
49409,2023-08-22T10:00,0.3,15,4.0,2.0,2.0,nearest,879.639328956604,305.7969623565664,573.8423666000376,0.34763902919085204,269.61723300933755,0.8816870871822382,1.6311719558186832,1.0,35
49409,2023-08-22T10:00,0.3,15,4.0,2.0,2.0,logit,879.639328956604,305.79696235656644,573.8423666000375,0.34763902919085216,235.8586142550826,0.7712915538384777,1.4294918844534659,1.0000000000000004,35
49409,2023-08-22T10:00,0.3,15,4.0,2.0,2.0,coordinated,879.639328956604,305.79696235656644,573.8423666000375,0.34763902919085216,191.4009368915551,0.6259085617350806,0.5336937042533275,1.0000000000000024,35
49410,2023-08-22T11:00,0.1,5,1.0,0.5,2.0,no_choice,204.56667828559875,116.63455185890197,87.93212642669677,0.5701542051539139,0.0,0.0,0.0,1.0,8
49410,2023-08-22T11:00,0.1,5,1.0,0.5,2.0,nearest,204.56667828559875,204.56667828559875,0.0,1.0,122.74615817070008,0.6000300694100935,0.45567378159414956,1.0,11
49410,2023-08-22T11:00,0.1,5,1.0,0.5,2.0,logit,204.56667828559875,204.56667828559875,8.881784197001252e-15,1.0,146.83835648472555,0.7178019299884325,1.3687035222118795,1.0,2
49410,2023-08-22T11:00,0.1,5,1.0,0.5,2.0,coordinated,204.56667828559875,204.56667828559875,0.0,1.0,87.93212642669678,0.42984579484608615,0.39865963416816796,1.0000000000000002,12
49410,2023-08-22T11:00,0.1,5,1.0,1.0,2.0,no_choice,204.56667828559875,116.63455185890197,87.93212642669677,0.5701542051539139,0.0,0.0,0.0,1.0,8
49410,2023-08-22T11:00,0.1,5,1.0,1.0,2.0,nearest,204.56667828559875,204.56667828559875,0.0,1.0,122.74615817070008,0.6000300694100935,0.45567378159414956,1.0,11
49410,2023-08-22T11:00,0.1,5,1.0,1.0,2.0,logit,204.56667828559875,204.56667828559875,1.509903313490213e-14,1.0,130.62849599681647,0.6385619451396868,0.8596791405946915,1.0000000000000002,3
49410,2023-08-22T11:00,0.1,5,1.0,1.0,2.0,coordinated,204.56667828559875,204.56667828559875,0.0,1.0,87.93212642669678,0.42984579484608615,0.39865963416816796,1.0000000000000002,12
49410,2023-08-22T11:00,0.1,5,1.0,2.0,2.0,no_choice,204.56667828559875,116.63455185890197,87.93212642669677,0.5701542051539139,0.0,0.0,0.0,1.0,8
49410,2023-08-22T11:00,0.1,5,1.0,2.0,2.0,nearest,204.56667828559875,204.56667828559875,0.0,1.0,122.74615817070008,0.6000300694100935,0.45567378159414956,1.0,11
49410,2023-08-22T11:00,0.1,5,1.0,2.0,2.0,logit,204.56667828559875,204.56667828559875,8.43769498715119e-15,1.0,115.9696522687447,0.566903922186377,0.5357841572234945,1.0000000000000002,9
49410,2023-08-22T11:00,0.1,5,1.0,2.0,2.0,coordinated,204.56667828559875,204.56667828559875,0.0,1.0,87.93212642669678,0.42984579484608615,0.39865963416816796,1.0000000000000002,12
49410,2023-08-22T11:00,0.1,5,2.0,0.5,2.0,no_choice,409.1333565711975,139.11810326576204,270.01525330543546,0.3400311928405492,0.0,0.0,0.0,1.0,12
49410,2023-08-22T11:00,0.1,5,2.0,0.5,2.0,nearest,409.1333565711975,409.1333565711975,0.0,1.0,330.4449630889891,0.8076705499114809,1.0611745586021997,1.0,36
49410,2023-08-22T11:00,0.1,5,2.0,0.5,2.0,logit,409.1333565711975,409.1333565711975,1.865174681370263e-14,1.0,330.06545523144996,0.8067429602846666,1.6591555595204446,1.0000000000000004,23
49410,2023-08-22T11:00,0.1,5,2.0,0.5,2.0,coordinated,409.1333565711975,409.1333565711975,1.4210854715202004e-14,1.0,270.0152533054354,0.6599688071594506,0.9069762100824347,1.0000000000000002,36
49410,2023-08-22T11:00,0.1,5,2.0,1.0,2.0,no_choice,409.1333565711975,139.11810326576204,270.01525330543546,0.3400311928405492,0.0,0.0,0.0,1.0,12
49410,2023-08-22T11:00,0.1,5,2.0,1.0,2.0,nearest,409.1333565711975,409.1333565711975,0.0,1.0,330.4449630889891,0.8076705499114809,1.0611745586021997,1.0,36
49410,2023-08-22T11:00,0.1,5,2.0,1.0,2.0,logit,409.1333565711975,409.1333565711975,3.6415315207705135e-14,1.0,316.3841898935252,0.7733033369486898,1.2929148793434666,1.0000000000000002,26
49410,2023-08-22T11:00,0.1,5,2.0,1.0,2.0,coordinated,409.1333565711975,409.1333565711975,1.4210854715202004e-14,1.0,270.0152533054354,0.6599688071594506,0.9069762100824347,1.0000000000000002,36
49410,2023-08-22T11:00,0.1,5,2.0,2.0,2.0,no_choice,409.1333565711975,139.11810326576204,270.01525330543546,0.3400311928405492,0.0,0.0,0.0,1.0,12
49410,2023-08-22T11:00,0.1,5,2.0,2.0,2.0,nearest,409.1333565711975,409.1333565711975,0.0,1.0,330.4449630889891,0.8076705499114809,1.0611745586021997,1.0,36
49410,2023-08-22T11:00,0.1,5,2.0,2.0,2.0,logit,409.1333565711975,409.13335657094376,2.5381607926533434e-10,0.9999999999993798,307.9644941704921,0.7527239938381584,1.1022519884298332,1.0000000000000004,28
49410,2023-08-22T11:00,0.1,5,2.0,2.0,2.0,coordinated,409.1333565711975,409.1333565711975,1.4210854715202004e-14,1.0,270.0152533054354,0.6599688071594506,0.9069762100824347,1.0000000000000002,36
49410,2023-08-22T11:00,0.1,5,4.0,0.5,2.0,no_choice,818.266713142395,142.90974230766267,675.3569708347322,0.17464934111623023,0.0,0.0,0.0,1.0,13
49410,2023-08-22T11:00,0.1,5,4.0,0.5,2.0,nearest,818.266713142395,477.3676745910632,340.89903855133184,0.5833888473329496,429.17709164428584,0.8990493376241704,1.7306011360985907,1.0000000000000002,45
49410,2023-08-22T11:00,0.1,5,4.0,0.5,2.0,logit,818.266713142395,477.3676745910632,340.8990385513318,0.5833888473329496,395.8875904506451,0.8293137795511228,1.8768114016425832,1.0000000000000004,45
49410,2023-08-22T11:00,0.1,5,4.0,0.5,2.0,coordinated,818.266713142395,477.3676745910632,340.89903855133184,0.5833888473329496,334.4579322834005,0.7006296196530563,0.7465688659345503,1.0000000000000007,45
49410,2023-08-22T11:00,0.1,5,4.0,1.0,2.0,no_choice,818.266713142395,142.90974230766267,675.3569708347322,0.17464934111623023,0.0,0.0,0.0,1.0,13
49410,2023-08-22T11:00,0.1,5,4.0,1.0,2.0,nearest,818.266713142395,477.3676745910632,340.89903855133184,0.5833888473329496,429.17709164428584,0.8990493376241704,1.7306011360985907,1.0000000000000002,45
49410,2023-08-22T11:00,0.1,5,4.0,1.0,2.0,logit,818.266713142395,477.3676745910631,340.8990385513319,0.5833888473329496,380.7261837526668,0.7975533409940583,1.4330301682480624,1.0000000000000002,45
49410,2023-08-22T11:00,0.1,5,4.0,1.0,2.0,coordinated,818.266713142395,477.3676745910632,340.89903855133184,0.5833888473329496,334.4579322834005,0.7006296196530563,0.7465688659345501,1.0000000000000007,45
49410,2023-08-22T11:00,0.1,5,4.0,2.0,2.0,no_choice,818.266713142395,142.90974230766267,675.3569708347322,0.17464934111623023,0.0,0.0,0.0,1.0,13
49410,2023-08-22T11:00,0.1,5,4.0,2.0,2.0,nearest,818.266713142395,477.3676745910632,340.89903855133184,0.5833888473329496,429.17709164428584,0.8990493376241704,1.7306011360985907,1.0000000000000002,45
49410,2023-08-22T11:00,0.1,5,4.0,2.0,2.0,logit,818.266713142395,477.3676745910631,340.89903855133184,0.5833888473329496,371.96174066988,0.7791933984397266,1.2350723246890314,1.0000000000000002,45
49410,2023-08-22T11:00,0.1,5,4.0,2.0,2.0,coordinated,818.266713142395,477.3676745910632,340.89903855133184,0.5833888473329496,334.4579322834005,0.7006296196530563,0.7465688659345502,1.0000000000000007,45
49410,2023-08-22T11:00,0.2,10,1.0,0.5,2.0,no_choice,204.56667828559875,120.45255627632142,84.11412200927735,0.5888180679560906,0.0,0.0,0.0,1.0,7
49410,2023-08-22T11:00,0.2,10,1.0,0.5,2.0,nearest,204.56667828559875,204.56667828559875,0.0,1.0,118.90875029563904,0.5812713551012871,0.454842663635989,1.0,10
49410,2023-08-22T11:00,0.2,10,1.0,0.5,2.0,logit,204.56667828559875,204.56667828559875,9.769962616701378e-15,1.0,143.34809128978515,0.7007401815932829,1.37486071777325,1.0000000000000002,4
49410,2023-08-22T11:00,0.2,10,1.0,0.5,2.0,coordinated,204.56667828559875,204.56667828559875,0.0,1.0,84.11412200927734,0.41118193204390935,0.4319261422444484,1.0,10
49410,2023-08-22T11:00,0.2,10,1.0,1.0,2.0,no_choice,204.56667828559875,120.45255627632142,84.11412200927735,0.5888180679560906,0.0,0.0,0.0,1.0,7
49410,2023-08-22T11:00,0.2,10,1.0,1.0,2.0,nearest,204.56667828559875,204.56667828559875,0.0,1.0,118.90875029563904,0.5812713551012871,0.454842663635989,1.0,10
49410,2023-08-22T11:00,0.2,10,1.0,1.0,2.0,logit,204.56667828559875,204.56667828559875,7.105427357601002e-15,1.0,127.43441111893307,0.6229480391768394,0.8391936852633792,1.0000000000000002,7
49410,2023-08-22T11:00,0.2,10,1.0,1.0,2.0,coordinated,204.56667828559875,204.56667828559875,0.0,1.0,84.11412200927734,0.41118193204390935,0.4319261422444484,1.0,10
49410,2023-08-22T11:00,0.2,10,1.0,2.0,2.0,no_choice,204.56667828559875,120.45255627632142,84.11412200927735,0.5888180679560906,0.0,0.0,0.0,1.0,7
49410,2023-08-22T11:00,0.2,10,1.0,2.0,2.0,nearest,204.56667828559875,204.56667828559875,0.0,1.0,118.90875029563904,0.5812713551012871,0.454842663635989,1.0,10
49410,2023-08-22T11:00,0.2,10,1.0,2.0,2.0,logit,204.56667828559875,204.56667828559875,4.218847493575595e-15,1.0,117.24329093363548,0.5731299540873919,0.5905585134776087,1.0000000000000002,9
49410,2023-08-22T11:00,0.2,10,1.0,2.0,2.0,coordinated,204.56667828559875,204.56667828559875,0.0,1.0,84.11412200927734,0.41118193204390935,0.4319261422444484,1.0,10
49410,2023-08-22T11:00,0.2,10,2.0,0.5,2.0,no_choice,409.1333565711975,138.9306741046904,270.2026824665071,0.3395730802030405,0.0,0.0,0.0,1.0,12
49410,2023-08-22T11:00,0.2,10,2.0,0.5,2.0,nearest,409.1333565711975,393.3033593330374,15.829997238160107,0.9613084658488231,337.96709962844756,0.8593038722109343,1.8986276392182486,1.0,40
49410,2023-08-22T11:00,0.2,10,2.0,0.5,2.0,logit,409.1333565711975,393.3033593330374,15.829997238160097,0.9613084658488231,317.82087381104213,0.8080807505687257,2.1601660220543106,1.0000000000000004,40
49410,2023-08-22T11:00,0.2,10,2.0,0.5,2.0,coordinated,409.1333565711975,393.3033593330374,15.829997238160118,0.9613084658488231,254.37268522834697,0.6467595030454644,1.422093407997254,1.0000000000000002,40
49410,2023-08-22T11:00,0.2,10,2.0,1.0,2.0,no_choice,409.1333565711975,138.9306741046904,270.2026824665071,0.3395730802030405,0.0,0.0,0.0,1.0,12
49410,2023-08-22T11:00,0.2,10,2.0,1.0,2.0,nearest,409.1333565711975,393.3033593330374,15.829997238160107,0.9613084658488231,337.96709962844756,0.8593038722109343,1.8986276392182486,1.0,40
49410,2023-08-22T11:00,0.2,10,2.0,1.0,2.0,logit,409.1333565711975,393.3033593330374,15.82999723816011,0.9613084658488231,304.86092418678186,0.7751292150256841,1.84495436934053,1.0000000000000002,40
49410,2023-08-22T11:00,0.2,10,2.0,1.0,2.0,coordinated,409.1333565711975,393.3033593330374,15.829997238160121,0.9613084658488231,254.37268522834697,0.6467595030454644,1.422093407997254,1.0000000000000002,40
49410,2023-08-22T11:00,0.2,10,2.0,2.0,2.0,no_choice,409.1333565711975,138.9306741046904,270.2026824665071,0.3395730802030405,0.0,0.0,0.0,1.0,12
49410,2023-08-22T11:00,0.2,10,2.0,2.0,2.0,nearest,409.1333565711975,393.3033593330374,15.829997238160107,0.9613084658488231,337.96709962844756,0.8593038722109343,1.8986276392182486,1.0,40
49410,2023-08-22T11:00,0.2,10,2.0,2.0,2.0,logit,409.1333565711975,393.3033593330374,15.829997238160109,0.9613084658488231,295.0554677441889,0.7501981886057191,1.685571480520604,1.0000000000000002,40
49410,2023-08-22T11:00,0.2,10,2.0,2.0,2.0,coordinated,409.1333565711975,393.3033593330374,15.829997238160114,0.9613084658488231,254.37268522834697,0.6467595030454644,1.4220934079972543,1.0000000000000002,40
49410,2023-08-22T11:00,0.2,10,4.0,0.5,2.0,no_choice,818.266713142395,142.72231314659103,675.5443999958039,0.17442028479747587,0.0,0.0,0.0,1.0,13
49410,2023-08-22T11:00,0.2,10,4.0,0.5,2.0,nearest,818.266713142395,393.3033593330374,424.9633538093576,0.48065423292441156,352.31277638626005,0.8957787113329287,1.8629528970488667,1.0000000000000002,40
49410,2023-08-22T11:00,0.2,10,4.0,0.5,2.0,logit,818.266713142395,393.3033593330374,424.9633538093576,0.48065423292441156,315.9377348417069,0.8032927442508325,1.9404391918046047,1.0000000000000004,40
49410,2023-08-22T11:00,0.2,10,4.0,0.5,2.0,coordinated,818.266713142395,393.3033593330374,424.9633538093576,0.48065423292441156,250.58104618644637,0.6371190081147055,0.8084277022372396,1.0000000000000013,40
49410,2023-08-22T11:00,0.2,10,4.0,1.0,2.0,no_choice,818.266713142395,142.72231314659103,675.5443999958039,0.17442028479747587,0.0,0.0,0.0,1.0,13
49410,2023-08-22T11:00,0.2,10,4.0,1.0,2.0,nearest,818.266713142395,393.3033593330374,424.9633538093576,0.48065423292441156,352.31277638626005,0.8957787113329287,1.8629528970488667,1.0000000000000002,40
49410,2023-08-22T11:00,0.2,10,4.0,1.0,2.0,logit,818.266713142395,393.3033593330374,424.96335380935756,0.48065423292441156,301.07415286228206,0.765501096590791,1.4914051050432373,1.0000000000000004,40
49410,2023-08-22T11:00,0.2,10,4.0,1.0,2.0,coordinated,818.266713142395,393.3033593330374,424.9633538093576,0.48065423292441156,250.58104618644634,0.6371190081147053,0.8084277022372396,1.0000000000000013,40
49410,2023-08-22T11:00,0.2,10,4.0,2.0,2.0,no_choice,818.266713142395,142.72231314659103,675.5443999958039,0.17442028479747587,0.0,0.0,0.0,1.0,13
49410,2023-08-22T11:00,0.2,10,4.0,2.0,2.0,nearest,818.266713142395,393.3033593330374,424.9633538093576,0.48065423292441156,352.31277638626005,0.8957787113329287,1.8629528970488667,1.0000000000000002,40
49410,2023-08-22T11:00,0.2,10,4.0,2.0,2.0,logit,818.266713142395,393.3033593330374,424.9633538093576,0.48065423292441156,290.83341438963294,0.7394633366031435,1.3325838409604336,1.0000000000000002,40
49410,2023-08-22T11:00,0.2,10,4.0,2.0,2.0,coordinated,818.266713142395,393.3033593330374,424.9633538093577,0.48065423292441156,250.58104618644632,0.6371190081147053,0.8084277022372396,1.0000000000000009,40
49410,2023-08-22T11:00,0.3,15,1.0,0.5,2.0,no_choice,204.56667828559875,90.40261735916138,114.16406092643739,0.44192249743112544,0.0,0.0,0.0,1.0,7
49410,2023-08-22T11:00,0.3,15,1.0,0.5,2.0,nearest,204.56667828559875,204.56667828559875,0.0,1.0,155.66733446693374,0.7609613441031883,0.8433838366301581,1.0,17
49410,2023-08-22T11:00,0.3,15,1.0,0.5,2.0,logit,204.56667828559875,204.56667828559875,1.0658141036401503e-14,1.0,158.68561772776604,0.7757158646640513,1.5301180207051623,1.0000000000000002,6
49410,2023-08-22T11:00,0.3,15,1.0,0.5,2.0,coordinated,204.56667828559875,204.56667828559875,0.0,1.0,114.16406092643737,0.5580775025688746,0.8373450576920738,1.0000000000000002,16
49410,2023-08-22T11:00,0.3,15,1.0,1.0,2.0,no_choice,204.56667828559875,90.40261735916138,114.16406092643739,0.44192249743112544,0.0,0.0,0.0,1.0,7
49410,2023-08-22T11:00,0.3,15,1.0,1.0,2.0,nearest,204.56667828559875,204.56667828559875,0.0,1.0,155.66733446693374,0.7609613441031883,0.8433838366301581,1.0,17
49410,2023-08-22T11:00,0.3,15,1.0,1.0,2.0,logit,204.56667828559875,204.56667828559875,3.552713678800501e-15,1.0,152.59458669535636,0.7459405802264465,1.2011255167944674,1.0000000000000002,10
49410,2023-08-22T11:00,0.3,15,1.0,1.0,2.0,coordinated,204.56667828559875,204.56667828559875,0.0,1.0,114.16406092643737,0.5580775025688746,0.8373450576920738,1.0000000000000002,16
49410,2023-08-22T11:00,0.3,15,1.0,2.0,2.0,no_choice,204.56667828559875,90.40261735916138,114.16406092643739,0.44192249743112544,0.0,0.0,0.0,1.0,7
49410,2023-08-22T11:00,0.3,15,1.0,2.0,2.0,nearest,204.56667828559875,204.56667828559875,0.0,1.0,155.66733446693374,0.7609613441031883,0.8433838366301581,1.0,17
49410,2023-08-22T11:00,0.3,15,1.0,2.0,2.0,logit,204.56667828559875,204.56667828559875,1.2878587085651816e-14,1.0,147.11756056394188,0.719166786090884,1.038373588087884,1.0000000000000002,10
49410,2023-08-22T11:00,0.3,15,1.0,2.0,2.0,coordinated,204.56667828559875,204.56667828559875,0.0,1.0,114.16406092643737,0.5580775025688746,0.8373450576920738,1.0000000000000002,16
49410,2023-08-22T11:00,0.3,15,2.0,0.5,2.0,no_choice,409.1333565711975,102.0722844753264,307.0610720958711,0.24948414211629735,0.0,0.0,0.0,1.0,10
49410,2023-08-22T11:00,0.3,15,2.0,0.5,2.0,nearest,409.1333565711975,317.67418003463683,91.45917653656068,0.776456319027498,274.50816784286434,0.8641186004255492,1.9127533200498523,1.0,35
49410,2023-08-22T11:00,0.3,15,2.0,0.5,2.0,logit,409.1333565711975,317.67418003463683,91.45917653656068,0.776456319027498,268.3019261244588,0.8445821001102612,1.9333465185608611,1.0000000000000002,35
49410,2023-08-22T11:00,0.3,15,2.0,0.5,2.0,coordinated,409.1333565711975,317.67418003463683,91.4591765365607,0.776456319027498,215.60189555931044,0.6786887607164133,0.9012273999661929,1.0000000000000004,35
49410,2023-08-22T11:00,0.3,15,2.0,1.0,2.0,no_choice,409.1333565711975,102.0722844753264,307.0610720958711,0.24948414211629735,0.0,0.0,0.0,1.0,10
49410,2023-08-22T11:00,0.3,15,2.0,1.0,2.0,nearest,409.1333565711975,317.67418003463683,91.45917653656068,0.776456319027498,274.50816784286434,0.8641186004255492,1.9127533200498523,1.0,35
49410,2023-08-22T11:00,0.3,15,2.0,1.0,2.0,logit,409.1333565711975,317.67418003463683,91.45917653656068,0.776456319027498,263.0745950712056,0.8281270924899276,1.6754187522469282,1.0000000000000004,35
49410,2023-08-22T11:00,0.3,15,2.0,1.0,2.0,coordinated,409.1333565711975,317.67418003463683,91.45917653656065,0.776456319027498,215.6018955593105,0.6786887607164135,0.9012273999661933,1.0000000000000027,35
49410,2023-08-22T11:00,0.3,15,2.0,2.0,2.0,no_choice,409.1333565711975,102.0722844753264,307.0610720958711,0.24948414211629735,0.0,0.0,0.0,1.0,10
49410,2023-08-22T11:00,0.3,15,2.0,2.0,2.0,nearest,409.1333565711975,317.67418003463683,91.45917653656068,0.776456319027498,274.50816784286434,0.8641186004255492,1.9127533200498523,1.0,35
49410,2023-08-22T11:00,0.3,15,2.0,2.0,2.0,logit,409.1333565711975,317.67418003463683,91.45917653656066,0.776456319027498,257.416839856796,0.810317161529241,1.579507368067747,1.0000000000000002,35
49410,2023-08-22T11:00,0.3,15,2.0,2.0,2.0,coordinated,409.1333565711975,317.67418003463683,91.45917653656068,0.776456319027498,215.60189555931044,0.6786887607164133,0.9012273999661929,1.0000000000000007,35
49410,2023-08-22T11:00,0.3,15,4.0,0.5,2.0,no_choice,818.266713142395,102.82240482902515,715.4443083133698,0.1256587897045886,0.0,0.0,0.0,1.0,11
49410,2023-08-22T11:00,0.3,15,4.0,0.5,2.0,nearest,818.266713142395,317.67418003463683,500.5925331077582,0.388228159513749,296.02354107284486,0.931846400108969,2.3079990465587588,1.0,35
49410,2023-08-22T11:00,0.3,15,4.0,0.5,2.0,logit,818.266713142395,317.67418003463683,500.5925331077582,0.388228159513749,268.2664410938265,0.8444703975141344,1.8322357345500075,1.0000000000000002,35
49410,2023-08-22T11:00,0.3,15,4.0,0.5,2.0,coordinated,818.266713142395,317.67418003463683,500.5925331077582,0.388228159513749,214.85177520561166,0.6763274723245868,0.5227740635875109,1.0000000000000009,35
49410,2023-08-22T11:00,0.3,15,4.0,1.0,2.0,no_choice,818.266713142395,102.82240482902515,715.4443083133698,0.1256587897045886,0.0,0.0,0.0,1.0,11
49410,2023-08-22T11:00,0.3,15,4.0,1.0,2.0,nearest,818.266713142395,317.67418003463683,500.5925331077582,0.388228159513749,296.02354107284486,0.931846400108969,2.3079990465587588,1.0,35
49410,2023-08-22T11:00,0.3,15,4.0,1.0,2.0,logit,818.266713142395,317.67418003463683,500.59253310775813,0.388228159513749,262.60848838736,0.826659844872275,1.3439878187538619,1.0000000000000004,35
49410,2023-08-22T11:00,0.3,15,4.0,1.0,2.0,coordinated,818.266713142395,317.67418003463683,500.59253310775824,0.388228159513749,214.85177520561172,0.676327472324587,0.5227740635875109,1.0000000000000009,35
49410,2023-08-22T11:00,0.3,15,4.0,2.0,2.0,no_choice,818.266713142395,102.82240482902515,715.4443083133698,0.1256587897045886,0.0,0.0,0.0,1.0,11
49410,2023-08-22T11:00,0.3,15,4.0,2.0,2.0,nearest,818.266713142395,317.67418003463683,500.5925331077582,0.388228159513749,296.02354107284486,0.931846400108969,2.3079990465587588,1.0,35
49410,2023-08-22T11:00,0.3,15,4.0,2.0,2.0,logit,818.266713142395,317.67418003463683,500.5925331077582,0.388228159513749,256.72266096047554,0.8081319700974262,1.3055197235539302,1.0000000000000002,35
49410,2023-08-22T11:00,0.3,15,4.0,2.0,2.0,coordinated,818.266713142395,317.67418003463683,500.5925331077582,0.388228159513749,214.85177520561166,0.6763274723245868,0.5227740635875109,1.0000000000000009,35
49458,2023-08-24T11:00,0.1,5,1.0,0.5,2.0,no_choice,192.7057340145111,131.06522490310655,61.64050911140455,0.6801314220013666,0.0,0.0,0.0,1.0,7
49458,2023-08-24T11:00,0.1,5,1.0,0.5,2.0,nearest,192.7057340145111,192.7057340145111,0.0,1.0,106.83719037818962,0.5544058713382373,0.4811610061023936,1.0,13
49458,2023-08-24T11:00,0.1,5,1.0,0.5,2.0,logit,192.7057340145111,192.7057340145111,9.325873406851315e-15,1.0,127.94894397569334,0.6639602325795793,1.320931693993508,0.9999999999999999,1
49458,2023-08-24T11:00,0.1,5,1.0,0.5,2.0,coordinated,192.7057340145111,192.7057340145111,0.0,1.0,61.64050911140455,0.3198685779986334,0.4134491785293829,1.0000000000000002,13
49458,2023-08-24T11:00,0.1,5,1.0,1.0,2.0,no_choice,192.7057340145111,131.06522490310655,61.64050911140455,0.6801314220013666,0.0,0.0,0.0,1.0,7
49458,2023-08-24T11:00,0.1,5,1.0,1.0,2.0,nearest,192.7057340145111,192.7057340145111,0.0,1.0,106.83719037818962,0.5544058713382373,0.4811610061023936,1.0,13
49458,2023-08-24T11:00,0.1,5,1.0,1.0,2.0,logit,192.7057340145111,192.7057340145111,4.884981308350689e-15,1.0,108.10077604054291,0.5609629448410846,0.7556974169270773,1.0000000000000004,4
49458,2023-08-24T11:00,0.1,5,1.0,1.0,2.0,coordinated,192.7057340145111,192.7057340145111,0.0,1.0,61.64050911140455,0.3198685779986334,0.4134491785293829,1.0000000000000002,13
49458,2023-08-24T11:00,0.1,5,1.0,2.0,2.0,no_choice,192.7057340145111,131.06522490310655,61.64050911140455,0.6801314220013666,0.0,0.0,0.0,1.0,7
49458,2023-08-24T11:00,0.1,5,1.0,2.0,2.0,nearest,192.7057340145111,192.7057340145111,0.0,1.0,106.83719037818962,0.5544058713382373,0.4811610061023936,1.0,13
49458,2023-08-24T11:00,0.1,5,1.0,2.0,2.0,logit,192.7057340145111,192.70573401451097,1.4832579608992091e-13,0.9999999999999992,92.4389725601314,0.47968978729595374,0.5238144167073917,1.0000000000000002,8
49458,2023-08-24T11:00,0.1,5,1.0,2.0,2.0,coordinated,192.7057340145111,192.7057340145111,0.0,1.0,61.64050911140455,0.3198685779986334,0.4134491785293829,1.0000000000000002,13
49458,2023-08-24T11:00,0.1,5,2.0,0.5,2.0,no_choice,385.4114680290222,163.95968624305698,221.45178178596524,0.4254146538024408,0.0,0.0,0.0,1.0,11
49458,2023-08-24T11:00,0.1,5,2.0,0.5,2.0,nearest,385.4114680290222,385.4114680290222,0.0,1.0,310.3072444686894,0.8051323590748023,1.0433256138953275,1.0000000000000002,32
49458,2023-08-24T11:00,0.1,5,2.0,0.5,2.0,logit,385.4114680290222,385.4114680290222,2.042810365310288e-14,1.0,289.4076699707295,0.7509057046245873,1.648766113781795,1.0000000000000004,19
49458,2023-08-24T11:00,0.1,5,2.0,0.5,2.0,coordinated,385.4114680290222,385.4114680290222,0.0,1.0,221.45178178596524,0.5745853461975592,0.9790538234999784,1.0000000000000002,33
49458,2023-08-24T11:00,0.1,5,2.0,1.0,2.0,no_choice,385.4114680290222,163.95968624305698,221.45178178596524,0.4254146538024408,0.0,0.0,0.0,1.0,11
49458,2023-08-24T11:00,0.1,5,2.0,1.0,2.0,nearest,385.4114680290222,385.4114680290222,0.0,1.0,310.3072444686894,0.8051323590748023,1.0433256138953275,1.0000000000000002,32
49458,2023-08-24T11:00,0.1,5,2.0,1.0,2.0,logit,385.4114680290222,385.4114680289239,9.836842451704797e-11,0.9999999999997449,268.9777562346344,0.697897645885432,1.2479043797058724,1.0000000000000004,23
49458,2023-08-24T11:00,0.1,5,2.0,1.0,2.0,coordinated,385.4114680290222,385.4114680290222,0.0,1.0,221.45178178596524,0.5745853461975592,0.9790538234999784,1.0000000000000002,33
49458,2023-08-24T11:00,0.1,5,2.0,2.0,2.0,no_choice,385.4114680290222,163.95968624305698,221.45178178596524,0.4254146538024408,0.0,0.0,0.0,1.0,11
49458,2023-08-24T11:00,0.1,5,2.0,2.0,2.0,nearest,385.4114680290222,385.4114680290222,0.0,1.0,310.3072444686894,0.8051323590748023,1.0433256138953275,1.0000000000000002,32
49458,2023-08-24T11:00,0.1,5,2.0,2.0,2.0,logit,385.4114680290222,385.41146802901557,6.660449969331239e-12,0.9999999999999828,258.0551790171978,0.6695576038172539,1.1052877182146321,1.0000000000000002,24
49458,2023-08-24T11:00,0.1,5,2.0,2.0,2.0,coordinated,385.4114680290222,385.4114680290222,0.0,1.0,221.45178178596524,0.5745853461975592,0.9790538234999782,1.0000000000000002,33
49458,2023-08-24T11:00,0.1,5,4.0,0.5,2.0,no_choice,770.8229360580444,172.9015987186429,597.9213373394015,0.22430780225982155,0.0,0.0,0.0,1.0,15
49458,2023-08-24T11:00,0.1,5,4.0,0.5,2.0,nearest,770.8229360580444,471.7454298477159,299.0775062103285,0.6120023260597328,451.6031645278925,0.9573026805446201,2.019136575015023,1.0000000000000002,45
49458,2023-08-24T11:00,0.1,5,4.0,0.5,2.0,logit,770.8229360580444,471.7454298477159,299.0775062103285,0.6120023260597328,370.261099686424,0.784874799541668,1.790996616541687,1.0000000000000004,45
49458,2023-08-24T11:00,0.1,5,4.0,0.5,2.0,coordinated,770.8229360580444,471.74542984771585,299.0775062103285,0.6120023260597328,298.843831129073,0.6334853762664808,0.5675193443196697,1.0000000000000018,45
49458,2023-08-24T11:00,0.1,5,4.0,1.0,2.0,no_choice,770.8229360580444,172.9015987186429,597.9213373394015,0.22430780225982155,0.0,0.0,0.0,1.0,15
49458,2023-08-24T11:00,0.1,5,4.0,1.0,2.0,nearest,770.8229360580444,471.7454298477159,299.0775062103285,0.6120023260597328,451.6031645278925,0.9573026805446201,2.019136575015023,1.0000000000000002,45
49458,2023-08-24T11:00,0.1,5,4.0,1.0,2.0,logit,770.8229360580444,471.74542984771585,299.0775062103285,0.6120023260597328,351.37979815818005,0.7448504551948897,1.2917390387433354,1.0000000000000004,45
49458,2023-08-24T11:00,0.1,5,4.0,1.0,2.0,coordinated,770.8229360580444,471.7454298477159,299.0775062103285,0.6120023260597328,298.843831129073,0.6334853762664807,0.5675193443196697,1.0000000000000018,45
49458,2023-08-24T11:00,0.1,5,4.0,2.0,2.0,no_choice,770.8229360580444,172.9015987186429,597.9213373394015,0.22430780225982155,0.0,0.0,0.0,1.0,15
49458,2023-08-24T11:00,0.1,5,4.0,2.0,2.0,nearest,770.8229360580444,471.7454298477159,299.0775062103285,0.6120023260597328,451.6031645278925,0.9573026805446201,2.019136575015023,1.0000000000000002,45
49458,2023-08-24T11:00,0.1,5,4.0,2.0,2.0,logit,770.8229360580444,471.74542984771597,299.0775062103285,0.6120023260597329,339.94830757935335,0.7206181259436726,1.1173224631737275,1.0000000000000002,45
49458,2023-08-24T11:00,0.1,5,4.0,2.0,2.0,coordinated,770.8229360580444,471.7454298477159,299.0775062103285,0.6120023260597328,298.843831129073,0.6334853762664807,0.5675193443196697,1.0000000000000018,45
49458,2023-08-24T11:00,0.2,10,1.0,0.5,2.0,no_choice,192.7057340145111,88.26319193840027,104.44254207611084,0.458020579355225,0.0,0.0,0.0,1.0,5
49458,2023-08-24T11:00,0.2,10,1.0,0.5,2.0,nearest,192.7057340145111,192.7057340145111,0.0,1.0,143.55861706733702,0.7449628720260435,0.5911838746706707,1.0,10
49458,2023-08-24T11:00,0.2,10,1.0,0.5,2.0,logit,192.7057340145111,192.7057340145111,3.552713678800501e-15,1.0,139.3436212324329,0.7230901661802137,1.4144779023026561,1.0000000000000002,2
49458,2023-08-24T11:00,0.2,10,1.0,0.5,2.0,coordinated,192.7057340145111,192.7057340145111,0.0,1.0,104.44254207611084,0.541979420644775,0.45077384179068475,1.0000000000000002,12
49458,2023-08-24T11:00,0.2,10,1.0,1.0,2.0,no_choice,192.7057340145111,88.26319193840027,104.44254207611084,0.458020579355225,0.0,0.0,0.0,1.0,5
49458,2023-08-24T11:00,0.2,10,1.0,1.0,2.0,nearest,192.7057340145111,192.7057340145111,0.0,1.0,143.55861706733702,0.7449628720260435,0.5911838746706707,1.0,10
49458,2023-08-24T11:00,0.2,10,1.0,1.0,2.0,logit,192.7057340145111,192.7057340143664,1.446975872454459e-10,0.9999999999992492,128.11747423006543,0.664834779750322,0.8431645401529353,1.0000000000000002,6
49458,2023-08-24T11:00,0.2,10,1.0,1.0,2.0,coordinated,192.7057340145111,192.7057340145111,0.0,1.0,104.44254207611084,0.541979420644775,0.45077384179068475,1.0000000000000002,12
49458,2023-08-24T11:00,0.2,10,1.0,2.0,2.0,no_choice,192.7057340145111,88.26319193840027,104.44254207611084,0.458020579355225,0.0,0.0,0.0,1.0,5
49458,2023-08-24T11:00,0.2,10,1.0,2.0,2.0,nearest,192.7057340145111,192.7057340145111,0.0,1.0,143.55861706733702,0.7449628720260435,0.5911838746706707,1.0,10
49458,2023-08-24T11:00,0.2,10,1.0,2.0,2.0,logit,192.7057340145111,192.7057340145111,1.5987211554602254e-14,1.0,126.47271815787562,0.6562997141971498,0.7247846372835063,1.0000000000000002,7
49458,2023-08-24T11:00,0.2,10,1.0,2.0,2.0,coordinated,192.7057340145111,192.7057340145111,0.0,1.0,104.44254207611084,0.541979420644775,0.45077384179068475,1.0000000000000002,12
49458,2023-08-24T11:00,0.2,10,2.0,0.5,2.0,no_choice,385.4114680290222,115.59237401962267,269.8190940093996,0.29991939422756964,0.0,0.0,0.0,1.0,7
49458,2023-08-24T11:00,0.2,10,2.0,0.5,2.0,nearest,385.4114680290222,385.4114680290222,0.0,1.0,335.7093797874452,0.8710414910699171,1.423560051605955,1.0,36
49458,2023-08-24T11:00,0.2,10,2.0,0.5,2.0,logit,385.4114680290222,385.4114680290222,6.217248937900877e-15,1.0,314.7935418334579,0.816772638975427,1.8932893693367587,1.0000000000000004,35
49458,2023-08-24T11:00,0.2,10,2.0,0.5,2.0,coordinated,385.4114680290222,385.4114680290222,0.0,1.0,269.8190940093996,0.7000806057724305,1.123044425912654,1.0000000000000004,36
49458,2023-08-24T11:00,0.2,10,2.0,1.0,2.0,no_choice,385.4114680290222,115.59237401962267,269.8190940093996,0.29991939422756964,0.0,0.0,0.0,1.0,7
49458,2023-08-24T11:00,0.2,10,2.0,1.0,2.0,nearest,385.4114680290222,385.4114680290222,0.0,1.0,335.7093797874452,0.8710414910699171,1.423560051605955,1.0,36
49458,2023-08-24T11:00,0.2,10,2.0,1.0,2.0,logit,385.4114680290222,385.41146802902153,6.963318810448982e-13,0.9999999999999982,306.0921031762459,0.7941956287434528,1.5908993259776896,1.0000000000000002,36
49458,2023-08-24T11:00,0.2,10,2.0,1.0,2.0,coordinated,385.4114680290222,385.4114680290222,0.0,1.0,269.8190940093996,0.7000806057724305,1.1230444259126544,1.0000000000000004,36
49458,2023-08-24T11:00,0.2,10,2.0,2.0,2.0,no_choice,385.4114680290222,115.59237401962267,269.8190940093996,0.29991939422756964,0.0,0.0,0.0,1.0,7
49458,2023-08-24T11:00,0.2,10,2.0,2.0,2.0,nearest,385.4114680290222,385.4114680290222,0.0,1.0,335.7093797874452,0.8710414910699171,1.423560051605955,1.0,36
49458,2023-08-24T11:00,0.2,10,2.0,2.0,2.0,logit,385.4114680290222,385.41146802900977,1.2457590514713957e-11,0.9999999999999677,305.26423091054636,0.7920476068645919,1.4737884584255192,1.0000000000000007,36
49458,2023-08-24T11:00,0.2,10,2.0,2.0,2.0,coordinated,385.4114680290222,385.4114680290222,0.0,1.0,269.8190940093996,0.7000806057724305,1.1230444259126544,1.0000000000000013,36
49458,2023-08-24T11:00,0.2,10,4.0,0.5,2.0,no_choice,770.8229360580444,132.94646110153184,637.8764749565125,0.17247341105522151,0.0,0.0,0.0,1.0,12
49458,2023-08-24T11:00,0.2,10,4.0,0.5,2.0,nearest,770.8229360580444,404.5741404590597,366.2487955989847,0.5248600184732886,375.72350149726776,0.9286888704031951,2.2066602801652913,1.0,40
49458,2023-08-24T11:00,0.2,10,4.0,0.5,2.0,logit,770.8229360580444,404.5741404590597,366.2487955989847,0.5248600184732886,328.7359470084816,0.8125480947335723,1.8182666488106665,1.0000000000000002,40
49458,2023-08-24T11:00,0.2,10,4.0,0.5,2.0,coordinated,770.8229360580444,404.57414045905966,366.2487955989847,0.5248600184732884,271.6276793575279,0.6713915996937398,0.5967272775232004,1.0000000000000024,40
49458,2023-08-24T11:00,0.2,10,4.0,1.0,2.0,no_choice,770.8229360580444,132.94646110153184,637.8764749565125,0.17247341105522151,0.0,0.0,0.0,1.0,12
49458,2023-08-24T11:00,0.2,10,4.0,1.0,2.0,nearest,770.8229360580444,404.5741404590597,366.2487955989847,0.5248600184732886,375.72350149726776,0.9286888704031951,2.2066602801652913,1.0,40
49458,2023-08-24T11:00,0.2,10,4.0,1.0,2.0,logit,770.8229360580444,404.5741404590597,366.2487955989847,0.5248600184732886,317.7094943742145,0.7852936275504852,1.3999570793577518,1.0000000000000002,40
49458,2023-08-24T11:00,0.2,10,4.0,1.0,2.0,coordinated,770.8229360580444,404.57414045905966,366.24879559898477,0.5248600184732884,271.6276793575278,0.6713915996937397,0.5967272775232001,1.0000000000000042,40
49458,2023-08-24T11:00,0.2,10,4.0,2.0,2.0,no_choice,770.8229360580444,132.94646110153184,637.8764749565125,0.17247341105522151,0.0,0.0,0.0,1.0,12
49458,2023-08-24T11:00,0.2,10,4.0,2.0,2.0,nearest,770.8229360580444,404.5741404590597,366.2487955989847,0.5248600184732886,375.72350149726776,0.9286888704031951,2.2066602801652913,1.0,40
49458,2023-08-24T11:00,0.2,10,4.0,2.0,2.0,logit,770.8229360580444,404.57414045905966,366.24879559898477,0.5248600184732884,313.5766740085123,0.7750783914481165,1.3311657116076767,1.0000000000000004,40
49458,2023-08-24T11:00,0.2,10,4.0,2.0,2.0,coordinated,770.8229360580444,404.57414045905966,366.24879559898477,0.5248600184732884,271.6276793575279,0.6713915996937398,0.5967272775232004,1.0000000000000024,40
49458,2023-08-24T11:00,0.3,15,1.0,0.5,2.0,no_choice,192.7057340145111,77.60215744972228,115.10357656478882,0.4026977082263608,0.0,0.0,0.0,1.0,5
49458,2023-08-24T11:00,0.3,15,1.0,0.5,2.0,nearest,192.7057340145111,192.7057340145111,0.0,1.0,141.12196372604313,0.7323184462970697,0.820999911420336,1.0,13
49458,2023-08-24T11:00,0.3,15,1.0,0.5,2.0,logit,192.7057340145111,192.7057340145111,7.105427357601002e-15,1.0,147.22562405963345,0.7639919217377676,1.5451037298422197,0.9999999999999999,4
49458,2023-08-24T11:00,0.3,15,1.0,0.5,2.0,coordinated,192.7057340145111,192.7057340145111,0.0,1.0,115.10357656478882,0.5973022917736392,0.7473205268102132,1.0000000000000004,14
49458,2023-08-24T11:00,0.3,15,1.0,1.0,2.0,no_choice,192.7057340145111,77.60215744972228,115.10357656478882,0.4026977082263608,0.0,0.0,0.0,1.0,5
49458,2023-08-24T11:00,0.3,15,1.0,1.0,2.0,nearest,192.7057340145111,192.7057340145111,0.0,1.0,141.12196372604313,0.7323184462970697,0.820999911420336,1.0,13
49458,2023-08-24T11:00,0.3,15,1.0,1.0,2.0,logit,192.7057340145111,192.7057340145111,1.3766765505351941e-14,1.0,138.96024769175278,0.7211007415134248,1.0915344870916421,1.0000000000000002,7
49458,2023-08-24T11:00,0.3,15,1.0,1.0,2.0,coordinated,192.7057340145111,192.7057340145111,0.0,1.0,115.10357656478882,0.5973022917736392,0.7473205268102132,1.0000000000000004,14
49458,2023-08-24T11:00,0.3,15,1.0,2.0,2.0,no_choice,192.7057340145111,77.60215744972228,115.10357656478882,0.4026977082263608,0.0,0.0,0.0,1.0,5
49458,2023-08-24T11:00,0.3,15,1.0,2.0,2.0,nearest,192.7057340145111,192.7057340145111,0.0,1.0,141.12196372604313,0.7323184462970697,0.820999911420336,1.0,13
49458,2023-08-24T11:00,0.3,15,1.0,2.0,2.0,logit,192.7057340145111,192.7057340145111,1.3766765505351941e-14,1.0,135.3134430682927,0.7021765271297187,0.9204850616023957,1.0000000000000002,7
49458,2023-08-24T11:00,0.3,15,1.0,2.0,2.0,coordinated,192.7057340145111,192.7057340145111,0.0,1.0,115.10357656478882,0.5973022917736392,0.7473205268102132,1.0000000000000004,14
49458,2023-08-24T11:00,0.3,15,2.0,0.5,2.0,no_choice,385.4114680290222,94.42015626907335,290.99131175994887,0.24498533152615823,0.0,0.0,0.0,1.0,7
49458,2023-08-24T11:00,0.3,15,2.0,0.5,2.0,nearest,385.4114680290222,331.55624606895344,53.855221960068775,0.8602656474248623,308.5356864910117,0.9305681619608089,1.8128890599694742,1.0,35
49458,2023-08-24T11:00,0.3,15,2.0,0.5,2.0,logit,385.4114680290222,331.55624606895344,53.85522196006877,0.8602656474248623,281.3082058309111,0.8484479154478294,2.0812832712113662,1.0000000000000004,35
49458,2023-08-24T11:00,0.3,15,2.0,0.5,2.0,coordinated,385.4114680290222,331.55624606895344,53.855221960068775,0.8602656474248623,237.1360897998801,0.71522130139742,1.091422109015616,1.0000000000000002,35
49458,2023-08-24T11:00,0.3,15,2.0,1.0,2.0,no_choice,385.4114680290222,94.42015626907335,290.99131175994887,0.24498533152615823,0.0,0.0,0.0,1.0,7
49458,2023-08-24T11:00,0.3,15,2.0,1.0,2.0,nearest,385.4114680290222,331.55624606895344,53.855221960068775,0.8602656474248623,308.5356864910117,0.9305681619608089,1.8128890599694742,1.0,35
49458,2023-08-24T11:00,0.3,15,2.0,1.0,2.0,logit,385.4114680290222,331.55624606895344,53.85522196006873,0.8602656474248623,274.47771729375734,0.8278466189313606,1.7564253970546255,1.0000000000000007,35
49458,2023-08-24T11:00,0.3,15,2.0,1.0,2.0,coordinated,385.4114680290222,331.55624606895344,53.855221960068775,0.8602656474248623,237.1360897998801,0.71522130139742,1.091422109015616,1.0000000000000002,35
49458,2023-08-24T11:00,0.3,15,2.0,2.0,2.0,no_choice,385.4114680290222,94.42015626907335,290.99131175994887,0.24498533152615823,0.0,0.0,0.0,1.0,7
49458,2023-08-24T11:00,0.3,15,2.0,2.0,2.0,nearest,385.4114680290222,331.55624606895344,53.855221960068775,0.8602656474248623,308.5356864910117,0.9305681619608089,1.8128890599694742,1.0,35
49458,2023-08-24T11:00,0.3,15,2.0,2.0,2.0,logit,385.4114680290222,331.55624606895344,53.855221960068775,0.8602656474248623,271.8736120634369,0.8199924305057297,1.6238001971206073,1.0000000000000002,35
49458,2023-08-24T11:00,0.3,15,2.0,2.0,2.0,coordinated,385.4114680290222,331.55624606895344,53.855221960068775,0.8602656474248623,237.1360897998801,0.71522130139742,1.091422109015616,1.0000000000000002,35
49458,2023-08-24T11:00,0.3,15,4.0,0.5,2.0,no_choice,770.8229360580444,100.855581550598,669.9673545074463,0.13084143819898397,0.0,0.0,0.0,1.0,10
49458,2023-08-24T11:00,0.3,15,4.0,0.5,2.0,nearest,770.8229360580444,331.55624606895344,439.266689989091,0.43013282371243117,324.35624606895345,0.9782842275319326,2.3251132019755114,1.0,35
49458,2023-08-24T11:00,0.3,15,4.0,0.5,2.0,logit,770.8229360580444,331.55624606895344,439.266689989091,0.43013282371243117,281.3082058309111,0.8484479154478294,2.002634561938558,1.0000000000000004,35
49458,2023-08-24T11:00,0.3,15,4.0,0.5,2.0,coordinated,770.8229360580444,331.55624606895344,439.266689989091,0.43013282371243117,230.70066451835544,0.6958115470711924,0.6087481042760126,1.0,35
49458,2023-08-24T11:00,0.3,15,4.0,1.0,2.0,no_choice,770.8229360580444,100.855581550598,669.9673545074463,0.13084143819898397,0.0,0.0,0.0,1.0,10
49458,2023-08-24T11:00,0.3,15,4.0,1.0,2.0,nearest,770.8229360580444,331.55624606895344,439.266689989091,0.43013282371243117,324.35624606895345,0.9782842275319326,2.3251132019755114,1.0,35
49458,2023-08-24T11:00,0.3,15,4.0,1.0,2.0,logit,770.8229360580444,331.55624606895344,439.266689989091,0.43013282371243117,274.4777172937573,0.8278466189313605,1.5411395551248963,1.0000000000000007,35
49458,2023-08-24T11:00,0.3,15,4.0,1.0,2.0,coordinated,770.8229360580444,331.55624606895344,439.266689989091,0.43013282371243117,230.70066451835544,0.6958115470711924,0.6087481042760126,1.0,35
49458,2023-08-24T11:00,0.3,15,4.0,2.0,2.0,no_choice,770.8229360580444,100.855581550598,669.9673545074463,0.13084143819898397,0.0,0.0,0.0,1.0,10
49458,2023-08-24T11:00,0.3,15,4.0,2.0,2.0,nearest,770.8229360580444,331.55624606895344,439.266689989091,0.43013282371243117,324.35624606895345,0.9782842275319326,2.3251132019755114,1.0,35
49458,2023-08-24T11:00,0.3,15,4.0,2.0,2.0,logit,770.8229360580444,331.55624606895344,439.266689989091,0.43013282371243117,271.87361206343684,0.8199924305057295,1.5199747476182912,1.0000000000000002,35
49458,2023-08-24T11:00,0.3,15,4.0,2.0,2.0,coordinated,770.8229360580444,331.55624606895344,439.266689989091,0.43013282371243117,230.70066451835544,0.6958115470711924,0.6087481042760126,1.0,35
49459,2023-08-24T12:00,0.1,5,1.0,0.5,2.0,no_choice,189.81134700775146,142.05627719688403,47.75506981086743,0.7484077186970427,0.0,0.0,0.0,1.0,7
49459,2023-08-24T12:00,0.1,5,1.0,0.5,2.0,nearest,189.81134700775146,189.81134700775146,0.0,1.0,96.19270665168716,0.5067805911927851,0.07688018027315259,1.0,9
49459,2023-08-24T12:00,0.1,5,1.0,0.5,2.0,logit,189.81134700775146,189.81134700775146,9.325873406851315e-15,1.0,122.0838882923116,0.6431854060196199,1.1153271178115647,0.9999999999999999,1
49459,2023-08-24T12:00,0.1,5,1.0,0.5,2.0,coordinated,189.81134700775146,189.81134700775146,0.0,1.0,47.75506981086744,0.25159228130295724,0.07688018027315259,1.0,10
49459,2023-08-24T12:00,0.1,5,1.0,1.0,2.0,no_choice,189.81134700775146,142.05627719688403,47.75506981086743,0.7484077186970427,0.0,0.0,0.0,1.0,7
49459,2023-08-24T12:00,0.1,5,1.0,1.0,2.0,nearest,189.81134700775146,189.81134700775146,0.0,1.0,96.19270665168716,0.5067805911927851,0.07688018027315259,1.0,9
49459,2023-08-24T12:00,0.1,5,1.0,1.0,2.0,logit,189.81134700775146,189.81134700775146,1.3100631690576847e-14,1.0,99.83661005568618,0.5259780915606119,0.4375734885852871,1.0,3
49459,2023-08-24T12:00,0.1,5,1.0,1.0,2.0,coordinated,189.81134700775146,189.81134700775146,0.0,1.0,47.75506981086744,0.25159228130295724,0.07688018027315259,1.0,10
49459,2023-08-24T12:00,0.1,5,1.0,2.0,2.0,no_choice,189.81134700775146,142.05627719688403,47.75506981086743,0.7484077186970427,0.0,0.0,0.0,1.0,7
49459,2023-08-24T12:00,0.1,5,1.0,2.0,2.0,nearest,189.81134700775146,189.81134700775146,0.0,1.0,96.19270665168716,0.5067805911927851,0.07688018027315259,1.0,9
49459,2023-08-24T12:00,0.1,5,1.0,2.0,2.0,logit,189.81134700775146,189.81134700775146,1.0658141036401503e-14,1.0,83.44160151990593,0.43960281002851936,0.2029803652263264,1.0000000000000002,3
49459,2023-08-24T12:00,0.1,5,1.0,2.0,2.0,coordinated,189.81134700775146,189.81134700775146,0.0,1.0,47.75506981086744,0.25159228130295724,0.07688018027315259,1.0,10
49459,2023-08-24T12:00,0.1,5,2.0,0.5,2.0,no_choice,379.62269401550293,180.9539412250516,198.66875279045132,0.47666787069811445,0.0,0.0,0.0,1.0,12
49459,2023-08-24T12:00,0.1,5,2.0,0.5,2.0,nearest,379.62269401550293,379.62269401550293,0.0,1.0,275.15002994918837,0.7247986863976891,0.5941711701631172,1.0,30
49459,2023-08-24T12:00,0.1,5,2.0,0.5,2.0,logit,379.62269401550293,379.62269401550293,9.769962616701378e-15,1.0,272.1583939315897,0.7169181353538242,1.2967136944707254,1.0000000000000002,16
49459,2023-08-24T12:00,0.1,5,2.0,0.5,2.0,coordinated,379.62269401550293,379.62269401550293,0.0,1.0,198.66875279045135,0.5233321293018857,0.5435303122437665,1.0000000000000002,28
49459,2023-08-24T12:00,0.1,5,2.0,1.0,2.0,no_choice,379.62269401550293,180.9539412250516,198.66875279045132,0.47666787069811445,0.0,0.0,0.0,1.0,12
49459,2023-08-24T12:00,0.1,5,2.0,1.0,2.0,nearest,379.62269401550293,379.62269401550293,0.0,1.0,275.15002994918837,0.7247986863976891,0.5941711701631172,1.0,30
49459,2023-08-24T12:00,0.1,5,2.0,1.0,2.0,logit,379.62269401550293,379.62269401550293,1.2434497875801753e-14,1.0,251.82489407440588,0.663355742541888,0.8515137104307667,1.0,18
49459,2023-08-24T12:00,0.1,5,2.0,1.0,2.0,coordinated,379.62269401550293,379.62269401550293,0.0,1.0,198.66875279045135,0.5233321293018857,0.5435303122437665,1.0000000000000002,28
49459,2023-08-24T12:00,0.1,5,2.0,2.0,2.0,no_choice,379.62269401550293,180.9539412250516,198.66875279045132,0.47666787069811445,0.0,0.0,0.0,1.0,12
49459,2023-08-24T12:00,0.1,5,2.0,2.0,2.0,nearest,379.62269401550293,379.62269401550293,0.0,1.0,275.15002994918837,0.7247986863976891,0.5941711701631172,1.0,30
49459,2023-08-24T12:00,0.1,5,2.0,2.0,2.0,logit,379.62269401550293,379.62269401550293,3.730349362740526e-14,1.0,235.72014686469316,0.6209327065548587,0.6949893753754001,1.0000000000000004,19
49459,2023-08-24T12:00,0.1,5,2.0,2.0,2.0,coordinated,379.62269401550293,379.62269401550293,0.0,1.0,198.66875279045135,0.5233321293018857,0.5435303122437665,1.0000000000000002,28
49459,2023-08-24T12:00,0.1,5,4.0,0.5,2.0,no_choice,759.2453880310059,192.42071611976593,566.8246719112399,0.2534367928381909,0.0,0.0,0.0,1.0,16
49459,2023-08-24T12:00,0.1,5,4.0,0.5,2.0,nearest,759.2453880310059,476.2679910850511,282.97739694595475,0.6272912533853962,411.18536283874386,0.8633487249520304,1.1692269344901391,1.0,45
49459,2023-08-24T12:00,0.1,5,4.0,0.5,2.0,logit,759.2453880310059,476.26799108505105,282.97739694595475,0.627291253385396,363.52867255130843,0.7632859636926349,1.4485110655105606,1.0000000000000002,45
49459,2023-08-24T12:00,0.1,5,4.0,0.5,2.0,coordinated,759.2453880310059,476.2679910850511,282.9773969459548,0.6272912533853962,283.8472749652851,0.5959822626723537,0.344026412671812,1.0000000000000024,45
49459,2023-08-24T12:00,0.1,5,4.0,1.0,2.0,no_choice,759.2453880310059,192.42071611976593,566.8246719112399,0.2534367928381909,0.0,0.0,0.0,1.0,16
49459,2023-08-24T12:00,0.1,5,4.0,1.0,2.0,nearest,759.2453880310059,476.2679910850511,282.97739694595475,0.6272912533853962,411.18536283874386,0.8633487249520304,1.1692269344901391,1.0,45
49459,2023-08-24T12:00,0.1,5,4.0,1.0,2.0,logit,759.2453880310059,476.26799108505116,282.97739694595475,0.6272912533853963,340.65917737628615,0.7152678402766139,0.9440968103859738,1.0000000000000004,45
49459,2023-08-24T12:00,0.1,5,4.0,1.0,2.0,coordinated,759.2453880310059,476.267991085051,282.97739694595487,0.627291253385396,283.84727496528507,0.5959822626723537,0.3440264126718117,1.0000000000000024,45
49459,2023-08-24T12:00,0.1,5,4.0,2.0,2.0,no_choice,759.2453880310059,192.42071611976593,566.8246719112399,0.2534367928381909,0.0,0.0,0.0,1.0,16
49459,2023-08-24T12:00,0.1,5,4.0,2.0,2.0,nearest,759.2453880310059,476.2679910850511,282.97739694595475,0.6272912533853962,411.18536283874386,0.8633487249520304,1.1692269344901391,1.0,45
49459,2023-08-24T12:00,0.1,5,4.0,2.0,2.0,logit,759.2453880310059,476.26799108505116,282.97739694595475,0.6272912533853963,323.77343689286323,0.679813556555062,0.7687684360655405,1.0000000000000007,45
49459,2023-08-24T12:00,0.1,5,4.0,2.0,2.0,coordinated,759.2453880310059,476.267991085051,282.97739694595487,0.627291253385396,283.84727496528507,0.5959822626723537,0.34402641267181167,1.0000000000000024,45
49459,2023-08-24T12:00,0.2,10,1.0,0.5,2.0,no_choice,189.81134700775146,113.99412099647509,75.81722601127636,0.6005653655248536,0.0,0.0,0.0,1.0,7
49459,2023-08-24T12:00,0.2,10,1.0,0.5,2.0,nearest,189.81134700775146,189.81134700775146,0.0,1.0,123.62903575515787,0.651325843813274,0.29676861111038716,1.0,12
49459,2023-08-24T12:00,0.2,10,1.0,0.5,2.0,logit,189.81134700775146,189.81134700775146,1.0658141036401503e-14,1.0,128.45041921497202,0.6767267670763982,1.1586311926469937,1.0000000000000002,1
49459,2023-08-24T12:00,0.2,10,1.0,0.5,2.0,coordinated,189.81134700775146,189.81134700775146,0.0,1.0,75.81722601127638,0.3994346344751464,0.2857769657225057,1.0000000000000002,15
49459,2023-08-24T12:00,0.2,10,1.0,1.0,2.0,no_choice,189.81134700775146,113.99412099647509,75.81722601127636,0.6005653655248536,0.0,0.0,0.0,1.0,7
49459,2023-08-24T12:00,0.2,10,1.0,1.0,2.0,nearest,189.81134700775146,189.81134700775146,0.0,1.0,123.62903575515787,0.651325843813274,0.29676861111038716,1.0,12
49459,2023-08-24T12:00,0.2,10,1.0,1.0,2.0,logit,189.81134700775146,189.81134700775146,1.3322676295501878e-14,1.0,114.1742372532795,0.6015142880189185,0.6081947338074444,1.0000000000000002,4
49459,2023-08-24T12:00,0.2,10,1.0,1.0,2.0,coordinated,189.81134700775146,189.81134700775146,0.0,1.0,75.81722601127638,0.3994346344751464,0.2857769657225057,1.0000000000000002,15
49459,2023-08-24T12:00,0.2,10,1.0,2.0,2.0,no_choice,189.81134700775146,113.99412099647509,75.81722601127636,0.6005653655248536,0.0,0.0,0.0,1.0,7
49459,2023-08-24T12:00,0.2,10,1.0,2.0,2.0,nearest,189.81134700775146,189.81134700775146,0.0,1.0,123.62903575515787,0.651325843813274,0.29676861111038716,1.0,12
49459,2023-08-24T12:00,0.2,10,1.0,2.0,2.0,logit,189.81134700775146,189.8113470077508,6.608047442568932e-13,0.9999999999999966,107.97169937535915,0.5688369061041972,0.4326340554358362,1.0000000000000002,7
49459,2023-08-24T12:00,0.2,10,1.0,2.0,2.0,coordinated,189.81134700775146,189.81134700775146,0.0,1.0,75.81722601127638,0.3994346344751464,0.2857769657225057,1.0000000000000002,15
49459,2023-08-24T12:00,0.2,10,2.0,0.5,2.0,no_choice,379.62269401550293,134.1342954578398,245.48839855766312,0.3533358188864285,0.0,0.0,0.0,1.0,12
49459,2023-08-24T12:00,0.2,10,2.0,0.5,2.0,nearest,379.62269401550293,379.62269401550293,0.0,1.0,312.5695107650748,0.8233688757087588,1.1114022926195344,1.0000000000000002,39
49459,2023-08-24T12:00,0.2,10,2.0,0.5,2.0,logit,379.62269401550293,379.62269401550293,1.0658141036401503e-14,1.0,298.8435070074371,0.7872119125608255,1.660229555947231,1.0000000000000004,38
49459,2023-08-24T12:00,0.2,10,2.0,0.5,2.0,coordinated,379.62269401550293,379.62269401550293,1.5987211554602254e-14,1.0,245.48839855766312,0.6466641811135715,0.9220945440270385,1.0000000000000036,39
49459,2023-08-24T12:00,0.2,10,2.0,1.0,2.0,no_choice,379.62269401550293,134.1342954578398,245.48839855766312,0.3533358188864285,0.0,0.0,0.0,1.0,12
49459,2023-08-24T12:00,0.2,10,2.0,1.0,2.0,nearest,379.62269401550293,379.62269401550293,0.0,1.0,312.5695107650748,0.8233688757087588,1.1114022926195344,1.0000000000000002,39
49459,2023-08-24T12:00,0.2,10,2.0,1.0,2.0,logit,379.62269401550293,379.62269401550293,2.708944180085382e-14,1.0,289.41924458821074,0.7623865726436037,1.3330284787642517,1.0000000000000004,39
49459,2023-08-24T12:00,0.2,10,2.0,1.0,2.0,coordinated,379.62269401550293,379.62269401550293,7.105427357601002e-15,1.0,245.48839855766312,0.6466641811135715,0.9220945440270386,1.0000000000000036,39
49459,2023-08-24T12:00,0.2,10,2.0,2.0,2.0,no_choice,379.62269401550293,134.1342954578398,245.48839855766312,0.3533358188864285,0.0,0.0,0.0,1.0,12
49459,2023-08-24T12:00,0.2,10,2.0,2.0,2.0,nearest,379.62269401550293,379.62269401550293,0.0,1.0,312.5695107650748,0.8233688757087588,1.1114022926195344,1.0000000000000002,39
49459,2023-08-24T12:00,0.2,10,2.0,2.0,2.0,logit,379.62269401550293,379.62269401550293,7.549516567451064e-15,1.0,283.2300141451135,0.7460829360574187,1.2343996777378115,1.0000000000000002,39
49459,2023-08-24T12:00,0.2,10,2.0,2.0,2.0,coordinated,379.62269401550293,379.62269401550293,7.105427357601002e-15,1.0,245.48839855766312,0.6466641811135715,0.9220945440270386,1.0000000000000036,39
49459,2023-08-24T12:00,0.2,10,4.0,0.5,2.0,no_choice,759.2453880310059,136.8953229846953,622.3500650463105,0.18030445116000468,0.0,0.0,0.0,1.0,13
49459,2023-08-24T12:00,0.2,10,4.0,0.5,2.0,nearest,759.2453880310059,384.49339207076906,374.75199596023674,0.506415182933014,355.5058664016712,0.9246085205444506,1.705634561778918,1.0000000000000002,40
49459,2023-08-24T12:00,0.2,10,4.0,0.5,2.0,logit,759.2453880310059,384.4933920707691,374.75199596023685,0.5064151829330141,303.3219843251859,0.788887379030319,1.5592831730766588,1.0000000000000004,40
49459,2023-08-24T12:00,0.2,10,4.0,0.5,2.0,coordinated,759.2453880310059,384.4933920707691,374.75199596023685,0.5064151829330141,247.5980690860738,0.6439592310093625,0.4226179656893448,1.0,40
49459,2023-08-24T12:00,0.2,10,4.0,1.0,2.0,no_choice,759.2453880310059,136.8953229846953,622.3500650463105,0.18030445116000468,0.0,0.0,0.0,1.0,13
49459,2023-08-24T12:00,0.2,10,4.0,1.0,2.0,nearest,759.2453880310059,384.49339207076906,374.75199596023674,0.506415182933014,355.5058664016712,0.9246085205444506,1.705634561778918,1.0000000000000002,40
49459,2023-08-24T12:00,0.2,10,4.0,1.0,2.0,logit,759.2453880310059,384.4933920707691,374.75199596023674,0.5064151829330141,293.35690617447915,0.7629699553340684,1.1147454919267366,1.0000000000000004,40
49459,2023-08-24T12:00,0.2,10,4.0,1.0,2.0,coordinated,759.2453880310059,384.4933920707691,374.75199596023674,0.5064151829330141,247.5980690860738,0.6439592310093625,0.4226179656893448,1.0000000000000004,40
49459,2023-08-24T12:00,0.2,10,4.0,2.0,2.0,no_choice,759.2453880310059,136.8953229846953,622.3500650463105,0.18030445116000468,0.0,0.0,0.0,1.0,13
49459,2023-08-24T12:00,0.2,10,4.0,2.0,2.0,nearest,759.2453880310059,384.49339207076906,374.75199596023674,0.506415182933014,355.5058664016712,0.9246085205444506,1.705634561778918,1.0000000000000002,40
49459,2023-08-24T12:00,0.2,10,4.0,2.0,2.0,logit,759.2453880310059,384.49339207076906,374.7519959602368,0.506415182933014,286.9732152362394,0.7463670927884756,1.0581264382023552,1.0000000000000002,40
49459,2023-08-24T12:00,0.2,10,4.0,2.0,2.0,coordinated,759.2453880310059,384.4933920707691,374.75199596023674,0.5064151829330141,247.5980690860738,0.6439592310093625,0.4226179656893448,1.0,40
49459,2023-08-24T12:00,0.3,15,1.0,0.5,2.0,no_choice,189.81134700775146,75.52835702896118,114.28298997879028,0.39791276032552875,0.0,0.0,0.0,1.0,5
49459,2023-08-24T12:00,0.3,15,1.0,0.5,2.0,nearest,189.81134700775146,189.81134700775146,0.0,1.0,132.57960871314975,0.6984809433323051,0.7597474962892049,1.0,15
49459,2023-08-24T12:00,0.3,15,1.0,0.5,2.0,logit,189.81134700775146,189.81134700775146,4.440892098500626e-15,1.0,145.77395697136183,0.7679939016786428,1.4019605081302058,1.0000000000000002,6
49459,2023-08-24T12:00,0.3,15,1.0,0.5,2.0,coordinated,189.81134700775146,189.81134700775146,0.0,1.0,114.28298997879028,0.6020872396744712,0.6703087871021803,1.0000000000000002,15
49459,2023-08-24T12:00,0.3,15,1.0,1.0,2.0,no_choice,189.81134700775146,75.52835702896118,114.28298997879028,0.39791276032552875,0.0,0.0,0.0,1.0,5
49459,2023-08-24T12:00,0.3,15,1.0,1.0,2.0,nearest,189.81134700775146,189.81134700775146,0.0,1.0,132.57960871314975,0.6984809433323051,0.7597474962892049,1.0,15
49459,2023-08-24T12:00,0.3,15,1.0,1.0,2.0,logit,189.81134700775146,189.81134700775146,1.509903313490213e-14,1.0,141.16059313890904,0.7436889067182288,1.02834593957001,1.0000000000000002,6
49459,2023-08-24T12:00,0.3,15,1.0,1.0,2.0,coordinated,189.81134700775146,189.81134700775146,0.0,1.0,114.28298997879028,0.6020872396744712,0.6703087871021803,1.0000000000000002,15
49459,2023-08-24T12:00,0.3,15,1.0,2.0,2.0,no_choice,189.81134700775146,75.52835702896118,114.28298997879028,0.39791276032552875,0.0,0.0,0.0,1.0,5
49459,2023-08-24T12:00,0.3,15,1.0,2.0,2.0,nearest,189.81134700775146,189.81134700775146,0.0,1.0,132.57960871314975,0.6984809433323051,0.7597474962892049,1.0,15
49459,2023-08-24T12:00,0.3,15,1.0,2.0,2.0,logit,189.81134700775146,189.81134700775146,3.774758283725532e-15,1.0,136.70139702035905,0.7201961272356203,0.9175561101530645,1.0000000000000002,6
49459,2023-08-24T12:00,0.3,15,1.0,2.0,2.0,coordinated,189.81134700775146,189.81134700775146,0.0,1.0,114.28298997879028,0.6020872396744712,0.6703087871021803,1.0000000000000002,15
49459,2023-08-24T12:00,0.3,15,2.0,0.5,2.0,no_choice,379.62269401550293,93.13871966934204,286.4839743461609,0.24534549998620067,0.0,0.0,0.0,1.0,8
49459,2023-08-24T12:00,0.3,15,2.0,0.5,2.0,nearest,379.62269401550293,321.0579956417074,58.56469837379555,0.8457291956012412,277.69540550422573,0.8649384512265091,1.6205351526899014,1.0,35
49459,2023-08-24T12:00,0.3,15,2.0,0.5,2.0,logit,379.62269401550293,321.05799564170735,58.56469837379555,0.845729195601241,268.44047046085876,0.836112085993434,1.8409350480966347,1.0000000000000004,35
49459,2023-08-24T12:00,0.3,15,2.0,0.5,2.0,coordinated,379.62269401550293,321.0579956417074,58.56469837379555,0.8457291956012412,227.91927597236534,0.7099006380975401,0.8376914295491454,1.0000000000000007,35
49459,2023-08-24T12:00,0.3,15,2.0,1.0,2.0,no_choice,379.62269401550293,93.13871966934204,286.4839743461609,0.24534549998620067,0.0,0.0,0.0,1.0,8
49459,2023-08-24T12:00,0.3,15,2.0,1.0,2.0,nearest,379.62269401550293,321.0579956417074,58.56469837379555,0.8457291956012412,277.69540550422573,0.8649384512265091,1.6205351526899014,1.0,35
49459,2023-08-24T12:00,0.3,15,2.0,1.0,2.0,logit,379.62269401550293,321.05799564170735,58.56469837379555,0.845729195601241,262.9093422966423,0.8188842697131969,1.5315174157502327,1.0000000000000004,35
49459,2023-08-24T12:00,0.3,15,2.0,1.0,2.0,coordinated,379.62269401550293,321.0579956417074,58.56469837379556,0.8457291956012412,227.91927597236534,0.7099006380975401,0.8376914295491452,1.0000000000000004,35
49459,2023-08-24T12:00,0.3,15,2.0,2.0,2.0,no_choice,379.62269401550293,93.13871966934204,286.4839743461609,0.24534549998620067,0.0,0.0,0.0,1.0,8
49459,2023-08-24T12:00,0.3,15,2.0,2.0,2.0,nearest,379.62269401550293,321.0579956417074,58.56469837379555,0.8457291956012412,277.69540550422573,0.8649384512265091,1.6205351526899014,1.0,35
49459,2023-08-24T12:00,0.3,15,2.0,2.0,2.0,logit,379.62269401550293,321.0579956417074,58.56469837379554,0.8457291956012412,257.680890720418,0.8025992008247113,1.4197515595208112,1.0000000000000004,35
49459,2023-08-24T12:00,0.3,15,2.0,2.0,2.0,coordinated,379.62269401550293,321.0579956417074,58.56469837379556,0.8457291956012412,227.91927597236534,0.7099006380975401,0.8376914295491452,1.0000000000000004,35
49459,2023-08-24T12:00,0.3,15,4.0,0.5,2.0,no_choice,759.2453880310059,98.80613304519652,660.4392549858094,0.130137284470619,0.0,0.0,0.0,1.0,10
49459,2023-08-24T12:00,0.3,15,4.0,0.5,2.0,nearest,759.2453880310059,321.0579956417074,438.18739238929845,0.4228645978006206,306.6579956417074,0.9551482903541513,1.834979558721317,1.0,35
49459,2023-08-24T12:00,0.3,15,4.0,0.5,2.0,logit,759.2453880310059,321.0579956417074,438.18739238929845,0.4228645978006206,268.44047046085876,0.8361120859934338,1.7612724542005602,1.0000000000000004,35
49459,2023-08-24T12:00,0.3,15,4.0,0.5,2.0,coordinated,759.2453880310059,321.0579956417074,438.18739238929845,0.4228645978006206,222.25186259651088,0.6922483339880385,0.4568350760455367,1.0000000000000002,35
49459,2023-08-24T12:00,0.3,15,4.0,1.0,2.0,no_choice,759.2453880310059,98.80613304519652,660.4392549858094,0.130137284470619,0.0,0.0,0.0,1.0,10
49459,2023-08-24T12:00,0.3,15,4.0,1.0,2.0,nearest,759.2453880310059,321.0579956417074,438.18739238929845,0.4228645978006206,306.6579956417074,0.9551482903541513,1.834979558721317,1.0,35
49459,2023-08-24T12:00,0.3,15,4.0,1.0,2.0,logit,759.2453880310059,321.0579956417074,438.1873923892985,0.4228645978006206,262.88542518326557,0.8188097750309232,1.3507744650474225,1.0000000000000004,35
49459,2023-08-24T12:00,0.3,15,4.0,1.0,2.0,coordinated,759.2453880310059,321.0579956417074,438.18739238929845,0.4228645978006206,222.25186259651088,0.6922483339880385,0.4568350760455367,1.0,35
49459,2023-08-24T12:00,0.3,15,4.0,2.0,2.0,no_choice,759.2453880310059,98.80613304519652,660.4392549858094,0.130137284470619,0.0,0.0,0.0,1.0,10
49459,2023-08-24T12:00,0.3,15,4.0,2.0,2.0,nearest,759.2453880310059,321.0579956417074,438.18739238929845,0.4228645978006206,306.6579956417074,0.9551482903541513,1.834979558721317,1.0,35
49459,2023-08-24T12:00,0.3,15,4.0,2.0,2.0,logit,759.2453880310059,321.0579956417074,438.1873923892985,0.4228645978006206,257.680890720418,0.8025992008247113,1.245674576523303,1.0000000000000004,35
49459,2023-08-24T12:00,0.3,15,4.0,2.0,2.0,coordinated,759.2453880310059,321.0579956417074,438.18739238929845,0.4228645978006206,222.25186259651085,0.6922483339880384,0.45683507604553675,1.0,35
49553,2023-08-28T10:00,0.1,5,1.0,0.5,2.0,no_choice,197.9076976776123,108.85162792205811,89.0560697555542,0.5500120975555749,0.0,0.0,0.0,1.0,8
49553,2023-08-28T10:00,0.1,5,1.0,0.5,2.0,nearest,197.9076976776123,197.9076976776123,0.0,1.0,150.40810213088992,0.7599911670737625,0.3925664619924051,1.0,13
49553,2023-08-28T10:00,0.1,5,1.0,0.5,2.0,logit,197.9076976776123,197.9076976776123,7.327471962526033e-15,1.0,133.9465007027953,0.6768129904729198,1.2733590124516838,1.0000000000000002,3
49553,2023-08-28T10:00,0.1,5,1.0,0.5,2.0,coordinated,197.9076976776123,197.9076976776123,3.552713678800501e-15,1.0,89.0560697555542,0.4499879024444252,0.3866074672627194,1.0,15
49553,2023-08-28T10:00,0.1,5,1.0,1.0,2.0,no_choice,197.9076976776123,108.85162792205811,89.0560697555542,0.5500120975555749,0.0,0.0,0.0,1.0,8
49553,2023-08-28T10:00,0.1,5,1.0,1.0,2.0,nearest,197.9076976776123,197.9076976776123,0.0,1.0,150.40810213088992,0.7599911670737625,0.3925664619924051,1.0,13
49553,2023-08-28T10:00,0.1,5,1.0,1.0,2.0,logit,197.9076976776123,197.9076976776123,1.2656542480726785e-14,1.0,119.45201188448112,0.6035743595939662,0.7511544584344154,1.0000000000000002,5
49553,2023-08-28T10:00,0.1,5,1.0,1.0,2.0,coordinated,197.9076976776123,197.9076976776123,3.552713678800501e-15,1.0,89.0560697555542,0.4499879024444252,0.3866074672627194,1.0,15
49553,2023-08-28T10:00,0.1,5,1.0,2.0,2.0,no_choice,197.9076976776123,108.85162792205811,89.0560697555542,0.5500120975555749,0.0,0.0,0.0,1.0,8
49553,2023-08-28T10:00,0.1,5,1.0,2.0,2.0,nearest,197.9076976776123,197.9076976776123,0.0,1.0,150.40810213088992,0.7599911670737625,0.3925664619924051,1.0,13
49553,2023-08-28T10:00,0.1,5,1.0,2.0,2.0,logit,197.9076976776123,197.90769767760293,9.394929278983e-12,0.9999999999999526,110.11263814488872,0.5563838063755622,0.5545727240768211,1.0000000000000002,7
49553,2023-08-28T10:00,0.1,5,1.0,2.0,2.0,coordinated,197.9076976776123,197.9076976776123,3.552713678800501e-15,1.0,89.0560697555542,0.4499879024444252,0.3866074672627194,1.0,15
49553,2023-08-28T10:00,0.1,5,2.0,0.5,2.0,no_choice,395.8153953552246,123.58002977752685,272.23536557769773,0.3122163291971499,0.0,0.0,0.0,1.0,12
49553,2023-08-28T10:00,0.1,5,2.0,0.5,2.0,nearest,395.8153953552246,395.8153953552246,7.105427357601002e-15,1.0,340.4248124084472,0.8600595540325886,1.0902952513898303,1.0,34
49553,2023-08-28T10:00,0.1,5,2.0,0.5,2.0,logit,395.8153953552246,395.8153953552246,2.1316282072803006e-14,1.0,312.86427769948676,0.7904297846189299,1.740107694979613,1.0000000000000002,17
49553,2023-08-28T10:00,0.1,5,2.0,0.5,2.0,coordinated,395.8153953552246,395.8153953552246,0.0,1.0,272.23536557769773,0.6877836708028501,1.0095096837618123,1.0000000000000002,35
49553,2023-08-28T10:00,0.1,5,2.0,1.0,2.0,no_choice,395.8153953552246,123.58002977752685,272.23536557769773,0.3122163291971499,0.0,0.0,0.0,1.0,12
49553,2023-08-28T10:00,0.1,5,2.0,1.0,2.0,nearest,395.8153953552246,395.8153953552246,7.105427357601002e-15,1.0,340.4248124084472,0.8600595540325886,1.0902952513898303,1.0,34
49553,2023-08-28T10:00,0.1,5,2.0,1.0,2.0,logit,395.8153953552246,395.8153953552246,1.0658141036401503e-14,1.0,301.1581125325893,0.7608549744820181,1.3596898517991893,1.0000000000000002,18
49553,2023-08-28T10:00,0.1,5,2.0,1.0,2.0,coordinated,395.8153953552246,395.8153953552246,0.0,1.0,272.23536557769773,0.6877836708028501,1.0095096837618123,1.0000000000000002,35
49553,2023-08-28T10:00,0.1,5,2.0,2.0,2.0,no_choice,395.8153953552246,123.58002977752685,272.23536557769773,0.3122163291971499,0.0,0.0,0.0,1.0,12
49553,2023-08-28T10:00,0.1,5,2.0,2.0,2.0,nearest,395.8153953552246,395.8153953552246,7.105427357601002e-15,1.0,340.4248124084472,0.8600595540325886,1.0902952513898303,1.0,34
49553,2023-08-28T10:00,0.1,5,2.0,2.0,2.0,logit,395.8153953552246,395.8153953552246,1.1102230246251565e-14,1.0,294.46922780622896,0.7439559735718655,1.1806370734638023,1.0000000000000002,22
49553,2023-08-28T10:00,0.1,5,2.0,2.0,2.0,coordinated,395.8153953552246,395.8153953552246,0.0,1.0,272.23536557769773,0.6877836708028501,1.0095096837618125,1.0000000000000002,35
49553,2023-08-28T10:00,0.1,5,4.0,0.5,2.0,no_choice,791.6307907104492,127.09362440490722,664.5371663055419,0.16054659052719136,0.0,0.0,0.0,1.0,12
49553,2023-08-28T10:00,0.1,5,4.0,0.5,2.0,nearest,791.6307907104492,476.98854840087773,314.6422423095715,0.6025391558769515,454.72575717544476,0.9533263611881883,1.7797892337609775,1.0,45
49553,2023-08-28T10:00,0.1,5,4.0,0.5,2.0,logit,791.6307907104492,476.9885484008777,314.64224230957154,0.6025391558769514,392.2200157911935,0.8222839250672287,1.7787478694183003,1.0000000000000004,45
49553,2023-08-28T10:00,0.1,5,4.0,0.5,2.0,coordinated,791.6307907104492,476.98854840087773,314.6422423095715,0.6025391558769515,349.8949239959705,0.7335499461549057,0.615405696900433,1.0000000000000024,45
49553,2023-08-28T10:00,0.1,5,4.0,1.0,2.0,no_choice,791.6307907104492,127.09362440490722,664.5371663055419,0.16054659052719136,0.0,0.0,0.0,1.0,12
49553,2023-08-28T10:00,0.1,5,4.0,1.0,2.0,nearest,791.6307907104492,476.98854840087773,314.6422423095715,0.6025391558769515,454.72575717544476,0.9533263611881883,1.7797892337609775,1.0,45
49553,2023-08-28T10:00,0.1,5,4.0,1.0,2.0,logit,791.6307907104492,476.98854840087773,314.64224230957154,0.6025391558769515,379.57116530491794,0.7957657821711752,1.4007339735210997,1.0000000000000002,45
49553,2023-08-28T10:00,0.1,5,4.0,1.0,2.0,coordinated,791.6307907104492,476.9885484008778,314.64224230957143,0.6025391558769516,349.8949239959705,0.7335499461549057,0.6154056969004331,1.0000000000000029,45
49553,2023-08-28T10:00,0.1,5,4.0,2.0,2.0,no_choice,791.6307907104492,127.09362440490722,664.5371663055419,0.16054659052719136,0.0,0.0,0.0,1.0,12
49553,2023-08-28T10:00,0.1,5,4.0,2.0,2.0,nearest,791.6307907104492,476.98854840087773,314.6422423095715,0.6025391558769515,454.72575717544476,0.9533263611881883,1.7797892337609775,1.0,45
49553,2023-08-28T10:00,0.1,5,4.0,2.0,2.0,logit,791.6307907104492,476.98854840087773,314.64224230957143,0.6025391558769515,372.2506999802466,0.7804185262481275,1.3140039809801953,1.0000000000000002,45
49553,2023-08-28T10:00,0.1,5,4.0,2.0,2.0,coordinated,791.6307907104492,476.98854840087773,314.6422423095715,0.6025391558769515,349.8949239959705,0.7335499461549057,0.6154056969004331,1.0000000000000029,45
49553,2023-08-28T10:00,0.2,10,1.0,0.5,2.0,no_choice,197.9076976776123,80.40795982360825,117.49973785400402,0.40629020885580314,0.0,0.0,0.0,1.0,8
49553,2023-08-28T10:00,0.2,10,1.0,0.5,2.0,nearest,197.9076976776123,197.9076976776123,0.0,1.0,155.98257364654535,0.7881581943348047,1.188257264638417,1.0,14
49553,2023-08-28T10:00,0.2,10,1.0,0.5,2.0,logit,197.9076976776123,197.9076976776123,1.2878587085651816e-14,1.0,156.7839848025642,0.7922076131569282,1.9971844529554166,1.0,3
49553,2023-08-28T10:00,0.2,10,1.0,0.5,2.0,coordinated,197.9076976776123,197.9076976776123,0.0,1.0,117.49973785400405,0.5937097911441969,1.173135182311009,1.0,17
49553,2023-08-28T10:00,0.2,10,1.0,1.0,2.0,no_choice,197.9076976776123,80.40795982360825,117.49973785400402,0.40629020885580314,0.0,0.0,0.0,1.0,8
49553,2023-08-28T10:00,0.2,10,1.0,1.0,2.0,nearest,197.9076976776123,197.9076976776123,0.0,1.0,155.98257364654535,0.7881581943348047,1.188257264638417,1.0,14
49553,2023-08-28T10:00,0.2,10,1.0,1.0,2.0,logit,197.9076976776123,197.9076976776123,6.217248937900877e-15,1.0,147.37250170807923,0.7446527014231963,1.5889809502425138,1.0000000000000002,5
49553,2023-08-28T10:00,0.2,10,1.0,1.0,2.0,coordinated,197.9076976776123,197.9076976776123,0.0,1.0,117.49973785400405,0.5937097911441969,1.173135182311009,1.0,17
49553,2023-08-28T10:00,0.2,10,1.0,2.0,2.0,no_choice,197.9076976776123,80.40795982360825,117.49973785400402,0.40629020885580314,0.0,0.0,0.0,1.0,8
49553,2023-08-28T10:00,0.2,10,1.0,2.0,2.0,nearest,197.9076976776123,197.9076976776123,0.0,1.0,155.98257364654535,0.7881581943348047,1.188257264638417,1.0,14
49553,2023-08-28T10:00,0.2,10,1.0,2.0,2.0,logit,197.9076976776123,197.9076976776123,1.0658141036401503e-14,1.0,143.962385643632,0.7274218604581205,1.3663748902393413,1.0000000000000002,10
49553,2023-08-28T10:00,0.2,10,1.0,2.0,2.0,coordinated,197.9076976776123,197.9076976776123,0.0,1.0,117.49973785400405,0.5937097911441969,1.173135182311009,1.0,17
49553,2023-08-28T10:00,0.2,10,2.0,0.5,2.0,no_choice,395.8153953552246,82.89332397460923,312.9220713806154,0.20942420367509101,0.0,0.0,0.0,1.0,9
49553,2023-08-28T10:00,0.2,10,2.0,0.5,2.0,nearest,395.8153953552246,395.8153953552246,0.0,1.0,359.6356660079957,0.9085944362655238,1.960023411237148,1.0,38
49553,2023-08-28T10:00,0.2,10,2.0,0.5,2.0,logit,395.8153953552246,395.8153953552246,1.4210854715202004e-14,1.0,348.58873993299915,0.8806851477319575,2.2799449807459413,1.0000000000000004,38
49553,2023-08-28T10:00,0.2,10,2.0,0.5,2.0,coordinated,395.8153953552246,395.8153953552246,0.0,1.0,312.92207138061536,0.7905757963249089,1.5903442048019978,1.0000000000000018,38
49553,2023-08-28T10:00,0.2,10,2.0,1.0,2.0,no_choice,395.8153953552246,82.89332397460923,312.9220713806154,0.20942420367509101,0.0,0.0,0.0,1.0,9
49553,2023-08-28T10:00,0.2,10,2.0,1.0,2.0,nearest,395.8153953552246,395.8153953552246,0.0,1.0,359.6356660079957,0.9085944362655238,1.960023411237148,1.0,38
49553,2023-08-28T10:00,0.2,10,2.0,1.0,2.0,logit,395.8153953552246,395.8153953552246,1.5987211554602254e-14,1.0,342.31213329951265,0.8648277386793016,1.9981839587695933,1.0000000000000004,38
49553,2023-08-28T10:00,0.2,10,2.0,1.0,2.0,coordinated,395.8153953552246,395.8153953552246,0.0,1.0,312.92207138061536,0.7905757963249089,1.5903442048019978,1.0000000000000018,38
49553,2023-08-28T10:00,0.2,10,2.0,2.0,2.0,no_choice,395.8153953552246,82.89332397460923,312.9220713806154,0.20942420367509101,0.0,0.0,0.0,1.0,9
49553,2023-08-28T10:00,0.2,10,2.0,2.0,2.0,nearest,395.8153953552246,395.8153953552246,0.0,1.0,359.6356660079957,0.9085944362655238,1.960023411237148,1.0,38
49553,2023-08-28T10:00,0.2,10,2.0,2.0,2.0,logit,395.8153953552246,395.8153953552246,0.0,1.0,339.4229536072129,0.8575284276211583,1.852301493894489,1.0000000000000004,38
49553,2023-08-28T10:00,0.2,10,2.0,2.0,2.0,coordinated,395.8153953552246,395.8153953552246,7.105427357601002e-15,1.0,312.92207138061536,0.7905757963249089,1.5903442048019978,1.0000000000000013,38
49553,2023-08-28T10:00,0.2,10,4.0,0.5,2.0,no_choice,791.6307907104492,86.4069186019896,705.2238721084595,0.10915052776616192,0.0,0.0,0.0,1.0,9
49553,2023-08-28T10:00,0.2,10,4.0,0.5,2.0,nearest,791.6307907104492,409.65030309104804,381.98048761940123,0.5174764649103748,380.6705737438192,0.9292573955674875,2.293259733580554,1.0,40
49553,2023-08-28T10:00,0.2,10,4.0,0.5,2.0,logit,791.6307907104492,409.65030309104804,381.98048761940123,0.5174764649103748,361.5926404127931,0.8826861293263251,2.4889126428452157,1.0000000000000004,40
49553,2023-08-28T10:00,0.2,10,4.0,0.5,2.0,coordinated,791.6307907104492,409.65030309104804,381.98048761940123,0.5174764649103748,323.2433844890584,0.7890715130685867,0.6126423238783975,1.0,40
49553,2023-08-28T10:00,0.2,10,4.0,1.0,2.0,no_choice,791.6307907104492,86.4069186019896,705.2238721084595,0.10915052776616192,0.0,0.0,0.0,1.0,9
49553,2023-08-28T10:00,0.2,10,4.0,1.0,2.0,nearest,791.6307907104492,409.65030309104804,381.98048761940123,0.5174764649103748,380.6705737438192,0.9292573955674875,2.293259733580554,1.0,40
49553,2023-08-28T10:00,0.2,10,4.0,1.0,2.0,logit,791.6307907104492,409.65030309104804,381.9804876194012,0.5174764649103748,355.02716218638875,0.8666590980343573,2.199074676580659,1.0000000000000004,40
49553,2023-08-28T10:00,0.2,10,4.0,1.0,2.0,coordinated,791.6307907104492,409.65030309104804,381.98048761940123,0.5174764649103748,323.2433844890584,0.7890715130685867,0.6126423238783975,1.0,40
49553,2023-08-28T10:00,0.2,10,4.0,2.0,2.0,no_choice,791.6307907104492,86.4069186019896,705.2238721084595,0.10915052776616192,0.0,0.0,0.0,1.0,9
49553,2023-08-28T10:00,0.2,10,4.0,2.0,2.0,nearest,791.6307907104492,409.65030309104804,381.98048761940123,0.5174764649103748,380.6705737438192,0.9292573955674875,2.293259733580554,1.0,40
49553,2023-08-28T10:00,0.2,10,4.0,2.0,2.0,logit,791.6307907104492,409.65030309104804,381.9804876194012,0.5174764649103748,352.9855083046689,0.8616752035606697,2.0301230032900452,1.0000000000000004,40
49553,2023-08-28T10:00,0.2,10,4.0,2.0,2.0,coordinated,791.6307907104492,409.65030309104804,381.98048761940123,0.5174764649103748,323.24338448905837,0.7890715130685866,0.6126423238783975,1.0000000000000002,40
49553,2023-08-28T10:00,0.3,15,1.0,0.5,2.0,no_choice,197.9076976776123,85.65221743392944,112.25548024368288,0.4327887112984114,0.0,0.0,0.0,1.0,9
49553,2023-08-28T10:00,0.3,15,1.0,0.5,2.0,nearest,197.9076976776123,197.9076976776123,0.0,1.0,136.36588621520997,0.6890378081066219,1.1108281915793732,1.0,17
49553,2023-08-28T10:00,0.3,15,1.0,0.5,2.0,logit,197.9076976776123,197.9076976776123,1.2656542480726785e-14,1.0,147.71023057402084,0.7463591982896889,1.724846708745805,1.0000000000000002,7
49553,2023-08-28T10:00,0.3,15,1.0,0.5,2.0,coordinated,197.9076976776123,197.9076976776123,3.552713678800501e-15,1.0,112.25548024368288,0.5672112887015887,1.1083286606832878,1.0000000000000002,18
49553,2023-08-28T10:00,0.3,15,1.0,1.0,2.0,no_choice,197.9076976776123,85.65221743392944,112.25548024368288,0.4327887112984114,0.0,0.0,0.0,1.0,9
49553,2023-08-28T10:00,0.3,15,1.0,1.0,2.0,nearest,197.9076976776123,197.9076976776123,0.0,1.0,136.36588621520997,0.6890378081066219,1.1108281915793732,1.0,17
49553,2023-08-28T10:00,0.3,15,1.0,1.0,2.0,logit,197.9076976776123,197.9076976776123,7.327471962526033e-15,1.0,142.49915013690764,0.7200283354770561,1.4284056802302194,1.0000000000000002,9
49553,2023-08-28T10:00,0.3,15,1.0,1.0,2.0,coordinated,197.9076976776123,197.9076976776123,3.552713678800501e-15,1.0,112.25548024368288,0.5672112887015887,1.1083286606832878,1.0000000000000002,18
49553,2023-08-28T10:00,0.3,15,1.0,2.0,2.0,no_choice,197.9076976776123,85.65221743392944,112.25548024368288,0.4327887112984114,0.0,0.0,0.0,1.0,9
49553,2023-08-28T10:00,0.3,15,1.0,2.0,2.0,nearest,197.9076976776123,197.9076976776123,0.0,1.0,136.36588621520997,0.6890378081066219,1.1108281915793732,1.0,17
49553,2023-08-28T10:00,0.3,15,1.0,2.0,2.0,logit,197.9076976776123,197.9076976776123,3.774758283725532e-15,1.0,138.13054100821455,0.6979543627111788,1.3191853701342238,1.0000000000000002,10
49553,2023-08-28T10:00,0.3,15,1.0,2.0,2.0,coordinated,197.9076976776123,197.9076976776123,3.552713678800501e-15,1.0,112.25548024368288,0.5672112887015887,1.1083286606832878,1.0000000000000002,18
49553,2023-08-28T10:00,0.3,15,2.0,0.5,2.0,no_choice,395.8153953552246,86.38078427124022,309.4346110839844,0.2182350289677787,0.0,0.0,0.0,1.0,10
49553,2023-08-28T10:00,0.3,15,2.0,0.5,2.0,nearest,395.8153953552246,323.54077979278475,72.27461556243988,0.8174032227888028,286.9812232513428,0.8870017048087201,2.3659240399562367,1.0000000000000002,35
49553,2023-08-28T10:00,0.3,15,2.0,0.5,2.0,logit,395.8153953552246,323.54077979278475,72.27461556243988,0.8174032227888028,271.4667729135273,0.8390496341369739,2.048777506512407,1.0000000000000002,35
49553,2023-08-28T10:00,0.3,15,2.0,0.5,2.0,coordinated,395.8153953552246,323.54077979278475,72.27461556243989,0.8174032227888028,237.15999552154452,0.7330142298397013,0.9600761830721226,1.0,35
49553,2023-08-28T10:00,0.3,15,2.0,1.0,2.0,no_choice,395.8153953552246,86.38078427124022,309.4346110839844,0.2182350289677787,0.0,0.0,0.0,1.0,10
49553,2023-08-28T10:00,0.3,15,2.0,1.0,2.0,nearest,395.8153953552246,323.54077979278475,72.27461556243988,0.8174032227888028,286.9812232513428,0.8870017048087201,2.3659240399562367,1.0000000000000002,35
49553,2023-08-28T10:00,0.3,15,2.0,1.0,2.0,logit,395.8153953552246,323.54077979278475,72.27461556243988,0.8174032227888028,267.0359399415214,0.8253548134258301,1.7792928596632032,1.0000000000000004,35
49553,2023-08-28T10:00,0.3,15,2.0,1.0,2.0,coordinated,395.8153953552246,323.54077979278475,72.27461556243989,0.8174032227888028,237.15999552154452,0.7330142298397013,0.9600761830721226,1.0,35
49553,2023-08-28T10:00,0.3,15,2.0,2.0,2.0,no_choice,395.8153953552246,86.38078427124022,309.4346110839844,0.2182350289677787,0.0,0.0,0.0,1.0,10
49553,2023-08-28T10:00,0.3,15,2.0,2.0,2.0,nearest,395.8153953552246,323.54077979278475,72.27461556243988,0.8174032227888028,286.9812232513428,0.8870017048087201,2.3659240399562367,1.0000000000000002,35
49553,2023-08-28T10:00,0.3,15,2.0,2.0,2.0,logit,395.8153953552246,323.54077979278475,72.27461556243986,0.8174032227888028,263.2137184446743,0.813541089358975,1.6793941826496035,1.0000000000000004,35
49553,2023-08-28T10:00,0.3,15,2.0,2.0,2.0,coordinated,395.8153953552246,323.54077979278475,72.27461556243989,0.8174032227888028,237.15999552154452,0.7330142298397013,0.9600761830721226,1.0,35
49553,2023-08-28T10:00,0.3,15,4.0,0.5,2.0,no_choice,791.6307907104492,86.38078427124022,705.2500064392088,0.10911751448388934,0.0,0.0,0.0,1.0,10
49553,2023-08-28T10:00,0.3,15,4.0,0.5,2.0,nearest,791.6307907104492,323.54077979278475,468.0900109176645,0.4087016113944014,287.55999552154447,0.8887905744237726,2.40024951278368,1.0,35
49553,2023-08-28T10:00,0.3,15,4.0,0.5,2.0,logit,791.6307907104492,323.54077979278475,468.0900109176645,0.4087016113944014,271.4667729135273,0.8390496341369739,1.9295828973905222,1.0000000000000002,35
49553,2023-08-28T10:00,0.3,15,4.0,0.5,2.0,coordinated,791.6307907104492,323.5407797927847,468.09001091766453,0.40870161139440137,237.15999552154446,0.7330142298397013,0.4972979568769615,1.0000000000000062,35
49553,2023-08-28T10:00,0.3,15,4.0,1.0,2.0,no_choice,791.6307907104492,86.38078427124022,705.2500064392088,0.10911751448388934,0.0,0.0,0.0,1.0,10
49553,2023-08-28T10:00,0.3,15,4.0,1.0,2.0,nearest,791.6307907104492,323.54077979278475,468.0900109176645,0.4087016113944014,287.55999552154447,0.8887905744237726,2.40024951278368,1.0,35
49553,2023-08-28T10:00,0.3,15,4.0,1.0,2.0,logit,791.6307907104492,323.54077979278475,468.0900109176645,0.4087016113944014,267.0359399415214,0.8253548134258301,1.4673231400104585,1.0000000000000004,35
49553,2023-08-28T10:00,0.3,15,4.0,1.0,2.0,coordinated,791.6307907104492,323.5407797927847,468.09001091766453,0.40870161139440137,237.1599955215445,0.7330142298397013,0.4972979568769616,1.0000000000000022,35
49553,2023-08-28T10:00,0.3,15,4.0,2.0,2.0,no_choice,791.6307907104492,86.38078427124022,705.2500064392088,0.10911751448388934,0.0,0.0,0.0,1.0,10
49553,2023-08-28T10:00,0.3,15,4.0,2.0,2.0,nearest,791.6307907104492,323.54077979278475,468.0900109176645,0.4087016113944014,287.55999552154447,0.8887905744237726,2.40024951278368,1.0,35
49553,2023-08-28T10:00,0.3,15,4.0,2.0,2.0,logit,791.6307907104492,323.54077979278475,468.0900109176645,0.4087016113944014,263.2137184446743,0.813541089358975,1.3813309550537263,1.0000000000000002,35
49553,2023-08-28T10:00,0.3,15,4.0,2.0,2.0,coordinated,791.6307907104492,323.54077979278463,468.09001091766453,0.4087016113944013,237.15999552154443,0.7330142298397013,0.49729795687696143,1.0000000000000062,35
49846,2023-09-09T15:00,0.1,5,1.0,0.5,2.0,no_choice,30.41227789223194,18.747309878468513,11.664968013763428,0.6164388588352682,0.0,0.0,0.0,0.8554736110899184,0
49846,2023-09-09T15:00,0.1,5,1.0,0.5,2.0,nearest,30.41227789223194,30.41227789223194,0.0,1.0,21.057606548070908,0.6924047788426118,0.41456077754058945,0.8921220016635124,0
49846,2023-09-09T15:00,0.1,5,1.0,0.5,2.0,logit,30.41227789223194,30.41227789223194,1.942890293094024e-16,1.0,25.150597793900015,0.8269882934459214,1.4961975330985746,0.2856738325755147,0
49846,2023-09-09T15:00,0.1,5,1.0,0.5,2.0,coordinated,30.41227789223194,30.41227789223194,0.0,1.0,11.664968013763428,0.3835611411647318,0.41456077754058945,0.8554736110899184,0
49846,2023-09-09T15:00,0.1,5,1.0,1.0,2.0,no_choice,30.41227789223194,18.747309878468513,11.664968013763428,0.6164388588352682,0.0,0.0,0.0,0.8554736110899184,0
49846,2023-09-09T15:00,0.1,5,1.0,1.0,2.0,nearest,30.41227789223194,30.41227789223194,0.0,1.0,21.057606548070908,0.6924047788426118,0.41456077754058945,0.8921220016635124,0
49846,2023-09-09T15:00,0.1,5,1.0,1.0,2.0,logit,30.41227789223194,30.41227789223194,1.4432899320127035e-15,1.0,23.240451224832125,0.7641798916604112,1.0095434913714332,0.3634214212507075,0
49846,2023-09-09T15:00,0.1,5,1.0,1.0,2.0,coordinated,30.41227789223194,30.41227789223194,0.0,1.0,11.664968013763428,0.3835611411647318,0.41456077754058945,0.8554736110899184,0
49846,2023-09-09T15:00,0.1,5,1.0,2.0,2.0,no_choice,30.41227789223194,18.747309878468513,11.664968013763428,0.6164388588352682,0.0,0.0,0.0,0.8554736110899184,0
49846,2023-09-09T15:00,0.1,5,1.0,2.0,2.0,nearest,30.41227789223194,30.41227789223194,0.0,1.0,21.057606548070908,0.6924047788426118,0.41456077754058945,0.8921220016635124,0
49846,2023-09-09T15:00,0.1,5,1.0,2.0,2.0,logit,30.41227789223194,30.412277892231938,1.27675647831893e-15,0.9999999999999999,20.97156085374151,0.6895754710665122,0.6623889355704661,0.46404032610065715,0
49846,2023-09-09T15:00,0.1,5,1.0,2.0,2.0,coordinated,30.41227789223194,30.41227789223194,0.0,1.0,11.664968013763428,0.3835611411647318,0.41456077754058945,0.8554736110899184,0
49846,2023-09-09T15:00,0.1,5,2.0,0.5,2.0,no_choice,60.82455578446388,27.705336385965346,33.11921939849854,0.45549590997657535,0.0,0.0,0.0,1.0,2
49846,2023-09-09T15:00,0.1,5,2.0,0.5,2.0,nearest,60.82455578446388,60.82455578446388,0.0,1.0,45.431069726467115,0.7469198770222889,0.43193731248270956,1.0,4
49846,2023-09-09T15:00,0.1,5,2.0,0.5,2.0,logit,60.82455578446388,60.82455578446388,3.885780586188048e-16,1.0,50.30119558780003,0.8269882934459214,1.4961975330985746,0.5713476651510294,0
49846,2023-09-09T15:00,0.1,5,2.0,0.5,2.0,coordinated,60.82455578446388,60.82455578446388,0.0,1.0,33.11921939849854,0.5445040900234247,0.43193731248270956,1.0,3
49846,2023-09-09T15:00,0.1,5,2.0,1.0,2.0,no_choice,60.82455578446388,27.705336385965346,33.11921939849854,0.45549590997657535,0.0,0.0,0.0,1.0,2
49846,2023-09-09T15:00,0.1,5,2.0,1.0,2.0,nearest,60.82455578446388,60.82455578446388,0.0,1.0,45.431069726467115,0.7469198770222889,0.43193731248270956,1.0,4
49846,2023-09-09T15:00,0.1,5,2.0,1.0,2.0,logit,60.82455578446388,60.82455578446388,2.886579864025407e-15,1.0,46.48090244966425,0.7641798916604112,1.0095434913714332,0.726842842501415,0
49846,2023-09-09T15:00,0.1,5,2.0,1.0,2.0,coordinated,60.82455578446388,60.82455578446388,0.0,1.0,33.11921939849854,0.5445040900234247,0.43193731248270956,1.0,3
49846,2023-09-09T15:00,0.1,5,2.0,2.0,2.0,no_choice,60.82455578446388,27.705336385965346,33.11921939849854,0.45549590997657535,0.0,0.0,0.0,1.0,2
49846,2023-09-09T15:00,0.1,5,2.0,2.0,2.0,nearest,60.82455578446388,60.82455578446388,0.0,1.0,45.431069726467115,0.7469198770222889,0.43193731248270956,1.0,4
49846,2023-09-09T15:00,0.1,5,2.0,2.0,2.0,logit,60.82455578446388,60.824555784463875,2.55351295663786e-15,0.9999999999999999,41.94312170748302,0.6895754710665122,0.6623889355704661,0.9280806522013143,0
49846,2023-09-09T15:00,0.1,5,2.0,2.0,2.0,coordinated,60.82455578446388,60.82455578446388,0.0,1.0,33.11921939849854,0.5445040900234247,0.43193731248270956,1.0,3
49846,2023-09-09T15:00,0.1,5,4.0,0.5,2.0,no_choice,121.64911156892776,36.08908978700637,85.56002178192138,0.2966654611904657,0.0,0.0,0.0,1.0,3
49846,2023-09-09T15:00,0.1,5,4.0,0.5,2.0,nearest,121.64911156892776,121.64911156892776,0.0,1.0,104.31093515872969,0.857473875587048,0.543353810855954,1.0,10
49846,2023-09-09T15:00,0.1,5,4.0,0.5,2.0,logit,121.64911156892776,121.64911156892775,1.887379141862766e-14,0.9999999999999999,102.04955164400924,0.8388844795318281,1.511403971820101,1.0,2
49846,2023-09-09T15:00,0.1,5,4.0,0.5,2.0,coordinated,121.64911156892776,121.64911156892776,0.0,1.0,85.56002178192139,0.7033345388095343,0.487557628552681,1.0,10
49846,2023-09-09T15:00,0.1,5,4.0,1.0,2.0,no_choice,121.64911156892776,36.08908978700637,85.56002178192138,0.2966654611904657,0.0,0.0,0.0,1.0,3
49846,2023-09-09T15:00,0.1,5,4.0,1.0,2.0,nearest,121.64911156892776,121.64911156892776,0.0,1.0,104.31093515872969,0.857473875587048,0.543353810855954,1.0,10
49846,2023-09-09T15:00,0.1,5,4.0,1.0,2.0,logit,121.64911156892776,121.64911156892776,1.6209256159527285e-14,1.0,97.6606806909374,0.8028063619322181,1.034552520390794,1.0,2
49846,2023-09-09T15:00,0.1,5,4.0,1.0,2.0,coordinated,121.64911156892776,121.64911156892776,0.0,1.0,85.56002178192139,0.7033345388095343,0.487557628552681,1.0,10
49846,2023-09-09T15:00,0.1,5,4.0,2.0,2.0,no_choice,121.64911156892776,36.08908978700637,85.56002178192138,0.2966654611904657,0.0,0.0,0.0,1.0,3
49846,2023-09-09T15:00,0.1,5,4.0,2.0,2.0,nearest,121.64911156892776,121.64911156892776,0.0,1.0,104.31093515872969,0.857473875587048,0.543353810855954,1.0,10
49846,2023-09-09T15:00,0.1,5,4.0,2.0,2.0,logit,121.64911156892776,121.64911156892776,1.9984014443252818e-15,1.0,93.40529371708348,0.767825531254776,0.6952227661464505,1.0000000000000002,3
49846,2023-09-09T15:00,0.1,5,4.0,2.0,2.0,coordinated,121.64911156892776,121.64911156892776,0.0,1.0,85.56002178192139,0.7033345388095343,0.487557628552681,1.0,10
49846,2023-09-09T15:00,0.2,10,1.0,0.5,2.0,no_choice,30.41227789223194,24.63817772269249,5.774100169539452,0.8101391750397525,0.0,0.0,0.0,0.8554736110899184,0
49846,2023-09-09T15:00,0.2,10,1.0,0.5,2.0,nearest,30.41227789223194,30.41227789223194,0.0,1.0,15.166738703846931,0.4987044626381274,0.2802290196611319,0.8554736110899184,0
49846,2023-09-09T15:00,0.2,10,1.0,0.5,2.0,logit,30.41227789223194,30.41227789223194,1.7763568394002505e-15,1.0,21.180492455473363,0.696445446491313,1.1567904439025927,0.30023278250891305,0
49846,2023-09-09T15:00,0.2,10,1.0,0.5,2.0,coordinated,30.41227789223194,30.41227789223194,0.0,1.0,5.774100169539452,0.18986082496024745,0.2802290196611319,0.8554736110899184,0
49846,2023-09-09T15:00,0.2,10,1.0,1.0,2.0,no_choice,30.41227789223194,24.63817772269249,5.774100169539452,0.8101391750397525,0.0,0.0,0.0,0.8554736110899184,0
49846,2023-09-09T15:00,0.2,10,1.0,1.0,2.0,nearest,30.41227789223194,30.41227789223194,0.0,1.0,15.166738703846931,0.4987044626381274,0.2802290196611319,0.8554736110899184,0
49846,2023-09-09T15:00,0.2,10,1.0,1.0,2.0,logit,30.41227789223194,30.41227789223194,1.8318679906315083e-15,1.0,17.99545071356438,0.5917166342268914,0.7194572655631515,0.3542050938649359,0
49846,2023-09-09T15:00,0.2,10,1.0,1.0,2.0,coordinated,30.41227789223194,30.41227789223194,0.0,1.0,5.774100169539452,0.18986082496024745,0.2802290196611319,0.8554736110899184,0
49846,2023-09-09T15:00,0.2,10,1.0,2.0,2.0,no_choice,30.41227789223194,24.63817772269249,5.774100169539452,0.8101391750397525,0.0,0.0,0.0,0.8554736110899184,0
49846,2023-09-09T15:00,0.2,10,1.0,2.0,2.0,nearest,30.41227789223194,30.41227789223194,0.0,1.0,15.166738703846931,0.4987044626381274,0.2802290196611319,0.8554736110899184,0
49846,2023-09-09T15:00,0.2,10,1.0,2.0,2.0,logit,30.41227789223194,30.412277892231938,3.83026943495679e-15,0.9999999999999999,14.987736552965394,0.4928186111568328,0.5141939907067252,0.420042984062123,0
49846,2023-09-09T15:00,0.2,10,1.0,2.0,2.0,coordinated,30.41227789223194,30.41227789223194,0.0,1.0,5.774100169539452,0.18986082496024745,0.2802290196611319,0.8554736110899184,0
49846,2023-09-09T15:00,0.2,10,2.0,0.5,2.0,no_choice,60.82455578446388,39.4870720744133,21.337483710050584,0.6491962261810597,0.0,0.0,0.0,1.0,2
49846,2023-09-09T15:00,0.2,10,2.0,0.5,2.0,nearest,60.82455578446388,60.82455578446388,0.0,1.0,37.81875110268593,0.6217678142475771,0.297605554603252,1.0,2
49846,2023-09-09T15:00,0.2,10,2.0,0.5,2.0,logit,60.82455578446388,60.82455578446388,3.552713678800501e-15,1.0,42.360984910946726,0.696445446491313,1.1567904439025927,0.6004655650178261,0
49846,2023-09-09T15:00,0.2,10,2.0,0.5,2.0,coordinated,60.82455578446388,60.82455578446388,0.0,1.0,21.337483710050584,0.3508037738189403,0.297605554603252,1.0,2
49846,2023-09-09T15:00,0.2,10,2.0,1.0,2.0,no_choice,60.82455578446388,39.4870720744133,21.337483710050584,0.6491962261810597,0.0,0.0,0.0,1.0,2
49846,2023-09-09T15:00,0.2,10,2.0,1.0,2.0,nearest,60.82455578446388,60.82455578446388,0.0,1.0,37.81875110268593,0.6217678142475771,0.297605554603252,1.0,2
49846,2023-09-09T15:00,0.2,10,2.0,1.0,2.0,logit,60.82455578446388,60.82455578446388,3.6637359812630166e-15,1.0,35.99090142712876,0.5917166342268914,0.7194572655631515,0.7084101877298719,0
49846,2023-09-09T15:00,0.2,10,2.0,1.0,2.0,coordinated,60.82455578446388,60.82455578446388,0.0,1.0,21.337483710050584,0.3508037738189403,0.297605554603252,1.0,2
49846,2023-09-09T15:00,0.2,10,2.0,2.0,2.0,no_choice,60.82455578446388,39.4870720744133,21.337483710050584,0.6491962261810597,0.0,0.0,0.0,1.0,2
49846,2023-09-09T15:00,0.2,10,2.0,2.0,2.0,nearest,60.82455578446388,60.82455578446388,0.0,1.0,37.81875110268593,0.6217678142475771,0.297605554603252,1.0,2
49846,2023-09-09T15:00,0.2,10,2.0,2.0,2.0,logit,60.82455578446388,60.824555784463875,7.66053886991358e-15,0.9999999999999999,29.97547310593079,0.4928186111568328,0.5141939907067252,0.840085968124246,0
49846,2023-09-09T15:00,0.2,10,2.0,2.0,2.0,coordinated,60.82455578446388,60.82455578446388,0.0,1.0,21.337483710050584,0.3508037738189403,0.297605554603252,1.0,2
49846,2023-09-09T15:00,0.2,10,4.0,0.5,2.0,no_choice,121.64911156892776,49.01356542110443,72.63554614782333,0.40290935781584225,0.0,0.0,0.0,1.0,4
49846,2023-09-09T15:00,0.2,10,4.0,0.5,2.0,nearest,121.64911156892776,121.64911156892776,0.0,1.0,83.63333197832108,0.6874964469504858,0.5054953601229032,1.0,9
49846,2023-09-09T15:00,0.2,10,4.0,0.5,2.0,logit,121.64911156892776,121.64911156892776,1.4432899320127035e-14,1.0,87.79270718766284,0.7216880259574975,1.194935796065438,1.0,3
49846,2023-09-09T15:00,0.2,10,4.0,0.5,2.0,coordinated,121.64911156892776,121.64911156892776,0.0,1.0,72.63554614782333,0.5970906421841577,0.4919845338659801,1.0000000000000002,10
49846,2023-09-09T15:00,0.2,10,4.0,1.0,2.0,no_choice,121.64911156892776,49.01356542110443,72.63554614782333,0.40290935781584225,0.0,0.0,0.0,1.0,4
49846,2023-09-09T15:00,0.2,10,4.0,1.0,2.0,nearest,121.64911156892776,121.64911156892776,0.0,1.0,83.63333197832108,0.6874964469504858,0.5054953601229032,1.0,9
49846,2023-09-09T15:00,0.2,10,4.0,1.0,2.0,logit,121.64911156892776,121.64911156892776,1.2878587085651816e-14,1.0,83.23753171441939,0.6842428246362988,0.8514097794387114,1.0,3
49846,2023-09-09T15:00,0.2,10,4.0,1.0,2.0,coordinated,121.64911156892776,121.64911156892776,0.0,1.0,72.63554614782333,0.5970906421841577,0.4919845338659801,1.0000000000000002,10
49846,2023-09-09T15:00,0.2,10,4.0,2.0,2.0,no_choice,121.64911156892776,49.01356542110443,72.63554614782333,0.40290935781584225,0.0,0.0,0.0,1.0,4
49846,2023-09-09T15:00,0.2,10,4.0,2.0,2.0,nearest,121.64911156892776,121.64911156892776,0.0,1.0,83.63333197832108,0.6874964469504858,0.5054953601229032,1.0,9
49846,2023-09-09T15:00,0.2,10,4.0,2.0,2.0,logit,121.64911156892776,121.64911156892776,5.995204332975845e-15,1.0,79.04128315780767,0.6497481332859713,0.7033507336722048,1.0000000000000002,4
49846,2023-09-09T15:00,0.2,10,4.0,2.0,2.0,coordinated,121.64911156892776,121.64911156892776,0.0,1.0,72.63554614782333,0.5970906421841577,0.4919845338659801,1.0000000000000002,10
49846,2023-09-09T15:00,0.3,15,1.0,0.5,2.0,no_choice,30.41227789223194,17.640053123235703,12.772224768996239,0.5800306437335763,0.0,0.0,0.0,0.8554736110899184,0
49846,2023-09-09T15:00,0.3,15,1.0,0.5,2.0,nearest,30.41227789223194,30.41227789223194,0.0,1.0,16.431507018208503,0.540291887257992,0.6947897972017213,1.0,1
49846,2023-09-09T15:00,0.3,15,1.0,0.5,2.0,logit,30.41227789223194,30.41227789223194,8.881784197001252e-16,1.0,24.296520657418185,0.7989049930266527,1.585390523971488,0.4104593549744651,0
49846,2023-09-09T15:00,0.3,15,1.0,0.5,2.0,coordinated,30.41227789223194,30.41227789223194,0.0,1.0,12.772224768996239,0.41996935626642373,0.6947897972017213,0.9719617499245538,0
49846,2023-09-09T15:00,0.3,15,1.0,1.0,2.0,no_choice,30.41227789223194,17.640053123235703,12.772224768996239,0.5800306437335763,0.0,0.0,0.0,0.8554736110899184,0
49846,2023-09-09T15:00,0.3,15,1.0,1.0,2.0,nearest,30.41227789223194,30.41227789223194,0.0,1.0,16.431507018208503,0.540291887257992,0.6947897972017213,1.0,1
49846,2023-09-09T15:00,0.3,15,1.0,1.0,2.0,logit,30.41227789223194,30.41227789223194,0.0,1.0,22.494475395716407,0.7396511197032716,1.1715157120916215,0.5234871864553684,0
49846,2023-09-09T15:00,0.3,15,1.0,1.0,2.0,coordinated,30.41227789223194,30.41227789223194,0.0,1.0,12.772224768996239,0.41996935626642373,0.6947897972017213,0.9719617499245538,0
49846,2023-09-09T15:00,0.3,15,1.0,2.0,2.0,no_choice,30.41227789223194,17.640053123235703,12.772224768996239,0.5800306437335763,0.0,0.0,0.0,0.8554736110899184,0
49846,2023-09-09T15:00,0.3,15,1.0,2.0,2.0,nearest,30.41227789223194,30.41227789223194,0.0,1.0,16.431507018208503,0.540291887257992,0.6947897972017213,1.0,1
49846,2023-09-09T15:00,0.3,15,1.0,2.0,2.0,logit,30.41227789223194,30.41227789223194,9.43689570931383e-16,1.0,20.282360142278446,0.6669135476846036,0.9858967755868572,0.6560057942220806,0
49846,2023-09-09T15:00,0.3,15,1.0,2.0,2.0,coordinated,30.41227789223194,30.41227789223194,0.0,1.0,12.772224768996239,0.41996935626642373,0.6947897972017213,0.9719617499245538,0
49846,2023-09-09T15:00,0.3,15,2.0,0.5,2.0,no_choice,60.82455578446388,25.490822875499724,35.33373290896416,0.4190876948748834,0.0,0.0,0.0,1.0,2
49846,2023-09-09T15:00,0.3,15,2.0,0.5,2.0,nearest,60.82455578446388,60.82455578446388,0.0,1.0,51.815000301599504,0.8518763455537534,0.8086051052215733,1.0,6
49846,2023-09-09T15:00,0.3,15,2.0,0.5,2.0,logit,60.82455578446388,60.82455578446388,1.7763568394002505e-15,1.0,48.59304131483637,0.7989049930266527,1.585390523971488,0.8209187099489302,0
49846,2023-09-09T15:00,0.3,15,2.0,0.5,2.0,coordinated,60.82455578446388,60.82455578446388,0.0,1.0,35.33373290896416,0.5809123051251166,0.7353169607765931,1.0,4
49846,2023-09-09T15:00,0.3,15,2.0,1.0,2.0,no_choice,60.82455578446388,25.490822875499724,35.33373290896416,0.4190876948748834,0.0,0.0,0.0,1.0,2
49846,2023-09-09T15:00,0.3,15,2.0,1.0,2.0,nearest,60.82455578446388,60.82455578446388,0.0,1.0,51.815000301599504,0.8518763455537534,0.8086051052215733,1.0,6
49846,2023-09-09T15:00,0.3,15,2.0,1.0,2.0,logit,60.82455578446388,60.82455578446389,2.4424906541753444e-15,1.0000000000000002,45.33163980976162,0.7452851767696831,1.1760467053892618,1.0000000000000002,2
49846,2023-09-09T15:00,0.3,15,2.0,1.0,2.0,coordinated,60.82455578446388,60.82455578446388,0.0,1.0,35.33373290896416,0.5809123051251166,0.7353169607765931,1.0,4
49846,2023-09-09T15:00,0.3,15,2.0,2.0,2.0,no_choice,60.82455578446388,25.490822875499724,35.33373290896416,0.4190876948748834,0.0,0.0,0.0,1.0,2
49846,2023-09-09T15:00,0.3,15,2.0,2.0,2.0,nearest,60.82455578446388,60.82455578446388,0.0,1.0,51.815000301599504,0.8518763455537534,0.8086051052215733,1.0,6
49846,2023-09-09T15:00,0.3,15,2.0,2.0,2.0,logit,60.82455578446388,60.82455578446388,3.885780586188048e-15,1.0,43.50203489078815,0.7152051392687633,1.0104449119447756,0.9999999999999999,2
49846,2023-09-09T15:00,0.3,15,2.0,2.0,2.0,coordinated,60.82455578446388,60.82455578446388,0.0,1.0,35.33373290896416,0.5809123051251166,0.7353169607765931,1.0,4
49846,2023-09-09T15:00,0.3,15,4.0,0.5,2.0,no_choice,121.64911156892776,31.660062766075132,89.98904880285262,0.2602572460887738,0.0,0.0,0.0,1.0,3
49846,2023-09-09T15:00,0.3,15,4.0,0.5,2.0,nearest,121.64911156892776,121.64911156892776,0.0,1.0,108.18683463335037,0.8893351808167582,0.9322675940923457,1.0,11
49846,2023-09-09T15:00,0.3,15,4.0,0.5,2.0,logit,121.64911156892776,121.64911156892776,8.881784197001252e-16,1.0,103.70827566338805,0.8525197950551885,1.6706165178353378,1.0000000000000002,2
49846,2023-09-09T15:00,0.3,15,4.0,0.5,2.0,coordinated,121.64911156892776,121.64911156892776,0.0,1.0,89.98904880285264,0.7397427539112262,0.9021401436111592,1.0000000000000002,11
49846,2023-09-09T15:00,0.3,15,4.0,1.0,2.0,no_choice,121.64911156892776,31.660062766075132,89.98904880285262,0.2602572460887738,0.0,0.0,0.0,1.0,3
49846,2023-09-09T15:00,0.3,15,4.0,1.0,2.0,nearest,121.64911156892776,121.64911156892776,0.0,1.0,108.18683463335037,0.8893351808167582,0.9322675940923457,1.0,11
49846,2023-09-09T15:00,0.3,15,4.0,1.0,2.0,logit,121.64911156892776,121.64911156892776,1.2212453270876722e-14,1.0,101.12602125969859,0.8312927234359574,1.2430615160366212,1.0000000000000002,2
49846,2023-09-09T15:00,0.3,15,4.0,1.0,2.0,coordinated,121.64911156892776,121.64911156892776,0.0,1.0,89.98904880285264,0.7397427539112262,0.9021401436111592,1.0000000000000002,11
49846,2023-09-09T15:00,0.3,15,4.0,2.0,2.0,no_choice,121.64911156892776,31.660062766075132,89.98904880285262,0.2602572460887738,0.0,0.0,0.0,1.0,3
49846,2023-09-09T15:00,0.3,15,4.0,2.0,2.0,nearest,121.64911156892776,121.64911156892776,0.0,1.0,108.18683463335037,0.8893351808167582,0.9322675940923457,1.0,11
49846,2023-09-09T15:00,0.3,15,4.0,2.0,2.0,logit,121.64911156892776,121.64911156892776,1.0658141036401503e-14,1.0,98.29486275372366,0.8080195694485502,1.069281058736687,1.0,4
49846,2023-09-09T15:00,0.3,15,4.0,2.0,2.0,coordinated,121.64911156892776,121.64911156892776,0.0,1.0,89.98904880285264,0.7397427539112262,0.9021401436111592,1.0000000000000002,11
50168,2023-09-23T01:00,0.1,5,1.0,0.5,2.0,no_choice,8.444974184036255,8.444974184036255,0.0,1.0,0.0,0.0,0.0,0.44699188735749984,0
50168,2023-09-23T01:00,0.1,5,1.0,0.5,2.0,nearest,8.444974184036255,8.444974184036255,0.0,1.0,8.444974184036255,1.0,0.0,0.44699188735749984,0
50168,2023-09-23T01:00,0.1,5,1.0,0.5,2.0,logit,8.444974184036255,8.444974184036255,1.3322676295501878e-15,1.0,3.989010810382839,0.4723532273104358,1.0155030788945678,0.24964505620351407,0
50168,2023-09-23T01:00,0.1,5,1.0,0.5,2.0,coordinated,8.444974184036255,8.444974184036255,0.0,1.0,0.0,0.0,0.0,0.44699188735749984,0
50168,2023-09-23T01:00,0.1,5,1.0,1.0,2.0,no_choice,8.444974184036255,8.444974184036255,0.0,1.0,0.0,0.0,0.0,0.44699188735749984,0
50168,2023-09-23T01:00,0.1,5,1.0,1.0,2.0,nearest,8.444974184036255,8.444974184036255,0.0,1.0,8.444974184036255,1.0,0.0,0.44699188735749984,0
50168,2023-09-23T01:00,0.1,5,1.0,1.0,2.0,logit,8.444974184036255,8.444974184036255,1.7763568394002505e-15,1.0,2.8514505812487823,0.337650597753034,0.17682624543277262,0.3105378670767669,0
50168,2023-09-23T01:00,0.1,5,1.0,1.0,2.0,coordinated,8.444974184036255,8.444974184036255,0.0,1.0,0.0,0.0,0.0,0.44699188735749984,0
50168,2023-09-23T01:00,0.1,5,1.0,2.0,2.0,no_choice,8.444974184036255,8.444974184036255,0.0,1.0,0.0,0.0,0.0,0.44699188735749984,0
50168,2023-09-23T01:00,0.1,5,1.0,2.0,2.0,nearest,8.444974184036255,8.444974184036255,0.0,1.0,8.444974184036255,1.0,0.0,0.44699188735749984,0
50168,2023-09-23T01:00,0.1,5,1.0,2.0,2.0,logit,8.444974184036255,8.444974184036257,0.0,1.0000000000000002,2.563511146751418,0.30355464574388946,0.03003553144825843,0.31845991936280277,0
50168,2023-09-23T01:00,0.1,5,1.0,2.0,2.0,coordinated,8.444974184036255,8.444974184036255,0.0,1.0,0.0,0.0,0.0,0.44699188735749984,0
50168,2023-09-23T01:00,0.1,5,2.0,0.5,2.0,no_choice,16.88994836807251,16.88994836807251,0.0,1.0,0.0,0.0,0.0,0.8939837747149997,0
50168,2023-09-23T01:00,0.1,5,2.0,0.5,2.0,nearest,16.88994836807251,16.88994836807251,0.0,1.0,16.88994836807251,1.0,0.0,0.8939837747149997,0
50168,2023-09-23T01:00,0.1,5,2.0,0.5,2.0,logit,16.88994836807251,16.88994836807251,2.6645352591003757e-15,1.0,7.978021620765678,0.4723532273104358,1.0155030788945678,0.49929011240702814,0
50168,2023-09-23T01:00,0.1,5,2.0,0.5,2.0,coordinated,16.88994836807251,16.88994836807251,0.0,1.0,0.0,0.0,0.0,0.8939837747149997,0
50168,2023-09-23T01:00,0.1,5,2.0,1.0,2.0,no_choice,16.88994836807251,16.88994836807251,0.0,1.0,0.0,0.0,0.0,0.8939837747149997,0
50168,2023-09-23T01:00,0.1,5,2.0,1.0,2.0,nearest,16.88994836807251,16.88994836807251,0.0,1.0,16.88994836807251,1.0,0.0,0.8939837747149997,0
50168,2023-09-23T01:00,0.1,5,2.0,1.0,2.0,logit,16.88994836807251,16.88994836807251,3.552713678800501e-15,1.0,5.7029011624975645,0.337650597753034,0.17682624543277262,0.6210757341535338,0
50168,2023-09-23T01:00,0.1,5,2.0,1.0,2.0,coordinated,16.88994836807251,16.88994836807251,0.0,1.0,0.0,0.0,0.0,0.8939837747149997,0
50168,2023-09-23T01:00,0.1,5,2.0,2.0,2.0,no_choice,16.88994836807251,16.88994836807251,0.0,1.0,0.0,0.0,0.0,0.8939837747149997,0
50168,2023-09-23T01:00,0.1,5,2.0,2.0,2.0,nearest,16.88994836807251,16.88994836807251,0.0,1.0,16.88994836807251,1.0,0.0,0.8939837747149997,0
50168,2023-09-23T01:00,0.1,5,2.0,2.0,2.0,logit,16.88994836807251,16.889948368072513,0.0,1.0000000000000002,5.127022293502836,0.30355464574388946,0.03003553144825843,0.6369198387256055,0
50168,2023-09-23T01:00,0.1,5,2.0,2.0,2.0,coordinated,16.88994836807251,16.88994836807251,0.0,1.0,0.0,0.0,0.0,0.8939837747149997,0
50168,2023-09-23T01:00,0.1,5,4.0,0.5,2.0,no_choice,33.77989673614502,21.65063896179199,12.129257774353029,0.6409326568078424,0.0,0.0,0.0,1.0,2
50168,2023-09-23T01:00,0.1,5,4.0,0.5,2.0,nearest,33.77989673614502,33.77989673614502,0.0,1.0,27.248430824279787,0.8066463623946943,0.0,1.0,2
50168,2023-09-23T01:00,0.1,5,4.0,0.5,2.0,logit,33.77989673614502,33.77989673614502,5.329070518200751e-15,1.0,15.956043241531356,0.4723532273104358,1.0155030788945678,0.9985802248140563,0
50168,2023-09-23T01:00,0.1,5,4.0,0.5,2.0,coordinated,33.77989673614502,33.77989673614502,0.0,1.0,12.129257774353029,0.3590673431921576,0.0,1.0,2
50168,2023-09-23T01:00,0.1,5,4.0,1.0,2.0,no_choice,33.77989673614502,21.65063896179199,12.129257774353029,0.6409326568078424,0.0,0.0,0.0,1.0,2
50168,2023-09-23T01:00,0.1,5,4.0,1.0,2.0,nearest,33.77989673614502,33.77989673614502,0.0,1.0,27.248430824279787,0.8066463623946943,0.0,1.0,2
50168,2023-09-23T01:00,0.1,5,4.0,1.0,2.0,logit,33.77989673614502,33.77989673614501,5.329070518200751e-15,0.9999999999999998,14.904328307538952,0.44121888305215246,0.25816702692703103,1.0000000000000002,1
50168,2023-09-23T01:00,0.1,5,4.0,1.0,2.0,coordinated,33.77989673614502,33.77989673614502,0.0,1.0,12.129257774353029,0.3590673431921576,0.0,1.0,2
50168,2023-09-23T01:00,0.1,5,4.0,2.0,2.0,no_choice,33.77989673614502,21.65063896179199,12.129257774353029,0.6409326568078424,0.0,0.0,0.0,1.0,2
50168,2023-09-23T01:00,0.1,5,4.0,2.0,2.0,nearest,33.77989673614502,33.77989673614502,0.0,1.0,27.248430824279787,0.8066463623946943,0.0,1.0,2
50168,2023-09-23T01:00,0.1,5,4.0,2.0,2.0,logit,33.77989673614502,33.77989673614502,1.7763568394002505e-15,1.0,14.211200007710566,0.42069992453542226,0.03227763834107885,1.0000000000000002,1
50168,2023-09-23T01:00,0.1,5,4.0,2.0,2.0,coordinated,33.77989673614502,33.77989673614502,0.0,1.0,12.129257774353029,0.3590673431921576,0.0,1.0,2
50168,2023-09-23T01:00,0.2,10,1.0,0.5,2.0,no_choice,8.444974184036255,8.444974184036255,0.0,1.0,0.0,0.0,0.0,0.44699188735749984,0
50168,2023-09-23T01:00,0.2,10,1.0,0.5,2.0,nearest,8.444974184036255,8.444974184036255,0.0,1.0,8.444974184036255,1.0,0.0,0.44699188735749984,0
50168,2023-09-23T01:00,0.2,10,1.0,0.5,2.0,logit,8.444974184036255,8.444974184036255,1.3322676295501878e-15,1.0,3.7893035828025248,0.4487051706996973,0.8997905459427128,0.2607905941497719,0
50168,2023-09-23T01:00,0.2,10,1.0,0.5,2.0,coordinated,8.444974184036255,8.444974184036255,0.0,1.0,0.0,0.0,0.0,0.44699188735749984,0
50168,2023-09-23T01:00,0.2,10,1.0,1.0,2.0,no_choice,8.444974184036255,8.444974184036255,0.0,1.0,0.0,0.0,0.0,0.44699188735749984,0
50168,2023-09-23T01:00,0.2,10,1.0,1.0,2.0,nearest,8.444974184036255,8.444974184036255,0.0,1.0,8.444974184036255,1.0,0.0,0.44699188735749984,0
50168,2023-09-23T01:00,0.2,10,1.0,1.0,2.0,logit,8.444974184036255,8.444974184036253,0.0,0.9999999999999998,2.788320292719529,0.33017511148706186,0.14902139587582872,0.3135668735202396,0
50168,2023-09-23T01:00,0.2,10,1.0,1.0,2.0,coordinated,8.444974184036255,8.444974184036255,0.0,1.0,0.0,0.0,0.0,0.44699188735749984,0
50168,2023-09-23T01:00,0.2,10,1.0,2.0,2.0,no_choice,8.444974184036255,8.444974184036255,0.0,1.0,0.0,0.0,0.0,0.44699188735749984,0
50168,2023-09-23T01:00,0.2,10,1.0,2.0,2.0,nearest,8.444974184036255,8.444974184036255,0.0,1.0,8.444974184036255,1.0,0.0,0.44699188735749984,0
50168,2023-09-23T01:00,0.2,10,1.0,2.0,2.0,logit,8.444974184036255,8.444974184036257,0.0,1.0000000000000002,2.554510399092373,0.30248883459244047,0.026763879310726723,0.31866561670950255,0
50168,2023-09-23T01:00,0.2,10,1.0,2.0,2.0,coordinated,8.444974184036255,8.444974184036255,0.0,1.0,0.0,0.0,0.0,0.44699188735749984,0
50168,2023-09-23T01:00,0.2,10,2.0,0.5,2.0,no_choice,16.88994836807251,16.88994836807251,0.0,1.0,0.0,0.0,0.0,0.8939837747149997,0
50168,2023-09-23T01:00,0.2,10,2.0,0.5,2.0,nearest,16.88994836807251,16.88994836807251,0.0,1.0,16.88994836807251,1.0,0.0,0.8939837747149997,0
50168,2023-09-23T01:00,0.2,10,2.0,0.5,2.0,logit,16.88994836807251,16.88994836807251,2.6645352591003757e-15,1.0,7.5786071656050495,0.4487051706996973,0.8997905459427128,0.5215811882995438,0
50168,2023-09-23T01:00,0.2,10,2.0,0.5,2.0,coordinated,16.88994836807251,16.88994836807251,0.0,1.0,0.0,0.0,0.0,0.8939837747149997,0
50168,2023-09-23T01:00,0.2,10,2.0,1.0,2.0,no_choice,16.88994836807251,16.88994836807251,0.0,1.0,0.0,0.0,0.0,0.8939837747149997,0
50168,2023-09-23T01:00,0.2,10,2.0,1.0,2.0,nearest,16.88994836807251,16.88994836807251,0.0,1.0,16.88994836807251,1.0,0.0,0.8939837747149997,0
50168,2023-09-23T01:00,0.2,10,2.0,1.0,2.0,logit,16.88994836807251,16.889948368072506,0.0,0.9999999999999998,5.576640585439058,0.33017511148706186,0.14902139587582872,0.6271337470404792,0
50168,2023-09-23T01:00,0.2,10,2.0,1.0,2.0,coordinated,16.88994836807251,16.88994836807251,0.0,1.0,0.0,0.0,0.0,0.8939837747149997,0
50168,2023-09-23T01:00,0.2,10,2.0,2.0,2.0,no_choice,16.88994836807251,16.88994836807251,0.0,1.0,0.0,0.0,0.0,0.8939837747149997,0
50168,2023-09-23T01:00,0.2,10,2.0,2.0,2.0,nearest,16.88994836807251,16.88994836807251,0.0,1.0,16.88994836807251,1.0,0.0,0.8939837747149997,0
50168,2023-09-23T01:00,0.2,10,2.0,2.0,2.0,logit,16.88994836807251,16.889948368072513,0.0,1.0000000000000002,5.109020798184746,0.30248883459244047,0.026763879310726723,0.6373312334190051,0
50168,2023-09-23T01:00,0.2,10,2.0,2.0,2.0,coordinated,16.88994836807251,16.88994836807251,0.0,1.0,0.0,0.0,0.0,0.8939837747149997,0
50168,2023-09-23T01:00,0.2,10,4.0,0.5,2.0,no_choice,33.77989673614502,21.65063896179199,12.129257774353029,0.6409326568078424,0.0,0.0,0.0,1.0,2
50168,2023-09-23T01:00,0.2,10,4.0,0.5,2.0,nearest,33.77989673614502,33.77989673614502,0.0,1.0,27.248430824279787,0.8066463623946943,0.0,1.0,2
50168,2023-09-23T01:00,0.2,10,4.0,0.5,2.0,logit,33.77989673614502,33.77989673614503,0.0,1.0000000000000002,15.77880658627188,0.46710641863473507,0.9640156067544876,1.0,1
50168,2023-09-23T01:00,0.2,10,4.0,0.5,2.0,coordinated,33.77989673614502,33.77989673614502,0.0,1.0,12.129257774353029,0.3590673431921576,0.0,1.0,2
50168,2023-09-23T01:00,0.2,10,4.0,1.0,2.0,no_choice,33.77989673614502,21.65063896179199,12.129257774353029,0.6409326568078424,0.0,0.0,0.0,1.0,2
50168,2023-09-23T01:00,0.2,10,4.0,1.0,2.0,nearest,33.77989673614502,33.77989673614502,0.0,1.0,27.248430824279787,0.8066463623946943,0.0,1.0,2
50168,2023-09-23T01:00,0.2,10,4.0,1.0,2.0,logit,33.77989673614502,33.77989673614502,1.7763568394002505e-15,1.0,14.82684638686736,0.4389251542916175,0.21670845111602782,1.0,1
50168,2023-09-23T01:00,0.2,10,4.0,1.0,2.0,coordinated,33.77989673614502,33.77989673614502,0.0,1.0,12.129257774353029,0.3590673431921576,0.0,1.0,2
50168,2023-09-23T01:00,0.2,10,4.0,2.0,2.0,no_choice,33.77989673614502,21.65063896179199,12.129257774353029,0.6409326568078424,0.0,0.0,0.0,1.0,2
50168,2023-09-23T01:00,0.2,10,4.0,2.0,2.0,nearest,33.77989673614502,33.77989673614502,0.0,1.0,27.248430824279787,0.8066463623946943,0.0,1.0,2
50168,2023-09-23T01:00,0.2,10,4.0,2.0,2.0,logit,33.77989673614502,33.77989673614502,0.0,1.0,14.187086825070384,0.419986092198144,0.027355241809066237,0.9999999999999999,1
50168,2023-09-23T01:00,0.2,10,4.0,2.0,2.0,coordinated,33.77989673614502,33.77989673614502,0.0,1.0,12.129257774353029,0.3590673431921576,0.0,1.0,2
50168,2023-09-23T01:00,0.3,15,1.0,0.5,2.0,no_choice,8.444974184036255,8.444974184036255,0.0,1.0,0.0,0.0,0.0,0.44699188735749984,0
50168,2023-09-23T01:00,0.3,15,1.0,0.5,2.0,nearest,8.444974184036255,8.444974184036255,0.0,1.0,3.218341588973999,0.38109549168992257,0.0,0.44699188735749984,0
50168,2023-09-23T01:00,0.3,15,1.0,0.5,2.0,logit,8.444974184036255,8.444974184036251,1.7763568394002505e-15,0.9999999999999996,3.133092727374706,0.3710008650230418,0.8514444881471988,0.2990994538877246,0
50168,2023-09-23T01:00,0.3,15,1.0,0.5,2.0,coordinated,8.444974184036255,8.444974184036255,0.0,1.0,0.0,0.0,0.0,0.44699188735749984,0
50168,2023-09-23T01:00,0.3,15,1.0,1.0,2.0,no_choice,8.444974184036255,8.444974184036255,0.0,1.0,0.0,0.0,0.0,0.44699188735749984,0
50168,2023-09-23T01:00,0.3,15,1.0,1.0,2.0,nearest,8.444974184036255,8.444974184036255,0.0,1.0,3.218341588973999,0.38109549168992257,0.0,0.44699188735749984,0
50168,2023-09-23T01:00,0.3,15,1.0,1.0,2.0,logit,8.444974184036255,8.444974184036255,0.0,1.0,2.0879268997661695,0.2472389914125528,0.11713480904178193,0.35665070215145156,0
50168,2023-09-23T01:00,0.3,15,1.0,1.0,2.0,coordinated,8.444974184036255,8.444974184036255,0.0,1.0,0.0,0.0,0.0,0.44699188735749984,0
50168,2023-09-23T01:00,0.3,15,1.0,2.0,2.0,no_choice,8.444974184036255,8.444974184036255,0.0,1.0,0.0,0.0,0.0,0.44699188735749984,0
50168,2023-09-23T01:00,0.3,15,1.0,2.0,2.0,nearest,8.444974184036255,8.444974184036255,0.0,1.0,3.218341588973999,0.38109549168992257,0.0,0.44699188735749984,0
50168,2023-09-23T01:00,0.3,15,1.0,2.0,2.0,logit,8.444974184036255,8.444974184036255,0.0,1.0,1.9006076721677607,0.2250578427771309,0.018225264438542853,0.36165713953444834,0
50168,2023-09-23T01:00,0.3,15,1.0,2.0,2.0,coordinated,8.444974184036255,8.444974184036255,0.0,1.0,0.0,0.0,0.0,0.44699188735749984,0
50168,2023-09-23T01:00,0.3,15,2.0,0.5,2.0,no_choice,16.88994836807251,16.88994836807251,0.0,1.0,0.0,0.0,0.0,0.8939837747149997,0
50168,2023-09-23T01:00,0.3,15,2.0,0.5,2.0,nearest,16.88994836807251,16.88994836807251,0.0,1.0,6.436683177947998,0.38109549168992257,0.0,0.8939837747149997,0
50168,2023-09-23T01:00,0.3,15,2.0,0.5,2.0,logit,16.88994836807251,16.889948368072503,3.552713678800501e-15,0.9999999999999996,6.266185454749412,0.3710008650230418,0.8514444881471988,0.5981989077754492,0
50168,2023-09-23T01:00,0.3,15,2.0,0.5,2.0,coordinated,16.88994836807251,16.88994836807251,0.0,1.0,0.0,0.0,0.0,0.8939837747149997,0
50168,2023-09-23T01:00,0.3,15,2.0,1.0,2.0,no_choice,16.88994836807251,16.88994836807251,0.0,1.0,0.0,0.0,0.0,0.8939837747149997,0
50168,2023-09-23T01:00,0.3,15,2.0,1.0,2.0,nearest,16.88994836807251,16.88994836807251,0.0,1.0,6.436683177947998,0.38109549168992257,0.0,0.8939837747149997,0
50168,2023-09-23T01:00,0.3,15,2.0,1.0,2.0,logit,16.88994836807251,16.88994836807251,0.0,1.0,4.175853799532339,0.2472389914125528,0.11713480904178193,0.7133014043029031,0
50168,2023-09-23T01:00,0.3,15,2.0,1.0,2.0,coordinated,16.88994836807251,16.88994836807251,0.0,1.0,0.0,0.0,0.0,0.8939837747149997,0
50168,2023-09-23T01:00,0.3,15,2.0,2.0,2.0,no_choice,16.88994836807251,16.88994836807251,0.0,1.0,0.0,0.0,0.0,0.8939837747149997,0
50168,2023-09-23T01:00,0.3,15,2.0,2.0,2.0,nearest,16.88994836807251,16.88994836807251,0.0,1.0,6.436683177947998,0.38109549168992257,0.0,0.8939837747149997,0
50168,2023-09-23T01:00,0.3,15,2.0,2.0,2.0,logit,16.88994836807251,16.88994836807251,0.0,1.0,3.8012153443355214,0.2250578427771309,0.018225264438542853,0.7233142790688967,0
50168,2023-09-23T01:00,0.3,15,2.0,2.0,2.0,coordinated,16.88994836807251,16.88994836807251,0.0,1.0,0.0,0.0,0.0,0.8939837747149997,0
50168,2023-09-23T01:00,0.3,15,4.0,0.5,2.0,no_choice,33.77989673614502,21.65063896179199,12.129257774353029,0.6409326568078424,0.0,0.0,0.0,1.0,2
50168,2023-09-23T01:00,0.3,15,4.0,0.5,2.0,nearest,33.77989673614502,33.77989673614502,0.0,1.0,19.329257774353028,0.5722118668785159,0.7807293063683592,1.0,2
50168,2023-09-23T01:00,0.3,15,4.0,0.5,2.0,logit,33.77989673614502,33.77989673614502,1.7763568394002505e-15,1.0,15.360769872984052,0.45473110806013173,1.3104812330253148,1.0,1
50168,2023-09-23T01:00,0.3,15,4.0,0.5,2.0,coordinated,33.77989673614502,33.77989673614502,0.0,1.0,12.129257774353029,0.3590673431921576,0.7807293063683592,1.0,2
50168,2023-09-23T01:00,0.3,15,4.0,1.0,2.0,no_choice,33.77989673614502,21.65063896179199,12.129257774353029,0.6409326568078424,0.0,0.0,0.0,1.0,2
50168,2023-09-23T01:00,0.3,15,4.0,1.0,2.0,nearest,33.77989673614502,33.77989673614502,0.0,1.0,19.329257774353028,0.5722118668785159,0.7807293063683592,1.0,2
50168,2023-09-23T01:00,0.3,15,4.0,1.0,2.0,logit,33.77989673614502,33.77989673614502,0.0,1.0,14.515166624056883,0.4296983717101014,1.0856561617076124,1.0,1
50168,2023-09-23T01:00,0.3,15,4.0,1.0,2.0,coordinated,33.77989673614502,33.77989673614502,0.0,1.0,12.129257774353029,0.3590673431921576,0.7807293063683592,1.0,2
50168,2023-09-23T01:00,0.3,15,4.0,2.0,2.0,no_choice,33.77989673614502,21.65063896179199,12.129257774353029,0.6409326568078424,0.0,0.0,0.0,1.0,2
50168,2023-09-23T01:00,0.3,15,4.0,2.0,2.0,nearest,33.77989673614502,33.77989673614502,0.0,1.0,19.329257774353028,0.5722118668785159,0.7807293063683592,1.0,2
50168,2023-09-23T01:00,0.3,15,4.0,2.0,2.0,logit,33.77989673614502,33.77989673614502,1.7763568394002505e-15,1.0,14.056494417245542,0.4161201121199661,0.945688701860665,1.0,1
50168,2023-09-23T01:00,0.3,15,4.0,2.0,2.0,coordinated,33.77989673614502,33.77989673614502,0.0,1.0,12.129257774353029,0.3590673431921576,0.7807293063683592,1.0,2
51647,2023-11-23T16:00,0.1,5,1.0,0.5,2.0,no_choice,17.233353793621063,15.593200504779816,1.6401532888412476,0.9048268080326679,0.0,0.0,0.0,0.5749616507885924,0
51647,2023-11-23T16:00,0.1,5,1.0,0.5,2.0,nearest,17.233353793621063,17.233353793621063,0.0,1.0,10.519781851768494,0.6104314910346933,0.17146288422700456,1.0,1
51647,2023-11-23T16:00,0.1,5,1.0,0.5,2.0,logit,17.233353793621063,17.233353793621063,2.1094237467877974e-15,1.0,6.475635809375057,0.37576178652886577,1.2595142885992399,0.4443314051326313,0
51647,2023-11-23T16:00,0.1,5,1.0,0.5,2.0,coordinated,17.233353793621063,17.233353793621063,0.0,1.0,1.6401532888412476,0.09517319196733205,0.17146288422700456,0.5749616507885924,0
51647,2023-11-23T16:00,0.1,5,1.0,1.0,2.0,no_choice,17.233353793621063,15.593200504779816,1.6401532888412476,0.9048268080326679,0.0,0.0,0.0,0.5749616507885924,0
51647,2023-11-23T16:00,0.1,5,1.0,1.0,2.0,nearest,17.233353793621063,17.233353793621063,0.0,1.0,10.519781851768494,0.6104314910346933,0.17146288422700456,1.0,1
51647,2023-11-23T16:00,0.1,5,1.0,1.0,2.0,logit,17.233353793621063,17.233353793621063,1.887379141862766e-15,1.0,3.790846584198463,0.21997149420803092,0.3091238884849068,0.5491040816759097,0
51647,2023-11-23T16:00,0.1,5,1.0,1.0,2.0,coordinated,17.233353793621063,17.233353793621063,0.0,1.0,1.6401532888412476,0.09517319196733205,0.17146288422700456,0.5749616507885924,0
51647,2023-11-23T16:00,0.1,5,1.0,2.0,2.0,no_choice,17.233353793621063,15.593200504779816,1.6401532888412476,0.9048268080326679,0.0,0.0,0.0,0.5749616507885924,0
51647,2023-11-23T16:00,0.1,5,1.0,2.0,2.0,nearest,17.233353793621063,17.233353793621063,0.0,1.0,10.519781851768494,0.6104314910346933,0.17146288422700456,1.0,1
51647,2023-11-23T16:00,0.1,5,1.0,2.0,2.0,logit,17.233353793621063,17.233353793621063,0.0,1.0,3.432886966318967,0.19920016773459687,0.19039547219009736,0.5612557854861154,0
51647,2023-11-23T16:00,0.1,5,1.0,2.0,2.0,coordinated,17.233353793621063,17.233353793621063,0.0,1.0,1.6401532888412476,0.09517319196733205,0.17146288422700456,0.5749616507885924,0
51647,2023-11-23T16:00,0.1,5,2.0,0.5,2.0,no_choice,34.46670758724213,29.019913506507873,5.446794080734254,0.8419694115851556,0.0,0.0,0.0,1.0,1
51647,2023-11-23T16:00,0.1,5,2.0,0.5,2.0,nearest,34.46670758724213,34.46670758724213,0.0,1.0,30.930504179000856,0.8974023440071718,0.25205846586058384,1.0,2
51647,2023-11-23T16:00,0.1,5,2.0,0.5,2.0,logit,34.46670758724213,34.46670758724213,4.218847493575595e-15,1.0,12.951271618750114,0.37576178652886577,1.2595142885992399,0.8886628102652626,0
51647,2023-11-23T16:00,0.1,5,2.0,0.5,2.0,coordinated,34.46670758724213,34.46670758724213,0.0,1.0,5.446794080734254,0.15803058841484435,0.25205846586058384,1.0,2
51647,2023-11-23T16:00,0.1,5,2.0,1.0,2.0,no_choice,34.46670758724213,29.019913506507873,5.446794080734254,0.8419694115851556,0.0,0.0,0.0,1.0,1
51647,2023-11-23T16:00,0.1,5,2.0,1.0,2.0,nearest,34.46670758724213,34.46670758724213,0.0,1.0,30.930504179000856,0.8974023440071718,0.25205846586058384,1.0,2
51647,2023-11-23T16:00,0.1,5,2.0,1.0,2.0,logit,34.46670758724213,34.46670758724213,4.440892098500626e-16,1.0,8.744188643419205,0.25369956272399724,0.3602783278041635,1.0000000000000002,2
51647,2023-11-23T16:00,0.1,5,2.0,1.0,2.0,coordinated,34.46670758724213,34.46670758724213,0.0,1.0,5.446794080734254,0.15803058841484435,0.25205846586058384,1.0,2
51647,2023-11-23T16:00,0.1,5,2.0,2.0,2.0,no_choice,34.46670758724213,29.019913506507873,5.446794080734254,0.8419694115851556,0.0,0.0,0.0,1.0,1
51647,2023-11-23T16:00,0.1,5,2.0,2.0,2.0,nearest,34.46670758724213,34.46670758724213,0.0,1.0,30.930504179000856,0.8974023440071718,0.25205846586058384,1.0,2
51647,2023-11-23T16:00,0.1,5,2.0,2.0,2.0,logit,34.46670758724213,34.46670758724212,3.9968028886505635e-15,0.9999999999999998,8.391868839599608,0.2434775302618654,0.2787170055038164,1.0,2
51647,2023-11-23T16:00,0.1,5,2.0,2.0,2.0,coordinated,34.46670758724213,34.46670758724213,0.0,1.0,5.446794080734254,0.15803058841484435,0.25205846586058384,1.0,2
51647,2023-11-23T16:00,0.1,5,4.0,0.5,2.0,no_choice,68.93341517448425,31.4139862537384,37.51942892074585,0.45571492684967546,0.0,0.0,0.0,1.0,2
51647,2023-11-23T16:00,0.1,5,4.0,0.5,2.0,nearest,68.93341517448425,68.93341517448425,3.552713678800501e-15,1.0,54.48277621269226,0.7903681556293919,1.859196355474605,1.0,4
51647,2023-11-23T16:00,0.1,5,4.0,0.5,2.0,logit,68.93341517448425,68.93341517448425,0.0,1.0,42.10571257371491,0.6108171554700567,2.6300046330240496,1.0000000000000002,2
51647,2023-11-23T16:00,0.1,5,4.0,0.5,2.0,coordinated,68.93341517448425,68.93341517448425,0.0,1.0,37.51942892074585,0.5442850731503245,1.818032826191666,1.0,4
51647,2023-11-23T16:00,0.1,5,4.0,1.0,2.0,no_choice,68.93341517448425,31.4139862537384,37.51942892074585,0.45571492684967546,0.0,0.0,0.0,1.0,2
51647,2023-11-23T16:00,0.1,5,4.0,1.0,2.0,nearest,68.93341517448425,68.93341517448425,3.552713678800501e-15,1.0,54.48277621269226,0.7903681556293919,1.859196355474605,1.0,4
51647,2023-11-23T16:00,0.1,5,4.0,1.0,2.0,logit,68.93341517448425,68.93341517448425,7.993605777301127e-15,1.0,41.24857994422227,0.5983829444662486,2.1808976259269275,1.0000000000000002,2
51647,2023-11-23T16:00,0.1,5,4.0,1.0,2.0,coordinated,68.93341517448425,68.93341517448425,0.0,1.0,37.51942892074585,0.5442850731503245,1.818032826191666,1.0,4
51647,2023-11-23T16:00,0.1,5,4.0,2.0,2.0,no_choice,68.93341517448425,31.4139862537384,37.51942892074585,0.45571492684967546,0.0,0.0,0.0,1.0,2
51647,2023-11-23T16:00,0.1,5,4.0,2.0,2.0,nearest,68.93341517448425,68.93341517448425,3.552713678800501e-15,1.0,54.48277621269226,0.7903681556293919,1.859196355474605,1.0,4
51647,2023-11-23T16:00,0.1,5,4.0,2.0,2.0,logit,68.93341517448425,68.93341517448425,7.993605777301127e-15,1.0,41.023056272378206,0.5951113283527394,2.0089804826780453,1.0000000000000002,3
51647,2023-11-23T16:00,0.1,5,4.0,2.0,2.0,coordinated,68.93341517448425,68.93341517448425,0.0,1.0,37.51942892074585,0.5442850731503245,1.818032826191666,1.0,4
51647,2023-11-23T16:00,0.2,10,1.0,0.5,2.0,no_choice,17.233353793621063,16.586283087730408,0.6470707058906555,0.9624524214125884,0.0,0.0,0.0,0.5749616507885924,0
51647,2023-11-23T16:00,0.2,10,1.0,0.5,2.0,nearest,17.233353793621063,17.233353793621063,0.0,1.0,9.526699268817902,0.5528058776547728,0.09779333050323247,1.0,1
51647,2023-11-23T16:00,0.2,10,1.0,0.5,2.0,logit,17.233353793621063,17.233353793621063,3.552713678800501e-15,1.0,5.356478841878958,0.3108204535243547,1.079475056777794,0.46956537853263575,0
51647,2023-11-23T16:00,0.2,10,1.0,0.5,2.0,coordinated,17.233353793621063,17.233353793621063,0.0,1.0,0.6470707058906555,0.037547578587411645,0.09779333050323247,0.5749616507885924,0
51647,2023-11-23T16:00,0.2,10,1.0,1.0,2.0,no_choice,17.233353793621063,16.586283087730408,0.6470707058906555,0.9624524214125884,0.0,0.0,0.0,0.5749616507885924,0
51647,2023-11-23T16:00,0.2,10,1.0,1.0,2.0,nearest,17.233353793621063,17.233353793621063,0.0,1.0,9.526699268817902,0.5528058776547728,0.09779333050323247,1.0,1
51647,2023-11-23T16:00,0.2,10,1.0,1.0,2.0,logit,17.233353793621063,17.233353793621063,1.7763568394002505e-15,1.0,2.8853085190658865,0.16742582747496806,0.23607915126927484,0.5601859901903404,0
51647,2023-11-23T16:00,0.2,10,1.0,1.0,2.0,coordinated,17.233353793621063,17.233353793621063,0.0,1.0,0.6470707058906555,0.037547578587411645,0.09779333050323247,0.5749616507885924,0
51647,2023-11-23T16:00,0.2,10,1.0,2.0,2.0,no_choice,17.233353793621063,16.586283087730408,0.6470707058906555,0.9624524214125884,0.0,0.0,0.0,0.5749616507885924,0
51647,2023-11-23T16:00,0.2,10,1.0,2.0,2.0,nearest,17.233353793621063,17.233353793621063,0.0,1.0,9.526699268817902,0.5528058776547728,0.09779333050323247,1.0,1
51647,2023-11-23T16:00,0.2,10,1.0,2.0,2.0,logit,17.233353793621063,17.233353793621063,0.0,1.0,2.4711968312113544,0.1433961642524898,0.12221637988301774,0.5744400920793319,0
51647,2023-11-23T16:00,0.2,10,1.0,2.0,2.0,coordinated,17.233353793621063,17.233353793621063,0.0,1.0,0.6470707058906555,0.037547578587411645,0.09779333050323247,0.5749616507885924,0
51647,2023-11-23T16:00,0.2,10,2.0,0.5,2.0,no_choice,34.46670758724213,31.006078672409057,3.4606289148330696,0.899595024965076,0.0,0.0,0.0,1.0,1
51647,2023-11-23T16:00,0.2,10,2.0,0.5,2.0,nearest,34.46670758724213,34.46670758724213,0.0,1.0,28.944339013099672,0.8397767306272513,0.261656789171957,1.0,2
51647,2023-11-23T16:00,0.2,10,2.0,0.5,2.0,logit,34.46670758724213,34.46670758724213,7.105427357601002e-15,1.0,10.712957683757915,0.3108204535243547,1.079475056777794,0.9391307570652715,0
51647,2023-11-23T16:00,0.2,10,2.0,0.5,2.0,coordinated,34.46670758724213,34.46670758724213,0.0,1.0,3.4606289148330696,0.10040497503492395,0.261656789171957,1.0,2
51647,2023-11-23T16:00,0.2,10,2.0,1.0,2.0,no_choice,34.46670758724213,31.006078672409057,3.4606289148330696,0.899595024965076,0.0,0.0,0.0,1.0,1
51647,2023-11-23T16:00,0.2,10,2.0,1.0,2.0,nearest,34.46670758724213,34.46670758724213,0.0,1.0,28.944339013099672,0.8397767306272513,0.261656789171957,1.0,2
51647,2023-11-23T16:00,0.2,10,2.0,1.0,2.0,logit,34.46670758724213,34.46670758724213,2.220446049250313e-16,1.0,7.245984490053095,0.21023140872135987,0.39263471384750664,1.0,2
51647,2023-11-23T16:00,0.2,10,2.0,1.0,2.0,coordinated,34.46670758724213,34.46670758724213,0.0,1.0,3.4606289148330696,0.10040497503492395,0.261656789171957,1.0,2
51647,2023-11-23T16:00,0.2,10,2.0,2.0,2.0,no_choice,34.46670758724213,31.006078672409057,3.4606289148330696,0.899595024965076,0.0,0.0,0.0,1.0,1
51647,2023-11-23T16:00,0.2,10,2.0,2.0,2.0,nearest,34.46670758724213,34.46670758724213,0.0,1.0,28.944339013099672,0.8397767306272513,0.261656789171957,1.0,2
51647,2023-11-23T16:00,0.2,10,2.0,2.0,2.0,logit,34.46670758724213,34.46670758701404,2.280891031603005e-10,0.9999999999933825,6.806616294910025,0.19748379730573806,0.37869655529873875,1.0,2
51647,2023-11-23T16:00,0.2,10,2.0,2.0,2.0,coordinated,34.46670758724213,34.46670758724213,0.0,1.0,3.4606289148330696,0.10040497503492395,0.261656789171957,1.0,2
51647,2023-11-23T16:00,0.2,10,4.0,0.5,2.0,no_choice,68.93341517448425,35.38631658554077,33.547098588943484,0.5133405402295959,0.0,0.0,0.0,1.0,2
51647,2023-11-23T16:00,0.2,10,4.0,0.5,2.0,nearest,68.93341517448425,68.93341517448425,0.0,1.0,54.48277621269226,0.7903681556293919,2.3739497158264093,1.0,3
51647,2023-11-23T16:00,0.2,10,4.0,0.5,2.0,logit,68.93341517448425,68.93341517448425,8.881784197001252e-16,1.0,39.94271307153132,0.5794390568119733,2.7649616507246444,1.0000000000000002,2
51647,2023-11-23T16:00,0.2,10,4.0,0.5,2.0,coordinated,68.93341517448425,68.93341517448425,0.0,1.0,33.547098588943484,0.48665945977040415,2.290498718288278,1.0000000000000002,4
51647,2023-11-23T16:00,0.2,10,4.0,1.0,2.0,no_choice,68.93341517448425,35.38631658554077,33.547098588943484,0.5133405402295959,0.0,0.0,0.0,1.0,2
51647,2023-11-23T16:00,0.2,10,4.0,1.0,2.0,nearest,68.93341517448425,68.93341517448425,0.0,1.0,54.48277621269226,0.7903681556293919,2.3739497158264093,1.0,3
51647,2023-11-23T16:00,0.2,10,4.0,1.0,2.0,logit,68.93341517448425,68.93341517448425,7.993605777301127e-15,1.0,38.45485676205077,0.5578550934218744,2.6134331294225066,1.0,2
51647,2023-11-23T16:00,0.2,10,4.0,1.0,2.0,coordinated,68.93341517448425,68.93341517448425,0.0,1.0,33.547098588943484,0.48665945977040415,2.290498718288278,1.0000000000000002,4
51647,2023-11-23T16:00,0.2,10,4.0,2.0,2.0,no_choice,68.93341517448425,35.38631658554077,33.547098588943484,0.5133405402295959,0.0,0.0,0.0,1.0,2
51647,2023-11-23T16:00,0.2,10,4.0,2.0,2.0,nearest,68.93341517448425,68.93341517448425,0.0,1.0,54.48277621269226,0.7903681556293919,2.3739497158264093,1.0,3
51647,2023-11-23T16:00,0.2,10,4.0,2.0,2.0,logit,68.93341517448425,68.93341517448425,8.881784197001252e-15,1.0,37.82592177943796,0.5487312892258855,2.4432590858681618,1.0,3
51647,2023-11-23T16:00,0.2,10,4.0,2.0,2.0,coordinated,68.93341517448425,68.93341517448425,0.0,1.0,33.547098588943484,0.48665945977040415,2.290498718288278,1.0000000000000002,4
51647,2023-11-23T16:00,0.3,15,1.0,0.5,2.0,no_choice,17.233353793621063,14.94612979888916,2.287223994731903,0.8672792294452563,0.0,0.0,0.0,0.5749616507885924,0
51647,2023-11-23T16:00,0.3,15,1.0,0.5,2.0,nearest,17.233353793621063,17.233353793621063,0.0,1.0,11.16685255765915,0.6479790696221049,0.26925621473023703,1.0,1
51647,2023-11-23T16:00,0.3,15,1.0,0.5,2.0,logit,17.233353793621063,17.23335379362106,0.0,0.9999999999999998,5.863727395008982,0.3402545705978279,1.0940556878339271,0.49183931363167255,0
51647,2023-11-23T16:00,0.3,15,1.0,0.5,2.0,coordinated,17.233353793621063,17.233353793621063,0.0,1.0,2.287223994731903,0.1327207705547437,0.26925621473023703,0.6197396504051861,0
51647,2023-11-23T16:00,0.3,15,1.0,1.0,2.0,no_choice,17.233353793621063,14.94612979888916,2.287223994731903,0.8672792294452563,0.0,0.0,0.0,0.5749616507885924,0
51647,2023-11-23T16:00,0.3,15,1.0,1.0,2.0,nearest,17.233353793621063,17.233353793621063,0.0,1.0,11.16685255765915,0.6479790696221049,0.26925621473023703,1.0,1
51647,2023-11-23T16:00,0.3,15,1.0,1.0,2.0,logit,17.233353793621063,17.23335379362106,2.7755575615628914e-15,0.9999999999999998,4.191510276540621,0.2432208104549047,0.39711734841966334,0.5640793689433932,0
51647,2023-11-23T16:00,0.3,15,1.0,1.0,2.0,coordinated,17.233353793621063,17.233353793621063,0.0,1.0,2.287223994731903,0.1327207705547437,0.26925621473023703,0.6197396504051861,0
51647,2023-11-23T16:00,0.3,15,1.0,2.0,2.0,no_choice,17.233353793621063,14.94612979888916,2.287223994731903,0.8672792294452563,0.0,0.0,0.0,0.5749616507885924,0
51647,2023-11-23T16:00,0.3,15,1.0,2.0,2.0,nearest,17.233353793621063,17.233353793621063,0.0,1.0,11.16685255765915,0.6479790696221049,0.26925621473023703,1.0,1
51647,2023-11-23T16:00,0.3,15,1.0,2.0,2.0,logit,17.233353793621063,17.233353793621063,1.2212453270876722e-15,1.0,4.068724335499839,0.2360959093757989,0.30648592737901165,0.5747998238323511,0
51647,2023-11-23T16:00,0.3,15,1.0,2.0,2.0,coordinated,17.233353793621063,17.233353793621063,0.0,1.0,2.287223994731903,0.1327207705547437,0.26925621473023703,0.6197396504051861,0
51647,2023-11-23T16:00,0.3,15,2.0,0.5,2.0,no_choice,34.46670758724213,27.725772094726562,6.740935492515565,0.804421832997744,0.0,0.0,0.0,1.0,1
51647,2023-11-23T16:00,0.3,15,2.0,0.5,2.0,nearest,34.46670758724213,34.46670758724213,0.0,1.0,32.22464559078217,0.9349499225945834,0.4618235052728668,1.0,2
51647,2023-11-23T16:00,0.3,15,2.0,0.5,2.0,logit,34.46670758724213,34.46670758724212,0.0,0.9999999999999998,11.727454790017964,0.3402545705978279,1.0940556878339271,0.9836786272633451,0
51647,2023-11-23T16:00,0.3,15,2.0,0.5,2.0,coordinated,34.46670758724213,34.46670758724213,0.0,1.0,6.740935492515565,0.195578167002256,0.4618235052728668,1.0,2
51647,2023-11-23T16:00,0.3,15,2.0,1.0,2.0,no_choice,34.46670758724213,27.725772094726562,6.740935492515565,0.804421832997744,0.0,0.0,0.0,1.0,1
51647,2023-11-23T16:00,0.3,15,2.0,1.0,2.0,nearest,34.46670758724213,34.46670758724213,0.0,1.0,32.22464559078217,0.9349499225945834,0.4618235052728668,1.0,2
51647,2023-11-23T16:00,0.3,15,2.0,1.0,2.0,logit,34.46670758724213,34.46670758724213,3.552713678800501e-15,1.0,9.96699012960923,0.2891773200089038,0.5943298086469329,1.0000000000000002,2
51647,2023-11-23T16:00,0.3,15,2.0,1.0,2.0,coordinated,34.46670758724213,34.46670758724213,0.0,1.0,6.740935492515565,0.195578167002256,0.4618235052728668,1.0,2
51647,2023-11-23T16:00,0.3,15,2.0,2.0,2.0,no_choice,34.46670758724213,27.725772094726562,6.740935492515565,0.804421832997744,0.0,0.0,0.0,1.0,1
51647,2023-11-23T16:00,0.3,15,2.0,2.0,2.0,nearest,34.46670758724213,34.46670758724213,0.0,1.0,32.22464559078217,0.9349499225945834,0.4618235052728668,1.0,2
51647,2023-11-23T16:00,0.3,15,2.0,2.0,2.0,logit,34.46670758724213,34.466707587242134,0.0,1.0000000000000002,10.010747114417985,0.290446863515431,0.5930381163342008,1.0000000000000002,2
51647,2023-11-23T16:00,0.3,15,2.0,2.0,2.0,coordinated,34.46670758724213,34.46670758724213,0.0,1.0,6.740935492515565,0.195578167002256,0.4618235052728668,1.0,2
51647,2023-11-23T16:00,0.3,15,4.0,0.5,2.0,no_choice,68.93341517448425,28.82570343017578,40.107711744308475,0.4181673482622638,0.0,0.0,0.0,1.0,2
51647,2023-11-23T16:00,0.3,15,4.0,0.5,2.0,nearest,68.93341517448425,68.93341517448425,0.0,1.0,54.48277621269226,0.7903681556293919,2.642638421973624,1.0,5
51647,2023-11-23T16:00,0.3,15,4.0,0.5,2.0,logit,68.93341517448425,68.93341517448424,4.440892098500626e-15,0.9999999999999998,43.98038014991755,0.6380124942104555,3.007846922359323,1.0,2
51647,2023-11-23T16:00,0.3,15,4.0,0.5,2.0,coordinated,68.93341517448425,68.93341517448425,7.105427357601002e-15,1.0,40.107711744308475,0.5818326517377361,2.642638421973624,1.0000000000000002,5
51647,2023-11-23T16:00,0.3,15,4.0,1.0,2.0,no_choice,68.93341517448425,28.82570343017578,40.107711744308475,0.4181673482622638,0.0,0.0,0.0,1.0,2
51647,2023-11-23T16:00,0.3,15,4.0,1.0,2.0,nearest,68.93341517448425,68.93341517448425,0.0,1.0,54.48277621269226,0.7903681556293919,2.642638421973624,1.0,5
51647,2023-11-23T16:00,0.3,15,4.0,1.0,2.0,logit,68.93341517448425,68.93341517448425,7.105427357601002e-15,1.0,43.97860276475396,0.6379867101236073,2.9060334894170587,1.0000000000000002,2
51647,2023-11-23T16:00,0.3,15,4.0,1.0,2.0,coordinated,68.93341517448425,68.93341517448425,7.105427357601002e-15,1.0,40.107711744308475,0.5818326517377361,2.642638421973624,1.0000000000000002,5
51647,2023-11-23T16:00,0.3,15,4.0,2.0,2.0,no_choice,68.93341517448425,28.82570343017578,40.107711744308475,0.4181673482622638,0.0,0.0,0.0,1.0,2
51647,2023-11-23T16:00,0.3,15,4.0,2.0,2.0,nearest,68.93341517448425,68.93341517448425,0.0,1.0,54.48277621269226,0.7903681556293919,2.642638421973624,1.0,5
51647,2023-11-23T16:00,0.3,15,4.0,2.0,2.0,logit,68.93341517448425,68.93341517448425,3.552713678800501e-15,1.0,44.23403433921227,0.641692192781209,2.850443388324491,1.0000000000000002,2
51647,2023-11-23T16:00,0.3,15,4.0,2.0,2.0,coordinated,68.93341517448425,68.93341517448425,7.105427357601002e-15,1.0,40.107711744308475,0.5818326517377361,2.642638421973624,1.0000000000000002,5
