scenario_id,policy,hour,retained_fraction,original_loss_mwh,original_vmin_pu,mapping_index,accepted_ev_load_kw,loss_mwh_tol8,vmin_pu_tol8,vmax_pu_tol8,max_line_pu_tol8,feasible_tol8,iterations_tol8,loss_mwh_tol10,vmin_pu_tol10,vmax_pu_tol10,max_line_pu_tol10,feasible_tol10,iterations_tol10
0,forecast_matched,0,1.0,0.14024178772827398,0.9889876056906094,0,"[0.0,0.0,0.0,0.0,0.0,0.0,0.0,0.0,0.0,0.35911035537719727,0.0,0.6723905503749847,0.364723265171051,0.0,0.0,0.3462246358394623,0.0,0.0,0.0,2.2229843139648438,1.088915228843689,0.0,0.0,0.0,0.46931663155555725,0.0,0.0]",0.1402405388217855,0.9889881828469578,1.0299995274510358,0.9132929228221968,True,5,0.14024053883472223,0.9889881829042119,1.029999527451036,0.9132929194945343,True,6
0,forecast_matched,1,1.0,0.1404547407510261,0.9889506584091262,0,"[0.0,0.0,0.0,0.0,0.0,0.0,0.0,0.0,0.0,0.14861443638801575,0.0,1.9860171675682068,1.5239444971084595,0.0,0.0,1.6282508373260498,0.0,0.0,0.0,2.3847925662994385,1.2426341772079468,0.0,0.0,0.0,0.7435523867607117,0.0,0.0]",0.14045548628935647,0.9889505145144722,1.0299995271037068,0.9137661200585246,True,5,0.14045550468389273,0.9889505144862053,1.0299995271037068,0.913766113877239,True,6
0,forecast_matched,2,1.0,0.1404059544483009,0.9889379052930531,0,"[0.0,0.0,0.0,0.0,0.0,0.0,0.0,0.0,0.0,0.0,0.0,0.22926505096256733,3.1437069177627563,0.10989827662706375,0.0,1.1570638418197632,0.0,0.0,0.0,2.5016303062438965,2.118335723876953,0.0,0.0,0.0,0.0,0.0,0.0]",0.14040572308149976,0.9889379246738526,1.0299995271455398,0.9139774132979244,True,4,0.14040571937175728,0.9889379248100182,1.029999527145541,0.913977410444319,True,6
0,forecast_matched,3,1.0,0.14040350058214598,0.9887732920530726,0,"[0.0,0.0,0.0,0.0,0.0,0.0,0.0,0.0,0.0,0.0,0.0,0.0,1.9605573415756226,0.3113712966442108,0.0,0.0,0.0,0.0,0.0,3.7869144678115845,2.963604688644409,0.0,0.0,0.0,0.0,0.0,0.0]",0.14040354013354986,0.9887731216526486,1.0299995271638769,0.9139772093097263,True,4,0.14040354039613628,0.9887731214634412,1.0299995271638767,0.9139772059820604,True,6
0,forecast_matched,4,1.0,0.1405305835783461,0.9886710714726216,0,"[0.0,0.0,0.0,0.0,0.0,0.0,0.0,0.0,0.0,0.0,0.0,0.0,1.5882742404937744,1.8530088663101196,0.0,0.0,0.0,0.0,0.0,4.519019603729248,2.963805675506592,0.0,0.0,0.0,0.0,0.0,0.0]",0.14053103596197644,0.9886709006295739,1.0299995270005016,0.9142982200605093,True,4,0.14053105494784118,0.9886709002159196,1.0299995270004987,0.9142982210085641,True,6
0,forecast_matched,5,1.0,0.14060657404579188,0.9885856847845251,0,"[0.0,0.0,0.0,0.0,0.0,0.0,0.0,0.0,0.0,0.0,0.0,0.0,2.0894575119018555,1.7087658643722534,0.0,0.0,0.0,0.0,0.0,5.130340933799744,3.5850207805633545,0.0,0.0,0.0,0.0,0.0,0.0]",0.1406068372989434,0.9885855577079672,1.0299995268689892,0.914560257985321,True,4,0.14060684229214196,0.9885855574456291,1.0299995268689877,0.9145602641666494,True,6
0,pc_rollout,0,1.0,0.14023944636392685,0.9889886396205133,0,"[0.0,0.0,0.0,0.0,0.0,0.0,0.0,0.0,0.0,0.35911035537719727,0.0,0.6723905503749847,0.364723265171051,0.0,0.0,0.3462246358394623,0.0,0.0,0.0,2.2229843139648438,1.088915228843689,0.0,0.0,0.0,0.46931663155555725,0.0,0.0]",0.14024053195596559,0.9889881829576211,1.0299995274510363,0.9132929228221968,True,5,0.14024053841217998,0.9889881829099608,1.0299995274510358,0.9132929228221968,True,6
0,pc_rollout,1,1.0,0.14045474100836064,0.9889506605795817,0,"[0.0,0.0,0.0,0.0,0.0,0.0,0.0,0.0,0.0,0.14861443638801575,0.0,1.9860171675682068,1.5239444971084595,0.0,0.0,1.6282508373260498,0.0,0.0,0.0,2.3847925662994385,1.2426341772079468,0.0,0.0,0.0,0.7435523867607117,0.0,0.0]",0.14045550893309897,0.9889505145144739,1.0299995271037068,0.913766113877239,True,5,0.14045550468389273,0.9889505144862053,1.0299995271037068,0.913766113877239,True,6
0,pc_rollout,2,1.0,0.1404059464877514,0.988937905298787,0,"[0.0,0.0,0.0,0.0,0.0,0.0,0.0,0.0,0.0,0.0,0.0,0.22926505096256733,3.1437069177627563,0.10989827662706375,0.0,1.1570638418197632,0.0,0.0,0.0,2.5016303062438965,2.118335723876953,0.0,0.0,0.0,0.0,0.0,0.0]",0.14040572308149976,0.9889379246738526,1.0299995271455398,0.9139774132979244,True,4,0.14040571937175728,0.9889379248100182,1.029999527145541,0.913977410444319,True,6
0,pc_rollout,3,1.0,0.14040350058561216,0.9887732920530882,0,"[0.0,0.0,0.0,0.0,0.0,0.0,0.0,0.0,0.0,0.0,0.0,0.0,1.9605573415756226,0.3113712966442108,0.0,0.0,0.0,0.0,0.0,3.7869144678115845,2.963604688644409,0.0,0.0,0.0,0.0,0.0,0.0]",0.14040354013354986,0.9887731216526486,1.0299995271638769,0.9139772093097263,True,4,0.14040354039613628,0.9887731214634412,1.0299995271638767,0.9139772059820604,True,6
0,pc_rollout,4,1.0,0.14053058008093025,0.988671071472622,0,"[0.0,0.0,0.0,0.0,0.0,0.0,0.0,0.0,0.0,0.0,0.0,0.0,1.5882742404937744,1.8530088663101196,0.0,0.0,0.0,0.0,0.0,4.519019603729248,2.963805675506592,0.0,0.0,0.0,0.0,0.0,0.0]",0.14053103596197644,0.9886709006295739,1.0299995270005016,0.9142982200605093,True,4,0.14053105494784118,0.9886709002159196,1.0299995270004987,0.9142982210085641,True,6
0,pc_rollout,5,1.0,0.14060657404580587,0.9885856847845251,0,"[0.0,0.0,0.0,0.0,0.0,0.0,0.0,0.0,0.0,0.0,0.0,0.0,2.0894575119018555,1.7087658643722534,0.0,0.0,0.0,0.0,0.0,5.130340933799744,3.5850207805633545,0.0,0.0,0.0,0.0,0.0,0.0]",0.1406068372989434,0.9885855577079672,1.0299995268689892,0.914560257985321,True,4,0.14060684229214196,0.9885855574456291,1.0299995268689877,0.9145602641666494,True,6
1,forecast_matched,0,1.0,0.14001279596240476,0.9892911587879214,1,"[0.0,0.0,0.0,0.0,0.0,0.0,0.0,0.4457645118236542,0.0,0.0,0.0,0.0,0.5491411089897156,0.0,0.0,0.0,0.0,0.0,0.0,0.0,0.0,0.0,0.0,0.0,0.3853355348110199,0.0,0.0]",0.14001303645005797,0.9892911164677867,1.029999527799653,0.91271244340486,True,4,0.1400130490605863,0.9892911163081006,1.0299995277996516,0.9127124469695833,True,6
1,forecast_matched,1,1.0,0.14007883353148806,0.9892850250709189,1,"[0.0,0.0,0.0,0.0,0.0,0.0,0.0,1.0087981224060059,0.0,0.0,0.0,0.0,0.08225391060113907,0.0,0.0,0.0,0.0,0.0,0.0,0.0,0.0,0.0,0.0,0.0,1.3042179346084595,0.0,0.0]",0.14007911447068191,0.9892849806867472,1.0299995277110614,0.9128842912467227,True,4,0.1400790992914847,0.9892849805162107,1.0299995277110598,0.9128842919578869,True,6
1,forecast_matched,2,1.0,0.14014120944083114,0.9892782726199387,1,"[0.0,0.0,0.0,0.0,0.0,0.0,0.0,0.0,0.0,0.0,0.0,0.0,0.0,0.0,0.0,0.0,0.0,0.0,0.0,0.0,0.0,0.0,0.0,0.0,3.570692300796509,0.0,0.0]",0.14014144651707375,0.9892782298969223,1.0299995276104668,0.9130805959817245,True,4,0.14014143849388588,0.9892782297409853,1.0299995276104652,0.9130805990723431,True,6
1,forecast_matched,3,1.0,0.14014423762873174,0.9892779561432419,1,"[0.0,0.0,0.0,0.0,0.0,0.0,0.0,0.0,0.0,0.0,0.0,0.0,0.0,0.0,0.0,0.0,0.0,0.0,0.0,0.0,0.0,0.0,0.0,0.0,3.6211135387420654,0.0,0.0]",0.14014424901309228,0.9892779542662357,1.0299995276061595,0.9130890238196095,True,3,0.14014424540415601,0.9892779541508638,1.0299995276061586,0.913089030237891,True,5
1,forecast_matched,4,1.0,0.1400023070074754,0.9892918755159618,1,"[0.0,0.0,0.0,0.0,0.0,0.0,0.0,0.0,0.0,0.0,0.0,0.0,0.0,0.0,0.0,0.0,0.0,0.0,0.0,0.0,0.0,0.0,0.0,0.0,1.0564099550247192,0.0,0.0]",0.14000177466014596,0.9892919679934907,1.0299995278251761,0.9126602241514447,True,4,0.14000177968320232,0.9892919683403444,1.029999527825179,0.9126602174961299,True,6
1,forecast_matched,5,1.0,0.13994342094566892,0.9892977000748533,1,"[0.0,0.0,0.0,0.0,0.0,0.0,0.0,0.0,0.0,0.0,0.0,0.0,0.0,0.0,0.0,0.0,0.0,0.0,0.0,0.0,0.0,0.0,0.0,0.0,0.0,0.0,0.0]",0.13994320334613472,0.9892977384104416,1.029999527915363,0.9124836205078428,True,4,0.13994320393073123,0.989297738552643,1.0299995279153642,0.9124836209819919,True,6
1,pc_rollout,0,1.0,0.14001510861799155,0.9892901549454766,1,"[0.0,0.0,0.0,0.0,0.0,0.0,0.0,0.4457645118236542,0.0,0.0,0.0,0.0,0.5491411089897156,0.0,0.0,0.0,0.0,0.0,0.0,0.0,0.0,0.0,0.0,0.0,0.3853355348110199,0.0,0.0]",0.14001302329916537,0.9892911162111704,1.029999527799651,0.9127124500601747,True,5,0.1400130357964443,0.9892911163026199,1.0299995277996516,0.9127124498231086,True,6
1,pc_rollout,1,1.0,0.1400788505572846,0.9892850229837156,1,"[0.0,0.0,0.0,0.0,0.0,0.0,0.0,1.0087981224060059,0.0,0.0,0.0,0.0,0.08225391060113907,0.0,0.0,0.0,0.0,0.0,0.0,0.0,0.0,0.0,0.0,0.0,1.3042179346084595,0.0,0.0]",0.1400790967099878,0.989284980686745,1.0299995277110614,0.9128842945743825,True,4,0.1400790992914754,0.9892849805162107,1.0299995277110598,0.9128842919578869,True,6
1,pc_rollout,2,1.0,0.1401412157403492,0.9892782726144507,1,"[0.0,0.0,0.0,0.0,0.0,0.0,0.0,0.0,0.0,0.0,0.0,0.0,0.0,0.0,0.0,0.0,0.0,0.0,0.0,0.0,0.0,0.0,0.0,0.0,3.570692300796509,0.0,0.0]",0.14014144651707375,0.9892782298969223,1.0299995276104668,0.9130805959817245,True,4,0.14014143849388588,0.9892782297409853,1.0299995276104652,0.9130805990723431,True,6
1,pc_rollout,3,1.0,0.14014422251866737,0.9892779561432288,1,"[0.0,0.0,0.0,0.0,0.0,0.0,0.0,0.0,0.0,0.0,0.0,0.0,0.0,0.0,0.0,0.0,0.0,0.0,0.0,0.0,0.0,0.0,0.0,0.0,3.6211135387420654,0.0,0.0]",0.14014424901309228,0.9892779542662357,1.0299995276061595,0.9130890238196095,True,3,0.14014424540415601,0.9892779541508638,1.0299995276061586,0.913089030237891,True,5
1,pc_rollout,4,1.0,0.1400023070134084,0.9892918755159618,1,"[0.0,0.0,0.0,0.0,0.0,0.0,0.0,0.0,0.0,0.0,0.0,0.0,0.0,0.0,0.0,0.0,0.0,0.0,0.0,0.0,0.0,0.0,0.0,0.0,1.0564099550247192,0.0,0.0]",0.14000177466014596,0.9892919679934907,1.0299995278251761,0.9126602241514447,True,4,0.14000177968320232,0.9892919683403444,1.029999527825179,0.9126602174961299,True,6
1,pc_rollout,5,1.0,0.13994342094566892,0.9892977000748533,1,"[0.0,0.0,0.0,0.0,0.0,0.0,0.0,0.0,0.0,0.0,0.0,0.0,0.0,0.0,0.0,0.0,0.0,0.0,0.0,0.0,0.0,0.0,0.0,0.0,0.0,0.0,0.0]",0.13994320334613472,0.9892977384104416,1.029999527915363,0.9124836205078428,True,4,0.13994320393073123,0.989297738552643,1.0299995279153642,0.9124836209819919,True,6
2,forecast_matched,0,1.0,0.14010050020617082,0.9892715361868449,2,"[0.0,0.0,0.0,0.0,0.0,0.0,0.0,0.09996644407510757,0.8186954259872437,0.4435346722602844,0.13771815598011017,0.0,0.0,0.26251187920570374,0.14505378901958466,0.1505754142999649,0.0,0.0,1.1562100797891617,0.0,0.0,0.0,0.0,0.0,0.0,0.0,0.0]",0.14009912159807936,0.9892717497298719,1.0299995276472433,0.9128273027639969,True,5,0.1400991030988166,0.9892717497776224,1.0299995276472438,0.9128272994363387,True,6
2,forecast_matched,1,1.0,0.14048305371052594,0.989104096466132,2,"[0.0,0.0,0.0,0.0,0.0,0.0,0.0,1.3904798030853271,0.7219847440719604,0.8053014874458313,1.646963119506836,0.0,0.0,0.33679115772247314,1.1230309009552002,0.6894840598106384,0.0,0.0,3.310229778289795,0.0,0.0,0.0,0.0,0.0,0.0,0.0,0.0]",0.1404844671263056,0.9891037168147466,1.0299995270692932,0.9136150273611926,True,5,0.14048447616341803,0.989103716759065,1.0299995270692928,0.9136150333054589,True,6
2,forecast_matched,2,1.0,0.14050306296859041,0.9890495040997436,2,"[0.0,0.0,0.0,0.0,0.0,0.0,0.0,1.733947515487671,0.04825674742460251,0.04825614392757416,2.2367055416107178,0.0,0.0,0.0,0.30847999453544617,1.0196608304977417,0.0,0.0,4.779593348503113,0.0,0.0,0.0,0.0,0.0,0.0,0.0,0.0]",0.1405031956050573,0.9890494272507817,1.029999527051979,0.9134051571947819,True,4,0.14050319317980778,0.9890494271196203,1.0299995270519784,0.9134051564837173,True,6
2,forecast_matched,3,1.0,0.14043611103320988,0.9890606488746599,2,"[0.0,0.0,0.0,0.0,0.0,0.0,0.0,0.3780067563056946,0.0,0.0,2.1699936389923096,0.0,0.0,0.0,0.0,0.27847790718078613,0.0,0.0,6.606612920761108,0.0,0.0,0.0,0.0,0.0,0.0,0.0,0.0]",0.14043585090777783,0.9890606959619591,1.0299995271167202,0.9129806062690282,True,4,0.14043585014023266,0.9890606961374324,1.0299995271167213,0.9129806060319922,True,6
2,forecast_matched,4,1.0,0.14039065909343929,0.9892516009154446,2,"[0.0,0.0,0.0,0.0,0.0,0.0,0.0,0.0,0.0,0.0,0.11091544479131699,0.0,0.0,0.0,0.0,0.0,0.0,0.0,9.078054904937744,0.0,0.0,0.0,0.0,0.0,0.0,0.0,0.0]",0.1403904901380224,0.9892518289572092,1.0299995271392428,0.9125337500223495,True,4,0.1403904999724735,0.989251829270179,1.029999527139244,0.9125337500223495,True,6
2,forecast_matched,5,1.0,0.14048300671357022,0.9892545812057901,2,"[0.0,0.0,0.0,0.0,0.0,0.0,0.0,0.0,0.0,0.0,0.0,0.0,0.0,0.0,0.0,0.0,0.0,0.0,11.116021156311035,0.0,0.0,0.0,0.0,0.0,0.0,0.0,0.0]",0.14048334004924481,0.9892545373638552,1.0299995269763955,0.91252223984065,True,4,0.14048336432929706,0.989254537159325,1.0299995269763933,0.9125222410258751,True,6
2,pc_rollout,0,1.0,0.14009859496047136,0.9892718519944205,2,"[0.0,0.0,0.0,0.0,0.0,0.0,0.0,0.09996644407510757,0.8186954259872437,0.4435346722602844,0.13771815598011017,0.0,0.0,0.26251187920570374,0.14505378901958466,0.1505754142999649,0.0,0.0,1.1562100797891617,0.0,0.0,0.0,0.0,0.0,0.0,0.0,0.0]",0.14009910839576317,0.9892717501338805,1.0299995276472467,0.9128272963457424,True,4,0.14009911627936003,0.9892717497815823,1.0299995276472438,0.9128273001475248,True,6
2,pc_rollout,1,1.0,0.14048305169598327,0.9891040976981386,2,"[0.0,0.0,0.0,0.0,0.0,0.0,0.0,1.3904798030853271,0.7219847440719604,0.8053014874458313,1.646963119506836,0.0,0.0,0.33679115772247314,1.1230309009552002,0.6894840598106384,0.0,0.0,3.310229778289795,0.0,0.0,0.0,0.0,0.0,0.0,0.0,0.0]",0.14048446453032257,0.9891037168147473,1.0299995270692932,0.9136150335424816,True,5,0.14048447616341803,0.989103716759065,1.0299995270692928,0.9136150333054589,True,6
2,pc_rollout,2,1.0,0.14050307641598309,0.9890495041037868,2,"[0.0,0.0,0.0,0.0,0.0,0.0,0.0,1.733947515487671,0.04825674742460251,0.04825614392757416,2.2367055416107178,0.0,0.0,0.0,0.30847999453544617,1.0196608304977417,0.0,0.0,4.779593348503113,0.0,0.0,0.0,0.0,0.0,0.0,0.0,0.0]",0.1405031956050573,0.9890494272507817,1.029999527051979,0.9134051571947819,True,4,0.14050319317980778,0.9890494271196203,1.0299995270519784,0.9134051564837173,True,6
2,pc_rollout,3,1.0,0.14043610988799643,0.9890606488746715,2,"[0.0,0.0,0.0,0.0,0.0,0.0,0.0,0.3780067563056946,0.0,0.0,2.1699936389923096,0.0,0.0,0.0,0.0,0.27847790718078613,0.0,0.0,6.606612920761108,0.0,0.0,0.0,0.0,0.0,0.0,0.0,0.0]",0.14043585090777783,0.9890606959619591,1.0299995271167202,0.9129806062690282,True,4,0.14043585014023266,0.9890606961374324,1.0299995271167213,0.9129806060319922,True,6
2,pc_rollout,4,1.0,0.14039066707731598,0.9892516009154444,2,"[0.0,0.0,0.0,0.0,0.0,0.0,0.0,0.0,0.0,0.0,0.11091544479131699,0.0,0.0,0.0,0.0,0.0,0.0,0.0,9.078054904937744,0.0,0.0,0.0,0.0,0.0,0.0,0.0,0.0]",0.1403904901380224,0.9892518289572092,1.0299995271392428,0.9125337500223495,True,4,0.1403904999724735,0.989251829270179,1.029999527139244,0.9125337500223495,True,6
2,pc_rollout,5,1.0,0.14048300671357472,0.9892545812057901,2,"[0.0,0.0,0.0,0.0,0.0,0.0,0.0,0.0,0.0,0.0,0.0,0.0,0.0,0.0,0.0,0.0,0.0,0.0,11.116021156311035,0.0,0.0,0.0,0.0,0.0,0.0,0.0,0.0]",0.14048334004924481,0.9892545373638552,1.0299995269763955,0.91252223984065,True,4,0.14048336432929706,0.989254537159325,1.0299995269763933,0.9125222410258751,True,6
3,forecast_matched,0,1.0,0.14002676838763975,0.9892900509573952,3,"[0.0,0.0,0.0,0.0,0.0,0.0,0.0,0.11139763332903385,0.009744797833263874,0.28436063416302204,0.0,0.09774911403656006,0.26886773109436035,0.15468966960906982,0.0,0.12002214789390564,0.0,0.0,0.0,0.0,0.0,0.3368459641933441,0.0,0.0,0.2991718277335167,0.0,0.0]",0.1400258954845208,0.9892901943514714,1.0299995277747738,0.9126917659815712,True,5,0.14002590683434546,0.9892901943823977,1.029999527774774,0.9126917602745224,True,6
3,forecast_matched,1,1.0,0.14039120982420572,0.9892593429254591,3,"[0.0,0.0,0.0,0.0,0.0,0.0,0.0,1.9727625250816345,0.03349227458238602,0.9846554510295391,0.0,0.8693501353263855,0.3765692114830017,0.9831314086914062,0.0,1.1593754291534424,0.0,0.0,0.0,0.0,0.0,0.6654239892959595,0.0,0.0,1.258051335811615,0.0,0.0]",0.1403925143644865,0.9892591243333683,1.029999527214603,0.9136173422089652,True,5,0.14039252039191052,0.989259124286116,1.0299995272146028,0.9136173455366317,True,6
3,forecast_matched,2,1.0,0.14038306974939413,0.989259817993927,3,"[0.0,0.0,0.0,0.0,0.0,0.0,0.0,2.021095097064972,0.08867496252059937,1.1074420437216759,0.0,0.694504976272583,0.0,0.8538693189620972,0.0,1.3258689641952515,0.0,0.0,0.0,0.0,0.0,0.4752976596355438,0.0,0.0,1.433529257774353,0.0,0.0]",0.14038303812118194,0.9892598214286875,1.029999527239056,0.9136274656596481,True,4,0.14038302723420573,0.9892598214430272,1.029999527239056,0.9136274656596481,True,5
3,forecast_matched,3,1.0,0.1402981407679035,0.9892651036446358,3,"[0.0,0.0,0.0,0.0,0.0,0.0,0.0,2.2791247367858887,0.09315110743045807,1.5294624373782426,0.0,0.06621876358985901,0.0,0.1284341812133789,0.0,1.023133635520935,0.0,0.0,0.0,0.0,0.0,0.0013872921699658036,0.0,0.0,1.3863894641399384,0.0,0.0]",0.14029782613441874,0.9892651506526264,1.029999527366289,0.9135562959247696,True,4,0.14029782107261116,0.9892651508447836,1.0299995273662907,0.9135562906916254,True,6
3,forecast_matched,4,1.0,0.1401916541594707,0.9892728101693833,3,"[0.0,0.0,0.0,0.0,0.0,0.0,0.0,2.35548472777009,0.21871577203273773,2.091386556625366,0.0,0.0,0.0,0.08111073821783066,0.0,0.006824724841862917,0.0,0.0,0.0,0.0,0.0,0.0,0.0,0.0,0.16138772666454315,0.0,0.0]",0.14019123559233637,0.9892728752000616,1.0299995275048393,0.9132975431616185,True,4,0.14019123748473217,0.9892728754628292,1.0299995275048421,0.9132975331786337,True,6
3,forecast_matched,5,1.0,0.14027242059818448,0.9892698565064533,3,"[0.0,0.0,0.0,0.0,0.0,0.0,0.0,2.3999948501586914,1.0572285652160645,0.6005215048789978,0.0,0.0,0.0,1.9559903144836426,0.0,0.0,0.0,0.0,0.0,0.0,0.0,0.0,0.0,0.0,0.0,0.0,0.0]",0.14027273421396672,0.989269814117987,1.0299995274092077,0.9134846282206694,True,4,0.14027273248116806,0.9892698139299163,1.029999527409206,0.9134846317853702,True,6
3,pc_rollout,0,1.0,0.1400275139695342,0.9892899276106008,3,"[0.0,0.0,0.0,0.0,0.0,0.0,0.0,0.11139763332903385,0.009744797833263874,0.28436063416302204,0.0,0.09774911403656006,0.26886773109436035,0.15468966960906982,0.0,0.12002214789390564,0.0,0.0,0.0,0.0,0.0,0.3368459641933441,0.0,0.0,0.2991718277335167,0.0,0.0]",0.14002589936225082,0.9892901943243679,1.0299995277747733,0.9126917662186375,True,5,0.1400258942685313,0.9892901943809045,1.029999527774774,0.9126917631280468,True,6
3,pc_rollout,1,1.0,0.14039119297322677,0.9892593424513608,3,"[0.0,0.0,0.0,0.0,0.0,0.0,0.0,1.9727625250816345,0.03349227458238602,0.9846554510295391,0.0,0.8693501353263855,0.3765692114830017,0.9831314086914062,0.0,1.1593754291534424,0.0,0.0,0.0,0.0,0.0,0.6654239892959595,0.0,0.0,1.258051335811615,0.0,0.0]",0.14039251584733362,0.9892591243333683,1.029999527214603,0.9136173422089652,True,5,0.14039252039191052,0.989259124286116,1.0299995272146028,0.9136173455366317,True,6
3,pc_rollout,2,1.0,0.14038305402367413,0.9892598179924268,3,"[0.0,0.0,0.0,0.0,0.0,0.0,0.0,2.021095097064972,0.08867496252059937,1.1074420437216759,0.0,0.694504976272583,0.0,0.8538693189620972,0.0,1.3258689641952515,0.0,0.0,0.0,0.0,0.0,0.4752976596355438,0.0,0.0,1.433529257774353,0.0,0.0]",0.14038303812118194,0.9892598214286875,1.029999527239056,0.9136274656596481,True,4,0.14038302723420573,0.9892598214430272,1.029999527239056,0.9136274656596481,True,5
3,pc_rollout,3,1.0,0.14029811809934833,0.9892651036446338,3,"[0.0,0.0,0.0,0.0,0.0,0.0,0.0,2.2791247367858887,0.09315110743045807,1.5294624373782426,0.0,0.06621876358985901,0.0,0.1284341812133789,0.0,1.023133635520935,0.0,0.0,0.0,0.0,0.0,0.0013872921699658036,0.0,0.0,1.3863894641399384,0.0,0.0]",0.14029782613441874,0.9892651506526264,1.029999527366289,0.9135562959247696,True,4,0.14029782107261116,0.9892651508447836,1.0299995273662907,0.9135562906916254,True,6
3,pc_rollout,4,1.0,0.14019165416360707,0.9892728101693833,3,"[0.0,0.0,0.0,0.0,0.0,0.0,0.0,2.35548472777009,0.21871577203273773,2.091386556625366,0.0,0.0,0.0,0.08111073821783066,0.0,0.006824724841862917,0.0,0.0,0.0,0.0,0.0,0.0,0.0,0.0,0.16138772666454315,0.0,0.0]",0.14019123559233637,0.9892728752000616,1.0299995275048393,0.9132975431616185,True,4,0.14019123748473217,0.9892728754628292,1.0299995275048421,0.9132975331786337,True,6
3,pc_rollout,5,1.0,0.14027242059818448,0.9892698565064533,3,"[0.0,0.0,0.0,0.0,0.0,0.0,0.0,2.3999948501586914,1.0572285652160645,0.6005215048789978,0.0,0.0,0.0,1.9559903144836426,0.0,0.0,0.0,0.0,0.0,0.0,0.0,0.0,0.0,0.0,0.0,0.0,0.0]",0.14027273421396672,0.989269814117987,1.0299995274092077,0.9134846282206694,True,4,0.14027273248116806,0.9892698139299163,1.029999527409206,0.9134846317853702,True,6
4,forecast_matched,0,1.0,0.1400063392452692,0.9892918590659937,4,"[0.0,0.0,0.0,0.0,0.0,0.0,0.0,0.0,0.0,0.0,0.0,0.4723856747150421,0.6158840656280518,0.0,0.0,0.0,0.0,0.0,0.0,0.0,0.0,0.0,0.0,0.0,0.27378252148628235,0.0,0.0]",0.1400056842405006,0.98929197347452,1.0299995278019918,0.91263156108275,True,5,0.14000568322888315,0.9892919734985347,1.0299995278019918,0.9126315634621304,True,6
4,forecast_matched,1,1.0,0.14018629933256485,0.9892755940830884,4,"[0.0,0.0,0.0,0.0,0.0,0.0,0.0,0.0,0.0,0.0,0.0,2.0824267864227295,2.1152777671813965,0.0,0.0,0.0,0.0,0.0,0.0,0.0,0.0,0.0,0.0,0.0,1.0616379976272583,0.0,0.0]",0.14018689975587237,0.9892754880391101,1.02999952747677,0.9130136288135986,True,4,0.14018690549098897,0.9892754876389487,1.0299995274767662,0.9130136323783122,True,6
4,forecast_matched,2,1.0,0.14012562662336478,0.9892812375906441,4,"[0.0,0.0,0.0,0.0,0.0,0.0,0.0,0.0,0.0,0.0,0.0,1.7699631452560425,1.8662047386169434,0.0,0.0,0.0,0.0,0.0,0.0,0.0,0.0,0.0,0.0,0.0,0.40462762117385864,0.0,0.0]",0.1401254253208019,0.9892812750890865,1.0299995275795129,0.9128620546757268,True,4,0.14012541547802687,0.9892812752314296,1.0299995275795144,0.9128620489686528,True,6
4,forecast_matched,3,1.0,0.14017948990798673,0.9892761375133433,4,"[0.0,0.0,0.0,0.0,0.0,0.0,0.0,0.0,0.0,0.0,0.0,1.9714516401290894,2.047365188598633,0.0,0.0,0.0,0.0,0.0,0.0,0.0,0.0,0.0,0.0,0.0,1.076939582824707,0.0,0.0]",0.1401796785970177,0.98927610377693,1.029999527490358,0.9130047168925777,True,4,0.1401796742685198,0.9892761036496652,1.0299995274903568,0.9130047199831839,True,6
4,forecast_matched,4,1.0,0.1400616381448628,0.9892859716873724,4,"[0.0,0.0,0.0,0.0,0.0,0.0,0.0,0.0,0.0,0.0,0.0,0.033010222017765045,2.708977222442627,0.0,0.0,0.0,0.0,0.0,0.0,0.0,0.0,0.0,0.0,0.0,0.15558071434497833,0.0,0.0]",0.14006121055414134,0.989286045116576,1.0299995276787648,0.9129519742560797,True,4,0.1400611875773211,0.989286045400295,1.0299995276787672,0.9129519711654872,True,6
4,forecast_matched,5,1.0,0.14020521449276607,0.98927421002083,4,"[0.0,0.0,0.0,0.5118732452392578,0.0,0.0,0.0,0.0,0.0,0.0,0.0,0.0,2.9131393432617188,0.0,0.21266603469848633,0.6921843886375427,0.0,0.0,0.0,0.0,0.0,0.0,0.0,0.0,1.1296947002410889,0.0,0.0]",0.1402057415710685,0.989274124239853,1.0299995274612181,0.9133852921912132,True,4,0.14020573712502327,0.9892741239019044,1.029999527461215,0.9133853017001079,True,6
4,pc_rollout,0,1.0,0.14000660977580326,0.9892918183353168,4,"[0.0,0.0,0.0,0.0,0.0,0.0,0.0,0.0,0.0,0.0,0.0,0.4723856747150421,0.6158840656280518,0.0,0.0,0.0,0.0,0.0,0.0,0.0,0.0,0.0,0.0,0.0,0.27378252148628235,0.0,0.0]",0.14000569153061396,0.989291973464522,1.0299995278019916,0.9126315639362687,True,5,0.1400056840431346,0.9892919734979695,1.0299995278019918,0.9126315636991994,True,6
4,pc_rollout,1,1.0,0.14018629652098988,0.9892755939129252,4,"[0.0,0.0,0.0,0.0,0.0,0.0,0.0,0.0,0.0,0.0,0.0,2.0824267864227295,2.1152777671813965,0.0,0.0,0.0,0.0,0.0,0.0,0.0,0.0,0.0,0.0,0.0,1.0616379976272583,0.0,0.0]",0.14018689620024674,0.9892754880391097,1.02999952747677,0.9130136288135986,True,4,0.14018690549098897,0.9892754876389487,1.0299995274767662,0.9130136323783122,True,6
4,pc_rollout,2,1.0,0.14012564235502892,0.989281237590077,4,"[0.0,0.0,0.0,0.0,0.0,0.0,0.0,0.0,0.0,0.0,0.0,1.7699631452560425,1.8662047386169434,0.0,0.0,0.0,0.0,0.0,0.0,0.0,0.0,0.0,0.0,0.0,0.40462762117385864,0.0,0.0]",0.1401254253208019,0.9892812750890865,1.0299995275795129,0.9128620546757268,True,4,0.14012541547802687,0.9892812752314296,1.0299995275795144,0.9128620489686528,True,6
4,pc_rollout,3,1.0,0.14017948413664966,0.9892761375133419,4,"[0.0,0.0,0.0,0.0,0.0,0.0,0.0,0.0,0.0,0.0,0.0,1.9714516401290894,2.047365188598633,0.0,0.0,0.0,0.0,0.0,0.0,0.0,0.0,0.0,0.0,0.0,1.076939582824707,0.0,0.0]",0.1401796785970177,0.98927610377693,1.029999527490358,0.9130047168925777,True,4,0.1401796742685198,0.9892761036496652,1.0299995274903568,0.9130047199831839,True,6
4,pc_rollout,4,1.0,0.14006163814484038,0.9892859716873724,4,"[0.0,0.0,0.0,0.0,0.0,0.0,0.0,0.0,0.0,0.0,0.0,0.033010222017765045,2.708977222442627,0.0,0.0,0.0,0.0,0.0,0.0,0.0,0.0,0.0,0.0,0.0,0.15558071434497833,0.0,0.0]",0.14006121055414134,0.989286045116576,1.0299995276787648,0.9129519742560797,True,4,0.1400611875773211,0.989286045400295,1.0299995276787672,0.9129519711654872,True,6
4,pc_rollout,5,1.0,0.14020521449276607,0.98927421002083,4,"[0.0,0.0,0.0,0.5118732452392578,0.0,0.0,0.0,0.0,0.0,0.0,0.0,0.0,2.9131393432617188,0.0,0.21266603469848633,0.6921843886375427,0.0,0.0,0.0,0.0,0.0,0.0,0.0,0.0,1.1296947002410889,0.0,0.0]",0.1402057415710685,0.989274124239853,1.0299995274612181,0.9133852921912132,True,4,0.14020573712502327,0.9892741239019044,1.029999527461215,0.9133853017001079,True,6
5,forecast_matched,0,1.0,0.1402364044903063,0.9891930627771592,5,"[0.27217793464660645,0.0,0.0,0.0,0.6911344826221466,0.0,0.0,0.7852243781089783,0.0,1.3602513074874878,0.4271183907985687,0.2095184624195099,0.0,0.0,0.14523018896579742,0.0,0.0,0.0,0.7849359810352325,0.30846479535102844,0.34799227118492126,0.3934934139251709,0.0,0.0,0.0,0.0,0.0]",0.1402350040606751,0.9891935194241063,1.0299995274361207,0.91320760805819,True,5,0.14023499810264345,0.9891935194808126,1.0299995274361213,0.9132076104376631,True,6
5,forecast_matched,1,1.0,0.1405541445935692,0.9891498759308553,5,"[0.859930157661438,0.0,0.0,0.0,1.5835748314857483,0.0,0.0,1.1415550261735916,0.0,1.6905835270881653,0.2104296088218689,0.136135533452034,0.0,0.0,1.2388931512832642,0.0,0.0,0.0,1.814075529575348,0.6069276332855225,0.7748106718063354,1.7649385333061218,0.0,0.0,0.0,0.0,0.0]",0.14055526492862236,0.989149677903603,1.0299995269235676,0.9138436003118845,True,5,0.14055527132633716,0.9891496778628857,1.0299995269235673,0.9138436005489025,True,6
5,forecast_matched,2,1.0,0.14063467041928288,0.9890567229415161,5,"[1.179266557097435,0.0,0.0,0.0,1.0159661024808884,0.0,0.0,1.858595848083496,0.0,1.5920971632003784,0.9672686457633972,0.6822509169578552,0.0,0.0,1.0660256147384644,0.0,0.0,0.0,1.4231645464897156,0.7404070496559143,0.8064486384391785,1.8983994126319885,0.0,0.0,0.0,0.0,0.0]",0.14063498119741552,0.989056579259862,1.0299995268036637,0.9140322208066501,True,4,0.14063498165349872,0.9890565789704087,1.0299995268036617,0.9140322248453452,True,6
5,forecast_matched,3,1.0,0.14061906182061304,0.9890421897651624,5,"[2.2916327714920044,0.0,0.0,0.0,0.4592454135417938,0.0,0.0,0.5589434802532196,0.0,1.5649676322937012,1.3746206760406494,1.4818300008773804,0.0,0.0,1.199409008026123,0.0,0.0,0.0,1.231584072113037,0.578711748123169,0.5030088424682617,1.868992693722248,0.0,0.0,0.0,0.0,0.0]",0.14061898989474195,0.9890421820777812,1.0299995268146367,0.9139170790140102,True,4,0.1406189827211381,0.9890421821115261,1.0299995268146371,0.9139170818676541,True,6
5,forecast_matched,4,1.0,0.1406053136814246,0.9889518669448777,5,"[1.9435253888368607,0.0,0.0,0.0,0.0,0.0,0.0,0.0,0.0,1.7789125442504883,1.8342071771621704,2.3042054176330566,0.0,0.0,1.6261749267578125,0.0,0.0,0.0,0.5207134634256363,0.9731097221374512,0.0,1.6357148736715317,0.0,0.0,0.0,0.0,0.0]",0.14060530274488614,0.9889517776927031,1.0299995268545206,0.9138566323959182,True,4,0.1406052992101468,0.9889517776146901,1.0299995268545206,0.9138566321589042,True,5
5,forecast_matched,5,1.0,0.1406312281166304,0.9889395749171778,5,"[1.5861667394638062,0.0,0.0,0.0,0.0,0.0,0.0,0.0,0.0,1.4031835794448853,1.7409992218017578,1.75918447971344,0.08986387401819229,0.0,1.4945019483566284,0.0,0.0,0.0,1.1336805820465088,1.1210744380950928,0.0,2.8849316239356995,0.0,0.0,0.0,0.0,0.0]",0.14063132954482452,0.9889395494352415,1.0299995268039488,0.9137424170053466,True,4,0.14063131870677478,0.9889395493644595,1.0299995268039484,0.913742419621975,True,5
5,pc_rollout,0,1.0,0.14023486755723455,0.9891936185171798,5,"[0.27217793464660645,0.0,0.0,0.0,0.6911344826221466,0.0,0.0,0.7852243781089783,0.0,1.3602513074874878,0.4271183907985687,0.2095184624195099,0.0,0.0,0.14523018896579742,0.0,0.0,0.0,0.7849359810352325,0.30846479535102844,0.34799227118492126,0.3934934139251709,0.0,0.0,0.0,0.0,0.0]",0.1402350043714736,0.9891935196423021,1.0299995274361222,0.9132076085322843,True,4,0.14023498712956575,0.9891935194843504,1.0299995274361213,0.9132076111488044,True,6
5,pc_rollout,1,1.0,0.14055413860422378,0.989149877218536,5,"[0.859930157661438,0.0,0.0,0.0,1.5835748314857483,0.0,0.0,1.1415550261735916,0.0,1.6905835270881653,0.2104296088218689,0.136135533452034,0.0,0.0,1.2388931512832642,0.0,0.0,0.0,1.814075529575348,0.6069276332855225,0.7748106718063354,1.7649385333061218,0.0,0.0,0.0,0.0,0.0]",0.14055527832735615,0.9891496779036034,1.0299995269235676,0.9138435967471981,True,5,0.14055527132633716,0.9891496778628857,1.0299995269235673,0.9138436005489025,True,6
5,pc_rollout,2,1.0,0.14063466682474476,0.9890567229451017,5,"[1.179266557097435,0.0,0.0,0.0,1.0159661024808884,0.0,0.0,1.858595848083496,0.0,1.5920971632003784,0.9672686457633972,0.6822509169578552,0.0,0.0,1.0660256147384644,0.0,0.0,0.0,1.4231645464897156,0.7404070496559143,0.8064486384391785,1.8983994126319885,0.0,0.0,0.0,0.0,0.0]",0.14063498119741552,0.989056579259862,1.0299995268036637,0.9140322208066501,True,4,0.14063498165349872,0.9890565789704087,1.0299995268036617,0.9140322248453452,True,6
5,pc_rollout,3,1.0,0.14061907177950192,0.9890421897651712,5,"[2.2916327714920044,0.0,0.0,0.0,0.4592454135417938,0.0,0.0,0.5589434802532196,0.0,1.5649676322937012,1.3746206760406494,1.4818300008773804,0.0,0.0,1.199409008026123,0.0,0.0,0.0,1.231584072113037,0.578711748123169,0.5030088424682617,1.868992693722248,0.0,0.0,0.0,0.0,0.0]",0.14061898989474195,0.9890421820777812,1.0299995268146367,0.9139170790140102,True,4,0.1406189827211381,0.9890421821115261,1.0299995268146371,0.9139170818676541,True,6
5,pc_rollout,4,1.0,0.14060531938735682,0.9889518669448777,5,"[1.9435253888368607,0.0,0.0,0.0,0.0,0.0,0.0,0.0,0.0,1.7789125442504883,1.8342071771621704,2.3042054176330566,0.0,0.0,1.6261749267578125,0.0,0.0,0.0,0.5207134634256363,0.9731097221374512,0.0,1.6357148736715317,0.0,0.0,0.0,0.0,0.0]",0.14060530274488614,0.9889517776927031,1.0299995268545206,0.9138566323959182,True,4,0.1406052992101468,0.9889517776146901,1.0299995268545206,0.9138566321589042,True,5
5,pc_rollout,5,1.0,0.14063122806634565,0.988939574917178,5,"[1.5861667394638062,0.0,0.0,0.0,0.0,0.0,0.0,0.0,0.0,1.4031835794448853,1.7409992218017578,1.75918447971344,0.08986387401819229,0.0,1.4945019483566284,0.0,0.0,0.0,1.1336805820465088,1.1210744380950928,0.0,2.8849316239356995,0.0,0.0,0.0,0.0,0.0]",0.14063132954482452,0.9889395494352415,1.0299995268039488,0.9137424170053466,True,4,0.14063131870677478,0.9889395493644595,1.0299995268039484,0.913742419621975,True,5
6,forecast_matched,0,1.0,0.14012129084015415,0.9892545289894329,6,"[0.0,0.0,0.0,0.0,0.0,0.0,0.0,0.0,0.0,2.234473705291748,0.2717292010784149,0.0,0.0,0.0,0.09697988629341125,0.0,0.0,0.0,0.43679411709308624,0.0,0.0,0.9471130073070526,0.0,0.0,0.0,0.0,0.0]",0.1401195392026217,0.9892548903442111,1.0299995275863616,0.9129148732276564,True,5,0.14011954855044642,0.9892548904085646,1.0299995275863625,0.9129148698999981,True,6
6,forecast_matched,1,1.0,0.14039234798031017,0.9891384188037918,6,"[0.0,0.0,0.0,0.0,0.0,0.0,0.0,0.0,0.0,2.5351942628622055,1.314057469367981,0.0,0.0,0.0,1.042832374572754,0.13915297389030457,0.0,0.0,1.3032659143209457,0.0,0.0,2.8608959913253784,0.0,0.0,0.0,0.0,0.0]",0.14039331208926015,0.9891381567946704,1.0299995271475313,0.9133306699779238,True,5,0.14039332811234503,0.9891381567564743,1.029999527147531,0.9133306706890394,True,6
6,forecast_matched,2,1.0,0.14046761175931038,0.9891708440467422,6,"[0.0,0.0,0.0,0.0,0.0,0.0,0.0,0.0,0.3562473952770233,1.870684951543808,0.9083983898162842,0.0,0.0,0.0,1.4151321575045586,0.7221477031707764,0.0,0.0,2.019999086856842,0.0,0.0,3.147355481982231,0.0,0.0,0.04240735247731209,0.0,0.0]",0.14046789440276752,0.9891708416980759,1.029999527037374,0.9133836574002118,True,4,0.14046789871244864,0.9891708415620828,1.0299995270373725,0.9133836607278768,True,6
6,forecast_matched,3,1.0,0.1404933909189357,0.9892047731968421,6,"[0.05044838786125183,0.0,0.0,0.0,0.0,0.0,0.0,0.0,1.112210750579834,1.5588653087615967,0.5082692503929138,0.16601313650608063,0.0,0.0,1.5038690865039825,0.7854169607162476,0.0,0.0,2.160529613494873,0.0,0.0,2.3730020076036453,0.0,0.0,0.7587763071060181,0.0,0.0]",0.1404934663350043,0.9892047961752913,1.0299995269956057,0.9135413488741677,True,4,0.14049346421838366,0.9892047961565692,1.0299995269956055,0.9135413550554454,True,5
6,forecast_matched,4,1.0,0.14048937020111318,0.9891642828680334,6,"[1.0840414762496948,0.0,0.0,0.0,0.05102023854851723,0.0,0.0,0.15408486127853394,1.0309398174285889,1.4530538395047188,0.9553306698799133,0.8525217771530151,0.0,0.0,1.6462271809577942,0.1000216007232666,0.0,0.0,0.8344913125038147,0.0,0.0,1.895905077457428,0.0,0.0,0.7309054732322693,0.0,0.0]",0.14048935136605095,0.9891642411594075,1.029999527011446,0.9136916473941279,True,4,0.14048935111955807,0.989164241129644,1.0299995270114461,0.9136916464460313,True,5
6,forecast_matched,5,1.0,0.14060571763100277,0.9891422791581571,6,"[1.0041764974594116,0.0,0.0,0.0,0.5471491813659668,0.0,0.0,1.2463508248329163,1.039050817489624,1.5834325551986694,1.1010451316833496,0.7759272456169128,0.0,0.0,1.4835484027862549,1.139375925064087,0.0,0.0,0.026331759989261627,0.0,0.0,2.05828620493412,0.0,0.0,0.5553221702575684,0.0,0.0]",0.14060616674341614,0.9891421963842326,1.0299995268602662,0.9141073268418479,True,4,0.14060616109553986,0.989142196088485,1.0299995268602635,0.9141073332601806,True,6
6,pc_rollout,0,1.0,0.14012139859484132,0.9892543148089187,6,"[0.0,0.0,0.0,0.0,0.0,0.0,0.0,0.0,0.0,2.234473705291748,0.2717292010784149,0.0,0.0,0.0,0.09697988629341125,0.0,0.0,0.0,0.43679411709308624,0.0,0.0,0.9471130073070526,0.0,0.0,0.0,0.0,0.0]",0.14011954059827017,0.9892548903347377,1.0299995275863616,0.9129148765553146,True,5,0.14011953328404983,0.9892548904081946,1.0299995275863625,0.9129148729905944,True,6
6,pc_rollout,1,1.0,0.1403923495463906,0.9891384185460415,6,"[0.0,0.0,0.0,0.0,0.0,0.0,0.0,0.0,0.0,2.5351942628622055,1.314057469367981,0.0,0.0,0.0,1.042832374572754,0.13915297389030457,0.0,0.0,1.3032659143209457,0.0,0.0,2.8608959913253784,0.0,0.0,0.0,0.0,0.0]",0.14039331208926015,0.9891381567946704,1.0299995271475313,0.9133306699779238,True,5,0.14039332811234503,0.9891381567564743,1.029999527147531,0.9133306706890394,True,6
6,pc_rollout,2,1.0,0.14046762868542456,0.9891708440463629,6,"[0.0,0.0,0.0,0.0,0.0,0.0,0.0,0.0,0.3562473952770233,1.870684951543808,0.9083983898162842,0.0,0.0,0.0,1.4151321575045586,0.7221477031707764,0.0,0.0,2.019999086856842,0.0,0.0,3.147355481982231,0.0,0.0,0.04240735247731209,0.0,0.0]",0.14046789440276752,0.9891708416980759,1.029999527037374,0.9133836574002118,True,4,0.14046789871244864,0.9891708415620828,1.0299995270373725,0.9133836607278768,True,6
6,pc_rollout,3,1.0,0.14049339367524974,0.9892047731968409,6,"[0.05044838786125183,0.0,0.0,0.0,0.0,0.0,0.0,0.0,1.112210750579834,1.5588653087615967,0.5082692503929138,0.16601313650608063,0.0,0.0,1.5038690865039825,0.7854169607162476,0.0,0.0,2.160529613494873,0.0,0.0,2.3730020076036453,0.0,0.0,0.7587763071060181,0.0,0.0]",0.1404934663350043,0.9892047961752913,1.0299995269956057,0.9135413488741677,True,4,0.14049346421838366,0.9892047961565692,1.0299995269956055,0.9135413550554454,True,5
6,pc_rollout,4,1.0,0.14048937948144227,0.9891642828680325,6,"[1.0840414762496948,0.0,0.0,0.0,0.05102023854851723,0.0,0.0,0.15408486127853394,1.0309398174285889,1.4530538395047188,0.9553306698799133,0.8525217771530151,0.0,0.0,1.6462271809577942,0.1000216007232666,0.0,0.0,0.8344913125038147,0.0,0.0,1.895905077457428,0.0,0.0,0.7309054732322693,0.0,0.0]",0.14048935136605095,0.9891642411594075,1.029999527011446,0.9136916473941279,True,4,0.14048935111955807,0.989164241129644,1.0299995270114461,0.9136916464460313,True,5
6,pc_rollout,5,1.0,0.14060571763100277,0.9891422791581571,6,"[1.0041764974594116,0.0,0.0,0.0,0.5471491813659668,0.0,0.0,1.2463508248329163,1.039050817489624,1.5834325551986694,1.1010451316833496,0.7759272456169128,0.0,0.0,1.4835484027862549,1.139375925064087,0.0,0.0,0.026331759989261627,0.0,0.0,2.05828620493412,0.0,0.0,0.5553221702575684,0.0,0.0]",0.14060616674341614,0.9891421963842326,1.0299995268602662,0.9141073268418479,True,4,0.14060616109553986,0.989142196088485,1.0299995268602635,0.9141073332601806,True,6
7,forecast_matched,0,1.0,0.13999993851963943,0.9892906357081288,7,"[0.0,0.0,0.0,0.0,0.0,0.0,0.0,0.35204458236694336,0.26775461435317993,0.0,0.022693850100040436,0.17082475125789642,0.0,0.0,0.019106775522232056,0.0,0.0,0.0,0.2575150728225708,0.0,0.0,0.0,0.0,0.0,0.0,0.0,0.0]",0.13999840492638244,0.9892909060430073,1.029999527823719,0.9125949286458672,True,5,0.13999839936892305,0.9892909060984206,1.0299995278237197,0.9125949284087977,True,6
7,forecast_matched,1,1.0,0.1401763220749781,0.9892733071958361,7,"[0.0,0.0,0.0,0.0,0.0,0.0,0.0,1.0283312797546387,0.8019251823425293,0.0,0.05234881490468979,1.563685417175293,0.0,0.0,0.03210553154349327,0.0,0.0,0.0,1.2164762020111084,0.0,0.0,0.0,0.0,0.0,0.0,0.0,0.0]",0.14017695082469547,0.9892731998304745,1.0299995275201723,0.9128109924143296,True,4,0.14017695587403722,0.9892731994210181,1.0299995275201688,0.9128109993067043,True,6
7,forecast_matched,2,1.0,0.1402260386346448,0.9892608015005511,7,"[0.17237762361764908,0.0,0.0,0.0,0.0,0.0,0.0,0.04490473121404648,1.0867052003741264,0.0,0.1565064936876297,1.8055271655321121,0.0,0.0,0.8314915299415588,0.0,0.0,0.0,1.6024616956710815,0.0,0.0,0.0,0.0,0.0,0.0,0.0,0.0]",0.14022621501918436,0.9892607669127408,1.0299995274365625,0.9128751569021727,True,4,0.14022621382743286,0.9892607668029227,1.0299995274365614,0.9128751633204392,True,6
7,forecast_matched,3,1.0,0.14040193754604569,0.9891471831917359,7,"[1.6057370901107788,0.0,0.0,0.18200358748435974,0.0,0.0,0.0,0.0,0.994157463312149,0.0,1.2562643475830555,2.2936293482780457,0.0,0.0,1.2169162034988403,0.0,0.0,0.0,1.2822191715240479,0.0,0.0,0.0,0.0,0.0,0.0,0.0,0.0]",0.14040256707512044,0.9891469728729699,1.0299995271719258,0.9133702066637766,True,4,0.14040255589719136,0.9891469723644212,1.0299995271719224,0.9133702133191057,True,6
7,forecast_matched,4,1.0,0.14045221439616717,0.9891431398872524,7,"[1.3777040299028158,0.0,0.0,0.6360607147216797,0.0,0.0,0.0,0.0,1.5888293981552124,0.0,1.2547119185328484,2.230014204978943,0.15768608450889587,0.0,1.8035001754760742,0.0,0.0,0.0,0.7309139966964722,0.0,0.0,0.0,0.0,0.0,0.0,0.0,0.0]",0.1404523981906275,0.9891431122094074,1.0299995270931763,0.9136271324376454,True,4,0.1404523993385783,0.9891431121000805,1.0299995270931752,0.9136271355282855,True,6
7,forecast_matched,5,1.0,0.1404531770367906,0.989241315613582,7,"[1.5242542028427124,0.0,0.0,1.446698546409607,0.0,0.0,0.0,0.0,1.8374212384223938,0.0,0.17291541770100594,2.8269704580307007,0.17562904953956604,0.0,1.8797508478164673,0.0,0.0,0.0,0.1642913669347763,0.0,0.0,0.0,0.0,0.0,0.0,0.0,0.0]",0.1404531640638466,0.9892414218788894,1.0299995270734874,0.9136614597558402,True,4,0.1404531660218004,0.9892414219917026,1.0299995270734879,0.9136614590447646,True,6
7,pc_rollout,0,1.0,0.14000050361334926,0.9892904526734603,7,"[0.0,0.0,0.0,0.0,0.0,0.0,0.0,0.35204458236694336,0.26775461435317993,0.0,0.022693850100040436,0.17082475125789642,0.0,0.0,0.019106775522232056,0.0,0.0,0.0,0.2575150728225708,0.0,0.0,0.0,0.0,0.0,0.0,0.0,0.0]",0.13999840149431397,0.9892909060191872,1.0299995278237188,0.9125949284087977,True,5,0.1399983890277935,0.9892909060971623,1.0299995278237197,0.9125949312623156,True,6
7,pc_rollout,1,1.0,0.1401763293844196,0.9892733067460564,7,"[0.0,0.0,0.0,0.0,0.0,0.0,0.0,1.0283312797546387,0.8019251823425293,0.0,0.05234881490468979,1.563685417175293,0.0,0.0,0.03210553154349327,0.0,0.0,0.0,1.2164762020111084,0.0,0.0,0.0,0.0,0.0,0.0,0.0,0.0]",0.14017695264314634,0.9892731998304738,1.0299995275201723,0.9128109924143296,True,4,0.1401769558740115,0.9892731994210181,1.0299995275201688,0.9128109993067043,True,6
7,pc_rollout,2,1.0,0.14022604429013502,0.9892608014992899,7,"[0.17237762361764908,0.0,0.0,0.0,0.0,0.0,0.0,0.04490473121404648,1.0867052003741264,0.0,0.1565064936876297,1.8055271655321121,0.0,0.0,0.8314915299415588,0.0,0.0,0.0,1.6024616956710815,0.0,0.0,0.0,0.0,0.0,0.0,0.0,0.0]",0.14022621501918295,0.9892607669127408,1.0299995274365625,0.9128751569021727,True,4,0.14022621382743286,0.9892607668029227,1.0299995274365614,0.9128751633204392,True,6
7,pc_rollout,3,1.0,0.14040193565085715,0.9891471831917328,7,"[1.6057370901107788,0.0,0.0,0.18200358748435974,0.0,0.0,0.0,0.0,0.994157463312149,0.0,1.2562643475830555,2.2936293482780457,0.0,0.0,1.2169162034988403,0.0,0.0,0.0,1.2822191715240479,0.0,0.0,0.0,0.0,0.0,0.0,0.0,0.0]",0.14040256707512044,0.9891469728729699,1.0299995271719258,0.9133702066637766,True,4,0.14040255589719136,0.9891469723644212,1.0299995271719224,0.9133702133191057,True,6
7,pc_rollout,4,1.0,0.14045221437982278,0.9891431398872524,7,"[1.3777040299028158,0.0,0.0,0.6360607147216797,0.0,0.0,0.0,0.0,1.5888293981552124,0.0,1.2547119185328484,2.230014204978943,0.15768608450889587,0.0,1.8035001754760742,0.0,0.0,0.0,0.7309139966964722,0.0,0.0,0.0,0.0,0.0,0.0,0.0,0.0]",0.1404523981906275,0.9891431122094074,1.0299995270931763,0.9136271324376454,True,4,0.1404523993385783,0.9891431121000805,1.0299995270931752,0.9136271355282855,True,6
7,pc_rollout,5,1.0,0.1404531770367906,0.989241315613582,7,"[1.5242542028427124,0.0,0.0,1.446698546409607,0.0,0.0,0.0,0.0,1.8374212384223938,0.0,0.17291541770100594,2.8269704580307007,0.17562904953956604,0.0,1.8797508478164673,0.0,0.0,0.0,0.1642913669347763,0.0,0.0,0.0,0.0,0.0,0.0,0.0,0.0]",0.1404531640638466,0.9892414218788894,1.0299995270734874,0.9136614597558402,True,4,0.1404531660218004,0.9892414219917026,1.0299995270734879,0.9136614590447646,True,6
8,forecast_matched,0,1.0,0.14021298387074357,0.9891392303308967,8,"[0.6445523500442505,0.0,0.0,0.0,0.48682188987731934,0.0,0.0,0.0,0.4821220338344574,0.8426827788352966,0.4354529082775116,0.0,0.19445116817951202,0.4290499687194824,0.15245148539543152,0.0,0.0,0.0,0.0,0.7458164691925049,0.29793214797973633,0.0,0.0,0.0,0.40620559453964233,0.0,0.0]",0.14021174422810756,0.9891395865253798,1.0299995274873075,0.9133326335004986,True,5,0.1402117456280092,0.989139586574498,1.0299995274873077,0.913332631358067,True,6
8,forecast_matched,1,1.0,0.14056234502583848,0.9889516161252199,8,"[1.4755030870437622,0.0,0.0,0.0,0.5969243049621582,0.0,0.0,0.0,2.0797698497772217,0.619958758354187,1.1584855020046234,0.0,0.6406768560409546,0.45710545778274536,1.0942941904067993,0.0,0.0,0.0,0.0,1.4684065580368042,1.6145951747894287,0.0,0.0,0.0,0.8435704112052917,0.0,0.0]",0.14056352665561408,0.9889512487185124,1.029999526909449,0.9144802338117712,True,5,0.14056355119599065,0.9889512486693051,1.0299995269094488,0.9144802326267233,True,6
8,forecast_matched,2,1.0,0.14054486928826546,0.989034482879971,8,"[1.43281090259552,0.0,0.0,0.0,1.2437686920166016,0.0,0.0,0.0,1.6185139417648315,1.3593590259552002,0.7322369515895844,0.0,0.9381007552146912,0.0,1.3893013000488281,0.0,0.0,0.0,0.0,1.1287797689437866,1.4393417835235596,0.0,0.0,0.0,0.5826452374458313,0.0,0.0]",0.14054479636187972,0.9890345804834233,1.029999526927026,0.914447425437412,True,4,0.140544790996702,0.9890345806243998,1.0299995269270268,0.9144474232948104,True,6
8,forecast_matched,3,1.0,0.14052940012106147,0.9890409585345867,8,"[2.198131799697876,0.0,0.0,0.0,0.22425711154937744,0.0,0.0,0.0,2.342393398284912,1.4312280416488647,2.016057252883911,0.0,1.4560869932174683,0.0,0.5491347312927246,0.0,0.0,0.0,0.0,0.1493401974439621,2.1055824756622314,0.0,0.0,0.0,0.0,0.0,0.0]",0.1405292795472553,0.989040962589714,1.0299995268844755,0.9145382894248733,True,4,0.14052927120869282,0.9890409626576087,1.0299995268844764,0.9145382887138148,True,6
8,forecast_matched,4,1.0,0.1405394591999656,0.9890075257837672,8,"[2.7118306159973145,0.0,0.0,0.0,0.055189598351716995,0.0,0.0,0.0,2.95219349861145,0.0,2.588376045227051,0.0,1.7817511558532715,0.0,0.0,0.0,0.0,0.0,0.0,0.0,2.70786190032959,0.0,0.0,0.0,0.0,0.0,0.0]",0.140539493507794,0.9890074807380597,1.029999526857947,0.9145910841832156,True,4,0.14053949037508043,0.9890074806807982,1.029999526857947,0.914591083235144,True,5
8,forecast_matched,5,1.0,0.14060389849081514,0.9889880221350398,8,"[2.8209760189056396,0.0,0.0,0.0,1.2624053955078125,0.0,0.0,0.0,3.1951241493225098,0.0,2.7568206787109375,0.0,0.3603897988796234,0.0,0.0,0.0,0.0,0.0,0.0,0.0,3.2900712490081787,0.0,0.0,0.0,0.0,0.0,0.0]",0.14060416445162788,0.9889879678723933,1.0299995267808557,0.9147420510943789,True,4,0.14060416885109991,0.9889879676981056,1.0299995267808542,0.914742056801678,True,6
8,pc_rollout,0,1.0,0.14021256504440616,0.9891395697777853,8,"[0.6445523500442505,0.0,0.0,0.0,0.48682188987731934,0.0,0.0,0.0,0.4821220338344574,0.8426827788352966,0.4354529082775116,0.0,0.19445116817951202,0.4290499687194824,0.15245148539543152,0.0,0.0,0.0,0.0,0.7458164691925049,0.29793214797973633,0.0,0.0,0.0,0.40620559453964233,0.0,0.0]",0.14021173644207785,0.9891395865497445,1.0299995274873075,0.9133326363540686,True,5,0.14021173982414672,0.9891395865756379,1.0299995274873077,0.913332630883975,True,6
8,pc_rollout,1,1.0,0.14056249118388706,0.9889515320239951,8,"[1.4758602380752563,0.0,0.0,0.0,0.5970666408538818,0.0,0.0,0.0,2.080274820327759,0.6201067566871643,1.1587803065776825,0.0,0.6408299207687378,0.45710545778274536,1.0945582389831543,0.0,0.0,0.0,0.0,1.4687620401382446,1.6149864196777344,0.0,0.0,0.0,0.8437731266021729,0.0,0.0]",0.14056369127706037,0.9889511639058444,1.0299995269092144,0.9144806975429595,True,5,0.14056368334098424,0.9889511638566159,1.029999526909214,0.9144806946893085,True,6
8,pc_rollout,2,1.0,0.14054475399392463,0.9890345427162182,8,"[1.4325079917907715,0.0,0.0,0.0,1.2435134649276733,0.0,0.0,0.0,1.6181633472442627,1.3590811491012573,0.7320418618619442,0.0,0.9379034042358398,0.0,1.3890115022659302,0.0,0.0,0.0,0.0,1.1285330057144165,1.4390358924865723,0.0,0.0,0.0,0.5826006531715393,0.0,0.0]",0.14054467976907425,0.9890346405965398,1.0299995269272313,0.9144470144750085,True,4,0.14054467447025712,0.9890346407382411,1.0299995269272317,0.9144470175656643,True,6
8,pc_rollout,3,1.0,0.1405292836615173,0.9890410142301803,8,"[2.1975417137145996,0.0,0.0,0.0,0.2243063896894455,0.0,0.0,0.0,2.3417599201202393,1.4312819242477417,2.0155115127563477,0.0,1.455704927444458,0.0,0.5491857528686523,0.0,0.0,0.0,0.0,0.1493772566318512,2.105018377304077,0.0,0.0,0.0,0.0,0.0,0.0]",0.140529165528551,0.9890410182808306,1.0299995268846838,0.9145378760923991,True,4,0.14052915435385455,0.9890410183486953,1.0299995268846844,0.9145378732387702,True,6
8,pc_rollout,4,1.0,0.1405394569960421,0.989007523655932,8,"[2.7118518352508545,0.0,0.0,0.0,0.05518878623843193,0.0,0.0,0.0,2.9522104263305664,0.0,2.588395595550537,0.0,1.781786322593689,0.0,0.0,0.0,0.0,0.0,0.0,0.0,2.707880735397339,0.0,0.0,0.0,0.0,0.0,0.0]",0.14053948303415417,0.9890074784888835,1.029999526857938,0.9145911041492246,True,4,0.14053949546629285,0.9890074784313285,1.0299995268579376,0.9145911067658392,True,5
8,pc_rollout,5,1.0,0.1406039130086365,0.9889880219310877,8,"[2.8209786415100098,0.0,0.0,0.0,1.2624009847640991,0.0,0.0,0.0,3.195125102996826,0.0,2.756822347640991,0.0,0.36040231585502625,0.0,0.0,0.0,0.0,0.0,0.0,0.0,3.290069818496704,0.0,0.0,0.0,0.0,0.0,0.0]",0.14060415567408177,0.9889879676725627,1.0299995267808546,0.9147420544220489,True,4,0.1406041642474474,0.9889879674982888,1.0299995267808533,0.914742056801678,True,6
9,forecast_matched,0,1.0,0.14018272481435762,0.9892766049792199,9,"[0.0,0.0,0.0,1.8139907121658325,0.0,0.0,0.0,0.0,0.0,0.531407356262207,0.0,0.42104247212409973,0.0,0.0,0.5935989022254944,0.2347055971622467,0.0,0.0,0.0,0.0,1.3514474630355835,0.0,0.0,0.0,0.0,0.0,0.0]",0.1401829682446347,0.9892765745154283,1.0299995275027103,0.9132330142809232,True,4,0.14018296753465703,0.9892765743576437,1.0299995275027087,0.9132330206991974,True,6
9,forecast_matched,1,1.0,0.14027860952012353,0.9892643130984786,9,"[0.0,0.0,0.0,0.08870269358158112,0.0,0.0,0.0,0.0,0.0,1.7153621912002563,0.0,0.0,0.0,0.0,1.2794874906539917,0.3841654360294342,0.0,0.0,0.0,0.0,4.061478614807129,0.0,0.0,0.0,0.0,0.0,0.0]",0.14027887255249313,0.9892642625728449,1.0299995272971412,0.9137196483902462,True,4,0.14027885760151276,0.9892642624024928,1.0299995272971396,0.9137196543344294,True,6
9,forecast_matched,2,1.0,0.14019445278293774,0.9892688539351066,9,"[0.0,0.0,0.0,0.0,0.0,0.0,0.0,0.0,0.0,2.127694606781006,0.0,0.0,0.0,0.0,0.1362154185771942,0.0,0.0,0.0,0.0,0.0,4.0816028118133545,0.0,0.0,0.0,0.0,0.0,0.0]",0.14019412865484554,0.9892689003356495,1.0299995273998372,0.9135186607550762,True,4,0.1401941380509516,0.9892689005362161,1.0299995273998388,0.9135186576644739,True,6
9,forecast_matched,3,1.0,0.1401757700874647,0.9892701860824925,9,"[0.0,0.0,0.0,0.0,0.0,0.0,0.0,0.0,0.0,3.0368597507476807,0.0,0.0,0.0,0.0,0.0,0.0,0.0,0.0,0.0,0.0,2.879169464111328,0.0,0.0,0.0,0.0,0.0,0.0]",0.14017571311930827,0.9892701960801458,1.0299995274350575,0.9134482527592783,True,4,0.1401757016172031,0.9892701961163538,1.029999527435058,0.9134482525222197,True,5
9,forecast_matched,4,1.0,0.14020967356824676,0.9892661549134526,9,"[0.0,0.0,0.0,0.0,0.0,0.0,0.0,0.0,0.0,3.544971227645874,0.0,0.0,0.0,0.0,0.0,0.0,0.0,0.0,0.0,0.0,3.23478102684021,0.0,0.0,0.0,0.0,0.0,0.0]",0.14020976909863697,0.9892661358011046,1.0299995273649192,0.9135891092658536,True,4,0.14020978797428682,0.9892661357385638,1.0299995273649187,0.9135891095029098,True,5
9,forecast_matched,5,1.0,0.1401313431517275,0.9892745336673032,9,"[0.0,0.0,0.0,0.0,0.0,0.0,0.0,0.0,0.0,4.61549711227417,0.0,0.0,0.0,0.0,0.0,0.0,0.0,0.0,0.0,0.0,0.0731082409620285,0.0,0.0,0.0,0.0,0.0,0.0]",0.14013110951638805,0.9892745767922881,1.029999527534277,0.9132487559980305,True,4,0.14013110132478798,0.9892745769436334,1.0299995275342781,0.9132487557609689,True,6
9,pc_rollout,0,1.0,0.14018432678160717,0.9892760734081432,9,"[0.0,0.0,0.0,1.8139907121658325,0.0,0.0,0.0,0.0,0.0,0.531407356262207,0.0,0.42104247212409973,0.0,0.0,0.5935989022254944,0.2347055971622467,0.0,0.0,0.0,0.0,1.3514474630355835,0.0,0.0,0.0,0.0,0.0,0.0]",0.14018298886871317,0.9892765742978393,1.0299995275027083,0.9132330183197289,True,5,0.14018296108415035,0.9892765743539199,1.0299995275027087,0.9132330216473903,True,6
9,pc_rollout,1,1.0,0.14027861634730898,0.9892643118026191,9,"[0.0,0.0,0.0,0.08870269358158112,0.0,0.0,0.0,0.0,0.0,1.7153621912002563,0.0,0.0,0.0,0.0,1.2794874906539917,0.3841654360294342,0.0,0.0,0.0,0.0,4.061478614807129,0.0,0.0,0.0,0.0,0.0,0.0]",0.14027887016305174,0.9892642625728435,1.0299995272971412,0.9137196517179079,True,4,0.14027886979085472,0.9892642624024934,1.0299995272971396,0.9137196524290477,True,6
9,pc_rollout,2,1.0,0.14019445135646144,0.989268853931385,9,"[0.0,0.0,0.0,0.0,0.0,0.0,0.0,0.0,0.0,2.127694606781006,0.0,0.0,0.0,0.0,0.1362154185771942,0.0,0.0,0.0,0.0,0.0,4.0816028118133545,0.0,0.0,0.0,0.0,0.0,0.0]",0.14019412865484554,0.9892689003356495,1.0299995273998372,0.9135186607550762,True,4,0.1401941380509516,0.9892689005362161,1.0299995273998388,0.9135186576644739,True,6
9,pc_rollout,3,1.0,0.14017574721910142,0.9892701860824826,9,"[0.0,0.0,0.0,0.0,0.0,0.0,0.0,0.0,0.0,3.0368597507476807,0.0,0.0,0.0,0.0,0.0,0.0,0.0,0.0,0.0,0.0,2.879169464111328,0.0,0.0,0.0,0.0,0.0,0.0]",0.14017571311930827,0.9892701960801458,1.0299995274350575,0.9134482527592783,True,4,0.1401757016172031,0.9892701961163538,1.029999527435058,0.9134482525222197,True,5
9,pc_rollout,4,1.0,0.14020967357886996,0.9892661549134535,9,"[0.0,0.0,0.0,0.0,0.0,0.0,0.0,0.0,0.0,3.544971227645874,0.0,0.0,0.0,0.0,0.0,0.0,0.0,0.0,0.0,0.0,3.23478102684021,0.0,0.0,0.0,0.0,0.0,0.0]",0.14020976909863697,0.9892661358011046,1.0299995273649192,0.9135891092658536,True,4,0.14020978797428682,0.9892661357385638,1.0299995273649187,0.9135891095029098,True,5
9,pc_rollout,5,1.0,0.14013134315173897,0.9892745336673032,9,"[0.0,0.0,0.0,0.0,0.0,0.0,0.0,0.0,0.0,4.61549711227417,0.0,0.0,0.0,0.0,0.0,0.0,0.0,0.0,0.0,0.0,0.0731082409620285,0.0,0.0,0.0,0.0,0.0,0.0]",0.14013110951638805,0.9892745767922881,1.029999527534277,0.9132487559980305,True,4,0.14013110132478798,0.9892745769436334,1.0299995275342781,0.9132487557609689,True,6
10,forecast_matched,0,1.0,0.13996052989809976,0.9892962186960129,10,"[0.0,0.0,0.0,0.0,0.0,0.0,0.0,0.29093316197395325,0.0,0.0,0.0,0.0,0.0,0.0,0.0,0.0,0.0,0.0,0.0,0.0,0.0,0.0,0.0,0.0,0.0,0.0,0.0]",0.13996059344514913,0.9892962077857489,1.0299995278904892,0.9125324191073789,True,4,0.13996058638564307,0.9892962077457004,1.0299995278904888,0.9125324193444511,True,5
10,forecast_matched,1,1.0,0.14006558208241598,0.9892870045262306,10,"[0.0,0.0,0.0,0.0,0.0,0.0,0.0,2.0521302223205566,0.0,0.0,0.0,0.0,0.0,0.0,0.0,0.0,0.0,0.0,0.0,0.0,0.0,0.0,0.0,0.0,0.0,0.0,0.0]",0.14006597330215598,0.9892869380776765,1.0299995277398628,0.9128278718742275,True,4,0.14006597967513218,0.9892869378186725,1.0299995277398604,0.912827876387175,True,6
10,forecast_matched,2,1.0,0.1401093361452272,0.9892831442431649,10,"[0.0,0.0,0.0,0.0,0.0,0.0,0.0,2.7778711318969727,0.0,0.0,0.0,0.0,0.0,0.0,0.0,0.0,0.0,0.0,0.0,0.0,0.0,0.0,0.0,0.0,0.0,0.0,0.0]",0.14010949598786374,0.9892831165483649,1.0299995276777714,0.9129496469344747,True,4,0.14010950495727822,0.9892831164411757,1.0299995276777705,0.9129496474085779,True,6
10,forecast_matched,3,1.0,0.13995354275743904,0.9892967808919567,10,"[0.0,0.0,0.0,0.0,0.0,0.0,0.0,0.16331838071346283,0.0,0.0,0.0,0.0,0.0,0.0,0.0,0.0,0.0,0.0,0.0,0.0,0.0,0.0,0.0,0.0,0.0,0.0,0.0]",0.13995294848366804,0.9892968788521028,1.0299995279013971,0.9125110219575036,True,4,0.1399529455972529,0.9892968792329458,1.0299995279014005,0.9125110129228294,True,6
10,forecast_matched,4,1.0,0.1399432384902258,0.9892977320281664,10,"[0.0,0.0,0.0,0.0,0.0,0.0,0.0,0.0,0.0,0.0,0.0,0.0,0.0,0.0,0.0,0.0,0.0,0.0,0.0,0.0,0.0,0.0,0.0,0.0,0.0,0.0,0.0]",0.1399432061924154,0.9892977385292594,1.0299995279153642,0.9124836207449173,True,4,0.13994320131151947,0.9892977385517105,1.0299995279153642,0.9124836205078428,True,5
10,forecast_matched,5,1.0,0.13994320885883596,0.9892977385280262,10,"[0.0,0.0,0.0,0.0,0.0,0.0,0.0,0.0,0.0,0.0,0.0,0.0,0.0,0.0,0.0,0.0,0.0,0.0,0.0,0.0,0.0,0.0,0.0,0.0,0.0,0.0,0.0]",0.13994320774532273,0.9892977385530177,1.0299995279153642,0.9124836200336938,True,2,0.13994320427241236,0.98929773855309,1.0299995279153642,0.912483617417262,True,2
10,pc_rollout,0,1.0,0.13996106016755314,0.9892961118089583,10,"[0.0,0.0,0.0,0.0,0.0,0.0,0.0,0.29093316197395325,0.0,0.0,0.0,0.0,0.0,0.0,0.0,0.0,0.0,0.0,0.0,0.0,0.0,0.0,0.0,0.0,0.0,0.0,0.0]",0.13996058881890353,0.9892962074199798,1.0299995278904859,0.9125324257626908,True,4,0.1399605839922309,0.9892962077422501,1.0299995278904888,0.9125324202927397,True,6
10,pc_rollout,1,1.0,0.1400655791801051,0.9892870041597157,10,"[0.0,0.0,0.0,0.0,0.0,0.0,0.0,2.0521302223205566,0.0,0.0,0.0,0.0,0.0,0.0,0.0,0.0,0.0,0.0,0.0,0.0,0.0,0.0,0.0,0.0,0.0,0.0,0.0]",0.14006598082286792,0.9892869380776745,1.0299995277398628,0.9128278692577414,True,4,0.14006597967513218,0.9892869378186725,1.0299995277398604,0.912827876387175,True,6
10,pc_rollout,2,1.0,0.1401093240422126,0.9892831442420436,10,"[0.0,0.0,0.0,0.0,0.0,0.0,0.0,2.7778711318969727,0.0,0.0,0.0,0.0,0.0,0.0,0.0,0.0,0.0,0.0,0.0,0.0,0.0,0.0,0.0,0.0,0.0,0.0,0.0]",0.14010949598786487,0.9892831165483649,1.0299995276777714,0.9129496469344747,True,4,0.14010950495727822,0.9892831164411757,1.0299995276777705,0.9129496474085779,True,6
10,pc_rollout,3,1.0,0.13995354639905105,0.9892967808919553,10,"[0.0,0.0,0.0,0.0,0.0,0.0,0.0,0.16331838071346283,0.0,0.0,0.0,0.0,0.0,0.0,0.0,0.0,0.0,0.0,0.0,0.0,0.0,0.0,0.0,0.0,0.0,0.0,0.0]",0.13995294848366804,0.9892968788521028,1.0299995279013971,0.9125110219575036,True,4,0.1399529455972529,0.9892968792329458,1.0299995279014005,0.9125110129228294,True,6
10,pc_rollout,4,1.0,0.1399432370336771,0.9892977320281656,10,"[0.0,0.0,0.0,0.0,0.0,0.0,0.0,0.0,0.0,0.0,0.0,0.0,0.0,0.0,0.0,0.0,0.0,0.0,0.0,0.0,0.0,0.0,0.0,0.0,0.0,0.0,0.0]",0.1399432061924154,0.9892977385292594,1.0299995279153642,0.9124836207449173,True,4,0.13994320131151947,0.9892977385517105,1.0299995279153642,0.9124836205078428,True,5
10,pc_rollout,5,1.0,0.13994320885879957,0.9892977385280262,10,"[0.0,0.0,0.0,0.0,0.0,0.0,0.0,0.0,0.0,0.0,0.0,0.0,0.0,0.0,0.0,0.0,0.0,0.0,0.0,0.0,0.0,0.0,0.0,0.0,0.0,0.0,0.0]",0.13994320774532273,0.9892977385530177,1.0299995279153642,0.9124836200336938,True,2,0.13994320427241236,0.98929773855309,1.0299995279153642,0.912483617417262,True,2
11,forecast_matched,0,1.0,0.1399594395542891,0.9892963671398564,11,"[0.0,0.0,0.0,0.16250638663768768,0.0,0.0,0.0,0.07007189467549324,0.0,0.0,0.0,0.0,0.0,0.04862980172038078,0.0,0.0,0.0,0.0,0.0,0.0,0.0,0.0,0.0,0.0,0.0,0.0,0.0]",0.1399586754655911,0.9892964903411878,1.029999527891481,0.9125305600121083,True,4,0.13995869155325244,0.9892964908240869,1.0299995278914857,0.9125305497920684,True,6
11,forecast_matched,1,1.0,0.14001023258782191,0.9892923381904342,11,"[0.0,0.0,0.0,0.9968165755271912,0.0,0.0,0.0,0.15969420969486237,0.0,0.0,0.0,0.0,0.0,0.10512718930840492,0.0,0.0,0.0,0.0,0.0,0.0,0.0,0.0,0.0,0.0,0.0,0.0,0.0]",0.14001041906899678,0.9892923081959883,1.029999527808352,0.9126938530039339,True,4,0.14001041558095656,0.9892923080776959,1.029999527808351,0.9126938565686562,True,6
11,forecast_matched,2,1.0,0.14003687836153292,0.9892901444013665,11,"[0.0,0.0,0.0,1.1514201164245605,0.0,0.0,0.0,0.3832913786172867,0.0,0.0,0.0,0.0,0.0,0.19154418259859085,0.0,0.0,0.0,0.0,0.0,0.0,0.0,0.0,0.0,0.0,0.0,0.0,0.0]",0.1400369590644024,0.9892901283675131,1.0299995277688097,0.9127715587167988,True,4,0.14003697534115647,0.9892901283087391,1.029999527768809,0.9127715534838484,True,5
11,forecast_matched,3,1.0,0.14005765171323054,0.9892884021122269,11,"[0.0,0.0,0.0,0.46751803159713745,0.0,0.0,0.0,1.0264276266098022,0.0,0.0,0.0,0.0,0.0,0.48155683279037476,0.0,0.0,0.0,0.0,0.0,0.0,0.0,0.0,0.0,0.0,0.0,0.0,0.0]",0.14005773676632555,0.9892883890052958,1.0299995277471747,0.9128142070687375,True,4,0.14005773595624993,0.9892883889555747,1.029999527747174,0.9128142096852185,True,5
11,forecast_matched,4,1.0,0.14013561561384397,0.9892820610147993,11,"[0.0,0.0,0.0,1.5257190465927124,0.0,0.0,0.0,1.323482558131218,0.0,0.0,0.0,0.0,0.0,0.5781066343188286,0.0,0.0,0.0,0.0,0.0,0.0,0.0,0.0,0.0,0.0,0.0,0.0,0.0]",0.1401358999007346,0.9892820145072073,1.0299995276239247,0.9130562813894533,True,4,0.14013589442357455,0.9892820143263824,1.0299995276239229,0.9130562851912105,True,6
11,forecast_matched,5,1.0,0.14016981145959548,0.9892798383310781,11,"[0.0,0.0,0.0,1.9376614093780518,0.0,0.0,0.0,0.9807165861129761,0.0,0.0,0.0,0.0,0.0,1.1270499713718891,0.0,0.0,0.0,0.0,0.0,0.0,0.0,0.0,0.0,0.0,0.0,0.0,0.0]",0.14016993145527834,0.9892798203552049,1.0299995275717893,0.9131592627195421,True,4,0.14016991840012893,0.9892798202873425,1.0299995275717888,0.9131592655731168,True,5
11,pc_rollout,0,1.0,0.13995863142360251,0.9892964999980599,11,"[0.0,0.0,0.0,0.16250638663768768,0.0,0.0,0.0,0.07007189467549324,0.0,0.0,0.0,0.0,0.0,0.04862980172038078,0.0,0.0,0.0,0.0,0.0,0.0,0.0,0.0,0.0,0.0,0.0,0.0,0.0]",0.13995868771866207,0.9892964908614363,1.0299995278914862,0.9125305526455795,True,4,0.13995870278171632,0.9892964908277851,1.0299995278914857,0.9125305505032855,True,5
11,pc_rollout,1,1.0,0.14001024507123494,0.9892923387106304,11,"[0.0,0.0,0.0,0.9968165755271912,0.0,0.0,0.0,0.15969420969486237,0.0,0.0,0.0,0.0,0.0,0.10512718930840492,0.0,0.0,0.0,0.0,0.0,0.0,0.0,0.0,0.0,0.0,0.0,0.0,0.0]",0.14001043818925443,0.9892923081959942,1.029999527808352,0.9126938527668693,True,4,0.14001041558095656,0.9892923080776959,1.029999527808351,0.9126938565686562,True,6
11,pc_rollout,2,1.0,0.14003687630551717,0.9892901444030942,11,"[0.0,0.0,0.0,1.1514201164245605,0.0,0.0,0.0,0.3832913786172867,0.0,0.0,0.0,0.0,0.0,0.19154418259859085,0.0,0.0,0.0,0.0,0.0,0.0,0.0,0.0,0.0,0.0,0.0,0.0,0.0]",0.14003695608776043,0.9892901283675131,1.0299995277688097,0.9127715587167988,True,4,0.14003697534115647,0.9892901283087391,1.029999527768809,0.9127715534838484,True,5
11,pc_rollout,3,1.0,0.14005765643462795,0.9892884021122303,11,"[0.0,0.0,0.0,0.46751803159713745,0.0,0.0,0.0,1.0264276266098022,0.0,0.0,0.0,0.0,0.0,0.48155683279037476,0.0,0.0,0.0,0.0,0.0,0.0,0.0,0.0,0.0,0.0,0.0,0.0,0.0]",0.14005773676632555,0.9892883890052958,1.0299995277471747,0.9128142070687375,True,4,0.14005773595624993,0.9892883889555747,1.029999527747174,0.9128142096852185,True,5
11,pc_rollout,4,1.0,0.14013562722225004,0.9892820610147995,11,"[0.0,0.0,0.0,1.5257190465927124,0.0,0.0,0.0,1.323482558131218,0.0,0.0,0.0,0.0,0.0,0.5781066343188286,0.0,0.0,0.0,0.0,0.0,0.0,0.0,0.0,0.0,0.0,0.0,0.0,0.0]",0.1401358999007346,0.9892820145072073,1.0299995276239247,0.9130562813894533,True,4,0.14013589442357455,0.9892820143263824,1.0299995276239229,0.9130562851912105,True,6
11,pc_rollout,5,1.0,0.14016981145959548,0.9892798383310781,11,"[0.0,0.0,0.0,1.9376614093780518,0.0,0.0,0.0,0.9807165861129761,0.0,0.0,0.0,0.0,0.0,1.1270499713718891,0.0,0.0,0.0,0.0,0.0,0.0,0.0,0.0,0.0,0.0,0.0,0.0,0.0]",0.14016993145527834,0.9892798203552049,1.0299995275717893,0.9131592627195421,True,4,0.14016991840012893,0.9892798202873425,1.0299995275717888,0.9131592655731168,True,5
12,forecast_matched,0,1.0,0.14023952933139577,0.9891665161749184,12,"[0.24102596938610077,0.0,0.0,0.0,0.0,0.0,0.0,0.25123488903045654,0.0,1.554599404335022,0.0,0.32488811016082764,0.6678322553634644,0.0,1.1997809708118439,0.0,0.0,0.0,0.0,0.8167159557342529,0.8502575159072876,0.0,0.0,0.0,0.0,0.0,0.0]",0.14023785322877322,0.9891667734536863,1.0299995274241958,0.9134074433010847,True,5,0.14023784967193773,0.9891667735139597,1.029999527424196,0.9134074409216097,True,6
12,forecast_matched,1,1.0,0.14046865627811592,0.989083875589912,12,"[1.368780493736267,0.0,0.0,0.0,0.0,0.0,0.0,0.10511167347431183,0.0,1.9849116802215576,0.0,0.8632941842079163,0.411917082965374,0.09616604447364807,2.589680790901184,0.0,0.0,0.0,0.0,1.3261871933937073,1.2673029899597168,0.1021999791264534,0.0,0.0,0.0,0.0,0.0]",0.14046946725701503,0.9890836816895795,1.0299995270698212,0.9140043152554509,True,5,0.1404694584812681,0.9890836816583508,1.0299995270698212,0.9140043240533344,True,6
12,forecast_matched,2,1.0,0.14062710450755767,0.9890407611716662,12,"[1.1018718481063843,0.0,0.0,0.024630779400467873,0.0,0.0,0.0,0.8764026165008545,0.0,0.9212999939918518,0.0,1.469797134399414,1.2121038883924484,1.024400234222412,2.7795812860131264,0.13169319927692413,0.0,0.0,0.0,1.5808935761451721,0.9756752848625183,0.6178243160247803,0.0,0.0,0.0,0.0,0.0]",0.14062770397556854,0.9890406358619548,1.0299995268467461,0.9142594659036027,True,4,0.14062769679780032,0.9890406354465977,1.0299995268467426,0.9142594785032674,True,6
12,forecast_matched,3,1.0,0.14065919467420324,0.9891258868726983,12,"[0.46722976863384247,0.0,0.0,0.817134439945221,0.0,0.0,0.0,0.9654679298400879,0.0,1.4949711561203003,0.0,1.5443273782730103,1.0608269199728966,0.9575945138931274,3.101580262184143,0.5430164933204651,0.0,0.0,0.0,0.8914034217596054,0.7280150651931763,0.8149741142988205,0.0,0.0,0.0,0.0,0.0]",0.14065930991808032,0.9891259530155423,1.0299995267902597,0.9143265446786342,True,4,0.14065931686840896,0.9891259530261091,1.029999526790259,0.9143265451526387,True,6
12,forecast_matched,4,1.0,0.14071936736571014,0.98912652861472,12,"[1.125063806772232,0.0,0.0,1.3463923931121826,0.0,0.0,0.0,1.1940484046936035,0.0,0.8770825862884521,0.0,2.116006016731262,1.3870117142796516,0.3983195424079895,2.5998478531837463,1.140295386314392,0.0,0.0,0.0,0.8525859713554382,0.6279746890068054,0.7332482635974884,0.0,0.0,0.1322883665561676,0.0,0.0]",0.14071958471996165,0.9891264968672503,1.0299995266924447,0.9144378587746778,True,4,0.14071959462320133,0.9891264967283339,1.0299995266924435,0.9144378592486664,True,6
12,forecast_matched,5,1.0,0.1407273618351569,0.9891532235679494,12,"[2.3952019214630127,0.0,0.0,1.2617112398147583,0.0,0.0,0.0,1.073783040046692,0.0,1.1000254154205322,0.0,2.0663036108016968,1.3527774214744568,0.05281048268079758,1.9288726449012756,1.1677170991897583,0.0,0.0,0.0,0.6228419542312622,1.1226073503494263,0.703982412815094,0.0,0.0,0.28574953973293304,0.0,0.0]",0.14072734856384778,0.9891532480017355,1.0299995266456927,0.9145461001114872,True,4,0.14072735841345466,0.9891532480354422,1.0299995266456927,0.9145461027281773,True,5
12,pc_rollout,0,1.0,0.1402376645348957,0.9891669098160325,12,"[0.24102596938610077,0.0,0.0,0.0,0.0,0.0,0.0,0.25123488903045654,0.0,1.554599404335022,0.0,0.32488811016082764,0.6678322553634644,0.0,1.1997809708118439,0.0,0.0,0.0,0.0,0.8167159557342529,0.8502575159072876,0.0,0.0,0.0,0.0,0.0,0.0]",0.14023784994471816,0.9891667737419121,1.0299995274241973,0.9134074397363765,True,4,0.14023784784876964,0.9891667735181,1.0299995274241962,0.913407440684563,True,6
12,pc_rollout,1,1.0,0.1404686382607513,0.9890838768997211,12,"[1.368780493736267,0.0,0.0,0.0,0.0,0.0,0.0,0.10511167347431183,0.0,1.9849116802215576,0.0,0.8632941842079163,0.411917082965374,0.09616604447364807,2.589680790901184,0.0,0.0,0.0,0.0,1.3261871933937073,1.2673029899597168,0.1021999791264534,0.0,0.0,0.0,0.0,0.0]",0.14046946118223402,0.9890836816895795,1.0299995270698212,0.9140043190571648,True,5,0.1404694584812681,0.9890836816583508,1.0299995270698212,0.9140043240533344,True,6
12,pc_rollout,2,1.0,0.140627110175384,0.98904076117586,12,"[1.1018718481063843,0.0,0.0,0.024630779400467873,0.0,0.0,0.0,0.8764026165008545,0.0,0.9212999939918518,0.0,1.469797134399414,1.2121038883924484,1.024400234222412,2.7795812860131264,0.13169319927692413,0.0,0.0,0.0,1.5808935761451721,0.9756752848625183,0.6178243160247803,0.0,0.0,0.0,0.0,0.0]",0.14062770397556854,0.9890406358619548,1.0299995268467461,0.9142594659036027,True,4,0.14062769679780032,0.9890406354465977,1.0299995268467426,0.9142594785032674,True,6
12,pc_rollout,3,1.0,0.14065919521057565,0.98912588687271,12,"[0.46722976863384247,0.0,0.0,0.817134439945221,0.0,0.0,0.0,0.9654679298400879,0.0,1.4949711561203003,0.0,1.5443273782730103,1.0608269199728966,0.9575945138931274,3.101580262184143,0.5430164933204651,0.0,0.0,0.0,0.8914034217596054,0.7280150651931763,0.8149741142988205,0.0,0.0,0.0,0.0,0.0]",0.14065930991808032,0.9891259530155423,1.0299995267902597,0.9143265446786342,True,4,0.14065931686840896,0.9891259530261091,1.029999526790259,0.9143265451526387,True,6
12,pc_rollout,4,1.0,0.14071936736570534,0.98912652861472,12,"[1.125063806772232,0.0,0.0,1.3463923931121826,0.0,0.0,0.0,1.1940484046936035,0.0,0.8770825862884521,0.0,2.116006016731262,1.3870117142796516,0.3983195424079895,2.5998478531837463,1.140295386314392,0.0,0.0,0.0,0.8525859713554382,0.6279746890068054,0.7332482635974884,0.0,0.0,0.1322883665561676,0.0,0.0]",0.14071958471996165,0.9891264968672503,1.0299995266924447,0.9144378587746778,True,4,0.14071959462320133,0.9891264967283339,1.0299995266924435,0.9144378592486664,True,6
12,pc_rollout,5,1.0,0.1407273618351589,0.9891532235679494,12,"[2.3952019214630127,0.0,0.0,1.2617112398147583,0.0,0.0,0.0,1.073783040046692,0.0,1.1000254154205322,0.0,2.0663036108016968,1.3527774214744568,0.05281048268079758,1.9288726449012756,1.1677170991897583,0.0,0.0,0.0,0.6228419542312622,1.1226073503494263,0.703982412815094,0.0,0.0,0.28574953973293304,0.0,0.0]",0.14072734856384778,0.9891532480017355,1.0299995266456927,0.9145461001114872,True,4,0.14072735841345466,0.9891532480354422,1.0299995266456927,0.9145461027281773,True,5
13,forecast_matched,0,1.0,0.13997982559402927,0.9892946716451276,13,"[0.0,0.0,0.0,0.0,0.0,0.0,0.0,0.0,0.0,0.0,0.0,0.29283279180526733,0.0,0.0,0.0,0.0,0.0,0.0,0.0,0.0,0.0,0.48639944195747375,0.0,0.0,0.0,0.0,0.0]",0.13997942433026256,0.9892947381718505,1.0299995278500158,0.9124863046468646,True,4,0.1399794078364014,0.9892947384291052,1.0299995278500182,0.9124863013192088,True,6
13,forecast_matched,1,1.0,0.14010199812243343,0.9892847040203071,13,"[0.0,0.0,0.0,0.0,0.0,0.0,0.0,0.0,0.0,0.0,0.0,1.635785460472107,0.0,0.0,0.0,0.0,0.0,0.0,0.0,0.0,0.0,1.7627147436141968,0.0,0.0,0.0,0.0,0.0]",0.14010242370655032,0.9892846326462947,1.0299995276300058,0.9124953306285019,True,4,0.1401024096001449,0.989284632370965,1.0299995276300031,0.9124953377579477,True,6
13,forecast_matched,2,1.0,0.14012387698756354,0.9892828705063631,13,"[0.0,0.0,0.0,0.0,0.0,0.0,0.0,0.0,0.0,0.0,0.0,1.8254649639129639,0.0,0.0,0.0,0.0,0.0,0.0,0.0,0.0,0.0,2.033466100692749,0.0,0.0,0.0,0.0,0.0]",0.14012396312191241,0.9892828577215056,1.0299995275913583,0.912496922096624,True,4,0.14012394176683385,0.9892828576761014,1.0299995275913578,0.9124969285148752,True,5
13,forecast_matched,3,1.0,0.14012058658916918,0.9892831291595511,13,"[0.0,0.0,0.0,0.0,0.0,0.0,0.0,0.0,0.0,0.0,0.0,1.7695733308792114,0.0,0.0,0.0,0.0,0.0,0.0,0.0,0.0,0.0,2.0187768936157227,0.0,0.0,0.0,0.0,0.0]",0.1401205707881041,0.989283130965178,1.0299995275973033,0.912496685192429,True,3,0.1401205643077216,0.9892831310915899,1.0299995275973046,0.9124966792483072,True,5
13,forecast_matched,4,1.0,0.14010985053829547,0.989284066260641,13,"[0.0,0.0,0.0,0.0,0.0,0.0,0.0,0.0,0.0,0.0,0.0,1.9606927633285522,0.0,0.0,0.0,0.0,0.0,0.0,0.0,0.0,0.0,1.5795787572860718,0.0,0.0,0.0,0.0,0.0]",0.14010982100515326,0.9892840720214857,1.029999527617874,0.9124958438941126,True,3,0.14010980873089157,0.9892840724065701,1.0299995276178773,0.9124958374758629,True,5
13,forecast_matched,5,1.0,0.14009301339839472,0.9892857039058357,13,"[0.0,0.0,0.0,0.0,0.0,0.0,0.0,0.0,0.0,0.0,0.0,3.0970523357391357,0.0,0.0,0.0,0.0,0.0,0.0,0.0,0.0,0.0,0.0,0.0,0.0,0.0,0.0,0.0]",0.14009295057095894,0.9892857125901855,1.0299995276539402,0.9124943800900749,True,3,0.14009296186996575,0.9892857131528618,1.0299995276539453,0.9124943705812358,True,5
13,pc_rollout,0,1.0,0.1399819690850901,0.9892942366215881,13,"[0.0,0.0,0.0,0.0,0.0,0.0,0.0,0.0,0.0,0.0,0.0,0.29283279180526733,0.0,0.0,0.0,0.0,0.0,0.0,0.0,0.0,0.0,0.48639944195747375,0.0,0.0,0.0,0.0,0.0]",0.13997941938820407,0.9892947383311999,1.0299995278500174,0.9124863046468646,True,5,0.13997942229556606,0.989294738424418,1.0299995278500182,0.9124863041727196,True,6
13,pc_rollout,1,1.0,0.1401019986760327,0.9892847025550086,13,"[0.0,0.0,0.0,0.0,0.0,0.0,0.0,0.0,0.0,0.0,0.0,1.635785460472107,0.0,0.0,0.0,0.0,0.0,0.0,0.0,0.0,0.0,1.7627147436141968,0.0,0.0,0.0,0.0,0.0]",0.14010240572879862,0.989284632646296,1.0299995276300058,0.9124953341932249,True,4,0.1401024096001449,0.989284632370965,1.0299995276300031,0.9124953377579477,True,6
13,pc_rollout,2,1.0,0.14012387948061442,0.9892828705016684,13,"[0.0,0.0,0.0,0.0,0.0,0.0,0.0,0.0,0.0,0.0,0.0,1.8254649639129639,0.0,0.0,0.0,0.0,0.0,0.0,0.0,0.0,0.0,2.033466100692749,0.0,0.0,0.0,0.0,0.0]",0.14012396312191241,0.9892828577215056,1.0299995275913583,0.912496922096624,True,4,0.14012394176683385,0.9892828576761014,1.0299995275913578,0.9124969285148752,True,5
13,pc_rollout,3,1.0,0.14012058598286742,0.989283129159539,13,"[0.0,0.0,0.0,0.0,0.0,0.0,0.0,0.0,0.0,0.0,0.0,1.7695733308792114,0.0,0.0,0.0,0.0,0.0,0.0,0.0,0.0,0.0,2.0187768936157227,0.0,0.0,0.0,0.0,0.0]",0.1401205707881041,0.989283130965178,1.0299995275973033,0.912496685192429,True,3,0.1401205643077216,0.9892831310915899,1.0299995275973046,0.9124966792483072,True,5
13,pc_rollout,4,1.0,0.1401098505383068,0.9892840662606408,13,"[0.0,0.0,0.0,0.0,0.0,0.0,0.0,0.0,0.0,0.0,0.0,1.9606927633285522,0.0,0.0,0.0,0.0,0.0,0.0,0.0,0.0,0.0,1.5795787572860718,0.0,0.0,0.0,0.0,0.0]",0.14010982100515326,0.9892840720214857,1.029999527617874,0.9124958438941126,True,3,0.14010980873089157,0.9892840724065701,1.0299995276178773,0.9124958374758629,True,5
13,pc_rollout,5,1.0,0.14009301339839472,0.9892857039058357,13,"[0.0,0.0,0.0,0.0,0.0,0.0,0.0,0.0,0.0,0.0,0.0,3.0970523357391357,0.0,0.0,0.0,0.0,0.0,0.0,0.0,0.0,0.0,0.0,0.0,0.0,0.0,0.0,0.0]",0.14009295057095894,0.9892857125901855,1.0299995276539402,0.9124943800900749,True,3,0.14009296186996575,0.9892857131528618,1.0299995276539453,0.9124943705812358,True,5
14,forecast_matched,0,1.0,0.1400030969973934,0.9892920075675001,14,"[0.0,0.0,0.0,0.0,0.0,0.0,0.0,0.42836402356624603,0.2130240499973297,0.07549022138118744,0.0,0.0,0.0,0.0,0.0,0.0,0.0,0.0,0.0,0.0,0.0,0.050155602395534515,0.0,0.0,0.35045725107192993,0.0,0.0]",0.14000219616628315,0.9892921597678066,1.0299995278211165,0.9126613725968588,True,4,0.14000219571549838,0.9892921603509215,1.029999527821122,0.9126613557215068,True,6
14,forecast_matched,1,1.0,0.14035834234744227,0.9892582587904437,14,"[0.0,0.0,0.0,0.0,0.0,0.0,0.0,2.462354898452759,1.1086689233779907,1.6468134820461273,0.0,0.0,0.0,0.0,0.0,0.0,0.0,0.0,0.29150646924972534,0.0,0.0,1.6947389841079712,0.0,0.0,1.2013564109802246,0.0,0.0]",0.14035956954935874,0.98925804409116,1.0299995272117066,0.9135543252511827,True,5,0.14035957125241977,0.9892580440469325,1.029999527211706,0.9135543281047871,True,6
14,forecast_matched,2,1.0,0.1403857297164229,0.9892561677402079,14,"[0.0,0.0,0.0,0.0,0.0,0.0,0.0,2.9444090127944946,1.2292840480804443,1.0669786930084229,0.0,0.0,0.0,0.0,0.0,0.0,0.0,0.0,0.5810598731040955,0.0,0.0,0.980499804019928,0.0,0.0,1.8168466091156006,0.0,0.0]",0.14038585407635343,0.9892561474890814,1.029999527190441,0.9136617627737541,True,4,0.14038585475911744,0.9892561474137032,1.0299995271904405,0.9136617632478015,True,5
14,forecast_matched,3,1.0,0.14027832511761296,0.9892670202354191,14,"[0.0,0.0,0.0,0.0,0.0,0.0,0.0,2.1755218505859375,2.276083469390869,0.20973338186740875,0.0,0.0,0.0,0.0,0.0,0.0,0.0,0.0,0.22596049308776855,0.0,0.0,1.3311947584152222,0.0,0.0,0.5782949924468994,0.0,0.0]",0.14027793796194687,0.9892670911299416,1.029999527346958,0.9133568287946405,True,4,0.14027793508794176,0.9892670913982281,1.0299995273469602,0.9133568264151363,True,6
14,forecast_matched,4,1.0,0.14031196926313746,0.9892653600195696,14,"[0.0,0.0,0.0,0.0,0.0,0.0,0.0,2.8554177284240723,1.298060655593872,0.0,0.0,0.0,0.0,0.0,0.0,0.0,0.0,0.0,0.0,0.0,0.0,3.189579486846924,0.0,0.0,0.0,0.0,0.0]",0.14031213625463937,0.9892653392551976,1.029999527298736,0.9131857464814599,True,4,0.1403121289359442,0.9892653391656837,1.029999527298735,0.913185742916758,True,6
14,forecast_matched,5,1.0,0.14026396647330727,0.9892704016191315,14,"[0.0,0.0,0.0,0.0,0.0,0.0,0.0,1.4278039932250977,0.0,0.0,0.0,0.0,0.0,0.0,0.0,0.0,0.0,0.0,0.0,0.0,0.0,5.1635966300964355,0.0,0.0,0.0,0.0,0.0]",0.1402637959998902,0.9892704318284993,1.0299995273617086,0.9127408339240974,True,4,0.14026381288766787,0.9892704319430279,1.0299995273617095,0.9127408277428734,True,6
14,pc_rollout,0,1.0,0.14000250922162527,0.9892921091307497,14,"[0.0,0.0,0.0,0.0,0.0,0.0,0.0,0.42836402356624603,0.2130240499973297,0.07549022138118744,0.0,0.0,0.0,0.0,0.0,0.0,0.0,0.0,0.0,0.0,0.0,0.050155602395534515,0.0,0.0,0.35045725107192993,0.0,0.0]",0.14000218035510986,0.9892921601527391,1.02999952782112,0.9126613657044776,True,4,0.14000218956872224,0.9892921603521606,1.029999527821122,0.9126613597603647,True,6
14,pc_rollout,1,1.0,0.14035833563699224,0.9892582591766609,14,"[0.0,0.0,0.0,0.0,0.0,0.0,0.0,2.462354898452759,1.1086689233779907,1.6468134820461273,0.0,0.0,0.0,0.0,0.0,0.0,0.0,0.0,0.29150646924972534,0.0,0.0,1.6947389841079712,0.0,0.0,1.2013564109802246,0.0,0.0]",0.14035958486123207,0.9892580440911597,1.0299995272117066,0.913554321686487,True,5,0.14035957125241977,0.9892580440469325,1.029999527211706,0.9135543281047871,True,6
14,pc_rollout,2,1.0,0.14038572181359754,0.989256167741457,14,"[0.0,0.0,0.0,0.0,0.0,0.0,0.0,2.9444090127944946,1.2292840480804443,1.0669786930084229,0.0,0.0,0.0,0.0,0.0,0.0,0.0,0.0,0.5810598731040955,0.0,0.0,0.980499804019928,0.0,0.0,1.8168466091156006,0.0,0.0]",0.1403858540763529,0.9892561474890812,1.029999527190441,0.9136617627737541,True,4,0.14038585475911744,0.9892561474137032,1.0299995271904405,0.9136617632478015,True,5
14,pc_rollout,3,1.0,0.1402783529935504,0.9892670202354226,14,"[0.0,0.0,0.0,0.0,0.0,0.0,0.0,2.1755218505859375,2.276083469390869,0.20973338186740875,0.0,0.0,0.0,0.0,0.0,0.0,0.0,0.0,0.22596049308776855,0.0,0.0,1.3311947584152222,0.0,0.0,0.5782949924468994,0.0,0.0]",0.14027793796194687,0.9892670911299416,1.029999527346958,0.9133568287946405,True,4,0.14027793508794176,0.9892670913982281,1.0299995273469602,0.9133568264151363,True,6
14,pc_rollout,4,1.0,0.14031197886924668,0.9892653600195691,14,"[0.0,0.0,0.0,0.0,0.0,0.0,0.0,2.8554177284240723,1.298060655593872,0.0,0.0,0.0,0.0,0.0,0.0,0.0,0.0,0.0,0.0,0.0,0.0,3.189579486846924,0.0,0.0,0.0,0.0,0.0]",0.14031213625463937,0.9892653392551976,1.029999527298736,0.9131857464814599,True,4,0.1403121289359442,0.9892653391656837,1.029999527298735,0.913185742916758,True,6
14,pc_rollout,5,1.0,0.14026396647330716,0.9892704016191315,14,"[0.0,0.0,0.0,0.0,0.0,0.0,0.0,1.4278039932250977,0.0,0.0,0.0,0.0,0.0,0.0,0.0,0.0,0.0,0.0,0.0,0.0,0.0,5.1635966300964355,0.0,0.0,0.0,0.0,0.0]",0.1402637959998902,0.9892704318284993,1.0299995273617086,0.9127408339240974,True,4,0.14026381288766787,0.9892704319430279,1.0299995273617095,0.9127408277428734,True,6
15,forecast_matched,0,1.0,0.1399444804569562,0.9892973393966884,15,"[0.0,0.0,0.0,0.0,0.0,0.0,0.0,0.0,0.0,0.0,0.0,0.0,0.0,0.0,0.0,0.0,0.0,0.0,0.0,0.0,0.0,0.0,0.0,0.0,0.0,0.0,0.0]",0.13994321113380298,0.9892977384989688,1.029999527915364,0.9124836181284856,True,5,0.13994321234559126,0.9892977385501779,1.0299995279153642,0.912483617417262,True,6
15,forecast_matched,1,1.0,0.13994319926618093,0.9892977375458442,15,"[0.0,0.0,0.0,0.0,0.0,0.0,0.0,0.0,0.0,0.0,0.0,0.0,0.0,0.0,0.0,0.0,0.0,0.0,0.0,0.0,0.0,0.0,0.0,0.0,0.0,0.0,0.0]",0.13994319959232818,0.9892977385529425,1.0299995279153642,0.9124836207449173,True,2,0.13994320143694505,0.9892977385530879,1.0299995279153642,0.912483617891411,True,2
15,forecast_matched,2,1.0,0.13996313671412317,0.9892759456873634,15,"[0.0,0.0,0.0,0.0,0.0,0.0,0.0,0.0,0.22154460847377777,0.0,0.0490138977766037,0.0,0.0,0.0,0.0,0.0,0.0,0.0,0.0,0.1224876344203949,0.0,0.0,0.0,0.0,0.0,0.0,0.0]",0.1399632159509584,0.9892759145848755,1.0299995278826182,0.9125486843889874,True,4,0.13996320904608942,0.9892759145243759,1.0299995278826177,0.9125486848631325,True,5
15,forecast_matched,3,1.0,0.1400212780464445,0.9892325254608999,15,"[0.0,0.0,0.0,0.0,0.0,0.0,0.0,0.0,0.9325700998306274,0.0,0.11294031888246536,0.0,0.0,0.0,0.0,0.13705407083034515,0.0,0.0,0.0,0.3783336877822876,0.0,0.0,0.0,0.0,0.0,0.0,0.0]",0.14002148664817035,0.9892324549871847,1.029999527785552,0.9127417582418009,True,4,0.1400214808574362,0.9892324548229023,1.029999527785551,0.9127417610953243,True,6
15,forecast_matched,4,1.0,0.1401895437181786,0.9890106102970457,15,"[0.0,0.0,0.0,0.0,0.0626361221075058,0.0,0.0,0.0,1.9651652574539185,0.0,0.2374914288520813,0.0,0.011764954775571823,0.0,0.10292794555425644,0.15833429992198944,0.0,0.0,0.03175187110900879,1.9209232330322266,0.10360166057944298,0.0,0.0,0.0,0.0,0.0,0.0]",0.14019015143749106,0.9890103035929764,1.0299995275303768,0.913241763334121,True,5,0.14019014906565447,0.9890103035643343,1.0299995275303764,0.9132417635711696,True,6
15,forecast_matched,5,1.0,0.1403190576684051,0.9890703096413891,15,"[0.0,0.0,0.0,0.0,0.14987963438034058,0.0,0.0,0.0,0.5247516632080078,0.09609595686197281,0.07221697270870209,0.0,1.0188297033309937,0.0,0.42642900347709656,1.2754770517349243,0.0,0.0,0.248820498585701,1.478972315788269,2.065650522708893,0.0,0.0,0.0,0.0,0.0,0.0]",0.14031947349852983,0.989070309093212,1.029999527302334,0.9136614038257376,True,5,0.1403194740612714,0.9890703090801924,1.0299995273023337,0.9136614040627757,True,6
15,pc_rollout,0,1.0,0.13994432820677494,0.9892975493509218,15,"[0.0,0.0,0.0,0.0,0.0,0.0,0.0,0.0,0.0,0.0,0.0,0.0,0.0,0.0,0.0,0.0,0.0,0.0,0.0,0.0,0.0,0.0,0.0,0.0,0.0,0.0,0.0]",0.13994321633388968,0.9892977385113326,1.0299995279153642,0.9124836205078428,True,5,0.13994321803994225,0.9892977385507679,1.0299995279153642,0.9124836212190663,True,6
15,pc_rollout,1,1.0,0.139943207225314,0.9892977378307326,15,"[0.0,0.0,0.0,0.0,0.0,0.0,0.0,0.0,0.0,0.0,0.0,0.0,0.0,0.0,0.0,0.0,0.0,0.0,0.0,0.0,0.0,0.0,0.0,0.0,0.0,0.0,0.0]",0.139943216956029,0.9892977385529714,1.0299995279153642,0.9124836205078428,True,2,0.13994319660542837,0.9892977385530886,1.0299995279153642,0.9124836176543365,True,2
15,pc_rollout,2,1.0,0.13996313830930482,0.9892759456879509,15,"[0.0,0.0,0.0,0.0,0.0,0.0,0.0,0.0,0.22154460847377777,0.0,0.0490138977766037,0.0,0.0,0.0,0.0,0.0,0.0,0.0,0.0,0.1224876344203949,0.0,0.0,0.0,0.0,0.0,0.0,0.0]",0.1399632159509584,0.9892759145848755,1.0299995278826182,0.9125486843889874,True,4,0.13996320904608942,0.9892759145243759,1.0299995278826177,0.9125486848631325,True,5
15,pc_rollout,3,1.0,0.14002128319653814,0.9892325254609011,15,"[0.0,0.0,0.0,0.0,0.0,0.0,0.0,0.0,0.9325700998306274,0.0,0.11294031888246536,0.0,0.0,0.0,0.0,0.13705407083034515,0.0,0.0,0.0,0.3783336877822876,0.0,0.0,0.0,0.0,0.0,0.0,0.0]",0.14002148664817035,0.9892324549871847,1.029999527785552,0.9127417582418009,True,4,0.1400214808574362,0.9892324548229023,1.029999527785551,0.9127417610953243,True,6
15,pc_rollout,4,1.0,0.14018954371817466,0.9890106102970457,15,"[0.0,0.0,0.0,0.0,0.0626361221075058,0.0,0.0,0.0,1.9651652574539185,0.0,0.2374914288520813,0.0,0.011764954775571823,0.0,0.10292794555425644,0.15833429992198944,0.0,0.0,0.03175187110900879,1.9209232330322266,0.10360166057944298,0.0,0.0,0.0,0.0,0.0,0.0]",0.14019015143749106,0.9890103035929764,1.0299995275303768,0.913241763334121,True,5,0.14019014906565447,0.9890103035643343,1.0299995275303764,0.9132417635711696,True,6
15,pc_rollout,5,1.0,0.1403190576684051,0.9890703096413891,15,"[0.0,0.0,0.0,0.0,0.14987963438034058,0.0,0.0,0.0,0.5247516632080078,0.09609595686197281,0.07221697270870209,0.0,1.0188297033309937,0.0,0.42642900347709656,1.2754770517349243,0.0,0.0,0.248820498585701,1.478972315788269,2.065650522708893,0.0,0.0,0.0,0.0,0.0,0.0]",0.14031947349852983,0.989070309093212,1.029999527302334,0.9136614038257376,True,5,0.1403194740612714,0.9890703090801924,1.0299995273023337,0.9136614040627757,True,6
16,forecast_matched,0,1.0,0.14005631697272244,0.9892877965497775,16,"[0.7428353428840637,0.0,0.0,0.0,0.0,0.0,0.0,0.0,0.0,0.0,0.0,0.0,0.0,0.0,0.0,0.425507515668869,0.0,0.0,0.0,0.0,0.0,0.0,0.0,0.0,0.8279714584350586,0.0,0.0]",0.1400542899885212,0.989288395044471,1.0299995277462515,0.912816698111021,True,5,0.14005429384391926,0.9892883951240872,1.0299995277462521,0.9128166988222014,True,6
16,forecast_matched,1,1.0,0.1403421938036756,0.9892320740737279,16,"[3.0485169887542725,0.0,0.0,0.3867093622684479,0.0,0.0,0.0,0.0,0.0,0.0,0.3846486806869507,0.0,0.0,0.0,0.03258349746465683,2.264587163925171,0.0,0.0,0.0,0.0,0.3389149308204651,0.21520082652568817,0.0,0.0,0.5416561365127563,0.0,0.0]",0.14034319018972438,0.9892318770158967,1.0299995273070048,0.9136507213460402,True,5,0.14034319751206306,0.9892318769789418,1.0299995273070048,0.913650722294154,True,6
16,forecast_matched,2,1.0,0.1405459528266384,0.9890512709286483,16,"[2.250190496444702,0.0,0.0,1.1762021780014038,0.2210923433303833,0.0,0.0,0.0,0.0,0.0,1.7987887859344482,0.0,0.0,0.0,1.2089239358901978,2.2191390991210938,0.0,0.0,0.0,0.2861264646053314,1.0174341201782227,0.3490361124277115,0.0,0.0,0.19232894480228424,0.0,0.0]",0.14054670670952027,0.9890509728836953,1.0299995270102598,0.914214927629636,True,5,0.14054672229773654,0.9890509728507696,1.0299995270102595,0.9142149247759759,True,6
16,forecast_matched,3,1.0,0.140617645861821,0.9889646315265538,16,"[1.6281436681747437,0.0,0.0,1.0053695440292358,0.9729676842689514,0.0,0.0,0.0,0.0,0.058909978717565536,0.2505110502243042,0.0,0.0,0.0,1.2272038459777832,1.0866237878799438,0.0,0.0,0.0,2.0128026604652405,0.8818997740745544,1.9624345898628235,0.0,0.0,1.0719361305236816,0.0,0.0]",0.14061792319556823,0.9889645219518542,1.0299995268881612,0.9141933722265708,True,4,0.14061792050917207,0.988964521708671,1.0299995268881597,0.9141933724635704,True,6
16,forecast_matched,4,1.0,0.1406858947074444,0.9889007447883402,16,"[1.8711308240890503,0.0,0.0,1.2797605991363525,1.1402087062597275,0.0,0.0,0.0,0.0,0.721403181552887,1.4779152870178223,0.0,0.0,0.0,1.1340532302856445,1.1288373470306396,0.0,0.0,0.0,1.5880896747112274,0.7132771015167236,1.2434164881706238,0.0,0.0,1.076029658317566,0.0,0.0]",0.14068612799163388,0.9889006321422645,1.0299995267862365,0.9145118571225064,True,4,0.1406861330509404,0.9889006319106871,1.029999526786235,0.9145118575964867,True,6
16,forecast_matched,5,1.0,0.1406340733285999,0.9889664649367789,16,"[2.5394816398620605,0.0,0.0,0.9474713802337646,1.4228532314300537,0.0,0.0,0.0,0.0,0.032233670353889465,0.5005368590354919,0.14827069640159607,0.0,0.0,0.22843854129314423,1.2219839096069336,0.0,0.0,0.0,1.7972444295883179,1.7247252464294434,1.0023242607712746,0.0,0.0,1.1452316045761108,0.0,0.0]",0.1406338490069643,0.9889665692654697,1.0299995268448632,0.9144130021223308,True,4,0.1406338458621449,0.9889665694778681,1.0299995268448647,0.9144129985576608,True,6
16,pc_rollout,0,1.0,0.14005518987167287,0.9892880616026476,16,"[0.7428353428840637,0.0,0.0,0.0,0.0,0.0,0.0,0.0,0.0,0.0,0.0,0.0,0.0,0.0,0.0,0.425507515668869,0.0,0.0,0.0,0.0,0.0,0.0,0.0,0.0,0.8279714584350586,0.0,0.0]",0.1400542809671337,0.9892883950891592,1.029999527746252,0.9128167016757396,True,5,0.14005430290525225,0.9892883951265443,1.0299995277462521,0.9128167014386797,True,6
16,pc_rollout,1,1.0,0.14034220568015987,0.9892320748789306,16,"[3.0485169887542725,0.0,0.0,0.3867093622684479,0.0,0.0,0.0,0.0,0.0,0.0,0.3846486806869507,0.0,0.0,0.0,0.03258349746465683,2.264587163925171,0.0,0.0,0.0,0.0,0.3389149308204651,0.21520082652568817,0.0,0.0,0.5416561365127563,0.0,0.0]",0.1403431973257175,0.9892318770158969,1.0299995273070048,0.9136507213460402,True,5,0.14034319751206306,0.9892318769789418,1.0299995273070048,0.913650722294154,True,6
16,pc_rollout,2,1.0,0.14054596105338582,0.9890512709311533,16,"[2.250190496444702,0.0,0.0,1.1762021780014038,0.2210923433303833,0.0,0.0,0.0,0.0,0.0,1.7987887859344482,0.0,0.0,0.0,1.2089239358901978,2.2191390991210938,0.0,0.0,0.0,0.2861264646053314,1.0174341201782227,0.3490361124277115,0.0,0.0,0.19232894480228424,0.0,0.0]",0.14054670670952027,0.9890509728836953,1.0299995270102598,0.914214927629636,True,5,0.14054672229773654,0.9890509728507696,1.0299995270102595,0.9142149247759759,True,6
16,pc_rollout,3,1.0,0.1406176358041314,0.9889646315265598,16,"[1.6281436681747437,0.0,0.0,1.0053695440292358,0.9729676842689514,0.0,0.0,0.0,0.0,0.058909978717565536,0.2505110502243042,0.0,0.0,0.0,1.2272038459777832,1.0866237878799438,0.0,0.0,0.0,2.0128026604652405,0.8818997740745544,1.9624345898628235,0.0,0.0,1.0719361305236816,0.0,0.0]",0.14061792319556823,0.9889645219518542,1.0299995268881612,0.9141933722265708,True,4,0.14061792050917207,0.988964521708671,1.0299995268881597,0.9141933724635704,True,6
16,pc_rollout,4,1.0,0.14068589470722004,0.9889007447883402,16,"[1.8711308240890503,0.0,0.0,1.2797605991363525,1.1402087062597275,0.0,0.0,0.0,0.0,0.721403181552887,1.4779152870178223,0.0,0.0,0.0,1.1340532302856445,1.1288373470306396,0.0,0.0,0.0,1.5880896747112274,0.7132771015167236,1.2434164881706238,0.0,0.0,1.076029658317566,0.0,0.0]",0.14068612799163388,0.9889006321422645,1.0299995267862365,0.9145118571225064,True,4,0.1406861330509404,0.9889006319106871,1.029999526786235,0.9145118575964867,True,6
16,pc_rollout,5,1.0,0.1406340733285999,0.9889664649367789,16,"[2.5394816398620605,0.0,0.0,0.9474713802337646,1.4228532314300537,0.0,0.0,0.0,0.0,0.032233670353889465,0.5005368590354919,0.14827069640159607,0.0,0.0,0.22843854129314423,1.2219839096069336,0.0,0.0,0.0,1.7972444295883179,1.7247252464294434,1.0023242607712746,0.0,0.0,1.1452316045761108,0.0,0.0]",0.1406338490069643,0.9889665692654697,1.0299995268448632,0.9144130021223308,True,4,0.1406338458621449,0.9889665694778681,1.0299995268448647,0.9144129985576608,True,6
17,forecast_matched,0,1.0,0.13994326131057339,0.9892977302156302,17,"[0.0,0.0,0.0,0.0,0.0,0.0,0.0,0.0,0.0,0.0,0.0,0.0,0.0,0.0,0.0,0.0,0.0,0.0,0.0,0.0,0.0,0.0,0.0,0.0,0.0,0.0,0.0]",0.13994320475931746,0.9892977385193972,1.0299995279153642,0.9124836207449173,True,4,0.13994320333942384,0.989297738551097,1.0299995279153642,0.9124836183655602,True,5
17,forecast_matched,1,1.0,0.13994321390883876,0.9892977385195133,17,"[0.0,0.0,0.0,0.0,0.0,0.0,0.0,0.0,0.0,0.0,0.0,0.0,0.0,0.0,0.0,0.0,0.0,0.0,0.0,0.0,0.0,0.0,0.0,0.0,0.0,0.0,0.0]",0.1399432031197784,0.9892977385529804,1.0299995279153642,0.9124836205078428,True,2,0.13994320467215876,0.9892977385530893,1.0299995279153642,0.9124836200336938,True,2
17,forecast_matched,2,1.0,0.13994320296815527,0.9892977385529802,17,"[0.0,0.0,0.0,0.0,0.0,0.0,0.0,0.0,0.0,0.0,0.0,0.0,0.0,0.0,0.0,0.0,0.0,0.0,0.0,0.0,0.0,0.0,0.0,0.0,0.0,0.0,0.0]",0.13994319402642338,0.9892977385530951,1.0299995279153642,0.9124836200336938,True,2,0.13994320559297035,0.9892977385530951,1.0299995279153642,0.9124836176543365,True,2
17,forecast_matched,3,1.0,0.13994319402642338,0.9892977385530951,17,"[0.0,0.0,0.0,0.0,0.0,0.0,0.0,0.0,0.0,0.0,0.0,0.0,0.0,0.0,0.0,0.0,0.0,0.0,0.0,0.0,0.0,0.0,0.0,0.0,0.0,0.0,0.0]",0.1399432055929614,0.9892977385530951,1.0299995279153642,0.9124836176543365,True,2,0.13994320559297194,0.9892977385530951,1.0299995279153642,0.9124836176543365,True,2
17,forecast_matched,4,1.0,0.1399432055929614,0.9892977385530951,17,"[0.0,0.0,0.0,0.0,0.0,0.0,0.0,0.0,0.0,0.0,0.0,0.0,0.0,0.0,0.0,0.0,0.0,0.0,0.0,0.0,0.0,0.0,0.0,0.0,0.0,0.0,0.0]",0.13994320559297194,0.9892977385530951,1.0299995279153642,0.9124836176543365,True,2,0.13994320559297194,0.9892977385530951,1.0299995279153642,0.9124836176543365,True,2
17,forecast_matched,5,1.0,0.13995848630591126,0.9892966929708885,17,"[0.0,0.0,0.0,0.0,0.0,0.0,0.0,0.0,0.0,0.0,0.0,0.0,0.0,0.253779798746109,0.0,0.0,0.0,0.0,0.0,0.0,0.0,0.0,0.0,0.0,0.0,0.0,0.0]",0.13995853846009998,0.9892966846204975,1.029999527893859,0.9125261035131816,True,4,0.13995853688219795,0.9892966845887197,1.0299995278938585,0.9125261092202016,True,5
17,pc_rollout,0,1.0,0.13994561114189683,0.9892970746360735,17,"[0.0,0.0,0.0,0.0,0.0,0.0,0.0,0.0,0.0,0.0,0.0,0.0,0.0,0.0,0.0,0.0,0.0,0.0,0.0,0.0,0.0,0.0,0.0,0.0,0.0,0.0,0.0]",0.13994320961493972,0.9892977384544333,1.0299995279153638,0.9124836176543365,True,5,0.1399431944465007,0.9892977385477308,1.0299995279153642,0.9124836205078428,True,6
17,pc_rollout,1,1.0,0.1399432252832135,0.9892977367454695,17,"[0.0,0.0,0.0,0.0,0.0,0.0,0.0,0.0,0.0,0.0,0.0,0.0,0.0,0.0,0.0,0.0,0.0,0.0,0.0,0.0,0.0,0.0,0.0,0.0,0.0,0.0,0.0]",0.139943203105873,0.9892977385528124,1.0299995279153642,0.912483617417262,True,2,0.1399432087388273,0.9892977385530809,1.0299995279153642,0.9124836202707681,True,2
17,pc_rollout,2,1.0,0.1399432134409245,0.9892977385477294,17,"[0.0,0.0,0.0,0.0,0.0,0.0,0.0,0.0,0.0,0.0,0.0,0.0,0.0,0.0,0.0,0.0,0.0,0.0,0.0,0.0,0.0,0.0,0.0,0.0,0.0,0.0,0.0]",0.139943200137392,0.9892977385530947,1.0299995279153642,0.9124836205078428,True,2,0.13994320559297793,0.9892977385530951,1.0299995279153642,0.9124836176543365,True,2
17,pc_rollout,3,1.0,0.1399432087388509,0.9892977385530809,17,"[0.0,0.0,0.0,0.0,0.0,0.0,0.0,0.0,0.0,0.0,0.0,0.0,0.0,0.0,0.0,0.0,0.0,0.0,0.0,0.0,0.0,0.0,0.0,0.0,0.0,0.0,0.0]",0.1399432055929614,0.9892977385530951,1.0299995279153642,0.9124836176543365,True,2,0.13994320559297194,0.9892977385530951,1.0299995279153642,0.9124836176543365,True,2
17,pc_rollout,4,1.0,0.13994320559297793,0.9892977385530951,17,"[0.0,0.0,0.0,0.0,0.0,0.0,0.0,0.0,0.0,0.0,0.0,0.0,0.0,0.0,0.0,0.0,0.0,0.0,0.0,0.0,0.0,0.0,0.0,0.0,0.0,0.0,0.0]",0.13994320559297194,0.9892977385530951,1.0299995279153642,0.9124836176543365,True,2,0.13994320559297194,0.9892977385530951,1.0299995279153642,0.9124836176543365,True,2
17,pc_rollout,5,1.0,0.13995848630591126,0.9892966929708885,17,"[0.0,0.0,0.0,0.0,0.0,0.0,0.0,0.0,0.0,0.0,0.0,0.0,0.0,0.253779798746109,0.0,0.0,0.0,0.0,0.0,0.0,0.0,0.0,0.0,0.0,0.0,0.0,0.0]",0.13995853846009998,0.9892966846204975,1.029999527893859,0.9125261035131816,True,4,0.13995853688219795,0.9892966845887197,1.0299995278938585,0.9125261092202016,True,5
18,forecast_matched,0,1.0,0.14002431738017274,0.9892899153333168,18,"[0.0,0.0,0.0,0.0,0.0,0.0,0.0,0.13057687133550644,0.0,0.0,0.0,0.07640432566404343,0.27092376351356506,0.0,0.0,0.0,0.0,0.0,0.18148988485336304,0.0,0.3268330991268158,0.22276172041893005,0.0,0.0,0.47034573554992676,0.0,0.0]",0.14002297073834255,0.9892901362068948,1.0299995277751195,0.9126832712349696,True,5,0.1400229792067491,0.9892901362541204,1.02999952777512,0.9126832714720362,True,6
18,forecast_matched,1,1.0,0.14024793425011717,0.9892690506542429,18,"[0.0,0.0,0.0,0.0,0.0,0.0,0.0,0.7659202963113785,0.0,0.0,0.0,0.29462119936943054,0.9463120102882385,0.11534285545349121,0.0,0.0,0.0,0.0,0.5021411776542664,0.0,1.4722520112991333,1.1489893198013306,0.0,0.0,1.2219430208206177,0.0,0.0]",0.14024870329399014,0.9892689180645532,1.0299995273761136,0.9132366979863986,True,4,0.14024869086642455,0.9892689175646436,1.0299995273761091,0.9132367074952944,True,6
18,forecast_matched,2,1.0,0.1403886463755808,0.9892564709454645,18,"[0.0,0.0,0.0,0.0,0.0,0.0,0.0,1.6996307373046875,0.0,0.0,0.0,0.5482383370399475,0.9976087808609009,0.19616514444351196,0.0,0.0,0.0,0.0,0.15603630244731903,0.0,1.7716485187411308,2.3896191120147705,0.0,0.0,1.474716067314148,0.0,0.0]",0.14038916514881356,0.9892563859093527,1.029999527143479,0.9135102274281147,True,4,0.14038916454343556,0.9892563855857841,1.0299995271434763,0.9135102309928108,True,6
18,forecast_matched,3,1.0,0.14046325510692642,0.9892495574914946,18,"[0.0,0.0,0.0,0.0,0.0,0.0,0.0,0.9833432137966156,0.0,0.0,0.0,0.9317682981491089,1.2835787534713745,0.5225770473480225,0.0,0.0,0.0,0.0,0.9757940173149109,0.0,2.9613420963287354,2.2666337490081787,0.0,0.0,1.2509335279464722,0.0,0.0]",0.14046348383943472,0.9892495187893366,1.0299995269851068,0.9136515608287967,True,4,0.14046348218172017,0.9892495186495645,1.0299995269851057,0.9136515643934918,True,6
18,forecast_matched,4,1.0,0.14040501444717982,0.9892539587801996,18,"[0.0,0.0,0.0,0.18800783157348633,0.04657559469342232,0.0,0.0,0.23149187862873077,0.0,0.0,0.0,0.3557072579860687,1.7741414308547974,0.455311119556427,0.0,0.0,0.0,0.0,1.7897294759750366,0.0,3.4031392335891724,0.8808926641941071,0.0,0.0,1.1246486902236938,0.0,0.0]",0.14040478466373582,0.9892539960296474,1.0299995270659965,0.9136802674442432,True,4,0.14040478895251957,0.9892539961790758,1.029999527065998,0.913680264590651,True,6
18,forecast_matched,5,1.0,0.14042552700193917,0.9892574146717349,18,"[0.0,0.0,0.0,0.6107182502746582,2.222813606262207,0.0,0.0,0.0,0.0,0.0,0.0,0.45133107900619507,0.19977706670761108,1.8653843402862549,0.0,0.0,0.0,0.0,0.8417808413505554,0.0,3.447694979608059,0.0,0.0,0.0,0.0,0.0,0.0]",0.1404256516971505,0.9892574113105413,1.0299995271120879,0.913868576735334,True,5,0.1404256406128372,0.989257411306775,1.0299995271120879,0.9138685826795752,True,6
18,pc_rollout,0,1.0,0.14002275344876697,0.989290175853448,18,"[0.0,0.0,0.0,0.0,0.0,0.0,0.0,0.13057687133550644,0.0,0.0,0.0,0.07640432566404343,0.27092376351356506,0.0,0.0,0.0,0.0,0.0,0.18148988485336304,0.0,0.3268330991268158,0.22276172041893005,0.0,0.0,0.47034573554992676,0.0,0.0]",0.14002297869447103,0.989290136401787,1.029999527775121,0.9126832679073126,True,4,0.14002296961756902,0.9892901362574029,1.02999952777512,0.9126832707608368,True,6
18,pc_rollout,1,1.0,0.14025018258758407,0.9892688415860016,18,"[0.0,0.0,0.0,0.0,0.0,0.0,0.0,0.7728253304958344,0.0,0.0,0.0,0.29719313979148865,0.9612368941307068,0.11623036861419678,0.0,0.0,0.0,0.0,0.5065882205963135,0.0,1.4793277978897095,1.1548094004392624,0.0,0.0,1.2278051376342773,0.0,0.0]",0.14025097024821112,0.9892687066653502,1.0299995273720794,0.913242619985389,True,4,0.14025096892211453,0.989268706160449,1.0299995273720752,0.9132426204594789,True,6
18,pc_rollout,2,1.0,0.1403896695174459,0.9892563848828692,18,"[0.0,0.0,0.0,0.0,0.0,0.0,0.0,1.700253665447235,0.0,0.0,0.0,0.5485897660255432,0.9972003698348999,0.19687795639038086,0.0,0.0,0.0,0.0,0.15630897879600525,0.0,1.77218072488904,2.4088414907455444,0.0,0.0,1.475132703781128,0.0,0.0]",0.14039017159320688,0.9892563005772448,1.02999952714166,0.9135106084965839,True,4,0.14039017678904817,0.9892563002563989,1.0299995271416573,0.9135106146778531,True,6
18,pc_rollout,3,1.0,0.1404487381488421,0.989250664073084,18,"[0.0,0.0,0.0,0.0,0.0,0.0,0.0,0.9933242797851562,0.0,0.0,0.0,0.939967691898346,1.294037938117981,0.5319676995277405,0.0,0.0,0.0,0.0,0.5859732031822205,0.0,2.986177682876587,2.2847474217414856,0.0,0.0,1.26125967502594,0.0,0.0]",0.1404489135254868,0.9892506345476317,1.029999527010421,0.9136610231811912,True,4,0.14044891129864256,0.9892506344437972,1.02999952701042,0.9136610222330702,True,6
18,pc_rollout,4,1.0,0.14038962285222037,0.9892552151538236,18,"[0.0,0.0,0.0,0.1872386336326599,0.04641483724117279,0.0,0.0,0.2291923314332962,0.0,0.0,0.0,0.3538590371608734,1.7683422565460205,0.4524860382080078,0.0,0.0,0.0,0.0,1.5042445659637451,0.0,3.3918915390968323,0.8759153485298157,0.0,0.0,1.1205856800079346,0.0,0.0]",0.14038937765325263,0.9892552528891566,1.029999527092919,0.9136747823299954,True,4,0.14038939455610525,0.989255253039868,1.0299995270929205,0.9136747759117047,True,6
18,pc_rollout,5,1.0,0.14042531306853676,0.989257441296462,18,"[0.0,0.0,0.0,0.6108874678611755,2.2116174697875977,0.0,0.0,0.0,0.0,0.0,0.0,0.44770848751068115,0.20051608979701996,1.857116937637329,0.0,0.0,0.0,0.0,0.878104031085968,0.0,3.4317391514778137,0.0,0.0,0.0,0.0003759241080842912,0.0,0.0]",0.14042547773629502,0.9892574289521415,1.0299995271121658,0.9138630482272739,True,5,0.1404254892340299,0.9892574289464819,1.0299995271121658,0.9138630446625785,True,6
19,forecast_matched,0,1.0,0.1400243071613084,0.9892375681195366,19,"[0.02812141738831997,0.0,0.0,0.0,0.0,0.0,0.0,0.28517550230026245,0.12021516263484955,0.0,0.0,0.0,0.0,0.0,0.34663668274879456,0.0,0.0,0.0,0.01642550900578499,0.41986886598169804,0.1323028802871704,0.025932611897587776,0.0,0.0,0.0,0.0,0.0]",0.14002313524401291,0.9892377660362934,1.029999527798958,0.9127064933305479,True,5,0.1400231648089204,0.9892377660775857,1.0299995277989582,0.9127064862011023,True,6
19,forecast_matched,1,1.0,0.14011712845008767,0.9891797898953636,19,"[0.06069991737604141,0.0,0.0,0.0,0.0,0.0,0.0,0.3174845278263092,1.4599006175994873,0.0,0.0,0.0954073891043663,0.0,0.0,0.0,0.0,0.0,0.0,0.04754824936389923,0.7996519394218922,0.8103539943695068,0.04959657043218613,0.0,0.0,0.0,0.0,0.0]",0.14011741703889644,0.9891796906311096,1.029999527613547,0.9130529971196552,True,4,0.14011742123933907,0.9891796903916626,1.0299995276135454,0.9130529973567132,True,6
19,forecast_matched,2,1.0,0.14033909268815783,0.989166520105869,19,"[0.30297769606113434,0.0,0.0,0.0,0.0,0.0,0.0,0.9812522083520889,1.5643759965896606,0.0,0.0,1.0227265357971191,0.0,0.0,0.0,0.0,0.0,0.0,1.300748586654663,0.7582085393369198,0.8986651301383972,1.3656790256500244,0.0,0.0,0.0,0.0,0.0]",0.14033987603982506,0.9891663935572299,1.029999527230344,0.9132410723271082,True,4,0.1403398794538066,0.9891663930550612,1.0299995272303397,0.9132410766029373,True,6
19,forecast_matched,3,1.0,0.14037181208006855,0.989168105303892,19,"[0.6405812725424767,0.0,0.0,0.0,0.0,0.0,0.0,1.7438934445381165,1.1831001043319702,0.0,0.0,1.2105380147695541,0.0,0.0,0.0,0.0,0.0,0.0,1.1422150135040283,0.7266850955784321,0.6571589186787605,1.2452971935272217,0.0,0.0,0.0,0.0,0.0]",0.14037195484530765,0.9891680875113888,1.0299995271978375,0.9133177174985097,True,4,0.1403719759614506,0.9891680874289385,1.0299995271978368,0.9133177165503668,True,6
19,forecast_matched,4,1.0,0.1403590771586729,0.989186597743019,19,"[1.2001627832651138,0.0,0.0,0.0,0.0,0.0,0.0,1.009552013128996,1.325115442276001,0.0,0.0,1.5790974497795105,0.0,0.0,0.0,0.0,0.0,0.0,0.7089234590530396,0.5861268192529678,1.147393986582756,0.8883538842201233,0.0,0.0,0.11179588735103607,0.0,0.0]",0.140359006172247,0.9891866259121472,1.0299995272003086,0.9133839227852169,True,4,0.1403590061599424,0.989186625976554,1.0299995272003089,0.9133839234963314,True,5
19,forecast_matched,5,1.0,0.14036855121895486,0.9892116952961199,19,"[1.6644143462181091,0.0,0.0,0.0,0.0,0.0,0.0,1.0347397327423096,1.3434375524520874,0.0,0.0,1.397337019443512,0.0,0.0,0.0,0.0,0.0,0.0,0.08530912548303604,0.38107848912477493,0.5967557281255722,1.0226402282714844,0.0,0.0,1.0300424098968506,0.0,0.0]",0.14036861459668445,0.9892117119575798,1.029999527198432,0.9134950347782538,True,4,0.14036860107970237,0.9892117119526039,1.0299995271984317,0.9134950312135568,True,5
19,pc_rollout,0,1.0,0.14002447403660373,0.9892375949779927,19,"[0.02812141738831997,0.0,0.0,0.0,0.0,0.0,0.0,0.28517550230026245,0.12021516263484955,0.0,0.0,0.0,0.0,0.0,0.34663668274879456,0.0,0.0,0.0,0.01642550900578499,0.41986886598169804,0.1323028802871704,0.025932611897587776,0.0,0.0,0.0,0.0,0.0]",0.14002314881162115,0.9892377660320992,1.029999527798958,0.9127064900028906,True,5,0.14002313892227852,0.9892377660772931,1.0299995277989582,0.9127064897658251,True,6
19,pc_rollout,1,1.0,0.14011713707026693,0.9891797898503929,19,"[0.06069991737604141,0.0,0.0,0.0,0.0,0.0,0.0,0.3174845278263092,1.4599006175994873,0.0,0.0,0.0954073891043663,0.0,0.0,0.0,0.0,0.0,0.0,0.04754824936389923,0.7996519394218922,0.8103539943695068,0.04959657043218613,0.0,0.0,0.0,0.0,0.0]",0.1401174170390598,0.9891796906311093,1.029999527613547,0.9130529971196552,True,4,0.14011741616008472,0.9891796903916622,1.0299995276135454,0.9130529973567132,True,6
19,pc_rollout,2,1.0,0.14033909956805246,0.9891665201055779,19,"[0.30297769606113434,0.0,0.0,0.0,0.0,0.0,0.0,0.9812522083520889,1.5643759965896606,0.0,0.0,1.0227265357971191,0.0,0.0,0.0,0.0,0.0,0.0,1.300748586654663,0.7582085393369198,0.8986651301383972,1.3656790256500244,0.0,0.0,0.0,0.0,0.0]",0.14033987603982506,0.9891663935572299,1.029999527230344,0.9132410723271082,True,4,0.1403398794538066,0.9891663930550612,1.0299995272303397,0.9132410766029373,True,6
19,pc_rollout,3,1.0,0.14037183293050462,0.9891681053038903,19,"[0.6405812725424767,0.0,0.0,0.0,0.0,0.0,0.0,1.7438934445381165,1.1831001043319702,0.0,0.0,1.2105380147695541,0.0,0.0,0.0,0.0,0.0,0.0,1.1422150135040283,0.7266850955784321,0.6571589186787605,1.2452971935272217,0.0,0.0,0.0,0.0,0.0]",0.14037195484530765,0.9891680875113888,1.0299995271978375,0.9133177174985097,True,4,0.1403719759614506,0.9891680874289385,1.0299995271978368,0.9133177165503668,True,6
19,pc_rollout,4,1.0,0.1403590771587263,0.9891865977430192,19,"[1.2001627832651138,0.0,0.0,0.0,0.0,0.0,0.0,1.009552013128996,1.325115442276001,0.0,0.0,1.5790974497795105,0.0,0.0,0.0,0.0,0.0,0.0,0.7089234590530396,0.5861268192529678,1.147393986582756,0.8883538842201233,0.0,0.0,0.11179588735103607,0.0,0.0]",0.140359006172247,0.9891866259121472,1.0299995272003086,0.9133839227852169,True,4,0.1403590061599424,0.989186625976554,1.0299995272003089,0.9133839234963314,True,5
19,pc_rollout,5,1.0,0.14036855121895486,0.9892116952961199,19,"[1.6644143462181091,0.0,0.0,0.0,0.0,0.0,0.0,1.0347397327423096,1.3434375524520874,0.0,0.0,1.397337019443512,0.0,0.0,0.0,0.0,0.0,0.0,0.08530912548303604,0.38107848912477493,0.5967557281255722,1.0226402282714844,0.0,0.0,1.0300424098968506,0.0,0.0]",0.14036861459668445,0.9892117119575798,1.029999527198432,0.9134950347782538,True,4,0.14036860107970237,0.9892117119526039,1.0299995271984317,0.9134950312135568,True,5
20,forecast_matched,0,1.0,0.13998677836655948,0.9892934581621126,0,"[0.0,0.0,0.0,0.0,0.0,0.0,0.0,0.0,0.0,0.0,0.0,0.0,0.0,0.0,0.0,0.0,0.0,0.0,0.0,0.0,0.0,0.0,0.0,0.0,0.7888818383216858,0.0,0.0]",0.1399869368653632,0.9892934298380859,1.0299995278480205,0.9126154894576342,True,4,0.1399869372816987,0.9892934297315761,1.0299995278480196,0.9126154904059051,True,6
20,forecast_matched,1,1.0,0.14009585018683063,0.9892827436100907,0,"[0.0,0.0,0.0,0.0,0.0,0.0,0.0,0.0,0.0,0.0,0.0,0.0,0.0,0.0,0.0,0.0,0.0,0.0,0.0,0.0,0.0,0.0,0.0,0.0,2.757874011993408,0.0,0.0]",0.14009626022410446,0.9892826722548741,1.0299995276798912,0.9129446833661927,True,4,0.14009624406286594,0.9892826719868629,1.029999527679889,0.9129446866938534,True,6
20,forecast_matched,2,1.0,0.14012377917832122,0.9892799748443396,0,"[0.0,0.0,0.0,0.0,0.0,0.0,0.0,0.0,0.0,0.0,0.0,0.0,0.0,0.0,0.0,0.0,0.0,0.0,0.0,0.0,0.0,0.0,0.0,0.0,3.254755973815918,0.0,0.0]",0.14012388141109566,0.9892799565693956,1.0299995276374516,0.913027767317744,True,4,0.1401238772755668,0.9892799565052991,1.0299995276374512,0.913027767317744,True,5
20,forecast_matched,3,1.0,0.14013581019315477,0.9892787866547276,0,"[0.0,0.0,0.0,0.0,0.0,0.0,0.0,0.0,0.0,0.0,0.0,0.0,0.0,0.0,0.0,0.0,0.0,0.0,0.0,0.0,0.0,0.0,0.0,0.0,3.4702465534210205,0.0,0.0]",0.14013585296808398,0.9892787787726266,1.0299995276190455,0.9130638011529207,True,4,0.1401358565099284,0.9892787787448029,1.0299995276190452,0.9130638068600666,True,5
20,forecast_matched,4,1.0,0.13998033782700653,0.9892940363950399,0,"[0.0,0.0,0.0,0.0,0.0,0.0,0.0,0.0,0.0,0.0,0.0,0.0,0.0,0.0,0.0,0.0,0.0,0.0,0.0,0.0,0.0,0.0,0.0,0.0,0.6592140197753906,0.0,0.0]",0.13997975447894123,0.9892941376387049,1.029999527859086,0.9125938198548483,True,4,0.13997974775659938,0.9892941380182517,1.0299995278590894,0.9125938160530541,True,6
20,forecast_matched,5,1.0,0.13994335525758528,0.989297714380083,0,"[0.0,0.0,0.0,0.0,0.0,0.0,0.0,0.0,0.0,0.0,0.0,0.0,0.0,0.0,0.0,0.0,0.0,0.0,0.0,0.0,0.0,0.0,0.0,0.0,0.0,0.0,0.0]",0.1399432149129988,0.9892977384640815,1.0299995279153638,0.9124836235984235,True,4,0.13994321010489572,0.9892977385479861,1.0299995279153642,0.9124836209819919,True,5
20,pc_rollout,0,1.0,0.1399882322419887,0.9892931628588516,0,"[0.0,0.0,0.0,0.0,0.0,0.0,0.0,0.0,0.0,0.0,0.0,0.0,0.0,0.0,0.0,0.0,0.0,0.0,0.0,0.0,0.0,0.0,0.0,0.0,0.7888818383216858,0.0,0.0]",0.139986916776528,0.9892934296812765,1.0299995278480192,0.9126154934964943,True,5,0.13998692176417032,0.9892934297284718,1.0299995278480196,0.9126154963500156,True,6
20,pc_rollout,1,1.0,0.14009584733654554,0.9892827426209931,0,"[0.0,0.0,0.0,0.0,0.0,0.0,0.0,0.0,0.0,0.0,0.0,0.0,0.0,0.0,0.0,0.0,0.0,0.0,0.0,0.0,0.0,0.0,0.0,0.0,2.757874011993408,0.0,0.0]",0.14009624826866254,0.9892826722548737,1.0299995276798912,0.9129446836032434,True,4,0.1400962440628905,0.9892826719868629,1.029999527679889,0.9129446866938534,True,6
20,pc_rollout,2,1.0,0.14012363167358993,0.9892799890532756,0,"[0.0,0.0,0.0,0.0,0.0,0.0,0.0,0.0,0.0,0.0,0.0,0.0,0.0,0.0,0.0,0.0,0.0,0.0,0.0,0.0,0.0,0.0,0.0,0.0,3.252138137817383,0.0,0.0]",0.14012372728395908,0.9892799708764125,1.0299995276376752,0.9130273299627719,True,4,0.14012372144740742,0.9892799708126543,1.0299995276376746,0.9130273271092032,True,5
20,pc_rollout,3,1.0,0.1401357177897032,0.9892787959684896,0,"[0.0,0.0,0.0,0.0,0.0,0.0,0.0,0.0,0.0,0.0,0.0,0.0,0.0,0.0,0.0,0.0,0.0,0.0,0.0,0.0,0.0,0.0,0.0,0.0,3.468548536300659,0.0,0.0]",0.14013577267855779,0.9892787880534379,1.0299995276191902,0.9130635197239081,True,4,0.14013576937657796,0.9892787880254952,1.0299995276191902,0.9130635192498189,True,5
20,pc_rollout,4,1.0,0.13998034194827536,0.9892940337420129,0,"[0.0,0.0,0.0,0.0,0.0,0.0,0.0,0.0,0.0,0.0,0.0,0.0,0.0,0.0,0.0,0.0,0.0,0.0,0.0,0.0,0.0,0.0,0.0,0.0,0.6597142815589905,0.0,0.0]",0.13997976661099232,0.9892941349064459,1.0299995278590435,0.9125939089903703,True,4,0.13997977041418302,0.989294135285697,1.0299995278590468,0.9125938992444692,True,6
20,pc_rollout,5,1.0,0.13994333618075327,0.9892977143623225,0,"[0.0,0.0,0.0,0.0,0.0,0.0,0.0,0.0,0.0,0.0,0.0,0.0,0.0,0.0,0.0,0.0,0.0,0.0,0.0,0.0,0.0,0.0,0.0,0.0,0.0,0.0,0.0]",0.13994321851971803,0.9892977384640148,1.0299995279153638,0.9124836200336938,True,4,0.13994320597653004,0.9892977385479823,1.0299995279153642,0.9124836171801874,True,5
21,forecast_matched,0,1.0,0.14020917658130674,0.9890472453254072,1,"[0.9423430263996124,0.0,0.0,0.0,0.20963336527347565,0.0,0.0,0.2797810137271881,0.0,0.0,0.0,0.0,0.3363250494003296,0.0,0.19270730018615723,0.0,0.0,0.0,0.0,1.78793603181839,0.6471909880638123,0.0,0.0,0.0,0.3466428816318512,0.0,0.0]",0.1402080707462368,0.9890474683260938,1.0299995275155127,0.9132739594755437,True,5,0.14020805698887048,0.9890474683679122,1.029999527515513,0.9132739597125881,True,6
21,forecast_matched,1,1.0,0.1404830322187944,0.9890620094448516,1,"[3.3873754143714905,0.0,0.0,0.0,1.2719173431396484,0.0,0.0,0.8625811338424683,0.0,0.0,0.0,0.0,0.7164140939712524,0.0,0.8282298445701599,0.0,0.0,0.0,0.0,1.5068955421447754,0.47055789828300476,0.0,0.0,0.0,0.7101423740386963,0.0,0.0]",0.14048398198886247,0.989061887849421,1.0299995270932387,0.9141085811625018,True,5,0.14048397920746034,0.9890618878161083,1.0299995270932385,0.9141085797309296,True,6
21,forecast_matched,2,1.0,0.14052107867981936,0.9889544698857703,1,"[3.2128357887268066,0.0,0.0,0.0,1.5385035574436188,0.0,0.0,0.9081310033798218,0.0,0.0,0.0,0.0,1.2234388589859009,0.0,0.8271969556808472,0.0,0.0,0.0,0.0,2.3342435359954834,0.0,0.0,0.0,0.0,0.18425537645816803,0.0,0.0]",0.1405212209815891,0.9889543438905738,1.029999527052178,0.9141894531628216,True,4,0.14052121810811616,0.9889543436897821,1.029999527052177,0.9141894588701275,True,6
21,forecast_matched,3,1.0,0.14042364878068067,0.9892542872263272,1,"[1.8673734962940216,0.0,0.0,0.0,1.888598382472992,0.0,0.0,1.456667184829712,0.0,0.0,0.0,0.0,2.03824520111084,0.0,1.373374104499817,0.0,0.0,0.0,0.0,0.03658021613955498,0.2969106435775757,0.0,0.0,0.0,0.0,0.0,0.0]",0.14042325408523304,0.9892546253853796,1.0299995271641706,0.9139719671479958,True,5,0.1404232498684463,0.9892546254071591,1.0299995271641706,0.9139719673850182,True,6
21,forecast_matched,4,1.0,0.14038806910122378,0.9892014533008673,1,"[1.623597502708435,0.0,0.0,0.0,0.8462830781936646,0.0,0.0,1.4255670309066772,0.0,0.0,0.0,0.0,0.7584940195083618,0.0,1.3206405639648438,0.0,0.0,0.0,0.0,0.46020981669425964,2.089515209197998,0.0,0.0,0.0,0.0,0.0,0.0]",0.14038792973828756,0.9892014195155531,1.02999952720257,0.9138974338300628,True,4,0.14038794454509984,0.9892014195444119,1.0299995272025706,0.9138974278858121,True,6
21,forecast_matched,5,1.0,0.14053090856969647,0.988984003179636,1,"[2.303990602493286,0.0,0.0,0.0,0.0,0.0,0.0,1.9997179508209229,0.0,0.0,0.0,0.0,0.0,0.0,1.8673895597457886,0.0,0.0,0.0,0.0,2.076958417892456,2.449939727783203,0.0,0.0,0.0,0.0,0.0,0.0]",0.14053147224180032,0.9889837105624403,1.0299995270152467,0.9142643983133503,True,5,0.14053147162925048,0.9889837105357604,1.0299995270152467,0.9142643961707225,True,6
21,pc_rollout,0,1.0,0.14020711547066808,0.9890478493251742,1,"[0.9423430263996124,0.0,0.0,0.0,0.20963336527347565,0.0,0.0,0.2797810137271881,0.0,0.0,0.0,0.0,0.3363250494003296,0.0,0.19270730018615723,0.0,0.0,0.0,0.0,1.78793603181839,0.6471909880638123,0.0,0.0,0.0,0.3466428816318512,0.0,0.0]",0.14020806106300013,0.9890474684139854,1.0299995275155134,0.9132739594755437,True,5,0.1402080620000829,0.9890474683726863,1.029999527515513,0.9132739597125881,True,6
21,pc_rollout,1,1.0,0.14048302622035305,0.9890620110572965,1,"[3.3873754143714905,0.0,0.0,0.0,1.2719173431396484,0.0,0.0,0.8625811338424683,0.0,0.0,0.0,0.0,0.7164140939712524,0.0,0.8282298445701599,0.0,0.0,0.0,0.0,1.5068955421447754,0.47055789828300476,0.0,0.0,0.0,0.7101423740386963,0.0,0.0]",0.14048397840058785,0.9890618878494212,1.0299995270932387,0.9141085787828808,True,5,0.14048397920746034,0.9890618878161083,1.0299995270932385,0.9141085797309296,True,6
21,pc_rollout,2,1.0,0.14052108755410866,0.9889544698905792,1,"[3.2128357887268066,0.0,0.0,0.0,1.5385035574436188,0.0,0.0,0.9081310033798218,0.0,0.0,0.0,0.0,1.2234388589859009,0.0,0.8271969556808472,0.0,0.0,0.0,0.0,2.3342435359954834,0.0,0.0,0.0,0.0,0.18425537645816803,0.0,0.0]",0.1405212209815891,0.9889543438905738,1.029999527052178,0.9141894531628216,True,4,0.14052121810811616,0.9889543436897821,1.029999527052177,0.9141894588701275,True,6
21,pc_rollout,3,1.0,0.14042363997212665,0.98925428722634,1,"[1.8673734962940216,0.0,0.0,0.0,1.888598382472992,0.0,0.0,1.456667184829712,0.0,0.0,0.0,0.0,2.03824520111084,0.0,1.373374104499817,0.0,0.0,0.0,0.0,0.03658021613955498,0.2969106435775757,0.0,0.0,0.0,0.0,0.0,0.0]",0.14042325408523304,0.9892546253853796,1.0299995271641706,0.9139719671479958,True,5,0.1404232498684463,0.9892546254071591,1.0299995271641706,0.9139719673850182,True,6
21,pc_rollout,4,1.0,0.14038805748209687,0.9892014533008671,1,"[1.623597502708435,0.0,0.0,0.0,0.8462830781936646,0.0,0.0,1.4255670309066772,0.0,0.0,0.0,0.0,0.7584940195083618,0.0,1.3206405639648438,0.0,0.0,0.0,0.0,0.46020981669425964,2.089515209197998,0.0,0.0,0.0,0.0,0.0,0.0]",0.14038792973828756,0.9892014195155531,1.02999952720257,0.9138974338300628,True,4,0.14038794454509984,0.9892014195444119,1.0299995272025706,0.9138974278858121,True,6
21,pc_rollout,5,1.0,0.14053090856970274,0.988984003179636,1,"[2.303990602493286,0.0,0.0,0.0,0.0,0.0,0.0,1.9997179508209229,0.0,0.0,0.0,0.0,0.0,0.0,1.8673895597457886,0.0,0.0,0.0,0.0,2.076958417892456,2.449939727783203,0.0,0.0,0.0,0.0,0.0,0.0]",0.14053147224180032,0.9889837105624403,1.0299995270152467,0.9142643983133503,True,5,0.14053147162925048,0.9889837105357604,1.0299995270152467,0.9142643961707225,True,6
22,forecast_matched,0,1.0,0.1400867004992961,0.9892653669628474,2,"[0.0,0.0,0.0,0.0,0.0,0.0,0.0,0.0,0.8601850271224976,0.3658098876476288,0.21230849623680115,0.0,0.8902133107185364,0.2772403359413147,0.0,0.3821702301502228,0.0,0.0,0.06497348099946976,0.0,0.0,0.0,0.0,0.0,0.0,0.0,0.0]",0.14008533530653128,0.9892656342555499,1.0299995276633744,0.9129756840443924,True,5,0.14008534384913313,0.9892656343051911,1.0299995276633747,0.9129756838073305,True,6
22,forecast_matched,1,1.0,0.14035562262387935,0.9891474497150058,2,"[0.0,0.0,0.0,0.0,0.0,0.0,0.0,0.0,1.5371156930923462,1.283189669251442,1.2422844171524048,0.0,2.8584295511245728,0.7848119139671326,0.0,0.7094635963439941,0.0,0.0,0.3583710789680481,0.0,0.0,0.0,0.0,0.0,0.0,0.0,0.0]",0.14035652636105628,0.9891471945567897,1.029999527189981,0.9138710526467055,True,5,0.14035649176291645,0.9891471945214704,1.0299995271899807,0.913871056448444,True,6
22,forecast_matched,2,1.0,0.14037295742932812,0.9891546923289056,2,"[0.1983182318508625,0.0,0.0,0.0,0.0,0.0,0.0,0.149661585688591,1.7103592157363892,1.481722742319107,1.1346187591552734,0.0,3.1072829961776733,0.18991796672344208,0.0,0.8736709356307983,0.0,0.0,0.4522871822118759,0.0,0.0,0.0,0.0,0.0,0.0,0.0,0.0]",0.14037301629900503,0.9891546924255343,1.0299995271477222,0.9139406410109397,True,4,0.1403730128584864,0.9891546924058356,1.0299995271477222,0.9139406410109397,True,5
22,forecast_matched,3,1.0,0.14045265447883784,0.9892097098043958,2,"[2.185656175017357,0.0,0.0,0.0,0.0,0.0,0.0,0.6985359191894531,0.7682004570960999,1.5909059047698975,0.48001906275749207,0.0,2.043812572956085,0.4770742356777191,0.0,1.451055884361267,0.0,0.0,0.5889937877655029,0.0,0.0,0.0,0.0,0.0,0.0,0.0,0.0]",0.14045295098141825,0.9892097283175438,1.0299995270595876,0.9140883828358328,True,4,0.14045295896129056,0.9892097281923247,1.029999527059586,0.9140883868745736,True,6
22,forecast_matched,4,1.0,0.14051005413718184,0.9891688151125503,2,"[2.8593492656946182,0.0,0.0,0.0,0.0,0.0,0.0,1.162692666053772,0.08346749097108841,1.8587528467178345,0.8836607336997986,0.0,1.4051579385995865,0.74041348695755,0.0,1.2996182441711426,0.0,0.0,0.7223435044288635,0.0,0.0,0.0,0.0,0.0,0.0,0.0,0.0]",0.1405102733851238,0.9891687395719384,1.0299995269945457,0.9141923043573814,True,4,0.1405102848512559,0.9891687393886361,1.0299995269945441,0.9141923081590826,True,6
22,forecast_matched,5,1.0,0.14047438243053403,0.9891953660893158,2,"[1.969530075788498,0.0,0.0,0.0,0.0,0.0,0.0,1.5181899070739746,0.0,1.0445765554904938,0.6335249543190002,0.0,1.5102624893188477,0.07826568931341171,0.0,1.612190842628479,0.0,0.0,1.878710113465786,0.0,0.0,0.0,0.0,0.0,0.0,0.0,0.0]",0.14047429637316514,0.9891954073477367,1.0299995270561941,0.9138787658077709,True,4,0.14047429320606314,0.9891954074246478,1.0299995270561946,0.9138787658077709,True,5
22,pc_rollout,0,1.0,0.14008694620625925,0.989265141205009,2,"[0.0,0.0,0.0,0.0,0.0,0.0,0.0,0.0,0.8601850271224976,0.3658098876476288,0.21230849623680115,0.0,0.8902133107185364,0.2772403359413147,0.0,0.3821702301502228,0.0,0.0,0.06497348099946976,0.0,0.0,0.0,0.0,0.0,0.0,0.0,0.0]",0.14008533808078516,0.9892656342405695,1.0299995276633742,0.9129756838073305,True,5,0.140085333861733,0.9892656343044851,1.0299995276633747,0.9129756833332069,True,6
22,pc_rollout,1,1.0,0.1403556223347672,0.9891474493745497,2,"[0.0,0.0,0.0,0.0,0.0,0.0,0.0,0.0,1.5371156930923462,1.283189669251442,1.2422844171524048,0.0,2.8584295511245728,0.7848119139671326,0.0,0.7094635963439941,0.0,0.0,0.3583710789680481,0.0,0.0,0.0,0.0,0.0,0.0,0.0,0.0]",0.14035652487932054,0.9891471945567896,1.029999527189981,0.9138710526467055,True,5,0.14035649176291645,0.9891471945214704,1.0299995271899807,0.913871056448444,True,6
22,pc_rollout,2,1.0,0.14037295365146443,0.9891546923281934,2,"[0.1983182318508625,0.0,0.0,0.0,0.0,0.0,0.0,0.149661585688591,1.7103592157363892,1.481722742319107,1.1346187591552734,0.0,3.1072829961776733,0.18991796672344208,0.0,0.8736709356307983,0.0,0.0,0.4522871822118759,0.0,0.0,0.0,0.0,0.0,0.0,0.0,0.0]",0.14037301629900503,0.9891546924255343,1.0299995271477222,0.9139406410109397,True,4,0.1403730128584864,0.9891546924058356,1.0299995271477222,0.9139406410109397,True,5
22,pc_rollout,3,1.0,0.14045265710574809,0.9892097098043936,2,"[2.185656175017357,0.0,0.0,0.0,0.0,0.0,0.0,0.6985359191894531,0.7682004570960999,1.5909059047698975,0.48001906275749207,0.0,2.043812572956085,0.4770742356777191,0.0,1.451055884361267,0.0,0.0,0.5889937877655029,0.0,0.0,0.0,0.0,0.0,0.0,0.0,0.0]",0.14045295098141825,0.9892097283175438,1.0299995270595876,0.9140883828358328,True,4,0.14045295896129056,0.9892097281923247,1.029999527059586,0.9140883868745736,True,6
22,pc_rollout,4,1.0,0.14051005413569892,0.9891688151125503,2,"[2.8593492656946182,0.0,0.0,0.0,0.0,0.0,0.0,1.162692666053772,0.08346749097108841,1.8587528467178345,0.8836607336997986,0.0,1.4051579385995865,0.74041348695755,0.0,1.2996182441711426,0.0,0.0,0.7223435044288635,0.0,0.0,0.0,0.0,0.0,0.0,0.0,0.0]",0.1405102733851238,0.9891687395719384,1.0299995269945457,0.9141923043573814,True,4,0.1405102848512559,0.9891687393886361,1.0299995269945441,0.9141923081590826,True,6
22,pc_rollout,5,1.0,0.14047438243053403,0.9891953660893158,2,"[1.969530075788498,0.0,0.0,0.0,0.0,0.0,0.0,1.5181899070739746,0.0,1.0445765554904938,0.6335249543190002,0.0,1.5102624893188477,0.07826568931341171,0.0,1.612190842628479,0.0,0.0,1.878710113465786,0.0,0.0,0.0,0.0,0.0,0.0,0.0,0.0]",0.14047429637316514,0.9891954073477367,1.0299995270561941,0.9138787658077709,True,4,0.14047429320606314,0.9891954074246478,1.0299995270561946,0.9138787658077709,True,5
23,forecast_matched,0,1.0,0.13998750638426993,0.9892933717664011,3,"[0.0,0.0,0.0,0.0,0.2618241012096405,0.0,0.0,0.0,0.0,0.0,0.0,0.022967321798205376,0.0,0.0,0.0,0.0,0.0,0.0,0.0,0.0,0.6739712357521057,0.0,0.0,0.0,0.0,0.0,0.0]",0.1399859877563489,0.9892936335416673,1.0299995278366023,0.9126373084968947,True,5,0.13998598707135224,0.9892936335959153,1.029999527836603,0.9126373080227526,True,6
23,forecast_matched,1,1.0,0.14005520586267073,0.9892873359822798,3,"[0.0,0.0,0.0,0.0,0.5917966365814209,0.0,0.0,0.0,0.0,0.0,0.0,0.05737479403614998,0.0,0.0,0.0,0.0,0.0,0.0,0.15670110285282135,0.0,1.125921368598938,0.0,0.0,0.0,0.4140635281801224,0.0,0.0]",0.14005544011812057,0.9892872960543989,1.0299995277205305,0.9128360414312823,True,4,0.14005544145461038,0.9892872958993222,1.029999527720529,0.9128360385777516,True,6
23,forecast_matched,2,1.0,0.14020275306482052,0.9892741486714278,3,"[0.0,0.0,0.0,0.12332309037446976,0.9842603206634521,0.0,0.0,0.0,0.0,0.0,0.0,0.2437078095972538,0.0983116403222084,0.0,0.0,0.0,0.0,0.0,0.7514519728720188,0.0,1.4458972215652466,0.0,0.0,0.0,1.5638639330863953,0.0,0.0]",0.140203286123891,0.9892740591210285,1.0299995274787872,0.9131853701572518,True,4,0.14020327801953006,0.989274058779991,1.029999527478784,0.9131853768125748,True,6
23,forecast_matched,3,1.0,0.14024691387413205,0.9892705756036944,3,"[0.0,0.0,0.0,0.5848022103309631,0.6555838584899902,0.0,0.0,0.0,0.05823874473571777,0.0,0.0,0.35460004583001137,0.9095109701156616,0.0,0.0,0.0,0.0,0.0,1.4540042281150818,0.0,0.9308334589004517,0.0,0.0,0.0,1.3059276342391968,0.0,0.0]",0.14024706095709544,0.9892705506614015,1.0299995273918747,0.9132248747090257,True,4,0.14024705683574917,0.9892705505733637,1.029999527391874,0.9132248775625994,True,5
23,forecast_matched,4,1.0,0.1403595737096272,0.9892608977173972,3,"[0.0,0.0,0.0,0.9880602955818176,0.7657217979431152,0.0,0.0,0.0,0.32863280177116394,0.0,0.0,0.5163212046027184,1.0576120615005493,0.006794027052819729,0.0,0.0,0.0,0.0,2.188798666000366,0.0,0.896615207195282,0.0,0.0,0.0,1.7750340700149536,0.0,0.0]",0.14035998020907597,0.9892608306357876,1.0299995272007165,0.9134558942483368,True,4,0.14035998545390369,0.9892608303790777,1.029999527200714,0.9134558942483368,True,6
23,forecast_matched,5,1.0,0.1404244858970485,0.9892547952844698,3,"[0.0,0.0,0.0,1.1105711460113525,0.5603787302970886,0.0,0.0,0.0,1.2307132482528687,0.0,0.0,0.32553593814373016,1.0298359394073486,0.03409769386053085,0.0,0.05317729711532593,0.0,0.0,2.385725498199463,0.0,0.40772393345832825,0.10550660640001297,0.0,0.0,2.564196825027466,0.0,0.0]",0.1404247221218756,0.9892547550033025,1.0299995270924822,0.9136509965826998,True,4,0.14042472182020396,0.9892547548527421,1.0299995270924807,0.9136510027639858,True,6
23,pc_rollout,0,1.0,0.13998767793551128,0.9892932911522881,3,"[0.0,0.0,0.0,0.0,0.2618241012096405,0.0,0.0,0.0,0.0,0.0,0.0,0.022967321798205376,0.0,0.0,0.0,0.0,0.0,0.0,0.0,0.0,0.6739712357521057,0.0,0.0,0.0,0.0,0.0,0.0]",0.13998599428582967,0.9892936335338488,1.0299995278366023,0.9126373089710367,True,5,0.1399859875249974,0.9892936335954892,1.029999527836603,0.9126373084968947,True,6
23,pc_rollout,1,1.0,0.14005522186693464,0.9892873358287275,3,"[0.0,0.0,0.0,0.0,0.5917966365814209,0.0,0.0,0.0,0.0,0.0,0.0,0.05737479403614998,0.0,0.0,0.0,0.0,0.0,0.0,0.15670110285282135,0.0,1.125921368598938,0.0,0.0,0.0,0.4140635281801224,0.0,0.0]",0.14005544008582876,0.9892872960543982,1.0299995277205305,0.9128360416683459,True,4,0.14005544145461038,0.9892872958993222,1.029999527720529,0.9128360385777516,True,6
23,pc_rollout,2,1.0,0.1402027603404019,0.9892741486709999,3,"[0.0,0.0,0.0,0.12332309037446976,0.9842603206634521,0.0,0.0,0.0,0.0,0.0,0.0,0.2437078095972538,0.0983116403222084,0.0,0.0,0.0,0.0,0.0,0.7514519728720188,0.0,1.4458972215652466,0.0,0.0,0.0,1.5638639330863953,0.0,0.0]",0.140203286123891,0.9892740591210285,1.0299995274787872,0.9131853701572518,True,4,0.14020327801953006,0.989274058779991,1.029999527478784,0.9131853768125748,True,6
23,pc_rollout,3,1.0,0.14024690773994405,0.9892705756036932,3,"[0.0,0.0,0.0,0.5848022103309631,0.6555838584899902,0.0,0.0,0.0,0.05823874473571777,0.0,0.0,0.35460004583001137,0.9095109701156616,0.0,0.0,0.0,0.0,0.0,1.4540042281150818,0.0,0.9308334589004517,0.0,0.0,0.0,1.3059276342391968,0.0,0.0]",0.14024706095709544,0.9892705506614015,1.0299995273918747,0.9132248747090257,True,4,0.14024705683574917,0.9892705505733637,1.029999527391874,0.9132248775625994,True,5
23,pc_rollout,4,1.0,0.14035957370962535,0.9892608977173972,3,"[0.0,0.0,0.0,0.9880602955818176,0.7657217979431152,0.0,0.0,0.0,0.32863280177116394,0.0,0.0,0.5163212046027184,1.0576120615005493,0.006794027052819729,0.0,0.0,0.0,0.0,2.188798666000366,0.0,0.896615207195282,0.0,0.0,0.0,1.7750340700149536,0.0,0.0]",0.14035998020907597,0.9892608306357876,1.0299995272007165,0.9134558942483368,True,4,0.14035998545390369,0.9892608303790777,1.029999527200714,0.9134558942483368,True,6
23,pc_rollout,5,1.0,0.1404244858970492,0.9892547952844698,3,"[0.0,0.0,0.0,1.1105711460113525,0.5603787302970886,0.0,0.0,0.0,1.2307132482528687,0.0,0.0,0.32553593814373016,1.0298359394073486,0.03409769386053085,0.0,0.05317729711532593,0.0,0.0,2.385725498199463,0.0,0.40772393345832825,0.10550660640001297,0.0,0.0,2.564196825027466,0.0,0.0]",0.1404247221218756,0.9892547550033025,1.0299995270924822,0.9136509965826998,True,4,0.14042472182020396,0.9892547548527421,1.0299995270924807,0.9136510027639858,True,6
24,forecast_matched,0,1.0,0.14011457523613688,0.9892517538561965,4,"[0.0,0.0,0.0,0.42682257294654846,0.0,0.0,0.0,0.0,0.3434140384197235,0.5039050579071045,0.0,0.36179840564727783,0.0,0.0,0.594028651714325,0.0,0.0,0.0,0.6305323243141174,0.24590609967708588,0.0,0.2509414255619049,0.0,0.0,0.0,0.0,0.0]",0.14011255785172316,0.9892521885705942,1.0299995276337637,0.9128385906982001,True,5,0.14011257377286337,0.9892521886458614,1.0299995276337643,0.9128385876076006,True,6
24,forecast_matched,1,1.0,0.1405257177608976,0.9889641623082912,4,"[0.12992635369300842,0.0,0.0,0.6008539199829102,0.0,0.0,0.0,0.0,1.5442001819610596,1.6315479278564453,0.0,1.6453908681869507,0.0,0.0,1.715663194656372,0.0,0.0,0.0,1.056044578552246,2.234778881072998,0.0,0.6806639432907104,0.0,0.0,0.0,0.0,0.0]",0.14052716384505043,0.9889636690473181,1.029999526971886,0.9138007310623262,True,5,0.14052717649622412,0.988963668985892,1.0299995269718856,0.9138007284457204,True,6
24,forecast_matched,2,1.0,0.14055404909857563,0.989048388743419,4,"[1.0416529178619385,0.0,0.0,0.8782923817634583,0.0,0.0,0.0,0.0,1.326769471168518,1.4047155380249023,0.0,1.23086678981781,0.0,0.0,1.5528137683868408,0.12800849974155426,0.0,0.0,1.1148405075073242,1.555277705192566,0.0,1.733071506023407,0.0,0.0,0.0,0.0,0.0]",0.1405541412192582,0.9890484586676317,1.0299995269116622,0.9138074305019779,True,4,0.1405541300518536,0.989048458705733,1.0299995269116622,0.9138074312130328,True,5
24,forecast_matched,3,1.0,0.1406486836191256,0.9890443558845867,4,"[1.0382212400436401,0.0,0.0,1.4105761051177979,0.0,0.0,0.0,0.0,1.3216254711151123,1.1711515188217163,0.0,0.19318363070487976,0.0,0.0,1.807471513748169,1.3603365421295166,0.0,0.0,1.3655327558517456,1.5418990850448608,0.0,2.1824076175689697,0.0,0.0,0.0,0.0,0.0]",0.14064904297109815,0.9890443040925746,1.0299995267892725,0.9141032048692508,True,5,0.14064905431169647,0.9890443040795459,1.0299995267892725,0.9141032022525946,True,6
24,forecast_matched,4,1.0,0.1406986526981304,0.9890124098709736,4,"[0.09321422874927521,0.0,0.0,1.4888783693313599,0.0,0.0,0.0,0.0,1.7077833414077759,0.2512856423854828,0.0,0.03332443907856941,0.0,0.0,2.077082395553589,2.0829969942569733,0.0,0.0,1.5864728689193726,1.7781974077224731,0.0,2.899803042411804,0.0,0.0,0.0,0.0,0.0]",0.14069887023683533,0.9890123505191601,1.029999526734735,0.9140820861549069,True,4,0.14069888990315887,0.9890123503501215,1.0299995267347337,0.9140820833012343,True,6
24,forecast_matched,5,1.0,0.14068564674967338,0.9890923539645421,4,"[0.0,0.0,0.0,1.8229527473449707,0.0,0.0,0.0,0.0,1.66016685962677,0.8387163877487183,0.0,0.5636699795722961,0.0,0.0,2.554069757461548,2.2410240173339844,0.0,0.0,0.12119870632886887,1.1554429531097412,0.0,2.8469796776771545,0.0,0.0,0.0,0.0,0.0]",0.14068556424484047,0.9890924406414374,1.0299995267528674,0.9142088020676139,True,4,0.1406855719726535,0.9890924407579916,1.029999526752868,0.9142087999249372,True,6
24,pc_rollout,0,1.0,0.1401136390080324,0.9892520299355596,4,"[0.0,0.0,0.0,0.42682257294654846,0.0,0.0,0.0,0.0,0.3434140384197235,0.5039050579071045,0.0,0.36179840564727783,0.0,0.0,0.594028651714325,0.0,0.0,0.0,0.6305323243141174,0.24590609967708588,0.0,0.2509414255619049,0.0,0.0,0.0,0.0,0.0]",0.14011255419570148,0.9892521886105109,1.0299995276337643,0.9128385911723187,True,5,0.14011256807598438,0.9892521886480911,1.0299995276337643,0.9128385911723187,True,6
24,pc_rollout,1,1.0,0.1405257070397951,0.988964163046591,4,"[0.12992635369300842,0.0,0.0,0.6008539199829102,0.0,0.0,0.0,0.0,1.5442001819610596,1.6315479278564453,0.0,1.6453908681869507,0.0,0.0,1.715663194656372,0.0,0.0,0.0,1.056044578552246,2.234778881072998,0.0,0.6806639432907104,0.0,0.0,0.0,0.0,0.0]",0.1405271785226053,0.9889636690473175,1.029999526971886,0.9138007279716792,True,5,0.14052717649622412,0.988963668985892,1.0299995269718856,0.9138007284457204,True,6
24,pc_rollout,2,1.0,0.1405540557677755,0.9890483887457073,4,"[1.0416529178619385,0.0,0.0,0.8782923817634583,0.0,0.0,0.0,0.0,1.326769471168518,1.4047155380249023,0.0,1.23086678981781,0.0,0.0,1.5528137683868408,0.12800849974155426,0.0,0.0,1.1148405075073242,1.555277705192566,0.0,1.733071506023407,0.0,0.0,0.0,0.0,0.0]",0.14055414121925539,0.9890484586676317,1.0299995269116622,0.9138074305019779,True,4,0.1405541300518536,0.989048458705733,1.0299995269116622,0.9138074312130328,True,5
24,pc_rollout,3,1.0,0.1406486867283153,0.9890443558845933,4,"[1.0382212400436401,0.0,0.0,1.4105761051177979,0.0,0.0,0.0,0.0,1.3216254711151123,1.1711515188217163,0.0,0.19318363070487976,0.0,0.0,1.807471513748169,1.3603365421295166,0.0,0.0,1.3655327558517456,1.5418990850448608,0.0,2.1824076175689697,0.0,0.0,0.0,0.0,0.0]",0.14064904297109815,0.9890443040925746,1.0299995267892725,0.9141032048692508,True,5,0.14064905431169647,0.9890443040795459,1.0299995267892725,0.9141032022525946,True,6
24,pc_rollout,4,1.0,0.14069865266268472,0.9890124098709734,4,"[0.09321422874927521,0.0,0.0,1.4888783693313599,0.0,0.0,0.0,0.0,1.7077833414077759,0.2512856423854828,0.0,0.03332443907856941,0.0,0.0,2.077082395553589,2.0829969942569733,0.0,0.0,1.5864728689193726,1.7781974077224731,0.0,2.899803042411804,0.0,0.0,0.0,0.0,0.0]",0.14069887023683533,0.9890123505191601,1.029999526734735,0.9140820861549069,True,4,0.14069888990315887,0.9890123503501215,1.0299995267347337,0.9140820833012343,True,6
24,pc_rollout,5,1.0,0.14068562427273743,0.9890923539645419,4,"[0.0,0.0,0.0,1.8229527473449707,0.0,0.0,0.0,0.0,1.66016685962677,0.8387163877487183,0.0,0.5636699795722961,0.0,0.0,2.554069757461548,2.2410240173339844,0.0,0.0,0.12119870632886887,1.1554429531097412,0.0,2.8469796776771545,0.0,0.0,0.0,0.0,0.0]",0.14068556424484047,0.9890924406414374,1.0299995267528674,0.9142088020676139,True,4,0.1406855719726535,0.9890924407579916,1.029999526752868,0.9142087999249372,True,6
25,forecast_matched,0,1.0,0.14012967603359733,0.9892491628482357,5,"[0.30839651823043823,0.0,0.0,0.5628089308738708,0.32288357615470886,0.0,0.0,0.19128192961215973,0.0,0.0,0.3604900538921356,0.1933440864086151,0.5491688251495361,0.0,0.0,0.0,0.0,0.0,0.29461199045181274,0.0,0.0,0.9154400825500488,0.0,0.0,0.0,0.0,0.0]",0.14012774603707576,0.9892496386619016,1.0299995276051417,0.9128694113974103,True,5,0.14012774738855208,0.9892496387353924,1.0299995276051424,0.9128694106862404,True,6
25,forecast_matched,1,1.0,0.14033522528236675,0.9891568816073141,5,"[0.7116338610649109,0.0,0.0,0.8830139636993408,0.5224345326423645,0.0,0.0,0.7591687440872192,0.0,0.0,0.6639512777328491,0.20063835382461548,1.8816633224487305,0.0,0.0,0.0,0.0,0.0,1.1637606620788574,0.37310367822647095,0.0,0.6202685832977295,0.0,0.0,0.0,0.0,0.0]",0.1403359344261691,0.9891566859313076,1.0299995272631652,0.9134515356374727,True,4,0.14033593326614627,0.9891566853868383,1.029999527263161,0.9134515418187309,True,6
25,forecast_matched,2,1.0,0.14057994431343981,0.9891141683059261,5,"[0.8521391153335571,0.0,0.0,1.898157775402069,1.7819701433181763,0.0,0.0,0.6625896692276001,0.0,0.0,0.9757030606269836,0.8278881907463074,2.2958879470825195,0.2621198296546936,0.2517862319946289,0.0,0.0,0.0,1.14018976688385,0.3384215235710144,0.0,1.066734790802002,0.0,0.0,0.0,0.0,0.0]",0.1405808005655084,0.9891140009447283,1.029999526877617,0.9140423529161945,True,5,0.1405808149261223,0.98911400091289,1.0299995268776168,0.9140423493515152,True,6
25,forecast_matched,3,1.0,0.1405946635820684,0.9890581221175665,5,"[1.2435604333877563,0.0,0.0,2.3716591000556946,0.8049025237560272,0.0,0.0,0.05517933517694473,0.0,0.0,0.2073676586151123,1.002456784248352,1.59685879945755,0.5213006138801575,0.6939443349838257,0.0,0.0,0.0,1.293579339981079,1.3228557109832764,0.0,1.3974233865737915,0.0,0.0,0.0,0.0,0.0]",0.1405947218779501,0.9890580676136562,1.0299995268622912,0.9139635884092311,True,4,0.14059471984671915,0.9890580675304559,1.0299995268622908,0.9139635912628855,True,6
25,forecast_matched,4,1.0,0.14059669335429828,0.9890462402071751,5,"[0.9389587044715881,0.0,0.0,2.9870654344558716,0.07913488894701004,0.0,0.0,0.0,0.0,0.0,0.0,1.2695139646530151,0.28058508038520813,0.9755394458770752,1.6315053701400757,0.0,0.0,0.0,0.3040182888507843,1.5751217603683472,0.0,2.0344033241271973,0.0,0.0,0.0,0.0,0.0]",0.14059674959123844,0.9890462269141258,1.0299995268942224,0.9139110348505073,True,4,0.14059674878242157,0.989046226876655,1.029999526894222,0.9139110322338476,True,6
25,forecast_matched,5,1.0,0.14066925187798388,0.9890291553357726,5,"[1.7667661905288696,0.0,0.0,1.9846377335488796,1.459097146987915,0.0,0.0,0.0,0.0,0.0,0.0,1.4083576202392578,0.3556407690048218,0.7305371761322021,1.9187397956848145,0.0,0.0,0.0,0.03941813483834267,1.6722955703735352,0.0,1.8480087518692017,0.0,0.0,0.0,0.0,0.0]",0.14066950695052405,0.9890291046127033,1.0299995268009539,0.9141473602598906,True,4,0.1406695104636925,0.9890291044384452,1.0299995268009525,0.9141473662042437,True,6
25,pc_rollout,0,1.0,0.14012971476324992,0.9892492189736449,5,"[0.30839651823043823,0.0,0.0,0.5628089308738708,0.32288357615470886,0.0,0.0,0.19128192961215973,0.0,0.0,0.3604900538921356,0.1933440864086151,0.5491688251495361,0.0,0.0,0.0,0.0,0.0,0.29461199045181274,0.0,0.0,0.9154400825500488,0.0,0.0,0.0,0.0,0.0]",0.14012774863114055,0.9892496386622179,1.0299995276051417,0.9128694111603536,True,5,0.1401277497803765,0.9892496387353464,1.0299995276051424,0.9128694113974103,True,6
25,pc_rollout,1,1.0,0.14033522587227418,0.9891568816442278,5,"[0.7116338610649109,0.0,0.0,0.8830139636993408,0.5224345326423645,0.0,0.0,0.7591687440872192,0.0,0.0,0.6639512777328491,0.20063835382461548,1.8816633224487305,0.0,0.0,0.0,0.0,0.0,1.1637606620788574,0.37310367822647095,0.0,0.6202685832977295,0.0,0.0,0.0,0.0,0.0]",0.14033593442622155,0.989156685931308,1.0299995272631652,0.9134515356374727,True,4,0.14033593326614627,0.9891566853868383,1.029999527263161,0.9134515418187309,True,6
25,pc_rollout,2,1.0,0.14057993882814032,0.9891141683058818,5,"[0.8521391153335571,0.0,0.0,1.898157775402069,1.7819701433181763,0.0,0.0,0.6625896692276001,0.0,0.0,0.9757030606269836,0.8278881907463074,2.2958879470825195,0.2621198296546936,0.2517862319946289,0.0,0.0,0.0,1.14018976688385,0.3384215235710144,0.0,1.066734790802002,0.0,0.0,0.0,0.0,0.0]",0.1405808005655084,0.9891140009447283,1.029999526877617,0.9140423529161945,True,5,0.1405808149261223,0.98911400091289,1.0299995268776168,0.9140423493515152,True,6
25,pc_rollout,3,1.0,0.14059465500595175,0.9890581221175648,5,"[1.2435604333877563,0.0,0.0,2.3716591000556946,0.8049025237560272,0.0,0.0,0.05517933517694473,0.0,0.0,0.2073676586151123,1.002456784248352,1.59685879945755,0.5213006138801575,0.6939443349838257,0.0,0.0,0.0,1.293579339981079,1.3228557109832764,0.0,1.3974233865737915,0.0,0.0,0.0,0.0,0.0]",0.1405947218779501,0.9890580676136562,1.0299995268622912,0.9139635884092311,True,4,0.14059471984671915,0.9890580675304559,1.0299995268622908,0.9139635912628855,True,6
25,pc_rollout,4,1.0,0.14059669335426864,0.9890462402071751,5,"[0.9389587044715881,0.0,0.0,2.9870654344558716,0.07913488894701004,0.0,0.0,0.0,0.0,0.0,0.0,1.2695139646530151,0.28058508038520813,0.9755394458770752,1.6315053701400757,0.0,0.0,0.0,0.3040182888507843,1.5751217603683472,0.0,2.0344033241271973,0.0,0.0,0.0,0.0,0.0]",0.14059674959123844,0.9890462269141258,1.0299995268942224,0.9139110348505073,True,4,0.14059674878242157,0.989046226876655,1.029999526894222,0.9139110322338476,True,6
25,pc_rollout,5,1.0,0.14066925187798388,0.9890291553357726,5,"[1.7667661905288696,0.0,0.0,1.9846377335488796,1.459097146987915,0.0,0.0,0.0,0.0,0.0,0.0,1.4083576202392578,0.3556407690048218,0.7305371761322021,1.9187397956848145,0.0,0.0,0.0,0.03941813483834267,1.6722955703735352,0.0,1.8480087518692017,0.0,0.0,0.0,0.0,0.0]",0.14066950695052405,0.9890291046127033,1.0299995268009539,0.9141473602598906,True,4,0.1406695104636925,0.9890291044384452,1.0299995268009525,0.9141473662042437,True,6
26,forecast_matched,0,1.0,0.14003296737060103,0.9892907514649636,6,"[0.0,0.0,0.0,0.0,0.0,0.0,0.0,0.0,0.0,0.0,0.0,0.0,0.0,0.0,0.7458208799362183,0.0,0.0,0.0,0.5713407248258591,0.0,0.134504035115242,0.16848984360694885,0.0,0.0,0.0,0.0,0.0]",0.14003102642577747,0.9892911687472621,1.0299995277785536,0.9126334533962351,True,5,0.140031049899299,0.9892911688180756,1.029999527778554,0.9126334503056449,True,6
26,forecast_matched,1,1.0,0.14016301353145974,0.9892546301144278,6,"[0.0,0.0,0.0,0.0,0.0,0.0,0.0,0.0,0.0,0.0,0.27344411611557007,0.0,0.0,0.23806987702846527,0.6998010203242302,0.0,0.0,0.0,1.1197233870625496,0.0,0.9740492105484009,1.171506017446518,0.0,0.0,0.0,0.0,0.0]",0.14016344918030874,0.9892545288258403,1.0299995275408702,0.9128535030435873,True,4,0.1401634523011475,0.9892545285120602,1.0299995275408675,0.9128535123153928,True,6
26,forecast_matched,2,1.0,0.14038157395855685,0.98913958566151,6,"[0.2804982364177704,0.0,0.0,0.0,0.060207217931747437,0.0,0.0,0.0,0.06303191930055618,0.9253640025854111,1.33371102809906,0.0,0.0,0.5149041414260864,0.37887904047966003,0.13215388357639313,0.0,0.0,1.0634193420410156,0.0,0.0,3.74688720703125,0.0,0.0,0.2648041844367981,0.0,0.0]",0.14038235491547685,0.9891393503359274,1.0299995271801958,0.9131580043722302,True,5,0.14038236263890497,0.9891393503050906,1.0299995271801956,0.9131580041351921,True,6
26,forecast_matched,3,1.0,0.14051947592105007,0.9891687096330731,6,"[0.44486409425735474,0.0,0.0,0.0,0.05713453143835068,0.0,0.0,0.0,0.491678923368454,1.5302783995866776,0.8937242031097412,0.0,0.0,1.2421854734420776,1.0715264081954956,0.7505908608436584,0.0,0.0,0.990404486656189,0.0,0.0,3.2935545444488525,0.0,0.0,0.4564487338066101,0.0,0.0]",0.1405199350125226,0.9891686765774184,1.029999526974165,0.9136522512017864,True,5,0.14051994711278337,0.9891686765617096,1.0299995269741649,0.9136522481111423,True,6
26,forecast_matched,4,1.0,0.14058431179350714,0.9891632634896059,6,"[0.3765442371368408,0.0,0.0,0.0,0.06214198097586632,0.0,0.0,0.0,0.6778114438056946,2.1342071294784546,0.8825293779373169,0.0,0.0,0.5423507690429688,1.6096854209899902,0.749804675579071,0.0,0.0,1.2170344442129135,0.0,0.0,4.010668992996216,0.0,0.0,0.47119271755218506,0.0,0.0]",0.14058452011978784,0.9891632265050913,1.0299995268492297,0.9137477644705038,True,4,0.14058452498380253,0.9891632263644488,1.0299995268492284,0.9137477651815609,True,6
26,forecast_matched,5,1.0,0.14059556431949585,0.9891541426912076,6,"[0.0,0.0,0.0,0.0,0.06783440709114075,0.0,0.0,0.1915004849433899,0.7501426339149475,2.410030335187912,0.9629240036010742,0.0,0.0,0.03496154397726059,1.9639952182769775,0.37779319286346436,0.0,0.0,1.9355181455612183,0.0,0.0,4.070381462574005,0.0,0.0,0.3623051345348358,0.0,0.0]",0.1405956337569794,0.9891541261293183,1.0299995268168463,0.9136852956567343,True,4,0.140595613127938,0.9891541260942295,1.029999526816846,0.9136852992214223,True,5
26,pc_rollout,0,1.0,0.14003330714826714,0.9892906023379217,6,"[0.0,0.0,0.0,0.0,0.0,0.0,0.0,0.0,0.0,0.0,0.0,0.0,0.0,0.0,0.7458208799362183,0.0,0.0,0.0,0.5713407248258591,0.0,0.134504035115242,0.16848984360694885,0.0,0.0,0.0,0.0,0.0]",0.14003103359522456,0.9892911687315197,1.0299995277785532,0.9126334571980258,True,5,0.14003104371185573,0.9892911688172215,1.029999527778554,0.9126334507797785,True,6
26,pc_rollout,1,1.0,0.14017325537571623,0.9892525171877552,6,"[0.0,0.0,0.0,0.0,0.0,0.0,0.0,0.0,0.0,0.0,0.28869590163230896,0.0,0.0,0.2462058812379837,0.8022700250148773,0.0,0.0,0.0,1.1253541111946106,0.0,0.9740492105484009,1.216490462422371,0.0,0.0,0.0,0.0,0.0]",0.14017372563454172,0.989252408918827,1.0299995275259062,0.9128748262902662,True,4,0.14017374290851312,0.9892524085799385,1.029999527525903,0.9128748300920383,True,6
26,pc_rollout,2,1.0,0.14041682806073127,0.9891382126921382,6,"[0.27981606125831604,0.0,0.0,0.0,0.060001663863658905,0.0,0.0,0.0,0.17781630158424377,0.9230736196041107,1.3293248414993286,0.0,0.0,0.5122972726821899,1.58558189868927,0.13171932101249695,0.0,0.0,0.1312706470489502,0.0,0.0,3.733470916748047,0.0,0.0,0.26381316781044006,0.0,0.0]",0.14041771348239848,0.9891379669611334,1.0299995271486604,0.9133744503372061,True,5,0.14041770506857168,0.9891379669267765,1.0299995271486604,0.9133744477206355,True,6
26,pc_rollout,3,1.0,0.1404706033794445,0.9891722114676311,6,"[0.44656041264533997,0.0,0.0,0.0,0.05738484859466553,0.0,0.0,0.0,0.48192092776298523,1.5355997905135155,0.8967928290367126,0.0,0.0,1.246424674987793,0.9525308907032013,0.7531415224075317,0.0,0.0,0.11257005482912064,0.0,0.0,3.30120187997818,0.0,0.0,0.4588465690612793,0.0,0.0]",0.1404707603689277,0.9891722247887044,1.0299995270569662,0.9136308573930304,True,4,0.1404707555813394,0.9891722247255941,1.029999527056965,0.9136308602466452,True,6
26,pc_rollout,4,1.0,0.14053642084382495,0.9891678267621805,6,"[0.37620410323143005,0.0,0.0,0.0,0.06346925348043442,0.0,0.0,0.0,0.6704944968223572,2.113834321498871,0.8740460872650146,0.0,0.0,0.536965012550354,1.5881019234657288,0.7425963282585144,0.0,0.0,0.2883690074086189,0.0,0.0,3.9569212794303894,0.0,0.0,0.5322273969650269,0.0,0.0]",0.14053663407765837,0.9891677902815565,1.0299995269327444,0.913743036674674,True,4,0.1405366367748435,0.9891677901379389,1.0299995269327429,0.9137430369116956,True,6
26,pc_rollout,5,1.0,0.1405937569794185,0.989154455030541,6,"[0.0,0.0,0.0,0.0,0.06992603093385696,0.0,0.0,0.19111597537994385,0.7487908601760864,2.4060372933745384,0.9612481594085693,0.0,0.0,0.035949937999248505,1.959542453289032,0.37786057591438293,0.0,0.0,1.917671024799347,0.0,0.0,4.051012575626373,0.0,0.0,0.3719433546066284,0.0,0.0]",0.14059395866813626,0.989154410797829,1.0299995268198758,0.9136853379026592,True,4,0.14059397088263667,0.9891544106546909,1.0299995268198745,0.9136853409933063,True,6
27,forecast_matched,0,1.0,0.14006134374157914,0.9892486785858702,7,"[0.01637974940240383,0.0,0.0,0.0,0.0,0.0,0.0,0.2467106431722641,0.4333345890045166,0.0,0.15930207073688507,0.5651048254221678,0.8019952774047852,0.0,0.047787836752831936,0.0,0.0,0.0,0.0,0.18887610733509064,0.0,0.0,0.0,0.0,0.0,0.0,0.0]",0.14006066279143234,0.98924876100761,1.0299995277107472,0.9127979869937248,True,5,0.14006066908045936,0.9892487610311667,1.0299995277107472,0.9127979898472545,True,6
27,forecast_matched,1,1.0,0.1402577193588964,0.9890532327023347,7,"[0.018952472135424614,0.0,0.0,0.0,0.0,0.0,0.0,0.1104302629828453,0.8315163999795914,0.0,0.7216977626085281,0.8120950013399124,1.0646865367889404,0.0,1.0889635346829891,0.0,0.0,0.0,0.0,1.203582525253296,0.0,0.0,0.0,0.0,0.0,0.0,0.0]",0.14025844378440447,0.9890529344865706,1.0299995274236913,0.9133247578983892,True,5,0.14025845986089447,0.9890529344546507,1.029999527423691,0.9133247583724751,True,6
27,forecast_matched,2,1.0,0.14027861594911895,0.9890116593512706,7,"[0.022492429241538048,0.0,0.0,0.0,0.0,0.0,0.0,0.0,0.6967283487319946,0.0,0.8481931872665882,0.2014685720205307,0.5592077374458313,0.0,1.8091954588890076,0.19792142510414124,0.0,0.0,0.0,1.435705304145813,0.0,0.0,0.0,0.0,0.0,0.0,0.0]",0.14027872513226358,0.9890116053843059,1.029999527427439,0.9134149111355842,True,4,0.1402787179786953,0.9890116052801308,1.0299995274274383,0.9134149147002859,True,6
27,forecast_matched,3,1.0,0.14023395380487727,0.9890664226461015,7,"[0.01774030178785324,0.0,0.0,0.0,0.0,0.0,0.0,0.0,0.9452807605266571,0.0,0.06239882484078407,0.26413340121507645,0.0,0.0,1.4767575412988663,0.5572912693023682,0.0,0.0,0.0,1.5969594717025757,0.0,0.0,0.0,0.0,0.0,0.0,0.0]",0.1402338180953656,0.9890665075122573,1.0299995274985592,0.9132636372830978,True,4,0.14023379752026288,0.9890665076746701,1.02999952749856,0.9132636403737172,True,6
27,forecast_matched,4,1.0,0.14024066739173113,0.9890940834497329,7,"[0.0,0.0,0.0,0.0,0.0,0.0,0.0,0.0,0.8013588488101959,0.0,0.0,0.9922974705696106,0.0,0.0,0.861710250377655,1.076886534690857,0.0,0.0,0.0,1.4206743240356445,0.0,0.0,0.0,0.0,0.0,0.0,0.0]",0.1402407021818881,0.9890941074429402,1.0299995274789229,0.9131834612625109,True,4,0.140240702136054,0.9890941074564202,1.0299995274789229,0.9131834617365994,True,5
27,forecast_matched,5,1.0,0.14024659860696337,0.9892569584155253,7,"[0.0,0.0,0.0,0.0,0.0,0.0,0.0,0.0,0.6556836143136024,0.0,0.0,1.9080805853009224,0.0,0.041488196700811386,1.3946820944547653,1.3031525611877441,0.0,0.0,0.0,0.14434237778186798,0.0,0.0,0.0,0.0,0.0,0.0,0.0]",0.14024660717148688,0.9892571123963423,1.029999527454686,0.913082335217914,True,4,0.14024660608694942,0.9892571125436115,1.029999527454686,0.9130823421102839,True,6
27,pc_rollout,0,1.0,0.14006250757203925,0.9892483980976732,7,"[0.01637974940240383,0.0,0.0,0.0,0.0,0.0,0.0,0.2467106431722641,0.4333345890045166,0.0,0.15930207073688507,0.5651048254221678,0.8019952774047852,0.0,0.047787836752831936,0.0,0.0,0.0,0.0,0.18887610733509064,0.0,0.0,0.0,0.0,0.0,0.0,0.0]",0.14006068219370463,0.9892487609617628,1.0299995277107468,0.9127979869937248,True,5,0.14006066678750648,0.9892487610286862,1.0299995277107472,0.9127979867566608,True,6
27,pc_rollout,1,1.0,0.14025772324042718,0.9890532318605543,7,"[0.018952472135424614,0.0,0.0,0.0,0.0,0.0,0.0,0.1104302629828453,0.8315163999795914,0.0,0.7216977626085281,0.8120950013399124,1.0646865367889404,0.0,1.0889635346829891,0.0,0.0,0.0,0.0,1.203582525253296,0.0,0.0,0.0,0.0,0.0,0.0,0.0]",0.14025844781139576,0.9890529344865708,1.0299995274236913,0.913324758846561,True,5,0.14025844255241032,0.98905293445465,1.029999527423691,0.9133247583724751,True,6
27,pc_rollout,2,1.0,0.14027860434290557,0.9890116593487364,7,"[0.022492429241538048,0.0,0.0,0.0,0.0,0.0,0.0,0.0,0.6967283487319946,0.0,0.8481931872665882,0.2014685720205307,0.5592077374458313,0.0,1.8091954588890076,0.19792142510414124,0.0,0.0,0.0,1.435705304145813,0.0,0.0,0.0,0.0,0.0,0.0,0.0]",0.14027872513226358,0.9890116053843059,1.029999527427439,0.9134149111355842,True,4,0.1402787179786953,0.9890116052801308,1.0299995274274383,0.9134149147002859,True,6
27,pc_rollout,3,1.0,0.1402339670905547,0.9890664226460942,7,"[0.01774030178785324,0.0,0.0,0.0,0.0,0.0,0.0,0.0,0.9452807605266571,0.0,0.06239882484078407,0.26413340121507645,0.0,0.0,1.4767575412988663,0.5572912693023682,0.0,0.0,0.0,1.5969594717025757,0.0,0.0,0.0,0.0,0.0,0.0,0.0]",0.1402338180953656,0.9890665075122573,1.0299995274985592,0.9132636372830978,True,4,0.14023379752026288,0.9890665076746701,1.02999952749856,0.9132636403737172,True,6
27,pc_rollout,4,1.0,0.1402406673917379,0.9890940834497329,7,"[0.0,0.0,0.0,0.0,0.0,0.0,0.0,0.0,0.8013588488101959,0.0,0.0,0.9922974705696106,0.0,0.0,0.861710250377655,1.076886534690857,0.0,0.0,0.0,1.4206743240356445,0.0,0.0,0.0,0.0,0.0,0.0,0.0]",0.1402407021818881,0.9890941074429402,1.0299995274789229,0.9131834612625109,True,4,0.140240702136054,0.9890941074564202,1.0299995274789229,0.9131834617365994,True,5
27,pc_rollout,5,1.0,0.14024659860696337,0.9892569584155253,7,"[0.0,0.0,0.0,0.0,0.0,0.0,0.0,0.0,0.6556836143136024,0.0,0.0,1.9080805853009224,0.0,0.041488196700811386,1.3946820944547653,1.3031525611877441,0.0,0.0,0.0,0.14434237778186798,0.0,0.0,0.0,0.0,0.0,0.0,0.0]",0.14024660717148688,0.9892571123963423,1.029999527454686,0.913082335217914,True,4,0.14024660608694942,0.9892571125436115,1.029999527454686,0.9130823421102839,True,6
28,forecast_matched,0,1.0,0.1402038705249421,0.9892733816101614,8,"[0.0,0.0,0.0,1.1922930479049683,0.512834370136261,0.0,0.0,0.8011440634727478,0.0,0.8747817277908325,0.0,0.0,0.8196741342544556,0.0,0.0,0.0,0.0,0.0,0.0,0.0,0.4998665452003479,0.533161997795105,0.0,0.0,0.1506427675485611,0.0,0.0]",0.140202890541337,0.9892738152530636,1.029999527466636,0.9132872258778806,True,5,0.1402028979081247,0.9892738152955817,1.0299995274666363,0.913287228968496,True,6
28,forecast_matched,1,1.0,0.14046978108414293,0.9892229512086229,8,"[0.0,0.0,0.0,0.6570380330085754,1.620374083518982,0.0,0.0,1.5888340473175049,0.0,1.6011472940444946,0.0,0.0,3.163535237312317,0.0,0.0,0.0,0.0,0.0,0.0,0.2081354409456253,0.19896693527698517,0.8497761487960815,0.0,0.0,0.9097601771354675,0.0,0.0]",0.14047067027038726,0.9892227706668617,1.02999952701615,0.9141310061244833,True,5,0.14047067926877352,0.9892227706334327,1.02999952701615,0.9141310058874638,True,6
28,forecast_matched,2,1.0,0.14055262146283304,0.9891160575501597,8,"[0.0,0.0,0.0,0.0,1.683741569519043,0.0,0.0,1.8742189407348633,0.0,1.5782361030578613,0.0,0.0,2.309972047805786,0.0,0.0,0.0,0.0,0.0,0.0,0.9837364554405212,1.331642746925354,0.8432090282440186,0.0,0.0,1.5552977323532104,0.0,0.0]",0.1405529369499823,0.9891159089714696,1.0299995269003936,0.9143602785405646,True,4,0.14055293473875022,0.9891159086725436,1.0299995269003919,0.9143602847218849,True,6
28,forecast_matched,3,1.0,0.1404878643248363,0.9890363942032044,8,"[0.0,0.0,0.0,0.0,2.321699857711792,0.0,0.0,0.7549224495887756,0.0,0.23667410016059875,0.06847409904003143,0.0,0.14690116979181767,0.0,0.0,0.0,0.0,0.0,0.0,1.632615566253662,1.3655805587768555,1.1874499320983887,0.0,0.0,2.2608542442321777,0.0,0.0]",0.14048772700749879,0.9890363408798993,1.0299995270738882,0.913952839531796,True,4,0.140487728713958,0.9890363408947508,1.0299995270738889,0.9139528362041266,True,6
28,forecast_matched,4,1.0,0.14049365300225478,0.989078300784072,8,"[0.0,0.0,0.0,0.0,2.9375765323638916,0.0,0.0,0.0,0.0,0.0,1.7727602422237396,0.0,0.0,0.0,0.0,0.0,0.0,0.0,0.0,0.09655354171991348,0.0,1.6582788228988647,0.0,0.0,3.2868905067443848,0.0,0.0]",0.14049369342218263,0.9890783143208625,1.0299995270879199,0.9138442650775439,True,4,0.14049368615737562,0.9890783143063829,1.0299995270879196,0.9138442622238913,True,6
28,forecast_matched,5,1.0,0.1404483738914956,0.9889962252786815,8,"[0.0,0.0,0.0,0.0,0.3426182270050049,0.0,0.0,0.0,0.0,0.0,2.8200749158859253,0.0,0.0,0.0,0.0,0.0,0.0,0.0,0.0,0.0,0.0,1.903191089630127,0.0,0.0,4.066108703613281,0.0,0.0]",0.14044824252201404,0.9889961475876361,1.029999527139987,0.9137001964040553,True,5,0.1404482335321652,0.9889961475895921,1.029999527139987,0.9137001961670437,True,6
28,pc_rollout,0,1.0,0.1402030808901471,0.9892737783288245,8,"[0.0,0.0,0.0,1.1922930479049683,0.512834370136261,0.0,0.0,0.8011440634727478,0.0,0.8747817277908325,0.0,0.0,0.8196741342544556,0.0,0.0,0.0,0.0,0.0,0.0,0.0,0.4998665452003479,0.533161997795105,0.0,0.0,0.1506427675485611,0.0,0.0]",0.14020289081791915,0.9892738152898327,1.0299995274666363,0.9132872287314497,True,5,0.14020290506057584,0.9892738152973876,1.0299995274666363,0.9132872263519732,True,6
28,pc_rollout,1,1.0,0.14046976850003198,0.9892229519729451,8,"[0.0,0.0,0.0,0.6570380330085754,1.620374083518982,0.0,0.0,1.5888340473175049,0.0,1.6011472940444946,0.0,0.0,3.163535237312317,0.0,0.0,0.0,0.0,0.0,0.0,0.2081354409456253,0.19896693527698517,0.8497761487960815,0.0,0.0,0.9097601771354675,0.0,0.0]",0.14047067878206215,0.9892227706668617,1.02999952701615,0.914131005176405,True,5,0.14047067926877352,0.9892227706334327,1.02999952701615,0.9141310058874638,True,6
28,pc_rollout,2,1.0,0.14055262093111248,0.9891160575519945,8,"[0.0,0.0,0.0,0.0,1.683741569519043,0.0,0.0,1.8742189407348633,0.0,1.5782361030578613,0.0,0.0,2.309972047805786,0.0,0.0,0.0,0.0,0.0,0.0,0.9837364554405212,1.331642746925354,0.8432090282440186,0.0,0.0,1.5552977323532104,0.0,0.0]",0.1405529369499823,0.9891159089714696,1.0299995269003936,0.9143602785405646,True,4,0.14055293473875022,0.9891159086725436,1.0299995269003919,0.9143602847218849,True,6
28,pc_rollout,3,1.0,0.1404878634704957,0.9890363942032083,8,"[0.0,0.0,0.0,0.0,2.321699857711792,0.0,0.0,0.7549224495887756,0.0,0.23667410016059875,0.06847409904003143,0.0,0.14690116979181767,0.0,0.0,0.0,0.0,0.0,0.0,1.632615566253662,1.3655805587768555,1.1874499320983887,0.0,0.0,2.2608542442321777,0.0,0.0]",0.14048772700749879,0.9890363408798993,1.0299995270738882,0.913952839531796,True,4,0.140487728713958,0.9890363408947508,1.0299995270738889,0.9139528362041266,True,6
28,pc_rollout,4,1.0,0.14049365300224315,0.989078300784072,8,"[0.0,0.0,0.0,0.0,2.9375765323638916,0.0,0.0,0.0,0.0,0.0,1.7727602422237396,0.0,0.0,0.0,0.0,0.0,0.0,0.0,0.0,0.09655354171991348,0.0,1.6582788228988647,0.0,0.0,3.2868905067443848,0.0,0.0]",0.14049369342218263,0.9890783143208625,1.0299995270879199,0.9138442650775439,True,4,0.14049368615737562,0.9890783143063829,1.0299995270879196,0.9138442622238913,True,6
28,pc_rollout,5,1.0,0.1404483738914956,0.9889962252786815,8,"[0.0,0.0,0.0,0.0,0.3426182270050049,0.0,0.0,0.0,0.0,0.0,2.8200749158859253,0.0,0.0,0.0,0.0,0.0,0.0,0.0,0.0,0.0,0.0,1.903191089630127,0.0,0.0,4.066108703613281,0.0,0.0]",0.14044824252201404,0.9889961475876361,1.029999527139987,0.9137001964040553,True,5,0.1404482335321652,0.9889961475895921,1.029999527139987,0.9137001961670437,True,6
29,forecast_matched,0,1.0,0.14025292250053797,0.9891577679501191,9,"[0.9728542566299438,0.0,0.0,0.7015576958656311,0.0,0.0,0.0,0.0,0.0,0.2319369912147522,0.43502475321292877,0.0,0.0,0.0,0.5210886001586914,0.1641949564218521,0.0,0.0,0.0,0.5678293704986572,2.7842015624046326,0.0,0.0,0.0,0.0,0.0,0.0]",0.14025291311190535,0.9891576663677809,1.029999527385728,0.9135368775677593,True,4,0.14025293164653863,0.9891576662731167,1.029999527385728,0.9135368740030537,True,5
29,forecast_matched,1,1.0,0.14044903973400102,0.9891037435170966,9,"[1.4564882516860962,0.0,0.0,1.7695558071136475,0.0,0.0,0.0,0.0,0.0,1.0061616897583008,0.8552239220589399,0.0,0.0,0.0,0.5507315397262573,0.5691902041435242,0.0,0.0,0.0,0.5520106554031372,3.6516655907034874,0.0,0.0,0.0,0.0,0.0,0.0]",0.14044969078453862,0.9891035905494423,1.0299995270499767,0.9142033288245651,True,4,0.1404497027511981,0.9891035900790288,1.0299995270499727,0.9142033321522325,True,6
29,forecast_matched,2,1.0,0.14041723826759328,0.9892566543514351,9,"[1.5620341300964355,0.0,0.0,1.9979020357131958,0.0,0.0,0.0,0.0,0.0,0.11126107722520828,0.0,0.0,0.0,0.0,0.6467194557189941,1.5602355003356934,0.0,0.0,0.0,0.0,3.7732738256454468,0.0,0.0,0.0,0.0,0.0,0.0]",0.14041713601458627,0.9892568255707083,1.029999527112033,0.9140789910585722,True,4,0.14041714046653953,0.9892568257890335,1.0299995271120337,0.9140789889160245,True,6
29,forecast_matched,3,1.0,0.14036894756628732,0.9892619537710681,9,"[2.3593645095825195,0.0,0.0,0.10448603332042694,0.0,0.0,0.0,0.0,0.0,0.0,0.0,0.0,0.0,0.0,0.0,2.6643612384796143,0.0,0.0,0.0,0.0,3.3360176980495453,0.0,0.0,0.0,0.0,0.0,0.0]",0.14036879194135662,0.9892619843323169,1.0299995272111646,0.9138837255709408,True,4,0.14036879474866845,0.9892619844413694,1.0299995272111655,0.9138837258079731,True,6
29,forecast_matched,4,1.0,0.14016729379077325,0.9892744004361692,9,"[0.13975973427295685,0.0,0.0,0.0,0.0,0.0,0.0,0.0,0.0,0.0,0.0,0.0,0.0,0.0,0.37465256452560425,0.21846725046634674,0.0,0.0,0.0,0.0,4.642060279846191,0.0,0.0,0.0,0.0,0.0,0.0]",0.14016656692201804,0.9892745114844419,1.0299995274766796,0.9133626937641933,True,5,0.1401665560252227,0.9892745115101739,1.0299995274766798,0.9133626944753658,True,6
29,forecast_matched,5,1.0,0.14027653151065225,0.989263569005323,9,"[0.0,0.0,0.0,0.0,0.0,0.0,0.0,0.0,0.0,0.0,0.0,0.0,0.0,0.0,1.154158353805542,0.0,0.0,0.0,0.0,0.0,6.765020847320557,0.0,0.0,0.0,0.0,0.0,0.0]",0.1402768843010821,0.9892635081632332,1.0299995272683495,0.9137796943073107,True,4,0.14027687577669393,0.9892635079370068,1.0299995272683473,0.913779696923826,True,6
29,pc_rollout,0,1.0,0.14025374592982104,0.9891573646137891,9,"[0.9728542566299438,0.0,0.0,0.7015576958656311,0.0,0.0,0.0,0.0,0.0,0.2319369912147522,0.43502475321292877,0.0,0.0,0.0,0.5210886001586914,0.1641949564218521,0.0,0.0,0.0,0.5678293704986572,2.7842015624046326,0.0,0.0,0.0,0.0,0.0,0.0]",0.14025292281095228,0.9891576662337228,1.029999527385728,0.9135368775677593,True,5,0.14025292605466536,0.98915766626805,1.029999527385728,0.9135368770936731,True,6
29,pc_rollout,1,1.0,0.1404486841216376,0.9891037660651919,9,"[1.4542033672332764,0.0,0.0,1.765739917755127,0.0,0.0,0.0,0.0,0.0,1.004005789756775,0.8552239220589399,0.0,0.0,0.0,0.5495659112930298,0.5679845809936523,0.0,0.0,0.0,0.5520106554031372,3.6568004116415977,0.0,0.0,0.0,0.0,0.0,0.0]",0.14044933750812139,0.989103614103723,1.0299995270504523,0.9142024044347272,True,4,0.1404493480737648,0.9891036136341564,1.0299995270504485,0.9142024046717486,True,6
29,pc_rollout,2,1.0,0.14042399241808126,0.9892560525575066,9,"[1.5947482585906982,0.0,0.0,1.998741626739502,0.0,0.0,0.0,0.0,0.0,0.11173537373542786,0.0,0.0,0.0,0.0,0.6469759345054626,1.5927751064300537,0.0,0.0,0.0,0.0,3.848847985267639,0.0,0.0,0.0,0.0,0.0,0.0]",0.1404239107681097,0.9892562198236154,1.0299995271002558,0.9141024635267342,True,4,0.14042390959482512,0.9892562200268565,1.0299995271002562,0.9141024630526878,True,6
29,pc_rollout,3,1.0,0.1403805548270482,0.9892609965649047,9,"[2.4255473613739014,0.0,0.0,0.10448603332042694,0.0,0.0,0.0,0.0,0.0,0.0,0.0,0.0,0.0,0.0,0.0,2.7406980991363525,0.0,0.0,0.0,0.0,3.420838013291359,0.0,0.0,0.0,0.0,0.0,0.0]",0.14038040185162823,0.9892610244339578,1.0299995271922242,0.9139213654684255,True,4,0.14038039739236008,0.9892610245269532,1.0299995271922249,0.9139213628518537,True,5
29,pc_rollout,4,1.0,0.14017052805739966,0.9892739819607597,9,"[0.12364042550325394,0.0,0.0,0.0,0.0,0.0,0.0,0.0,0.0,0.0,0.0,0.0,0.0,0.0,0.3855758309364319,0.20011106133460999,0.0,0.0,0.0,0.0,4.759645938873291,0.0,0.0,0.0,0.0,0.0,0.0]",0.14016980367823612,0.9892740975747697,1.0299995274691272,0.9133779213480155,True,5,0.14016979041126013,0.9892740976015522,1.0299995274691274,0.9133779242015602,True,6
29,pc_rollout,5,1.0,0.14027978561553536,0.9892633133013368,9,"[0.0,0.0,0.0,0.0,0.0,0.0,0.0,0.0,0.0,0.0,0.0,0.0,0.0,0.0,1.1910309791564941,0.0,0.0,0.0,0.0,0.0,6.788316249847412,0.0,0.0,0.0,0.0,0.0,0.0]",0.1402801396516548,0.9892632524684947,1.0299995272633136,0.9137896900107654,True,4,0.14028014450772486,0.9892632522409706,1.0299995272633113,0.913789693575475,True,6
30,forecast_matched,0,1.0,0.13998991133738017,0.9892937008383335,10,"[0.0,0.0,0.0,0.0,0.0,0.0,0.0,0.0,0.0,0.21626116335391998,0.0,0.0,0.0,0.0,0.0,0.5651813596487045,0.0,0.0,0.0,0.0,0.0,0.0,0.0,0.0,0.0,0.0,0.0]",0.1399878031668878,0.9892943025292771,1.029999527849584,0.9126139071105765,True,5,0.13998780380369466,0.9892943026116262,1.0299995278495846,0.9126139066364367,True,6
30,forecast_matched,1,1.0,0.1401487385582195,0.9892811208283745,10,"[0.0,0.0,0.0,0.0,0.0,0.0,0.0,0.07160564512014389,0.13590875267982483,1.2283849939703941,0.0,0.0,0.0,0.0,0.0,2.2279587388038635,0.0,0.0,0.0979723110795021,0.0,0.0,0.0,0.0,0.0,0.0,0.0,0.0]",0.14014929512397617,0.9892810314621027,1.029999527599923,0.9130932557223317,True,5,0.14014928597105686,0.9892810314419916,1.0299995275999227,0.9130932528687793,True,6
30,forecast_matched,2,1.0,0.14033354843652637,0.9892659960344843,10,"[0.13666018843650818,0.0,0.0,0.0,0.0,0.0,0.0,1.240861177444458,0.5168104767799377,1.2513757944107056,0.0,0.0,0.0,0.0,0.0,2.7840551137924194,0.0,0.0,1.2511625289916992,0.0,0.0,0.0,0.0,0.0,0.0,0.0,0.0]",0.1403342152322741,0.9892658863607771,1.0299995273107345,0.913475616934842,True,4,0.14033422815063748,0.9892658859319048,1.0299995273107305,0.9134756238272058,True,6
30,forecast_matched,3,1.0,0.1403932415985363,0.9892437579070675,10,"[0.8685322403907776,0.0,0.0,0.0,0.0,0.0,0.0,2.1892818212509155,1.024012804031372,1.0653251707553864,0.0,0.0,0.0,0.0,0.0,2.0599021911621094,0.0,0.0,0.9972996115684509,0.12732551991939545,0.05433708801865578,0.0,0.0,0.0,0.0,0.0,0.0]",0.14039344676611418,0.9892437054691525,1.0299995272100717,0.9137162356552535,True,4,0.1403934535378484,0.9892437053216393,1.0299995272100706,0.9137162330386677,True,6
30,forecast_matched,4,1.0,0.14051192984069613,0.9890593663841332,10,"[1.1853646039962769,0.0,0.0,0.18673226237297058,0.09978707134723663,0.0,0.0,2.461211919784546,0.806703507900238,1.1138053834438324,0.0,0.0,0.0,0.0,0.0,1.7678133845329285,0.0,0.0,0.4263859670609236,1.4902809858322144,0.9475694298744202,0.0,0.0,0.0,0.0,0.0,0.0]",0.14051238198381968,0.9890591249907186,1.02999952703351,0.9141587504697146,True,4,0.14051237740865147,0.9890591245398151,1.0299995270335074,0.9141587578360889,True,6
30,forecast_matched,5,1.0,0.14058408803438482,0.9889767718113076,10,"[1.2071192264556885,0.0,0.0,0.07500234246253967,0.49612298607826233,0.0,0.0,1.7770832777023315,0.9248077869415283,0.39035773277282715,0.0,0.0,0.0,0.08276256918907166,0.0,1.7795623540878296,0.0,0.0,1.7441589757800102,2.1042765378952026,1.1556448936462402,0.0,0.0,0.0,0.0,0.0,0.0]",0.14058436461265478,0.9889766535363486,1.029999526926436,0.9141544051652867,True,4,0.14058437663062692,0.9889766532868255,1.0299995269264344,0.9141544115836203,True,6
30,pc_rollout,0,1.0,0.13998867039605928,0.989294142075875,10,"[0.0,0.0,0.0,0.0,0.0,0.0,0.0,0.0,0.0,0.21626116335391998,0.0,0.0,0.0,0.0,0.0,0.5651813596487045,0.0,0.0,0.0,0.0,0.0,0.0,0.0,0.0,0.0,0.0,0.0]",0.13998780264084867,0.9892943025835941,1.0299995278495842,0.9126139090158134,True,5,0.13998778251510363,0.9892943026145362,1.0299995278495846,0.9126139061622969,True,6
30,pc_rollout,1,1.0,0.1401487283321156,0.9892811218593743,10,"[0.0,0.0,0.0,0.0,0.0,0.0,0.0,0.07160564512014389,0.13590875267982483,1.2283849939703941,0.0,0.0,0.0,0.0,0.0,2.2279587388038635,0.0,0.0,0.0979723110795021,0.0,0.0,0.0,0.0,0.0,0.0,0.0,0.0]",0.14014929512393978,0.9892810314621027,1.029999527599923,0.9130932557223317,True,5,0.1401492859710554,0.9892810314419916,1.0299995275999227,0.9130932528687793,True,6
30,pc_rollout,2,1.0,0.14033355461615218,0.9892659960374046,10,"[0.13666018843650818,0.0,0.0,0.0,0.0,0.0,0.0,1.240861177444458,0.5168104767799377,1.2513757944107056,0.0,0.0,0.0,0.0,0.0,2.7840551137924194,0.0,0.0,1.2511625289916992,0.0,0.0,0.0,0.0,0.0,0.0,0.0,0.0]",0.1403342152322741,0.9892658863607771,1.0299995273107345,0.913475616934842,True,4,0.14033422815063748,0.9892658859319048,1.0299995273107305,0.9134756238272058,True,6
30,pc_rollout,3,1.0,0.1403932584583534,0.989243757907076,10,"[0.8685322403907776,0.0,0.0,0.0,0.0,0.0,0.0,2.1892818212509155,1.024012804031372,1.0653251707553864,0.0,0.0,0.0,0.0,0.0,2.0599021911621094,0.0,0.0,0.9972996115684509,0.12732551991939545,0.05433708801865578,0.0,0.0,0.0,0.0,0.0,0.0]",0.14039344676611418,0.9892437054691525,1.0299995272100717,0.9137162356552535,True,4,0.1403934535378484,0.9892437053216393,1.0299995272100706,0.9137162330386677,True,6
30,pc_rollout,4,1.0,0.14051192984069888,0.9890593663841332,10,"[1.1853646039962769,0.0,0.0,0.18673226237297058,0.09978707134723663,0.0,0.0,2.461211919784546,0.806703507900238,1.1138053834438324,0.0,0.0,0.0,0.0,0.0,1.7678133845329285,0.0,0.0,0.4263859670609236,1.4902809858322144,0.9475694298744202,0.0,0.0,0.0,0.0,0.0,0.0]",0.14051238198381968,0.9890591249907186,1.02999952703351,0.9141587504697146,True,4,0.14051237740865147,0.9890591245398151,1.0299995270335074,0.9141587578360889,True,6
30,pc_rollout,5,1.0,0.14058408803438482,0.9889767718113076,10,"[1.2071192264556885,0.0,0.0,0.07500234246253967,0.49612298607826233,0.0,0.0,1.7770832777023315,0.9248077869415283,0.39035773277282715,0.0,0.0,0.0,0.08276256918907166,0.0,1.7795623540878296,0.0,0.0,1.7441589757800102,2.1042765378952026,1.1556448936462402,0.0,0.0,0.0,0.0,0.0,0.0]",0.14058436461265478,0.9889766535363486,1.029999526926436,0.9141544051652867,True,4,0.14058437663062692,0.9889766532868255,1.0299995269264344,0.9141544115836203,True,6
31,forecast_matched,0,1.0,0.1400462164521535,0.9892420147723106,11,"[0.044229794293642044,0.0,0.0,0.024186206981539726,0.0,0.0,0.0,0.3528681695461273,0.31354605220258236,0.33965229988098145,0.5081164836883545,0.0,0.0,0.021867673844099045,0.18348178267478943,0.0,0.0,0.0,0.028636708855628967,0.0,0.009116725996136665,0.0,0.0,0.0,0.09973166882991791,0.0,0.0]",0.1400452302709848,0.9892423909198033,1.029999527753862,0.9127987591582577,True,5,0.14004523086795584,0.9892423909612655,1.0299995277538627,0.9127987560676629,True,6
31,forecast_matched,1,1.0,0.14027711954185257,0.9892111738153336,11,"[0.23680467903614044,0.0,0.0,0.016304507851600647,0.0,0.0,0.0,1.8182678818702698,1.1038892269134521,0.6634012460708618,0.6153777241706848,0.0,0.0,0.0424281544983387,0.47342807054519653,0.0,0.0,0.0,0.06629511713981628,0.0,0.5309467203915119,0.0,0.0,0.0,0.8614289164543152,0.0,0.0]",0.14027793508497777,0.9892110241377892,1.0299995273761964,0.9135398435971395,True,4,0.1402779339001963,0.9892110235944181,1.0299995273761913,0.9135398528690248,True,6
31,forecast_matched,2,1.0,0.14024177400915303,0.9892648131988123,11,"[0.0,0.0,0.0,0.028926406055688858,0.0,0.0,0.0,0.6241850778460503,1.482596218585968,0.10173328965902328,0.08037547767162323,0.0,0.0,0.5881019234657288,1.1960153579711914,0.0,0.0,0.0,0.10005483776330948,0.0,0.4473053887486458,0.0,0.0,0.0,1.0200655460357666,0.0,0.0]",0.14024164259104627,0.9892648911236889,1.0299995274398432,0.9134087850643741,True,4,0.14024164403413472,0.9892648912651322,1.029999527439844,0.9134087824478341,True,6
31,forecast_matched,3,1.0,0.14028288995271457,0.9892631445733822,11,"[0.0,0.0,0.0,0.028034353628754616,0.0,0.0,0.0,1.260491132736206,1.7240785956382751,0.0,0.054748862981796265,0.0,0.0,0.9701870679855347,0.936592161655426,0.0,0.0,0.0,0.06567958742380142,0.0,1.5763166472315788,0.0,0.0,0.0,0.13201604783535004,0.0,0.0]",0.14028298675960574,0.989263126525196,1.029999527353165,0.9135896588648075,True,4,0.14028299809906986,0.9892631264574556,1.0299995273531644,0.9135896621924706,True,5
31,forecast_matched,4,1.0,0.1403506526597329,0.9890922886951079,11,"[0.0,0.0,0.0,0.04207519069314003,0.0,0.0,0.0,0.9469120502471924,1.836372435092926,0.0,1.8632670640945435,0.0,0.0,1.2774590253829956,0.05809827893972397,0.0,0.0,0.0,0.05744195729494095,0.0,1.9987210147082806,0.0,0.0,0.0,0.0,0.0,0.0]",0.14035090475361664,0.9890920664573214,1.0299995272422826,0.9138114654355199,True,4,0.1403508978107016,0.989092066118866,1.029999527242281,0.9138114687631848,True,6
31,forecast_matched,5,1.0,0.14029922606200346,0.9890321747146572,11,"[0.0,0.0,0.0,0.04319078475236893,0.0,0.0,0.0,0.0,1.2895359098911285,0.0,2.603013277053833,0.0,0.0,1.8415306210517883,0.20424781739711761,0.0,0.0,0.0,0.00447528762742877,0.0,0.45709169283509254,0.0,0.0,0.0,0.0,0.0,0.0]",0.14029910663632048,0.9890321305033306,1.029999527373922,0.9135552381671511,True,4,0.14029911480581786,0.9890321305247534,1.0299995273739224,0.9135552348394871,True,6
31,pc_rollout,0,1.0,0.1400471337347199,0.9892418721116444,11,"[0.044229794293642044,0.0,0.0,0.024186206981539726,0.0,0.0,0.0,0.3528681695461273,0.31354605220258236,0.33965229988098145,0.5081164836883545,0.0,0.0,0.021867673844099045,0.18348178267478943,0.0,0.0,0.0,0.028636708855628967,0.0,0.009116725996136665,0.0,0.0,0.0,0.09973166882991791,0.0,0.0]",0.14004522845616413,0.9892423908851743,1.0299995277538618,0.9127987598694471,True,5,0.14004524436886656,0.9892423909593119,1.0299995277538627,0.9127987536882577,True,6
31,pc_rollout,1,1.0,0.14027490109750787,0.9892121311097126,11,"[0.23680467903614044,0.0,0.0,0.01601479761302471,0.0,0.0,0.0,1.7928034663200378,1.0885761380195618,0.6541517972946167,0.6068006753921509,0.0,0.0,0.04160209000110626,0.4618605077266693,0.0,0.0,0.0,0.06488491594791412,0.0,0.523486128076911,0.0,0.0,0.0,0.8970111012458801,0.0,0.0]",0.14027570509086354,0.9892119840537758,1.0299995273798728,0.9135327199442952,True,4,0.14027571214866524,0.9892119835159867,1.0299995273798679,0.9135327261255517,True,6
31,pc_rollout,2,1.0,0.14023129245379956,0.9892655589109381,11,"[0.0,0.0,0.0,0.027671245858073235,0.0,0.0,0.0,0.5810722429305315,1.426107406616211,0.10376816987991333,0.08226243406534195,0.0,0.0,0.5853377357125282,1.1542819738388062,0.0,0.0,0.0,0.09640925377607346,0.0,0.42547479271888733,0.0,0.0,0.0,0.9854004383087158,0.0,0.0]",0.1402311290723225,0.9892656408303672,1.0299995274567513,0.9133759122859736,True,4,0.14023112960305095,0.9892656409899835,1.0299995274567522,0.9133759065788171,True,6
31,pc_rollout,3,1.0,0.14028376724594324,0.9892638336546654,11,"[0.0,0.0,0.0,1.583621621131897,0.0,0.0,0.0,0.08816731721162796,1.6306506991386414,0.0,0.05260566994547844,0.0,0.0,0.9409357905387878,0.9062135815620422,0.0,0.0,0.0,0.06607946753501892,0.0,1.5286175645887852,0.0,0.0,0.0,0.13792017102241516,0.0,0.0]",0.14028391835396017,0.9892638116917769,1.0299995273378217,0.9136194241309387,True,4,0.1402839303839177,0.9892638116090791,1.029999527337821,0.9136194241309387,True,5
31,pc_rollout,4,1.0,0.14042180739188523,0.989093364821761,11,"[0.0,0.0,0.0,1.5388752222061157,0.0,0.0,0.0,1.0541802644729614,1.775317370891571,0.0,1.7891618013381958,0.0,0.0,1.2289614900946617,0.06692460179328918,0.0,0.0,0.0,0.061578162014484406,0.0,1.9210141003131866,0.0,0.0,0.0,0.0,0.0,0.0]",0.1404223098677881,0.9890931048161693,1.029999527126881,0.9140368361596095,True,5,0.14042230767692762,0.9890931047924774,1.029999527126881,0.9140368394872771,True,6
31,pc_rollout,5,1.0,0.14032649387238816,0.9890186030849962,11,"[0.0,0.0,0.0,0.20409245789051056,0.0,0.0,0.0,0.03366018459200859,1.361617811024189,0.0,2.7277181148529053,0.0,0.0,1.9173469841480255,0.21774205565452576,0.0,0.0,0.0,0.0035880899522453547,0.0,0.4767458215355873,0.0,0.0,0.0,0.0,0.0,0.0]",0.1403262039498359,0.9890185652842299,1.0299995273318039,0.9136385261392774,True,4,0.14032619317510242,0.9890185653898341,1.0299995273318054,0.9136385221005137,True,6
