mapping_seed,hour_index,timestamp_local,sample_type,penetration_multiplier,requested_ev_kw,feasible_fraction,feasible_ev_kw,unconstrained_feasible,unconstrained_converged,unconstrained_v_min_pu,unconstrained_v_max_pu,unconstrained_nodes_below_0_95,unconstrained_nodes_above_1_05,unconstrained_deenergized_nodes,unconstrained_max_line_loading_pu,unconstrained_limiting_line,unconstrained_losses_kw,unconstrained_source_kw,projected_converged,projected_v_min_pu,projected_v_max_pu,projected_nodes_below_0_95,projected_nodes_above_1_05,projected_deenergized_nodes,projected_max_line_loading_pu,projected_limiting_line,projected_losses_kw,projected_source_kw
0,44103,2023-01-13T08:00,random,1.0,79.95436143875122,1.0,79.95436143875122,True,True,0.987815042523238,1.0299995211313533,0,0,18,0.923556749243022,recloser_disswitch(r:p1udt228-p1udt62)p1u_12237,144.3910613024022,6246.313368765051,True,0.987815042523238,1.0299995211313533,0,0,18,0.923556749243022,recloser_disswitch(r:p1udt228-p1udt62)p1u_12237,144.3910613024022,6246.313368765051
0,44103,2023-01-13T08:00,random,3.0,239.86308431625366,0.91552734375,219.601212447742,False,True,0.9838420802651473,1.0299995074451507,0,0,18,1.028852622084851,l(r:p1udt175lv-p1ulv493),153.87405525159903,6415.670737970579,True,0.9845137694872195,1.029999509183645,0,0,18,0.9999881201041847,l(r:p1udt175lv-p1ulv493),152.63125644569612,6394.222257189055
0,44103,2023-01-13T08:00,random,5.0,399.7718071937561,0.54931640625,219.601212447742,False,True,0.978473921428054,1.0299994935978771,0,0,18,1.2583221587331366,l(r:p1udt175lv-p1ulv493),164.158286722131,6585.840429650428,True,0.9845137382070839,1.0299995091835035,0,0,18,0.999989083939979,l(r:p1udt175lv-p1ulv493),152.63134739861843,6394.223981833249
0,44103,2023-01-13T08:00,random,10.0,799.5436143875122,0.274658203125,219.601212447742,False,True,0.9645583185155346,1.0299994582377072,0,0,18,1.8441792225037354,l(r:p1udt175lv-p1ulv493),193.53563111718194,7015.0312433437375,True,0.9845137382070839,1.0299995091835035,0,0,18,0.999989083939979,l(r:p1udt175lv-p1ulv493),152.63134739861843,6394.223981833249
0,44752,2023-02-09T09:00,random,1.0,125.63688196241856,1.0,125.63688196241856,True,True,0.9849388114277009,1.0299995173071934,0,0,18,0.9291543217776355,recloser_disswitch(r:p1udt228-p1udt62)p1u_12237,146.77557180396246,6294.431212316001,True,0.9849388114277009,1.0299995173071934,0,0,18,0.9291543217776355,recloser_disswitch(r:p1udt228-p1udt62)p1u_12237,146.77557180396246,6294.431212316001
0,44752,2023-02-09T09:00,random,3.0,376.91064588725567,1.0,376.91064588725567,True,True,0.976026860051658,1.0299994958658172,0,0,18,0.9627120962625305,recloser_disswitch(r:p1udt228-p1udt62)p1u_12237,161.74267115267543,6560.548876423449,True,0.976026860051658,1.0299994958658172,0,0,18,0.9627120962625305,recloser_disswitch(r:p1udt228-p1udt62)p1u_12237,161.74267115267543,6560.548876423449
0,44752,2023-02-09T09:00,random,5.0,628.1844098120928,0.990478515625,622.2031617694483,False,True,0.966835652819522,1.0299994740845213,0,0,18,1.0029813927172953,l(r:p1udt175lv-p1ulv493),178.5299621955256,6828.576739067769,True,0.9670529924506921,1.0299994745951924,0,0,18,0.9999983832033026,l(r:p1udt175lv-p1ulv493),178.1166132931888,6822.31120830627
0,44752,2023-02-09T09:00,random,10.0,1256.3688196241856,0.4952392578125,622.2031617694483,False,True,0.9399180717563753,1.0299994180520755,12,0,18,1.3229587822299624,l(r:p1udt175lv-p1ulv493),229.0696187024625,7507.3573768720125,True,0.9670529924506921,1.0299994745951924,0,0,18,0.9999983832033026,l(r:p1udt175lv-p1ulv493),178.1166132931888,6822.31120830627
0,46073,2023-04-05T10:00,peak,1.0,190.9374189376831,1.0,190.9374189376831,True,True,0.985850414971602,1.029999511734936,0,0,18,0.9298958040918501,recloser_disswitch(r:p1udt228-p1udt62)p1u_12237,150.144255766851,6363.196503813289,True,0.985850414971602,1.029999511734936,0,0,18,0.9298958040918501,recloser_disswitch(r:p1udt228-p1udt62)p1u_12237,150.144255766851,6363.196503813289
0,46073,2023-04-05T10:00,peak,3.0,572.8122568130493,0.9151611328125,524.2155138339149,False,True,0.9757409182325218,1.029999478840309,0,0,18,1.038623269096524,l(r:p1udm822-p1ulv579),173.25754193874604,6767.889243353586,True,0.9770419324798747,1.0299994830581873,0,0,18,0.9999965522593487,l(r:p1udm822-p1ulv579),170.1163432944102,6716.322684545983
0,46073,2023-04-05T10:00,peak,5.0,954.6870946884155,0.549072265625,524.1922060435172,False,True,0.9653164962515409,1.0299994451242729,0,0,18,1.345808326750898,l(r:p1udm822-p1ulv579),200.18666714970558,7176.57854576994,True,0.9770425387566946,1.029999483060125,0,0,18,0.9999784377864184,l(r:p1udm822-p1ulv579),170.11490277262394,6716.298940735455
0,46073,2023-04-05T10:00,peak,10.0,1909.374189376831,0.2745361328125,524.1922060435172,False,True,0.9377025069386289,1.0299993569622432,6,0,18,2.141892367029714,l(r:p1udm822-p1ulv579),285.6358654630587,8216.721715256106,True,0.9770425387566946,1.029999483060125,0,0,18,0.9999784377864184,l(r:p1udm822-p1ulv579),170.11490277262394,6716.298940735455
0,46294,2023-04-14T15:00,random,1.0,91.37446284294128,1.0,91.37446284294128,True,True,0.9865762878906621,1.029999520117124,0,0,18,0.923541204145996,recloser_disswitch(r:p1udt228-p1udt62)p1u_12237,145.40357863309941,6258.876860347304,True,0.9865762878906621,1.029999520117124,0,0,18,0.923541204145996,recloser_disswitch(r:p1udt228-p1udt62)p1u_12237,145.40357863309941,6258.876860347304
0,46294,2023-04-14T15:00,random,3.0,274.12338852882385,1.0,274.12338852882385,True,True,0.9779759238190187,1.029999504346796,0,0,18,0.94581183823651,recloser_disswitch(r:p1udt228-p1udt62)p1u_12237,157.50233890222242,6453.539603944509,True,0.9779759238190187,1.029999504346796,0,0,18,0.94581183823651,recloser_disswitch(r:p1udt228-p1udt62)p1u_12237,157.50233890222242,6453.539603944509
0,46294,2023-04-14T15:00,random,5.0,456.8723142147064,1.0,456.8723142147064,True,True,0.9691438281282811,1.0299994882768106,0,0,18,0.9684063431833895,recloser_disswitch(r:p1udt228-p1udt62)p1u_12237,171.2645598185485,6650.02436611704,True,0.9691438281282811,1.0299994882768106,0,0,18,0.9684063431833895,recloser_disswitch(r:p1udt228-p1udt62)p1u_12237,171.2645598185485,6650.02436611704
0,46294,2023-04-14T15:00,random,10.0,913.7446284294128,0.70928955078125,648.1095170274784,False,True,0.9459464124995736,1.0299994467480835,6,0,18,1.1714533368661668,l(r:p1udm822-p1ulv579),213.45788462199883,7149.141694362425,True,0.9596333274797099,1.0299994711271558,0,0,18,0.9999994916190038,l(r:p1udm822-p1ulv579),187.53328633261165,6857.633706347932
0,46385,2023-04-18T10:00,peak,1.0,188.02274084091187,1.0,188.02274084091187,True,True,0.9808278320717911,1.0299995119125152,0,0,18,0.9403598101163017,recloser_disswitch(r:p1udt228-p1udt62)p1u_12237,150.9979355777009,6361.167559623034,True,0.9808278320717911,1.0299995119125152,0,0,18,0.9403598101163017,recloser_disswitch(r:p1udt228-p1udt62)p1u_12237,150.9979355777009,6361.167559623034
0,46385,2023-04-18T10:00,peak,3.0,564.0682225227356,1.0,564.0682225227356,True,True,0.963112464751654,1.0299994791845324,0,0,18,0.996919637778312,recloser_disswitch(r:p1udt228-p1udt62)p1u_12237,177.38412801950187,6763.423416602951,True,0.963112464751654,1.0299994791845324,0,0,18,0.996919637778312,recloser_disswitch(r:p1udt228-p1udt62)p1u_12237,177.38412801950187,6763.423416602951
0,46385,2023-04-18T10:00,peak,5.0,940.1137042045593,0.6214599609375,584.2430258917739,False,True,0.9423815268348549,1.0299994453344143,12,0,18,1.1707532789334183,l(r:p1udt175lv-p1ulv493),210.03009504941573,7172.088771629872,True,0.962090631125515,1.0299994773958836,0,0,18,0.999993769155242,recloser_disswitch(r:p1udt228-p1udt62)p1u_12237,178.9721897658414,6785.204700865127
0,46385,2023-04-18T10:00,peak,10.0,1880.2274084091187,0.31072998046875,584.2430258917739,False,True,0.8831945453124486,1.0299993548597337,15,0,18,1.686204545229144,l(r:p1udm722-p1ulv1845),324.67332021441155,8226.735386347555,True,0.962090631125515,1.0299994773958836,0,0,18,0.999993769155242,recloser_disswitch(r:p1udt228-p1udt62)p1u_12237,178.9721897658414,6785.204700865127
0,46413,2023-04-19T14:00,random,1.0,57.698155641555786,1.0,57.698155641555786,True,True,0.9877711944212496,1.0299995230289092,0,0,18,0.9189276696532076,recloser_disswitch(r:p1udt228-p1udt62)p1u_12237,143.03711021074,6222.874508918587,True,0.9877711944212496,1.0299995230289092,0,0,18,0.9189276696532076,recloser_disswitch(r:p1udt228-p1udt62)p1u_12237,143.03711021074,6222.874508918587
0,46413,2023-04-19T14:00,random,3.0,173.09446692466736,1.0,173.09446692466736,True,True,0.9847034789861377,1.0299995132406594,0,0,18,0.9317860430935533,recloser_disswitch(r:p1udt228-p1udt62)p1u_12237,149.4777827793263,6344.527751137607,True,0.9847034789861377,1.0299995132406594,0,0,18,0.9317860430935533,recloser_disswitch(r:p1udt228-p1udt62)p1u_12237,149.4777827793263,6344.527751137607
0,46413,2023-04-19T14:00,random,5.0,288.49077820777893,1.0,288.49077820777893,True,True,0.9816032214260918,1.0299995033630398,0,0,18,0.971360765791125,l(r:p1udt175lv-p1ulv493),156.2992846887255,6466.7397690588805,True,0.9816032214260918,1.0299995033630398,0,0,18,0.971360765791125,l(r:p1udt175lv-p1ulv493),156.2992846887255,6466.7397690588805
0,46413,2023-04-19T14:00,random,10.0,576.9815564155579,0.55035400390625,317.54410975336214,False,True,0.9737191811237412,1.0299994783424409,0,0,18,1.2574538294475066,l(r:p1udt175lv-p1ulv493),175.01761168586842,6773.846676185567,True,0.9808171772252482,1.02999950086058,0,0,18,0.9999983717898331,l(r:p1udt175lv-p1ulv493),158.0783411795969,6497.613035136558
0,46948,2023-05-11T21:00,random,1.0,43.385165214538574,1.0,43.385165214538574,True,True,0.9871337437317361,1.0299995242418627,0,0,18,0.9193290236866096,recloser_disswitch(r:p1udt228-p1udt62)p1u_12237,142.39966684907122,6207.842857676155,True,0.9871337437317361,1.0299995242418627,0,0,18,0.9193290236866096,recloser_disswitch(r:p1udt228-p1udt62)p1u_12237,142.39966684907122,6207.842857676155
0,46948,2023-05-11T21:00,random,3.0,130.15549564361572,1.0,130.15549564361572,True,True,0.9796846280516529,1.029999516847949,0,0,18,0.9330657604829431,recloser_disswitch(r:p1udt228-p1udt62)p1u_12237,147.70099149316152,6299.817118054026,True,0.9796846280516529,1.029999516847949,0,0,18,0.9330657604829431,recloser_disswitch(r:p1udt228-p1udt62)p1u_12237,147.70099149316152,6299.817118054026
0,46948,2023-05-11T21:00,random,5.0,216.92582607269287,1.0,216.92582607269287,True,True,0.9720615038959916,1.0299995093555023,0,0,18,0.9469286338752926,recloser_disswitch(r:p1udt228-p1udt62)p1u_12237,153.5575659106126,6392.436128095835,True,0.9720615038959916,1.0299995093555023,0,0,18,0.9469286338752926,recloser_disswitch(r:p1udt228-p1udt62)p1u_12237,153.5575659106126,6392.436128095835
0,46948,2023-05-11T21:00,random,10.0,433.85165214538574,1.0,433.85165214538574,True,True,0.9521735746316925,1.029999490194582,0,0,18,0.9821205591134903,recloser_disswitch(r:p1udt228-p1udt62)p1u_12237,170.77872676253415,6626.605383445079,True,0.9521735746316925,1.029999490194582,0,0,18,0.9821205591134903,recloser_disswitch(r:p1udt228-p1udt62)p1u_12237,170.77872676253415,6626.605383445079
0,47304,2023-05-26T17:00,random,1.0,83.14106774330139,1.0,83.14106774330139,True,True,0.9870288807557142,1.029999520926278,0,0,18,0.923009212646286,recloser_disswitch(r:p1udt228-p1udt62)p1u_12237,144.22716076198267,6249.463489530965,True,0.9870288807557142,1.029999520926278,0,0,18,0.923009212646286,recloser_disswitch(r:p1udt228-p1udt62)p1u_12237,144.22716076198267,6249.463489530965
0,47304,2023-05-26T17:00,random,3.0,249.42320322990417,1.0,249.42320322990417,True,True,0.979374111285192,1.0299995068764192,0,0,18,0.9441045687663336,recloser_disswitch(r:p1udt228-p1udt62)p1u_12237,153.34467494182567,6424.708226850996,True,0.979374111285192,1.0299995068764192,0,0,18,0.9441045687663336,recloser_disswitch(r:p1udt228-p1udt62)p1u_12237,153.34467494182567,6424.708226850996
0,47304,2023-05-26T17:00,random,5.0,415.70533871650696,1.0,415.70533871650696,True,True,0.9715407823967023,1.0299994926747416,0,0,18,0.9653611059964745,recloser_disswitch(r:p1udt228-p1udt62)p1u_12237,163.2468175515745,6600.8806558335245,True,0.9715407823967023,1.0299994926747416,0,0,18,0.9653611059964745,recloser_disswitch(r:p1udt228-p1udt62)p1u_12237,163.2468175515745,6600.8806558335245
0,47304,2023-05-26T17:00,random,10.0,831.4106774330139,0.81512451171875,677.7032224803406,False,True,0.951114412535676,1.0299994565195645,0,0,18,1.0768700877733044,l(r:p1udt454lv-p1ulv1912)p1ud1,191.60152511626524,7044.979865311973,True,0.9588123255206672,1.029999469995281,0,0,18,0.9999862397921745,l(r:p1udt454lv-p1ulv1912)p1ud1,180.50142623890153,6880.194715482076
0,47458,2023-06-02T03:00,random,1.0,11.082432746887207,1.0,11.082432746887207,True,True,0.9892501391765979,1.0299995269632067,0,0,18,0.9143515559201328,recloser_disswitch(r:p1udt228-p1udt62)p1u_12237,140.52373365224892,6173.749191894086,True,0.9892501391765979,1.0299995269632067,0,0,18,0.9143515559201328,recloser_disswitch(r:p1udt228-p1udt62)p1u_12237,140.52373365224892,6173.749191894086
0,47458,2023-06-02T03:00,random,3.0,33.24729824066162,1.0,33.24729824066162,True,True,0.9891594788432394,1.0299995250996117,0,0,18,0.9180073918866051,recloser_disswitch(r:p1udt228-p1udt62)p1u_12237,141.6783897313718,6196.821009799712,True,0.9891594788432394,1.0299995250996117,0,0,18,0.9180073918866051,recloser_disswitch(r:p1udt228-p1udt62)p1u_12237,141.6783897313718,6196.821009799712
0,47458,2023-06-02T03:00,random,5.0,55.412163734436035,1.0,55.412163734436035,True,True,0.9890663735306754,1.0299995232096597,0,0,18,0.9217070110659151,recloser_disswitch(r:p1udt228-p1udt62)p1u_12237,142.86938460058286,6220.171425814297,True,0.9890663735306754,1.0299995232096597,0,0,18,0.9217070110659151,recloser_disswitch(r:p1udt228-p1udt62)p1u_12237,142.86938460058286,6220.171425814297
0,47458,2023-06-02T03:00,random,10.0,110.82432746887207,1.0,110.82432746887207,True,True,0.9888330687749977,1.0299995184707014,0,0,18,0.9412004426888448,l(r:p1udt61lv-p1ulv156),145.9505416200869,6278.485181440944,True,0.9888330687749977,1.0299995184707014,0,0,18,0.9412004426888448,l(r:p1udt61lv-p1ulv156),145.9505416200869,6278.485181440944
0,47868,2023-06-19T05:00,random,1.0,3.571868658065796,1.0,3.571868658065796,True,True,0.9889440700053385,1.029999527607035,0,0,18,0.9130888486319633,recloser_disswitch(r:p1udt228-p1udt62)p1u_12237,140.1734797322076,6165.760365878038,True,0.9889440700053385,1.029999527607035,0,0,18,0.9130888486319633,recloser_disswitch(r:p1udt228-p1udt62)p1u_12237,140.1734797322076,6165.760365878038
0,47868,2023-06-19T05:00,random,3.0,10.715605974197388,1.0,10.715605974197388,True,True,0.9882371112455114,1.0299995269987066,0,0,18,0.9142829549059683,recloser_disswitch(r:p1udt228-p1udt62)p1u_12237,140.6338978449233,6173.302025186406,True,0.9882371112455114,1.0299995269987066,0,0,18,0.9142829549059683,recloser_disswitch(r:p1udt228-p1udt62)p1u_12237,140.6338978449233,6173.302025186406
0,47868,2023-06-19T05:00,random,5.0,17.85934329032898,1.0,17.85934329032898,True,True,0.987527320570794,1.0299995263841286,0,0,18,0.9154880896352565,recloser_disswitch(r:p1udt228-p1udt62)p1u_12237,141.10387961705536,6180.914658854814,True,0.987527320570794,1.0299995263841286,0,0,18,0.9154880896352565,recloser_disswitch(r:p1udt228-p1udt62)p1u_12237,141.10387961705536,6180.914658854814
0,47868,2023-06-19T05:00,random,10.0,35.71868658065796,1.0,35.71868658065796,True,True,0.9857474029294191,1.029999524847619,0,0,18,0.9184974535354444,recloser_disswitch(r:p1udt228-p1udt62)p1u_12237,142.30527890258648,6199.91181870635,True,0.9857474029294191,1.029999524847619,0,0,18,0.9184974535354444,recloser_disswitch(r:p1udt228-p1udt62)p1u_12237,142.30527890258648,6199.91181870635
0,48214,2023-07-03T15:00,random,1.0,73.25083684921265,1.0,73.25083684921265,True,True,0.9858554057386274,1.0299995216714914,0,0,18,0.9229183668867346,recloser_disswitch(r:p1udt228-p1udt62)p1u_12237,144.36897625399826,6239.600116247585,True,0.9858554057386274,1.0299995216714914,0,0,18,0.9229183668867346,recloser_disswitch(r:p1udt228-p1udt62)p1u_12237,144.36897625399826,6239.600116247585
0,48214,2023-07-03T15:00,random,3.0,219.75251054763794,1.0,219.75251054763794,True,True,0.9788527726955896,1.029999509028753,0,0,18,0.9439657052481502,recloser_disswitch(r:p1udt228-p1udt62)p1u_12237,154.1278157810805,6395.808555504738,True,0.9788527726955896,1.029999509028753,0,0,18,0.9439657052481502,recloser_disswitch(r:p1udt228-p1udt62)p1u_12237,154.1278157810805,6395.808555504738
0,48214,2023-07-03T15:00,random,5.0,366.25418424606323,1.0,366.25418424606323,True,True,0.9713799090592176,1.029999496165529,0,0,18,0.9652716863344488,recloser_disswitch(r:p1udt228-p1udt62)p1u_12237,165.1443576277744,6553.306028737033,True,0.9713799090592176,1.029999496165529,0,0,18,0.9652716863344488,recloser_disswitch(r:p1udt228-p1udt62)p1u_12237,165.1443576277744,6553.306028737033
0,48214,2023-07-03T15:00,random,10.0,732.5083684921265,0.81903076171875,599.9468870114652,False,True,0.9507235891914468,1.0299994629777325,0,0,18,1.069437104607065,l(r:p1udt175lv-p1ulv493),198.5816451097132,6953.039929317128,True,0.9583525586476087,1.0299994751598578,0,0,18,0.9999891293128809,l(r:p1udt175lv-p1ulv493),185.47108927793138,6807.407913475953
0,48449,2023-07-13T10:00,peak,1.0,185.93796157836914,1.0,185.93796157836914,True,True,0.9822174028061219,1.0299995120393115,0,0,18,0.9370449380458854,recloser_disswitch(r:p1udt228-p1udt62)p1u_12237,151.0297152662439,6359.124067476446,True,0.9822174028061219,1.0299995120393115,0,0,18,0.9370449380458854,recloser_disswitch(r:p1udt228-p1udt62)p1u_12237,151.0297152662439,6359.124067476446
0,48449,2023-07-13T10:00,peak,3.0,557.8138847351074,1.0,557.8138847351074,True,True,0.9643916956651717,1.0299994796777283,0,0,18,0.9867736619473692,recloser_disswitch(r:p1udt228-p1udt62)p1u_12237,176.9889659454234,6756.587069328582,True,0.9643916956651717,1.0299994796777283,0,0,18,0.9867736619473692,recloser_disswitch(r:p1udt228-p1udt62)p1u_12237,176.9889659454234,6756.587069328582
0,48449,2023-07-13T10:00,peak,5.0,929.6898078918457,0.70465087890625,655.1067402411718,False,True,0.9455293397403721,1.0299994463098283,6,0,18,1.0646144069705048,l(r:p1udt175lv-p1ulv493),208.4537226098117,7160.100811877907,True,0.9595540806801474,1.0299994710287605,0,0,18,0.999999008650505,recloser_disswitch(r:p1udt228-p1udt62)p1u_12237,184.6828572031851,6861.780451271379
0,48449,2023-07-13T10:00,peak,10.0,1859.3796157836914,0.352294921875,655.0499964784831,False,True,0.8927917511839601,1.0299993580997038,21,0,18,1.5391347556341386,l(r:p1udm822-p1ulv579),314.88237602770494,8196.178302882163,True,0.9595570994398764,1.0299994710341853,0,0,18,0.9999906511899915,recloser_disswitch(r:p1udt228-p1udt62)p1u_12237,184.6779844271179,6861.714773785529
0,48450,2023-07-13T11:00,peak,1.0,197.65360134840012,1.0,197.65360134840012,True,True,0.982791192246519,1.0299995110370592,0,0,18,0.9355354282909343,recloser_disswitch(r:p1udt228-p1udt62)p1u_12237,151.6376077129746,6371.442647414305,True,0.982791192246519,1.0299995110370592,0,0,18,0.9355354282909343,recloser_disswitch(r:p1udt228-p1udt62)p1u_12237,151.6376077129746,6371.442647414305
0,48450,2023-07-13T11:00,peak,3.0,592.9608040452003,1.0,592.9608040452003,True,True,0.9662039007329172,1.029999476630732,0,0,18,0.9821855417990017,recloser_disswitch(r:p1udt228-p1udt62)p1u_12237,178.88605520948713,6793.624191975275,True,0.9662039007329172,1.029999476630732,0,0,18,0.9821855417990017,recloser_disswitch(r:p1udt228-p1udt62)p1u_12237,178.88605520948713,6793.624191975275
0,48450,2023-07-13T11:00,peak,5.0,988.2680067420006,0.72454833984375,716.0479436056085,False,True,0.9487277056981259,1.0299994411713196,6,0,18,1.1592893827515558,l(r:p1udm822-p1ulv579),211.68761887726754,7221.914219910128,True,0.9608555451451403,1.029999465686408,0,0,18,0.9999837743516233,l(r:p1udm822-p1ulv579),188.4976001240076,6926.535434245948
0,48450,2023-07-13T11:00,peak,10.0,1976.5360134840012,0.36224365234375,715.9876245134001,False,True,0.9003531987820134,1.029999347619392,21,0,18,1.7519998651510873,l(r:p1udm822-p1ulv579),321.0485188274839,8319.517378410592,True,0.9608582025066512,1.0299994656918305,0,0,18,0.9999485231079145,l(r:p1udm822-p1ulv579),188.4927284496675,6926.469754911764
0,49081,2023-08-08T18:00,peak,1.0,184.03811740875244,1.0,184.03811740875244,True,True,0.9815403650073073,1.0299995122170418,0,0,18,0.938338849619452,recloser_disswitch(r:p1udt228-p1udt62)p1u_12237,150.9074476437087,6357.113273829291,True,0.9815403650073073,1.0299995122170418,0,0,18,0.938338849619452,recloser_disswitch(r:p1udt228-p1udt62)p1u_12237,150.9074476437087,6357.113273829291
0,49081,2023-08-08T18:00,peak,3.0,552.1143522262573,1.0,552.1143522262573,True,True,0.9654425255948548,1.0299994801869545,0,0,18,0.9907184082354692,recloser_disswitch(r:p1udt228-p1udt62)p1u_12237,176.73254959819684,6750.6242020095115,True,0.9654425255948548,1.0299994801869545,0,0,18,0.9907184082354692,recloser_disswitch(r:p1udt228-p1udt62)p1u_12237,176.73254959819684,6750.6242020095115
0,49081,2023-08-08T18:00,peak,5.0,920.1905870437622,0.627197265625,577.1410200477112,False,True,0.9484418593216766,1.0299994471078482,3,0,18,1.187466297099547,l(r:p1udt175lv-p1ulv493),208.22434810839022,7150.369240543256,True,0.9643076384623378,1.0299994779516701,0,0,18,0.9999911408124659,l(r:p1udt175lv-p1ulv493),178.70284418038293,6777.836008554666
0,49081,2023-08-08T18:00,peak,10.0,1840.3811740875244,0.3135986328125,577.1410200477112,False,True,0.9011940992177104,1.029999359405044,21,0,18,1.9171551517038712,l(r:p1udm722-p1ulv1845),315.48409611090847,8177.768196637543,True,0.9643076384623378,1.0299994779516701,0,0,18,0.9999911408124659,l(r:p1udt175lv-p1ulv493),178.70284418038293,6777.836008554666
0,49289,2023-08-17T10:00,peak,1.0,186.71374398469925,1.0,186.71374398469925,True,True,0.9831750581178321,1.029999512007231,0,0,18,0.9360492796476216,recloser_disswitch(r:p1udt228-p1udt62)p1u_12237,150.77664652753455,6359.617989095884,True,0.9831750581178321,1.029999512007231,0,0,18,0.9360492796476216,recloser_disswitch(r:p1udt228-p1udt62)p1u_12237,150.77664652753455,6359.617989095884
0,49289,2023-08-17T10:00,peak,3.0,560.1412319540977,1.0,560.1412319540977,True,True,0.9705720054959285,1.0299994796414011,0,0,18,0.9836779927540229,recloser_disswitch(r:p1udt228-p1udt62)p1u_12237,175.71935671348666,6757.660945408711,True,0.9705720054959285,1.0299994796414011,0,0,18,0.9836779927540229,recloser_disswitch(r:p1udt228-p1udt62)p1u_12237,175.71935671348666,6757.660945408711
0,49289,2023-08-17T10:00,peak,5.0,933.5687199234962,0.735107421875,686.2732948461053,False,True,0.9574211304257435,1.0299994463844084,0,0,18,1.1329886983138477,l(r:p1udm822-p1ulv579),205.357605462462,7160.889702005047,True,0.9661887359622597,1.0299994684937863,0,0,18,0.9999988770659419,recloser_disswitch(r:p1udt228-p1udt62)p1u_12237,185.1999345873665,6893.461896875116
0,49289,2023-08-17T10:00,peak,10.0,1867.1374398469925,0.3675537109375,686.2732948461053,False,True,0.9218149959400548,1.0299993591381567,21,0,18,1.694760928553144,l(r:p1udm822-p1ulv579),302.32291494374635,8191.408907875314,True,0.9661887359622597,1.0299994684937863,0,0,18,0.9999988770659419,recloser_disswitch(r:p1udt228-p1udt62)p1u_12237,185.1999345873665,6893.461896875116
0,49408,2023-08-22T09:00,peak,1.0,197.64600601792336,1.0,197.64600601792336,True,True,0.984473040806976,1.0299995111228695,0,0,18,0.9340177169932012,recloser_disswitch(r:p1udt228-p1udt62)p1u_12237,151.03790673182715,6370.838763085771,True,0.984473040806976,1.0299995111228695,0,0,18,0.9340177169932012,recloser_disswitch(r:p1udt228-p1udt62)p1u_12237,151.03790673182715,6370.838763085771
0,49408,2023-08-22T09:00,peak,3.0,592.9380180537701,0.93878173828125,556.6393832815575,False,True,0.9714746520056012,1.0299994769789873,0,0,18,1.0271128559821208,l(r:p1udm822-p1ulv579),176.38873438777736,6791.127788454378,True,0.9726853522106622,1.029999480135258,0,0,18,0.9999991150771624,l(r:p1udm822-p1ulv579),173.88766311255134,6752.517677348879
0,49408,2023-08-22T09:00,peak,5.0,988.2300300896168,0.563232421875,556.603193216979,False,True,0.9579450280131998,1.0299994419265281,0,0,18,1.3256343172563652,l(r:p1udm822-p1ulv579),206.2398286726742,7216.4326869108245,True,0.9726866039973842,1.029999480138577,0,0,18,0.9999714744246487,l(r:p1udm822-p1ulv579),173.8850814634312,6752.477127880448
0,49408,2023-08-22T09:00,peak,10.0,1976.4600601792336,0.2816162109375,556.603193216979,False,True,0.9214722324420461,1.0299993501928877,15,0,18,2.094969819348597,l(r:p1udm822-p1ulv579),302.36342430543993,8300.777174240704,True,0.9726866039973842,1.029999480138577,0,0,18,0.9999714744246487,l(r:p1udm822-p1ulv579),173.8850814634312,6752.477127880448
0,49409,2023-08-22T10:00,peak,1.0,219.909832239151,1.0,219.909832239151,True,True,0.9841160511873425,1.0299995092893162,0,0,18,0.9369191820267058,recloser_disswitch(r:p1udt228-p1udt62)p1u_12237,152.0123853571383,6394.02236885758,True,0.9841160511873425,1.0299995092893162,0,0,18,0.9369191820267058,recloser_disswitch(r:p1udt228-p1udt62)p1u_12237,152.0123853571383,6394.02236885758
0,49409,2023-08-22T10:00,peak,3.0,659.729496717453,0.97698974609375,644.5489534885419,False,True,0.9734916224695557,1.029999471400351,0,0,18,1.0097395839311607,l(r:p1udm822-p1ulv579),179.63469980815762,6861.147751208508,True,0.9738605176298758,1.0299994727058952,0,0,18,0.99997862007358,l(r:p1udm822-p1ulv579),178.61270189310298,6845.151786096253
0,49409,2023-08-22T10:00,peak,5.0,1099.549161195755,0.586181640625,644.5355312575703,False,True,0.9624816092588906,1.0299994325413981,0,0,18,1.296670105165676,l(r:p1udm822-p1ulv579),212.17074363030704,7333.389130633346,True,0.9738608062826934,1.0299994727068853,0,0,18,0.9999705856739481,l(r:p1udm822-p1ulv579),178.61190827617312,6845.1395725082475
0,49409,2023-08-22T10:00,peak,10.0,2199.09832239151,0.2930908203125,644.5355312575703,False,True,0.932363656499038,1.0299993307961668,21,0,18,2.0376663400557193,l(r:p1udm822-p1ulv579),317.05732965216157,8537.806095865264,True,0.9738608062826934,1.0299994727068853,0,0,18,0.9999705856739481,l(r:p1udm822-p1ulv579),178.61190827617312,6845.1395725082475
0,49410,2023-08-22T11:00,peak,1.0,204.56667828559875,1.0,204.56667828559875,True,True,0.9828479579427053,1.0299995105435829,0,0,18,0.934479117783944,recloser_disswitch(r:p1udt228-p1udt62)p1u_12237,151.2768639959301,6377.966230272729,True,0.9828479579427053,1.0299995105435829,0,0,18,0.934479117783944,recloser_disswitch(r:p1udt228-p1udt62)p1u_12237,151.2768639959301,6377.966230272729
0,49410,2023-08-22T11:00,peak,3.0,613.7000348567963,0.95379638671875,585.3448757755832,False,True,0.9695600920657164,1.0299994751918722,0,0,18,1.020130328827201,l(r:p1udm822-p1ulv579),177.23593560034635,6812.724835245484,True,0.9704937267065599,1.0299994776548143,0,0,18,0.999995857831749,l(r:p1udm822-p1ulv579),175.3004583966053,6782.635477759275
0,49410,2023-08-22T11:00,peak,5.0,1022.8333914279938,0.572265625,585.3323900164105,False,True,0.9556813556138996,1.029999438869243,0,0,18,1.314146061982491,l(r:p1udm822-p1ulv579),207.8902964430054,7252.683205959296,True,0.9704937687257802,1.029999477654715,0,0,18,0.9999913068986862,l(r:p1udm822-p1ulv579),175.3003952564886,6782.636142313036
0,49410,2023-08-22T11:00,peak,10.0,2045.6667828559875,0.2861328125,585.3323900164105,False,True,0.9180219647263812,1.0299993436191826,15,0,18,2.072895077013507,l(r:p1udm822-p1ulv579),307.17061492590886,8374.778837845482,True,0.9704937687257802,1.029999477654715,0,0,18,0.9999913068986862,l(r:p1udm822-p1ulv579),175.3003952564886,6782.636142313036
0,49458,2023-08-24T11:00,peak,1.0,192.7057340145111,1.0,192.7057340145111,True,True,0.9828306796023563,1.0299995115468108,0,0,18,0.9377092589572248,recloser_disswitch(r:p1udt228-p1udt62)p1u_12237,150.94464994600656,6365.760845376618,True,0.9828306796023563,1.0299995115468108,0,0,18,0.9377092589572248,recloser_disswitch(r:p1udt228-p1udt62)p1u_12237,150.94464994600656,6365.760845376618
0,49458,2023-08-24T11:00,peak,3.0,578.1172020435333,1.0,578.1172020435333,True,True,0.9694829435841023,1.0299994782620336,0,0,18,0.9941188077295992,l(r:p1udt175lv-p1ulv493),176.17189158355984,6776.089277531028,True,0.9694829435841023,1.0299994782620336,0,0,18,0.9941188077295992,l(r:p1udt175lv-p1ulv493),176.17189158355984,6776.089277531028
0,49458,2023-08-24T11:00,peak,5.0,963.5286700725555,0.611328125,589.032175259199,False,True,0.9555039009700717,1.0299994440972495,0,0,18,1.2005566211646492,l(r:p1udt175lv-p1ulv493),206.00981268548236,7191.501821664413,True,0.9690896106321192,1.0299994772882546,0,0,18,0.9999785787173439,l(r:p1udt175lv-p1ulv493),176.96442048591544,6787.999866019734
0,49458,2023-08-24T11:00,peak,10.0,1927.057340145111,0.3056640625,589.032175259199,False,True,0.9157855745357587,1.029999354634043,21,0,18,1.72903478467989,l(r:p1udt175lv-p1ulv493),303.0090335685522,8252.009783543455,True,0.9690896106321192,1.0299994772882546,0,0,18,0.9999785787173439,l(r:p1udt175lv-p1ulv493),176.96442048591544,6787.999866019734
0,49459,2023-08-24T12:00,peak,1.0,189.81134700775146,1.0,189.81134700775146,True,True,0.9852760162174867,1.0299995118474015,0,0,18,0.934126938079411,recloser_disswitch(r:p1udt228-p1udt62)p1u_12237,150.3158170707032,6362.244938460363,True,0.9852760162174867,1.0299995118474015,0,0,18,0.934126938079411,recloser_disswitch(r:p1udt228-p1udt62)p1u_12237,150.3158170707032,6362.244938460363
0,49459,2023-08-24T12:00,peak,3.0,569.4340410232544,0.99652099609375,567.4529777701828,False,True,0.9770877530999736,1.0299994792912306,0,0,18,1.0010456259155454,l(r:p1udt175lv-p1ulv493),173.42355192714416,6764.689866067934,True,0.9771283856787515,1.029999479448818,0,0,18,0.9999954519165057,l(r:p1udt175lv-p1ulv493),173.30330725511837,6762.746466764733
0,49459,2023-08-24T12:00,peak,5.0,949.0567350387573,0.597900390625,567.4413926049601,False,True,0.9686816212524637,1.0299994460731725,0,0,18,1.2120756946634095,l(r:p1udt175lv-p1ulv493),199.83955770009905,7170.66382799189,True,0.9771286112123755,1.0299994794496798,0,0,18,0.9999895289027667,l(r:p1udt175lv-p1ulv493),173.3026412733429,6762.735813067445
0,49459,2023-08-24T12:00,peak,10.0,1898.1134700775146,0.2989501953125,567.4413926049601,False,True,0.9466274089369785,1.0299993599978703,6,0,18,1.7827489757414563,l(r:p1udm822-p1ulv579),281.3104443631648,8201.236805928143,True,0.9771286112123755,1.0299994794496798,0,0,18,0.9999895289027667,l(r:p1udt175lv-p1ulv493),173.3026412733429,6762.735813067445
0,49553,2023-08-28T10:00,peak,1.0,197.9076976776123,1.0,197.9076976776123,True,True,0.9831339149058985,1.0299995110961788,0,0,18,0.9340752103400848,recloser_disswitch(r:p1udt228-p1udt62)p1u_12237,150.88802811333122,6370.893897130996,True,0.9831339149058985,1.0299995110961788,0,0,18,0.9340752103400848,recloser_disswitch(r:p1udt228-p1udt62)p1u_12237,150.88802811333122,6370.893897130996
0,49553,2023-08-28T10:00,peak,3.0,593.7230930328369,0.99395751953125,590.1355328393402,False,True,0.9704518755334683,1.0299994768978373,0,0,18,1.0024558093075673,l(r:p1udm822-p1ulv579),175.78050719939245,6791.304030942244,True,0.9705638636885825,1.0299994771944807,0,0,18,0.9999747252701916,l(r:p1udm822-p1ulv579),175.54726774205878,6787.67341939311
0,49553,2023-08-28T10:00,peak,5.0,989.5384883880615,0.59637451171875,590.1355328393402,False,True,0.9572344147380697,1.0299994418129292,0,0,18,1.2841331878836129,l(r:p1udm822-p1ulv579),204.9418953206148,7216.4443725326355,True,0.9705638811015789,1.029999477194537,0,0,18,0.9999745233590951,l(r:p1udm822-p1ulv579),175.54721040796866,6787.672756151467
0,49553,2023-08-28T10:00,peak,10.0,1979.076976776123,0.29815673828125,590.075136203086,False,True,0.9215287101155484,1.0299993500700138,15,0,18,2.0097040373842305,l(r:p1udm822-p1ulv579),298.30713053226384,8299.334184579582,True,0.9705658226259246,1.0299994771997154,0,0,18,0.9999322771406235,l(r:p1udm822-p1ulv579),175.54317719417773,6787.609494334685
0,49846,2023-09-09T15:00,random,1.0,30.41227789223194,1.0,30.41227789223194,True,True,0.9886205104042162,1.029999525318655,0,0,18,0.9158110037115679,recloser_disswitch(r:p1udt228-p1udt62)p1u_12237,141.68061398787293,6194.226658487983,True,0.9886205104042162,1.029999525318655,0,0,18,0.9158110037115679,recloser_disswitch(r:p1udt228-p1udt62)p1u_12237,141.68061398787293,6194.226658487983
0,49846,2023-09-09T15:00,random,3.0,91.23683367669582,1.0,91.23683367669582,True,True,0.9861453557855151,1.029999520138936,0,0,18,0.9224192717690128,recloser_disswitch(r:p1udt228-p1udt62)p1u_12237,145.26165462485852,6258.470384965165,True,0.9861453557855151,1.029999520138936,0,0,18,0.9224192717690128,recloser_disswitch(r:p1udt228-p1udt62)p1u_12237,145.26165462485852,6258.470384965165
0,49846,2023-09-09T15:00,random,5.0,152.0613894611597,1.0,152.0613894611597,True,True,0.9830074013313477,1.0299995149147247,0,0,18,0.9290806044104812,recloser_disswitch(r:p1udt228-p1udt62)p1u_12237,149.02144862970485,6323.052520952466,True,0.9830074013313477,1.0299995149147247,0,0,18,0.9290806044104812,recloser_disswitch(r:p1udt228-p1udt62)p1u_12237,149.02144862970485,6323.052520952466
0,49846,2023-09-09T15:00,random,10.0,304.1227789223194,1.0,304.1227789223194,True,True,0.9750310772211387,1.029999501717782,0,0,18,0.9458574635941518,recloser_disswitch(r:p1udt228-p1udt62)p1u_12237,159.1847981304203,6485.23106915123,True,0.9750310772211387,1.029999501717782,0,0,18,0.9458574635941518,recloser_disswitch(r:p1udt228-p1udt62)p1u_12237,159.1847981304203,6485.23106915123
0,50168,2023-09-23T01:00,random,1.0,8.444974184036255,1.0,8.444974184036255,True,True,0.9885905133562266,1.0299995271909987,0,0,18,0.9133882238734631,recloser_disswitch(r:p1udt228-p1udt62)p1u_12237,140.43836813587927,6170.952769904881,True,0.9885905133562266,1.0299995271909987,0,0,18,0.9133882238734631,recloser_disswitch(r:p1udt228-p1udt62)p1u_12237,140.43836813587927,6170.952769904881
0,50168,2023-09-23T01:00,random,3.0,25.334922552108765,1.0,25.334922552108765,True,True,0.9871759731534718,1.0299995257648344,0,0,18,0.9151527846113356,recloser_disswitch(r:p1udt228-p1udt62)p1u_12237,141.43494888932784,6188.678123914184,True,0.9871759731534718,1.0299995257648344,0,0,18,0.9151527846113356,recloser_disswitch(r:p1udt228-p1udt62)p1u_12237,141.43494888932784,6188.678123914184
0,50168,2023-09-23T01:00,random,5.0,42.224870920181274,1.0,42.224870920181274,True,True,0.9857518413885081,1.0299995243206597,0,0,18,0.9169464466770457,recloser_disswitch(r:p1udt228-p1udt62)p1u_12237,142.46725892367905,6206.596065492176,True,0.9857518413885081,1.0299995243206597,0,0,18,0.9169464466770457,recloser_disswitch(r:p1udt228-p1udt62)p1u_12237,142.46725892367905,6206.596065492176
0,50168,2023-09-23T01:00,random,10.0,84.44974184036255,1.0,84.44974184036255,True,True,0.9821583973775019,1.0299995206808121,0,0,18,0.9214664625599528,recloser_disswitch(r:p1udt228-p1udt62)p1u_12237,145.1778955237991,6251.602272341559,True,0.9821583973775019,1.0299995206808121,0,0,18,0.9214664625599528,recloser_disswitch(r:p1udt228-p1udt62)p1u_12237,145.1778955237991,6251.602272341559
0,51647,2023-11-23T16:00,random,1.0,17.233353793621063,1.0,17.233353793621063,True,True,0.9872986754644311,1.0299995264347424,0,0,18,0.9153920309884503,recloser_disswitch(r:p1udt228-p1udt62)p1u_12237,141.0766862490635,6180.319719249232,True,0.9872986754644311,1.0299995264347424,0,0,18,0.9153920309884503,recloser_disswitch(r:p1udt228-p1udt62)p1u_12237,141.0766862490635,6180.319719249232
0,51647,2023-11-23T16:00,random,3.0,51.70006138086319,1.0,51.70006138086319,True,True,0.9832611108566129,1.0299995234524515,0,0,18,0.9212302642099355,recloser_disswitch(r:p1udt228-p1udt62)p1u_12237,143.49509820136106,6217.171269961916,True,0.9832611108566129,1.0299995234524515,0,0,18,0.9212302642099355,recloser_disswitch(r:p1udt228-p1udt62)p1u_12237,143.49509820136106,6217.171269961916
0,51647,2023-11-23T16:00,random,5.0,86.16676896810532,1.0,86.16676896810532,True,True,0.9791668316524528,1.0299995204308452,0,0,18,0.9271174913373376,recloser_disswitch(r:p1udt228-p1udt62)p1u_12237,146.12584948141605,6254.265673267385,True,0.9791668316524528,1.0299995204308452,0,0,18,0.9271174913373376,recloser_disswitch(r:p1udt228-p1udt62)p1u_12237,146.12584948141605,6254.265673267385
0,51647,2023-11-23T16:00,random,10.0,172.33353793621063,1.0,172.33353793621063,True,True,0.9686765850511107,1.0299995127132004,0,0,18,0.9420306851541106,recloser_disswitch(r:p1udt228-p1udt62)p1u_12237,153.659890136367,6347.917044548462,True,0.9686765850511107,1.0299995127132004,0,0,18,0.9420306851541106,recloser_disswitch(r:p1udt228-p1udt62)p1u_12237,153.659890136367,6347.917044548462
1,44103,2023-01-13T08:00,random,1.0,79.95436143875122,1.0,79.95436143875122,True,True,0.988198567923287,1.0299995212617112,0,0,18,0.9246526567177131,recloser_disswitch(r:p1udt228-p1udt62)p1u_12237,143.82867983259447,6245.815583379256,True,0.988198567923287,1.0299995212617112,0,0,18,0.9246526567177131,recloser_disswitch(r:p1udt228-p1udt62)p1u_12237,143.82867983259447,6245.815583379256
1,44103,2023-01-13T08:00,random,3.0,239.86308431625366,1.0,239.86308431625366,True,True,0.98520012784964,1.029999507907163,0,0,18,0.9490363239080138,recloser_disswitch(r:p1udt228-p1udt62)p1u_12237,151.95016932471387,6413.764757502339,True,0.98520012784964,1.029999507907163,0,0,18,0.9490363239080138,recloser_disswitch(r:p1udt228-p1udt62)p1u_12237,151.95016932471387,6413.764757502339
1,44103,2023-01-13T08:00,random,5.0,399.7718071937561,1.0,399.7718071937561,True,True,0.9800612415056317,1.0299994944637574,0,0,18,0.9735286521455293,recloser_disswitch(r:p1udt228-p1udt62)p1u_12237,160.56109293529755,6582.278603053719,True,0.9800612415056317,1.0299994944637574,0,0,18,0.9735286521455293,recloser_disswitch(r:p1udt228-p1udt62)p1u_12237,160.56109293529755,6582.278603053719
1,44103,2023-01-13T08:00,random,10.0,799.5436143875122,0.71514892578125,571.7927569444873,False,True,0.9668827901855344,1.029999460491526,0,0,18,1.0351831919430425,recloser_disswitch(r:p1udt228-p1udt62)p1u_12237,184.2736897302017,7005.653178384434,True,0.974447661385222,1.0299994799034589,0,0,18,0.9999950432499416,recloser_disswitch(r:p1udt228-p1udt62)p1u_12237,170.3807257604349,6764.164114800019
1,44752,2023-02-09T09:00,random,1.0,125.63688196241856,1.0,125.63688196241856,True,True,0.986633750323343,1.0299995173423253,0,0,18,0.93045583862787,recloser_disswitch(r:p1udt228-p1udt62)p1u_12237,146.55843283406736,6294.2839233720015,True,0.986633750323343,1.0299995173423253,0,0,18,0.93045583862787,recloser_disswitch(r:p1udt228-p1udt62)p1u_12237,146.55843283406736,6294.2839233720015
1,44752,2023-02-09T09:00,random,3.0,376.91064588725567,1.0,376.91064588725567,True,True,0.9812438467846409,1.0299994960287935,0,0,18,0.9665587517713274,recloser_disswitch(r:p1udt228-p1udt62)p1u_12237,160.87845839042896,6559.698534201852,True,0.9812438467846409,1.0299994960287935,0,0,18,0.9665587517713274,recloser_disswitch(r:p1udt228-p1udt62)p1u_12237,160.87845839042896,6559.698534201852
1,44752,2023-02-09T09:00,random,5.0,628.1844098120928,0.9671630859375,607.5567723316908,False,True,0.9757607593778654,1.0299994744297971,0,0,18,1.0029838684151133,recloser_disswitch(r:p1udt228-p1udt62)p1u_12237,176.72286835779207,6826.794576914273,True,0.9762126016606575,1.02999947620438,0,0,18,0.999998016753988,recloser_disswitch(r:p1udt228-p1udt62)p1u_12237,175.36951657842187,6804.916251137792
1,44752,2023-02-09T09:00,random,10.0,1256.3688196241856,0.48358154296875,607.5567723316908,False,True,0.9592076232715345,1.0299994191678294,0,0,18,1.0954503173819732,recloser_disswitch(r:p1udt228-p1udt62)p1u_12237,223.3255388972063,7501.643231998036,True,0.9762126016606575,1.02999947620438,0,0,18,0.999998016753988,recloser_disswitch(r:p1udt228-p1udt62)p1u_12237,175.36951657842187,6804.916251137792
1,46073,2023-04-05T10:00,peak,1.0,190.9374189376831,1.0,190.9374189376831,True,True,0.984565893850263,1.0299995118158967,0,0,18,0.9433130199084898,recloser_disswitch(r:p1udt228-p1udt62)p1u_12237,150.53731306632704,6363.574158483032,True,0.984565893850263,1.0299995118158967,0,0,18,0.9433130199084898,recloser_disswitch(r:p1udt228-p1udt62)p1u_12237,150.53731306632704,6363.574158483032
1,46073,2023-04-05T10:00,peak,3.0,572.8122568130493,0.939208984375,537.9904179589357,False,True,0.9675468112276513,1.0299994789914468,0,0,18,1.0057116037959455,recloser_disswitch(r:p1udt228-p1udt62)p1u_12237,175.65126068819072,6770.273839244037,True,0.9691282141342855,1.0299994820089735,0,0,18,0.9999995336136044,recloser_disswitch(r:p1udt228-p1udt62)p1u_12237,173.1440177713477,6733.123924287088
1,46073,2023-04-05T10:00,peak,5.0,954.6870946884155,0.5634765625,537.9438023781404,False,True,0.9496000456915732,1.0299994451726262,3,0,18,1.069359575862962,recloser_disswitch(r:p1udt228-p1udt62)p1u_12237,206.43662257171493,7183.083896334163,True,0.9691300691267892,1.0299994820124143,0,0,18,0.9999929802018895,recloser_disswitch(r:p1udt228-p1udt62)p1u_12237,173.14109012301319,6733.081270827517
1,46073,2023-04-05T10:00,peak,10.0,1909.374189376831,0.28173828125,537.9438023781404,False,True,0.8997976036700637,1.0299993558535483,18,0,18,1.5738249598165523,l(r:p1udt62lv-p1ulv157),311.86616514154525,8243.166412760465,True,0.9691300691267892,1.0299994820124143,0,0,18,0.9999929802018895,recloser_disswitch(r:p1udt228-p1udt62)p1u_12237,173.14109012301319,6733.081270827517
1,46294,2023-04-14T15:00,random,1.0,91.37446284294128,1.0,91.37446284294128,True,True,0.9869631459518325,1.0299995202456693,0,0,18,0.9256817573058782,recloser_disswitch(r:p1udt228-p1udt62)p1u_12237,144.77688338670424,6258.2544459115525,True,0.9869631459518325,1.0299995202456693,0,0,18,0.9256817573058782,recloser_disswitch(r:p1udt228-p1udt62)p1u_12237,144.77688338670424,6258.2544459115525
1,46294,2023-04-14T15:00,random,3.0,274.12338852882385,1.0,274.12338852882385,True,True,0.9797563541170592,1.0299995048000337,0,0,18,0.9521779952031098,recloser_disswitch(r:p1udt228-p1udt62)p1u_12237,155.25229400841,6451.307680098788,True,0.9797563541170592,1.0299995048000337,0,0,18,0.9521779952031098,recloser_disswitch(r:p1udt228-p1udt62)p1u_12237,155.25229400841,6451.307680098788
1,46294,2023-04-14T15:00,random,5.0,456.8723142147064,1.0,456.8723142147064,True,True,0.9707949834996866,1.029999489149724,0,0,18,0.9789215473013159,recloser_disswitch(r:p1udt228-p1udt62)p1u_12237,166.87462103702273,6645.662425664262,True,0.9707949834996866,1.029999489149724,0,0,18,0.9789215473013159,recloser_disswitch(r:p1udt228-p1udt62)p1u_12237,166.87462103702273,6645.662425664262
1,46294,2023-04-14T15:00,random,10.0,913.7446284294128,0.65631103515625,599.700682952971,False,True,0.9472771388859139,1.029999449122397,5,0,18,1.0468434185242823,recloser_disswitch(r:p1udt228-p1udt62)p1u_12237,201.25216867187757,7136.954901139751,True,0.9636171563136079,1.0299994767713987,0,0,18,0.9999995977242998,recloser_disswitch(r:p1udt228-p1udt62)p1u_12237,176.78819130136992,6798.479632166973
1,46385,2023-04-18T10:00,peak,1.0,188.02274084091187,1.0,188.02274084091187,True,True,0.9840802581981046,1.029999512048991,0,0,18,0.9382302660753422,recloser_disswitch(r:p1udt228-p1udt62)p1u_12237,150.19881903541764,6360.32851418747,True,0.9840802581981046,1.029999512048991,0,0,18,0.9382302660753422,recloser_disswitch(r:p1udt228-p1udt62)p1u_12237,150.19881903541764,6360.32851418747
1,46385,2023-04-18T10:00,peak,3.0,564.0682225227356,1.0,564.0682225227356,True,True,0.9732211087101738,1.0299994798822967,0,0,18,0.9901527170160799,recloser_disswitch(r:p1udt228-p1udt62)p1u_12237,173.41853696251573,6759.318076254441,True,0.9732211087101738,1.0299994798822967,0,0,18,0.9901527170160799,recloser_disswitch(r:p1udt228-p1udt62)p1u_12237,173.41853696251573,6759.318076254441
1,46385,2023-04-18T10:00,peak,5.0,940.1137042045593,0.67498779296875,634.5652743407118,False,True,0.9595453754603507,1.0299994470302254,0,0,18,1.042824524478766,recloser_disswitch(r:p1udt228-p1udt62)p1u_12237,200.48282503160667,7162.354287574257,True,0.9706933651149491,1.0299994737600113,0,0,18,0.9999979897513777,recloser_disswitch(r:p1udt228-p1udt62)p1u_12237,178.2034828336892,6834.758797346826
1,46385,2023-04-18T10:00,peak,10.0,1880.2274084091187,0.33746337890625,634.5078943538829,False,True,0.9226604431506348,1.029999361629576,19,0,18,1.60955023288904,l(r:p1udm722-p1ulv1845),286.7589036487573,8188.948880865847,True,0.970695393921398,1.0299994737648954,0,0,18,0.9999901534119908,recloser_disswitch(r:p1udt228-p1udt62)p1u_12237,178.19960961332603,6834.698617703397
1,46413,2023-04-19T14:00,random,1.0,57.698155641555786,1.0,57.698155641555786,True,True,0.9880186177008476,1.0299995231014405,0,0,18,0.9216468772543046,recloser_disswitch(r:p1udt228-p1udt62)p1u_12237,142.82889301182382,6222.6614197560975,True,0.9880186177008476,1.0299995231014405,0,0,18,0.9216468772543046,recloser_disswitch(r:p1udt228-p1udt62)p1u_12237,142.82889301182382,6222.6614197560975
1,46413,2023-04-19T14:00,random,3.0,173.09446692466736,1.0,173.09446692466736,True,True,0.9854509919527241,1.0299995134695608,0,0,18,0.939952894109047,recloser_disswitch(r:p1udt228-p1udt62)p1u_12237,148.8205627514629,6343.877135405921,True,0.9854509919527241,1.0299995134695608,0,0,18,0.939952894109047,recloser_disswitch(r:p1udt228-p1udt62)p1u_12237,148.8205627514629,6343.877135405921
1,46413,2023-04-19T14:00,random,5.0,288.49077820777893,1.0,288.49077820777893,True,True,0.9828607070529863,1.0299995037669654,0,0,18,0.9583526916276611,recloser_disswitch(r:p1udt228-p1udt62)p1u_12237,155.14683185240892,6465.59596590635,True,0.9828607070529863,1.0299995037669654,0,0,18,0.9583526916276611,recloser_disswitch(r:p1udt228-p1udt62)p1u_12237,155.14683185240892,6465.59596590635
1,46413,2023-04-19T14:00,random,10.0,576.9815564155579,0.9498291015625,548.0338733483222,False,True,0.9757533237488726,1.029999479261442,0,0,18,1.004647206221395,recloser_disswitch(r:p1udt228-p1udt62)p1u_12237,172.42410414444953,6771.289230747679,True,0.976521783608662,1.0299994817282543,0,0,18,0.9999978106929404,recloser_disswitch(r:p1udt228-p1udt62)p1u_12237,170.5998754729296,6740.624504600839
1,46948,2023-05-11T21:00,random,1.0,43.385165214538574,1.0,43.385165214538574,True,True,0.98849120152798,1.0299995242156403,0,0,18,0.9187567869809209,recloser_disswitch(r:p1udt228-p1udt62)p1u_12237,142.52017629499403,6208.002544045919,True,0.98849120152798,1.0299995242156403,0,0,18,0.9187567869809209,recloser_disswitch(r:p1udt228-p1udt62)p1u_12237,142.52017629499403,6208.002544045919
1,46948,2023-05-11T21:00,random,3.0,130.15549564361572,1.0,130.15549564361572,True,True,0.9857436692753079,1.029999516793873,0,0,18,0.9313103355166193,recloser_disswitch(r:p1udt228-p1udt62)p1u_12237,147.9678016939041,6300.0846348979885,True,0.9857436692753079,1.029999516793873,0,0,18,0.9313103355166193,recloser_disswitch(r:p1udt228-p1udt62)p1u_12237,147.9678016939041,6300.0846348979885
1,46948,2023-05-11T21:00,random,5.0,216.92582607269287,1.0,216.92582607269287,True,True,0.9809741528750819,1.0299995092916618,0,0,18,0.9439675181195741,recloser_disswitch(r:p1udt228-p1udt62)p1u_12237,153.8432958059406,6392.725323032128,True,0.9809741528750819,1.0299995092916618,0,0,18,0.9439675181195741,recloser_disswitch(r:p1udt228-p1udt62)p1u_12237,153.8432958059406,6392.725323032128
1,46948,2023-05-11T21:00,random,10.0,433.85165214538574,1.0,433.85165214538574,True,True,0.968745272935534,1.0299994902269565,0,0,18,0.9759785306034887,recloser_disswitch(r:p1udt228-p1udt62)p1u_12237,170.44393543931943,6626.161468650236,True,0.968745272935534,1.0299994902269565,0,0,18,0.9759785306034887,recloser_disswitch(r:p1udt228-p1udt62)p1u_12237,170.44393543931943,6626.161468650236
1,47304,2023-05-26T17:00,random,1.0,83.14106774330139,1.0,83.14106774330139,True,True,0.9862442896021328,1.0299995208582176,0,0,18,0.925720674290574,recloser_disswitch(r:p1udt228-p1udt62)p1u_12237,144.77586329221808,6250.017144522733,True,0.9862442896021328,1.0299995208582176,0,0,18,0.925720674290574,recloser_disswitch(r:p1udt228-p1udt62)p1u_12237,144.77586329221808,6250.017144522733
1,47304,2023-05-26T17:00,random,3.0,249.42320322990417,1.0,249.42320322990417,True,True,0.9728007909178119,1.0299995065654157,0,0,18,0.9523968795193563,recloser_disswitch(r:p1udt228-p1udt62)p1u_12237,155.72660481175498,6427.068870221613,True,0.9728007909178119,1.0299995065654157,0,0,18,0.9523968795193563,recloser_disswitch(r:p1udt228-p1udt62)p1u_12237,155.72660481175498,6427.068870221613
1,47304,2023-05-26T17:00,random,5.0,415.70533871650696,1.0,415.70533871650696,True,True,0.958782804162498,1.029999491959791,0,0,18,0.9794722853415041,recloser_disswitch(r:p1udt228-p1udt62)p1u_12237,168.53560774471558,6606.126730413178,True,0.958782804162498,1.029999491959791,0,0,18,0.9794722853415041,recloser_disswitch(r:p1udt228-p1udt62)p1u_12237,168.53560774471558,6606.126730413178
1,47304,2023-05-26T17:00,random,10.0,831.4106774330139,0.6207275390625,516.0795037532807,False,True,0.9207502115421975,1.029999453935751,6,0,18,1.3270944259978628,l(r:p1udt62lv-p1ulv157),209.7739292331083,7063.163536510555,True,0.950003815238908,1.029999482975201,0,0,18,0.9960332991498025,recloser_disswitch(r:p1udt228-p1udt62)p1u_12237,177.2378102548176,6715.308633501433
1,47458,2023-06-02T03:00,random,1.0,11.082432746887207,1.0,11.082432746887207,True,True,0.989250264245347,1.0299995269620332,0,0,18,0.9143635955942219,recloser_disswitch(r:p1udt228-p1udt62)p1u_12237,140.63970883682975,6173.844065148666,True,0.989250264245347,1.0299995269620332,0,0,18,0.9143635955942219,recloser_disswitch(r:p1udt228-p1udt62)p1u_12237,140.63970883682975,6173.844065148666
1,47458,2023-06-02T03:00,random,3.0,33.24729824066162,1.0,33.24729824066162,True,True,0.9857971245222118,1.0299995250673701,0,0,18,0.9180878542634927,recloser_disswitch(r:p1udt228-p1udt62)p1u_12237,142.14566956864314,6197.375332239535,True,0.9857971245222118,1.0299995250673701,0,0,18,0.9180878542634927,recloser_disswitch(r:p1udt228-p1udt62)p1u_12237,142.14566956864314,6197.375332239535
1,47458,2023-06-02T03:00,random,5.0,55.412163734436035,1.0,55.412163734436035,True,True,0.9811385010590208,1.0299995231326255,0,0,18,0.9218696451037812,recloser_disswitch(r:p1udt228-p1udt62)p1u_12237,143.83761179719616,6221.230166794588,True,0.9811385010590208,1.0299995231326255,0,0,18,0.9218696451037812,recloser_disswitch(r:p1udt228-p1udt62)p1u_12237,143.83761179719616,6221.230166794588
1,47458,2023-06-02T03:00,random,10.0,110.82432746887207,1.0,110.82432746887207,True,True,0.9691875525957555,1.0299995181663857,0,0,18,0.931486054960153,recloser_disswitch(r:p1udt228-p1udt62)p1u_12237,148.88817791951467,6281.662201277456,True,0.9691875525957555,1.0299995181663857,0,0,18,0.931486054960153,recloser_disswitch(r:p1udt228-p1udt62)p1u_12237,148.88817791951467,6281.662201277456
1,47868,2023-06-19T05:00,random,1.0,3.571868658065796,1.0,3.571868658065796,True,True,0.9889452699879371,1.029999527610504,0,0,18,0.9130853766257782,recloser_disswitch(r:p1udt228-p1udt62)p1u_12237,140.15481625594,6165.746656102876,True,0.9889452699879371,1.029999527610504,0,0,18,0.9130853766257782,recloser_disswitch(r:p1udt228-p1udt62)p1u_12237,140.15481625594,6165.746656102876
1,47868,2023-06-19T05:00,random,3.0,10.715605974197388,1.0,10.715605974197388,True,True,0.9882407965793006,1.0299995270100661,0,0,18,0.9142707844571606,recloser_disswitch(r:p1udt228-p1udt62)p1u_12237,140.57706942434027,6173.249406592313,True,0.9882407965793006,1.0299995270100661,0,0,18,0.9142707844571606,recloser_disswitch(r:p1udt228-p1udt62)p1u_12237,140.57706942434027,6173.249406592313
1,47868,2023-06-19T05:00,random,5.0,17.85934329032898,1.0,17.85934329032898,True,True,0.987533495330428,1.0299995264033928,0,0,18,0.9154672508129733,recloser_disswitch(r:p1udt228-p1udt62)p1u_12237,141.00851751820136,6180.82357100063,True,0.987533495330428,1.0299995264033928,0,0,18,0.9154672508129733,recloser_disswitch(r:p1udt228-p1udt62)p1u_12237,141.00851751820136,6180.82357100063
1,47868,2023-06-19T05:00,random,10.0,35.71868658065796,1.0,35.71868658065796,True,True,0.9857597916101994,1.0299995248864506,0,0,18,0.9184556084602968,recloser_disswitch(r:p1udt228-p1udt62)p1u_12237,142.11214723354962,6199.729725720654,True,0.9857597916101994,1.0299995248864506,0,0,18,0.9184556084602968,recloser_disswitch(r:p1udt228-p1udt62)p1u_12237,142.11214723354962,6199.729725720654
1,48214,2023-07-03T15:00,random,1.0,73.25083684921265,1.0,73.25083684921265,True,True,0.986660085974552,1.0299995217295574,0,0,18,0.9232924846409519,recloser_disswitch(r:p1udt228-p1udt62)p1u_12237,144.07493101746508,6239.307034121966,True,0.986660085974552,1.0299995217295574,0,0,18,0.9232924846409519,recloser_disswitch(r:p1udt228-p1udt62)p1u_12237,144.07493101746508,6239.307034121966
1,48214,2023-07-03T15:00,random,3.0,219.75251054763794,1.0,219.75251054763794,True,True,0.9810814045052613,1.0299995092425918,0,0,18,0.9450458578515638,recloser_disswitch(r:p1udt228-p1udt62)p1u_12237,153.0358525120587,6394.726929580343,True,0.9810814045052613,1.0299995092425918,0,0,18,0.9450458578515638,recloser_disswitch(r:p1udt228-p1udt62)p1u_12237,153.0358525120587,6394.726929580343
1,48214,2023-07-03T15:00,random,5.0,366.25418424606323,1.0,366.25418424606323,True,True,0.9730559301367382,1.0299994965916384,0,0,18,0.9669963132685508,recloser_disswitch(r:p1udt228-p1udt62)p1u_12237,162.96021646544224,6551.138647710368,True,0.9730559301367382,1.0299994965916384,0,0,18,0.9669963132685508,recloser_disswitch(r:p1udt228-p1udt62)p1u_12237,162.96021646544224,6551.138647710368
1,48214,2023-07-03T15:00,random,10.0,732.5083684921265,0.797119140625,583.8964411930647,False,True,0.9520949931318383,1.0299994642056807,0,0,18,1.0227868976456498,recloser_disswitch(r:p1udt228-p1udt62)p1u_12237,192.25404546016222,6946.725316810508,True,0.9607598858143978,1.0299994774765961,0,0,18,0.9999949618691559,recloser_disswitch(r:p1udt228-p1udt62)p1u_12237,179.57182848953866,6785.460097627101
1,48449,2023-07-13T10:00,peak,1.0,185.93796157836914,1.0,185.93796157836914,True,True,0.9835870617381264,1.029999512216878,0,0,18,0.9399331967252259,recloser_disswitch(r:p1udt228-p1udt62)p1u_12237,150.38767715770186,6358.45345310631,True,0.9835870617381264,1.029999512216878,0,0,18,0.9399331967252259,recloser_disswitch(r:p1udt228-p1udt62)p1u_12237,150.38767715770186,6358.45345310631
1,48449,2023-07-13T10:00,peak,3.0,557.8138847351074,1.0,557.8138847351074,True,True,0.9667550044971718,1.0299994802575667,0,0,18,0.9954623754048063,recloser_disswitch(r:p1udt228-p1udt62)p1u_12237,174.88837398246366,6754.510083474817,True,0.9667550044971718,1.0299994802575667,0,0,18,0.9954623754048063,recloser_disswitch(r:p1udt228-p1udt62)p1u_12237,174.88837398246366,6754.510083474817
1,48449,2023-07-13T10:00,peak,5.0,929.6898078918457,0.632080078125,587.6384064042941,False,True,0.9482059634968293,1.029999447378153,3,0,18,1.052111441286802,recloser_disswitch(r:p1udt228-p1udt62)p1u_12237,204.63330695808062,7156.284455517525,True,0.9652974571511479,1.0299994776383123,0,0,18,0.9999935411301556,recloser_disswitch(r:p1udt228-p1udt62)p1u_12237,177.0862856974088,6786.716617413831
1,48449,2023-07-13T10:00,peak,10.0,1859.3796157836914,0.3160400390625,587.6384064042941,False,True,0.8965242173239252,1.0299993607746014,21,0,18,1.6276807871913317,l(r:p1udt62lv-p1ulv157),305.45543480118755,8186.757039776079,True,0.9652974571511479,1.0299994776383123,0,0,18,0.9999935411301556,recloser_disswitch(r:p1udt228-p1udt62)p1u_12237,177.0862856974088,6786.716617413831
1,48450,2023-07-13T11:00,peak,1.0,197.65360134840012,1.0,197.65360134840012,True,True,0.9841690265793706,1.0299995112447113,0,0,18,0.940474520218099,recloser_disswitch(r:p1udt228-p1udt62)p1u_12237,150.89765685243066,6370.663251293428,True,0.9841690265793706,1.0299995112447113,0,0,18,0.940474520218099,recloser_disswitch(r:p1udt228-p1udt62)p1u_12237,150.89765685243066,6370.663251293428
1,48450,2023-07-13T11:00,peak,3.0,592.9608040452003,1.0,592.9608040452003,True,True,0.9663019900610068,1.0299994773162247,0,0,18,0.997091214160869,recloser_disswitch(r:p1udt228-p1udt62)p1u_12237,176.51606844036743,6791.280829477394,True,0.9663019900610068,1.0299994773162247,0,0,18,0.997091214160869,recloser_disswitch(r:p1udt228-p1udt62)p1u_12237,176.51606844036743,6791.280829477394
1,48450,2023-07-13T11:00,peak,5.0,988.2680067420006,0.6201171875,612.8419768370804,False,True,0.9474132296222325,1.029999442441835,5,0,18,1.0548196806946384,recloser_disswitch(r:p1udt228-p1udt62)p1u_12237,207.4963330917159,7217.726063349835,True,0.9653694441161527,1.0299994755687891,0,0,18,0.9999964754987991,recloser_disswitch(r:p1udt228-p1udt62)p1u_12237,177.95376535583702,6812.779893240355
1,48450,2023-07-13T11:00,peak,10.0,1976.5360134840012,0.31005859375,612.8419768370804,False,True,0.8946944777773838,1.0299993507529408,18,0,18,1.6483558665261961,l(r:p1udt62lv-p1ulv157),311.83018036072,8310.290042643022,True,0.9653694441161527,1.0299994755687891,0,0,18,0.9999964754987991,recloser_disswitch(r:p1udt228-p1udt62)p1u_12237,177.95376535583702,6812.779893240355
1,49081,2023-08-08T18:00,peak,1.0,184.03811740875244,1.0,184.03811740875244,True,True,0.983206211034565,1.0299995123123353,0,0,18,0.9404488699924344,recloser_disswitch(r:p1udt228-p1udt62)p1u_12237,150.64504480623538,6356.799565136921,True,0.983206211034565,1.0299995123123353,0,0,18,0.9404488699924344,recloser_disswitch(r:p1udt228-p1udt62)p1u_12237,150.64504480623538,6356.799565136921
1,49081,2023-08-08T18:00,peak,3.0,552.1143522262573,1.0,552.1143522262573,True,True,0.9653152988821188,1.0299994804685058,0,0,18,0.9971277671035419,recloser_disswitch(r:p1udt228-p1udt62)p1u_12237,176.04568886172535,6750.134676987838,True,0.9653152988821188,1.0299994804685058,0,0,18,0.9971277671035419,recloser_disswitch(r:p1udt228-p1udt62)p1u_12237,176.04568886172535,6750.134676987838
1,49081,2023-08-08T18:00,peak,5.0,920.1905870437622,0.6199951171875,570.5136708490318,False,True,0.9456689663052104,1.029999447649036,6,0,18,1.0955948104301017,l(r:p1udm722-p1ulv1845),207.23567229606135,7149.383053457144,True,0.9643598425538663,1.0299994788501705,0,0,18,0.9999943430664066,recloser_disswitch(r:p1udt228-p1udt62)p1u_12237,177.4639293273581,6769.967161034259
1,49081,2023-08-08T18:00,peak,10.0,1840.3811740875244,0.30999755859375,570.5136708490318,False,True,0.8904505214891784,1.0299993606461528,21,0,18,1.8736583530613728,l(r:p1udm722-p1ulv1845),314.9842806949863,8177.266041970477,True,0.9643598425538663,1.0299994788501705,0,0,18,0.9999943430664066,recloser_disswitch(r:p1udt228-p1udt62)p1u_12237,177.4639293273581,6769.967161034259
1,49289,2023-08-17T10:00,peak,1.0,186.71374398469925,1.0,186.71374398469925,True,True,0.9835570848960562,1.0299995121288485,0,0,18,0.9409304503342594,recloser_disswitch(r:p1udt228-p1udt62)p1u_12237,150.5183119319311,6359.34792654302,True,0.9835570848960562,1.0299995121288485,0,0,18,0.9409304503342594,recloser_disswitch(r:p1udt228-p1udt62)p1u_12237,150.5183119319311,6359.34792654302
1,49289,2023-08-17T10:00,peak,3.0,560.1412319540977,1.0,560.1412319540977,True,True,0.9716920556788149,1.0299994800117145,0,0,18,0.9984388812638146,recloser_disswitch(r:p1udt228-p1udt62)p1u_12237,175.08832134489805,6757.044123479709,True,0.9716920556788149,1.0299994800117145,0,0,18,0.9984388812638146,recloser_disswitch(r:p1udt228-p1udt62)p1u_12237,175.08832134489805,6757.044123479709
1,49289,2023-08-17T10:00,peak,5.0,933.5687199234962,0.61053466796875,569.9760684445027,False,True,0.9568650076214604,1.0299994470188063,0,0,18,1.0570186363133647,recloser_disswitch(r:p1udt228-p1udt62)p1u_12237,204.55746101880112,7160.091777940473,True,0.9713048074958757,1.0299994791382556,0,0,18,0.9999961747844093,recloser_disswitch(r:p1udt228-p1udt62)p1u_12237,175.8108370230111,6767.7769275468145
1,49289,2023-08-17T10:00,peak,10.0,1867.1374398469925,0.30523681640625,569.9190879318121,False,True,0.9165720022747551,1.0299993604689996,21,0,18,1.4337606724536367,l(r:p1udm722-p1ulv1845),302.17205460191917,8191.257009884475,True,0.9713069883636029,1.0299994791431248,0,0,18,0.9999874938193204,recloser_disswitch(r:p1udt228-p1udt62)p1u_12237,175.80677707358737,6767.717005089053
1,49408,2023-08-22T09:00,peak,1.0,197.64600601792336,1.0,197.64600601792336,True,True,0.9845476852083275,1.0299995112488785,0,0,18,0.9424189915602512,recloser_disswitch(r:p1udt228-p1udt62)p1u_12237,150.76948396618792,6370.521017449605,True,0.9845476852083275,1.0299995112488785,0,0,18,0.9424189915602512,recloser_disswitch(r:p1udt228-p1udt62)p1u_12237,150.76948396618792,6370.521017449605
1,49408,2023-08-22T09:00,peak,3.0,592.9380180537701,0.96875,574.4087049895898,False,True,0.9748382879524202,1.0299994774243395,0,0,18,1.0028337311620115,recloser_disswitch(r:p1udt228-p1udt62)p1u_12237,175.46859409153137,6790.232163477273,True,0.9753025662096625,1.0299994790223934,0,0,18,0.9999893368812014,recloser_disswitch(r:p1udt228-p1udt62)p1u_12237,174.21917205933613,6770.508620702952
1,49408,2023-08-22T09:00,peak,5.0,988.2300300896168,0.5811767578125,574.3363248604328,False,True,0.9623447945686538,1.0299994428352668,0,0,18,1.0641577005855938,recloser_disswitch(r:p1udt228-p1udt62)p1u_12237,204.47660550193626,7214.444937100671,True,0.9753021123204769,1.0299994790188416,0,0,18,0.9999958414920065,recloser_disswitch(r:p1udt228-p1udt62)p1u_12237,174.2207424043671,6770.548175681556
1,49408,2023-08-22T09:00,peak,10.0,1976.4600601792336,0.29058837890625,574.3363248604328,False,True,0.9289007780093987,1.029999352734268,24,0,18,1.22180484124688,recloser_disswitch(r:p1udt228-p1udt62)p1u_12237,297.7259730517608,8295.930357581025,True,0.9753021123204769,1.0299994790188416,0,0,18,0.9999958414920065,recloser_disswitch(r:p1udt228-p1udt62)p1u_12237,174.2207424043671,6770.548175681556
1,49409,2023-08-22T10:00,peak,1.0,219.909832239151,1.0,219.909832239151,True,True,0.984739038493742,1.0299995093858316,0,0,18,0.9443092548283817,recloser_disswitch(r:p1udt228-p1udt62)p1u_12237,151.80494816181616,6393.807304374862,True,0.984739038493742,1.0299995093858316,0,0,18,0.9443092548283817,recloser_disswitch(r:p1udt228-p1udt62)p1u_12237,151.80494816181616,6393.807304374862
1,49409,2023-08-22T10:00,peak,3.0,659.729496717453,0.9124755859375,601.9870590775099,False,True,0.9754381963306717,1.0299994718628764,0,0,18,1.0084397781231598,recloser_disswitch(r:p1udt228-p1udt62)p1u_12237,178.37681267505886,6859.924726019386,True,0.9766716477595686,1.0299994768161849,0,0,18,0.999998488117044,recloser_disswitch(r:p1udt228-p1udt62)p1u_12237,174.67312941962706,6798.65015002189
1,49409,2023-08-22T10:00,peak,5.0,1099.549161195755,0.5474853515625,601.9870590775099,False,True,0.9658666907019667,1.0299994336265663,0,0,18,1.0733698416317752,recloser_disswitch(r:p1udt228-p1udt62)p1u_12237,208.9361862222543,7330.20440767941,True,0.9766716265179896,1.0299994768160825,0,0,18,0.9999986741006003,recloser_disswitch(r:p1udt228-p1udt62)p1u_12237,174.67319254113877,6798.651371347325
1,49409,2023-08-22T10:00,peak,10.0,2199.09832239151,0.27374267578125,601.9870590775099,False,True,0.9406185295720169,1.0299993347110818,18,0,18,1.2727890553849814,l(r:p1udm822-p1ulv579),304.11432061092313,8525.002306882427,True,0.9766716265179896,1.0299994768160825,0,0,18,0.9999986741006003,recloser_disswitch(r:p1udt228-p1udt62)p1u_12237,174.67319254113877,6798.651371347325
1,49410,2023-08-22T11:00,peak,1.0,204.56667828559875,1.0,204.56667828559875,True,True,0.9834829417867011,1.0299995106505313,0,0,18,0.9426952497757617,recloser_disswitch(r:p1udt228-p1udt62)p1u_12237,151.18416923066653,6377.849867210875,True,0.9834829417867011,1.0299995106505313,0,0,18,0.9426952497757617,recloser_disswitch(r:p1udt228-p1udt62)p1u_12237,151.18416923066653,6377.849867210875
1,49410,2023-08-22T11:00,peak,3.0,613.7000348567963,0.96044921875,589.4277190250577,False,True,0.971549441412344,1.0299994756613373,0,0,18,1.003611371696905,recloser_disswitch(r:p1udt228-p1udt62)p1u_12237,176.52004913766422,6812.04023283864,True,0.9722653845987921,1.0299994777426245,0,0,18,0.9999997900052044,recloser_disswitch(r:p1udt228-p1udt62)p1u_12237,174.91603428149008,6786.332399064446
1,49410,2023-08-22T11:00,peak,5.0,1022.8333914279938,0.57623291015625,589.3902617475396,False,True,0.9591667953890872,1.0299994399567973,0,0,18,1.0653575292472575,recloser_disswitch(r:p1udt228-p1udt62)p1u_12237,205.87981222069857,7250.4445260639395,True,0.9722664396688202,1.0299994777456696,0,0,18,0.9999945156355408,recloser_disswitch(r:p1udt228-p1udt62)p1u_12237,174.9136791314936,6786.294699636354
1,49410,2023-08-22T11:00,peak,10.0,2045.6667828559875,0.2880859375,589.3278329516761,False,True,0.9259269811027406,1.029999347302413,21,0,18,1.6336300529092471,l(r:p1udm722-p1ulv1845),298.5284227665491,8366.157366336816,True,0.9722686064592558,1.029999477752128,0,0,18,0.9999832548772597,recloser_disswitch(r:p1udt228-p1udt62)p1u_12237,174.9088438074782,6786.215417518232
1,49458,2023-08-24T11:00,peak,1.0,192.7057340145111,1.0,192.7057340145111,True,True,0.9838252370781739,1.0299995117257392,0,0,18,0.940860431988089,recloser_disswitch(r:p1udt228-p1udt62)p1u_12237,150.16453687619978,6364.975447507774,True,0.9838252370781739,1.0299995117257392,0,0,18,0.940860431988089,recloser_disswitch(r:p1udt228-p1udt62)p1u_12237,150.16453687619978,6364.975447507774
1,49458,2023-08-24T11:00,peak,3.0,578.1172020435333,1.0,578.1172020435333,True,True,0.972610566366692,1.0299994789700204,0,0,18,0.9980098967111894,recloser_disswitch(r:p1udt228-p1udt62)p1u_12237,172.98312831239159,6772.943624059643,True,0.972610566366692,1.0299994789700204,0,0,18,0.9980098967111894,recloser_disswitch(r:p1udt228-p1udt62)p1u_12237,172.98312831239159,6772.943624059643
1,49458,2023-08-24T11:00,peak,5.0,963.5286700725555,0.6136474609375,591.2669219305099,False,True,0.960995798206129,1.0299994456157127,0,0,18,1.0558519926517884,recloser_disswitch(r:p1udt228-p1udt62)p1u_12237,199.15109110477619,7184.462621906983,True,0.9722169489742537,1.0299994778285237,0,0,18,0.9999958057092717,recloser_disswitch(r:p1udt228-p1udt62)p1u_12237,173.82852643139728,6787.085194072448
1,49458,2023-08-24T11:00,peak,10.0,1927.057340145111,0.30682373046875,591.2669219305099,False,True,0.929961688295197,1.0299993594429018,18,0,18,1.3651583916506627,l(r:p1udm722-p1ulv1845),280.4791682565556,8229.340271971188,True,0.9722169489742537,1.0299994778285237,0,0,18,0.9999958057092717,recloser_disswitch(r:p1udt228-p1udt62)p1u_12237,173.82852643139728,6787.085194072448
1,49459,2023-08-24T12:00,peak,1.0,189.81134700775146,1.0,189.81134700775146,True,True,0.9850172644268559,1.0299995119613852,0,0,18,0.9416038819640901,recloser_disswitch(r:p1udt228-p1udt62)p1u_12237,150.1129632592549,6362.021170295626,True,0.9850172644268559,1.0299995119613852,0,0,18,0.9416038819640901,recloser_disswitch(r:p1udt228-p1udt62)p1u_12237,150.1129632592549,6362.021170295626
1,49459,2023-08-24T12:00,peak,3.0,569.4340410232544,0.99700927734375,567.7310217355262,False,True,0.9742530182306015,1.029999479695337,0,0,18,1.0002410400176547,recloser_disswitch(r:p1udt228-p1udt62)p1u_12237,172.74974289965766,6764.032071009959,True,0.9743005387774285,1.0299994798288203,0,0,18,0.9999989771425994,recloser_disswitch(r:p1udt228-p1udt62)p1u_12237,172.64911779673486,6762.37034089532
1,49459,2023-08-24T12:00,peak,5.0,949.0567350387573,0.59820556640625,567.7310217355262,False,True,0.9627779358912392,1.029999446862127,0,0,18,1.0595619554145028,recloser_disswitch(r:p1udt228-p1udt62)p1u_12237,198.61585788695982,7169.465362549924,True,0.9743005269734158,1.0299994798287757,0,0,18,0.9999990622781562,recloser_disswitch(r:p1udt228-p1udt62)p1u_12237,172.64915255930694,6762.370875216345
1,49459,2023-08-24T12:00,peak,10.0,1898.1134700775146,0.299072265625,567.673095909413,False,True,0.9322866882145139,1.0299993621546546,18,0,18,1.2110243757798842,recloser_disswitch(r:p1udt228-p1udt62)p1u_12237,278.5338289190845,8198.477489686114,True,0.9743021981824806,1.0299994798335474,0,0,18,0.9999904150266234,recloser_disswitch(r:p1udt228-p1udt62)p1u_12237,172.64556979290896,6762.3115944234805
1,49553,2023-08-28T10:00,peak,1.0,197.9076976776123,1.0,197.9076976776123,True,True,0.984192697804648,1.029999511204452,0,0,18,0.9393548783133512,recloser_disswitch(r:p1udt228-p1udt62)p1u_12237,150.88258863504666,6370.8787144920825,True,0.984192697804648,1.029999511204452,0,0,18,0.9393548783133512,recloser_disswitch(r:p1udt228-p1udt62)p1u_12237,150.88258863504666,6370.8787144920825
1,49553,2023-08-28T10:00,peak,3.0,593.7230930328369,1.0,593.7230930328369,True,True,0.973744460032594,1.029999477315289,0,0,18,0.9935552044891328,recloser_disswitch(r:p1udt228-p1udt62)p1u_12237,175.58126072940564,6791.130438247975,True,0.973744460032594,1.029999477315289,0,0,18,0.9935552044891328,recloser_disswitch(r:p1udt228-p1udt62)p1u_12237,175.58126072940564,6791.130438247975
1,49553,2023-08-28T10:00,peak,5.0,989.5384883880615,0.64697265625,640.204344294034,False,True,0.9629449626778499,1.0299994427071033,0,0,18,1.0485256286572442,recloser_disswitch(r:p1udt228-p1udt62)p1u_12237,204.23756407220858,7215.532353214004,True,0.9724907407940824,1.0299994732725346,0,0,18,0.9999986904145897,recloser_disswitch(r:p1udt228-p1udt62)p1u_12237,178.74826640938662,6840.94590627592
1,49553,2023-08-28T10:00,peak,10.0,1979.076976776123,0.323486328125,640.204344294034,False,True,0.9342093651184451,1.0299993528361377,9,0,18,1.5656393221164984,l(r:p1udm722-p1ulv1845),294.6036342469851,8295.472928103023,True,0.9724907407940824,1.0299994732725346,0,0,18,0.9999986904145897,recloser_disswitch(r:p1udt228-p1udt62)p1u_12237,178.74826640938662,6840.94590627592
1,49846,2023-09-09T15:00,random,1.0,30.41227789223194,1.0,30.41227789223194,True,True,0.9891672784956653,1.0299995253725935,0,0,18,0.9165678841152044,recloser_disswitch(r:p1udt228-p1udt62)p1u_12237,141.432539729913,6193.984864361684,True,0.9891672784956653,1.0299995253725935,0,0,18,0.9165678841152044,recloser_disswitch(r:p1udt228-p1udt62)p1u_12237,141.432539729913,6193.984864361684
1,49846,2023-09-09T15:00,random,3.0,91.23683367669582,1.0,91.23683367669582,True,True,0.988042415067242,1.0299995203101941,0,0,18,0.9246817951944682,recloser_disswitch(r:p1udt228-p1udt62)p1u_12237,144.47769436099955,6257.691133779056,True,0.988042415067242,1.0299995203101941,0,0,18,0.9246817951944682,recloser_disswitch(r:p1udt228-p1udt62)p1u_12237,144.47769436099955,6257.691133779056
1,49846,2023-09-09T15:00,random,5.0,152.0613894611597,1.0,152.0613894611597,True,True,0.9848520809208625,1.0299995152142973,0,0,18,0.9328424288038131,recloser_disswitch(r:p1udt228-p1udt62)p1u_12237,147.64888565573122,6321.685544336523,True,0.9848520809208625,1.0299995152142973,0,0,18,0.9328424288038131,recloser_disswitch(r:p1udt228-p1udt62)p1u_12237,147.64888565573122,6321.685544336523
1,49846,2023-09-09T15:00,random,10.0,304.1227789223194,1.0,304.1227789223194,True,True,0.9767446481199358,1.0299995023868858,0,0,18,0.9533379878799788,recloser_disswitch(r:p1udt228-p1udt62)p1u_12237,156.1058601744037,6482.172158233887,True,0.9767446481199358,1.0299995023868858,0,0,18,0.9533379878799788,recloser_disswitch(r:p1udt228-p1udt62)p1u_12237,156.1058601744037,6482.172158233887
1,50168,2023-09-23T01:00,random,1.0,8.444974184036255,1.0,8.444974184036255,True,True,0.9885897250165615,1.0299995271868103,0,0,18,0.9139154945644502,recloser_disswitch(r:p1udt228-p1udt62)p1u_12237,140.49719677513312,6170.992068728983,True,0.9885897250165615,1.0299995271868103,0,0,18,0.9139154945644502,recloser_disswitch(r:p1udt228-p1udt62)p1u_12237,140.49719677513312,6170.992068728983
1,50168,2023-09-23T01:00,random,3.0,25.334922552108765,1.0,25.334922552108765,True,True,0.9871725038756154,1.0299995257470715,0,0,18,0.9167434461962582,recloser_disswitch(r:p1udt228-p1udt62)p1u_12237,141.6224719736366,6188.854448474428,True,0.9871725038756154,1.0299995257470715,0,0,18,0.9167434461962582,recloser_disswitch(r:p1udt228-p1udt62)p1u_12237,141.6224719736366,6188.854448474428
1,50168,2023-09-23T01:00,random,5.0,42.224870920181274,1.0,42.224870920181274,True,True,0.985745878447947,1.0299995242883253,0,0,18,0.919602696953561,recloser_disswitch(r:p1udt228-p1udt62)p1u_12237,142.79498064648905,6206.9112877382095,True,0.985745878447947,1.0299995242883253,0,0,18,0.919602696953561,recloser_disswitch(r:p1udt228-p1udt62)p1u_12237,142.79498064648905,6206.9112877382095
1,50168,2023-09-23T01:00,random,10.0,84.44974184036255,1.0,84.44974184036255,True,True,0.9821456054914696,1.0299995206029975,0,0,18,0.926803122156727,recloser_disswitch(r:p1udt228-p1udt62)p1u_12237,145.9101203698733,6252.331440266941,True,0.9821456054914696,1.0299995206029975,0,0,18,0.926803122156727,recloser_disswitch(r:p1udt228-p1udt62)p1u_12237,145.9101203698733,6252.331440266941
1,51647,2023-11-23T16:00,random,1.0,17.233353793621063,1.0,17.233353793621063,True,True,0.987298704594812,1.0299995264354336,0,0,18,0.9153914246742002,recloser_disswitch(r:p1udt228-p1udt62)p1u_12237,141.07143777556215,6180.317617638609,True,0.987298704594812,1.0299995264354336,0,0,18,0.9153914246742002,recloser_disswitch(r:p1udt228-p1udt62)p1u_12237,141.07143777556215,6180.317617638609
1,51647,2023-11-23T16:00,random,3.0,51.70006138086319,1.0,51.70006138086319,True,True,0.9832612740324637,1.0299995234553114,0,0,18,0.9212267940124584,recloser_disswitch(r:p1udt228-p1udt62)p1u_12237,143.47893475240528,6217.155164528094,True,0.9832612740324637,1.0299995234553114,0,0,18,0.9212267940124584,recloser_disswitch(r:p1udt228-p1udt62)p1u_12237,143.47893475240528,6217.155164528094
1,51647,2023-11-23T16:00,random,5.0,86.16676896810532,1.0,86.16676896810532,True,True,0.9791671051061004,1.0299995204356127,0,0,18,0.9271117202370595,recloser_disswitch(r:p1udt228-p1udt62)p1u_12237,146.0989679704532,6254.238862659035,True,0.9791671051061004,1.0299995204356127,0,0,18,0.9271117202370595,recloser_disswitch(r:p1udt228-p1udt62)p1u_12237,146.0989679704532,6254.238862659035
1,51647,2023-11-23T16:00,random,10.0,172.33353793621063,1.0,172.33353793621063,True,True,0.9686771370914656,1.0299995127227175,0,0,18,0.9420191776809858,recloser_disswitch(r:p1udt228-p1udt62)p1u_12237,153.60650303575034,6347.863858839937,True,0.9686771370914656,1.0299995127227175,0,0,18,0.9420191776809858,recloser_disswitch(r:p1udt228-p1udt62)p1u_12237,153.60650303575034,6347.863858839937
2,44103,2023-01-13T08:00,random,1.0,79.95436143875122,1.0,79.95436143875122,True,True,0.9881742574573482,1.0299995212978348,0,0,18,0.922963966038647,recloser_disswitch(r:p1udt228-p1udt62)p1u_12237,143.60859890113457,6245.594355581674,True,0.9881742574573482,1.0299995212978348,0,0,18,0.922963966038647,recloser_disswitch(r:p1udt228-p1udt62)p1u_12237,143.60859890113457,6245.594355581674
2,44103,2023-01-13T08:00,random,3.0,239.86308431625366,1.0,239.86308431625366,True,True,0.9828722363655902,1.0299995080198758,0,0,18,0.9439519223749939,recloser_disswitch(r:p1udt228-p1udt62)p1u_12237,151.2517405635332,6413.069267760135,True,0.9828722363655902,1.0299995080198758,0,0,18,0.9439519223749939,recloser_disswitch(r:p1udt228-p1udt62)p1u_12237,151.2517405635332,6413.069267760135
2,44103,2023-01-13T08:00,random,5.0,399.7718071937561,1.0,399.7718071937561,True,True,0.977490967340161,1.029999494660008,0,0,18,0.9650215975951457,recloser_disswitch(r:p1udt228-p1udt62)p1u_12237,159.33222799387073,6581.0530218856165,True,0.977490967340161,1.029999494660008,0,0,18,0.9650215975951457,recloser_disswitch(r:p1udt228-p1udt62)p1u_12237,159.33222799387073,6581.0530218856165
2,44103,2023-01-13T08:00,random,10.0,799.5436143875122,0.83038330078125,663.9276656336733,False,True,0.9636776623559232,1.0299994609254801,0,0,18,1.0180033718596502,recloser_disswitch(r:p1udt228-p1udt62)p1u_12237,181.48834012277382,7002.878119849262,True,0.9684194533151217,1.0299994724154098,0,0,18,0.9999942594495336,recloser_disswitch(r:p1udt228-p1udt62)p1u_12237,173.65869806502386,6859.576995171051
2,44752,2023-02-09T09:00,random,1.0,125.63688196241856,1.0,125.63688196241856,True,True,0.9840445206184396,1.0299995174036893,0,0,18,0.9291954456450262,recloser_disswitch(r:p1udt228-p1udt62)p1u_12237,146.3880066565981,6294.126794143433,True,0.9840445206184396,1.0299995174036893,0,0,18,0.9291954456450262,recloser_disswitch(r:p1udt228-p1udt62)p1u_12237,146.3880066565981,6294.126794143433
2,44752,2023-02-09T09:00,random,3.0,376.91064588725567,1.0,376.91064588725567,True,True,0.9701330962977971,1.02999949615744,0,0,18,0.962835055265795,recloser_disswitch(r:p1udt228-p1udt62)p1u_12237,160.79069841807456,6559.601390489986,True,0.9701330962977971,1.02999949615744,0,0,18,0.962835055265795,recloser_disswitch(r:p1udt228-p1udt62)p1u_12237,160.79069841807456,6559.601390489986
2,44752,2023-02-09T09:00,random,5.0,628.1844098120928,1.0,628.1844098120928,True,True,0.9556080062247659,1.0299994745213394,0,0,18,0.9969185421114256,recloser_disswitch(r:p1udt228-p1udt62)p1u_12237,177.37861677334953,6827.542143313934,True,0.9556080062247659,1.0299994745213394,0,0,18,0.9969185421114256,recloser_disswitch(r:p1udt228-p1udt62)p1u_12237,177.37861677334953,6827.542143313934
2,44752,2023-02-09T09:00,random,10.0,1256.3688196241856,0.5179443359375,650.7291139728295,False,True,0.9161675746273229,1.0299994186486943,6,0,18,1.174701585301279,l(r:p1udm822-p1ulv579),229.56273133832377,7507.907975542812,True,0.954272521862785,1.0299994725609911,0,0,18,0.9999978794562395,recloser_disswitch(r:p1udt228-p1udt62)p1u_12237,178.97902620864252,6851.6975044931005
2,46073,2023-04-05T10:00,peak,1.0,190.9374189376831,1.0,190.9374189376831,True,True,0.9762245806137836,1.0299995116507128,0,0,18,0.9420570121165424,recloser_disswitch(r:p1udt228-p1udt62)p1u_12237,151.6176967159662,6364.674222296872,True,0.9762245806137836,1.0299995116507128,0,0,18,0.9420570121165424,recloser_disswitch(r:p1udt228-p1udt62)p1u_12237,151.6176967159662,6364.674222296872
2,46073,2023-04-05T10:00,peak,3.0,572.8122568130493,0.89727783203125,513.9717399541405,False,True,0.9449862499214055,1.0299994780057393,6,0,18,1.0025638521106022,recloser_disswitch(r:p1udt228-p1udt62)p1u_12237,181.9863547526563,6776.755755728361,True,0.9500004564434702,1.029999483296885,0,0,18,0.9931080883586834,recloser_disswitch(r:p1udt228-p1udt62)p1u_12237,176.64753246190253,6712.609973788446
2,46073,2023-04-05T10:00,peak,5.0,954.6870946884155,0.538330078125,513.936778268544,False,True,0.9102813632926304,1.0299994425533778,6,0,18,1.0653403862442328,recloser_disswitch(r:p1udt228-p1udt62)p1u_12237,223.33556533234113,7199.995327805458,True,0.9500032594468812,1.0299994832998542,0,0,18,0.993102781524914,recloser_disswitch(r:p1udt228-p1udt62)p1u_12237,176.64458045658776,6712.573829493705
2,46073,2023-04-05T10:00,peak,10.0,1909.374189376831,0.2691650390625,513.936778268544,False,True,0.7991704543933227,1.0299993425330558,18,0,18,2.0414381570960396,l(r:p1udt259lv-p1ulv647),397.5358902022495,8326.989442606595,True,0.9500032594468812,1.0299994832998542,0,0,18,0.993102781524914,recloser_disswitch(r:p1udt228-p1udt62)p1u_12237,176.64458045658776,6712.573829493705
2,46294,2023-04-14T15:00,random,1.0,91.37446284294128,1.0,91.37446284294128,True,True,0.9838833619619107,1.0299995201461785,0,0,18,0.9213050879623188,recloser_disswitch(r:p1udt228-p1udt62)p1u_12237,145.09991393814795,6258.596780297201,True,0.9838833619619107,1.0299995201461785,0,0,18,0.9213050879623188,recloser_disswitch(r:p1udt228-p1udt62)p1u_12237,145.09991393814795,6258.596780297201
2,46294,2023-04-14T15:00,random,3.0,274.12338852882385,1.0,274.12338852882385,True,True,0.9696175551551468,1.0299995043564718,0,0,18,0.939143462910467,recloser_disswitch(r:p1udt228-p1udt62)p1u_12237,157.0171161374188,6453.045921398549,True,0.9696175551551468,1.0299995043564718,0,0,18,0.939143462910467,recloser_disswitch(r:p1udt228-p1udt62)p1u_12237,157.0171161374188,6453.045921398549
2,46294,2023-04-14T15:00,random,5.0,456.8723142147064,0.906005859375,413.9289936647401,False,True,0.9546810186481515,1.0299994881282444,0,0,18,1.0431662930622,l(r:p1udm822-p1ulv579),171.2623219986998,6650.113291972914,True,0.9582523730796413,1.029999491977924,0,0,18,0.999985164420746,l(r:p1udm822-p1ulv579),167.69883185144204,6603.617277695586
2,46294,2023-04-14T15:00,random,10.0,913.7446284294128,0.4530029296875,413.9289936647401,False,True,0.9139007102394433,1.029999445530975,6,0,18,1.5084013242138892,l(r:p1udm822-p1ulv579),218.39406258041447,7154.111155431525,True,0.9582523730796413,1.029999491977924,0,0,18,0.999985164420746,l(r:p1udm822-p1ulv579),167.69883185144204,6603.617277695586
2,46385,2023-04-18T10:00,peak,1.0,188.02274084091187,1.0,188.02274084091187,True,True,0.9843520926016849,1.029999512198692,0,0,18,0.9358604945193306,recloser_disswitch(r:p1udt228-p1udt62)p1u_12237,149.3959128788615,6359.492117811095,True,0.9843520926016849,1.029999512198692,0,0,18,0.9358604945193306,recloser_disswitch(r:p1udt228-p1udt62)p1u_12237,149.3959128788615,6359.492117811095
2,46385,2023-04-18T10:00,peak,3.0,564.0682225227356,1.0,564.0682225227356,True,True,0.9711080864263104,1.0299994803891235,0,0,18,0.982921369188635,recloser_disswitch(r:p1udt228-p1udt62)p1u_12237,170.57861631691702,6756.503485307361,True,0.9711080864263104,1.0299994803891235,0,0,18,0.982921369188635,recloser_disswitch(r:p1udt228-p1udt62)p1u_12237,170.57861631691702,6756.503485307361
2,46385,2023-04-18T10:00,peak,5.0,940.1137042045593,0.74383544921875,699.2898994837014,False,True,0.957337092446792,1.029999447995861,0,0,18,1.137887152969061,l(r:p1udm822-p1ulv579),194.97729043642565,7156.890086801383,True,0.9662134779507148,1.029999468794203,0,0,18,0.9999997078437767,recloser_disswitch(r:p1udt228-p1udt62)p1u_12237,178.98216510040956,6900.262135740966
2,46385,2023-04-18T10:00,peak,10.0,1880.2274084091187,0.37188720703125,699.2325194968726,False,True,0.9201971842069644,1.0299993642463106,12,0,18,1.7046174003077648,l(r:p1udm822-p1ulv579),271.42705844688186,8173.625762884022,True,0.9662155333207868,1.0299994687990475,0,0,18,0.9999926000638035,recloser_disswitch(r:p1udt228-p1udt62)p1u_12237,178.978566627803,6900.202123260547
2,46413,2023-04-19T14:00,random,1.0,57.698155641555786,1.0,57.698155641555786,True,True,0.987752427564498,1.0299995230937224,0,0,18,0.9204995943819038,recloser_disswitch(r:p1udt228-p1udt62)p1u_12237,142.835231447452,6222.6657273871215,True,0.987752427564498,1.0299995230937224,0,0,18,0.9204995943819038,recloser_disswitch(r:p1udt228-p1udt62)p1u_12237,142.835231447452,6222.6657273871215
2,46413,2023-04-19T14:00,random,3.0,173.09446692466736,1.0,173.09446692466736,True,True,0.9815874943679107,1.029999513435243,0,0,18,0.9365220490779197,recloser_disswitch(r:p1udt228-p1udt62)p1u_12237,148.91587203507567,6343.970233514974,True,0.9815874943679107,1.029999513435243,0,0,18,0.9365220490779197,recloser_disswitch(r:p1udt228-p1udt62)p1u_12237,148.91587203507567,6343.970233514974
2,46413,2023-04-19T14:00,random,5.0,288.49077820777893,1.0,288.49077820777893,True,True,0.9753072256000138,1.0299995036906275,0,0,18,0.95265198300486,recloser_disswitch(r:p1udt228-p1udt62)p1u_12237,155.4387862477231,6465.883760762024,True,0.9753072256000138,1.0299995036906275,0,0,18,0.95265198300486,recloser_disswitch(r:p1udt228-p1udt62)p1u_12237,155.4387862477231,6465.883760762024
2,46413,2023-04-19T14:00,random,10.0,576.9815564155579,1.0,576.9815564155579,True,True,0.9590742642727156,1.0299994789939109,0,0,18,0.9933616780529712,recloser_disswitch(r:p1udt228-p1udt62)p1u_12237,173.74165628992756,6772.702477311016,True,0.9590742642727156,1.0299994789939109,0,0,18,0.9933616780529712,recloser_disswitch(r:p1udt228-p1udt62)p1u_12237,173.74165628992756,6772.702477311016
2,46948,2023-05-11T21:00,random,1.0,43.385165214538574,1.0,43.385165214538574,True,True,0.9871412907338997,1.0299995242346434,0,0,18,0.9181853086733471,recloser_disswitch(r:p1udt228-p1udt62)p1u_12237,142.4475980795116,6207.946289439727,True,0.9871412907338997,1.0299995242346434,0,0,18,0.9181853086733471,recloser_disswitch(r:p1udt228-p1udt62)p1u_12237,142.4475980795116,6207.946289439727
2,46948,2023-05-11T21:00,random,3.0,130.15549564361572,1.0,130.15549564361572,True,True,0.9797126472330578,1.029999516837438,0,0,18,0.9296069184508071,recloser_disswitch(r:p1udt228-p1udt62)p1u_12237,147.8543834848359,6299.969622520819,True,0.9797126472330578,1.029999516837438,0,0,18,0.9296069184508071,recloser_disswitch(r:p1udt228-p1udt62)p1u_12237,147.8543834848359,6299.969622520819
2,46948,2023-05-11T21:00,random,5.0,216.92582607269287,1.0,216.92582607269287,True,True,0.9721083911356945,1.0299995093331182,0,0,18,0.9411612804983125,recloser_disswitch(r:p1udt228-p1udt62)p1u_12237,153.84271686001026,6392.720087549007,True,0.9721083911356945,1.0299995093331182,0,0,18,0.9411612804983125,recloser_disswitch(r:p1udt228-p1udt62)p1u_12237,153.84271686001026,6392.720087549007
2,46948,2023-05-11T21:00,random,10.0,433.85165214538574,1.0,433.85165214538574,True,True,0.95226850123447,1.0299994901250678,0,0,18,0.9705723864782904,recloser_disswitch(r:p1udt228-p1udt62)p1u_12237,171.49847645532068,6627.32471427589,True,0.95226850123447,1.0299994901250678,0,0,18,0.9705723864782904,recloser_disswitch(r:p1udt228-p1udt62)p1u_12237,171.49847645532068,6627.32471427589
2,47304,2023-05-26T17:00,random,1.0,83.14106774330139,1.0,83.14106774330139,True,True,0.9855654273297669,1.0299995208800097,0,0,18,0.9230960708226209,recloser_disswitch(r:p1udt228-p1udt62)p1u_12237,144.60159717253467,6249.845543166859,True,0.9855654273297669,1.0299995208800097,0,0,18,0.9230960708226209,recloser_disswitch(r:p1udt228-p1udt62)p1u_12237,144.60159717253467,6249.845543166859
2,47304,2023-05-26T17:00,random,3.0,249.42320322990417,1.0,249.42320322990417,True,True,0.9748595885901392,1.029999506668642,0,0,18,0.9444491587893342,recloser_disswitch(r:p1udt228-p1udt62)p1u_12237,154.91791702346993,6426.267393254981,True,0.9748595885901392,1.029999506668642,0,0,18,0.9444491587893342,recloser_disswitch(r:p1udt228-p1udt62)p1u_12237,154.91791702346993,6426.267393254981
2,47304,2023-05-26T17:00,random,5.0,415.70533871650696,1.0,415.70533871650696,True,True,0.9637920464238504,1.0299994922017337,0,0,18,0.9660927343513132,recloser_disswitch(r:p1udt228-p1udt62)p1u_12237,166.6626691475287,6604.2704891984295,True,0.9637920464238504,1.0299994922017337,0,0,18,0.9660927343513132,recloser_disswitch(r:p1udt228-p1udt62)p1u_12237,166.6626691475287,6604.2704891984295
2,47304,2023-05-26T17:00,random,10.0,831.4106774330139,0.73968505859375,614.9820556525083,False,True,0.9343304257528736,1.029999454867112,6,0,18,1.0508077043874504,l(r:p1udm822-p1ulv579),202.82815797534985,7056.176922793143,True,0.9500030509881061,1.0299994745137042,0,0,18,0.9924264641819704,recloser_disswitch(r:p1udt228-p1udt62)p1u_12237,182.73686054037137,6819.708841435857
2,47458,2023-06-02T03:00,random,1.0,11.082432746887207,1.0,11.082432746887207,True,True,0.9892534815759041,1.0299995269759117,0,0,18,0.9125452593245426,recloser_disswitch(r:p1udt228-p1udt62)p1u_12237,140.45749585829267,6173.685119149486,True,0.9892534815759041,1.0299995269759117,0,0,18,0.9125452593245426,recloser_disswitch(r:p1udt228-p1udt62)p1u_12237,140.45749585829267,6173.685119149486
2,47458,2023-06-02T03:00,random,3.0,33.24729824066162,1.0,33.24729824066162,True,True,0.9891705022707695,1.0299995251362961,0,0,18,0.9125869572477173,recloser_disswitch(r:p1udt228-p1udt62)p1u_12237,141.48804133200142,6196.643037779787,True,0.9891705022707695,1.0299995251362961,0,0,18,0.9125869572477173,recloser_disswitch(r:p1udt228-p1udt62)p1u_12237,141.48804133200142,6196.643037779787
2,47458,2023-06-02T03:00,random,5.0,55.412163734436035,1.0,55.412163734436035,True,True,0.98908475384735,1.0299995232698558,0,0,18,0.9126631420615188,recloser_disswitch(r:p1udt228-p1udt62)p1u_12237,142.56555198667363,6219.879768118447,True,0.98908475384735,1.0299995232698558,0,0,18,0.9126631420615188,recloser_disswitch(r:p1udt228-p1udt62)p1u_12237,142.56555198667363,6219.879768118447
2,47458,2023-06-02T03:00,random,10.0,110.82432746887207,1.0,110.82432746887207,True,True,0.988869509885593,1.0299995185822548,0,0,18,0.9128370341444514,recloser_disswitch(r:p1udt228-p1udt62)p1u_12237,145.41293079441778,6277.976044724193,True,0.988869509885593,1.0299995185822548,0,0,18,0.9128370341444514,recloser_disswitch(r:p1udt228-p1udt62)p1u_12237,145.41293079441778,6277.976044724193
2,47868,2023-06-19T05:00,random,1.0,3.571868658065796,1.0,3.571868658065796,True,True,0.9892836195983423,1.0299995276149543,0,0,18,0.9126502796840262,recloser_disswitch(r:p1udt228-p1udt62)p1u_12237,140.10875910814252,6165.692519168078,True,0.9892836195983423,1.0299995276149543,0,0,18,0.9126502796840262,recloser_disswitch(r:p1udt228-p1udt62)p1u_12237,140.10875910814252,6165.692519168078
2,47868,2023-06-19T05:00,random,3.0,10.715605974197388,1.0,10.715605974197388,True,True,0.989256099486115,1.0299995270211684,0,0,18,0.9129707456223196,recloser_disswitch(r:p1udt228-p1udt62)p1u_12237,140.43715364381788,6173.117837590274,True,0.989256099486115,1.0299995270211684,0,0,18,0.9129707456223196,recloser_disswitch(r:p1udt228-p1udt62)p1u_12237,140.43715364381788,6173.117837590274
2,47868,2023-06-19T05:00,random,5.0,17.85934329032898,1.0,17.85934329032898,True,True,0.9892281835613512,1.0299995264231308,0,0,18,0.9132978153130991,recloser_disswitch(r:p1udt228-p1udt62)p1u_12237,140.76942258326443,6180.593387512678,True,0.9892281835613512,1.0299995264231308,0,0,18,0.9132978153130991,recloser_disswitch(r:p1udt228-p1udt62)p1u_12237,140.76942258326443,6180.593387512678
2,47868,2023-06-19T05:00,random,10.0,35.71868658065796,1.0,35.71868658065796,True,True,0.9891585766868065,1.0299995249293492,0,0,18,0.9141103904572695,recloser_disswitch(r:p1udt228-p1udt62)p1u_12237,141.60614479469595,6199.249112446868,True,0.9891585766868065,1.0299995249293492,0,0,18,0.9141103904572695,recloser_disswitch(r:p1udt228-p1udt62)p1u_12237,141.60614479469595,6199.249112446868
2,48214,2023-07-03T15:00,random,1.0,73.25083684921265,1.0,73.25083684921265,True,True,0.9856298800152321,1.0299995217429372,0,0,18,0.921749537224617,recloser_disswitch(r:p1udt228-p1udt62)p1u_12237,143.9515325810698,6239.180826615018,True,0.9856298800152321,1.0299995217429372,0,0,18,0.921749537224617,recloser_disswitch(r:p1udt228-p1udt62)p1u_12237,143.9515325810698,6239.180826615018
2,48214,2023-07-03T15:00,random,3.0,219.75251054763794,1.0,219.75251054763794,True,True,0.9750489627054001,1.0299995092574679,0,0,18,0.9404359396558702,recloser_disswitch(r:p1udt228-p1udt62)p1u_12237,152.81270033814985,6394.502279008667,True,0.9750489627054001,1.0299995092574679,0,0,18,0.9404359396558702,recloser_disswitch(r:p1udt228-p1udt62)p1u_12237,152.81270033814985,6394.502279008667
2,48214,2023-07-03T15:00,random,5.0,366.25418424606323,1.0,366.25418424606323,True,True,0.9641172329843424,1.0299994965717918,0,0,18,0.9593464299836766,recloser_disswitch(r:p1udt228-p1udt62)p1u_12237,162.85671137911632,6551.028460064594,True,0.9641172329843424,1.0299994965717918,0,0,18,0.9593464299836766,recloser_disswitch(r:p1udt228-p1udt62)p1u_12237,162.85671137911632,6551.028460064594
2,48214,2023-07-03T15:00,random,10.0,732.5083684921265,0.748291015625,548.1294310127851,False,True,0.9350364110501731,1.0299994638982346,6,0,18,1.0077082296700615,recloser_disswitch(r:p1udt228-p1udt62)p1u_12237,193.65453806402456,6948.109014731338,True,0.9500033372953599,1.029999480519272,0,0,18,0.9831696189370062,recloser_disswitch(r:p1udt228-p1udt62)p1u_12237,177.08948262459614,6747.210882571049
2,48449,2023-07-13T10:00,peak,1.0,185.93796157836914,1.0,185.93796157836914,True,True,0.9795616326907864,1.0299995121712666,0,0,18,0.9350705017226044,recloser_disswitch(r:p1udt228-p1udt62)p1u_12237,150.33247528433853,6358.386808008863,True,0.9795616326907864,1.0299995121712666,0,0,18,0.9350705017226044,recloser_disswitch(r:p1udt228-p1udt62)p1u_12237,150.33247528433853,6358.386808008863
2,48449,2023-07-13T10:00,peak,3.0,557.8138847351074,1.0,557.8138847351074,True,True,0.9559026164236868,1.029999479968121,0,0,18,0.9809572862611028,recloser_disswitch(r:p1udt228-p1udt62)p1u_12237,175.42803954084295,6755.214030213012,True,0.9559026164236868,1.029999479968121,0,0,18,0.9809572862611028,recloser_disswitch(r:p1udt228-p1udt62)p1u_12237,175.42803954084295,6755.214030213012
2,48449,2023-07-13T10:00,peak,5.0,929.6898078918457,0.69525146484375,646.3682007871103,False,True,0.9303793616333043,1.029999446649801,6,0,18,1.090715741350512,l(r:p1udm822-p1ulv579),206.96229565245002,7158.594591987774,True,0.9500047286274229,1.0299994721374346,0,0,18,0.9920575877149256,recloser_disswitch(r:p1udt228-p1udt62)p1u_12237,182.32259901603152,6850.680718770028
2,48449,2023-07-13T10:00,peak,10.0,1859.3796157836914,0.34759521484375,646.3114570244215,False,True,0.8551718224812248,1.029999357218775,6,0,18,1.609707825002286,l(r:p1udm822-p1ulv579),321.8452243379719,8203.1494817401,True,0.9500085782104257,1.0299994721425152,0,0,18,0.9920503849602685,recloser_disswitch(r:p1udt228-p1udt62)p1u_12237,182.31802381630663,6850.618931688901
2,48450,2023-07-13T11:00,peak,1.0,197.65360134840012,1.0,197.65360134840012,True,True,0.979986767029239,1.0299995111659546,0,0,18,0.9381879188348159,recloser_disswitch(r:p1udt228-p1udt62)p1u_12237,151.0596240915324,6370.849500351242,True,0.979986767029239,1.0299995111659546,0,0,18,0.9381879188348159,recloser_disswitch(r:p1udt228-p1udt62)p1u_12237,151.0596240915324,6370.849500351242
2,48450,2023-07-13T11:00,peak,3.0,592.9608040452003,1.0,592.9608040452003,True,True,0.9572796982787316,1.0299994769674332,0,0,18,0.9903133807526971,recloser_disswitch(r:p1udt228-p1udt62)p1u_12237,177.55810242502974,6792.491319899497,True,0.9572796982787316,1.0299994769674332,0,0,18,0.9903133807526971,recloser_disswitch(r:p1udt228-p1udt62)p1u_12237,177.55810242502974,6792.491319899497
2,48450,2023-07-13T11:00,peak,5.0,988.2680067420006,0.67333984375,665.4402252427826,False,True,0.932877441506408,1.0299994416768201,6,0,18,1.105139234499068,l(r:p1udm822-p1ulv579),210.3623839293439,7220.5766520387,True,0.9529397227974306,1.029999470579792,0,0,18,0.9999997230855108,recloser_disswitch(r:p1udt228-p1udt62)p1u_12237,183.079594868349,6870.506552397346
2,48450,2023-07-13T11:00,peak,10.0,1976.5360134840012,0.336669921875,665.4402252427826,False,True,0.8617134835678629,1.0299993475971079,6,0,18,1.6379924545039608,l(r:p1udm822-p1ulv579),326.77489518027926,8325.251581257487,True,0.9529397227974306,1.029999470579792,0,0,18,0.9999997230855108,recloser_disswitch(r:p1udt228-p1udt62)p1u_12237,183.079594868349,6870.506552397346
2,49081,2023-08-08T18:00,peak,1.0,184.03811740875244,1.0,184.03811740875244,True,True,0.9809976335147199,1.0299995123803984,0,0,18,0.934132459113449,recloser_disswitch(r:p1udt228-p1udt62)p1u_12237,149.98073720381106,6356.161374439089,True,0.9809976335147199,1.0299995123803984,0,0,18,0.934132459113449,recloser_disswitch(r:p1udt228-p1udt62)p1u_12237,149.98073720381106,6356.161374439089
2,49081,2023-08-08T18:00,peak,3.0,552.1143522262573,1.0,552.1143522262573,True,True,0.9605117552361553,1.0299994806949362,0,0,18,0.9779832664771698,recloser_disswitch(r:p1udt228-p1udt62)p1u_12237,173.74534169951795,6747.835006348778,True,0.9605117552361553,1.0299994806949362,0,0,18,0.9779832664771698,recloser_disswitch(r:p1udt228-p1udt62)p1u_12237,173.74534169951795,6747.835006348778
2,49081,2023-08-08T18:00,peak,5.0,920.1905870437622,0.64862060546875,596.8545757149695,False,True,0.9386604088390748,1.0299994480492871,6,0,18,1.2267565142136718,l(r:p1udm822-p1ulv579),202.9076939554519,7145.054347334977,True,0.9579316727233205,1.029999476777777,0,0,18,0.9999993865407766,l(r:p1udm822-p1ulv579),176.9918530944326,6795.836417310108
2,49081,2023-08-08T18:00,peak,10.0,1840.3811740875244,0.32427978515625,596.7984117387095,False,True,0.8761742625370026,1.0299993614700045,6,0,18,1.8879476513018756,l(r:p1udm822-p1ulv579),304.2954337833183,8166.64053713663,True,0.9579348515231491,1.029999476782592,0,0,18,0.9999605492314732,l(r:p1udm822-p1ulv579),176.98781341235457,6795.777415274657
2,49289,2023-08-17T10:00,peak,1.0,186.71374398469925,1.0,186.71374398469925,True,True,0.9779055973461231,1.0299995120584755,0,0,18,0.9348376560495874,recloser_disswitch(r:p1udt228-p1udt62)p1u_12237,150.7027064532391,6359.533575483735,True,0.9779055973461231,1.0299995120584755,0,0,18,0.9348376560495874,recloser_disswitch(r:p1udt228-p1udt62)p1u_12237,150.7027064532391,6359.533575483735
2,49289,2023-08-17T10:00,peak,3.0,560.1412319540977,1.0,560.1412319540977,True,True,0.9505125709219678,1.0299994794559468,0,0,18,0.9804640977566771,recloser_disswitch(r:p1udt228-p1udt62)p1u_12237,177.60149404544617,6759.708764829226,True,0.9505125709219678,1.0299994794559468,0,0,18,0.9804640977566771,recloser_disswitch(r:p1udt228-p1udt62)p1u_12237,177.60149404544617,6759.708764829226
2,49289,2023-08-17T10:00,peak,5.0,933.5687199234962,0.60711669921875,566.7851597338267,False,True,0.9205367330330719,1.0299994454468548,6,0,18,1.1024458437455429,l(r:p1udm822-p1ulv579),212.726037608289,7168.210312652564,True,0.9500012098217908,1.0299994788614213,0,0,18,0.9812930803385163,recloser_disswitch(r:p1udt228-p1udt62)p1u_12237,178.1524182496798,6766.927481031433
2,49289,2023-08-17T10:00,peak,10.0,1867.1374398469925,0.30352783203125,566.7281792211361,False,True,0.8284265350190846,1.0299993520357429,6,0,18,1.7665692077351387,l(r:p1udt259lv-p1ulv647),350.3650258395634,8239.445623734511,True,0.9500054589673111,1.029999478866369,0,0,18,0.9812862277474266,recloser_disswitch(r:p1udt228-p1udt62)p1u_12237,178.14780578126894,6766.8673392035125
2,49408,2023-08-22T09:00,peak,1.0,197.64600601792336,1.0,197.64600601792336,True,True,0.9760458240738125,1.0299995111284561,0,0,18,0.9396900903334633,recloser_disswitch(r:p1udt228-p1udt62)p1u_12237,151.55577765075552,6371.326948773454,True,0.9760458240738125,1.0299995111284561,0,0,18,0.9396900903334633,recloser_disswitch(r:p1udt228-p1udt62)p1u_12237,151.55577765075552,6371.326948773454
2,49408,2023-08-22T09:00,peak,3.0,592.9380180537701,0.88677978515625,525.8054482606949,False,True,0.9444052523289441,1.029999476478299,6,0,18,0.9953433277260033,recloser_disswitch(r:p1udt228-p1udt62)p1u_12237,181.489021672159,6796.384309814074,True,0.9500013141703547,1.0299994824755005,0,0,18,0.9857587965203736,recloser_disswitch(r:p1udt228-p1udt62)p1u_12237,175.72147416385533,6723.51762507758
2,49408,2023-08-22T09:00,peak,5.0,988.2300300896168,0.53204345703125,525.7813215509759,False,True,0.9092100609405955,1.0299994400682493,6,0,18,1.0531070405306269,recloser_disswitch(r:p1udt228-p1udt62)p1u_12237,222.0008983299877,7232.202784225593,True,0.950003291663404,1.0299994824776304,0,0,18,0.9857553932922831,recloser_disswitch(r:p1udt228-p1udt62)p1u_12237,175.71946028600243,6723.491686023411
2,49408,2023-08-22T09:00,peak,10.0,1976.4600601792336,0.2659912109375,525.7210047766785,False,True,0.7975827644780065,1.029999338388321,6,0,18,2.0552454855595834,l(r:p1udt259lv-p1ulv647),390.8893736990219,8383.738043811503,True,0.950008507987627,1.0299994824832353,0,0,18,0.9857463867039297,recloser_disswitch(r:p1udt228-p1udt62)p1u_12237,175.71419824149658,6723.423572367336
2,49409,2023-08-22T10:00,peak,1.0,219.909832239151,1.0,219.909832239151,True,True,0.979185897440452,1.0299995093299963,0,0,18,0.9442208423283879,recloser_disswitch(r:p1udt228-p1udt62)p1u_12237,152.376884319124,6394.389989442354,True,0.979185897440452,1.0299995093299963,0,0,18,0.9442208423283879,recloser_disswitch(r:p1udt228-p1udt62)p1u_12237,152.376884319124,6394.389989442354
2,49409,2023-08-22T10:00,peak,3.0,659.729496717453,0.911376953125,601.262258605042,False,True,0.9547057443377325,1.0299994713353378,0,0,18,1.0086390373745322,recloser_disswitch(r:p1udt228-p1udt62)p1u_12237,182.3510549933096,6864.049324808758,True,0.9580650460569823,1.0299994764548341,0,0,18,0.9999950031719982,recloser_disswitch(r:p1udt228-p1udt62)p1u_12237,177.9515487487729,6801.205306713185
2,49409,2023-08-22T10:00,peak,5.0,1099.549161195755,0.546875,601.3159475289285,False,True,0.928245455105438,1.0299994320711658,6,0,18,1.074566125560038,recloser_disswitch(r:p1udt228-p1udt62)p1u_12237,219.91100443569317,7341.387511535184,True,0.9580691720659593,1.029999476461033,0,0,18,0.9999836014786938,recloser_disswitch(r:p1udt228-p1udt62)p1u_12237,177.9473587651434,6801.134880521694
2,49409,2023-08-22T10:00,peak,10.0,2199.09832239151,0.2734375,601.3159475289285,False,True,0.8498143896100191,1.0299993268993501,12,0,18,1.5387265762117965,l(r:p1udt259lv-p1ulv647),356.1112494602918,8577.112269108176,True,0.9580691720659593,1.029999476461033,0,0,18,0.9999836014786938,recloser_disswitch(r:p1udt228-p1udt62)p1u_12237,177.9473587651434,6801.134880521694
2,49410,2023-08-22T11:00,peak,1.0,204.56667828559875,1.0,204.56667828559875,True,True,0.9833277904304323,1.0299995106290127,0,0,18,0.9377141004712116,recloser_disswitch(r:p1udt228-p1udt62)p1u_12237,151.1513833764016,6377.8302927648665,True,0.9833277904304323,1.0299995106290127,0,0,18,0.9377141004712116,recloser_disswitch(r:p1udt228-p1udt62)p1u_12237,151.1513833764016,6377.8302927648665
2,49410,2023-08-22T11:00,peak,3.0,613.7000348567963,1.0,613.7000348567963,True,True,0.9679024053372303,1.0299994755208908,0,0,18,0.9886200077053061,recloser_disswitch(r:p1udt228-p1udt62)p1u_12237,176.74088848003106,6812.249151607892,True,0.9679024053372303,1.0299994755208908,0,0,18,0.9886200077053061,recloser_disswitch(r:p1udt228-p1udt62)p1u_12237,176.74088848003106,6812.249151607892
2,49410,2023-08-22T11:00,peak,5.0,1022.8333914279938,0.6590576171875,674.1061377343431,False,True,0.9517309880373831,1.0299994395537593,0,0,18,1.2165272882738396,l(r:p1udm822-p1ulv579),206.86043018117903,7251.659595963124,True,0.9655576328221482,1.0299994702489874,0,0,18,0.9999699182753978,l(r:p1udm822-p1ulv579),180.90662576292482,6877.002355129488
2,49410,2023-08-22T11:00,peak,10.0,2045.6667828559875,0.32952880859375,674.1061377343431,False,True,0.9074461751622854,1.0299993456992511,6,0,18,1.8672202390263113,l(r:p1udm822-p1ulv579),304.1233857646618,8371.741051303212,True,0.9655576328221482,1.0299994702489874,0,0,18,0.9999699182753978,l(r:p1udm822-p1ulv579),180.90662576292482,6877.002355129488
2,49458,2023-08-24T11:00,peak,1.0,192.7057340145111,1.0,192.7057340145111,True,True,0.9821924122050933,1.0299995116940042,0,0,18,0.9381908646107533,recloser_disswitch(r:p1udt228-p1udt62)p1u_12237,150.28573979807544,6365.12450326418,True,0.9821924122050933,1.0299995116940042,0,0,18,0.9381908646107533,recloser_disswitch(r:p1udt228-p1udt62)p1u_12237,150.28573979807544,6365.12450326418
2,49458,2023-08-24T11:00,peak,3.0,578.1172020435333,1.0,578.1172020435333,True,True,0.9643258187973488,1.0299994787839164,0,0,18,0.9900562710477379,recloser_disswitch(r:p1udt228-p1udt62)p1u_12237,173.94024551913856,6773.881072273076,True,0.9643258187973488,1.0299994787839164,0,0,18,0.9900562710477379,recloser_disswitch(r:p1udt228-p1udt62)p1u_12237,173.94024551913856,6773.881072273076
2,49458,2023-08-24T11:00,peak,5.0,963.5286700725555,0.67572021484375,651.0757999495399,False,True,0.9454417232194319,1.0299994450950805,6,0,18,1.0660395395719617,l(r:p1udt175lv-p1ulv493),201.9063314698443,7187.400414329703,True,0.9608251827506304,1.0299994724524713,0,0,18,0.9999953963426196,recloser_disswitch(r:p1udt228-p1udt62)p1u_12237,178.90266983728384,6851.968480547695
2,49458,2023-08-24T11:00,peak,10.0,1927.057340145111,0.33782958984375,651.0169908266107,False,True,0.8927502816691288,1.0299993571852015,6,0,18,1.4997097582887335,l(r:p1udm822-p1ulv579),293.52861808569196,8242.51851194235,True,0.9608280317403403,1.0299994724576076,0,0,18,0.9999873342301155,recloser_disswitch(r:p1udt228-p1udt62)p1u_12237,178.89858016556073,6851.905216140641
2,49459,2023-08-24T12:00,peak,1.0,189.81134700775146,1.0,189.81134700775146,True,True,0.9826815908872742,1.029999511873977,0,0,18,0.9394060528438826,recloser_disswitch(r:p1udt228-p1udt62)p1u_12237,150.56107366415713,6362.492276888608,True,0.9826815908872742,1.029999511873977,0,0,18,0.9394060528438826,recloser_disswitch(r:p1udt228-p1udt62)p1u_12237,150.56107366415713,6362.492276888608
2,49459,2023-08-24T12:00,peak,3.0,569.4340410232544,1.0,569.4340410232544,True,True,0.9658695909264027,1.0299994792998106,0,0,18,0.9937708311434813,recloser_disswitch(r:p1udt228-p1udt62)p1u_12237,174.92002409625397,6766.172817697382,True,0.9658695909264027,1.0299994792998106,0,0,18,0.9937708311434813,recloser_disswitch(r:p1udt228-p1udt62)p1u_12237,174.92002409625397,6766.172817697382
2,49459,2023-08-24T12:00,peak,5.0,949.0567350387573,0.6451416015625,612.2759820165811,False,True,0.9481620498152827,1.0299994459220287,6,0,18,1.0660019385223334,l(r:p1udt175lv-p1ulv493),203.7750091724518,7174.797734917445,True,0.9639108855831665,1.0299994755581927,0,0,18,0.999991986120858,recloser_disswitch(r:p1udt228-p1udt62)p1u_12237,177.95574717624416,6812.222857805587
2,49459,2023-08-24T12:00,peak,10.0,1898.1134700775146,0.32257080078125,612.2759820165811,False,True,0.8991552317726933,1.029999358727042,8,0,18,1.452593978781658,l(r:p1udt175lv-p1ulv493),298.13953060291374,8218.194764677126,True,0.9639108855831665,1.0299994755581927,0,0,18,0.999991986120858,recloser_disswitch(r:p1udt228-p1udt62)p1u_12237,177.95574717624416,6812.222857805587
2,49553,2023-08-28T10:00,peak,1.0,197.9076976776123,1.0,197.9076976776123,True,True,0.9829420414964558,1.0299995112018951,0,0,18,0.9362178554355427,recloser_disswitch(r:p1udt228-p1udt62)p1u_12237,150.70126628244418,6370.724722352557,True,0.9829420414964558,1.0299995112018951,0,0,18,0.9362178554355427,recloser_disswitch(r:p1udt228-p1udt62)p1u_12237,150.70126628244418,6370.724722352557
2,49553,2023-08-28T10:00,peak,3.0,593.7230930328369,1.0,593.7230930328369,True,True,0.9666888294877756,1.0299994772465049,0,0,18,0.984127937931417,recloser_disswitch(r:p1udt228-p1udt62)p1u_12237,175.40231503434123,6790.94182421864,True,0.9666888294877756,1.0299994772465049,0,0,18,0.984127937931417,recloser_disswitch(r:p1udt228-p1udt62)p1u_12237,175.40231503434123,6790.94182421864
2,49553,2023-08-28T10:00,peak,5.0,989.5384883880615,0.73077392578125,723.1289258709876,False,True,0.9496024069776161,1.029999442439375,3,0,18,1.1284133190792622,l(r:p1udm822-p1ulv579),204.67061476301637,7216.175253495937,True,0.961192772394284,1.0299994659475549,0,0,18,0.9999929941586782,recloser_disswitch(r:p1udt228-p1udt62)p1u_12237,184.46276550074742,6929.5824907928
2,49553,2023-08-28T10:00,peak,10.0,1979.076976776123,0.3653564453125,723.0685292347334,False,True,0.9025184655775973,1.0299993514716812,12,0,18,1.6875398960674104,l(r:p1udm822-p1ulv579),300.2428036282141,8301.268078422341,True,0.9611953022312013,1.0299994659527276,0,0,18,0.9999857736832378,recloser_disswitch(r:p1udt228-p1udt62)p1u_12237,184.4585075231006,6929.519087428343
2,49846,2023-09-09T15:00,random,1.0,30.41227789223194,1.0,30.41227789223194,True,True,0.9882702476568473,1.029999525348466,0,0,18,0.9175122055345798,recloser_disswitch(r:p1udt228-p1udt62)p1u_12237,141.60582576334693,6194.17631535929,True,0.9882702476568473,1.029999525348466,0,0,18,0.9175122055345798,recloser_disswitch(r:p1udt228-p1udt62)p1u_12237,141.60582576334693,6194.17631535929
2,49846,2023-09-09T15:00,random,3.0,91.23683367669582,1.0,91.23683367669582,True,True,0.9831650167816708,1.0299995202279504,0,0,18,0.9275266802270699,recloser_disswitch(r:p1udt228-p1udt62)p1u_12237,145.08769515266124,6258.297111505333,True,0.9831650167816708,1.0299995202279504,0,0,18,0.9275266802270699,recloser_disswitch(r:p1udt228-p1udt62)p1u_12237,145.08769515266124,6258.297111505333
2,49846,2023-09-09T15:00,random,5.0,152.0613894611597,1.0,152.0613894611597,True,True,0.9779769057184781,1.0299995150518024,0,0,18,0.9376195799411879,recloser_disswitch(r:p1udt228-p1udt62)p1u_12237,148.8248083055858,6322.855598966764,True,0.9779769057184781,1.0299995150518024,0,0,18,0.9376195799411879,recloser_disswitch(r:p1udt228-p1udt62)p1u_12237,148.8248083055858,6322.855598966764
2,49846,2023-09-09T15:00,random,10.0,304.1227789223194,1.0,304.1227789223194,True,True,0.9646380542346378,1.029999501930214,0,0,18,0.9630754960025802,recloser_disswitch(r:p1udt228-p1udt62)p1u_12237,159.29430872370585,6485.330011761779,True,0.9646380542346378,1.029999501930214,0,0,18,0.9630754960025802,recloser_disswitch(r:p1udt228-p1udt62)p1u_12237,159.29430872370585,6485.330011761779
2,50168,2023-09-23T01:00,random,1.0,8.444974184036255,1.0,8.444974184036255,True,True,0.9892634203505773,1.0299995271955027,0,0,18,0.9130483797381734,recloser_disswitch(r:p1udt228-p1udt62)p1u_12237,140.3655681401475,6170.872451476792,True,0.9892634203505773,1.0299995271955027,0,0,18,0.9130483797381734,recloser_disswitch(r:p1udt228-p1udt62)p1u_12237,140.3655681401475,6170.872451476792
2,50168,2023-09-23T01:00,random,3.0,25.334922552108765,1.0,25.334922552108765,True,True,0.9891970000694652,1.0299995257772754,0,0,18,0.9141356328929979,recloser_disswitch(r:p1udt228-p1udt62)p1u_12237,141.20445603936292,6188.462044980608,True,0.9891970000694652,1.0299995257772754,0,0,18,0.9141356328929979,recloser_disswitch(r:p1udt228-p1udt62)p1u_12237,141.20445603936292,6188.462044980608
2,50168,2023-09-23T01:00,random,5.0,42.224870920181274,1.0,42.224870920181274,True,True,0.989129348659361,1.029999524345403,0,0,18,0.9152440290490764,recloser_disswitch(r:p1udt228-p1udt62)p1u_12237,142.05909709600132,6206.20453028704,True,0.989129348659361,1.029999524345403,0,0,18,0.9152440290490764,recloser_disswitch(r:p1udt228-p1udt62)p1u_12237,142.05909709600132,6206.20453028704
2,50168,2023-09-23T01:00,random,10.0,84.44974184036255,1.0,84.44974184036255,True,True,0.9889604220774288,1.0299995207646095,0,0,18,0.9180031118545641,recloser_disswitch(r:p1udt228-p1udt62)p1u_12237,144.2323194577137,6250.48811913524,True,0.9889604220774288,1.0299995207646095,0,0,18,0.9180031118545641,recloser_disswitch(r:p1udt228-p1udt62)p1u_12237,144.2323194577137,6250.48811913524
2,51647,2023-11-23T16:00,random,1.0,17.233353793621063,1.0,17.233353793621063,True,True,0.9892281854756777,1.0299995264374495,0,0,18,0.9129554150073395,recloser_disswitch(r:p1udt228-p1udt62)p1u_12237,140.81442318167257,6180.306957813468,True,0.9892281854756777,1.0299995264374495,0,0,18,0.9129554150073395,recloser_disswitch(r:p1udt228-p1udt62)p1u_12237,140.81442318167257,6180.306957813468
2,51647,2023-11-23T16:00,random,3.0,51.70006138086319,1.0,51.70006138086319,True,True,0.9890955393789701,1.029999523549713,0,0,18,0.9137659782728587,recloser_disswitch(r:p1udt228-p1udt62)p1u_12237,142.55783584130074,6216.101428302339,True,0.9890955393789701,1.029999523549713,0,0,18,0.9137659782728587,recloser_disswitch(r:p1udt228-p1udt62)p1u_12237,142.55783584130074,6216.101428302339
2,51647,2023-11-23T16:00,random,5.0,86.16676896810532,1.0,86.16676896810532,True,True,0.9887908777542872,1.0299995206138821,0,0,18,0.9146348847525386,recloser_disswitch(r:p1udt228-p1udt62)p1u_12237,144.37885497451504,6252.377035052893,True,0.9887908777542872,1.0299995206138821,0,0,18,0.9146348847525386,recloser_disswitch(r:p1udt228-p1udt62)p1u_12237,144.37885497451504,6252.377035052893
2,51647,2023-11-23T16:00,random,10.0,172.33353793621063,1.0,172.33353793621063,True,True,0.9867657421047166,1.0299995131953925,0,0,18,0.9289660931017071,l(r:p1udm822-p1ulv579),149.2022152303528,6343.495619443136,True,0.9867657421047166,1.0299995131953925,0,0,18,0.9289660931017071,l(r:p1udm822-p1ulv579),149.2022152303528,6343.495619443136
3,44103,2023-01-13T08:00,random,1.0,79.95436143875122,1.0,79.95436143875122,True,True,0.9886148514746662,1.0299995211682846,0,0,18,0.920404329732293,recloser_disswitch(r:p1udt228-p1udt62)p1u_12237,144.0550265250099,6246.023708817564,True,0.9886148514746662,1.0299995211682846,0,0,18,0.920404329732293,recloser_disswitch(r:p1udt228-p1udt62)p1u_12237,144.0550265250099,6246.023708817564
3,44103,2023-01-13T08:00,random,3.0,239.86308431625366,1.0,239.86308431625366,True,True,0.9872420509684233,1.0299995075979544,0,0,18,0.9362687107637053,recloser_disswitch(r:p1udt228-p1udt62)p1u_12237,152.6680376818873,6414.474316903554,True,0.9872420509684233,1.0299995075979544,0,0,18,0.9362687107637053,recloser_disswitch(r:p1udt228-p1udt62)p1u_12237,152.6680376818873,6414.474316903554
3,44103,2023-01-13T08:00,random,5.0,399.7718071937561,1.0,399.7718071937561,True,True,0.9858578731008805,1.0299994939058887,0,0,18,0.9656310061495627,l(r:p1udm822-p1ulv579),161.8182212035959,6583.524213713343,True,0.9858578731008805,1.0299994939058887,0,0,18,0.9656310061495627,l(r:p1udm822-p1ulv579),161.8182212035959,6583.524213713343
3,44103,2023-01-13T08:00,random,10.0,799.5436143875122,0.5450439453125,435.7864060351858,False,True,0.9802234377209018,1.0299994591632284,0,0,18,1.3499006527599597,l(r:p1udm822-p1ulv579),187.0874470082275,7008.4144183765675,True,0.9855440626300417,1.029999490800693,0,0,18,0.9999832631532318,l(r:p1udm822-p1ulv579),163.95677702488476,6621.7341138840175
3,44752,2023-02-09T09:00,random,1.0,125.63688196241856,1.0,125.63688196241856,True,True,0.9870699760465115,1.0299995173330712,0,0,18,0.9287681493746722,recloser_disswitch(r:p1udt228-p1udt62)p1u_12237,146.5188174011766,6294.22594388804,True,0.9870699760465115,1.0299995173330712,0,0,18,0.9287681493746722,recloser_disswitch(r:p1udt228-p1udt62)p1u_12237,146.5188174011766,6294.22594388804
3,44752,2023-02-09T09:00,random,3.0,376.91064588725567,1.0,376.91064588725567,True,True,0.9819664810520481,1.0299994960102388,0,0,18,0.9614644154432535,recloser_disswitch(r:p1udt228-p1udt62)p1u_12237,160.64695698475686,6559.466704180625,True,0.9819664810520481,1.0299994960102388,0,0,18,0.9614644154432535,recloser_disswitch(r:p1udt228-p1udt62)p1u_12237,160.64695698475686,6559.466704180625
3,44752,2023-02-09T09:00,random,5.0,628.1844098120928,1.0,628.1844098120928,True,True,0.9750941230562209,1.0299994744230887,0,0,18,0.9944224875282696,recloser_disswitch(r:p1udt228-p1udt62)p1u_12237,176.13679579985316,6826.209262604125,True,0.9750941230562209,1.0299994744230887,0,0,18,0.9944224875282696,recloser_disswitch(r:p1udt228-p1udt62)p1u_12237,176.13679579985316,6826.209262604125
3,44752,2023-02-09T09:00,random,10.0,1256.3688196241856,0.5335693359375,670.3598767794574,False,True,0.9572722103373272,1.0299994192887747,0,0,18,1.2750155289828702,l(r:p1udt454lv-p1ulv1912)p1ud1,221.0733187051951,7499.394590502799,True,0.9739248815154977,1.0299994707650517,0,0,18,0.9999947849945287,recloser_disswitch(r:p1udt228-p1udt62)p1u_12237,178.87839228383888,6871.227763294689
3,46073,2023-04-05T10:00,peak,1.0,190.9374189376831,1.0,190.9374189376831,True,True,0.9852075464996194,1.0299995116921976,0,0,18,0.936093544457961,recloser_disswitch(r:p1udt228-p1udt62)p1u_12237,150.4832923415057,6363.536722244406,True,0.9852075464996194,1.0299995116921976,0,0,18,0.936093544457961,recloser_disswitch(r:p1udt228-p1udt62)p1u_12237,150.4832923415057,6363.536722244406
3,46073,2023-04-05T10:00,peak,3.0,572.8122568130493,0.875244140625,501.35057145380415,False,True,0.9737573637661623,1.0299994787834954,0,0,18,1.0446718858653907,l(r:p1udt175lv-p1ulv493),174.09540702587336,6768.729567415426,True,0.9759264431501993,1.029999484984099,0,0,18,0.9999999845905448,l(r:p1udt175lv-p1ulv493),169.41855907268302,6692.76035563322
3,46073,2023-04-05T10:00,peak,5.0,954.6870946884155,0.525146484375,501.35057145380415,False,True,0.9619126313996557,1.0299994451560974,0,0,18,1.2856374924000364,l(r:p1udt175lv-p1ulv493),201.26353850121018,7177.655667032145,True,0.9759264895322873,1.029999484984297,0,0,18,0.9999992723757513,l(r:p1udt175lv-p1ulv493),169.41844003527348,6692.757998278207
3,46073,2023-04-05T10:00,peak,10.0,1909.374189376831,0.2625732421875,501.35057145380415,False,True,0.9303197012101887,1.0299993577325908,6,0,18,1.9042301437338096,l(r:p1udt175lv-p1ulv493),285.97629245463355,8217.118762335456,True,0.9759264895322873,1.029999484984297,0,0,18,0.9999992723757513,l(r:p1udt175lv-p1ulv493),169.41844003527348,6692.757998278207
3,46294,2023-04-14T15:00,random,1.0,91.37446284294128,1.0,91.37446284294128,True,True,0.9888973138005512,1.0299995202642083,0,0,18,0.9236986415897643,recloser_disswitch(r:p1udt228-p1udt62)p1u_12237,144.38187188490537,6257.857188243134,True,0.9888973138005512,1.0299995202642083,0,0,18,0.9236986415897643,recloser_disswitch(r:p1udt228-p1udt62)p1u_12237,144.38187188490537,6257.857188243134
3,46294,2023-04-14T15:00,random,3.0,274.12338852882385,1.0,274.12338852882385,True,True,0.9873553185817089,1.0299995049192465,0,0,18,0.9461237495335658,recloser_disswitch(r:p1udt228-p1udt62)p1u_12237,153.61102938260393,6449.677986407272,True,0.9873553185817089,1.0299995049192465,0,0,18,0.9461237495335658,recloser_disswitch(r:p1udt228-p1udt62)p1u_12237,153.61102938260393,6449.677986407272
3,46294,2023-04-14T15:00,random,5.0,456.8723142147064,1.0,456.8723142147064,True,True,0.9836982057471072,1.0299994894619127,0,0,18,0.9686424564649407,recloser_disswitch(r:p1udt228-p1udt62)p1u_12237,163.34591873099106,6642.154339164445,True,0.9836982057471072,1.0299994894619127,0,0,18,0.9686424564649407,recloser_disswitch(r:p1udt228-p1udt62)p1u_12237,163.34591873099106,6642.154339164445
3,46294,2023-04-14T15:00,random,10.0,913.7446284294128,0.74462890625,680.4006632592063,False,True,0.974392982249545,1.029999450381936,0,0,18,1.1431792366932565,l(r:p1udm822-p1ulv579),189.90740555610515,7125.453714885389,True,0.9791734139089247,1.0299994704114128,0,0,18,0.9999697445392295,l(r:p1udm822-p1ulv579),175.94556247230034,6878.33886821816
3,46385,2023-04-18T10:00,peak,1.0,188.02274084091187,1.0,188.02274084091187,True,True,0.9852794038282683,1.0299995120883492,0,0,18,0.9364957078230254,recloser_disswitch(r:p1udt228-p1udt62)p1u_12237,149.8422563603655,6359.966005636931,True,0.9852794038282683,1.0299995120883492,0,0,18,0.9364957078230254,recloser_disswitch(r:p1udt228-p1udt62)p1u_12237,149.8422563603655,6359.966005636931
3,46385,2023-04-18T10:00,peak,3.0,564.0682225227356,1.0,564.0682225227356,True,True,0.9733499080534083,1.029999480040187,0,0,18,0.9848524053955318,recloser_disswitch(r:p1udt228-p1udt62)p1u_12237,172.00257189481403,6757.91632413622,True,0.9733499080534083,1.029999480040187,0,0,18,0.9848524053955318,recloser_disswitch(r:p1udt228-p1udt62)p1u_12237,172.00257189481403,6757.91632413622
3,46385,2023-04-18T10:00,peak,5.0,940.1137042045593,0.72406005859375,680.6987837511406,False,True,0.960299222020055,1.0299994473708511,0,0,18,1.1008313534920173,l(r:p1udm822-p1ulv579),197.49793907518597,7159.3966586190345,True,0.9693521992892292,1.0299994699592478,0,0,18,0.9999980330706818,recloser_disswitch(r:p1udt228-p1udt62)p1u_12237,179.55516448264223,6882.243989854785
3,46385,2023-04-18T10:00,peak,10.0,1880.2274084091187,0.36199951171875,680.6414037643117,False,True,0.9251770191223957,1.0299993627897401,15,0,18,1.6285310000136977,l(r:p1udm822-p1ulv579),277.1651969558357,8179.207632140066,True,0.9693541850994397,1.0299994699642454,0,0,18,0.9999905234928533,recloser_disswitch(r:p1udt228-p1udt62)p1u_12237,179.5513519181573,6882.182465790465
3,46413,2023-04-19T14:00,random,1.0,57.698155641555786,1.0,57.698155641555786,True,True,0.9888072943488204,1.0299995230251402,0,0,18,0.9194432172161194,recloser_disswitch(r:p1udt228-p1udt62)p1u_12237,143.06735772905807,6222.904473742003,True,0.9888072943488204,1.0299995230251402,0,0,18,0.9194432172161194,recloser_disswitch(r:p1udt228-p1udt62)p1u_12237,143.06735772905807,6222.904473742003
3,46413,2023-04-19T14:00,random,3.0,173.09446692466736,1.0,173.09446692466736,True,True,0.9861125241339701,1.0299995132307653,0,0,18,0.9333376928823615,recloser_disswitch(r:p1udt228-p1udt62)p1u_12237,149.57887737261044,6344.629659128564,True,0.9861125241339701,1.0299995132307653,0,0,18,0.9333376928823615,recloser_disswitch(r:p1udt228-p1udt62)p1u_12237,149.57887737261044,6344.629659128564
3,46413,2023-04-19T14:00,random,5.0,288.49077820777893,1.0,288.49077820777893,True,True,0.9816768509829498,1.0299995033492777,0,0,18,0.9473244613325927,recloser_disswitch(r:p1udt228-p1udt62)p1u_12237,156.48518581293231,6466.926918803558,True,0.9816768509829498,1.0299995033492777,0,0,18,0.9473244613325927,recloser_disswitch(r:p1udt228-p1udt62)p1u_12237,156.48518581293231,6466.926918803558
3,46413,2023-04-19T14:00,random,10.0,576.9815564155579,1.0,576.9815564155579,True,True,0.9703321901953538,1.029999478327534,0,0,18,0.9825742887146608,recloser_disswitch(r:p1udt228-p1udt62)p1u_12237,175.48594935254573,6774.320619579159,True,0.9703321901953538,1.029999478327534,0,0,18,0.9825742887146608,recloser_disswitch(r:p1udt228-p1udt62)p1u_12237,175.48594935254573,6774.320619579159
3,46948,2023-05-11T21:00,random,1.0,43.385165214538574,1.0,43.385165214538574,True,True,0.9885474658708856,1.0299995242920923,0,0,18,0.9183936290852357,recloser_disswitch(r:p1udt228-p1udt62)p1u_12237,142.09768370210998,6207.6096363651295,True,0.9885474658708856,1.0299995242920923,0,0,18,0.9183936290852357,recloser_disswitch(r:p1udt228-p1udt62)p1u_12237,142.09768370210998,6207.6096363651295
3,46948,2023-05-11T21:00,random,3.0,130.15549564361572,1.0,130.15549564361572,True,True,0.9845869747661075,1.0299995170525675,0,0,18,0.9301796583054295,recloser_disswitch(r:p1udt228-p1udt62)p1u_12237,146.5572218320042,6298.681835544941,True,0.9845869747661075,1.0299995170525675,0,0,18,0.9301796583054295,recloser_disswitch(r:p1udt228-p1udt62)p1u_12237,146.5572218320042,6298.681835544941
3,46948,2023-05-11T21:00,random,5.0,216.92582607269287,1.0,216.92582607269287,True,True,0.9803835025942911,1.0299995097617265,0,0,18,0.9420321184855983,recloser_disswitch(r:p1udt228-p1udt62)p1u_12237,151.25486462389966,6390.147084519583,True,0.9803835025942911,1.0299995097617265,0,0,18,0.9420321184855983,recloser_disswitch(r:p1udt228-p1udt62)p1u_12237,151.25486462389966,6390.147084519583
3,46948,2023-05-11T21:00,random,10.0,433.85165214538574,1.0,433.85165214538574,True,True,0.9696447987686786,1.0299994913653272,0,0,18,0.9718493016194595,recloser_disswitch(r:p1udt228-p1udt62)p1u_12237,164.03709370615073,6619.799324359285,True,0.9696447987686786,1.0299994913653272,0,0,18,0.9718493016194595,recloser_disswitch(r:p1udt228-p1udt62)p1u_12237,164.03709370615073,6619.799324359285
3,47304,2023-05-26T17:00,random,1.0,83.14106774330139,1.0,83.14106774330139,True,True,0.9875744152634703,1.029999520905249,0,0,18,0.9250041134792495,recloser_disswitch(r:p1udt228-p1udt62)p1u_12237,144.4459159662842,6249.655754133817,True,0.9875744152634703,1.029999520905249,0,0,18,0.9250041134792495,recloser_disswitch(r:p1udt228-p1udt62)p1u_12237,144.4459159662842,6249.655754133817
3,47304,2023-05-26T17:00,random,3.0,249.42320322990417,1.0,249.42320322990417,True,True,0.9810430274069115,1.0299995068085408,0,0,18,0.9501179344013894,recloser_disswitch(r:p1udt228-p1udt62)p1u_12237,154.0207717902004,6425.382354659716,True,0.9810430274069115,1.0299995068085408,0,0,18,0.9501179344013894,recloser_disswitch(r:p1udt228-p1udt62)p1u_12237,154.0207717902004,6425.382354659716
3,47304,2023-05-26T17:00,random,5.0,415.70533871650696,1.0,415.70533871650696,True,True,0.9743846169539367,1.02999949256492,0,0,18,0.9949101228285244,l(r:p1udt175lv-p1ulv493),164.39746533492425,6602.029817258157,True,0.9743846169539367,1.02999949256492,0,0,18,0.9949101228285244,l(r:p1udt175lv-p1ulv493),164.39746533492425,6602.029817258157
3,47304,2023-05-26T17:00,random,10.0,831.4106774330139,0.5081787109375,422.50520631758263,False,True,0.9571465414419996,1.0299994563228183,0,0,18,1.3056589683386968,l(r:p1udt175lv-p1ulv493),193.98765409838595,7047.367669279232,True,0.974107856389365,1.0299994919739095,0,0,18,0.9999699980860098,l(r:p1udt175lv-p1ulv493),164.84256728427133,6609.337601393322
3,47458,2023-06-02T03:00,random,1.0,11.082432746887207,1.0,11.082432746887207,True,True,0.9892487365377097,1.0299995270085767,0,0,18,0.9143042845536021,recloser_disswitch(r:p1udt228-p1udt62)p1u_12237,140.3740519306081,6173.545763882675,True,0.9892487365377097,1.0299995270085767,0,0,18,0.9143042845536021,recloser_disswitch(r:p1udt228-p1udt62)p1u_12237,140.3740519306081,6173.545763882675
3,47458,2023-06-02T03:00,random,3.0,33.24729824066162,1.0,33.24729824066162,True,True,0.9891537086830174,1.0299995252235399,0,0,18,0.9178917849196145,recloser_disswitch(r:p1udt228-p1udt62)p1u_12237,141.22230556506324,6196.404196382643,True,0.9891537086830174,1.0299995252235399,0,0,18,0.9178917849196145,recloser_disswitch(r:p1udt228-p1udt62)p1u_12237,141.22230556506324,6196.404196382643
3,47458,2023-06-02T03:00,random,5.0,55.412163734436035,1.0,55.412163734436035,True,True,0.9890573453133585,1.0299995234253259,0,0,18,0.9215037326861542,recloser_disswitch(r:p1udt228-p1udt62)p1u_12237,142.0810801316642,6219.427064566204,True,0.9890573453133585,1.0299995234253259,0,0,18,0.9215037326861542,recloser_disswitch(r:p1udt228-p1udt62)p1u_12237,142.0810801316642,6219.427064566204
3,47458,2023-06-02T03:00,random,10.0,110.82432746887207,1.0,110.82432746887207,True,True,0.9888170345530642,1.0299995189343794,0,0,18,0.9305236271415148,recloser_disswitch(r:p1udt228-p1udt62)p1u_12237,144.23959315139604,6276.911563724945,True,0.9888170345530642,1.0299995189343794,0,0,18,0.9305236271415148,recloser_disswitch(r:p1udt228-p1udt62)p1u_12237,144.23959315139604,6276.911563724945
3,47868,2023-06-19T05:00,random,1.0,3.571868658065796,1.0,3.571868658065796,True,True,0.9892787830723201,1.0299995276000897,0,0,18,0.9129569514285738,recloser_disswitch(r:p1udt228-p1udt62)p1u_12237,140.10619946672128,6165.936835603135,True,0.9892787830723201,1.0299995276000897,0,0,18,0.9129569514285738,recloser_disswitch(r:p1udt228-p1udt62)p1u_12237,140.10619946672128,6165.936835603135
3,47868,2023-06-19T05:00,random,3.0,10.715605974197388,1.0,10.715605974197388,True,True,0.9892478934956255,1.0299995270371334,0,0,18,0.9137761954618234,recloser_disswitch(r:p1udt228-p1udt62)p1u_12237,140.39563955831824,6173.081417270772,True,0.9892478934956255,1.0299995270371334,0,0,18,0.9137761954618234,recloser_disswitch(r:p1udt228-p1udt62)p1u_12237,140.39563955831824,6173.081417270772
3,47868,2023-06-19T05:00,random,5.0,17.85934329032898,1.0,17.85934329032898,True,True,0.9892145542985414,1.0299995264504835,0,0,18,0.9146398126864251,recloser_disswitch(r:p1udt228-p1udt62)p1u_12237,140.69852807060482,6180.527053721842,True,0.9892145542985414,1.0299995264504835,0,0,18,0.9146398126864251,recloser_disswitch(r:p1udt228-p1udt62)p1u_12237,140.69852807060482,6180.527053721842
3,47868,2023-06-19T05:00,random,10.0,35.71868658065796,1.0,35.71868658065796,True,True,0.9891314217983472,1.0299995249858314,0,0,18,0.9167948064967786,recloser_disswitch(r:p1udt228-p1udt62)p1u_12237,141.4568762847791,6199.1126330894385,True,0.9891314217983472,1.0299995249858314,0,0,18,0.9167948064967786,recloser_disswitch(r:p1udt228-p1udt62)p1u_12237,141.4568762847791,6199.1126330894385
3,48214,2023-07-03T15:00,random,1.0,73.25083684921265,1.0,73.25083684921265,True,True,0.9881779735987373,1.0299995218263531,0,0,18,0.9216215023312985,recloser_disswitch(r:p1udt228-p1udt62)p1u_12237,143.44213758770022,6238.525945435898,True,0.9881779735987373,1.0299995218263531,0,0,18,0.9216215023312985,recloser_disswitch(r:p1udt228-p1udt62)p1u_12237,143.44213758770022,6238.525945435898
3,48214,2023-07-03T15:00,random,3.0,219.75251054763794,1.0,219.75251054763794,True,True,0.9859153250064779,1.0299995095663452,0,0,18,0.9399986567287522,recloser_disswitch(r:p1udt228-p1udt62)p1u_12237,150.70155949682007,6392.409402879946,True,0.9859153250064779,1.0299995095663452,0,0,18,0.9399986567287522,recloser_disswitch(r:p1udt228-p1udt62)p1u_12237,150.70155949682007,6392.409402879946
3,48214,2023-07-03T15:00,random,5.0,366.25418424606323,1.0,366.25418424606323,True,True,0.9836316730032262,1.0299994972554967,0,0,18,0.9584040317082839,recloser_disswitch(r:p1udt228-p1udt62)p1u_12237,158.27977654009683,6546.485015135799,True,0.9836316730032262,1.0299994972554967,0,0,18,0.9584040317082839,recloser_disswitch(r:p1udt228-p1udt62)p1u_12237,158.27977654009683,6546.485015135799
3,48214,2023-07-03T15:00,random,10.0,732.5083684921265,0.949951171875,695.8471830573399,False,True,0.9751923886864686,1.0299994662113734,0,0,18,1.0046180873664234,recloser_disswitch(r:p1udt228-p1udt62)p1u_12237,178.66987534801007,6933.040094137275,True,0.9760517704425143,1.0299994693261092,0,0,18,0.9999958341421945,recloser_disswitch(r:p1udt228-p1udt62)p1u_12237,176.5409006082484,6894.377593635203
3,48449,2023-07-13T10:00,peak,1.0,185.93796157836914,1.0,185.93796157836914,True,True,0.9875263919573347,1.029999512289398,0,0,18,0.938040899657801,recloser_disswitch(r:p1udt228-p1udt62)p1u_12237,149.56364707710563,6357.607816259017,True,0.9875263919573347,1.029999512289398,0,0,18,0.938040899657801,recloser_disswitch(r:p1udt228-p1udt62)p1u_12237,149.56364707710563,6357.607816259017
3,48449,2023-07-13T10:00,peak,3.0,557.8138847351074,1.0,557.8138847351074,True,True,0.9811137089506538,1.0299994807864912,0,0,18,0.9893638095037112,recloser_disswitch(r:p1udt228-p1udt62)p1u_12237,170.367750143383,6750.049153610745,True,0.9811137089506538,1.0299994807864912,0,0,18,0.9893638095037112,recloser_disswitch(r:p1udt228-p1udt62)p1u_12237,170.367750143383,6750.049153610745
3,48449,2023-07-13T10:00,peak,5.0,929.6898078918457,0.6710205078125,623.8409269996919,False,True,0.9745136981764885,1.029999448869719,0,0,18,1.1543677419778897,l(r:p1udt175lv-p1ulv493),193.347239301448,7144.869134318434,True,0.9799487598598111,1.0299994751374812,0,0,18,0.9999817220444688,l(r:p1udt175lv-p1ulv493),174.29498801201072,6820.126882883778
3,48449,2023-07-13T10:00,peak,10.0,1859.3796157836914,0.33551025390625,623.8409269996919,False,True,0.9574672612368339,1.029999367245966,0,0,18,1.6333666610979685,l(r:p1udt175lv-p1ulv493),260.71596633043083,8142.001150712758,True,0.9799487598598111,1.0299994751374812,0,0,18,0.9999817220444688,l(r:p1udt175lv-p1ulv493),174.29498801201072,6820.126882883778
3,48450,2023-07-13T11:00,peak,1.0,197.65360134840012,1.0,197.65360134840012,True,True,0.9849450641895698,1.0299995111949778,0,0,18,0.9399490674356791,recloser_disswitch(r:p1udt228-p1udt62)p1u_12237,150.7118489927672,6370.464133335759,True,0.9849450641895698,1.0299995111949778,0,0,18,0.9399490674356791,recloser_disswitch(r:p1udt228-p1udt62)p1u_12237,150.7118489927672,6370.464133335759
3,48450,2023-07-13T11:00,peak,3.0,592.9608040452003,0.95245361328125,564.7676603470063,False,True,0.9729520069121024,1.0299994773683654,0,0,18,1.0155878283879225,l(r:p1udt175lv-p1ulv493),174.56749483577033,6789.361876428645,True,0.9738175997406946,1.0299994797877927,0,0,18,0.999980625821328,l(r:p1udt175lv-p1ulv493),172.76827335763696,6759.526529714221
3,48450,2023-07-13T11:00,peak,5.0,988.2680067420006,0.57147216796875,564.7676603470063,False,True,0.960535393675258,1.0299994429356556,0,0,18,1.2366230668647535,l(r:p1udt175lv-p1ulv493),201.6763381691771,7211.702697224019,True,0.9738176125121459,1.0299994797878402,0,0,18,0.9999804578273875,l(r:p1udt175lv-p1ulv493),172.76824330263648,6759.525963131979
3,48450,2023-07-13T11:00,peak,10.0,1976.5360134840012,0.28570556640625,564.7073412547979,False,True,0.9273612709494133,1.02999935405202,6,0,18,1.8030907463314647,l(r:p1udt175lv-p1ulv493),284.7715523032814,8283.120189778278,True,0.973819445779583,1.029999479792953,0,0,18,0.9999473015154268,l(r:p1udt175lv-p1ulv493),172.7644591649691,6759.462867496617
3,49081,2023-08-08T18:00,peak,1.0,184.03811740875244,1.0,184.03811740875244,True,True,0.9868743626462559,1.0299995124674581,0,0,18,0.9359072074971654,recloser_disswitch(r:p1udt228-p1udt62)p1u_12237,149.40270767360374,6355.539313642156,True,0.9868743626462559,1.0299995124674581,0,0,18,0.9359072074971654,recloser_disswitch(r:p1udt228-p1udt62)p1u_12237,149.40270767360374,6355.539313642156
3,49081,2023-08-08T18:00,peak,3.0,552.1143522262573,1.0,552.1143522262573,True,True,0.9812696215963469,1.0299994812974695,0,0,18,0.9829545152787307,recloser_disswitch(r:p1udt228-p1udt62)p1u_12237,169.99533090915722,6743.977747246816,True,0.9812696215963469,1.0299994812974695,0,0,18,0.9829545152787307,recloser_disswitch(r:p1udt228-p1udt62)p1u_12237,169.99533090915722,6743.977747246816
3,49081,2023-08-08T18:00,peak,5.0,920.1905870437622,0.743896484375,684.5265426568221,False,True,0.9743001756883274,1.0299994496843765,0,0,18,1.0304004034993273,recloser_disswitch(r:p1udt228-p1udt62)p1u_12237,192.91817545635473,7134.939446786398,True,0.9789223317450776,1.0299994699628434,0,0,18,0.9999998103182267,recloser_disswitch(r:p1udt228-p1udt62)p1u_12237,177.97794265333056,6884.493680657502
3,49081,2023-08-08T18:00,peak,10.0,1840.3811740875244,0.3719482421875,684.5265426568221,False,True,0.9556313045096785,1.029999368671725,0,0,18,1.4073712671208698,l(r:p1udm822-p1ulv579),260.91194898152577,8123.198058804503,True,0.9789223317450776,1.0299994699628434,0,0,18,0.9999998103182267,recloser_disswitch(r:p1udt228-p1udt62)p1u_12237,177.97794265333056,6884.493680657502
3,49289,2023-08-17T10:00,peak,1.0,186.71374398469925,1.0,186.71374398469925,True,True,0.9868801868031577,1.0299995121684022,0,0,18,0.9390099280789835,recloser_disswitch(r:p1udt228-p1udt62)p1u_12237,149.95794416391104,6358.787256162702,True,0.9868801868031577,1.0299995121684022,0,0,18,0.9390099280789835,recloser_disswitch(r:p1udt228-p1udt62)p1u_12237,149.95794416391104,6358.787256162702
3,49289,2023-08-17T10:00,peak,3.0,560.1412319540977,0.9715576171875,544.2094806057939,False,True,0.9804312621392774,1.0299994803581125,0,0,18,1.00911753021417,l(r:p1udt175lv-p1ulv493),171.93551600365183,6753.929395963846,True,0.9807286065393909,1.0299994817140847,0,0,18,0.999982578851712,l(r:p1udt175lv-p1ulv493),170.9501730660364,6737.149680753294
3,49289,2023-08-17T10:00,peak,5.0,933.5687199234962,0.58294677734375,544.2208767083321,False,True,0.973346982856412,1.0299994480365664,0,0,18,1.225683771747587,l(r:p1udt175lv-p1ulv493),196.6320686441142,7151.99965050871,True,0.9807283918263201,1.0299994817131009,0,0,18,0.9999891625916627,l(r:p1udt175lv-p1ulv493),170.95088982323793,6737.1618505925035
3,49289,2023-08-17T10:00,peak,10.0,1867.1374398469925,0.29144287109375,544.1638961956414,False,True,0.9549723399074818,1.0299993649296466,0,0,18,1.7803153677119363,l(r:p1udt175lv-p1ulv493),270.91729695057927,8159.924699856,True,0.9807294653927606,1.0299994817180191,0,0,18,0.9999562438593907,l(r:p1udt175lv-p1ulv493),170.94733647462252,6737.101002765807
3,49408,2023-08-22T09:00,peak,1.0,197.64600601792336,1.0,197.64600601792336,True,True,0.9865146422010341,1.0299995112409246,0,0,18,0.937846875802688,recloser_disswitch(r:p1udt228-p1udt62)p1u_12237,150.3121028299289,6370.044263279616,True,0.9865146422010341,1.0299995112409246,0,0,18,0.937846875802688,recloser_disswitch(r:p1udt228-p1udt62)p1u_12237,150.3121028299289,6370.044263279616
3,49408,2023-08-22T09:00,peak,3.0,592.9380180537701,1.0,592.9380180537701,True,True,0.977800233628418,1.0299994775467816,0,0,18,0.9888311936148504,recloser_disswitch(r:p1udt228-p1udt62)p1u_12237,172.9799988476166,6787.763702029243,True,0.977800233628418,1.0299994775467816,0,0,18,0.9888311936148504,recloser_disswitch(r:p1udt228-p1udt62)p1u_12237,172.9799988476166,6787.763702029243
3,49408,2023-08-22T09:00,peak,5.0,988.2300300896168,0.6868896484375,678.8049779436369,False,True,0.9688679628469764,1.0299994433127766,0,0,18,1.1304204453564484,l(r:p1udt454lv-p1ulv1912)p1ud1,198.33398668871308,7208.3600382255445,True,0.9758761150540114,1.0299994701416366,0,0,18,0.9999945374342909,recloser_disswitch(r:p1udt228-p1udt62)p1u_12237,178.2653814156387,6879.060073543056
3,49408,2023-08-22T09:00,peak,10.0,1976.4600601792336,0.34344482421875,678.8049779436369,False,True,0.9454928332310627,1.02999935528847,6,0,18,1.6094454617856082,l(r:p1udt454lv-p1ulv1912)p1ud1,274.0990683949868,8272.426733974484,True,0.9758761150540114,1.0299994701416366,0,0,18,0.9999945374342909,recloser_disswitch(r:p1udt228-p1udt62)p1u_12237,178.2653814156387,6879.060073543056
3,49409,2023-08-22T10:00,peak,1.0,219.909832239151,1.0,219.909832239151,True,True,0.9848043020208145,1.0299995092975716,0,0,18,0.9396205154842123,recloser_disswitch(r:p1udt228-p1udt62)p1u_12237,151.89292996274975,6393.918814796863,True,0.9848043020208145,1.0299995092975716,0,0,18,0.9396205154842123,recloser_disswitch(r:p1udt228-p1udt62)p1u_12237,151.89292996274975,6393.918814796863
3,49409,2023-08-22T10:00,peak,3.0,659.729496717453,1.0,659.729496717453,True,True,0.9725146280204684,1.0299994715562197,0,0,18,0.9942811482661813,recloser_disswitch(r:p1udt228-p1udt62)p1u_12237,178.69469826446885,6860.2294325322655,True,0.9725146280204684,1.0299994715562197,0,0,18,0.9942811482661813,recloser_disswitch(r:p1udt228-p1udt62)p1u_12237,178.69469826446885,6860.2294325322655
3,49409,2023-08-22T10:00,peak,5.0,1099.549161195755,0.64129638671875,705.1369040944701,False,True,0.9597762125298874,1.0299994330278377,0,0,18,1.1349998400917252,l(r:p1udt175lv-p1ulv493),209.57446189611466,7330.850045012943,True,0.9712164010367037,1.0299994675972377,0,0,18,0.9999941622360163,recloser_disswitch(r:p1udt228-p1udt62)p1u_12237,181.70230124126206,6908.829191848149
3,49409,2023-08-22T10:00,peak,10.0,2199.09832239151,0.32061767578125,705.069792939612,False,True,0.925668461955895,1.029999333056329,6,0,18,1.676720174814714,l(r:p1udm822-p1ulv579),306.0477908737612,8526.909451543259,True,0.9712182889953048,1.0299994676029613,0,0,18,0.9999859345541146,recloser_disswitch(r:p1udt228-p1udt62)p1u_12237,181.69791367377903,6908.758905686435
3,49410,2023-08-22T11:00,peak,1.0,204.56667828559875,1.0,204.56667828559875,True,True,0.9864533295786344,1.0299995106221957,0,0,18,0.9392582617843444,recloser_disswitch(r:p1udt228-p1udt62)p1u_12237,150.93554977269855,6377.63649211988,True,0.9864533295786344,1.0299995106221957,0,0,18,0.9392582617843444,recloser_disswitch(r:p1udt228-p1udt62)p1u_12237,150.93554977269855,6377.63649211988
3,49410,2023-08-22T11:00,peak,3.0,613.7000348567963,0.7496337890625,460.0502824774885,False,True,0.977611152732658,1.029999475644414,0,0,18,1.1048858339380014,l(r:p1udt175lv-p1ulv493),175.2084865568911,6810.738215248617,True,0.9809568690969939,1.029999488846004,0,0,18,0.9999989314966117,l(r:p1udt175lv-p1ulv493),165.72816688274645,6647.769220993225
3,49410,2023-08-22T11:00,peak,5.0,1022.8333914279938,0.44976806640625,460.0377967183158,False,True,0.9685407824910883,1.0299994400453365,0,0,18,1.387401926793665,l(r:p1udt175lv-p1ulv493),202.67984436855133,7247.201700376503,True,0.9809571407673466,1.0299994888470796,0,0,18,0.9999904069004147,l(r:p1udt175lv-p1ulv493),165.72740768697145,6647.755920477455
3,49410,2023-08-22T11:00,peak,10.0,2045.6667828559875,0.224853515625,459.9753679224523,False,True,0.9447587919320974,1.0299993481691052,6,0,18,2.115699008745657,l(r:p1udt175lv-p1ulv493),286.2540616116556,8353.730538572983,True,0.9809584608465104,1.029999488852232,0,0,18,0.9999487428135898,l(r:p1udt175lv-p1ulv493),165.72377022317085,6647.692134125151
3,49458,2023-08-24T11:00,peak,1.0,192.7057340145111,1.0,192.7057340145111,True,True,0.9863405837442749,1.0299995115910314,0,0,18,0.9369701418274133,recloser_disswitch(r:p1udt228-p1udt62)p1u_12237,150.63654165725464,6365.404493331909,True,0.9863405837442749,1.0299995115910314,0,0,18,0.9369701418274133,recloser_disswitch(r:p1udt228-p1udt62)p1u_12237,150.63654165725464,6365.404493331909
3,49458,2023-08-24T11:00,peak,3.0,578.1172020435333,0.8917236328125,515.5207715976576,False,True,0.9765044170870877,1.0299994784836137,0,0,18,1.038035774439673,l(r:p1udt175lv-p1ulv493),174.68645582046963,6774.631351447442,True,0.9782877276745147,1.0299994838950126,0,0,18,0.9999913761119666,l(r:p1udt175lv-p1ulv493),170.53914785300097,6708.050730456532
3,49458,2023-08-24T11:00,peak,5.0,963.5286700725555,0.5350341796875,515.5207715976576,False,True,0.9653028420196343,1.0299994446854963,0,0,18,1.2744697926140949,l(r:p1udt175lv-p1ulv493),202.46175770695427,7187.714685310206,True,0.9782877471858499,1.0299994838951099,0,0,18,0.9999910225476052,l(r:p1udt175lv-p1ulv493),170.53910288502976,6708.04956966177
3,49458,2023-08-24T11:00,peak,10.0,1927.057340145111,0.26751708984375,515.5207715976576,False,True,0.9355579573918775,1.0299993569512782,9,0,18,1.8812675821639389,l(r:p1udt175lv-p1ulv493),289.4961358471345,8238.346403100779,True,0.9782877471858499,1.0299994838951099,0,0,18,0.9999910225476052,l(r:p1udt175lv-p1ulv493),170.53910288502976,6708.04956966177
3,49459,2023-08-24T12:00,peak,1.0,189.81134700775146,1.0,189.81134700775146,True,True,0.9853073693570259,1.0299995117812166,0,0,18,0.9351859353886383,recloser_disswitch(r:p1udt228-p1udt62)p1u_12237,150.66673678648252,6362.563205344264,True,0.9853073693570259,1.0299995117812166,0,0,18,0.9351859353886383,recloser_disswitch(r:p1udt228-p1udt62)p1u_12237,150.66673678648252,6362.563205344264
3,49459,2023-08-24T12:00,peak,3.0,569.4340410232544,1.0,569.4340410232544,True,True,0.974063993322865,1.0299994790333495,0,0,18,0.9936636353044511,l(r:p1udt175lv-p1ulv493),174.88214299616962,6766.137848547226,True,0.974063993322865,1.0299994790333495,0,0,18,0.9936636353044511,l(r:p1udt175lv-p1ulv493),174.88214299616962,6766.137848547226
3,49459,2023-08-24T12:00,peak,5.0,949.0567350387573,0.61224365234375,581.0539617415634,False,True,0.9624351544276897,1.029999445549757,0,0,18,1.199647996039548,l(r:p1udt175lv-p1ulv493),202.99066988224652,7173.795588276966,True,0.9737103406882345,1.0299994780040154,0,0,18,0.999975397104426,l(r:p1udt175lv-p1ulv493),175.693627813408,6778.737612934291
3,49459,2023-08-24T12:00,peak,10.0,1898.1134700775146,0.30609130859375,580.9960359154502,False,True,0.931440921238807,1.029999358403445,12,0,18,1.7267744093288802,l(r:p1udt175lv-p1ulv493),291.76670091725174,8211.654829614386,True,0.9737120953522294,1.0299994780091066,0,0,18,0.9999440444556151,l(r:p1udt175lv-p1ulv493),175.68959275886053,6778.675287318695
3,49553,2023-08-28T10:00,peak,1.0,197.9076976776123,1.0,197.9076976776123,True,True,0.9873622558482629,1.0299995112088383,0,0,18,0.9391277958868144,recloser_disswitch(r:p1udt228-p1udt62)p1u_12237,150.43225313062206,6370.448420339338,True,0.9873622558482629,1.0299995112088383,0,0,18,0.9391277958868144,recloser_disswitch(r:p1udt228-p1udt62)p1u_12237,150.43225313062206,6370.448420339338
3,49553,2023-08-28T10:00,peak,3.0,593.7230930328369,1.0,593.7230930328369,True,True,0.9819010002699169,1.029999477481247,0,0,18,0.9926670795740353,recloser_disswitch(r:p1udt228-p1udt62)p1u_12237,173.2545658701641,6788.826103451512,True,0.9819010002699169,1.029999477481247,0,0,18,0.9926670795740353,recloser_disswitch(r:p1udt228-p1udt62)p1u_12237,173.2545658701641,6788.826103451512
3,49553,2023-08-28T10:00,peak,5.0,989.5384883880615,0.654296875,647.4519406445324,False,True,0.9758426226555987,1.0299994432481079,0,0,18,1.097113922076959,l(r:p1udt175lv-p1ulv493),198.64101135360173,7209.983121620698,True,0.9810831174151179,1.0299994728510906,0,0,18,0.9999943682116509,recloser_disswitch(r:p1udt228-p1udt62)p1u_12237,176.55665064824564,6845.988414609417
3,49553,2023-08-28T10:00,peak,10.0,1979.076976776123,0.3271484375,647.4519406445324,False,True,0.9602163349422839,1.0299993554114655,0,0,18,1.5164170125640746,l(r:p1udt175lv-p1ulv493),273.8261320976808,8274.784410317217,True,0.9810831174151179,1.0299994728510906,0,0,18,0.9999943682116509,recloser_disswitch(r:p1udt228-p1udt62)p1u_12237,176.55665064824564,6845.988414609417
3,49846,2023-09-09T15:00,random,1.0,30.41227789223194,1.0,30.41227789223194,True,True,0.988614338880278,1.029999525338935,0,0,18,0.9165332071731981,recloser_disswitch(r:p1udt228-p1udt62)p1u_12237,141.55639937604823,6194.105431022427,True,0.988614338880278,1.029999525338935,0,0,18,0.9165332071731981,recloser_disswitch(r:p1udt228-p1udt62)p1u_12237,141.55639937604823,6194.105431022427
3,49846,2023-09-09T15:00,random,3.0,91.23683367669582,1.0,91.23683367669582,True,True,0.9872482982450173,1.0299995202311913,0,0,18,0.9245381084028684,recloser_disswitch(r:p1udt228-p1udt62)p1u_12237,144.8194751400619,6257.783452599538,True,0.9872482982450173,1.0299995202311913,0,0,18,0.9245381084028684,recloser_disswitch(r:p1udt228-p1udt62)p1u_12237,144.8194751400619,6257.783452599538
3,49846,2023-09-09T15:00,random,5.0,152.0613894611597,1.0,152.0613894611597,True,True,0.9858679924508824,1.0299995150732526,0,0,18,0.932620620150357,recloser_disswitch(r:p1udt228-p1udt62)p1u_12237,148.1942452505565,6321.968561223351,True,0.9858679924508824,1.0299995150732526,0,0,18,0.932620620150357,recloser_disswitch(r:p1udt228-p1udt62)p1u_12237,148.1942452505565,6321.968561223351
3,49846,2023-09-09T15:00,random,10.0,304.1227789223194,1.0,304.1227789223194,True,True,0.9814511898429107,1.0299995020781345,0,0,18,0.9529441251040851,recloser_disswitch(r:p1udt228-p1udt62)p1u_12237,157.0585873261496,6483.120759750679,True,0.9814511898429107,1.0299995020781345,0,0,18,0.9529441251040851,recloser_disswitch(r:p1udt228-p1udt62)p1u_12237,157.0585873261496,6483.120759750679
3,50168,2023-09-23T01:00,random,1.0,8.444974184036255,1.0,8.444974184036255,True,True,0.9892585760566032,1.0299995272129903,0,0,18,0.9133586899313862,recloser_disswitch(r:p1udt228-p1udt62)p1u_12237,140.31181918712863,6170.818719213444,True,0.9892585760566032,1.0299995272129903,0,0,18,0.9133586899313862,recloser_disswitch(r:p1udt228-p1udt62)p1u_12237,140.31181918712863,6170.818719213444
3,50168,2023-09-23T01:00,random,3.0,25.334922552108765,1.0,25.334922552108765,True,True,0.9891830259347603,1.0299995258294845,0,0,18,0.9150687279282317,recloser_disswitch(r:p1udt228-p1udt62)p1u_12237,141.03998889593106,6188.312798135821,True,0.9891830259347603,1.0299995258294845,0,0,18,0.9150687279282317,recloser_disswitch(r:p1udt228-p1udt62)p1u_12237,141.03998889593106,6188.312798135821
3,50168,2023-09-23T01:00,random,5.0,42.224870920181274,1.0,42.224870920181274,True,True,0.9891062126052325,1.0299995244349787,0,0,18,0.9167974421944608,recloser_disswitch(r:p1udt228-p1udt62)p1u_12237,141.77796807007425,6205.939727286585,True,0.9891062126052325,1.0299995244349787,0,0,18,0.9167974421944608,recloser_disswitch(r:p1udt228-p1udt62)p1u_12237,141.77796807007425,6205.939727286585
3,50168,2023-09-23T01:00,random,10.0,84.44974184036255,1.0,84.44974184036255,True,True,0.9889146061704618,1.0299995209515047,0,0,18,0.9211090190268783,recloser_disswitch(r:p1udt228-p1udt62)p1u_12237,143.6376430395432,6249.9406924552695,True,0.9889146061704618,1.0299995209515047,0,0,18,0.9211090190268783,recloser_disswitch(r:p1udt228-p1udt62)p1u_12237,143.6376430395432,6249.9406924552695
3,51647,2023-11-23T16:00,random,1.0,17.233353793621063,1.0,17.233353793621063,True,True,0.9892128569863008,1.029999526494179,0,0,18,0.9153298138704771,recloser_disswitch(r:p1udt228-p1udt62)p1u_12237,140.6589231397287,6180.096719002261,True,0.9892128569863008,1.029999526494179,0,0,18,0.9153298138704771,recloser_disswitch(r:p1udt228-p1udt62)p1u_12237,140.6589231397287,6180.096719002261
3,51647,2023-11-23T16:00,random,3.0,51.70006138086319,1.0,51.70006138086319,True,True,0.989048964786307,1.0299995237111588,0,0,18,0.9209177149759724,recloser_disswitch(r:p1udt228-p1udt62)p1u_12237,142.0646966017031,6215.6616362625955,True,0.989048964786307,1.0299995237111588,0,0,18,0.9209177149759724,recloser_disswitch(r:p1udt228-p1udt62)p1u_12237,142.0646966017031,6215.6616362625955
3,51647,2023-11-23T16:00,random,5.0,86.16676896810532,1.0,86.16676896810532,True,True,0.9888824941926871,1.029999520901494,0,0,18,0.9265522916067623,recloser_disswitch(r:p1udt228-p1udt62)p1u_12237,143.4942406645058,6251.556096846288,True,0.9888824941926871,1.029999520901494,0,0,18,0.9265522916067623,recloser_disswitch(r:p1udt228-p1udt62)p1u_12237,143.4942406645058,6251.556096846288
3,51647,2023-11-23T16:00,random,10.0,172.33353793621063,1.0,172.33353793621063,True,True,0.9884671728311399,1.0299995138825593,0,0,18,0.9406251940034738,recloser_disswitch(r:p1udt228-p1udt62)p1u_12237,147.10523517159697,6341.186595289603,True,0.9884671728311399,1.0299995138825593,0,0,18,0.9406251940034738,recloser_disswitch(r:p1udt228-p1udt62)p1u_12237,147.10523517159697,6341.186595289603
4,44103,2023-01-13T08:00,random,1.0,79.95436143875122,1.0,79.95436143875122,True,True,0.9869786259210586,1.0299995212521702,0,0,18,0.925002006549779,recloser_disswitch(r:p1udt228-p1udt62)p1u_12237,143.8615256005862,6245.987370615853,True,0.9869786259210586,1.0299995212521702,0,0,18,0.925002006549779,recloser_disswitch(r:p1udt228-p1udt62)p1u_12237,143.8615256005862,6245.987370615853
4,44103,2023-01-13T08:00,random,3.0,239.86308431625366,1.0,239.86308431625366,True,True,0.9792060890603637,1.029999507894149,0,0,18,0.9500454563273822,recloser_disswitch(r:p1udt228-p1udt62)p1u_12237,152.15441262323824,6413.965826664575,True,0.9792060890603637,1.029999507894149,0,0,18,0.9500454563273822,recloser_disswitch(r:p1udt228-p1udt62)p1u_12237,152.15441262323824,6413.965826664575
4,44103,2023-01-13T08:00,random,5.0,399.7718071937561,1.0,399.7718071937561,True,True,0.9712552619824212,1.0299994944094941,0,0,18,0.9752556630443286,recloser_disswitch(r:p1udt228-p1udt62)p1u_12237,161.1199182869016,6582.830695947403,True,0.9712552619824212,1.0299994944094941,0,0,18,0.9752556630443286,recloser_disswitch(r:p1udt228-p1udt62)p1u_12237,161.1199182869016,6582.830695947403
4,44103,2023-01-13T08:00,random,10.0,799.5436143875122,0.69512939453125,555.7862685705186,False,True,0.9505122092594865,1.0299994601852214,0,0,18,1.0389151084793604,recloser_disswitch(r:p1udt228-p1udt62)p1u_12237,186.62132755653914,7008.136265997489,True,0.9633106257942351,1.029999481138334,0,0,18,0.9999962334475193,recloser_disswitch(r:p1udt228-p1udt62)p1u_12237,170.53552920440032,6748.312447448222
4,44752,2023-02-09T09:00,random,1.0,125.63688196241856,1.0,125.63688196241856,True,True,0.980609675425227,1.0299995172832914,0,0,18,0.9316449546965857,recloser_disswitch(r:p1udt228-p1udt62)p1u_12237,147.15424187339437,6294.883282924892,True,0.980609675425227,1.0299995172832914,0,0,18,0.9316449546965857,recloser_disswitch(r:p1udt228-p1udt62)p1u_12237,147.15424187339437,6294.883282924892
4,44752,2023-02-09T09:00,random,3.0,376.91064588725567,1.0,376.91064588725567,True,True,0.9592407483044334,1.0299994955335063,0,0,18,0.9705481442770458,recloser_disswitch(r:p1udt228-p1udt62)p1u_12237,164.68414697833595,6563.572999166051,True,0.9592407483044334,1.0299994955335063,0,0,18,0.9705481442770458,recloser_disswitch(r:p1udt228-p1udt62)p1u_12237,164.68414697833595,6563.572999166051
4,44752,2023-02-09T09:00,random,5.0,628.1844098120928,0.76483154296875,480.4552514254965,False,True,0.9363391270434572,1.0299994730171171,6,0,18,1.0104053119158498,recloser_disswitch(r:p1udt228-p1udt62)p1u_12237,186.84938205464476,6836.992607931417,True,0.9500021095587979,1.0299994863508855,0,0,18,0.9868542361145801,recloser_disswitch(r:p1udt228-p1udt62)p1u_12237,173.2223702240261,6675.667671326338
4,44752,2023-02-09T09:00,random,10.0,1256.3688196241856,0.38238525390625,480.4169100918898,False,True,0.8700628564368467,1.0299994125194363,6,0,18,1.3826099300863997,l(r:p1udt259lv-p1ulv647),267.9763725474445,7546.302131522646,True,0.9500054822283543,1.0299994863542148,0,0,18,0.9868483450175953,recloser_disswitch(r:p1udt228-p1udt62)p1u_12237,173.21913046907997,6675.627129539124
4,46073,2023-04-05T10:00,peak,1.0,190.9374189376831,1.0,190.9374189376831,True,True,0.9762380819909973,1.0299995117283964,0,0,18,0.941901286293309,recloser_disswitch(r:p1udt228-p1udt62)p1u_12237,151.17150282139562,6364.20861710866,True,0.9762380819909973,1.0299995117283964,0,0,18,0.941901286293309,recloser_disswitch(r:p1udt228-p1udt62)p1u_12237,151.17150282139562,6364.20861710866
4,46073,2023-04-05T10:00,peak,3.0,572.8122568130493,0.89813232421875,514.4612035524915,False,True,0.9450344872739027,1.029999478300547,6,0,18,1.0020194455121312,recloser_disswitch(r:p1udt228-p1udt62)p1u_12237,180.25053393829813,6775.021163327895,True,0.9500014849476709,1.0299994835086113,0,0,18,0.99270940540704,recloser_disswitch(r:p1udt228-p1udt62)p1u_12237,175.18789908989748,6711.639194854574
4,46073,2023-04-05T10:00,peak,5.0,954.6870946884155,0.53887939453125,514.4612035524915,False,True,0.9103749313925834,1.029999443161916,6,0,18,1.0642804445342695,recloser_disswitch(r:p1udt228-p1udt62)p1u_12237,219.7389461898943,7196.39906407558,True,0.95000141239979,1.0299994835085375,0,0,18,0.9927095364473505,recloser_disswitch(r:p1udt228-p1udt62)p1u_12237,175.18795877466303,6711.640053498672
4,46073,2023-04-05T10:00,peak,10.0,1909.374189376831,0.2694091796875,514.4029340764973,False,True,0.7992367319699305,1.0299993443314182,12,0,18,2.0422789228086105,l(r:p1udt259lv-p1ulv647),386.59274147039554,8316.224800455893,True,0.9500065705177587,1.029999483513959,0,0,18,0.9926998312722015,recloser_disswitch(r:p1udt228-p1udt62)p1u_12237,175.18281306049417,6711.574085954422
4,46294,2023-04-14T15:00,random,1.0,91.37446284294128,1.0,91.37446284294128,True,True,0.9807218486019932,1.029999520078352,0,0,18,0.9278886592936935,recloser_disswitch(r:p1udt228-p1udt62)p1u_12237,145.83731840591363,6259.333379880879,True,0.9807218486019932,1.029999520078352,0,0,18,0.9278886592936935,recloser_disswitch(r:p1udt228-p1udt62)p1u_12237,145.83731840591363,6259.333379880879
4,46294,2023-04-14T15:00,random,3.0,274.12338852882385,1.0,274.12338852882385,True,True,0.9595866852973246,1.0299995039525995,0,0,18,0.9592435028402493,recloser_disswitch(r:p1udt228-p1udt62)p1u_12237,160.58004521442683,6456.682361785851,True,0.9595866852973246,1.0299995039525995,0,0,18,0.9592435028402493,recloser_disswitch(r:p1udt228-p1udt62)p1u_12237,160.58004521442683,6456.682361785851
4,46294,2023-04-14T15:00,random,5.0,456.8723142147064,0.772705078125,353.0275572484243,False,True,0.9369253805169835,1.0299994870941538,6,0,18,0.9915268540266681,recloser_disswitch(r:p1udt228-p1udt62)p1u_12237,179.753411015152,6658.585646754828,True,0.9500024679550005,1.0299994967663133,0,0,18,0.9730664219911205,recloser_disswitch(r:p1udt228-p1udt62)p1u_12237,168.2807031083044,6543.299892258732
4,46294,2023-04-14T15:00,random,10.0,913.7446284294128,0.3863525390625,353.0275572484243,False,True,0.8713106059669897,1.0299994409166346,6,0,18,1.3857559919040892,l(r:p1udt259lv-p1ulv647),252.40190625683582,7188.104367883828,True,0.9500024679550005,1.0299994967663133,0,0,18,0.9730664219911205,recloser_disswitch(r:p1udt228-p1udt62)p1u_12237,168.2807031083044,6543.299892258732
4,46385,2023-04-18T10:00,peak,1.0,188.02274084091187,1.0,188.02274084091187,True,True,0.9772360829981945,1.0299995120271808,0,0,18,0.9391731255615432,recloser_disswitch(r:p1udt228-p1udt62)p1u_12237,150.5409035220024,6360.645328275454,True,0.9772360829981945,1.0299995120271808,0,0,18,0.9391731255615432,recloser_disswitch(r:p1udt228-p1udt62)p1u_12237,150.5409035220024,6360.645328275454
4,46385,2023-04-18T10:00,peak,3.0,564.0682225227356,0.962890625,543.136003327556,False,True,0.9483236213989632,1.029999479286053,6,0,18,0.9936841625416508,recloser_disswitch(r:p1udt228-p1udt62)p1u_12237,177.68014711620327,6763.712648122284,True,0.9500000504831894,1.0299994811432678,0,0,18,0.9906097521111927,recloser_disswitch(r:p1udt228-p1udt62)p1u_12237,175.94633994074516,6741.081787820992
4,46385,2023-04-18T10:00,peak,5.0,940.1137042045593,0.57769775390625,543.1015753354586,False,True,0.916506851712576,1.029999445021515,6,0,18,1.0500367787315288,recloser_disswitch(r:p1udt228-p1udt62)p1u_12237,213.98609372030836,7175.998612784805,True,0.9500035732706017,1.0299994811471174,0,0,18,0.9906032733914626,recloser_disswitch(r:p1udt228-p1udt62)p1u_12237,175.94283289509414,6741.0352844484305
4,46385,2023-04-18T10:00,peak,10.0,1880.2274084091187,0.288818359375,543.0441953486297,False,True,0.8169542452291227,1.0299993498970665,6,0,18,1.8731645547407967,l(r:p1udt259lv-p1ulv647),362.11542026280256,8264.257553931424,True,0.950008560118601,1.0299994811526172,0,0,18,0.9905941133017987,recloser_disswitch(r:p1udt228-p1udt62)p1u_12237,175.93777565934798,6740.968450683448
4,46413,2023-04-19T14:00,random,1.0,57.698155641555786,1.0,57.698155641555786,True,True,0.9861243182883328,1.0299995230440928,0,0,18,0.9205554915500869,recloser_disswitch(r:p1udt228-p1udt62)p1u_12237,143.145958832131,6222.96072742678,True,0.9861243182883328,1.0299995230440928,0,0,18,0.9205554915500869,recloser_disswitch(r:p1udt228-p1udt62)p1u_12237,143.145958832131,6222.96072742678
4,46413,2023-04-19T14:00,random,3.0,173.09446692466736,1.0,173.09446692466736,True,True,0.9765854534227418,1.029999513233644,0,0,18,0.936756769203983,recloser_disswitch(r:p1udt228-p1udt62)p1u_12237,150.15759340583847,6345.201293534663,True,0.9765854534227418,1.029999513233644,0,0,18,0.936756769203983,recloser_disswitch(r:p1udt228-p1udt62)p1u_12237,150.15759340583847,6345.201293534663
4,46413,2023-04-19T14:00,random,5.0,288.49077820777893,1.0,288.49077820777893,True,True,0.9667566786298996,1.0299995032669176,0,0,18,0.9531531876109763,recloser_disswitch(r:p1udt228-p1udt62)p1u_12237,158.05015979370958,6468.476228909895,True,0.9667566786298996,1.0299995032669176,0,0,18,0.9531531876109763,recloser_disswitch(r:p1udt228-p1udt62)p1u_12237,158.05015979370958,6468.476228909895
4,46413,2023-04-19T14:00,random,10.0,576.9815564155579,0.8270263671875,477.1789605365484,False,True,0.9407723861177203,1.0299994776580856,6,0,18,0.9949799255303651,recloser_disswitch(r:p1udt228-p1udt62)p1u_12237,181.96684583375082,6780.908296158439,True,0.9500015232114706,1.0299994866308815,0,0,18,0.9803749250935174,recloser_disswitch(r:p1udt228-p1udt62)p1u_12237,172.9820993956226,6672.150810002001
4,46948,2023-05-11T21:00,random,1.0,43.385165214538574,1.0,43.385165214538574,True,True,0.98825985821054,1.0299995242169016,0,0,18,0.9194048436670085,recloser_disswitch(r:p1udt228-p1udt62)p1u_12237,142.47425501950568,6207.965177541735,True,0.98825985821054,1.0299995242169016,0,0,18,0.9194048436670085,recloser_disswitch(r:p1udt228-p1udt62)p1u_12237,142.47425501950568,6207.965177541735
4,46948,2023-05-11T21:00,random,3.0,130.15549564361572,1.0,130.15549564361572,True,True,0.9838471100596142,1.0299995168084501,0,0,18,0.9332404977265611,recloser_disswitch(r:p1udt228-p1udt62)p1u_12237,147.7627218508116,6299.880749880015,True,0.9838471100596142,1.0299995168084501,0,0,18,0.9332404977265611,recloser_disswitch(r:p1udt228-p1udt62)p1u_12237,147.7627218508116,6299.880749880015
4,46948,2023-05-11T21:00,random,5.0,216.92582607269287,1.0,216.92582607269287,True,True,0.9791325397146714,1.0299995093308205,0,0,18,0.9471668621906254,recloser_disswitch(r:p1udt228-p1udt62)p1u_12237,153.3887255787399,6392.272725023438,True,0.9791325397146714,1.0299995093308205,0,0,18,0.9471668621906254,recloser_disswitch(r:p1udt228-p1udt62)p1u_12237,153.3887255787399,6392.272725023438
4,46948,2023-05-11T21:00,random,10.0,433.85165214538574,1.0,433.85165214538574,True,True,0.9670494116736714,1.029999490382749,0,0,18,0.9822854070426377,recloser_disswitch(r:p1udt228-p1udt62)p1u_12237,168.94525186130318,6624.674832858667,True,0.9670494116736714,1.029999490382749,0,0,18,0.9822854070426377,recloser_disswitch(r:p1udt228-p1udt62)p1u_12237,168.94525186130318,6624.674832858667
4,47304,2023-05-26T17:00,random,1.0,83.14106774330139,1.0,83.14106774330139,True,True,0.9860994776516622,1.0299995208405042,0,0,18,0.9248720970322305,recloser_disswitch(r:p1udt228-p1udt62)p1u_12237,144.74648813416337,6249.985285656705,True,0.9860994776516622,1.0299995208405042,0,0,18,0.9248720970322305,recloser_disswitch(r:p1udt228-p1udt62)p1u_12237,144.74648813416337,6249.985285656705
4,47304,2023-05-26T17:00,random,3.0,249.42320322990417,1.0,249.42320322990417,True,True,0.9765096091691856,1.0299995065709373,0,0,18,0.9497680827087506,recloser_disswitch(r:p1udt228-p1udt62)p1u_12237,155.21894033990506,6426.568707983118,True,0.9765096091691856,1.0299995065709373,0,0,18,0.9497680827087506,recloser_disswitch(r:p1udt228-p1udt62)p1u_12237,155.21894033990506,6426.568707983118
4,47304,2023-05-26T17:00,random,5.0,415.70533871650696,1.0,415.70533871650696,True,True,0.9666331845771162,1.029999492078211,0,0,18,0.9749368864786152,recloser_disswitch(r:p1udt228-p1udt62)p1u_12237,166.9244971425977,6604.536298300477,True,0.9666331845771162,1.029999492078211,0,0,18,0.9749368864786152,recloser_disswitch(r:p1udt228-p1udt62)p1u_12237,166.9244971425977,6604.536298300477
4,47304,2023-05-26T17:00,random,10.0,831.4106774330139,0.69696044921875,579.4603592289786,False,True,0.9405428561066168,1.0299994548459936,6,0,18,1.0986428642868618,l(r:p1udt61lv-p1ulv156),201.981571330049,7055.341143446681,True,0.9566018197315928,1.0299994775803505,0,0,18,0.9999971387319171,recloser_disswitch(r:p1udt228-p1udt62)p1u_12237,179.71714342267907,6781.167484157002
4,47458,2023-06-02T03:00,random,1.0,11.082432746887207,1.0,11.082432746887207,True,True,0.9892498034026712,1.02999952696316,0,0,18,0.9143518482914837,recloser_disswitch(r:p1udt228-p1udt62)p1u_12237,140.52379836705242,6173.749540589948,True,0.9892498034026712,1.02999952696316,0,0,18,0.9143518482914837,recloser_disswitch(r:p1udt228-p1udt62)p1u_12237,140.52379836705242,6173.749540589948
4,47458,2023-06-02T03:00,random,3.0,33.24729824066162,1.0,33.24729824066162,True,True,0.9891594784689007,1.029999525099611,0,0,18,0.9180073918866051,recloser_disswitch(r:p1udt228-p1udt62)p1u_12237,141.6783861252313,6196.821015624484,True,0.9891594784689007,1.029999525099611,0,0,18,0.9180073918866051,recloser_disswitch(r:p1udt228-p1udt62)p1u_12237,141.6783861252313,6196.821015624484
4,47458,2023-06-02T03:00,random,5.0,55.412163734436035,1.0,55.412163734436035,True,True,0.9890663735299432,1.0299995232096597,0,0,18,0.9217070108292998,recloser_disswitch(r:p1udt228-p1udt62)p1u_12237,142.86938711356223,6220.171425814297,True,0.9890663735299432,1.0299995232096597,0,0,18,0.9217070108292998,recloser_disswitch(r:p1udt228-p1udt62)p1u_12237,142.86938711356223,6220.171425814297
4,47458,2023-06-02T03:00,random,10.0,110.82432746887207,1.0,110.82432746887207,True,True,0.9888330687749957,1.0299995184707014,0,0,18,0.941200442688868,l(r:p1udt61lv-p1ulv156),145.95053801065916,6278.485181440944,True,0.9888330687749957,1.0299995184707014,0,0,18,0.941200442688868,l(r:p1udt61lv-p1ulv156),145.95053801065916,6278.485181440944
4,47868,2023-06-19T05:00,random,1.0,3.571868658065796,1.0,3.571868658065796,True,True,0.989281846259705,1.029999527612328,0,0,18,0.9130833831715763,recloser_disswitch(r:p1udt228-p1udt62)p1u_12237,140.150141442677,6165.737215331489,True,0.989281846259705,1.029999527612328,0,0,18,0.9130833831715763,recloser_disswitch(r:p1udt228-p1udt62)p1u_12237,140.150141442677,6165.737215331489
4,47868,2023-06-19T05:00,random,3.0,10.715605974197388,1.0,10.715605974197388,True,True,0.9891564917757945,1.0299995270138356,0,0,18,0.9142678318484452,recloser_disswitch(r:p1udt228-p1udt62)p1u_12237,140.56659410754176,6173.2404225287155,True,0.9891564917757945,1.0299995270138356,0,0,18,0.9142678318484452,recloser_disswitch(r:p1udt228-p1udt62)p1u_12237,140.56659410754176,6173.2404225287155
4,47868,2023-06-19T05:00,random,5.0,17.85934329032898,1.0,17.85934329032898,True,True,0.9880572261348561,1.029999526409125,0,0,18,0.9154630168745055,recloser_disswitch(r:p1udt228-p1udt62)p1u_12237,140.99570805763733,6180.8119148350925,True,0.9880572261348561,1.029999526409125,0,0,18,0.9154630168745055,recloser_disswitch(r:p1udt228-p1udt62)p1u_12237,140.99570805763733,6180.8119148350925
4,47868,2023-06-19T05:00,random,10.0,35.71868658065796,1.0,35.71868658065796,True,True,0.9852908811867445,1.0299995248875247,0,0,18,0.9184649477923771,recloser_disswitch(r:p1udt228-p1udt62)p1u_12237,142.11439826345622,6199.81777316483,True,0.9852908811867445,1.0299995248875247,0,0,18,0.9184649477923771,recloser_disswitch(r:p1udt228-p1udt62)p1u_12237,142.11439826345622,6199.81777316483
4,48214,2023-07-03T15:00,random,1.0,73.25083684921265,1.0,73.25083684921265,True,True,0.9819049182800483,1.0299995217033706,0,0,18,0.9235995293631467,recloser_disswitch(r:p1udt228-p1udt62)p1u_12237,144.32985646038424,6239.559757277988,True,0.9819049182800483,1.0299995217033706,0,0,18,0.9235995293631467,recloser_disswitch(r:p1udt228-p1udt62)p1u_12237,144.32985646038424,6239.559757277988
4,48214,2023-07-03T15:00,random,3.0,219.75251054763794,1.0,219.75251054763794,True,True,0.9633545241090188,1.0299995089382747,0,0,18,0.9462519862825804,recloser_disswitch(r:p1udt228-p1udt62)p1u_12237,155.23489295116232,6396.886108568309,True,0.9633545241090188,1.0299995089382747,0,0,18,0.9462519862825804,recloser_disswitch(r:p1udt228-p1udt62)p1u_12237,155.23489295116232,6396.886108568309
4,48214,2023-07-03T15:00,random,5.0,366.25418424606323,0.87347412109375,319.91355168123846,False,True,0.9436303574171963,1.0299994956480953,6,0,18,0.9695667314866508,recloser_disswitch(r:p1udt228-p1udt62)p1u_12237,169.2979538357928,6557.523494289628,True,0.9500012998851765,1.0299994999073028,0,0,18,0.9621248119056542,recloser_disswitch(r:p1udt228-p1udt62)p1u_12237,164.48743183054643,6506.3911272224705
4,48214,2023-07-03T15:00,random,10.0,732.5083684921265,0.43670654296875,319.8911972998758,False,True,0.8878327995954716,1.0299994596744175,6,0,18,1.2265149805735889,l(r:p1udt259lv-p1ulv647),221.5219583087246,6975.961081781872,True,0.9500043697715104,1.0299994999093662,0,0,18,0.9621212007035235,recloser_disswitch(r:p1udt228-p1udt62)p1u_12237,164.48516883758066,6506.366285227232
4,48449,2023-07-13T10:00,peak,1.0,185.93796157836914,1.0,185.93796157836914,True,True,0.9758036930632976,1.029999512083765,0,0,18,0.9398345803577677,recloser_disswitch(r:p1udt228-p1udt62)p1u_12237,151.01721294129504,6359.017479370211,True,0.9758036930632976,1.029999512083765,0,0,18,0.9398345803577677,recloser_disswitch(r:p1udt228-p1udt62)p1u_12237,151.01721294129504,6359.017479370211
4,48449,2023-07-13T10:00,peak,3.0,557.8138847351074,0.87255859375,486.7252988386899,False,True,0.9435911521480816,1.0299994793518525,6,0,18,0.9958259932785913,recloser_disswitch(r:p1udt228-p1udt62)p1u_12237,179.79163310614675,6759.562149040578,True,0.9500032684998994,1.0299994857298016,0,0,18,0.9849749160291731,recloser_disswitch(r:p1udt228-p1udt62)p1u_12237,173.5487305228942,6682.262069917166
4,48449,2023-07-13T10:00,peak,5.0,929.6898078918457,0.5235595703125,486.7479963437654,False,True,0.9076652440014535,1.029999444883265,6,0,18,1.0539676637702815,recloser_disswitch(r:p1udt228-p1udt62)p1u_12237,219.10545931182915,7170.7653799948,True,0.9500009199943739,1.0299994857274608,0,0,18,0.9849789373031337,recloser_disswitch(r:p1udt228-p1udt62)p1u_12237,173.55096538146734,6682.290351553295
4,48449,2023-07-13T10:00,peak,10.0,1859.3796157836914,0.26177978515625,486.7479963437654,False,True,0.795066162339336,1.0299993488602308,6,0,18,2.083760184171977,l(r:p1udt259lv-p1ulv647),383.0722215087995,8252.51461107542,True,0.9500009199943739,1.0299994857274608,0,0,18,0.9849789373031337,recloser_disswitch(r:p1udt228-p1udt62)p1u_12237,173.55096538146734,6682.290351553295
4,48450,2023-07-13T11:00,peak,1.0,197.65360134840012,1.0,197.65360134840012,True,True,0.9777710458273109,1.0299995110957738,0,0,18,0.9420095543397922,recloser_disswitch(r:p1udt228-p1udt62)p1u_12237,151.63427152348797,6371.386627480332,True,0.9777710458273109,1.0299995110957738,0,0,18,0.9420095543397922,recloser_disswitch(r:p1udt228-p1udt62)p1u_12237,151.63427152348797,6371.386627480332
4,48450,2023-07-13T11:00,peak,3.0,592.9608040452003,0.97674560546875,579.171859566366,False,True,0.9500881522050175,1.0299994765707206,0,0,18,1.0021155756441886,recloser_disswitch(r:p1udt228-p1udt62)p1u_12237,180.531596311334,6795.457277260372,True,0.9510925347039251,1.029999477795141,0,0,18,0.9999955120308612,recloser_disswitch(r:p1udt228-p1udt62)p1u_12237,179.3916922722198,6780.5536502648365
4,48450,2023-07-13T11:00,peak,5.0,988.2680067420006,0.5860595703125,579.1839233848077,False,True,0.9197807525993775,1.0299994406471766,6,0,18,1.0639394905272594,recloser_disswitch(r:p1udt228-p1udt62)p1u_12237,217.8604120082007,7228.038628166799,True,0.9510915502963305,1.0299994777939467,0,0,18,0.9999975900431668,recloser_disswitch(r:p1udt228-p1udt62)p1u_12237,179.39278428732862,6780.568122758803
4,48450,2023-07-13T11:00,peak,10.0,1976.5360134840012,0.29302978515625,579.1839233848077,False,True,0.8264758461811232,1.0299993424130987,6,0,18,1.7785789866120654,l(r:p1udt259lv-p1ulv647),362.38883452640374,8360.864150426476,True,0.9510915502963305,1.0299994777939467,0,0,18,0.9999975900431668,recloser_disswitch(r:p1udt228-p1udt62)p1u_12237,179.39278428732862,6780.568122758803
4,49081,2023-08-08T18:00,peak,1.0,184.03811740875244,1.0,184.03811740875244,True,True,0.9723582081284415,1.0299995121337766,0,0,18,0.9404987692864045,recloser_disswitch(r:p1udt228-p1udt62)p1u_12237,151.770183215387,6357.943435159055,True,0.9723582081284415,1.0299995121337766,0,0,18,0.9404987692864045,recloser_disswitch(r:p1udt228-p1udt62)p1u_12237,151.770183215387,6357.943435159055
4,49081,2023-08-08T18:00,peak,3.0,552.1143522262573,0.712890625,393.5971456300467,False,True,0.9319676707013557,1.0299994789656515,6,0,18,0.9984960136063705,recloser_disswitch(r:p1udt228-p1udt62)p1u_12237,185.50320362942583,6759.545026569339,True,0.9500013316198803,1.0299994935445036,0,0,18,0.9731505959976883,recloser_disswitch(r:p1udt228-p1udt62)p1u_12237,169.1751561805773,6584.773265263962
4,49081,2023-08-08T18:00,peak,5.0,920.1905870437622,0.427734375,393.5971456300467,False,True,0.8853316830875728,1.029999443011426,6,0,18,1.2439213009420966,l(r:p1udt259lv-p1ulv647),236.25460771513616,7178.368243672928,True,0.9500042635276262,1.0299994935471317,0,0,18,0.9731458528893462,recloser_disswitch(r:p1udt228-p1udt62)p1u_12237,169.1728034989763,6584.742700742283
4,49081,2023-08-08T18:00,peak,10.0,1840.3811740875244,0.2138671875,393.5971456300467,False,True,0.7643287173329457,1.0299993511028256,6,0,18,2.375495866632628,l(r:p1udt259lv-p1ulv647),423.00800737814956,8182.019684651673,True,0.9500042635276262,1.0299994935471317,0,0,18,0.9731458528893462,recloser_disswitch(r:p1udt228-p1udt62)p1u_12237,169.1728034989763,6584.742700742283
4,49289,2023-08-17T10:00,peak,1.0,186.71374398469925,1.0,186.71374398469925,True,True,0.9744736479599287,1.0299995119567602,0,0,18,0.9422514830722946,recloser_disswitch(r:p1udt228-p1udt62)p1u_12237,151.54175552197685,6360.341713973472,True,0.9744736479599287,1.0299995119567602,0,0,18,0.9422514830722946,recloser_disswitch(r:p1udt228-p1udt62)p1u_12237,151.54175552197685,6360.341713973472
4,49289,2023-08-17T10:00,peak,3.0,560.1412319540977,0.802978515625,449.7813749748602,False,True,0.9391481104080006,1.02999947875602,6,0,18,1.0033698053532083,recloser_disswitch(r:p1udt228-p1udt62)p1u_12237,182.7300336751158,6764.8182497518255,True,0.9500011032568669,1.0299994887651536,0,0,18,0.9850605996232316,recloser_disswitch(r:p1udt228-p1udt62)p1u_12237,172.305854537871,6644.078932103667
4,49289,2023-08-17T10:00,peak,5.0,933.5687199234962,0.48175048828125,449.74718666724584,False,True,0.8992474500841112,1.0299994434240958,6,0,18,1.0992019762424945,l(r:p1udt259lv-p1ulv647),226.87965476323382,7182.405728874003,True,0.9500044850630237,1.0299994887683006,0,0,18,0.9850548294827209,recloser_disswitch(r:p1udt228-p1udt62)p1u_12237,172.30273743731578,6644.040838880876
4,49289,2023-08-17T10:00,peak,10.0,1867.1374398469925,0.2408447265625,449.6902061545552,False,True,0.782790943767704,1.0299993476765683,6,0,18,2.198096416669914,l(r:p1udt259lv-p1ulv647),403.2233726478411,8247.535449536272,True,0.950009843216618,1.0299994887732797,0,0,18,0.9850456960839746,recloser_disswitch(r:p1udt228-p1udt62)p1u_12237,172.29774690983024,6643.980448938456
4,49408,2023-08-22T09:00,peak,1.0,197.64600601792336,1.0,197.64600601792336,True,True,0.9732649453222828,1.0299995110534568,0,0,18,0.9435334177329552,recloser_disswitch(r:p1udt228-p1udt62)p1u_12237,152.15693839147286,6371.902448548019,True,0.9732649453222828,1.0299995110534568,0,0,18,0.9435334177329552,recloser_disswitch(r:p1udt228-p1udt62)p1u_12237,152.15693839147286,6371.902448548019
4,49408,2023-08-22T09:00,peak,3.0,592.9380180537701,0.7489013671875,444.05209237791496,False,True,0.9350714367562093,1.0299994758840751,6,0,18,1.0074186608135125,recloser_disswitch(r:p1udt228-p1udt62)p1u_12237,185.66119333845285,6800.535795810709,True,0.9500023585422022,1.0299994893830409,0,0,18,0.9830393373548498,recloser_disswitch(r:p1udt228-p1udt62)p1u_12237,171.49146720106845,6637.533267601422
4,49408,2023-08-22T09:00,peak,5.0,988.2300300896168,0.4493408203125,444.05209237791496,False,True,0.891412763968547,1.0299994382554079,6,0,18,1.1792934782016327,l(r:p1udt259lv-p1ulv647),234.22983065366031,7244.400445664097,True,0.950002177903736,1.0299994893828723,0,0,18,0.9830396427557699,recloser_disswitch(r:p1udt228-p1udt62)p1u_12237,171.49161352027687,6637.535228812118
4,49408,2023-08-22T09:00,peak,10.0,1976.4600601792336,0.22467041015625,444.05209237791496,False,True,0.7721108651027757,1.0299993397658818,6,0,18,2.2974541858571373,l(r:p1udt259lv-p1ulv647),418.35621527956783,8339.5304023471,True,0.950002177903736,1.0299994893828723,0,0,18,0.9830396427557699,recloser_disswitch(r:p1udt228-p1udt62)p1u_12237,171.49161352027687,6637.535228812118
4,49409,2023-08-22T10:00,peak,1.0,219.909832239151,1.0,219.909832239151,True,True,0.9771545350921743,1.0299995092840788,0,0,18,0.9457472690969589,recloser_disswitch(r:p1udt228-p1udt62)p1u_12237,152.66256122062535,6394.659847104416,True,0.9771545350921743,1.0299995092840788,0,0,18,0.9457472690969589,recloser_disswitch(r:p1udt228-p1udt62)p1u_12237,152.66256122062535,6394.659847104416
4,49409,2023-08-22T10:00,peak,3.0,659.729496717453,0.86859130859375,573.0353068717086,False,True,0.9480777336588462,1.0299994710051699,6,0,18,1.0134959659957894,recloser_disswitch(r:p1udt228-p1udt62)p1u_12237,184.4219100704621,6866.112592011603,True,0.9540169136876747,1.0299994786675344,0,0,18,0.9999985056806487,recloser_disswitch(r:p1udt228-p1udt62)p1u_12237,177.44805965199913,6772.473447372785
4,49409,2023-08-22T10:00,peak,5.0,1099.549161195755,0.5211181640625,572.9950401787937,False,True,0.9160807562558805,1.0299994311190428,6,0,18,1.0832335999218043,recloser_disswitch(r:p1udt228-p1udt62)p1u_12237,225.8870212435817,7347.4129108575535,True,0.9540195508384993,1.0299994786709599,0,0,18,0.9999924715049437,recloser_disswitch(r:p1udt228-p1udt62)p1u_12237,177.44499618042892,6772.431438716
4,49409,2023-08-22T10:00,peak,10.0,2199.09832239151,0.26055908203125,572.9950401787937,False,True,0.8160807155629686,1.0299993216055279,18,0,18,1.869432265772821,l(r:p1udt259lv-p1ulv647),389.44560245619476,8610.455440019596,True,0.9540195508384993,1.0299994786709599,0,0,18,0.9999924715049437,recloser_disswitch(r:p1udt228-p1udt62)p1u_12237,177.44499618042892,6772.431438716
4,49410,2023-08-22T11:00,peak,1.0,204.56667828559875,1.0,204.56667828559875,True,True,0.9771583997801448,1.029999510596485,0,0,18,0.945164362621321,recloser_disswitch(r:p1udt228-p1udt62)p1u_12237,151.72344374510445,6378.407474112647,True,0.9771583997801448,1.029999510596485,0,0,18,0.945164362621321,recloser_disswitch(r:p1udt228-p1udt62)p1u_12237,151.72344374510445,6378.407474112647
4,49410,2023-08-22T11:00,peak,3.0,613.7000348567963,0.88421630859375,542.6435794049321,False,True,0.9480849828956799,1.0299994750184112,6,0,18,1.0116758041434635,recloser_disswitch(r:p1udt228-p1udt62)p1u_12237,181.21964659581155,6816.882412616533,True,0.9533231913225703,1.0299994812972701,0,0,18,0.9999995673557691,recloser_disswitch(r:p1udt228-p1udt62)p1u_12237,175.4860664603007,6740.1197606768765
4,49410,2023-08-22T11:00,peak,5.0,1022.8333914279938,0.530517578125,542.6310936457594,False,True,0.9160842842136747,1.0299994379266204,6,0,18,1.0800980287719335,recloser_disswitch(r:p1udt228-p1udt62)p1u_12237,219.89257608552015,7264.703249432795,True,0.9533239296266046,1.0299994812981692,0,0,18,0.999997889725714,recloser_disswitch(r:p1udt228-p1udt62)p1u_12237,175.48525769397605,6740.1086441403395
4,49410,2023-08-22T11:00,peak,10.0,2045.6667828559875,0.2652587890625,542.6310936457594,False,True,0.8159996789569157,1.0299993358484134,8,0,18,1.875508934612466,l(r:p1udt259lv-p1ulv647),373.98263481644176,8441.560605167255,True,0.9533239296266046,1.0299994812981692,0,0,18,0.999997889725714,recloser_disswitch(r:p1udt228-p1udt62)p1u_12237,175.48525769397605,6740.1086441403395
4,49458,2023-08-24T11:00,peak,1.0,192.7057340145111,1.0,192.7057340145111,True,True,0.979057182220047,1.0299995116176515,0,0,18,0.9415547429185569,recloser_disswitch(r:p1udt228-p1udt62)p1u_12237,150.88822597914165,6365.702139225765,True,0.979057182220047,1.0299995116176515,0,0,18,0.9415547429185569,recloser_disswitch(r:p1udt228-p1udt62)p1u_12237,150.88822597914165,6365.702139225765
4,49458,2023-08-24T11:00,peak,3.0,578.1172020435333,0.993408203125,574.306370877719,False,True,0.954274615773725,1.0299994782734272,0,0,18,1.0005847445012988,recloser_disswitch(r:p1udt228-p1udt62)p1u_12237,177.47589985523757,6777.563637215925,True,0.9545274540781558,1.0299994786067328,0,0,18,0.99999768832239,recloser_disswitch(r:p1udt228-p1udt62)p1u_12237,177.1816513052121,6773.479449888536
4,49458,2023-08-24T11:00,peak,5.0,963.5286700725555,0.59600830078125,574.2710854039615,False,True,0.9274363117900836,1.029999443757359,6,0,18,1.0610555375989565,recloser_disswitch(r:p1udt228-p1udt62)p1u_12237,211.10970367291137,7196.573982558016,True,0.9545298536039144,1.0299994786098916,0,0,18,0.9999921237371607,recloser_disswitch(r:p1udt228-p1udt62)p1u_12237,177.17887250352442,6773.440780024844
4,49458,2023-08-24T11:00,peak,10.0,1927.057340145111,0.2979736328125,574.2122762810322,False,True,0.8474825948066491,1.0299993508503187,6,0,18,1.5743557505699088,l(r:p1udt259lv-p1ulv647),335.39207367454344,8284.344641425601,True,0.9545336810291413,1.029999478614941,0,0,18,0.9999832358083618,recloser_disswitch(r:p1udt228-p1udt62)p1u_12237,177.1744117096255,6773.3788564078695
4,49459,2023-08-24T12:00,peak,1.0,189.81134700775146,1.0,189.81134700775146,True,True,0.9814946103512029,1.0299995118695309,0,0,18,0.9407730431704996,recloser_disswitch(r:p1udt228-p1udt62)p1u_12237,150.6634800416565,6362.585976652247,True,0.9814946103512029,1.0299995118695309,0,0,18,0.9407730431704996,recloser_disswitch(r:p1udt228-p1udt62)p1u_12237,150.6634800416565,6362.585976652247
4,49459,2023-08-24T12:00,peak,3.0,569.4340410232544,1.0,569.4340410232544,True,True,0.9620985571373157,1.029999479183319,0,0,18,0.9980400477902596,recloser_disswitch(r:p1udt228-p1udt62)p1u_12237,175.8278305280324,6767.236950606156,True,0.9620985571373157,1.029999479183319,0,0,18,0.9980400477902596,recloser_disswitch(r:p1udt228-p1udt62)p1u_12237,175.8278305280324,6767.236950606156
4,49459,2023-08-24T12:00,peak,5.0,949.0567350387573,0.613525390625,582.2704040899407,False,True,0.9414944447255303,1.0299994455831933,6,0,18,1.0564132292397048,recloser_disswitch(r:p1udt228-p1udt62)p1u_12237,206.40360324875965,7177.4176642153225,True,0.961421666837777,1.0299994780608581,0,0,18,0.9999982470980873,recloser_disswitch(r:p1udt228-p1udt62)p1u_12237,176.77151258370537,6781.03391301743
4,49459,2023-08-24T12:00,peak,10.0,1898.1134700775146,0.3067626953125,582.2704040899407,False,True,0.883184607490026,1.029999356901058,21,0,18,1.2192425315861517,l(r:p1udt259lv-p1ulv647),310.9392069510671,8230.945577904151,True,0.961421666837777,1.0299994780608581,0,0,18,0.9999982470980873,recloser_disswitch(r:p1udt228-p1udt62)p1u_12237,176.77151258370537,6781.03391301743
4,49553,2023-08-28T10:00,peak,1.0,197.9076976776123,1.0,197.9076976776123,True,True,0.9760736686513295,1.029999511052164,0,0,18,0.9412303815838876,recloser_disswitch(r:p1udt228-p1udt62)p1u_12237,151.7545596610886,6371.772732822185,True,0.9760736686513295,1.029999511052164,0,0,18,0.9412303815838876,recloser_disswitch(r:p1udt228-p1udt62)p1u_12237,151.7545596610886,6371.772732822185
4,49553,2023-08-28T10:00,peak,3.0,593.7230930328369,0.8883056640625,527.4075864257757,False,True,0.944490137036306,1.0299994762555178,6,0,18,0.9999934341537519,recloser_disswitch(r:p1udt228-p1udt62)p1u_12237,182.03886473913292,6797.71907257913,True,0.950000755676922,1.029999482195431,0,0,18,0.990015010564894,recloser_disswitch(r:p1udt228-p1udt62)p1u_12237,176.2934288371328,6725.692029484131
4,49553,2023-08-28T10:00,peak,5.0,989.5384883880615,0.532958984375,527.383427771274,False,True,0.9093664589627959,1.0299994397159915,6,0,18,1.0608967939184109,recloser_disswitch(r:p1udt228-p1udt62)p1u_12237,222.82381483132994,7234.33425847685,True,0.9500029926489837,1.0299994821978418,0,0,18,0.990010928070359,recloser_disswitch(r:p1udt228-p1udt62)p1u_12237,176.29116060719818,6725.662865816139
4,49553,2023-08-28T10:00,peak,10.0,1979.076976776123,0.2664794921875,527.383427771274,False,True,0.7978029714217656,1.029999337721362,6,0,18,2.0538296317668117,l(r:p1udt259lv-p1ulv647),392.16503086090944,8388.102474496989,True,0.9500029926489837,1.0299994821978418,0,0,18,0.990010928070359,recloser_disswitch(r:p1udt228-p1udt62)p1u_12237,176.29116060719818,6725.662865816139
4,49846,2023-09-09T15:00,random,1.0,30.41227789223194,1.0,30.41227789223194,True,True,0.9882616869069623,1.0299995253615315,0,0,18,0.9174509179880798,recloser_disswitch(r:p1udt228-p1udt62)p1u_12237,141.5570185904508,6194.094502721693,True,0.9882616869069623,1.0299995253615315,0,0,18,0.9174509179880798,recloser_disswitch(r:p1udt228-p1udt62)p1u_12237,141.5570185904508,6194.094502721693
4,49846,2023-09-09T15:00,random,3.0,91.23683367669582,1.0,91.23683367669582,True,True,0.9831395048922776,1.0299995202582466,0,0,18,0.9273582157100907,recloser_disswitch(r:p1udt228-p1udt62)p1u_12237,144.9508428937613,6258.161253431204,True,0.9831395048922776,1.0299995202582466,0,0,18,0.9273582157100907,recloser_disswitch(r:p1udt228-p1udt62)p1u_12237,144.9508428937613,6258.161253431204
4,49846,2023-09-09T15:00,random,5.0,152.0613894611597,1.0,152.0613894611597,True,True,0.977933973735177,1.029999515101117,0,0,18,0.9373402482388662,recloser_disswitch(r:p1udt228-p1udt62)p1u_12237,148.6053175020097,6322.637168732064,True,0.977933973735177,1.029999515101117,0,0,18,0.9373402482388662,recloser_disswitch(r:p1udt228-p1udt62)p1u_12237,148.6053175020097,6322.637168732064
4,49846,2023-09-09T15:00,random,10.0,304.1227789223194,1.0,304.1227789223194,True,True,0.9645499800295886,1.0299995020224608,0,0,18,0.9625248807813078,recloser_disswitch(r:p1udt228-p1udt62)p1u_12237,158.89961181399718,6484.938160944972,True,0.9645499800295886,1.0299995020224608,0,0,18,0.9625248807813078,recloser_disswitch(r:p1udt228-p1udt62)p1u_12237,158.89961181399718,6484.938160944972
4,50168,2023-09-23T01:00,random,1.0,8.444974184036255,1.0,8.444974184036255,True,True,0.9892627341714558,1.02999952719159,0,0,18,0.9133847610180583,recloser_disswitch(r:p1udt228-p1udt62)p1u_12237,140.43866267673263,6170.942421458872,True,0.9892627341714558,1.02999952719159,0,0,18,0.9133847610180583,recloser_disswitch(r:p1udt228-p1udt62)p1u_12237,140.43866267673263,6170.942421458872
4,50168,2023-09-23T01:00,random,3.0,25.334922552108765,1.0,25.334922552108765,True,True,0.9875085221138372,1.029999525762546,0,0,18,0.9151488090719656,recloser_disswitch(r:p1udt228-p1udt62)p1u_12237,141.44798462068604,6188.690782135852,True,0.9875085221138372,1.029999525762546,0,0,18,0.9151488090719656,recloser_disswitch(r:p1udt228-p1udt62)p1u_12237,141.44798462068604,6188.690782135852
4,50168,2023-09-23T01:00,random,5.0,42.224870920181274,1.0,42.224870920181274,True,True,0.9852958142627195,1.0299995243143207,0,0,18,0.9169431493812706,recloser_disswitch(r:p1udt228-p1udt62)p1u_12237,142.5069634114629,6206.633936831261,True,0.9852958142627195,1.0299995243143207,0,0,18,0.9169431493812706,recloser_disswitch(r:p1udt228-p1udt62)p1u_12237,142.5069634114629,6206.633936831261
4,50168,2023-09-23T01:00,random,10.0,84.44974184036255,1.0,84.44974184036255,True,True,0.9796916764509027,1.0299995206543548,0,0,18,0.9214785316541056,recloser_disswitch(r:p1udt228-p1udt62)p1u_12237,145.3504731101908,6251.773668249396,True,0.9796916764509027,1.0299995206543548,0,0,18,0.9214785316541056,recloser_disswitch(r:p1udt228-p1udt62)p1u_12237,145.3504731101908,6251.773668249396
4,51647,2023-11-23T16:00,random,1.0,17.233353793621063,1.0,17.233353793621063,True,True,0.9873508984290693,1.0299995264368709,0,0,18,0.915286241400554,recloser_disswitch(r:p1udt228-p1udt62)p1u_12237,141.07720181826872,6180.320442717087,True,0.9873508984290693,1.0299995264368709,0,0,18,0.915286241400554,recloser_disswitch(r:p1udt228-p1udt62)p1u_12237,141.07720181826872,6180.320442717087
4,51647,2023-11-23T16:00,random,3.0,51.70006138086319,1.0,51.70006138086319,True,True,0.9803463907047819,1.029999523437288,0,0,18,0.9209411102042873,recloser_disswitch(r:p1udt228-p1udt62)p1u_12237,143.64349903013823,6217.317851305672,True,0.9803463907047819,1.029999523437288,0,0,18,0.9209411102042873,recloser_disswitch(r:p1udt228-p1udt62)p1u_12237,143.64349903013823,6217.317851305672
4,51647,2023-11-23T16:00,random,5.0,86.16676896810532,1.0,86.16676896810532,True,True,0.9731828945756235,1.0299995203676875,0,0,18,0.9266852174721436,recloser_disswitch(r:p1udt228-p1udt62)p1u_12237,146.62897157213308,6254.764170143558,True,0.9731828945756235,1.0299995203676875,0,0,18,0.9266852174721436,recloser_disswitch(r:p1udt228-p1udt62)p1u_12237,146.62897157213308,6254.764170143558
4,51647,2023-11-23T16:00,random,10.0,172.33353793621063,1.0,172.33353793621063,True,True,0.9545190670006379,1.0299995123736252,0,0,18,0.9414486872917609,recloser_disswitch(r:p1udt228-p1udt62)p1u_12237,156.05814045934744,6350.371402601098,True,0.9545190670006379,1.0299995123736252,0,0,18,0.9414486872917609,recloser_disswitch(r:p1udt228-p1udt62)p1u_12237,156.05814045934744,6350.371402601098
5,44103,2023-01-13T08:00,random,1.0,79.95436143875122,1.0,79.95436143875122,True,True,0.9883916044022982,1.0299995211700212,0,0,18,0.923515212353979,recloser_disswitch(r:p1udt228-p1udt62)p1u_12237,144.30992311045358,6246.289379000814,True,0.9883916044022982,1.0299995211700212,0,0,18,0.923515212353979,recloser_disswitch(r:p1udt228-p1udt62)p1u_12237,144.30992311045358,6246.289379000814
5,44103,2023-01-13T08:00,random,3.0,239.86308431625366,1.0,239.86308431625366,True,True,0.9830076031568006,1.0299995075269124,0,0,18,0.9457377818860813,recloser_disswitch(r:p1udt228-p1udt62)p1u_12237,153.9498286838558,6415.748803370456,True,0.9830076031568006,1.0299995075269124,0,0,18,0.9457377818860813,recloser_disswitch(r:p1udt228-p1udt62)p1u_12237,153.9498286838558,6415.748803370456
5,44103,2023-01-13T08:00,random,5.0,399.7718071937561,1.0,399.7718071937561,True,True,0.9763333999984097,1.0299994936495056,0,0,18,0.9682264777047003,recloser_disswitch(r:p1udt228-p1udt62)p1u_12237,164.85292746367577,6586.543553501943,True,0.9763333999984097,1.0299994936495056,0,0,18,0.9682264777047003,recloser_disswitch(r:p1udt228-p1udt62)p1u_12237,164.85292746367577,6586.543553501943
5,44103,2023-01-13T08:00,random,10.0,799.5436143875122,0.7784423828125,622.3986363463337,False,True,0.9590218134844486,1.029999457883201,0,0,18,1.0256616379489758,recloser_disswitch(r:p1udt228-p1udt62)p1u_12237,197.9915449345453,7019.493529657709,True,0.9668058261399248,1.0299994739216003,0,0,18,0.9999991868972978,recloser_disswitch(r:p1udt228-p1udt62)p1u_12237,182.23794244779677,6826.62780041549
5,44752,2023-02-09T09:00,random,1.0,125.63688196241856,1.0,125.63688196241856,True,True,0.9868076518563135,1.0299995173220926,0,0,18,0.9290595720209504,recloser_disswitch(r:p1udt228-p1udt62)p1u_12237,146.7499614345845,6294.516592950398,True,0.9868076518563135,1.0299995173220926,0,0,18,0.9290595720209504,recloser_disswitch(r:p1udt228-p1udt62)p1u_12237,146.7499614345845,6294.516592950398
5,44752,2023-02-09T09:00,random,3.0,376.91064588725567,1.0,376.91064588725567,True,True,0.9745672738403188,1.0299994959124235,0,0,18,0.9624184477244236,recloser_disswitch(r:p1udt228-p1udt62)p1u_12237,161.87896835472148,6560.68646147505,True,0.9745672738403188,1.0299994959124235,0,0,18,0.9624184477244236,recloser_disswitch(r:p1udt228-p1udt62)p1u_12237,161.87896835472148,6560.68646147505
5,44752,2023-02-09T09:00,random,5.0,628.1844098120928,1.0,628.1844098120928,True,True,0.9618656517605817,1.0299994741157403,0,0,18,0.996208944084827,recloser_disswitch(r:p1udt228-p1udt62)p1u_12237,179.1665972631702,6829.2119500878825,True,0.9618656517605817,1.0299994741157403,0,0,18,0.996208944084827,recloser_disswitch(r:p1udt228-p1udt62)p1u_12237,179.1665972631702,6829.2119500878825
5,44752,2023-02-09T09:00,random,10.0,1256.3688196241856,0.52215576171875,656.0202180105534,False,True,0.9277761351315721,1.0299994178400393,6,0,18,1.192705032637119,l(r:p1udt62lv-p1ulv157),232.7006478168771,7510.977210156804,True,0.9604205619829818,1.0299994716650556,0,0,18,0.9999993018927913,recloser_disswitch(r:p1udt228-p1udt62)p1u_12237,181.22820472262154,6859.238281944436
5,46073,2023-04-05T10:00,peak,1.0,190.9374189376831,1.0,190.9374189376831,True,True,0.9823509187292164,1.0299995116611587,0,0,18,0.9346688056489314,recloser_disswitch(r:p1udt228-p1udt62)p1u_12237,151.11990823844246,6364.186864904122,True,0.9823509187292164,1.0299995116611587,0,0,18,0.9346688056489314,recloser_disswitch(r:p1udt228-p1udt62)p1u_12237,151.11990823844246,6364.186864904122
5,46073,2023-04-05T10:00,peak,3.0,572.8122568130493,1.0,572.8122568130493,True,True,0.9604927566671955,1.029999478324522,0,0,18,0.9798474082362293,recloser_disswitch(r:p1udt228-p1udt62)p1u_12237,178.42934767562593,6773.213566966292,True,0.9604927566671955,1.029999478324522,0,0,18,0.9798474082362293,recloser_disswitch(r:p1udt228-p1udt62)p1u_12237,178.42934767562593,6773.213566966292
5,46073,2023-04-05T10:00,peak,5.0,954.6870946884155,0.7747802734375,739.672728269943,False,True,0.9370648834987907,1.0299994437247424,6,0,18,1.067753454758489,l(r:p1udt62lv-p1ulv157),212.9772746152019,7189.611299616327,True,0.9504626084781715,1.0299994633652425,0,0,18,0.999996695982492,recloser_disswitch(r:p1udt228-p1udt62)p1u_12237,192.59042963191777,6954.252504858967
5,46073,2023-04-05T10:00,peak,10.0,1909.374189376831,0.38739013671875,739.672728269943,False,True,0.8692413970334364,1.029999350643348,12,0,18,2.0281106247970455,l(r:p1udt62lv-p1ulv157),337.67956471403835,8269.007801843525,True,0.9504626084781715,1.0299994633652425,0,0,18,0.999996695982492,recloser_disswitch(r:p1udt228-p1udt62)p1u_12237,192.59042963191777,6954.252504858967
5,46294,2023-04-14T15:00,random,1.0,91.37446284294128,1.0,91.37446284294128,True,True,0.9871282368076809,1.0299995202378893,0,0,18,0.9275425344031999,recloser_disswitch(r:p1udt228-p1udt62)p1u_12237,144.9278562250996,6258.4821444164245,True,0.9871282368076809,1.0299995202378893,0,0,18,0.9275425344031999,recloser_disswitch(r:p1udt228-p1udt62)p1u_12237,144.9278562250996,6258.4821444164245
5,46294,2023-04-14T15:00,random,3.0,274.12338852882385,1.0,274.12338852882385,True,True,0.9755613696591089,1.0299995047336845,0,0,18,0.9578161453998819,recloser_disswitch(r:p1udt228-p1udt62)p1u_12237,156.1136270702389,6452.15974072708,True,0.9755613696591089,1.0299995047336845,0,0,18,0.9578161453998819,recloser_disswitch(r:p1udt228-p1udt62)p1u_12237,156.1136270702389,6452.15974072708
5,46294,2023-04-14T15:00,random,5.0,456.8723142147064,1.0,456.8723142147064,True,True,0.963574359496651,1.029999488927038,0,0,18,0.9884817456257573,recloser_disswitch(r:p1udt228-p1udt62)p1u_12237,169.0569162871476,6647.824476497868,True,0.963574359496651,1.029999488927038,0,0,18,0.9884817456257573,recloser_disswitch(r:p1udt228-p1udt62)p1u_12237,169.0569162871476,6647.824476497868
5,46294,2023-04-14T15:00,random,10.0,913.7446284294128,0.5743408203125,524.8008394482895,False,True,0.9315031792799695,1.0299994480332058,6,0,18,1.156616681375772,l(r:p1udt62lv-p1ulv157),209.85138209268436,7145.522625077072,True,0.9589971450987131,1.0299994829658212,0,0,18,0.9999937377678804,recloser_disswitch(r:p1udt228-p1udt62)p1u_12237,174.34299497030227,6721.135070213671
5,46385,2023-04-18T10:00,peak,1.0,188.02274084091187,1.0,188.02274084091187,True,True,0.9855887782647723,1.0299995120574656,0,0,18,0.9334956281978825,recloser_disswitch(r:p1udt228-p1udt62)p1u_12237,149.97826050920048,6360.085547381715,True,0.9855887782647723,1.0299995120574656,0,0,18,0.9334956281978825,recloser_disswitch(r:p1udt228-p1udt62)p1u_12237,149.97826050920048,6360.085547381715
5,46385,2023-04-18T10:00,peak,3.0,564.0682225227356,1.0,564.0682225227356,True,True,0.9780330515365906,1.0299994799082262,0,0,18,0.9758083826000824,recloser_disswitch(r:p1udt228-p1udt62)p1u_12237,172.4793861389198,6758.390985889442,True,0.9780330515365906,1.0299994799082262,0,0,18,0.9758083826000824,recloser_disswitch(r:p1udt228-p1udt62)p1u_12237,172.4793861389198,6758.390985889442
5,46385,2023-04-18T10:00,peak,5.0,940.1137042045593,0.82623291015625,776.752881702705,False,True,0.9702732783823187,1.0299994470950429,0,0,18,1.0209292031200357,l(r:p1udt104-p1uhs0_1247)_cont,198.37502442963762,7160.273246487377,True,0.9736664416093826,1.0299994614145904,0,0,18,0.9999990151239385,recloser_disswitch(r:p1udt228-p1udt62)p1u_12237,186.71101889717204,6985.454674693747
5,46385,2023-04-18T10:00,peak,10.0,1880.2274084091187,0.4130859375,776.6955017158762,False,True,0.9477474691582923,1.029999362004479,5,0,18,1.3996493904261604,l(r:p1udm822-p1ulv579),278.9692781612771,8181.050754503544,True,0.9736678570799758,1.0299994614207346,0,0,18,0.9999906833108437,recloser_disswitch(r:p1udt228-p1udt62)p1u_12237,186.70629492142066,6985.380069495794
5,46413,2023-04-19T14:00,random,1.0,57.698155641555786,1.0,57.698155641555786,True,True,0.9878254046764979,1.029999523038408,0,0,18,0.9205099626769948,recloser_disswitch(r:p1udt228-p1udt62)p1u_12237,143.11778323681636,6222.983086288885,True,0.9878254046764979,1.029999523038408,0,0,18,0.9205099626769948,recloser_disswitch(r:p1udt228-p1udt62)p1u_12237,143.11778323681636,6222.983086288885
5,46413,2023-04-19T14:00,random,3.0,173.09446692466736,1.0,173.09446692466736,True,True,0.9834825498973226,1.029999513249854,0,0,18,0.9365695332558027,recloser_disswitch(r:p1udt228-p1udt62)p1u_12237,149.9111219497222,6344.959605950296,True,0.9834825498973226,1.029999513249854,0,0,18,0.9365695332558027,recloser_disswitch(r:p1udt228-p1udt62)p1u_12237,149.9111219497222,6344.959605950296
5,46413,2023-04-19T14:00,random,5.0,288.49077820777893,1.0,288.49077820777893,True,True,0.9771431066039094,1.029999503333032,0,0,18,0.9527877043147462,recloser_disswitch(r:p1udt228-p1udt62)p1u_12237,157.35694277753905,6467.793528673731,True,0.9771431066039094,1.029999503333032,0,0,18,0.9527877043147462,recloser_disswitch(r:p1udt228-p1udt62)p1u_12237,157.35694277753905,6467.793528673731
5,46413,2023-04-19T14:00,random,10.0,576.9815564155579,1.0,576.9815564155579,True,True,0.9607410176906355,1.0299994780270874,0,0,18,0.993927866996991,recloser_disswitch(r:p1udt228-p1udt62)p1u_12237,178.91935411677156,6777.876629828953,True,0.9607410176906355,1.0299994780270874,0,0,18,0.993927866996991,recloser_disswitch(r:p1udt228-p1udt62)p1u_12237,178.91935411677156,6777.876629828953
5,46948,2023-05-11T21:00,random,1.0,43.385165214538574,1.0,43.385165214538574,True,True,0.9881505398259643,1.0299995242400817,0,0,18,0.9179503227065767,recloser_disswitch(r:p1udt228-p1udt62)p1u_12237,142.22581296680627,6207.736028604453,True,0.9881505398259643,1.0299995242400817,0,0,18,0.9179503227065767,recloser_disswitch(r:p1udt228-p1udt62)p1u_12237,142.22581296680627,6207.736028604453
5,46948,2023-05-11T21:00,random,3.0,130.15549564361572,1.0,130.15549564361572,True,True,0.985840215238045,1.0299995168939593,0,0,18,0.92884781031295,recloser_disswitch(r:p1udt228-p1udt62)p1u_12237,146.93364611128382,6299.055459431201,True,0.985840215238045,1.0299995168939593,0,0,18,0.92884781031295,recloser_disswitch(r:p1udt228-p1udt62)p1u_12237,146.93364611128382,6299.055459431201
5,46948,2023-05-11T21:00,random,5.0,216.92582607269287,1.0,216.92582607269287,True,True,0.9830471217710748,1.0299995094932528,0,0,18,0.9398093953721585,recloser_disswitch(r:p1udt228-p1udt62)p1u_12237,151.86833282030148,6390.75749539529,True,0.9830471217710748,1.0299995094932528,0,0,18,0.9398093953721585,recloser_disswitch(r:p1udt228-p1udt62)p1u_12237,151.86833282030148,6390.75749539529
5,46948,2023-05-11T21:00,random,10.0,433.85165214538574,1.0,433.85165214538574,True,True,0.9738203543552424,1.0299994908094239,0,0,18,0.9673862371642784,recloser_disswitch(r:p1udt228-p1udt62)p1u_12237,165.18681300849119,6620.940409399854,True,0.9738203543552424,1.0299994908094239,0,0,18,0.9673862371642784,recloser_disswitch(r:p1udt228-p1udt62)p1u_12237,165.18681300849119,6620.940409399854
5,47304,2023-05-26T17:00,random,1.0,83.14106774330139,1.0,83.14106774330139,True,True,0.9866366314701457,1.0299995208846677,0,0,18,0.9220019912985001,recloser_disswitch(r:p1udt228-p1udt62)p1u_12237,144.4745681699778,6249.697531295796,True,0.9866366314701457,1.0299995208846677,0,0,18,0.9220019912985001,recloser_disswitch(r:p1udt228-p1udt62)p1u_12237,144.4745681699778,6249.697531295796
5,47304,2023-05-26T17:00,random,3.0,249.42320322990417,1.0,249.42320322990417,True,True,0.9812434072021208,1.0299995067249634,0,0,18,0.941102184822787,recloser_disswitch(r:p1udt228-p1udt62)p1u_12237,154.2121830430034,6425.569652600643,True,0.9812434072021208,1.0299995067249634,0,0,18,0.941102184822787,recloser_disswitch(r:p1udt228-p1udt62)p1u_12237,154.2121830430034,6425.569652600643
5,47304,2023-05-26T17:00,random,5.0,415.70533871650696,1.0,415.70533871650696,True,True,0.9757435318270677,1.0299994923823228,0,0,18,0.9603790230133799,recloser_disswitch(r:p1udt228-p1udt62)p1u_12237,164.89997261960775,6602.525526220236,True,0.9757435318270677,1.0299994923823228,0,0,18,0.9603790230133799,recloser_disswitch(r:p1udt228-p1udt62)p1u_12237,164.89997261960775,6602.525526220236
5,47304,2023-05-26T17:00,random,10.0,831.4106774330139,0.9056396484375,752.9584736176184,False,True,0.9602640234106488,1.0299994557312364,0,0,18,1.0093073225399751,recloser_disswitch(r:p1udt228-p1udt62)p1u_12237,195.951968147871,7049.327551487015,True,0.9633951589605626,1.0299994627338682,0,0,18,0.999996341958392,recloser_disswitch(r:p1udt228-p1udt62)p1u_12237,189.60506858691053,6964.55312864391
5,47458,2023-06-02T03:00,random,1.0,11.082432746887207,1.0,11.082432746887207,True,True,0.9892348598051557,1.029999526953055,0,0,18,0.9143656330992164,recloser_disswitch(r:p1udt228-p1udt62)p1u_12237,140.56970437402336,6173.829466682463,True,0.9892348598051557,1.029999526953055,0,0,18,0.9143656330992164,recloser_disswitch(r:p1udt228-p1udt62)p1u_12237,140.56970437402336,6173.829466682463
5,47458,2023-06-02T03:00,random,3.0,33.24729824066162,1.0,33.24729824066162,True,True,0.989116356053271,1.0299995250776062,0,0,18,0.9180331525691715,recloser_disswitch(r:p1udt228-p1udt62)p1u_12237,141.8150695132718,6196.945808333684,True,0.989116356053271,1.0299995250776062,0,0,18,0.9180331525691715,recloser_disswitch(r:p1udt228-p1udt62)p1u_12237,141.8150695132718,6196.945808333684
5,47458,2023-06-02T03:00,random,5.0,55.412163734436035,1.0,55.412163734436035,True,True,0.9889941803151112,1.0299995231707877,0,0,18,0.9217527054700538,recloser_disswitch(r:p1udt228-p1udt62)p1u_12237,143.10475424906568,6220.39338748629,True,0.9889941803151112,1.0299995231707877,0,0,18,0.9217527054700538,recloser_disswitch(r:p1udt228-p1udt62)p1u_12237,143.10475424906568,6220.39338748629
5,47458,2023-06-02T03:00,random,10.0,110.82432746887207,1.0,110.82432746887207,True,True,0.988226880813162,1.029999518359985,0,0,18,0.9311039577206468,recloser_disswitch(r:p1udt228-p1udt62)p1u_12237,146.47190220321457,6279.265556851428,True,0.988226880813162,1.029999518359985,0,0,18,0.9311039577206468,recloser_disswitch(r:p1udt228-p1udt62)p1u_12237,146.47190220321457,6279.265556851428
5,47868,2023-06-19T05:00,random,1.0,3.571868658065796,1.0,3.571868658065796,True,True,0.989283229234381,1.0299995276201053,0,0,18,0.9130735585368727,recloser_disswitch(r:p1udt228-p1udt62)p1u_12237,140.09760066372115,6165.688642592414,True,0.989283229234381,1.0299995276201053,0,0,18,0.9130735585368727,recloser_disswitch(r:p1udt228-p1udt62)p1u_12237,140.09760066372115,6165.688642592414
5,47868,2023-06-19T05:00,random,3.0,10.715605974197388,1.0,10.715605974197388,True,True,0.9892551231855242,1.029999527038228,0,0,18,0.9142370494653128,recloser_disswitch(r:p1udt228-p1udt62)p1u_12237,140.40222024829214,6173.087492079213,True,0.9892551231855242,1.029999527038228,0,0,18,0.9142370494653128,recloser_disswitch(r:p1udt228-p1udt62)p1u_12237,140.40222024829214,6173.087492079213
5,47868,2023-06-19T05:00,random,5.0,17.85934329032898,1.0,17.85934329032898,True,True,0.9892265918422053,1.0299995264521427,0,0,18,0.9154083568002053,recloser_disswitch(r:p1udt228-p1udt62)p1u_12237,140.71004558444886,6180.53879233794,True,0.9892265918422053,1.0299995264521427,0,0,18,0.9154083568002053,recloser_disswitch(r:p1udt228-p1udt62)p1u_12237,140.71004558444886,6180.53879233794
5,47868,2023-06-19T05:00,random,10.0,35.71868658065796,1.0,35.71868658065796,True,True,0.9891554734545515,1.0299995249887774,0,0,18,0.918332649407728,recloser_disswitch(r:p1udt228-p1udt62)p1u_12237,141.48237357717122,6199.138490348394,True,0.9891554734545515,1.0299995249887774,0,0,18,0.918332649407728,recloser_disswitch(r:p1udt228-p1udt62)p1u_12237,141.48237357717122,6199.138490348394
5,48214,2023-07-03T15:00,random,1.0,73.25083684921265,1.0,73.25083684921265,True,True,0.9874267101478427,1.0299995217854776,0,0,18,0.9220646895947334,recloser_disswitch(r:p1udt228-p1udt62)p1u_12237,143.7738842153982,6238.823682926395,True,0.9874267101478427,1.0299995217854776,0,0,18,0.9220646895947334,recloser_disswitch(r:p1udt228-p1udt62)p1u_12237,143.7738842153982,6238.823682926395
5,48214,2023-07-03T15:00,random,3.0,219.75251054763794,1.0,219.75251054763794,True,True,0.9831957829413744,1.0299995093928487,0,0,18,0.9414005999089776,recloser_disswitch(r:p1udt228-p1udt62)p1u_12237,151.96624220251303,6393.666166896215,True,0.9831957829413744,1.0299995093928487,0,0,18,0.9414005999089776,recloser_disswitch(r:p1udt228-p1udt62)p1u_12237,151.96624220251303,6393.666166896215
5,48214,2023-07-03T15:00,random,5.0,366.25418424606323,1.0,366.25418424606323,True,True,0.9771753190573785,1.0299994968929789,0,0,18,0.9608410574632633,recloser_disswitch(r:p1udt228-p1udt62)p1u_12237,160.8397215026244,6549.032567937381,True,0.9771753190573785,1.0299994968929789,0,0,18,0.9608410574632633,recloser_disswitch(r:p1udt228-p1udt62)p1u_12237,160.8397215026244,6549.032567937381
5,48214,2023-07-03T15:00,random,10.0,732.5083684921265,0.89862060546875,658.2471136053209,False,True,0.9616184552609168,1.0299994651060056,0,0,18,1.0100110306425276,recloser_disswitch(r:p1udt228-p1udt62)p1u_12237,186.15720385006335,6940.457507127075,True,0.9648278577251119,1.0299994716006728,0,0,18,0.9999978699027744,recloser_disswitch(r:p1udt228-p1udt62)p1u_12237,180.66130485310495,6860.898503300439
5,48449,2023-07-13T10:00,peak,1.0,185.93796157836914,1.0,185.93796157836914,True,True,0.9846844083941096,1.0299995122096415,0,0,18,0.9389081337784276,recloser_disswitch(r:p1udt228-p1udt62)p1u_12237,150.24487754386894,6358.307226435715,True,0.9846844083941096,1.0299995122096415,0,0,18,0.9389081337784276,recloser_disswitch(r:p1udt228-p1udt62)p1u_12237,150.24487754386894,6358.307226435715
5,48449,2023-07-13T10:00,peak,3.0,557.8138847351074,1.0,557.8138847351074,True,True,0.9742419123037417,1.029999480335114,0,0,18,0.9922475127880487,recloser_disswitch(r:p1udt228-p1udt62)p1u_12237,173.80177833449756,6753.446533465894,True,0.9742419123037417,1.029999480335114,0,0,18,0.9922475127880487,recloser_disswitch(r:p1udt228-p1udt62)p1u_12237,173.80177833449756,6753.446533465894
5,48449,2023-07-13T10:00,peak,5.0,929.6898078918457,0.6573486328125,611.1303241574205,False,True,0.9618496000717622,1.029999447726822,0,0,18,1.0464359566926986,recloser_disswitch(r:p1udt228-p1udt62)p1u_12237,201.54868728778848,7152.994634283945,True,0.9724888793023233,1.0299994756895168,0,0,18,0.9999924356744646,recloser_disswitch(r:p1udt228-p1udt62)p1u_12237,177.52747513040973,6810.648916437482
5,48449,2023-07-13T10:00,peak,10.0,1859.3796157836914,0.32867431640625,611.1303241574205,False,True,0.9286627940854488,1.029999362731441,27,0,18,1.185942072171653,recloser_disswitch(r:p1udt228-p1udt62)p1u_12237,291.13352901718423,8172.27007810651,True,0.9724888793023233,1.0299994756895168,0,0,18,0.9999924356744646,recloser_disswitch(r:p1udt228-p1udt62)p1u_12237,177.52747513040973,6810.648916437482
5,48450,2023-07-13T11:00,peak,1.0,197.65360134840012,1.0,197.65360134840012,True,True,0.9853387460091838,1.0299995112356688,0,0,18,0.9385950913963478,recloser_disswitch(r:p1udt228-p1udt62)p1u_12237,150.79271530205244,6370.5605392013795,True,0.9853387460091838,1.0299995112356688,0,0,18,0.9385950913963478,recloser_disswitch(r:p1udt228-p1udt62)p1u_12237,150.79271530205244,6370.5605392013795
5,48450,2023-07-13T11:00,peak,3.0,592.9608040452003,1.0,592.9608040452003,True,True,0.9699848101131173,1.029999477331924,0,0,18,0.991361203967865,recloser_disswitch(r:p1udt228-p1udt62)p1u_12237,175.89366881425238,6790.669779643356,True,0.9699848101131173,1.029999477331924,0,0,18,0.991361203967865,recloser_disswitch(r:p1udt228-p1udt62)p1u_12237,175.89366881425238,6790.669779643356
5,48450,2023-07-13T11:00,peak,5.0,988.2680067420006,0.66455078125,656.7542759647768,False,True,0.9538910712201975,1.0299994425552907,0,0,18,1.0450920410462474,recloser_disswitch(r:p1udt228-p1udt62)p1u_12237,205.86029213106042,7216.094825751221,True,0.9674337429523204,1.029999471763741,0,0,18,0.9999938387216348,recloser_disswitch(r:p1udt228-p1udt62)p1u_12237,180.40240663824247,6859.1502413897115
5,48450,2023-07-13T11:00,peak,10.0,1976.5360134840012,0.332275390625,656.7542759647768,False,True,0.9098302306272542,1.029999351575741,24,0,18,1.4196763165945898,l(r:p1udt62lv-p1ulv157),304.5122355025441,8302.99938006038,True,0.9674337429523204,1.029999471763741,0,0,18,0.9999938387216348,recloser_disswitch(r:p1udt228-p1udt62)p1u_12237,180.40240663824247,6859.1502413897115
5,49081,2023-08-08T18:00,peak,1.0,184.03811740875244,1.0,184.03811740875244,True,True,0.9847087187218851,1.0299995124433696,0,0,18,0.9350098044020255,recloser_disswitch(r:p1udt228-p1udt62)p1u_12237,149.6069054863782,6355.771522071663,True,0.9847087187218851,1.0299995124433696,0,0,18,0.9350098044020255,recloser_disswitch(r:p1udt228-p1udt62)p1u_12237,149.6069054863782,6355.771522071663
5,49081,2023-08-08T18:00,peak,3.0,552.1143522262573,1.0,552.1143522262573,True,True,0.9748104556809755,1.0299994810506516,0,0,18,0.9804424412594301,recloser_disswitch(r:p1udt228-p1udt62)p1u_12237,171.62689550390414,6745.585289804169,True,0.9748104556809755,1.0299994810506516,0,0,18,0.9804424412594301,recloser_disswitch(r:p1udt228-p1udt62)p1u_12237,171.62689550390414,6745.585289804169
5,49081,2023-08-08T18:00,peak,5.0,920.1905870437622,0.77008056640625,708.6208884723601,False,True,0.9628291770707319,1.029999448949421,0,0,18,1.0265621413306434,recloser_disswitch(r:p1udt228-p1udt62)p1u_12237,197.44934945036962,7139.417301983098,True,0.9697634745517839,1.0299994674716872,0,0,18,0.9999970614923209,recloser_disswitch(r:p1udt228-p1udt62)p1u_12237,182.14168067440292,6912.7533279634345
5,49081,2023-08-08T18:00,peak,10.0,1840.3811740875244,0.385009765625,708.5647244961001,False,True,0.9308132471619125,1.0299993653813324,21,0,18,1.2673959425011216,l(r:p1udm822-p1ulv579),280.1400610219409,8142.331510630157,True,0.9697652323800015,1.029999467476348,0,0,18,0.9999904171693768,recloser_disswitch(r:p1udt228-p1udt62)p1u_12237,182.13793730783075,6912.69597654959
5,49289,2023-08-17T10:00,peak,1.0,186.71374398469925,1.0,186.71374398469925,True,True,0.9853292516756522,1.0299995121565306,0,0,18,0.9383414253868927,recloser_disswitch(r:p1udt228-p1udt62)p1u_12237,150.16413355669408,6359.0063844730785,True,0.9853292516756522,1.0299995121565306,0,0,18,0.9383414253868927,recloser_disswitch(r:p1udt228-p1udt62)p1u_12237,150.16413355669408,6359.0063844730785
5,49289,2023-08-17T10:00,peak,3.0,560.1412319540977,1.0,560.1412319540977,True,True,0.9699578359805174,1.0299994802077452,0,0,18,0.9905006166377537,recloser_disswitch(r:p1udt228-p1udt62)p1u_12237,173.4021318523539,6755.377674527669,True,0.9699578359805174,1.0299994802077452,0,0,18,0.9905006166377537,recloser_disswitch(r:p1udt228-p1udt62)p1u_12237,173.4021318523539,6755.377674527669
5,49289,2023-08-17T10:00,peak,5.0,933.5687199234962,0.67193603515625,627.2984642112897,False,True,0.9538487128626908,1.029999447546046,0,0,18,1.0434818199540683,recloser_disswitch(r:p1udt228-p1udt62)p1u_12237,200.64554339051995,7156.18432623003,True,0.967111686329167,1.029999474373101,0,0,18,0.9999922552112824,recloser_disswitch(r:p1udt228-p1udt62)p1u_12237,178.00785287537406,6827.2970565627475
5,49289,2023-08-17T10:00,peak,10.0,1867.1374398469925,0.3359375,627.241483698599,False,True,0.9097571661788662,1.0299993626270072,10,0,18,1.4287974742767937,l(r:p1udt62lv-p1ulv157),288.2480467465107,8177.343276792184,True,0.9671176969585168,1.029999474386098,0,0,18,0.9999700657466783,recloser_disswitch(r:p1udt228-p1udt62)p1u_12237,177.99832648444678,6827.140949555122
5,49408,2023-08-22T09:00,peak,1.0,197.64600601792336,1.0,197.64600601792336,True,True,0.9809770593581086,1.0299995111723275,0,0,18,0.9409262055325561,recloser_disswitch(r:p1udt228-p1udt62)p1u_12237,151.28172666065726,6371.04434189792,True,0.9809770593581086,1.0299995111723275,0,0,18,0.9409262055325561,recloser_disswitch(r:p1udt228-p1udt62)p1u_12237,151.28172666065726,6371.04434189792
5,49408,2023-08-22T09:00,peak,3.0,592.9380180537701,1.0,592.9380180537701,True,True,0.9560737934405731,1.0299994768830572,0,0,18,0.9987438686268765,recloser_disswitch(r:p1udt228-p1udt62)p1u_12237,178.99383620540004,6793.901979266937,True,0.9560737934405731,1.0299994768830572,0,0,18,0.9987438686268765,recloser_disswitch(r:p1udt228-p1udt62)p1u_12237,178.99383620540004,6793.901979266937
5,49408,2023-08-22T09:00,peak,5.0,988.2300300896168,0.6085205078125,601.3582397456958,False,True,0.9291067824230911,1.0299994413434903,6,0,18,1.1892359159539574,l(r:p1udt62lv-p1ulv157),214.2258082226794,7224.391812467157,True,0.9555205137190237,1.0299994761375106,0,0,18,0.9999948723225004,recloser_disswitch(r:p1udt228-p1udt62)p1u_12237,179.66394371184543,6803.013504804315
5,49408,2023-08-22T09:00,peak,10.0,1976.4600601792336,0.30426025390625,601.3582397456958,False,True,0.848767124084491,1.0299993455169445,8,0,18,2.322879498366584,l(r:p1udt62lv-p1ulv157),344.78895352136504,8343.146930288945,True,0.9555205137190237,1.0299994761375106,0,0,18,0.9999948723225004,recloser_disswitch(r:p1udt228-p1udt62)p1u_12237,179.66394371184543,6803.013504804315
5,49409,2023-08-22T10:00,peak,1.0,219.909832239151,1.0,219.909832239151,True,True,0.9829177637426051,1.0299995093057417,0,0,18,0.940689468473277,recloser_disswitch(r:p1udt228-p1udt62)p1u_12237,152.23625771350476,6394.263666909506,True,0.9829177637426051,1.0299995093057417,0,0,18,0.940689468473277,recloser_disswitch(r:p1udt228-p1udt62)p1u_12237,152.23625771350476,6394.263666909506
5,49409,2023-08-22T10:00,peak,3.0,659.729496717453,1.0,659.729496717453,True,True,0.9623250379500085,1.0299994713254044,0,0,18,0.9978677221910549,recloser_disswitch(r:p1udt228-p1udt62)p1u_12237,181.40093452853534,6863.103089681469,True,0.9623250379500085,1.0299994713254044,0,0,18,0.9978677221910549,recloser_disswitch(r:p1udt228-p1udt62)p1u_12237,181.40093452853534,6863.103089681469
5,49409,2023-08-22T10:00,peak,5.0,1099.549161195755,0.61468505859375,675.8764405763213,False,True,0.9403754742351891,1.029999432193061,6,0,18,1.0562735590801375,recloser_disswitch(r:p1udt228-p1udt62)p1u_12237,217.19573758090115,7338.696755949058,True,0.9615434802075674,1.0299994699079396,0,0,18,0.9999926081425594,recloser_disswitch(r:p1udt228-p1udt62)p1u_12237,182.59517976558524,6880.461550112939
5,49409,2023-08-22T10:00,peak,10.0,2199.09832239151,0.30731201171875,675.8093294214632,False,True,0.8777074996169495,1.029999328483575,12,0,18,1.8869550076223711,l(r:p1udt62lv-p1ulv157),341.01878283704775,8562.081006367845,True,0.9615467506977932,1.0299994699138684,0,0,18,0.9999837145586994,recloser_disswitch(r:p1udt228-p1udt62)p1u_12237,182.59018886943707,6880.388983233827
5,49410,2023-08-22T11:00,peak,1.0,204.56667828559875,1.0,204.56667828559875,True,True,0.9837214778102829,1.029999510663618,0,0,18,0.9387003537525785,recloser_disswitch(r:p1udt228-p1udt62)p1u_12237,151.09144728185277,6377.793554701899,True,0.9837214778102829,1.029999510663618,0,0,18,0.9387003537525785,recloser_disswitch(r:p1udt228-p1udt62)p1u_12237,151.09144728185277,6377.793554701899
5,49410,2023-08-22T11:00,peak,3.0,613.7000348567963,1.0,613.7000348567963,True,True,0.9648787596739425,1.0299994755187378,0,0,18,0.9917760257300814,recloser_disswitch(r:p1udt228-p1udt62)p1u_12237,177.33897502502106,6813.014543026135,True,0.9648787596739425,1.0299994755187378,0,0,18,0.9917760257300814,recloser_disswitch(r:p1udt228-p1udt62)p1u_12237,177.33897502502106,6813.014543026135
5,49410,2023-08-22T11:00,peak,5.0,1022.8333914279938,0.6612548828125,676.35357438543,False,True,0.9449108341230844,1.029999439390316,6,0,18,1.0459049888593348,recloser_disswitch(r:p1udt228-p1udt62)p1u_12237,209.2894101707969,7254.082277189724,True,0.961896780565599,1.0299994700495831,0,0,18,0.9999984816171094,recloser_disswitch(r:p1udt228-p1udt62)p1u_12237,181.8507087068807,6880.195531372364
5,49410,2023-08-22T11:00,peak,10.0,2045.6667828559875,0.33062744140625,676.35357438543,False,True,0.8887284325098692,1.029999344138971,12,0,18,1.7339409683073583,l(r:p1udt62lv-p1ulv157),318.2556714633594,8385.833446038883,True,0.961896780565599,1.0299994700495831,0,0,18,0.9999984816171094,recloser_disswitch(r:p1udt228-p1udt62)p1u_12237,181.8507087068807,6880.195531372364
5,49458,2023-08-24T11:00,peak,1.0,192.7057340145111,1.0,192.7057340145111,True,True,0.9854962803678082,1.0299995116644802,0,0,18,0.938515293528384,recloser_disswitch(r:p1udt228-p1udt62)p1u_12237,150.41296449701662,6365.244655597933,True,0.9854962803678082,1.0299995116644802,0,0,18,0.938515293528384,recloser_disswitch(r:p1udt228-p1udt62)p1u_12237,150.41296449701662,6365.244655597933
5,49458,2023-08-24T11:00,peak,3.0,578.1172020435333,1.0,578.1172020435333,True,True,0.9746568875879799,1.0299994787340707,0,0,18,0.9909941190939092,recloser_disswitch(r:p1udt228-p1udt62)p1u_12237,174.04928821506232,6774.003373447578,True,0.9746568875879799,1.0299994787340707,0,0,18,0.9909941190939092,recloser_disswitch(r:p1udt228-p1udt62)p1u_12237,174.04928821506232,6774.003373447578
5,49458,2023-08-24T11:00,peak,5.0,963.5286700725555,0.6678466796875,643.4894230916689,False,True,0.9634661782070681,1.0299994451230303,0,0,18,1.0442104438397108,recloser_disswitch(r:p1udt228-p1udt62)p1u_12237,201.4866644512828,7186.7879655861625,True,0.9727804838742181,1.0299994730658952,0,0,18,0.999995429075213,recloser_disswitch(r:p1udt228-p1udt62)p1u_12237,178.4403534354531,6843.919462968474
5,49458,2023-08-24T11:00,peak,10.0,1927.057340145111,0.33392333984375,643.4894230916689,False,True,0.9337526823101957,1.0299993579342457,12,0,18,1.1806772912959418,recloser_disswitch(r:p1udt228-p1udt62)p1u_12237,288.1170850629368,8236.986106226246,True,0.9727804838742181,1.0299994730658952,0,0,18,0.999995429075213,recloser_disswitch(r:p1udt228-p1udt62)p1u_12237,178.4403534354531,6843.919462968474
5,49459,2023-08-24T12:00,peak,1.0,189.81134700775146,1.0,189.81134700775146,True,True,0.9855113690309705,1.0299995118820415,0,0,18,0.9379061371818807,recloser_disswitch(r:p1udt228-p1udt62)p1u_12237,150.41008945822537,6362.339276757523,True,0.9855113690309705,1.0299995118820415,0,0,18,0.9379061371818807,recloser_disswitch(r:p1udt228-p1udt62)p1u_12237,150.41008945822537,6362.339276757523
5,49459,2023-08-24T12:00,peak,3.0,569.4340410232544,1.0,569.4340410232544,True,True,0.9719165864772482,1.0299994793382352,0,0,18,0.9892264453159801,recloser_disswitch(r:p1udt228-p1udt62)p1u_12237,174.3451179244212,6765.6087437366195,True,0.9719165864772482,1.0299994793382352,0,0,18,0.9892264453159801,recloser_disswitch(r:p1udt228-p1udt62)p1u_12237,174.3451179244212,6765.6087437366195
5,49459,2023-08-24T12:00,peak,5.0,949.0567350387573,0.68292236328125,648.1320683806553,False,True,0.9572650619643122,1.0299994460224327,0,0,18,1.0414056918779846,recloser_disswitch(r:p1udt228-p1udt62)p1u_12237,202.55788031657653,7173.584539807316,True,0.968926658641999,1.0299994724816675,0,0,18,0.9999971964682355,recloser_disswitch(r:p1udt228-p1udt62)p1u_12237,179.84294091077862,6849.965763825735
5,49459,2023-08-24T12:00,peak,10.0,1898.1134700775146,0.3414306640625,648.074142554542,False,True,0.9175300107227884,1.029999359211567,12,0,18,1.3071960482624958,l(r:p1udt62lv-p1ulv157),293.7303640486654,8213.8054514328,True,0.9689288288363054,1.029999472486617,0,0,18,0.9999894502186066,recloser_disswitch(r:p1udt228-p1udt62)p1u_12237,179.8389110741594,6849.904892466207
5,49553,2023-08-28T10:00,peak,1.0,197.9076976776123,1.0,197.9076976776123,True,True,0.9813832078312835,1.029999511192704,0,0,18,0.9370755064784568,recloser_disswitch(r:p1udt228-p1udt62)p1u_12237,150.89841702227204,6370.928609565053,True,0.9813832078312835,1.029999511192704,0,0,18,0.9370755064784568,recloser_disswitch(r:p1udt228-p1udt62)p1u_12237,150.89841702227204,6370.928609565053
5,49553,2023-08-28T10:00,peak,3.0,593.7230930328369,1.0,593.7230930328369,True,True,0.9573869545905717,1.0299994769889533,0,0,18,0.9870340667316425,recloser_disswitch(r:p1udt228-p1udt62)p1u_12237,177.46615956470222,6793.161032095889,True,0.9573869545905717,1.0299994769889533,0,0,18,0.9870340667316425,recloser_disswitch(r:p1udt228-p1udt62)p1u_12237,177.46615956470222,6793.161032095889
5,49553,2023-08-28T10:00,peak,5.0,989.5384883880615,0.7021484375,694.8029034677893,False,True,0.9314879462866411,1.0299994416063025,6,0,18,1.1530132454924378,l(r:p1udt62lv-p1ulv157),210.9583921692755,7222.438906396162,True,0.9509666762326539,1.0299994680685973,0,0,18,0.9999939371241204,recloser_disswitch(r:p1udt228-p1udt62)p1u_12237,185.3259391439231,6902.111391272733
5,49553,2023-08-28T10:00,peak,10.0,1979.076976776123,0.35107421875,694.8029034677893,False,True,0.8550423913046756,1.0299993466921173,6,0,18,2.2335794143532026,l(r:p1udt62lv-p1ulv157),333.24332975878684,8334.24326856428,True,0.9509666762326539,1.0299994680685973,0,0,18,0.9999939371241204,recloser_disswitch(r:p1udt228-p1udt62)p1u_12237,185.3259391439231,6902.111391272733
5,49846,2023-09-09T15:00,random,1.0,30.41227789223194,1.0,30.41227789223194,True,True,0.9885032789295956,1.029999525325186,0,0,18,0.9165558549108378,recloser_disswitch(r:p1udt228-p1udt62)p1u_12237,141.69522514870553,6194.259595330269,True,0.9885032789295956,1.029999525325186,0,0,18,0.9165558549108378,recloser_disswitch(r:p1udt228-p1udt62)p1u_12237,141.69522514870553,6194.259595330269
5,49846,2023-09-09T15:00,random,3.0,91.23683367669582,1.0,91.23683367669582,True,True,0.9866405914888794,1.0299995201617977,0,0,18,0.9246510762066575,recloser_disswitch(r:p1udt228-p1udt62)p1u_12237,145.31929713927633,6258.528327475649,True,0.9866405914888794,1.0299995201617977,0,0,18,0.9246510762066575,recloser_disswitch(r:p1udt228-p1udt62)p1u_12237,145.31929713927633,6258.528327475649
5,49846,2023-09-09T15:00,random,5.0,152.0613894611597,1.0,152.0613894611597,True,True,0.983840076348559,1.029999514950667,0,0,18,0.9328108134749015,recloser_disswitch(r:p1udt228-p1udt62)p1u_12237,149.1449653729792,6323.176345290348,True,0.983840076348559,1.029999514950667,0,0,18,0.9328108134749015,recloser_disswitch(r:p1udt228-p1udt62)p1u_12237,149.1449653729792,6323.176345290348
5,49846,2023-09-09T15:00,random,10.0,304.1227789223194,1.0,304.1227789223194,True,True,0.9767340151811983,1.0299995017784807,0,0,18,0.9533713037102127,recloser_disswitch(r:p1udt228-p1udt62)p1u_12237,159.5715921624546,6485.618511610564,True,0.9767340151811983,1.0299995017784807,0,0,18,0.9533713037102127,recloser_disswitch(r:p1udt228-p1udt62)p1u_12237,159.5715921624546,6485.618511610564
5,50168,2023-09-23T01:00,random,1.0,8.444974184036255,1.0,8.444974184036255,True,True,0.9889672578536288,1.029999527209422,0,0,18,0.9138884938071232,recloser_disswitch(r:p1udt228-p1udt62)p1u_12237,140.3512715262054,6170.864507621801,True,0.9889672578536288,1.029999527209422,0,0,18,0.9138884938071232,recloser_disswitch(r:p1udt228-p1udt62)p1u_12237,140.3512715262054,6170.864507621801
5,50168,2023-09-23T01:00,random,3.0,25.334922552108765,1.0,25.334922552108765,True,True,0.9883083195914613,1.0299995258200936,0,0,18,0.9166549605990428,recloser_disswitch(r:p1udt228-p1udt62)p1u_12237,141.1633502647377,6188.428699822949,True,0.9883083195914613,1.0299995258200936,0,0,18,0.9166549605990428,recloser_disswitch(r:p1udt228-p1udt62)p1u_12237,141.1633502647377,6188.428699822949
5,50168,2023-09-23T01:00,random,5.0,42.224870920181274,1.0,42.224870920181274,True,True,0.9876448603752769,1.0299995244174172,0,0,18,0.9194451125859229,recloser_disswitch(r:p1udt228-p1udt62)p1u_12237,141.99449729017016,6206.147885026559,True,0.9876448603752769,1.0299995244174172,0,0,18,0.9194451125859229,recloser_disswitch(r:p1udt228-p1udt62)p1u_12237,141.99449729017016,6206.147885026559
5,50168,2023-09-23T01:00,random,10.0,84.44974184036255,1.0,84.44974184036255,True,True,0.9859774941494529,1.0299995209093438,0,0,18,0.9264168705989443,recloser_disswitch(r:p1udt228-p1udt62)p1u_12237,144.1239936522001,6250.400734649937,True,0.9859774941494529,1.0299995209093438,0,0,18,0.9264168705989443,recloser_disswitch(r:p1udt228-p1udt62)p1u_12237,144.1239936522001,6250.400734649937
5,51647,2023-11-23T16:00,random,1.0,17.233353793621063,1.0,17.233353793621063,True,True,0.9889951521581309,1.0299995265021604,0,0,18,0.9153099701952793,recloser_disswitch(r:p1udt228-p1udt62)p1u_12237,140.681787563577,6179.919844827346,True,0.9889951521581309,1.0299995265021604,0,0,18,0.9153099701952793,recloser_disswitch(r:p1udt228-p1udt62)p1u_12237,140.681787563577,6179.919844827346
5,51647,2023-11-23T16:00,random,3.0,51.70006138086319,1.0,51.70006138086319,True,True,0.9883910984188425,1.0299995236860908,0,0,18,0.9209421247520622,recloser_disswitch(r:p1udt228-p1udt62)p1u_12237,142.16264134540577,6215.750233055842,True,0.9883910984188425,1.0299995236860908,0,0,18,0.9209421247520622,recloser_disswitch(r:p1udt228-p1udt62)p1u_12237,142.16264134540577,6215.750233055842
5,51647,2023-11-23T16:00,random,5.0,86.16676896810532,1.0,86.16676896810532,True,True,0.9877842602545912,1.0299995208582329,0,0,18,0.9265950835526874,recloser_disswitch(r:p1udt228-p1udt62)p1u_12237,143.6626258781206,6251.715212486404,True,0.9877842602545912,1.0299995208582329,0,0,18,0.9265950835526874,recloser_disswitch(r:p1udt228-p1udt62)p1u_12237,143.6626258781206,6251.715212486404
5,51647,2023-11-23T16:00,random,10.0,172.33353793621063,1.0,172.33353793621063,True,True,0.9862641012116513,1.0299995137920346,0,0,18,0.9407148552550393,recloser_disswitch(r:p1udt228-p1udt62)p1u_12237,147.46601042820507,6341.5207519777305,True,0.9862641012116513,1.0299995137920346,0,0,18,0.9407148552550393,recloser_disswitch(r:p1udt228-p1udt62)p1u_12237,147.46601042820507,6341.5207519777305
6,44103,2023-01-13T08:00,random,1.0,79.95436143875122,1.0,79.95436143875122,True,True,0.9883220631159113,1.0299995211351705,0,0,18,0.9170977568681767,recloser_disswitch(r:p1udt228-p1udt62)p1u_12237,144.17857898021768,6246.2901695065275,True,0.9883220631159113,1.0299995211351705,0,0,18,0.9170977568681767,recloser_disswitch(r:p1udt228-p1udt62)p1u_12237,144.17857898021768,6246.2901695065275
6,44103,2023-01-13T08:00,random,3.0,239.86308431625366,1.0,239.86308431625366,True,True,0.9833127740966625,1.029999507455766,0,0,18,0.9262823176602965,recloser_disswitch(r:p1udt228-p1udt62)p1u_12237,153.37931873950413,6415.176155109009,True,0.9833127740966625,1.029999507455766,0,0,18,0.9262823176602965,recloser_disswitch(r:p1udt228-p1udt62)p1u_12237,153.37931873950413,6415.176155109009
6,44103,2023-01-13T08:00,random,5.0,399.7718071937561,0.9776611328125,390.84135788754793,False,True,0.9782235714129353,1.0299994935349812,0,0,18,1.0094796841214408,l(r:p1udm822-p1ulv579),163.62110243609263,6585.308939333253,True,0.9785087100464568,1.0299994943118358,0,0,18,0.9999827432984562,l(r:p1udm822-p1ulv579),163.0253722763907,6575.857435488294
6,44103,2023-01-13T08:00,random,10.0,799.5436143875122,0.48883056640625,390.84135788754793,False,True,0.9651356086922124,1.0299994577257858,0,0,18,1.4417602527276228,l(r:p1udm822-p1ulv579),193.93732887869587,7015.133122076009,True,0.9785087100464568,1.0299994943118358,0,0,18,0.9999827432984562,l(r:p1udm822-p1ulv579),163.0253722763907,6575.857435488294
6,44752,2023-02-09T09:00,random,1.0,125.63688196241856,1.0,125.63688196241856,True,True,0.9876266485206556,1.0299995172549838,0,0,18,0.920629895888378,recloser_disswitch(r:p1udt228-p1udt62)p1u_12237,146.78969578750784,6294.494080754502,True,0.9876266485206556,1.0299995172549838,0,0,18,0.920629895888378,recloser_disswitch(r:p1udt228-p1udt62)p1u_12237,146.78969578750784,6294.494080754502
6,44752,2023-02-09T09:00,random,3.0,376.91064588725567,1.0,376.91064588725567,True,True,0.9811908638185198,1.0299994955854426,0,0,18,0.9370278329597277,recloser_disswitch(r:p1udt228-p1udt62)p1u_12237,162.2837032280121,6561.078544550149,True,0.9811908638185198,1.0299994955854426,0,0,18,0.9370278329597277,recloser_disswitch(r:p1udt228-p1udt62)p1u_12237,162.2837032280121,6561.078544550149
6,44752,2023-02-09T09:00,random,5.0,628.1844098120928,0.97808837890625,614.4198710472892,False,True,0.9746167451400409,1.0299994733830102,0,0,18,1.0093318555327866,l(r:p1udm822-p1ulv579),180.29409664628065,6830.317107698485,True,0.9749781396922945,1.0299994745991172,0,0,18,0.9999986268630664,l(r:p1udm822-p1ulv579),179.2495708078635,6815.660149384709
6,44752,2023-02-09T09:00,random,10.0,1256.3688196241856,0.489013671875,614.3815297136825,False,True,0.9575315144950168,1.0299994154131586,0,0,18,1.6022054529905119,l(r:p1udm823-p1ulv1893),237.0897824851771,7515.352806809343,True,0.9749791967891979,1.029999474602791,0,0,18,0.9999711177291498,l(r:p1udm822-p1ulv579),179.2464804397601,6815.615986037137
6,46073,2023-04-05T10:00,peak,1.0,190.9374189376831,1.0,190.9374189376831,True,True,0.9778345587709292,1.0299995116654301,0,0,18,0.9309657574698474,recloser_disswitch(r:p1udt228-p1udt62)p1u_12237,150.99310913019585,6364.05182711625,True,0.9778345587709292,1.0299995116654301,0,0,18,0.9309657574698474,recloser_disswitch(r:p1udt228-p1udt62)p1u_12237,150.99310913019585,6364.05182711625
6,46073,2023-04-05T10:00,peak,3.0,572.8122568130493,1.0,572.8122568130493,True,True,0.9502645263245619,1.0299994781044635,0,0,18,0.968871501243713,recloser_disswitch(r:p1udt228-p1udt62)p1u_12237,179.26199915595703,6774.038313258258,True,0.9502645263245619,1.0299994781044635,0,0,18,0.968871501243713,recloser_disswitch(r:p1udt228-p1udt62)p1u_12237,179.26199915595703,6774.038313258258
6,46073,2023-04-05T10:00,peak,5.0,954.6870946884155,0.6036376953125,576.2851175823016,False,True,0.9200655759167035,1.029999442889557,6,0,18,1.0265012811060317,l(r:p1udt104-p1uhs0_1247)_cont,216.88847891834544,7193.4849602563145,True,0.95000018218224,1.0299994777893713,0,0,18,0.9692274679431714,recloser_disswitch(r:p1udt228-p1udt62)p1u_12237,179.56193205278475,6777.8385345974275
6,46073,2023-04-05T10:00,peak,10.0,1909.374189376831,0.30181884765625,576.2851175823016,False,True,0.8270161477411256,1.029999345196084,6,0,18,1.7773577108216858,l(r:p1udt259lv-p1ulv647),366.6736313646,8297.987643833048,True,0.95000018218224,1.0299994777893713,0,0,18,0.9692274679431714,recloser_disswitch(r:p1udt228-p1udt62)p1u_12237,179.56193205278475,6777.8385345974275
6,46294,2023-04-14T15:00,random,1.0,91.37446284294128,1.0,91.37446284294128,True,True,0.9863723592554366,1.0299995202568997,0,0,18,0.9220097591393656,recloser_disswitch(r:p1udt228-p1udt62)p1u_12237,144.55637985414043,6258.061426463767,True,0.9863723592554366,1.0299995202568997,0,0,18,0.9220097591393656,recloser_disswitch(r:p1udt228-p1udt62)p1u_12237,144.55637985414043,6258.061426463767
6,46294,2023-04-14T15:00,random,3.0,274.12338852882385,1.0,274.12338852882385,True,True,0.9773562948611106,1.0299995048316264,0,0,18,0.9411060828896207,recloser_disswitch(r:p1udt228-p1udt62)p1u_12237,154.58603854548753,6450.643125842468,True,0.9773562948611106,1.0299995048316264,0,0,18,0.9411060828896207,recloser_disswitch(r:p1udt228-p1udt62)p1u_12237,154.58603854548753,6450.643125842468
6,46294,2023-04-14T15:00,random,5.0,456.8723142147064,1.0,456.8723142147064,True,True,0.9680889951750233,1.0299994891870763,0,0,18,0.9603913556636959,recloser_disswitch(r:p1udt228-p1udt62)p1u_12237,165.7641985074573,6644.553084182589,True,0.9680889951750233,1.0299994891870763,0,0,18,0.9603913556636959,recloser_disswitch(r:p1udt228-p1udt62)p1u_12237,165.7641985074573,6644.553084182589
6,46294,2023-04-14T15:00,random,10.0,913.7446284294128,0.87445068359375,799.0246149602171,False,True,0.9437103953323922,1.0299994491145026,6,0,18,1.0823839033613318,l(r:p1udm823-p1ulv1893),199.04977407091462,7134.75106855997,True,0.9500023215402016,1.0299994593062947,0,0,18,0.9993508761163865,l(r:p1udt104-p1uhs0_1247)_cont,189.9454048728935,7010.9599695349925
6,46385,2023-04-18T10:00,peak,1.0,188.02274084091187,1.0,188.02274084091187,True,True,0.9844923673829963,1.029999511973408,0,0,18,0.9261256652804519,recloser_disswitch(r:p1udt228-p1udt62)p1u_12237,150.09075157267642,6360.274361949712,True,0.9844923673829963,1.029999511973408,0,0,18,0.9261256652804519,recloser_disswitch(r:p1udt228-p1udt62)p1u_12237,150.09075157267642,6360.274361949712
6,46385,2023-04-18T10:00,peak,3.0,564.0682225227356,0.9556884765625,539.0735002600704,False,True,0.9715258038760688,1.0299994793956506,0,0,18,1.0193078229468147,l(r:p1udm822-p1ulv579),173.96575547223398,6759.8338794385645,True,0.9723997048588685,1.0299994815777236,0,0,18,0.9999936214008819,l(r:p1udm822-p1ulv579),172.23443768626285,6733.298782750653
6,46385,2023-04-18T10:00,peak,5.0,940.1137042045593,0.5733642578125,539.0275962706073,False,True,0.9580116235445172,1.0299994457089017,0,0,18,1.3145414057860711,l(r:p1udm822-p1ulv579),202.9604952882108,7165.033391664906,True,0.9724013081375029,1.0299994815817295,0,0,18,0.9999581917400163,l(r:p1udm822-p1ulv579),172.23126681839278,6733.250048952445
6,46385,2023-04-18T10:00,peak,10.0,1880.2274084091187,0.28668212890625,539.0275962706073,False,True,0.9214932680926473,1.0299993563460237,18,0,18,2.084537564551071,l(r:p1udm822-p1ulv579),300.2885962256648,8202.452402325884,True,0.9724013081375029,1.0299994815817295,0,0,18,0.9999581917400163,l(r:p1udm822-p1ulv579),172.23126681839278,6733.250048952445
6,46413,2023-04-19T14:00,random,1.0,57.698155641555786,1.0,57.698155641555786,True,True,0.9881852514614284,1.0299995230260945,0,0,18,0.9155051727630862,recloser_disswitch(r:p1udt228-p1udt62)p1u_12237,142.9745898145944,6222.785845552766,True,0.9881852514614284,1.0299995230260945,0,0,18,0.9155051727630862,recloser_disswitch(r:p1udt228-p1udt62)p1u_12237,142.9745898145944,6222.785845552766
6,46413,2023-04-19T14:00,random,3.0,173.09446692466736,1.0,173.09446692466736,True,True,0.9855571970645884,1.02999951318714,0,0,18,0.9215233038568658,recloser_disswitch(r:p1udt228-p1udt62)p1u_12237,149.46075670629392,6344.508395785375,True,0.9855571970645884,1.02999951318714,0,0,18,0.9215233038568658,recloser_disswitch(r:p1udt228-p1udt62)p1u_12237,149.46075670629392,6344.508395785375
6,46413,2023-04-19T14:00,random,5.0,288.49077820777893,1.0,288.49077820777893,True,True,0.9820139976535258,1.0299995032079137,0,0,18,0.927610865042684,recloser_disswitch(r:p1udt228-p1udt62)p1u_12237,156.5545815083414,6466.989574207883,True,0.9820139976535258,1.0299995032079137,0,0,18,0.927610865042684,recloser_disswitch(r:p1udt228-p1udt62)p1u_12237,156.5545815083414,6466.989574207883
6,46413,2023-04-19T14:00,random,10.0,576.9815564155579,0.93536376953125,539.6876435588638,False,True,0.9729767227612395,1.0299994776922523,0,0,18,1.0288878310508611,l(r:p1udm822-p1ulv579),177.00220720725727,6775.790078381378,True,0.9741569622802535,1.0299994810227329,0,0,18,0.9999785937628348,l(r:p1udm822-p1ulv579),174.14461263604687,6735.822912239098
6,46948,2023-05-11T21:00,random,1.0,43.385165214538574,1.0,43.385165214538574,True,True,0.9880041460852992,1.029999524255747,0,0,18,0.9187094298909795,recloser_disswitch(r:p1udt228-p1udt62)p1u_12237,142.2852550620657,6207.786717582958,True,0.9880041460852992,1.029999524255747,0,0,18,0.9187094298909795,recloser_disswitch(r:p1udt228-p1udt62)p1u_12237,142.2852550620657,6207.786717582958
6,46948,2023-05-11T21:00,random,3.0,130.15549564361572,1.0,130.15549564361572,True,True,0.982351942922303,1.029999516925691,0,0,18,0.9311530261102803,recloser_disswitch(r:p1udt228-p1udt62)p1u_12237,147.21609413131006,6299.336303727856,True,0.982351942922303,1.029999516925691,0,0,18,0.9311530261102803,recloser_disswitch(r:p1udt228-p1udt62)p1u_12237,147.21609413131006,6299.336303727856
6,46948,2023-05-11T21:00,random,5.0,216.92582607269287,1.0,216.92582607269287,True,True,0.976600133128107,1.0299995095232848,0,0,18,0.9436899458082455,recloser_disswitch(r:p1udt228-p1udt62)p1u_12237,152.5163306669496,6391.402097908784,True,0.976600133128107,1.0299995095232848,0,0,18,0.9436899458082455,recloser_disswitch(r:p1udt228-p1udt62)p1u_12237,152.5163306669496,6391.402097908784
6,46948,2023-05-11T21:00,random,10.0,433.85165214538574,1.0,433.85165214538574,True,True,0.961769568943225,1.0299994907482832,0,0,18,0.9753486621814208,recloser_disswitch(r:p1udt228-p1udt62)p1u_12237,167.42280822703793,6623.151068668462,True,0.961769568943225,1.0299994907482832,0,0,18,0.9753486621814208,recloser_disswitch(r:p1udt228-p1udt62)p1u_12237,167.42280822703793,6623.151068668462
6,47304,2023-05-26T17:00,random,1.0,83.14106774330139,1.0,83.14106774330139,True,True,0.982505634497469,1.029999520806635,0,0,18,0.9249470470435717,recloser_disswitch(r:p1udt228-p1udt62)p1u_12237,145.16832855482642,6250.398457657352,True,0.982505634497469,1.029999520806635,0,0,18,0.9249470470435717,recloser_disswitch(r:p1udt228-p1udt62)p1u_12237,145.16832855482642,6250.398457657352
6,47304,2023-05-26T17:00,random,3.0,249.42320322990417,1.0,249.42320322990417,True,True,0.9652732425597431,1.0299995062864238,0,0,18,0.9502274763654408,recloser_disswitch(r:p1udt228-p1udt62)p1u_12237,157.66962072247162,6428.986308231198,True,0.9652732425597431,1.0299995062864238,0,0,18,0.9502274763654408,recloser_disswitch(r:p1udt228-p1udt62)p1u_12237,157.66962072247162,6428.986308231198
6,47304,2023-05-26T17:00,random,5.0,415.70533871650696,0.9365234375,389.31779280188493,False,True,0.9470394192930037,1.0299994912538253,6,0,18,0.9761577603203446,recloser_disswitch(r:p1udt228-p1udt62)p1u_12237,173.19283074997165,6610.871710001664,True,0.9500023074781832,1.0299994936718073,0,0,18,0.9720036944220477,recloser_disswitch(r:p1udt228-p1udt62)p1u_12237,170.51693397439269,6581.82073126008
6,47304,2023-05-26T17:00,random,10.0,831.4106774330139,0.46826171875,389.31779280188493,False,True,0.8960595896623119,1.029999451137833,6,0,18,1.1374867361714076,l(r:p1udt259lv-p1ulv647),227.73819639747327,7081.099388240789,True,0.9500023074781832,1.0299994936718073,0,0,18,0.9720036944220477,recloser_disswitch(r:p1udt228-p1udt62)p1u_12237,170.51693397439269,6581.82073126008
6,47458,2023-06-02T03:00,random,1.0,11.082432746887207,1.0,11.082432746887207,True,True,0.9892485487753264,1.029999527007794,0,0,18,0.914305788638751,recloser_disswitch(r:p1udt228-p1udt62)p1u_12237,140.37451930085774,6173.555543287855,True,0.9892485487753264,1.029999527007794,0,0,18,0.914305788638751,recloser_disswitch(r:p1udt228-p1udt62)p1u_12237,140.37451930085774,6173.555543287855
6,47458,2023-06-02T03:00,random,3.0,33.24729824066162,1.0,33.24729824066162,True,True,0.9891537082681487,1.0299995252235372,0,0,18,0.9178917884842779,recloser_disswitch(r:p1udt228-p1udt62)p1u_12237,141.2223148377549,6196.404232134391,True,0.9891537082681487,1.0299995252235372,0,0,18,0.9178917884842779,recloser_disswitch(r:p1udt228-p1udt62)p1u_12237,141.2223148377549,6196.404232134391
6,47458,2023-06-02T03:00,random,5.0,55.412163734436035,1.0,55.412163734436035,True,True,0.9890573453120599,1.0299995234253259,0,0,18,0.9215037300692586,recloser_disswitch(r:p1udt228-p1udt62)p1u_12237,142.08107614922315,6219.427064566204,True,0.9890573453120599,1.0299995234253259,0,0,18,0.9215037300692586,recloser_disswitch(r:p1udt228-p1udt62)p1u_12237,142.08107614922315,6219.427064566204
6,47458,2023-06-02T03:00,random,10.0,110.82432746887207,1.0,110.82432746887207,True,True,0.9888170345530599,1.0299995189343794,0,0,18,0.930523624050581,recloser_disswitch(r:p1udt228-p1udt62)p1u_12237,144.23962001775143,6276.911563724945,True,0.9888170345530599,1.0299995189343794,0,0,18,0.930523624050581,recloser_disswitch(r:p1udt228-p1udt62)p1u_12237,144.23962001775143,6276.911563724945
6,47868,2023-06-19T05:00,random,1.0,3.571868658065796,1.0,3.571868658065796,True,True,0.9892817254955324,1.0299995275942777,0,0,18,0.9125371988919556,recloser_disswitch(r:p1udt228-p1udt62)p1u_12237,140.1202648872009,6165.948658703149,True,0.9892817254955324,1.0299995275942777,0,0,18,0.9125371988919556,recloser_disswitch(r:p1udt228-p1udt62)p1u_12237,140.1202648872009,6165.948658703149
6,47868,2023-06-19T05:00,random,3.0,10.715605974197388,1.0,10.715605974197388,True,True,0.9892566875765427,1.0299995270191051,0,0,18,0.9125171182309072,recloser_disswitch(r:p1udt228-p1udt62)p1u_12237,140.4398159115274,6173.120701760187,True,0.9892566875765427,1.0299995270191051,0,0,18,0.9125171182309072,recloser_disswitch(r:p1udt228-p1udt62)p1u_12237,140.4398159115274,6173.120701760187
6,47868,2023-06-19T05:00,random,5.0,17.85934329032898,1.0,17.85934329032898,True,True,0.9892291560682424,1.029999526419447,0,0,18,0.9125415630437416,recloser_disswitch(r:p1udt228-p1udt62)p1u_12237,140.77547430642184,6180.598708844157,True,0.9892291560682424,1.029999526419447,0,0,18,0.9125415630437416,recloser_disswitch(r:p1udt228-p1udt62)p1u_12237,140.77547430642184,6180.598708844157
6,47868,2023-06-19T05:00,random,10.0,35.71868658065796,1.0,35.71868658065796,True,True,0.9891604345312196,1.0299995249204392,0,0,18,0.9125977674616694,recloser_disswitch(r:p1udt228-p1udt62)p1u_12237,141.6264040299765,6199.266671910128,True,0.9891604345312196,1.0299995249204392,0,0,18,0.9125977674616694,recloser_disswitch(r:p1udt228-p1udt62)p1u_12237,141.6264040299765,6199.266671910128
6,48214,2023-07-03T15:00,random,1.0,73.25083684921265,1.0,73.25083684921265,True,True,0.9870193876293144,1.0299995217426567,0,0,18,0.9174593271207687,recloser_disswitch(r:p1udt228-p1udt62)p1u_12237,143.74211769917454,6238.973046383966,True,0.9870193876293144,1.0299995217426567,0,0,18,0.9174593271207687,recloser_disswitch(r:p1udt228-p1udt62)p1u_12237,143.74211769917454,6238.973046383966
6,48214,2023-07-03T15:00,random,3.0,219.75251054763794,1.0,219.75251054763794,True,True,0.9793321662306984,1.0299995092549086,0,0,18,0.9274881677480896,recloser_disswitch(r:p1udt228-p1udt62)p1u_12237,152.06802752182355,6393.761347086691,True,0.9793321662306984,1.0299995092549086,0,0,18,0.9274881677480896,recloser_disswitch(r:p1udt228-p1udt62)p1u_12237,152.06802752182355,6393.761347086691
6,48214,2023-07-03T15:00,random,5.0,366.25418424606323,1.0,366.25418424606323,True,True,0.9714608931628766,1.0299994965677781,0,0,18,0.9376312686085627,recloser_disswitch(r:p1udt228-p1udt62)p1u_12237,161.39650981384736,6549.575909077986,True,0.9714608931628766,1.0299994965677781,0,0,18,0.9376312686085627,recloser_disswitch(r:p1udt228-p1udt62)p1u_12237,161.39650981384736,6549.575909077986
6,48214,2023-07-03T15:00,random,10.0,732.5083684921265,0.89764404296875,657.5317734017153,False,True,0.9508997455407061,1.0299994639306378,0,0,18,1.0479133764594006,l(r:p1udm822-p1ulv579),189.3638081472029,6943.834363265526,True,0.9552156467928689,1.0299994707186821,0,0,18,0.9999774361315105,l(r:p1udm822-p1ulv579),183.07930926354092,6862.601079551027
6,48449,2023-07-13T10:00,peak,1.0,185.93796157836914,1.0,185.93796157836914,True,True,0.9824642082705006,1.0299995121963335,0,0,18,0.9314599532479357,recloser_disswitch(r:p1udt228-p1udt62)p1u_12237,149.9961835074565,6358.07399090605,True,0.9824642082705006,1.0299995121963335,0,0,18,0.9314599532479357,recloser_disswitch(r:p1udt228-p1udt62)p1u_12237,149.9961835074565,6358.07399090605
6,48449,2023-07-13T10:00,peak,3.0,557.8138847351074,1.0,557.8138847351074,True,True,0.9651737387497404,1.0299994801844723,0,0,18,0.9698052397387043,recloser_disswitch(r:p1udt228-p1udt62)p1u_12237,173.46214292503652,6753.091635400496,True,0.9651737387497404,1.0299994801844723,0,0,18,0.9698052397387043,recloser_disswitch(r:p1udt228-p1udt62)p1u_12237,173.46214292503652,6753.091635400496
6,48449,2023-07-13T10:00,peak,5.0,929.6898078918457,0.861572265625,800.9949541138485,False,True,0.9469144665419142,1.0299994472404137,6,0,18,1.0201550881084003,l(r:p1udt104-p1uhs0_1247)_cont,201.78140740913778,7153.434984061629,True,0.9533453024954257,1.02999945873909,0,0,18,0.9999955970506808,l(r:p1udt104-p1uhs0_1247)_cont,191.41483338055988,7014.402029373049
6,48449,2023-07-13T10:00,peak,10.0,1859.3796157836914,0.4307861328125,800.9949541138485,False,True,0.8960948475570513,1.029999360486191,6,0,18,1.58364996487608,l(r:p1udm823-p1ulv1893),296.76927077673537,8178.089133248434,True,0.9533453024954257,1.02999945873909,0,0,18,0.9999955970506808,l(r:p1udt104-p1uhs0_1247)_cont,191.41483338055988,7014.402029373049
6,48450,2023-07-13T11:00,peak,1.0,197.65360134840012,1.0,197.65360134840012,True,True,0.9796564712817036,1.0299995111417912,0,0,18,0.934272390695908,recloser_disswitch(r:p1udt228-p1udt62)p1u_12237,151.09232555455515,6370.924291961989,True,0.9796564712817036,1.0299995111417912,0,0,18,0.934272390695908,recloser_disswitch(r:p1udt228-p1udt62)p1u_12237,151.09232555455515,6370.924291961989
6,48450,2023-07-13T11:00,peak,3.0,592.9608040452003,1.0,592.9608040452003,True,True,0.9562067576869634,1.0299994767932208,0,0,18,0.9785598593018024,recloser_disswitch(r:p1udt228-p1udt62)p1u_12237,178.17303061379,6793.104446519623,True,0.9562067576869634,1.0299994767932208,0,0,18,0.9785598593018024,recloser_disswitch(r:p1udt228-p1udt62)p1u_12237,178.17303061379,6793.104446519623
6,48450,2023-07-13T11:00,peak,5.0,988.2680067420006,0.70111083984375,692.8854121975928,False,True,0.9309250847293087,1.029999441183325,6,0,18,1.03035428271083,l(r:p1udt104-p1uhs0_1247)_cont,212.3459321656089,7222.553895210311,True,0.9500002152059646,1.0299994679129465,0,0,18,0.9899482138182403,recloser_disswitch(r:p1udt228-p1udt62)p1u_12237,186.10863264987603,6900.983932183842
6,48450,2023-07-13T11:00,peak,10.0,1976.5360134840012,0.35052490234375,692.8250931053844,False,True,0.8565752371022215,1.0299993453793903,6,0,18,1.4843612175392145,l(r:p1udt259lv-p1ulv647),336.7421890957053,8335.206054192582,True,0.950004033727057,1.0299994679183786,0,0,18,0.9899412318824687,recloser_disswitch(r:p1udt228-p1udt62)p1u_12237,186.10367816544212,6900.918125020063
6,49081,2023-08-08T18:00,peak,1.0,184.03811740875244,1.0,184.03811740875244,True,True,0.9796544137434264,1.0299995122185959,0,0,18,0.9260139762984478,recloser_disswitch(r:p1udt228-p1udt62)p1u_12237,150.51223498702382,6356.709108768336,True,0.9796544137434264,1.0299995122185959,0,0,18,0.9260139762984478,recloser_disswitch(r:p1udt228-p1udt62)p1u_12237,150.51223498702382,6356.709108768336
6,49081,2023-08-08T18:00,peak,3.0,552.1143522262573,1.0,552.1143522262573,True,True,0.9561729394833187,1.0299994798144698,0,0,18,0.9622016374081713,l(r:p1udt104-p1uhs0_1247)_cont,177.21206652870578,6751.2946133614405,True,0.9561729394833187,1.0299994798144698,0,0,18,0.9622016374081713,l(r:p1udt104-p1uhs0_1247)_cont,177.21206652870578,6751.2946133614405
6,49081,2023-08-08T18:00,peak,5.0,920.1905870437622,0.7003173828125,644.4254636071855,False,True,0.9308140499741612,1.0299994458540456,6,0,18,1.152439523249346,l(r:p1udm823-p1ulv1893),212.14204796798657,7154.2641941910015,True,0.9500006688454687,1.029999471446469,0,0,18,0.9767785362732094,l(r:p1udt104-p1uhs0_1247)_cont,185.16151537106782,6851.578504179759
6,49081,2023-08-08T18:00,peak,10.0,1840.3811740875244,0.35015869140625,644.4254636071855,False,True,0.8559605661120198,1.0299993526171536,18,0,18,2.243823987482208,l(r:p1udm823-p1ulv1893),344.53803829679833,8206.838953626111,True,0.9500006688454687,1.029999471446469,0,0,18,0.9767785362732094,l(r:p1udt104-p1uhs0_1247)_cont,185.16151537106782,6851.578504179759
6,49289,2023-08-17T10:00,peak,1.0,186.71374398469925,1.0,186.71374398469925,True,True,0.9840287417562193,1.029999512094572,0,0,18,0.9283819768244783,recloser_disswitch(r:p1udt228-p1udt62)p1u_12237,150.06475148896644,6358.928299749734,True,0.9840287417562193,1.029999512094572,0,0,18,0.9283819768244783,recloser_disswitch(r:p1udt228-p1udt62)p1u_12237,150.06475148896644,6358.928299749734
6,49289,2023-08-17T10:00,peak,3.0,560.1412319540977,1.0,560.1412319540977,True,True,0.970083463180335,1.0299994798325942,0,0,18,0.9626434300299473,l(r:p1udt104-p1uhs0_1247)_cont,173.7243109406064,6755.678753814286,True,0.970083463180335,1.0299994798325942,0,0,18,0.9626434300299473,l(r:p1udt104-p1uhs0_1247)_cont,173.7243109406064,6755.678753814286
6,49289,2023-08-17T10:00,peak,5.0,933.5687199234962,0.84765625,791.3453602476511,False,True,0.9555112523884309,1.029999446575782,0,0,18,1.1613591409402602,l(r:p1udm823-p1ulv1893),202.26384694571203,7157.797737275584,True,0.961134281197387,1.0299994593477269,0,0,18,0.999974748016033,l(r:p1udm823-p1ulv1893),190.80815901867948,7004.174120804075
6,49289,2023-08-17T10:00,peak,10.0,1867.1374398469925,0.423828125,791.3453602476511,False,True,0.915907194815436,1.0299993588447254,6,0,18,2.2555669616208207,l(r:p1udm823-p1ulv1893),297.2458194607466,8186.33840972521,True,0.961134281197387,1.0299994593477269,0,0,18,0.999974748016033,l(r:p1udm823-p1ulv1893),190.80815901867948,7004.174120804075
6,49408,2023-08-22T09:00,peak,1.0,197.64600601792336,1.0,197.64600601792336,True,True,0.9835659707387157,1.0299995111967417,0,0,18,0.929789659130367,recloser_disswitch(r:p1udt228-p1udt62)p1u_12237,150.5626838022122,6370.38343775053,True,0.9835659707387157,1.0299995111967417,0,0,18,0.929789659130367,recloser_disswitch(r:p1udt228-p1udt62)p1u_12237,150.5626838022122,6370.38343775053
6,49408,2023-08-22T09:00,peak,3.0,592.9380180537701,1.0,592.9380180537701,True,True,0.96863809307253,1.029999477106393,0,0,18,0.9675795571805851,l(r:p1udt104-p1uhs0_1247)_cont,175.4461337016775,6790.1875119577335,True,0.96863809307253,1.029999477106393,0,0,18,0.9675795571805851,l(r:p1udt104-p1uhs0_1247)_cont,175.4461337016775,6790.1875119577335
6,49408,2023-08-22T09:00,peak,5.0,988.2300300896168,0.81103515625,801.4892968646745,False,True,0.9529961278520338,1.0299994419580625,0,0,18,1.202414810521018,l(r:p1udm823-p1ulv1893),205.55639221709723,7215.749225220696,True,0.9604745001416087,1.0299994586832164,0,0,18,0.9999977983718297,l(r:p1udt104-p1uhs0_1247)_cont,190.6669282341063,7014.1503870354445
6,49408,2023-08-22T09:00,peak,10.0,1976.4600601792336,0.405517578125,801.4892968646745,False,True,0.9102227047829321,1.0299993491748078,12,0,18,2.3422489948249803,l(r:p1udm823-p1ulv1893),306.3451129895654,8304.752217492114,True,0.9604745001416087,1.0299994586832164,0,0,18,0.9999977983718297,l(r:p1udt104-p1uhs0_1247)_cont,190.6669282341063,7014.1503870354445
6,49409,2023-08-22T10:00,peak,1.0,219.909832239151,1.0,219.909832239151,True,True,0.9833200070301844,1.0299995093022896,0,0,18,0.9332019401890742,recloser_disswitch(r:p1udt228-p1udt62)p1u_12237,151.87303326044255,6393.9527597961605,True,0.9833200070301844,1.0299995093022896,0,0,18,0.9332019401890742,recloser_disswitch(r:p1udt228-p1udt62)p1u_12237,151.87303326044255,6393.9527597961605
6,49409,2023-08-22T10:00,peak,3.0,659.729496717453,1.0,659.729496717453,True,True,0.9678707206620275,1.0299994713323963,0,0,18,0.9778401145455817,l(r:p1udt104-p1uhs0_1247)_cont,179.85736846456788,6861.3631974337795,True,0.9678707206620275,1.0299994713323963,0,0,18,0.9778401145455817,l(r:p1udt104-p1uhs0_1247)_cont,179.85736846456788,6861.3631974337795
6,49409,2023-08-22T10:00,peak,5.0,1099.549161195755,0.72967529296875,802.3138563290559,False,True,0.9516602096352037,1.0299994321704617,0,0,18,1.1402188012401764,l(r:p1udm822-p1ulv579),213.7499049472773,7335.257240743232,True,0.9626967770519823,1.0299994587510848,0,0,18,0.9999981916398902,l(r:p1udt104-p1uhs0_1247)_cont,190.19035609710056,7014.494106637225
6,49409,2023-08-22T10:00,peak,10.0,2199.09832239151,0.36480712890625,802.2467451741977,False,True,0.9072004834794066,1.0299993287242581,11,0,18,1.911109065777809,l(r:p1udm823-p1ulv1893),327.3168882197504,8548.350534492241,True,0.962699179083654,1.0299994587568864,0,0,18,0.9999879859691917,l(r:p1udt104-p1uhs0_1247)_cont,190.18544692175828,7014.423609257443
6,49410,2023-08-22T11:00,peak,1.0,204.56667828559875,1.0,204.56667828559875,True,True,0.983999494065827,1.0299995105988478,0,0,18,0.9306405281032426,recloser_disswitch(r:p1udt228-p1udt62)p1u_12237,151.0202147978298,6377.7581555405,True,0.983999494065827,1.0299995105988478,0,0,18,0.9306405281032426,recloser_disswitch(r:p1udt228-p1udt62)p1u_12237,151.0202147978298,6377.7581555405
6,49410,2023-08-22T11:00,peak,3.0,613.7000348567963,1.0,613.7000348567963,True,True,0.9699937400291513,1.029999475263359,0,0,18,0.9708175897782714,l(r:p1udt104-p1uhs0_1247)_cont,177.0586262592988,6812.553159121203,True,0.9699937400291513,1.029999475263359,0,0,18,0.9708175897782714,l(r:p1udt104-p1uhs0_1247)_cont,177.0586262592988,6812.553159121203
6,49410,2023-08-22T11:00,peak,5.0,1022.8333914279938,0.78338623046875,801.2735949083435,False,True,0.9553609225560173,1.0299994388018203,0,0,18,1.1745166903092528,l(r:p1udm823-p1ulv1893),208.6460222518383,7253.441284334146,True,0.9633620807901959,1.0299994586742034,0,0,18,0.9999966828537785,l(r:p1udt104-p1uhs0_1247)_cont,190.83977775745362,7014.103285175482
6,49410,2023-08-22T11:00,peak,10.0,2045.6667828559875,0.39166259765625,801.21116611248,False,True,0.9156048705952968,1.0299993424419656,12,0,18,2.285831683212205,l(r:p1udm823-p1ulv1893),314.5028155239045,8382.117080813076,True,0.9633642641353147,1.029999458679622,0,0,18,0.9999871720113407,l(r:p1udt104-p1uhs0_1247)_cont,190.8350955025282,7014.037647008302
6,49458,2023-08-24T11:00,peak,1.0,192.7057340145111,1.0,192.7057340145111,True,True,0.9866433554329024,1.0299995115709537,0,0,18,0.9283120551775608,recloser_disswitch(r:p1udt228-p1udt62)p1u_12237,150.37309459334278,6365.248839042199,True,0.9866433554329024,1.0299995115709537,0,0,18,0.9283120551775608,recloser_disswitch(r:p1udt228-p1udt62)p1u_12237,150.37309459334278,6365.248839042199
6,49458,2023-08-24T11:00,peak,3.0,578.1172020435333,1.0,578.1172020435333,True,True,0.9781796433491597,1.0299994782673938,0,0,18,0.9653652738890325,l(r:p1udt104-p1uhs0_1247)_cont,174.45982377366926,6774.387908259716,True,0.9781796433491597,1.0299994782673938,0,0,18,0.9653652738890325,l(r:p1udt104-p1uhs0_1247)_cont,174.45982377366926,6774.387908259716
6,49458,2023-08-24T11:00,peak,5.0,963.5286700725555,0.68231201171875,657.4271852258971,False,True,0.9694804342003063,1.0299994439984792,0,0,18,1.1963156005316455,l(r:p1udm822-p1ulv579),203.10730621801352,7188.352899228316,True,0.9764060670631431,1.0299994712759988,0,0,18,0.9999673689606516,l(r:p1udm822-p1ulv579),179.98656411549527,6859.4037331615555
6,49458,2023-08-24T11:00,peak,10.0,1927.057340145111,0.34112548828125,657.3683761029679,False,True,0.9466015524933696,1.0299993537831476,6,0,18,1.8377310026832934,l(r:p1udm822-p1ulv579),296.4803621564223,8245.226197544396,True,0.9764073655731136,1.0299994712810745,0,0,18,0.9999304844782573,l(r:p1udm822-p1ulv579),179.98248061141456,6859.342065066191
6,49459,2023-08-24T12:00,peak,1.0,189.81134700775146,1.0,189.81134700775146,True,True,0.9862334651006386,1.029999511892804,0,0,18,0.9309444916360445,recloser_disswitch(r:p1udt228-p1udt62)p1u_12237,149.97927305317148,6361.92120514792,True,0.9862334651006386,1.029999511892804,0,0,18,0.9309444916360445,recloser_disswitch(r:p1udt228-p1udt62)p1u_12237,149.97927305317148,6361.92120514792
6,49459,2023-08-24T12:00,peak,3.0,569.4340410232544,1.0,569.4340410232544,True,True,0.9769251116830783,1.0299994793681673,0,0,18,0.9680885564146062,recloser_disswitch(r:p1udt228-p1udt62)p1u_12237,172.69462753149824,6763.964869602352,True,0.9769251116830783,1.0299994793681673,0,0,18,0.9680885564146062,recloser_disswitch(r:p1udt228-p1udt62)p1u_12237,172.69462753149824,6763.964869602352
6,49459,2023-08-24T12:00,peak,5.0,949.0567350387573,0.8475341796875,804.3580214079702,False,True,0.9673500924471864,1.0299994460921325,0,0,18,1.0495383344886071,l(r:p1udm822-p1ulv579),199.1235874569015,7169.948106140159,True,0.9710281969171056,1.0299994588462045,0,0,18,0.9999992633681252,l(r:p1udt104-p1uhs0_1247)_cont,188.61357089392573,7014.961168565207
6,49459,2023-08-24T12:00,peak,10.0,1898.1134700775146,0.42376708984375,804.3580214079702,False,True,0.9421191027445399,1.0299993594189103,6,0,18,1.5565885893691638,l(r:p1udm823-p1ulv1893),282.6864733633254,8202.62142069937,True,0.9710281969171056,1.0299994588462045,0,0,18,0.9999992633681252,l(r:p1udt104-p1uhs0_1247)_cont,188.61357089392573,7014.961168565207
6,49553,2023-08-28T10:00,peak,1.0,197.9076976776123,1.0,197.9076976776123,True,True,0.984679140607116,1.0299995112886022,0,0,18,0.9293383817885041,recloser_disswitch(r:p1udt228-p1udt62)p1u_12237,149.9495218376244,6370.022082932341,True,0.984679140607116,1.0299995112886022,0,0,18,0.9293383817885041,recloser_disswitch(r:p1udt228-p1udt62)p1u_12237,149.9495218376244,6370.022082932341
6,49553,2023-08-28T10:00,peak,3.0,593.7230930328369,1.0,593.7230930328369,True,True,0.9721141153048091,1.0299994774443582,0,0,18,0.9672563634594546,l(r:p1udt104-p1uhs0_1247)_cont,173.1708446675362,6788.716937361438,True,0.9721141153048091,1.0299994774443582,0,0,18,0.9672563634594546,l(r:p1udt104-p1uhs0_1247)_cont,173.1708446675362,6788.716937361438
6,49553,2023-08-28T10:00,peak,5.0,989.5384883880615,0.7921142578125,783.8275453064125,False,True,0.9590594601565372,1.0299994426681944,0,0,18,1.2358845067777322,l(r:p1udm823-p1ulv1893),200.95422545500043,7212.223951344307,True,0.9659015088829388,1.0299994608390823,0,0,18,0.9999670229458305,l(r:p1udm823-p1ulv1893),185.9420676060428,6991.760867684567
6,49553,2023-08-28T10:00,peak,10.0,1979.076976776123,0.39605712890625,783.8275453064125,False,True,0.9239227876769966,1.0299993512585888,12,0,18,2.412647392179755,l(r:p1udm823-p1ulv1893),292.52114532277136,8293.55585978326,True,0.9659015088829388,1.0299994608390823,0,0,18,0.9999670229458305,l(r:p1udm823-p1ulv1893),185.9420676060428,6991.760867684567
6,49846,2023-09-09T15:00,random,1.0,30.41227789223194,1.0,30.41227789223194,True,True,0.9891563498153451,1.0299995253357372,0,0,18,0.9149214103401792,recloser_disswitch(r:p1udt228-p1udt62)p1u_12237,141.5467602582049,6194.117806822611,True,0.9891563498153451,1.0299995253357372,0,0,18,0.9149214103401792,recloser_disswitch(r:p1udt228-p1udt62)p1u_12237,141.5467602582049,6194.117806822611
6,49846,2023-09-09T15:00,random,3.0,91.23683367669582,1.0,91.23683367669582,True,True,0.9861324224767885,1.029999520194777,0,0,18,0.9197359005350213,recloser_disswitch(r:p1udt228-p1udt62)p1u_12237,144.85553494817654,6258.06625089292,True,0.9861324224767885,1.029999520194777,0,0,18,0.9197359005350213,recloser_disswitch(r:p1udt228-p1udt62)p1u_12237,144.85553494817654,6258.06625089292
6,49846,2023-09-09T15:00,random,5.0,152.0613894611597,1.0,152.0613894611597,True,True,0.9829855395102238,1.0299995150054542,0,0,18,0.9246003456387758,recloser_disswitch(r:p1udt228-p1udt62)p1u_12237,148.34219931592068,6322.37531630891,True,0.9829855395102238,1.0299995150054542,0,0,18,0.9246003456387758,recloser_disswitch(r:p1udt228-p1udt62)p1u_12237,148.34219931592068,6322.37531630891
6,49846,2023-09-09T15:00,random,10.0,304.1227789223194,1.0,304.1227789223194,True,True,0.97498572769597,1.0299995018868118,0,0,18,0.936857838449806,recloser_disswitch(r:p1udt228-p1udt62)p1u_12237,157.81449467827372,6483.865927406709,True,0.97498572769597,1.0299995018868118,0,0,18,0.936857838449806,recloser_disswitch(r:p1udt228-p1udt62)p1u_12237,157.81449467827372,6483.865927406709
6,50168,2023-09-23T01:00,random,1.0,8.444974184036255,1.0,8.444974184036255,True,True,0.9892611861195736,1.0299995272112072,0,0,18,0.9130372332838754,recloser_disswitch(r:p1udt228-p1udt62)p1u_12237,140.31357671625034,6170.818745749424,True,0.9892611861195736,1.0299995272112072,0,0,18,0.9130372332838754,recloser_disswitch(r:p1udt228-p1udt62)p1u_12237,140.31357671625034,6170.818745749424
6,50168,2023-09-23T01:00,random,3.0,25.334922552108765,1.0,25.334922552108765,True,True,0.9891901973026327,1.029999525823158,0,0,18,0.9141055465918231,recloser_disswitch(r:p1udt228-p1udt62)p1u_12237,141.04928006792383,6188.320188697772,True,0.9891901973026327,1.029999525823158,0,0,18,0.9141055465918231,recloser_disswitch(r:p1udt228-p1udt62)p1u_12237,141.04928006792383,6188.320188697772
6,50168,2023-09-23T01:00,random,5.0,42.224870920181274,1.0,42.224870920181274,True,True,0.9891180948119559,1.0299995244231346,0,0,18,0.9151920915594586,recloser_disswitch(r:p1udt228-p1udt62)p1u_12237,141.79970383135984,6205.959035931961,True,0.9891180948119559,1.0299995244231346,0,0,18,0.9151920915594586,recloser_disswitch(r:p1udt228-p1udt62)p1u_12237,141.79970383135984,6205.959035931961
6,50168,2023-09-23T01:00,random,10.0,84.44974184036255,1.0,84.44974184036255,True,True,0.9889380444800531,1.029999520921995,0,0,18,0.9178975922293066,recloser_disswitch(r:p1udt228-p1udt62)p1u_12237,143.71234937721323,6250.005829347478,True,0.9889380444800531,1.029999520921995,0,0,18,0.9178975922293066,recloser_disswitch(r:p1udt228-p1udt62)p1u_12237,143.71234937721323,6250.005829347478
6,51647,2023-11-23T16:00,random,1.0,17.233353793621063,1.0,17.233353793621063,True,True,0.989169843315178,1.0299995264529156,0,0,18,0.9129485783145372,recloser_disswitch(r:p1udt228-p1udt62)p1u_12237,140.78273715404802,6180.214614156424,True,0.989169843315178,1.0299995264529156,0,0,18,0.9129485783145372,recloser_disswitch(r:p1udt228-p1udt62)p1u_12237,140.78273715404802,6180.214614156424
6,51647,2023-11-23T16:00,random,3.0,51.70006138086319,1.0,51.70006138086319,True,True,0.9889193016272939,1.02999952357976,0,0,18,0.9137727227097943,recloser_disswitch(r:p1udt228-p1udt62)p1u_12237,142.48129094712138,6216.0337114342265,True,0.9889193016272939,1.02999952357976,0,0,18,0.9137727227097943,recloser_disswitch(r:p1udt228-p1udt62)p1u_12237,142.48129094712138,6216.0337114342265
6,51647,2023-11-23T16:00,random,5.0,86.16676896810532,1.0,86.16676896810532,True,True,0.9886650843772167,1.0299995206638177,0,0,18,0.9146458698956473,recloser_disswitch(r:p1udt228-p1udt62)p1u_12237,144.26755390148108,6252.275729852709,True,0.9886650843772167,1.0299995206638177,0,0,18,0.9146458698956473,recloser_disswitch(r:p1udt228-p1udt62)p1u_12237,144.26755390148108,6252.275729852709
6,51647,2023-11-23T16:00,random,10.0,172.33353793621063,1.0,172.33353793621063,True,True,0.9867817614076795,1.0299995132941322,0,0,18,0.9168554692729162,recloser_disswitch(r:p1udt228-p1udt62)p1u_12237,149.0620820882933,6343.358517730054,True,0.9867817614076795,1.0299995132941322,0,0,18,0.9168554692729162,recloser_disswitch(r:p1udt228-p1udt62)p1u_12237,149.0620820882933,6343.358517730054
7,44103,2023-01-13T08:00,random,1.0,79.95436143875122,1.0,79.95436143875122,True,True,0.9875420824150191,1.0299995211639548,0,0,18,0.9182269160589297,recloser_disswitch(r:p1udt228-p1udt62)p1u_12237,144.0885359894943,6246.05450105189,True,0.9875420824150191,1.0299995211639548,0,0,18,0.9182269160589297,recloser_disswitch(r:p1udt228-p1udt62)p1u_12237,144.0885359894943,6246.05450105189
7,44103,2023-01-13T08:00,random,3.0,239.86308431625366,1.0,239.86308431625366,True,True,0.9838486353502799,1.0299995075188768,0,0,18,0.9297609563282002,recloser_disswitch(r:p1udt228-p1udt62)p1u_12237,153.07650111241608,6414.875081706533,True,0.9838486353502799,1.0299995075188768,0,0,18,0.9297609563282002,recloser_disswitch(r:p1udt228-p1udt62)p1u_12237,153.07650111241608,6414.875081706533
7,44103,2023-01-13T08:00,random,5.0,399.7718071937561,0.7762451171875,310.32091332337586,False,True,0.9782782223975439,1.0299994936608536,0,0,18,1.1200554104420954,l(r:p1udm822-p1ulv579),163.02792916393074,6584.718641674081,True,0.9814055154268899,1.0299995014334276,0,0,18,0.9999695272020209,l(r:p1udm822-p1ulv579),157.34433228632363,6489.655349526914
7,44103,2023-01-13T08:00,random,10.0,799.5436143875122,0.38812255859375,310.32091332337586,False,True,0.9638971895299491,1.0299994580545357,0,0,18,1.6653038478073743,l(r:p1udm822-p1ulv579),192.3159233413516,7013.813979059497,True,0.9814055154268899,1.0299995014334276,0,0,18,0.9999695272020209,l(r:p1udm822-p1ulv579),157.34433228632363,6489.655349526914
7,44752,2023-02-09T09:00,random,1.0,125.63688196241856,1.0,125.63688196241856,True,True,0.9839790011665209,1.029999517286224,0,0,18,0.9290535824269808,recloser_disswitch(r:p1udt228-p1udt62)p1u_12237,147.00984447081467,6294.6854040398875,True,0.9839790011665209,1.029999517286224,0,0,18,0.9290535824269808,recloser_disswitch(r:p1udt228-p1udt62)p1u_12237,147.00984447081467,6294.6854040398875
7,44752,2023-02-09T09:00,random,3.0,376.91064588725567,1.0,376.91064588725567,True,True,0.9698035456138993,1.0299994956424845,0,0,18,0.9626030883327255,recloser_disswitch(r:p1udt228-p1udt62)p1u_12237,163.45516273603576,6562.2359075582945,True,0.9698035456138993,1.0299994956424845,0,0,18,0.9626030883327255,recloser_disswitch(r:p1udt228-p1udt62)p1u_12237,163.45516273603576,6562.2359075582945
7,44752,2023-02-09T09:00,random,5.0,628.1844098120928,1.0,628.1844098120928,True,True,0.954090128914151,1.0299994733935358,0,0,18,0.9968407462226186,recloser_disswitch(r:p1udt228-p1udt62)p1u_12237,183.22872765515956,6833.385848173434,True,0.954090128914151,1.0299994733935358,0,0,18,0.9968407462226186,recloser_disswitch(r:p1udt228-p1udt62)p1u_12237,183.22872765515956,6833.385848173434
7,44752,2023-02-09T09:00,random,10.0,1256.3688196241856,0.5181884765625,651.0358446416831,False,True,0.9109879915234887,1.0299994148868994,18,0,18,1.4373084316567477,l(r:p1udm721-p1ulv530),249.2556012508543,7527.588113597654,True,0.952621252349207,1.0299994713386817,0,0,18,0.9999902455948199,recloser_disswitch(r:p1udt228-p1udt62)p1u_12237,185.2020766313496,6858.229717949166
7,46073,2023-04-05T10:00,peak,1.0,190.9374189376831,1.0,190.9374189376831,True,True,0.9836216104761412,1.0299995116769622,0,0,18,0.9369210739785138,recloser_disswitch(r:p1udt228-p1udt62)p1u_12237,150.72420514669247,6363.804776143169,True,0.9836216104761412,1.0299995116769622,0,0,18,0.9369210739785138,recloser_disswitch(r:p1udt228-p1udt62)p1u_12237,150.72420514669247,6363.804776143169
7,46073,2023-04-05T10:00,peak,3.0,572.8122568130493,1.0,572.8122568130493,True,True,0.9663868961313076,1.0299994785881639,0,0,18,0.9863699058338546,recloser_disswitch(r:p1udt228-p1udt62)p1u_12237,175.92352628880886,6770.533794171221,True,0.9663868961313076,1.0299994785881639,0,0,18,0.9863699058338546,recloser_disswitch(r:p1udt228-p1udt62)p1u_12237,175.92352628880886,6770.533794171221
7,46073,2023-04-05T10:00,peak,5.0,954.6870946884155,0.70855712890625,676.4503468162729,False,True,0.9480909385583621,1.0299994445022989,3,0,18,1.1179201924828979,l(r:p1udm822-p1ulv579),206.39333193108294,7183.040790255102,True,0.9615179373833136,1.0299994694213073,0,0,18,0.9999986513693506,recloser_disswitch(r:p1udt228-p1udt62)p1u_12237,183.66477396847696,6882.105959185289
7,46073,2023-04-05T10:00,peak,10.0,1909.374189376831,0.354248046875,676.3920773402788,False,True,0.8970495722533718,1.0299993545435575,16,0,18,1.77445957490883,l(r:p1udm721-p1ulv530),309.03974232585443,8240.338591655176,True,0.9615208433701581,1.0299994694268289,0,0,18,0.9999903747094859,recloser_disswitch(r:p1udt228-p1udt62)p1u_12237,183.66005712962811,6882.039040873312
7,46294,2023-04-14T15:00,random,1.0,91.37446284294128,1.0,91.37446284294128,True,True,0.9858654907711029,1.0299995201450738,0,0,18,0.9247321892480698,recloser_disswitch(r:p1udt228-p1udt62)p1u_12237,145.22175183055356,6258.745648763831,True,0.9858654907711029,1.0299995201450738,0,0,18,0.9247321892480698,recloser_disswitch(r:p1udt228-p1udt62)p1u_12237,145.22175183055356,6258.745648763831
7,46294,2023-04-14T15:00,random,3.0,274.12338852882385,1.0,274.12338852882385,True,True,0.9757795451624991,1.0299995043803667,0,0,18,0.9494467816477861,recloser_disswitch(r:p1udt228-p1udt62)p1u_12237,157.26896577869852,6453.30600648294,True,0.9757795451624991,1.0299995043803667,0,0,18,0.9494467816477861,recloser_disswitch(r:p1udt228-p1udt62)p1u_12237,157.26896577869852,6453.30600648294
7,46294,2023-04-14T15:00,random,5.0,456.8723142147064,1.0,456.8723142147064,True,True,0.965368872887874,1.0299994882228138,0,0,18,0.9746153184223348,recloser_disswitch(r:p1udt228-p1udt62)p1u_12237,171.43765196708188,6650.190951836931,True,0.965368872887874,1.0299994882228138,0,0,18,0.9746153184223348,recloser_disswitch(r:p1udt228-p1udt62)p1u_12237,171.43765196708188,6650.190951836931
7,46294,2023-04-14T15:00,random,10.0,913.7446284294128,0.697998046875,637.7919659862528,False,True,0.9377405775940311,1.0299994460270898,6,0,18,1.0397288351800529,l(r:p1udt1lv-p1ulv2),216.93247975753428,7152.599123034406,True,0.9547111636654553,1.0299994718226158,0,0,18,0.9999981527335892,recloser_disswitch(r:p1udt228-p1udt62)p1u_12237,187.6720971550558,6847.452189963219
7,46385,2023-04-18T10:00,peak,1.0,188.02274084091187,1.0,188.02274084091187,True,True,0.9826859280054321,1.0299995120399454,0,0,18,0.9373189784866026,recloser_disswitch(r:p1udt228-p1udt62)p1u_12237,150.27503368743578,6360.441694742824,True,0.9826859280054321,1.0299995120399454,0,0,18,0.9373189784866026,recloser_disswitch(r:p1udt228-p1udt62)p1u_12237,150.27503368743578,6360.441694742824
7,46385,2023-04-18T10:00,peak,3.0,564.0682225227356,1.0,564.0682225227356,True,True,0.9658805742313201,1.029999479766683,0,0,18,0.987504376519147,recloser_disswitch(r:p1udt228-p1udt62)p1u_12237,174.26525384472407,6760.152501321524,True,0.9658805742313201,1.029999479766683,0,0,18,0.987504376519147,recloser_disswitch(r:p1udt228-p1udt62)p1u_12237,174.26525384472407,6760.152501321524
7,46385,2023-04-18T10:00,peak,5.0,940.1137042045593,0.6982421875,656.4270493225195,False,True,0.9481726637093538,1.02999944663365,6,0,18,1.0483383906216,l(r:p1udm822-p1ulv579),203.05535362127102,7165.134481033097,True,0.96161246661746,1.0299994716955085,0,0,18,0.9999998792163389,recloser_disswitch(r:p1udt228-p1udt62)p1u_12237,180.88733209811318,6859.2985882427565
7,46385,2023-04-18T10:00,peak,10.0,1880.2274084091187,0.34912109375,656.4270493225195,False,True,0.899127339782742,1.0299993597695676,14,0,18,1.5210653045350235,l(r:p1udm822-p1ulv579),298.84306388940195,8201.011604072084,True,0.96161246661746,1.0299994716955085,0,0,18,0.9999998792163389,recloser_disswitch(r:p1udt228-p1udt62)p1u_12237,180.88733209811318,6859.2985882427565
7,46413,2023-04-19T14:00,random,1.0,57.698155641555786,1.0,57.698155641555786,True,True,0.9869035740208796,1.0299995229942407,0,0,18,0.91924215373419,recloser_disswitch(r:p1udt228-p1udt62)p1u_12237,143.26801673590958,6223.1074158893525,True,0.9869035740208796,1.0299995229942407,0,0,18,0.91924215373419,recloser_disswitch(r:p1udt228-p1udt62)p1u_12237,143.26801673590958,6223.1074158893525
7,46413,2023-04-19T14:00,random,3.0,173.09446692466736,1.0,173.09446692466736,True,True,0.9804533478279579,1.0299995130826096,0,0,18,0.9327989728559055,recloser_disswitch(r:p1udt228-p1udt62)p1u_12237,150.51817869840053,6345.559611865986,True,0.9804533478279579,1.0299995130826096,0,0,18,0.9327989728559055,recloser_disswitch(r:p1udt228-p1udt62)p1u_12237,150.51817869840053,6345.559611865986
7,46413,2023-04-19T14:00,random,5.0,288.49077820777893,1.0,288.49077820777893,True,True,0.9724964889585731,1.0299995030035138,0,0,18,0.9465437799453856,recloser_disswitch(r:p1udt228-p1udt62)p1u_12237,158.63770308663482,6469.062770341596,True,0.9724964889585731,1.0299995030035138,0,0,18,0.9465437799453856,recloser_disswitch(r:p1udt228-p1udt62)p1u_12237,158.63770308663482,6469.062770341596
7,46413,2023-04-19T14:00,random,10.0,576.9815564155579,1.0,576.9815564155579,True,True,0.951656831631427,1.0299994770886256,0,0,18,0.999299325260751,l(r:p1udm822-p1ulv579),182.96418458838042,6781.9118839021585,True,0.951656831631427,1.0299994770886256,0,0,18,0.999299325260751,l(r:p1udm822-p1ulv579),182.96418458838042,6781.9118839021585
7,46948,2023-05-11T21:00,random,1.0,43.385165214538574,1.0,43.385165214538574,True,True,0.9883661369542939,1.0299995242605104,0,0,18,0.9197146278847737,recloser_disswitch(r:p1udt228-p1udt62)p1u_12237,142.24979903509634,6207.777755137404,True,0.9883661369542939,1.0299995242605104,0,0,18,0.9197146278847737,recloser_disswitch(r:p1udt228-p1udt62)p1u_12237,142.24979903509634,6207.777755137404
7,46948,2023-05-11T21:00,random,3.0,130.15549564361572,1.0,130.15549564361572,True,True,0.9865063950205802,1.0299995169930722,0,0,18,0.9340794302699132,recloser_disswitch(r:p1udt228-p1udt62)p1u_12237,146.97087186973667,6298.742568450639,True,0.9865063950205802,1.0299995169930722,0,0,18,0.9340794302699132,recloser_disswitch(r:p1udt228-p1udt62)p1u_12237,146.97087186973667,6298.742568450639
7,46948,2023-05-11T21:00,random,5.0,216.92582607269287,1.0,216.92582607269287,True,True,0.9846291198427135,1.0299995096480312,0,0,18,0.9485648730028188,recloser_disswitch(r:p1udt228-p1udt62)p1u_12237,151.91362610279845,6390.427797484154,True,0.9846291198427135,1.0299995096480312,0,0,18,0.9485648730028188,recloser_disswitch(r:p1udt228-p1udt62)p1u_12237,151.91362610279845,6390.427797484154
7,46948,2023-05-11T21:00,random,10.0,433.85165214538574,0.93560791015625,405.9150375815807,False,True,0.9798802488077575,1.0299994910895667,0,0,18,1.0215366073570793,l(r:p1udt175lv-p1ulv493),165.17505096158342,6620.937135102554,True,0.9804940049474965,1.0299994934821948,0,0,18,0.9999970034597567,l(r:p1udt175lv-p1ulv493),163.40181938562282,6591.30739368273
7,47304,2023-05-26T17:00,random,1.0,83.14106774330139,1.0,83.14106774330139,True,True,0.9863586209421649,1.029999520888222,0,0,18,0.9227690114309643,recloser_disswitch(r:p1udt228-p1udt62)p1u_12237,144.4342084105296,6249.644905099576,True,0.9863586209421649,1.029999520888222,0,0,18,0.9227690114309643,recloser_disswitch(r:p1udt228-p1udt62)p1u_12237,144.4342084105296,6249.644905099576
7,47304,2023-05-26T17:00,random,3.0,249.42320322990417,1.0,249.42320322990417,True,True,0.9803834297288805,1.0299995067300107,0,0,18,0.9434184068849362,recloser_disswitch(r:p1udt228-p1udt62)p1u_12237,154.09274559714692,6425.450566762022,True,0.9803834297288805,1.0299995067300107,0,0,18,0.9434184068849362,recloser_disswitch(r:p1udt228-p1udt62)p1u_12237,154.09274559714692,6425.450566762022
7,47304,2023-05-26T17:00,random,5.0,415.70533871650696,1.0,415.70533871650696,True,True,0.9733716688708747,1.0299994923859428,0,0,18,0.9642573877336565,recloser_disswitch(r:p1udt228-p1udt62)p1u_12237,164.70384829910083,6602.328994401252,True,0.9733716688708747,1.0299994923859428,0,0,18,0.9642573877336565,recloser_disswitch(r:p1udt228-p1udt62)p1u_12237,164.70384829910083,6602.328994401252
7,47304,2023-05-26T17:00,random,10.0,831.4106774330139,0.81719970703125,679.4285620209121,False,True,0.9536076010524245,1.0299994557072552,0,0,18,1.0933346001336657,l(r:p1udm822-p1ulv579),195.60973644758295,7048.982909370708,True,0.9609703232569762,1.0299994692516268,0,0,18,0.9999877912750931,l(r:p1udm822-p1ulv579),183.56516211839923,6884.98448790696
7,47458,2023-06-02T03:00,random,1.0,11.082432746887207,1.0,11.082432746887207,True,True,0.9892372074301927,1.0299995269529556,0,0,18,0.9143690323935257,recloser_disswitch(r:p1udt228-p1udt62)p1u_12237,140.61921583061417,6173.856241125034,True,0.9892372074301927,1.0299995269529556,0,0,18,0.9143690323935257,recloser_disswitch(r:p1udt228-p1udt62)p1u_12237,140.61921583061417,6173.856241125034
7,47458,2023-06-02T03:00,random,3.0,33.24729824066162,1.0,33.24729824066162,True,True,0.9891228058320028,1.0299995250700273,0,0,18,0.9180553853850586,recloser_disswitch(r:p1udt228-p1udt62)p1u_12237,141.98323170026615,6197.1033908964555,True,0.9891228058320028,1.0299995250700273,0,0,18,0.9180553853850586,recloser_disswitch(r:p1udt228-p1udt62)p1u_12237,141.98323170026615,6197.1033908964555
7,47458,2023-06-02T03:00,random,5.0,55.412163734436035,1.0,55.412163734436035,True,True,0.9876924771951765,1.0299995231533592,0,0,18,0.9217961693017306,recloser_disswitch(r:p1udt228-p1udt62)p1u_12237,143.41409155898646,6220.689402551052,True,0.9876924771951765,1.0299995231533592,0,0,18,0.9217961693017306,recloser_disswitch(r:p1udt228-p1udt62)p1u_12237,143.41409155898646,6220.689402551052
7,47458,2023-06-02T03:00,random,10.0,110.82432746887207,0.81976318359375,90.84970350551885,False,True,0.9836146155218495,1.0299995183004615,0,0,18,1.0688322091736095,l(r:p1udt175lv-p1ulv493),147.2388216881392,6280.0277930353495,True,0.9850908805623945,1.0299995200528367,0,0,18,0.9999872543098469,l(r:p1udt175lv-p1ulv493),145.82318268445812,6258.663238583637
7,47868,2023-06-19T05:00,random,1.0,3.571868658065796,1.0,3.571868658065796,True,True,0.9892828501018756,1.0299995276093534,0,0,18,0.9129323729789967,recloser_disswitch(r:p1udt228-p1udt62)p1u_12237,140.15793796592084,6165.745438867143,True,0.9892828501018756,1.0299995276093534,0,0,18,0.9129323729789967,recloser_disswitch(r:p1udt228-p1udt62)p1u_12237,140.15793796592084,6165.745438867143
7,47868,2023-06-19T05:00,random,3.0,10.715605974197388,1.0,10.715605974197388,True,True,0.9891566920577148,1.0299995270051563,0,0,18,0.913814396447462,recloser_disswitch(r:p1udt228-p1udt62)p1u_12237,140.58990989898496,6173.261450177859,True,0.9891566920577148,1.0299995270051563,0,0,18,0.913814396447462,recloser_disswitch(r:p1udt228-p1udt62)p1u_12237,140.58990989898496,6173.261450177859
7,47868,2023-06-19T05:00,random,5.0,17.85934329032898,1.0,17.85934329032898,True,True,0.9880575485536996,1.0299995263944755,0,0,18,0.914707399627661,recloser_disswitch(r:p1udt228-p1udt62)p1u_12237,141.03482110793186,6180.848722134937,True,0.9880575485536996,1.0299995263944755,0,0,18,0.914707399627661,recloser_disswitch(r:p1udt228-p1udt62)p1u_12237,141.03482110793186,6180.848722134937
7,47868,2023-06-19T05:00,random,10.0,35.71868658065796,1.0,35.71868658065796,True,True,0.9852914856619608,1.0299995248575569,0,0,18,0.9169539723775669,recloser_disswitch(r:p1udt228-p1udt62)p1u_12237,142.1939853023967,6199.896981451614,True,0.9852914856619608,1.0299995248575569,0,0,18,0.9169539723775669,recloser_disswitch(r:p1udt228-p1udt62)p1u_12237,142.1939853023967,6199.896981451614
7,48214,2023-07-03T15:00,random,1.0,73.25083684921265,1.0,73.25083684921265,True,True,0.9867933747506198,1.0299995217398772,0,0,18,0.9228877062722487,recloser_disswitch(r:p1udt228-p1udt62)p1u_12237,144.02277635915638,6239.126059385899,True,0.9867933747506198,1.0299995217398772,0,0,18,0.9228877062722487,recloser_disswitch(r:p1udt228-p1udt62)p1u_12237,144.02277635915638,6239.126059385899
7,48214,2023-07-03T15:00,random,3.0,219.75251054763794,1.0,219.75251054763794,True,True,0.9786439056432553,1.0299995092369894,0,0,18,0.9438936540122943,recloser_disswitch(r:p1udt228-p1udt62)p1u_12237,152.91323077067267,6394.606320377017,True,0.9786439056432553,1.0299995092369894,0,0,18,0.9438936540122943,recloser_disswitch(r:p1udt228-p1udt62)p1u_12237,152.91323077067267,6394.606320377017
7,48214,2023-07-03T15:00,random,5.0,366.25418424606323,1.0,366.25418424606323,True,True,0.9702897317360636,1.02999949657511,0,0,18,0.9650787422384136,recloser_disswitch(r:p1udt228-p1udt62)p1u_12237,162.7823826609384,6550.963465155378,True,0.9702897317360636,1.02999949657511,0,0,18,0.9650787422384136,recloser_disswitch(r:p1udt228-p1udt62)p1u_12237,162.7823826609384,6550.963465155378
7,48214,2023-07-03T15:00,random,10.0,732.5083684921265,0.82537841796875,604.5965983349015,False,True,0.9484220743077189,1.02999946413641,6,0,18,1.0189654827088381,recloser_disswitch(r:p1udt228-p1udt62)p1u_12237,192.0309874296902,6946.503626877629,True,0.956224977047478,1.029999475592648,0,0,18,0.9999979497912843,recloser_disswitch(r:p1udt228-p1udt62)p1u_12237,181.04889242097863,6807.635529387017
7,48449,2023-07-13T10:00,peak,1.0,185.93796157836914,1.0,185.93796157836914,True,True,0.9839012156545474,1.0299995121496013,0,0,18,0.9363662449090336,recloser_disswitch(r:p1udt228-p1udt62)p1u_12237,150.36940899663077,6358.431732837519,True,0.9839012156545474,1.0299995121496013,0,0,18,0.9363662449090336,recloser_disswitch(r:p1udt228-p1udt62)p1u_12237,150.36940899663077,6358.431732837519
7,48449,2023-07-13T10:00,peak,3.0,557.8138847351074,1.0,557.8138847351074,True,True,0.969695453338513,1.0299994801226633,0,0,18,0.9845861749030338,recloser_disswitch(r:p1udt228-p1udt62)p1u_12237,174.23296738666969,6753.872474078439,True,0.969695453338513,1.0299994801226633,0,0,18,0.9845861749030338,recloser_disswitch(r:p1udt228-p1udt62)p1u_12237,174.23296738666969,6753.872474078439
7,48449,2023-07-13T10:00,peak,5.0,929.6898078918457,0.7261962890625,675.1372884702869,False,True,0.9548573684086664,1.0299994472947982,0,0,18,1.0953746774370559,l(r:p1udm822-p1ulv579),202.38575848384016,7154.044828409432,True,0.9650804997997583,1.0299994698394348,0,0,18,0.9999959484512485,recloser_disswitch(r:p1udt228-p1udt62)p1u_12237,182.64865616292252,6879.777115046438
7,48449,2023-07-13T10:00,peak,10.0,1859.3796157836914,0.36309814453125,675.1372884702869,False,True,0.9145527802349029,1.0299993615807321,9,0,18,1.617397645832567,l(r:p1udm822-p1ulv579),293.41340648072,8174.754657946532,True,0.9650804997997583,1.0299994698394348,0,0,18,0.9999959484512485,recloser_disswitch(r:p1udt228-p1udt62)p1u_12237,182.64865616292252,6879.777115046438
7,48450,2023-07-13T11:00,peak,1.0,197.65360134840012,1.0,197.65360134840012,True,True,0.9853363253321121,1.0299995111711564,0,0,18,0.9366405549053792,recloser_disswitch(r:p1udt228-p1udt62)p1u_12237,150.7861820151698,6370.5753237927365,True,0.9853363253321121,1.0299995111711564,0,0,18,0.9366405549053792,recloser_disswitch(r:p1udt228-p1udt62)p1u_12237,150.7861820151698,6370.5753237927365
7,48450,2023-07-13T11:00,peak,3.0,592.9608040452003,1.0,592.9608040452003,True,True,0.9741614271813793,1.0299994771917547,0,0,18,0.9853397159639801,recloser_disswitch(r:p1udt228-p1udt62)p1u_12237,175.34653213099597,6790.131880243782,True,0.9741614271813793,1.0299994771917547,0,0,18,0.9853397159639801,recloser_disswitch(r:p1udt228-p1udt62)p1u_12237,175.34653213099597,6790.131880243782
7,48450,2023-07-13T11:00,peak,5.0,988.2680067420006,0.66302490234375,655.2462986595674,False,True,0.9626099110625644,1.0299994424398873,0,0,18,1.2126564283446868,l(r:p1udm822-p1ulv579),203.95278654318992,7213.973033604771,True,0.972363049545275,1.0299994717510916,0,0,18,0.9999965390411616,l(r:p1udm822-p1ulv579),179.591030359424,6856.827338952626
7,48450,2023-07-13T11:00,peak,10.0,1976.5360134840012,0.33148193359375,655.185979567359,False,True,0.9318638468633881,1.0299993519762332,6,0,18,1.8590578293156137,l(r:p1udm822-p1ulv579),294.6107023385776,8292.93608961064,True,0.9723648008756562,1.0299994717563898,0,0,18,0.9999581173625314,l(r:p1udm822-p1ulv579),179.5868466564191,6856.7624642563505
7,49081,2023-08-08T18:00,peak,1.0,184.03811740875244,1.0,184.03811740875244,True,True,0.9815940043828661,1.0299995122379182,0,0,18,0.9362843530267586,recloser_disswitch(r:p1udt228-p1udt62)p1u_12237,150.7787061958118,6356.939931969217,True,0.9815940043828661,1.0299995122379182,0,0,18,0.9362843530267586,recloser_disswitch(r:p1udt228-p1udt62)p1u_12237,150.7787061958118,6356.939931969217
7,49081,2023-08-08T18:00,peak,3.0,552.1143522262573,1.0,552.1143522262573,True,True,0.9623974700216889,1.0299994801518957,0,0,18,0.9846464072580323,recloser_disswitch(r:p1udt228-p1udt62)p1u_12237,176.8257653102863,6750.913633802118,True,0.9623974700216889,1.0299994801518957,0,0,18,0.9846464072580323,recloser_disswitch(r:p1udt228-p1udt62)p1u_12237,176.8257653102863,6750.913633802118
7,49081,2023-08-08T18:00,peak,5.0,920.1905870437622,0.72491455078125,667.0595460399636,False,True,0.9420029785055979,1.0299994469533633,6,0,18,1.0856479807974653,l(r:p1udm822-p1ulv579),209.21803708450966,7151.362002170585,True,0.9561641640981655,1.0299994699054988,0,0,18,0.9999988322970297,recloser_disswitch(r:p1udt228-p1udt62)p1u_12237,186.23288353786782,6875.283277053878
7,49081,2023-08-08T18:00,peak,10.0,1840.3811740875244,0.3624267578125,667.0033820637036,False,True,0.8842843520810476,1.0299993582960771,21,0,18,1.5977132615592577,l(r:p1udm822-p1ulv579),322.98410393327794,8185.256837133283,True,0.9561671632469975,1.0299994699103958,0,0,18,0.99999154167537,recloser_disswitch(r:p1udt228-p1udt62)p1u_12237,186.22822699224676,6875.223946092705
7,49289,2023-08-17T10:00,peak,1.0,186.71374398469925,1.0,186.71374398469925,True,True,0.9830575264577525,1.0299995120411247,0,0,18,0.9385682215532033,recloser_disswitch(r:p1udt228-p1udt62)p1u_12237,150.77761748089557,6359.645241445761,True,0.9830575264577525,1.0299995120411247,0,0,18,0.9385682215532033,recloser_disswitch(r:p1udt228-p1udt62)p1u_12237,150.77761748089557,6359.645241445761
7,49289,2023-08-17T10:00,peak,3.0,560.1412319540977,1.0,560.1412319540977,True,True,0.9662512133849793,1.0299994796495846,0,0,18,0.9914210206966779,recloser_disswitch(r:p1udt228-p1udt62)p1u_12237,176.4536282323634,6758.382780039536,True,0.9662512133849793,1.0299994796495846,0,0,18,0.9914210206966779,recloser_disswitch(r:p1udt228-p1udt62)p1u_12237,176.4536282323634,6758.382780039536
7,49289,2023-08-17T10:00,peak,5.0,933.5687199234962,0.663818359375,619.7200560234342,False,True,0.9478612730754689,1.0299994462003303,3,0,18,1.0455083806545802,recloser_disswitch(r:p1udt228-p1udt62)p1u_12237,207.97472920087822,7163.499753989177,True,0.9633796931628001,1.029999474367009,0,0,18,0.9999981267936511,recloser_disswitch(r:p1udt228-p1udt62)p1u_12237,181.08977213216278,6822.798448996424
7,49289,2023-08-17T10:00,peak,10.0,1867.1374398469925,0.3319091796875,619.7200560234342,False,True,0.8965777608194914,1.029999357459352,21,0,18,1.6259522148031813,l(r:p1udm721-p1ulv530),316.5391333888214,8205.583340239944,True,0.9633796931628001,1.029999474367009,0,0,18,0.9999981267936511,recloser_disswitch(r:p1udt228-p1udt62)p1u_12237,181.08977213216278,6822.798448996424
7,49408,2023-08-22T09:00,peak,1.0,197.64600601792336,1.0,197.64600601792336,True,True,0.9834212772206502,1.0299995111363887,0,0,18,0.9380098039751474,recloser_disswitch(r:p1udt228-p1udt62)p1u_12237,151.17003038418858,6370.949274605895,True,0.9834212772206502,1.0299995111363887,0,0,18,0.9380098039751474,recloser_disswitch(r:p1udt228-p1udt62)p1u_12237,151.17003038418858,6370.949274605895
7,49408,2023-08-22T09:00,peak,3.0,592.9380180537701,1.0,592.9380180537701,True,True,0.9660196606856635,1.0299994769025298,0,0,18,0.9897204378292954,recloser_disswitch(r:p1udt228-p1udt62)p1u_12237,177.6976740253953,6792.421055213897,True,0.9660196606856635,1.0299994769025298,0,0,18,0.9897204378292954,recloser_disswitch(r:p1udt228-p1udt62)p1u_12237,177.6976740253953,6792.421055213897
7,49408,2023-08-22T09:00,peak,5.0,988.2300300896168,0.67816162109375,670.1796792190999,False,True,0.9474439447324625,1.029999441577932,3,0,18,1.1197217628900127,l(r:p1udm822-p1ulv579),210.13292559399312,7220.3201396979575,True,0.9624668671469501,1.029999470069166,0,0,18,0.9999921032216599,recloser_disswitch(r:p1udt228-p1udt62)p1u_12237,183.5679749180272,6875.7375792785715
7,49408,2023-08-22T09:00,peak,10.0,1976.4600601792336,0.33905029296875,670.1193624448024,False,True,0.8955319580999946,1.029999348030567,21,0,18,1.764404083317237,l(r:p1udm721-p1ulv530),321.0264664886926,8319.39980244675,True,0.9624696671229198,1.029999470074543,0,0,18,0.9999840208963494,recloser_disswitch(r:p1udt228-p1udt62)p1u_12237,183.5632860847508,6875.6721329035845
7,49409,2023-08-22T10:00,peak,1.0,219.909832239151,1.0,219.909832239151,True,True,0.9831672911652357,1.0299995092738299,0,0,18,0.9411726535180907,recloser_disswitch(r:p1udt228-p1udt62)p1u_12237,152.22736096836007,6394.27596148924,True,0.9831672911652357,1.0299995092738299,0,0,18,0.9411726535180907,recloser_disswitch(r:p1udt228-p1udt62)p1u_12237,152.22736096836007,6394.27596148924
7,49409,2023-08-22T10:00,peak,3.0,659.729496717453,1.0,659.729496717453,True,True,0.9672993016067534,1.0299994713214147,0,0,18,0.9991781525265097,recloser_disswitch(r:p1udt228-p1udt62)p1u_12237,180.80079038447948,6862.304524939082,True,0.9672993016067534,1.0299994713214147,0,0,18,0.9991781525265097,recloser_disswitch(r:p1udt228-p1udt62)p1u_12237,180.80079038447948,6862.304524939082
7,49409,2023-08-22T10:00,peak,5.0,1099.549161195755,0.6053466796875,665.608433883026,False,True,0.9497344315840928,1.0299994322894277,2,0,18,1.157054005448639,l(r:p1udm822-p1ulv579),215.14218496456522,7336.64891479142,True,0.967063754019083,1.0299994707871858,0,0,18,0.9999947559942132,recloser_disswitch(r:p1udt228-p1udt62)p1u_12237,181.2340643191878,6868.831973863919
7,49409,2023-08-22T10:00,peak,10.0,2199.09832239151,0.30267333984375,665.608433883026,False,True,0.9011457313601464,1.0299993296352696,21,0,18,1.7451827691235813,l(r:p1udm822-p1ulv579),329.5565259311405,8550.57701461305,True,0.967063754019083,1.0299994707871858,0,0,18,0.9999947559942132,recloser_disswitch(r:p1udt228-p1udt62)p1u_12237,181.2340643191878,6868.831973863919
7,49410,2023-08-22T11:00,peak,1.0,204.56667828559875,1.0,204.56667828559875,True,True,0.9821972219484775,1.0299995105161035,0,0,18,0.9379531742227857,recloser_disswitch(r:p1udt228-p1udt62)p1u_12237,151.63733353456288,6378.334938553016,True,0.9821972219484775,1.0299995105161035,0,0,18,0.9379531742227857,recloser_disswitch(r:p1udt228-p1udt62)p1u_12237,151.63733353456288,6378.334938553016
7,49410,2023-08-22T11:00,peak,3.0,613.7000348567963,1.0,613.7000348567963,True,True,0.9643275223547828,1.0299994750142776,0,0,18,0.9895433568761336,recloser_disswitch(r:p1udt228-p1udt62)p1u_12237,179.22836831180516,6814.699150310227,True,0.9643275223547828,1.0299994750142776,0,0,18,0.9895433568761336,recloser_disswitch(r:p1udt228-p1udt62)p1u_12237,179.22836831180516,6814.699150310227
7,49410,2023-08-22T11:00,peak,5.0,1022.8333914279938,0.66802978515625,683.2831707262812,False,True,0.9454237373733617,1.0299994383802282,6,0,18,1.20803482076632,l(r:p1udm822-p1ulv579),212.91619154517784,7257.704241597543,True,0.9611806292899715,1.0299994688453442,0,0,18,0.9999997833082664,l(r:p1udm822-p1ulv579),184.52693732829178,6889.8009798414605
7,49410,2023-08-22T11:00,peak,10.0,2045.6667828559875,0.333984375,683.2207419304177,False,True,0.8925928964523653,1.0299993413791022,21,0,18,1.8499941852420079,l(r:p1udm822-p1ulv579),327.8963701765666,8395.47146430728,True,0.9611846961504162,1.0299994688536653,0,0,18,0.9999545439206852,l(r:p1udm822-p1ulv579),184.52007979747756,6889.701143118698
7,49458,2023-08-24T11:00,peak,1.0,192.7057340145111,1.0,192.7057340145111,True,True,0.983098387408153,1.0299995115608218,0,0,18,0.9379454110697014,recloser_disswitch(r:p1udt228-p1udt62)p1u_12237,150.8886650516705,6365.745008454772,True,0.983098387408153,1.0299995115608218,0,0,18,0.9379454110697014,recloser_disswitch(r:p1udt228-p1udt62)p1u_12237,150.8886650516705,6365.745008454772
7,49458,2023-08-24T11:00,peak,3.0,578.1172020435333,1.0,578.1172020435333,True,True,0.9675808291690264,1.0299994782222262,0,0,18,0.989492216318349,recloser_disswitch(r:p1udt228-p1udt62)p1u_12237,176.62702933408724,6776.534712502138,True,0.9675808291690264,1.0299994782222262,0,0,18,0.989492216318349,recloser_disswitch(r:p1udt228-p1udt62)p1u_12237,176.62702933408724,6776.534712502138
7,49458,2023-08-24T11:00,peak,5.0,963.5286700725555,0.68023681640625,655.4276750463032,False,True,0.9502106963413831,1.0299994438545286,0,0,18,1.0655212460718306,l(r:p1udm822-p1ulv579),207.942644733693,7193.4298344540575,True,0.9641639445895258,1.0299994713944176,0,0,18,0.9999983912573849,recloser_disswitch(r:p1udt228-p1udt62)p1u_12237,182.45909626313764,6859.87761864453
7,49458,2023-08-24T11:00,peak,10.0,1927.057340145111,0.340087890625,655.368865923374,False,True,0.9021420862247439,1.0299993530380243,21,0,18,1.556506870601262,l(r:p1udm822-p1ulv579),314.19850991930184,8263.17784086571,True,0.9641664416942252,1.029999471399328,0,0,18,0.9999908946482444,recloser_disswitch(r:p1udt228-p1udt62)p1u_12237,182.4547929118957,6859.817632659689
7,49459,2023-08-24T12:00,peak,1.0,189.81134700775146,1.0,189.81134700775146,True,True,0.9834501012901159,1.0299995117521192,0,0,18,0.9371713771073319,recloser_disswitch(r:p1udt228-p1udt62)p1u_12237,150.95468964605854,6362.904881275648,True,0.9834501012901159,1.0299995117521192,0,0,18,0.9371713771073319,recloser_disswitch(r:p1udt228-p1udt62)p1u_12237,150.95468964605854,6362.904881275648
7,49459,2023-08-24T12:00,peak,3.0,569.4340410232544,1.0,569.4340410232544,True,True,0.9694182657875868,1.0299994788105007,0,0,18,0.9871452943011674,recloser_disswitch(r:p1udt228-p1udt62)p1u_12237,176.71521904827057,6767.941879391266,True,0.9694182657875868,1.0299994788105007,0,0,18,0.9871452943011674,recloser_disswitch(r:p1udt228-p1udt62)p1u_12237,176.71521904827057,6767.941879391266
7,49459,2023-08-24T12:00,peak,5.0,949.0567350387573,0.70123291015625,665.5098162146169,False,True,0.9534362061207211,1.0299994448730792,0,0,18,1.0899556506958874,l(r:p1udm822-p1ulv579),207.8539066043842,7178.871629034955,True,0.9654416719825385,1.029999470299928,0,0,18,0.9999927143037027,recloser_disswitch(r:p1udt228-p1udt62)p1u_12237,184.08373050862556,6871.584374968976
7,49459,2023-08-24T12:00,peak,10.0,1898.1134700775146,0.3505859375,665.4518903885037,False,True,0.9096239371614352,1.0299993553729427,27,0,18,1.6065376274116725,l(r:p1udm822-p1ulv579),312.20625176474147,8232.257858699686,True,0.9654445510826556,1.0299994703064204,0,0,18,0.9999826534698687,recloser_disswitch(r:p1udt228-p1udt62)p1u_12237,184.0781966104875,6871.506079672958
7,49553,2023-08-28T10:00,peak,1.0,197.9076976776123,1.0,197.9076976776123,True,True,0.9832214752088135,1.029999511024828,0,0,18,0.935491275162567,recloser_disswitch(r:p1udt228-p1udt62)p1u_12237,151.56170633412663,6371.6164949440845,True,0.9832214752088135,1.029999511024828,0,0,18,0.935491275162567,recloser_disswitch(r:p1udt228-p1udt62)p1u_12237,151.56170633412663,6371.6164949440845
7,49553,2023-08-28T10:00,peak,3.0,593.7230930328369,1.0,593.7230930328369,True,True,0.9675488690653312,1.0299994764937956,0,0,18,0.982173988401426,recloser_disswitch(r:p1udt228-p1udt62)p1u_12237,179.28443327437992,6794.7745807865285,True,0.9675488690653312,1.0299994764937956,0,0,18,0.982173988401426,recloser_disswitch(r:p1udt228-p1udt62)p1u_12237,179.28443327437992,6794.7745807865285
7,49553,2023-08-28T10:00,peak,5.0,989.5384883880615,0.6629638671875,656.0282629926223,False,True,0.9510785144008989,1.029999440756148,0,0,18,1.2130889786296652,l(r:p1udm822-p1ulv579),213.50715349211845,7224.999967143116,True,0.9650048542917026,1.0299994709297267,0,0,18,0.9999780362453246,l(r:p1udm822-p1ulv579),184.24019436137897,6862.25786829015
7,49553,2023-08-28T10:00,peak,10.0,1979.076976776123,0.33148193359375,656.0282629926223,False,True,0.9057451635583348,1.0299993456476744,27,0,18,1.862327842202892,l(r:p1udm822-p1ulv579),331.7326401767283,8332.722772825147,True,0.9650048542917026,1.0299994709297267,0,0,18,0.9999780362453246,l(r:p1udm822-p1ulv579),184.24019436137897,6862.25786829015
7,49846,2023-09-09T15:00,random,1.0,30.41227789223194,1.0,30.41227789223194,True,True,0.9887153646182332,1.0299995253503762,0,0,18,0.9166455147378169,recloser_disswitch(r:p1udt228-p1udt62)p1u_12237,141.48894388734175,6194.060463284375,True,0.9887153646182332,1.0299995253503762,0,0,18,0.9166455147378169,recloser_disswitch(r:p1udt228-p1udt62)p1u_12237,141.48894388734175,6194.060463284375
7,49846,2023-09-09T15:00,random,3.0,91.23683367669582,1.0,91.23683367669582,True,True,0.9875543739813335,1.0299995202688021,0,0,18,0.9248689640733917,recloser_disswitch(r:p1udt228-p1udt62)p1u_12237,144.61877514187503,6257.601292111603,True,0.9875543739813335,1.0299995202688021,0,0,18,0.9248689640733917,recloser_disswitch(r:p1udt228-p1udt62)p1u_12237,144.61877514187503,6257.601292111603
7,49846,2023-09-09T15:00,random,5.0,152.0613894611597,1.0,152.0613894611597,True,True,0.9863815156315816,1.0299995151357277,0,0,18,0.9331723084784895,recloser_disswitch(r:p1udt228-p1udt62)p1u_12237,147.86549206724408,6321.658587622532,True,0.9863815156315816,1.0299995151357277,0,0,18,0.9331723084784895,recloser_disswitch(r:p1udt228-p1udt62)p1u_12237,147.86549206724408,6321.658587622532
7,49846,2023-09-09T15:00,random,10.0,304.1227789223194,1.0,304.1227789223194,True,True,0.9830916621504138,1.029999502199822,0,0,18,0.9540531769521412,recloser_disswitch(r:p1udt228-p1udt62)p1u_12237,156.431182085048,6482.497865846338,True,0.9830916621504138,1.029999502199822,0,0,18,0.9540531769521412,recloser_disswitch(r:p1udt228-p1udt62)p1u_12237,156.431182085048,6482.497865846338
7,50168,2023-09-23T01:00,random,1.0,8.444974184036255,1.0,8.444974184036255,True,True,0.9892627830490041,1.0299995271946765,0,0,18,0.9133838518912807,recloser_disswitch(r:p1udt228-p1udt62)p1u_12237,140.4291748061816,6170.9289561613505,True,0.9892627830490041,1.0299995271946765,0,0,18,0.9133838518912807,recloser_disswitch(r:p1udt228-p1udt62)p1u_12237,140.4291748061816,6170.9289561613505
7,50168,2023-09-23T01:00,random,3.0,25.334922552108765,1.0,25.334922552108765,True,True,0.9875089994516999,1.0299995257705503,0,0,18,0.9151486019462106,recloser_disswitch(r:p1udt228-p1udt62)p1u_12237,141.42069210152405,6188.665786572181,True,0.9875089994516999,1.0299995257705503,0,0,18,0.9151486019462106,recloser_disswitch(r:p1udt228-p1udt62)p1u_12237,141.42069210152405,6188.665786572181
7,50168,2023-09-23T01:00,random,5.0,42.224870920181274,1.0,42.224870920181274,True,True,0.9852966187728767,1.029999524327764,0,0,18,0.916942650977583,recloser_disswitch(r:p1udt228-p1udt62)p1u_12237,142.46212582031373,6206.591474425579,True,0.9852966187728767,1.029999524327764,0,0,18,0.916942650977583,recloser_disswitch(r:p1udt228-p1udt62)p1u_12237,142.46212582031373,6206.591474425579
7,50168,2023-09-23T01:00,random,10.0,84.44974184036255,1.0,84.44974184036255,True,True,0.9796933222580142,1.0299995206815225,0,0,18,0.9214771105284741,recloser_disswitch(r:p1udt228-p1udt62)p1u_12237,145.2642202119562,6251.687820049914,True,0.9796933222580142,1.0299995206815225,0,0,18,0.9214771105284741,recloser_disswitch(r:p1udt228-p1udt62)p1u_12237,145.2642202119562,6251.687820049914
7,51647,2023-11-23T16:00,random,1.0,17.233353793621063,1.0,17.233353793621063,True,True,0.987684221229022,1.0299995264405688,0,0,18,0.9153868448899382,recloser_disswitch(r:p1udt228-p1udt62)p1u_12237,141.05639492473085,6180.298943329915,True,0.987684221229022,1.0299995264405688,0,0,18,0.9153868448899382,recloser_disswitch(r:p1udt228-p1udt62)p1u_12237,141.05639492473085,6180.298943329915
7,51647,2023-11-23T16:00,random,3.0,51.70006138086319,1.0,51.70006138086319,True,True,0.9813676648780768,1.02999952345686,0,0,18,0.9212324730519941,recloser_disswitch(r:p1udt228-p1udt62)p1u_12237,143.52681632325803,6217.202562832494,True,0.9813676648780768,1.02999952345686,0,0,18,0.9212324730519941,recloser_disswitch(r:p1udt228-p1udt62)p1u_12237,143.52681632325803,6217.202562832494
7,51647,2023-11-23T16:00,random,5.0,86.16676896810532,1.0,86.16676896810532,True,True,0.974922562271944,1.0299995204155687,0,0,18,0.9271517928373751,recloser_disswitch(r:p1udt228-p1udt62)p1u_12237,146.33964659985483,6254.477502319768,True,0.974922562271944,1.0299995204155687,0,0,18,0.9271517928373751,recloser_disswitch(r:p1udt228-p1udt62)p1u_12237,146.33964659985483,6254.477502319768
7,51647,2023-11-23T16:00,random,10.0,172.33353793621063,1.0,172.33353793621063,True,True,0.95820528757174,1.0299995125529071,0,0,18,0.9422771901605839,recloser_disswitch(r:p1udt228-p1udt62)p1u_12237,154.96324153975166,6349.279006176053,True,0.95820528757174,1.0299995125529071,0,0,18,0.9422771901605839,recloser_disswitch(r:p1udt228-p1udt62)p1u_12237,154.96324153975166,6349.279006176053
8,44103,2023-01-13T08:00,random,1.0,79.95436143875122,1.0,79.95436143875122,True,True,0.9854300181223629,1.029999521190308,0,0,18,0.9244224408046314,recloser_disswitch(r:p1udt228-p1udt62)p1u_12237,144.26488493198002,6246.241662172405,True,0.9854300181223629,1.029999521190308,0,0,18,0.9244224408046314,recloser_disswitch(r:p1udt228-p1udt62)p1u_12237,144.26488493198002,6246.241662172405
8,44103,2023-01-13T08:00,random,3.0,239.86308431625366,1.0,239.86308431625366,True,True,0.9744422003060429,1.029999507554977,0,0,18,0.9485111485173359,recloser_disswitch(r:p1udt228-p1udt62)p1u_12237,154.05601727918287,6415.8456699901935,True,0.9744422003060429,1.029999507554977,0,0,18,0.9485111485173359,recloser_disswitch(r:p1udt228-p1udt62)p1u_12237,154.05601727918287,6415.8456699901935
8,44103,2023-01-13T08:00,random,5.0,399.7718071937561,1.0,399.7718071937561,True,True,0.9621613108042816,1.0299994936336452,0,0,18,0.9729450536937251,recloser_disswitch(r:p1udt228-p1udt62)p1u_12237,165.48273841875553,6587.151802011251,True,0.9621613108042816,1.0299994936336452,0,0,18,0.9729450536937251,recloser_disswitch(r:p1udt228-p1udt62)p1u_12237,165.48273841875553,6587.151802011251
8,44103,2023-01-13T08:00,random,10.0,799.5436143875122,0.6903076171875,551.9310472853249,False,True,0.9291484954841027,1.029999457441054,12,0,18,1.250749234171249,l(r:p1udm721-p1ulv530),202.08318370333583,7023.540876997894,True,0.9500029342438859,1.0299994800948515,0,0,18,0.9965514723549495,recloser_disswitch(r:p1udt228-p1udt62)p1u_12237,177.99580774911047,6751.916277842136
8,44752,2023-02-09T09:00,random,1.0,125.63688196241856,1.0,125.63688196241856,True,True,0.984742209767919,1.0299995173588832,0,0,18,0.9313825652317677,recloser_disswitch(r:p1udt228-p1udt62)p1u_12237,146.6434500019619,6294.399465234526,True,0.984742209767919,1.0299995173588832,0,0,18,0.9313825652317677,recloser_disswitch(r:p1udt228-p1udt62)p1u_12237,146.6434500019619,6294.399465234526
8,44752,2023-02-09T09:00,random,3.0,376.91064588725567,1.0,376.91064588725567,True,True,0.9754281343496487,1.0299994960495393,0,0,18,0.9693804720013224,recloser_disswitch(r:p1udt228-p1udt62)p1u_12237,161.37271097108024,6560.182198751922,True,0.9754281343496487,1.0299994960495393,0,0,18,0.9693804720013224,recloser_disswitch(r:p1udt228-p1udt62)p1u_12237,161.37271097108024,6560.182198751922
8,44752,2023-02-09T09:00,random,5.0,628.1844098120928,0.9189453125,577.2671187824017,False,True,0.9658074265568249,1.0299994743958698,0,0,18,1.007790469402785,recloser_disswitch(r:p1udt228-p1udt62)p1u_12237,177.98967666098164,6828.039476671982,True,0.9677776899586258,1.029999478799929,0,0,18,0.9999949046920503,recloser_disswitch(r:p1udt228-p1udt62)p1u_12237,174.4736383888963,6773.734945187006
8,44752,2023-02-09T09:00,random,10.0,1256.3688196241856,0.45947265625,577.2671187824017,False,True,0.93806715305107,1.0299994186886112,12,0,18,1.2648268851695048,l(r:p1udt175lv-p1ulv493),228.45369049699292,7506.732981267293,True,0.9677776899586258,1.029999478799929,0,0,18,0.9999949046920503,recloser_disswitch(r:p1udt228-p1udt62)p1u_12237,174.4736383888963,6773.734945187006
8,46073,2023-04-05T10:00,peak,1.0,190.9374189376831,1.0,190.9374189376831,True,True,0.9848327998512377,1.0299995118919274,0,0,18,0.9426108118777429,recloser_disswitch(r:p1udt228-p1udt62)p1u_12237,150.11190261648218,6363.147533287169,True,0.9848327998512377,1.0299995118919274,0,0,18,0.9426108118777429,recloser_disswitch(r:p1udt228-p1udt62)p1u_12237,150.11190261648218,6363.147533287169
8,46073,2023-04-05T10:00,peak,3.0,572.8122568130493,0.963134765625,551.6953987127636,False,True,0.9733186710963794,1.029999479423603,0,0,18,1.0033539179877629,recloser_disswitch(r:p1udt228-p1udt62)p1u_12237,173.1853262632674,6767.838285732519,True,0.9740231434872141,1.0299994812234083,0,0,18,0.9999966458348197,recloser_disswitch(r:p1udt228-p1udt62)p1u_12237,171.81839783424093,6745.504967298238
8,46073,2023-04-05T10:00,peak,5.0,954.6870946884155,0.577880859375,551.6953987127636,False,True,0.9602566096304093,1.0299994462929951,0,0,18,1.0649186073314563,recloser_disswitch(r:p1udt228-p1udt62)p1u_12237,200.1396858848297,7176.587936285473,True,0.9740231932273854,1.0299994812235926,0,0,18,0.9999963086251037,recloser_disswitch(r:p1udt228-p1udt62)p1u_12237,171.8182649586991,6745.502763054886
8,46073,2023-04-05T10:00,peak,10.0,1909.374189376831,0.2889404296875,551.6953987127636,False,True,0.925134451121057,1.0299993602856614,27,0,18,1.2227949902926984,recloser_disswitch(r:p1udt228-p1udt62)p1u_12237,286.33169827673294,8217.670178087032,True,0.9740231932273854,1.0299994812235926,0,0,18,0.9999963086251037,recloser_disswitch(r:p1udt228-p1udt62)p1u_12237,171.8182649586991,6745.502763054886
8,46294,2023-04-14T15:00,random,1.0,91.37446284294128,1.0,91.37446284294128,True,True,0.9866735671960384,1.0299995202714523,0,0,18,0.9276405162023798,recloser_disswitch(r:p1udt228-p1udt62)p1u_12237,144.60887161347523,6258.085489091556,True,0.9866735671960384,1.0299995202714523,0,0,18,0.9276405162023798,recloser_disswitch(r:p1udt228-p1udt62)p1u_12237,144.60887161347523,6258.085489091556
8,46294,2023-04-14T15:00,random,3.0,274.12338852882385,1.0,274.12338852882385,True,True,0.979592148733604,1.0299995048910129,0,0,18,0.9580461917092532,recloser_disswitch(r:p1udt228-p1udt62)p1u_12237,154.64868815251748,6450.707282676516,True,0.979592148733604,1.0299995048910129,0,0,18,0.9580461917092532,recloser_disswitch(r:p1udt228-p1udt62)p1u_12237,154.64868815251748,6450.707282676516
8,46294,2023-04-14T15:00,random,5.0,456.8723142147064,1.0,456.8723142147064,True,True,0.9710351081891782,1.029999489325357,0,0,18,0.9886866030000946,recloser_disswitch(r:p1udt228-p1udt62)p1u_12237,165.69877310634567,6644.491506433898,True,0.9710351081891782,1.029999489325357,0,0,18,0.9886866030000946,recloser_disswitch(r:p1udt228-p1udt62)p1u_12237,165.69877310634567,6644.491506433898
8,46294,2023-04-14T15:00,random,10.0,913.7446284294128,0.5733642578125,523.9085107095889,False,True,0.9485868667243308,1.0299994495968428,3,0,18,1.2166735302618537,l(r:p1udt175lv-p1ulv493),198.0205507139701,7133.7256835700055,True,0.9678358888316932,1.0299994835639499,0,0,18,0.999993403555911,recloser_disswitch(r:p1udt228-p1udt62)p1u_12237,170.0167828769476,6715.916327796842
8,46385,2023-04-18T10:00,peak,1.0,188.02274084091187,1.0,188.02274084091187,True,True,0.9814038710258571,1.0299995119594116,0,0,18,0.9419423755489629,recloser_disswitch(r:p1udt228-p1udt62)p1u_12237,150.85502229160568,6360.9547164247,True,0.9814038710258571,1.0299995119594116,0,0,18,0.9419423755489629,recloser_disswitch(r:p1udt228-p1udt62)p1u_12237,150.85502229160568,6360.9547164247
8,46385,2023-04-18T10:00,peak,3.0,564.0682225227356,0.88250732421875,497.79433773536584,False,True,0.9649705113086285,1.029999479383466,0,0,18,1.0417738813486357,l(r:p1udt175lv-p1ulv493),176.55694666828563,6762.59839379162,True,0.9679330599104198,1.029999485193783,0,0,18,0.9999997544413578,l(r:p1udt175lv-p1ulv493),171.6360442641938,6691.420542813877
8,46385,2023-04-18T10:00,peak,5.0,940.1137042045593,0.52947998046875,497.7713857406343,False,True,0.9475690738205621,1.0299994458129915,6,0,18,1.280844923553636,l(r:p1udt175lv-p1ulv493),207.85663159793435,7169.917219579033,True,0.9679340871966223,1.0299994851958048,0,0,18,0.9999852584765996,l(r:p1udt175lv-p1ulv493),171.63436578048612,6691.395749751557
8,46385,2023-04-18T10:00,peak,10.0,1880.2274084091187,0.26470947265625,497.7140057538054,False,True,0.8963726799175664,1.0299993568182475,21,0,18,1.8948818016479518,l(r:p1udt175lv-p1ulv493),314.81327030627165,8216.92345719238,True,0.9679365930378231,1.0299994852007164,0,0,18,0.9999494766286652,l(r:p1udt175lv-p1ulv493),171.630250587094,6691.335444978845
8,46413,2023-04-19T14:00,random,1.0,57.698155641555786,1.0,57.698155641555786,True,True,0.9872049092873035,1.0299995230749983,0,0,18,0.9220794976856382,recloser_disswitch(r:p1udt228-p1udt62)p1u_12237,142.99795723652005,6222.809136955362,True,0.9872049092873035,1.0299995230749983,0,0,18,0.9220794976856382,recloser_disswitch(r:p1udt228-p1udt62)p1u_12237,142.99795723652005,6222.809136955362
8,46413,2023-04-19T14:00,random,3.0,173.09446692466736,1.0,173.09446692466736,True,True,0.9829300756448361,1.029999513361654,0,0,18,0.9412894973774174,recloser_disswitch(r:p1udt228-p1udt62)p1u_12237,149.47502597154363,6344.525791989829,True,0.9829300756448361,1.029999513361654,0,0,18,0.9412894973774174,recloser_disswitch(r:p1udt228-p1udt62)p1u_12237,149.47502597154363,6344.525791989829
8,46413,2023-04-19T14:00,random,5.0,288.49077820777893,1.0,288.49077820777893,True,True,0.976726741706021,1.0299995035457539,0,0,18,0.960633180555892,recloser_disswitch(r:p1udt228-p1udt62)p1u_12237,156.4879478117991,6466.927948615093,True,0.976726741706021,1.0299995035457539,0,0,18,0.960633180555892,recloser_disswitch(r:p1udt228-p1udt62)p1u_12237,156.4879478117991,6466.927948615093
8,46413,2023-04-19T14:00,random,10.0,576.9815564155579,0.90325927734375,521.1639436885889,False,True,0.9606904025751023,1.0299994786015243,0,0,18,1.0094846029566713,recloser_disswitch(r:p1udt228-p1udt62)p1u_12237,176.44072975469737,6775.252787652855,True,0.9638484196798663,1.0299994834627557,0,0,18,0.9999965819328069,recloser_disswitch(r:p1udt228-p1udt62)p1u_12237,172.30948338983634,6715.463569864107
8,46948,2023-05-11T21:00,random,1.0,43.385165214538574,1.0,43.385165214538574,True,True,0.9883212273416194,1.0299995242689735,0,0,18,0.9186217433882623,recloser_disswitch(r:p1udt228-p1udt62)p1u_12237,142.23960332739736,6207.731121441898,True,0.9883212273416194,1.0299995242689735,0,0,18,0.9186217433882623,recloser_disswitch(r:p1udt228-p1udt62)p1u_12237,142.23960332739736,6207.731121441898
8,46948,2023-05-11T21:00,random,3.0,130.15549564361572,1.0,130.15549564361572,True,True,0.9863644124769078,1.0299995169781968,0,0,18,0.9308721570943383,recloser_disswitch(r:p1udt228-p1udt62)p1u_12237,146.97983879325426,6299.1032015035935,True,0.9863644124769078,1.0299995169781968,0,0,18,0.9308721570943383,recloser_disswitch(r:p1udt228-p1udt62)p1u_12237,146.97983879325426,6299.1032015035935
8,46948,2023-05-11T21:00,random,5.0,216.92582607269287,1.0,216.92582607269287,True,True,0.9843933675547051,1.0299995096377577,0,0,18,0.9431862054158884,recloser_disswitch(r:p1udt228-p1udt62)p1u_12237,151.94834891175162,6390.839570037116,True,0.9843933675547051,1.0299995096377577,0,0,18,0.9431862054158884,recloser_disswitch(r:p1udt228-p1udt62)p1u_12237,151.94834891175162,6390.839570037116
8,46948,2023-05-11T21:00,random,10.0,433.85165214538574,1.0,433.85165214538574,True,True,0.9789052188913582,1.0299994911194157,0,0,18,0.9741542190348174,recloser_disswitch(r:p1udt228-p1udt62)p1u_12237,165.35695791311502,6621.119417847242,True,0.9789052188913582,1.0299994911194157,0,0,18,0.9741542190348174,recloser_disswitch(r:p1udt228-p1udt62)p1u_12237,165.35695791311502,6621.119417847242
8,47304,2023-05-26T17:00,random,1.0,83.14106774330139,1.0,83.14106774330139,True,True,0.9889441665866932,1.0299995210356665,0,0,18,0.9240399881012336,recloser_disswitch(r:p1udt228-p1udt62)p1u_12237,143.79006762230316,6249.009068303449,True,0.9889441665866932,1.0299995210356665,0,0,18,0.9240399881012336,recloser_disswitch(r:p1udt228-p1udt62)p1u_12237,143.79006762230316,6249.009068303449
8,47304,2023-05-26T17:00,random,3.0,249.42320322990417,1.0,249.42320322990417,True,True,0.986126808676923,1.0299995072461563,0,0,18,0.9471646288143208,recloser_disswitch(r:p1udt228-p1udt62)p1u_12237,151.7991124552876,6423.1757003435105,True,0.986126808676923,1.0299995072461563,0,0,18,0.9471646288143208,recloser_disswitch(r:p1udt228-p1udt62)p1u_12237,151.7991124552876,6423.1757003435105
8,47304,2023-05-26T17:00,random,5.0,415.70533871650696,1.0,415.70533871650696,True,True,0.9817060226200819,1.0299994933723733,0,0,18,0.9703863424791166,recloser_disswitch(r:p1udt228-p1udt62)p1u_12237,160.2596083342488,6597.913248718594,True,0.9817060226200819,1.0299994933723733,0,0,18,0.9703863424791166,recloser_disswitch(r:p1udt228-p1udt62)p1u_12237,160.2596083342488,6597.913248718594
8,47304,2023-05-26T17:00,random,10.0,831.4106774330139,0.75396728515625,626.8564513140882,False,True,0.9704186090646065,1.029999458361223,0,0,18,1.0287828712687637,recloser_disswitch(r:p1udt228-p1udt62)p1u_12237,183.41238732215825,7036.671017444272,True,0.9760140492733195,1.0299994756412816,0,0,18,0.9999978196768186,recloser_disswitch(r:p1udt228-p1udt62)p1u_12237,171.66156383092348,6820.508632508238
8,47458,2023-06-02T03:00,random,1.0,11.082432746887207,1.0,11.082432746887207,True,True,0.9892512770642695,1.0299995269770947,0,0,18,0.9143405701032619,recloser_disswitch(r:p1udt228-p1udt62)p1u_12237,140.52643569986367,6173.715146367299,True,0.9892512770642695,1.0299995269770947,0,0,18,0.9143405701032619,recloser_disswitch(r:p1udt228-p1udt62)p1u_12237,140.52643569986367,6173.715146367299
8,47458,2023-06-02T03:00,random,3.0,33.24729824066162,1.0,33.24729824066162,True,True,0.9891614032111725,1.029999525125887,0,0,18,0.9179993365309602,recloser_disswitch(r:p1udt228-p1udt62)p1u_12237,141.7302462376334,6196.8749238751325,True,0.9891614032111725,1.029999525125887,0,0,18,0.9179993365309602,recloser_disswitch(r:p1udt228-p1udt62)p1u_12237,141.7302462376334,6196.8749238751325
8,47458,2023-06-02T03:00,random,5.0,55.412163734436035,1.0,55.412163734436035,True,True,0.9890689999291314,1.0299995232435588,0,0,18,0.9217056881632664,recloser_disswitch(r:p1udt228-p1udt62)p1u_12237,143.02065757090116,6220.319947767278,True,0.9890689999291314,1.0299995232435588,0,0,18,0.9217056881632664,recloser_disswitch(r:p1udt228-p1udt62)p1u_12237,143.02065757090116,6220.319947767278
8,47458,2023-06-02T03:00,random,10.0,110.82432746887207,1.0,110.82432746887207,True,True,0.9863122112271939,1.0299995184624227,0,0,18,0.9310647429583018,recloser_disswitch(r:p1udt228-p1udt62)p1u_12237,146.59867496383947,6279.392931964393,True,0.9863122112271939,1.0299995184624227,0,0,18,0.9310647429583018,recloser_disswitch(r:p1udt228-p1udt62)p1u_12237,146.59867496383947,6279.392931964393
8,47868,2023-06-19T05:00,random,1.0,3.571868658065796,1.0,3.571868658065796,True,True,0.9891929994184655,1.0299995276084342,0,0,18,0.9130861733386955,recloser_disswitch(r:p1udt228-p1udt62)p1u_12237,140.15884813834768,6165.743480422931,True,0.9891929994184655,1.0299995276084342,0,0,18,0.9130861733386955,recloser_disswitch(r:p1udt228-p1udt62)p1u_12237,140.15884813834768,6165.743480422931
8,47868,2023-06-19T05:00,random,3.0,10.715605974197388,1.0,10.715605974197388,True,True,0.9889843621208607,1.0299995270023745,0,0,18,0.9142761033832517,recloser_disswitch(r:p1udt228-p1udt62)p1u_12237,140.58855181297304,6173.2595647829785,True,0.9889843621208607,1.0299995270023745,0,0,18,0.9142761033832517,recloser_disswitch(r:p1udt228-p1udt62)p1u_12237,140.58855181297304,6173.2595647829785
8,47868,2023-06-19T05:00,random,5.0,17.85934329032898,1.0,17.85934329032898,True,True,0.9887748133890669,1.0299995263908341,0,0,18,0.9154757826287279,recloser_disswitch(r:p1udt228-p1udt62)p1u_12237,141.02501164694914,6180.838973752234,True,0.9887748133890669,1.0299995263908341,0,0,18,0.9154757826287279,recloser_disswitch(r:p1udt228-p1udt62)p1u_12237,141.02501164694914,6180.838973752234
8,47868,2023-06-19T05:00,random,10.0,35.71868658065796,1.0,35.71868658065796,True,True,0.9882505314442782,1.0299995248630185,0,0,18,0.9184703219008977,recloser_disswitch(r:p1udt228-p1udt62)p1u_12237,142.13160013857697,6199.747880676784,True,0.9882505314442782,1.0299995248630185,0,0,18,0.9184703219008977,recloser_disswitch(r:p1udt228-p1udt62)p1u_12237,142.13160013857697,6199.747880676784
8,48214,2023-07-03T15:00,random,1.0,73.25083684921265,1.0,73.25083684921265,True,True,0.9868413123652097,1.0299995217482167,0,0,18,0.9246678367094365,recloser_disswitch(r:p1udt228-p1udt62)p1u_12237,144.00238048604274,6239.104052724017,True,0.9868413123652097,1.0299995217482167,0,0,18,0.9246678367094365,recloser_disswitch(r:p1udt228-p1udt62)p1u_12237,144.00238048604274,6239.104052724017
8,48214,2023-07-03T15:00,random,3.0,219.75251054763794,1.0,219.75251054763794,True,True,0.9818569517177234,1.029999509291301,0,0,18,0.9492044758520345,recloser_disswitch(r:p1udt228-p1udt62)p1u_12237,152.65257517396458,6394.347134984229,True,0.9818569517177234,1.029999509291301,0,0,18,0.9492044758520345,recloser_disswitch(r:p1udt228-p1udt62)p1u_12237,152.65257517396458,6394.347134984229
8,48214,2023-07-03T15:00,random,5.0,366.25418424606323,1.0,366.25418424606323,True,True,0.9767865286764891,1.0299994967179067,0,0,18,0.9987708823982354,l(r:p1udt175lv-p1ulv493),161.99875659766676,6550.184462662308,True,0.9767865286764891,1.0299994967179067,0,0,18,0.9987708823982354,l(r:p1udt175lv-p1ulv493),161.99875659766676,6550.184462662308
8,48214,2023-07-03T15:00,random,10.0,732.5083684921265,0.50189208984375,367.64015589054907,False,True,0.9627348961438309,1.029999464728023,0,0,18,1.3133403423272174,l(r:p1udt175lv-p1ulv493),188.55094609148992,6942.820197513939,True,0.9767366956230806,1.0299994965931953,0,0,18,0.9999711616019045,l(r:p1udt175lv-p1ulv493),162.09381552292479,6551.724112745848
8,48449,2023-07-13T10:00,peak,1.0,185.93796157836914,1.0,185.93796157836914,True,True,0.9848310335425097,1.0299995123023384,0,0,18,0.9414864375531662,recloser_disswitch(r:p1udt228-p1udt62)p1u_12237,149.7790019050677,6357.768450794378,True,0.9848310335425097,1.0299995123023384,0,0,18,0.9414864375531662,recloser_disswitch(r:p1udt228-p1udt62)p1u_12237,149.7790019050677,6357.768450794378
8,48449,2023-07-13T10:00,peak,3.0,557.8138847351074,1.0,557.8138847351074,True,True,0.9748505155067941,1.029999480727798,0,0,18,0.9998842067461924,recloser_disswitch(r:p1udt228-p1udt62)p1u_12237,171.5851284139645,6751.251372438843,True,0.9748505155067941,1.029999480727798,0,0,18,0.9998842067461924,recloser_disswitch(r:p1udt228-p1udt62)p1u_12237,171.5851284139645,6751.251372438843
8,48449,2023-07-13T10:00,peak,5.0,929.6898078918457,0.6005859375,558.358624856919,False,True,0.9629188778054595,1.0299994486194308,0,0,18,1.2016455298266076,l(r:p1udt175lv-p1ulv493),196.38293885987207,7147.872315537191,True,0.9748302984820719,1.0299994806693527,0,0,18,0.9999915312833847,recloser_disswitch(r:p1udt228-p1udt62)p1u_12237,171.62674921385087,6751.970848955656
8,48449,2023-07-13T10:00,peak,10.0,1859.3796157836914,0.30029296875,558.358624856919,False,True,0.9311268641672016,1.029999365861604,15,0,18,1.7307759514615997,l(r:p1udt175lv-p1ulv493),272.52142036185757,8153.732705791667,True,0.9748302984820719,1.0299994806693527,0,0,18,0.9999915312833847,recloser_disswitch(r:p1udt228-p1udt62)p1u_12237,171.62674921385087,6751.970848955656
8,48450,2023-07-13T11:00,peak,1.0,197.65360134840012,1.0,197.65360134840012,True,True,0.9840617849176609,1.029999511299305,0,0,18,0.9434668038612416,recloser_disswitch(r:p1udt228-p1udt62)p1u_12237,150.57134564635166,6370.31303024493,True,0.9840617849176609,1.029999511299305,0,0,18,0.9434668038612416,recloser_disswitch(r:p1udt228-p1udt62)p1u_12237,150.57134564635166,6370.31303024493
8,48450,2023-07-13T11:00,peak,3.0,592.9608040452003,0.9368896484375,555.5388392391251,False,True,0.9716762800817724,1.029999477639235,0,0,18,1.0059202948329113,recloser_disswitch(r:p1udt228-p1udt62)p1u_12237,174.5266839944574,6789.318789267957,True,0.9729919973788388,1.0299994808410207,0,0,18,0.9999968802955812,recloser_disswitch(r:p1udt228-p1udt62)p1u_12237,172.10703086108833,6749.6358582782295
8,48450,2023-07-13T11:00,peak,5.0,988.2680067420006,0.5621337890625,555.5388392391251,False,True,0.9574092774426578,1.029999443290339,0,0,18,1.0759278917947404,l(r:p1udt175lv-p1ulv493),202.31863825279623,7212.555169708433,True,0.9729919690573364,1.0299994808409267,0,0,18,0.9999970543635416,recloser_disswitch(r:p1udt228-p1udt62)p1u_12237,172.1070909391828,6749.636981634133
8,48450,2023-07-13T11:00,peak,10.0,1976.5360134840012,0.28106689453125,555.5388392391251,False,True,0.9188472684555702,1.0299993542866765,19,0,18,1.4731710021221283,l(r:p1udt175lv-p1ulv493),290.2206739238568,8288.71735989733,True,0.9729919690573364,1.0299994808409267,0,0,18,0.9999970543635416,recloser_disswitch(r:p1udt228-p1udt62)p1u_12237,172.1070909391828,6749.636981634133
8,49081,2023-08-08T18:00,peak,1.0,184.03811740875244,1.0,184.03811740875244,True,True,0.9835622122419353,1.029999512403764,0,0,18,0.9431567864024498,recloser_disswitch(r:p1udt228-p1udt62)p1u_12237,150.17217062709418,6356.301600715118,True,0.9835622122419353,1.029999512403764,0,0,18,0.9431567864024498,recloser_disswitch(r:p1udt228-p1udt62)p1u_12237,150.17217062709418,6356.301600715118
8,49081,2023-08-08T18:00,peak,3.0,552.1143522262573,0.73651123046875,406.6384209176176,False,True,0.9710032220644392,1.0299994809054631,0,0,18,1.1123123109190933,l(r:p1udt175lv-p1ulv493),173.52798211618494,6747.467165347077,True,0.9764665270594884,1.0299994934330514,0,0,18,0.9999739163087106,l(r:p1udt175lv-p1ulv493),163.82442858635548,6592.4530749340975
8,49081,2023-08-08T18:00,peak,5.0,920.1905870437622,0.44189453125,406.6271881223656,False,True,0.9562187638491517,1.0299994486461677,0,0,18,1.3999833912347386,l(r:p1udt175lv-p1ulv493),201.01898503023702,7143.168629471145,True,0.9764668192800107,1.0299994934337782,0,0,18,0.9999662882085836,l(r:p1udt175lv-p1ulv493),163.82388345214392,6592.443970979413
8,49081,2023-08-08T18:00,peak,10.0,1840.3811740875244,0.220947265625,406.6271881223656,False,True,0.9160522763181459,1.0299993644878935,15,0,18,2.1412625855114813,l(r:p1udt175lv-p1ulv493),289.79410825949253,8152.124345740965,True,0.9764668192800107,1.0299994934337782,0,0,18,0.9999662882085836,l(r:p1udt175lv-p1ulv493),163.82388345214392,6592.443970979413
8,49289,2023-08-17T10:00,peak,1.0,186.71374398469925,1.0,186.71374398469925,True,True,0.9848090268712267,1.029999512248631,0,0,18,0.9414111066000764,recloser_disswitch(r:p1udt228-p1udt62)p1u_12237,149.7468282720186,6358.5171582009825,True,0.9848090268712267,1.029999512248631,0,0,18,0.9414111066000764,recloser_disswitch(r:p1udt228-p1udt62)p1u_12237,149.7468282720186,6358.5171582009825
8,49289,2023-08-17T10:00,peak,3.0,560.1412319540977,1.0,560.1412319540977,True,True,0.9756430887783416,1.029999480591801,0,0,18,0.9996238692887666,recloser_disswitch(r:p1udt228-p1udt62)p1u_12237,171.33812672112361,6753.335968335892,True,0.9756430887783416,1.029999480591801,0,0,18,0.9996238692887666,recloser_disswitch(r:p1udt228-p1udt62)p1u_12237,171.33812672112361,6753.335968335892
8,49289,2023-08-17T10:00,peak,5.0,933.5687199234962,0.6024169921875,562.3976602566472,False,True,0.9662005700997945,1.029999448436802,0,0,18,1.1894448515516696,l(r:p1udt175lv-p1ulv493),195.69841420222662,7151.076228079221,True,0.975583966008882,1.0299994803871941,0,0,18,0.9999987458398168,recloser_disswitch(r:p1udt228-p1udt62)p1u_12237,171.48438986150896,6755.871839635068
8,49289,2023-08-17T10:00,peak,10.0,1867.1374398469925,0.30120849609375,562.3976602566472,False,True,0.9399660591516411,1.0299993657601274,12,0,18,1.7056048241912964,l(r:p1udt175lv-p1ulv493),269.5349866569207,8158.528748285454,True,0.975583966008882,1.0299994803871941,0,0,18,0.9999987458398168,recloser_disswitch(r:p1udt228-p1udt62)p1u_12237,171.48438986150896,6755.871839635068
8,49408,2023-08-22T09:00,peak,1.0,197.64600601792336,1.0,197.64600601792336,True,True,0.9846311645974598,1.0299995113415283,0,0,18,0.9417922772038312,recloser_disswitch(r:p1udt228-p1udt62)p1u_12237,150.25851966223118,6369.991831536102,True,0.9846311645974598,1.0299995113415283,0,0,18,0.9417922772038312,recloser_disswitch(r:p1udt228-p1udt62)p1u_12237,150.25851966223118,6369.991831536102
8,49408,2023-08-22T09:00,peak,3.0,592.9380180537701,0.99066162109375,587.4009381732631,False,True,0.9724319463031789,1.029999477827101,0,0,18,1.000802840421004,recloser_disswitch(r:p1udt228-p1udt62)p1u_12237,173.20521009075338,6787.988527627209,True,0.972616309315783,1.0299994782877908,0,0,18,0.9999943286298191,recloser_disswitch(r:p1udt228-p1udt62)p1u_12237,172.8697569137449,6782.260899024661
8,49408,2023-08-22T09:00,peak,5.0,988.2300300896168,0.59442138671875,587.425064882982,False,True,0.9587299420531132,1.0299994437342095,0,0,18,1.0895858217049454,l(r:p1udt175lv-p1ulv493),199.42351888810023,7209.437509465505,True,0.9726154928667022,1.0299994782857385,0,0,18,0.9999979264221639,recloser_disswitch(r:p1udt228-p1udt62)p1u_12237,172.87125436817138,6782.286391131452
8,49408,2023-08-22T09:00,peak,10.0,1976.4600601792336,0.29718017578125,587.3647481086846,False,True,0.9217875992510982,1.0299993557624876,15,0,18,1.501046036145872,l(r:p1udt175lv-p1ulv493),280.6622174092606,8279.090324013332,True,0.9726175170755196,1.0299994782908128,0,0,18,0.9999890205216063,recloser_disswitch(r:p1udt228-p1udt62)p1u_12237,172.86756965099408,6782.22333480558
8,49409,2023-08-22T10:00,peak,1.0,219.909832239151,1.0,219.909832239151,True,True,0.9830584927650313,1.0299995093626417,0,0,18,0.9454481967414997,recloser_disswitch(r:p1udt228-p1udt62)p1u_12237,152.09188606650517,6394.089026317372,True,0.9830584927650313,1.0299995093626417,0,0,18,0.9454481967414997,recloser_disswitch(r:p1udt228-p1udt62)p1u_12237,152.09188606650517,6394.089026317372
8,49409,2023-08-22T10:00,peak,3.0,659.729496717453,0.88018798828125,580.6859785255365,False,True,0.9686755351619071,1.0299994716898822,0,0,18,1.0120101468456286,recloser_disswitch(r:p1udt228-p1udt62)p1u_12237,179.89896172385585,6861.421014415471,True,0.9715520690069144,1.029999478508799,0,0,18,0.9999990791190629,recloser_disswitch(r:p1udt228-p1udt62)p1u_12237,174.5527284397741,6777.229321478752
8,49409,2023-08-22T10:00,peak,5.0,1099.549161195755,0.528076171875,580.6457118326216,False,True,0.952167929231458,1.0299994331150037,0,0,18,1.0796560449135135,recloser_disswitch(r:p1udt228-p1udt62)p1u_12237,212.72560941486964,7334.232280207029,True,0.9715535822607088,1.0299994785124347,0,0,18,0.9999926688216583,recloser_disswitch(r:p1udt228-p1udt62)p1u_12237,174.54991509099273,6777.184465323124
8,49409,2023-08-22T10:00,peak,10.0,2199.09832239151,0.2640380859375,580.6457118326216,False,True,0.9068950529012214,1.0299993324779024,15,0,18,1.4047575550864477,l(r:p1udt175lv-p1ulv493),319.347616809646,8540.381738175844,True,0.9715535822607088,1.0299994785124347,0,0,18,0.9999926688216583,recloser_disswitch(r:p1udt228-p1udt62)p1u_12237,174.54991509099273,6777.184465323124
8,49410,2023-08-22T11:00,peak,1.0,204.56667828559875,1.0,204.56667828559875,True,True,0.9845601792354777,1.0299995106409339,0,0,18,0.9437980362594369,recloser_disswitch(r:p1udt228-p1udt62)p1u_12237,151.20929058068847,6377.875370995085,True,0.9845601792354777,1.0299995106409339,0,0,18,0.9437980362594369,recloser_disswitch(r:p1udt228-p1udt62)p1u_12237,151.20929058068847,6377.875370995085
8,49410,2023-08-22T11:00,peak,3.0,613.7000348567963,0.87359619140625,536.1260131167801,False,True,0.9742557383547027,1.0299994756580484,0,0,18,1.0453351961076764,l(r:p1udt175lv-p1ulv493),176.41587168162707,6811.937281700666,True,0.9765484505305785,1.0299994823303742,0,0,18,0.9999796173119104,l(r:p1udt175lv-p1ulv493),171.36091791697336,6729.477545925772
8,49410,2023-08-22T11:00,peak,5.0,1022.8333914279938,0.524169921875,536.1384988759528,False,True,0.961892797748746,1.0299994400001136,0,0,18,1.2868544110070825,l(r:p1udt175lv-p1ulv493),205.380755437601,7249.921695811909,True,0.9765481148216031,1.0299994823294403,0,0,18,0.9999863977515918,l(r:p1udt175lv-p1ulv493),171.36164349037662,6729.489155471207
8,49410,2023-08-22T11:00,peak,10.0,2045.6667828559875,0.2620849609375,536.1384988759528,False,True,0.9288607950971494,1.0299993476799043,15,0,18,1.9072659770580553,l(r:p1udt175lv-p1ulv493),295.62433598215756,8363.060153680077,True,0.9765481148216031,1.0299994823294403,0,0,18,0.9999863977515918,l(r:p1udt175lv-p1ulv493),171.36164349037662,6729.489155471207
8,49458,2023-08-24T11:00,peak,1.0,192.7057340145111,1.0,192.7057340145111,True,True,0.9827642110133723,1.029999511626422,0,0,18,0.9423298154367956,recloser_disswitch(r:p1udt228-p1udt62)p1u_12237,150.71105877131245,6365.5055470714915,True,0.9827642110133723,1.029999511626422,0,0,18,0.9423298154367956,recloser_disswitch(r:p1udt228-p1udt62)p1u_12237,150.71105877131245,6365.5055470714915
8,49458,2023-08-24T11:00,peak,3.0,578.1172020435333,0.97113037109375,561.427172956217,False,True,0.9689421696031086,1.0299994785355548,0,0,18,1.0025998684367972,recloser_disswitch(r:p1udt228-p1udt62)p1u_12237,175.37432401490324,6775.301490388783,True,0.9696250818525702,1.0299994799690773,0,0,18,0.9999984602803993,recloser_disswitch(r:p1udt228-p1udt62)p1u_12237,174.22650341943813,6757.643852851538
8,49458,2023-08-24T11:00,peak,5.0,963.5286700725555,0.5826416015625,561.3918874824594,False,True,0.9526129893328423,1.0299994446212544,0,0,18,1.1591565424962893,l(r:p1udt175lv-p1ulv493),204.52911909160255,7190.0206637909705,True,0.9696265054289799,1.029999479972055,0,0,18,0.9999930551476737,recloser_disswitch(r:p1udt228-p1udt62)p1u_12237,174.22412219470584,6757.607142872386
8,49458,2023-08-24T11:00,peak,10.0,1927.057340145111,0.29132080078125,561.3918874824594,False,True,0.90779046591098,1.0299993559823408,15,0,18,1.6439454179491506,l(r:p1udt175lv-p1ulv493),299.5403762995092,8248.53510475786,True,0.9696265054289799,1.029999479972055,0,0,18,0.9999930551476737,recloser_disswitch(r:p1udt228-p1udt62)p1u_12237,174.22412219470584,6757.607142872386
8,49459,2023-08-24T12:00,peak,1.0,189.81134700775146,1.0,189.81134700775146,True,True,0.9844419590125243,1.0299995118861374,0,0,18,0.9421741540258741,recloser_disswitch(r:p1udt228-p1udt62)p1u_12237,150.49488410160095,6362.408697657576,True,0.9844419590125243,1.0299995118861374,0,0,18,0.9421741540258741,recloser_disswitch(r:p1udt228-p1udt62)p1u_12237,150.49488410160095,6362.408697657576
8,49459,2023-08-24T12:00,peak,3.0,569.4340410232544,0.97735595703125,556.5397521304549,False,True,0.97258904902463,1.0299994794173846,0,0,18,1.002018194486461,recloser_disswitch(r:p1udt228-p1udt62)p1u_12237,174.20777179357415,6765.47546572444,True,0.9730374843629866,1.0299994805171877,0,0,18,0.9999971002577086,recloser_disswitch(r:p1udt228-p1udt62)p1u_12237,173.3517362991719,6751.88207562662
8,49459,2023-08-24T12:00,peak,5.0,949.0567350387573,0.58642578125,556.5513372956775,False,True,0.958999713672348,1.029999446301055,0,0,18,1.0626518842340953,recloser_disswitch(r:p1udt228-p1udt62)p1u_12237,201.60875931809758,7172.425092942858,True,0.973037014319521,1.0299994805159636,0,0,18,0.9999993443411176,recloser_disswitch(r:p1udt228-p1udt62)p1u_12237,173.35266612198694,6751.897108775597
8,49459,2023-08-24T12:00,peak,10.0,1898.1134700775146,0.293212890625,556.5513372956775,False,True,0.9223768969979654,1.0299993604388868,15,0,18,1.3199758031563589,l(r:p1udt175lv-p1ulv493),287.8066719660633,8207.885337587115,True,0.973037014319521,1.0299994805159636,0,0,18,0.9999993443411176,recloser_disswitch(r:p1udt228-p1udt62)p1u_12237,173.35266612198694,6751.897108775597
8,49553,2023-08-28T10:00,peak,1.0,197.9076976776123,1.0,197.9076976776123,True,True,0.9849337863978445,1.0299995112899574,0,0,18,0.9440221968573891,recloser_disswitch(r:p1udt228-p1udt62)p1u_12237,150.52153397496028,6370.524997077282,True,0.9849337863978445,1.0299995112899574,0,0,18,0.9440221968573891,recloser_disswitch(r:p1udt228-p1udt62)p1u_12237,150.52153397496028,6370.524997077282
8,49553,2023-08-28T10:00,peak,3.0,593.7230930328369,0.91351318359375,542.3738728895551,False,True,0.9758585804887572,1.0299994776609918,0,0,18,1.0296471136885963,l(r:p1udt175lv-p1ulv493),174.0713093057362,6789.634535325179,True,0.9771796788802478,1.0299994820453802,0,0,18,0.9999957493509831,l(r:p1udt175lv-p1ulv493),170.83717448030308,6735.201242286187
8,49553,2023-08-28T10:00,peak,5.0,989.5384883880615,0.548095703125,542.3617935623042,False,True,0.964657839920432,1.0299994434387396,0,0,18,1.2603357604080405,l(r:p1udt175lv-p1ulv493),200.97935562864302,7212.27289397219,True,0.977179925035809,1.0299994820462848,0,0,18,0.9999892598364657,l(r:p1udt175lv-p1ulv493),170.83649618046073,6735.189948514089
8,49553,2023-08-28T10:00,peak,10.0,1979.076976776123,0.2740478515625,542.3617935623042,False,True,0.934943947916742,1.0299993551191333,18,0,18,1.8520982068003973,l(r:p1udt175lv-p1ulv493),284.09232838249295,8284.98312653256,True,0.977179925035809,1.0299994820462848,0,0,18,0.9999892598364657,l(r:p1udt175lv-p1ulv493),170.83649618046073,6735.189948514089
8,49846,2023-09-09T15:00,random,1.0,30.41227789223194,1.0,30.41227789223194,True,True,0.9878550043284909,1.029999525351731,0,0,18,0.9175553377626616,recloser_disswitch(r:p1udt228-p1udt62)p1u_12237,141.56487871096505,6194.087599957646,True,0.9878550043284909,1.029999525351731,0,0,18,0.9175553377626616,recloser_disswitch(r:p1udt228-p1udt62)p1u_12237,141.56487871096505,6194.087599957646
8,49846,2023-09-09T15:00,random,3.0,91.23683367669582,1.0,91.23683367669582,True,True,0.9849525811038041,1.0299995202359147,0,0,18,0.927663856168098,recloser_disswitch(r:p1udt228-p1udt62)p1u_12237,144.90010604625914,6258.110656772516,True,0.9849525811038041,1.0299995202359147,0,0,18,0.927663856168098,recloser_disswitch(r:p1udt228-p1udt62)p1u_12237,144.90010604625914,6258.110656772516
8,49846,2023-09-09T15:00,random,5.0,152.0613894611597,1.0,152.0613894611597,True,True,0.9820190882129253,1.0299995150825163,0,0,18,0.9378247867155167,recloser_disswitch(r:p1udt228-p1udt62)p1u_12237,148.3895270338975,6322.422622338072,True,0.9820190882129253,1.0299995150825163,0,0,18,0.9378247867155167,recloser_disswitch(r:p1udt228-p1udt62)p1u_12237,148.3895270338975,6322.422622338072
8,49846,2023-09-09T15:00,random,10.0,304.1227789223194,1.0,304.1227789223194,True,True,0.9745536455777605,1.0299995020834376,0,0,18,0.9633631832869763,recloser_disswitch(r:p1udt228-p1udt62)p1u_12237,157.77498097879175,6483.827249815783,True,0.9745536455777605,1.0299995020834376,0,0,18,0.9633631832869763,recloser_disswitch(r:p1udt228-p1udt62)p1u_12237,157.77498097879175,6483.827249815783
8,50168,2023-09-23T01:00,random,1.0,8.444974184036255,1.0,8.444974184036255,True,True,0.9892566897586035,1.0299995271906977,0,0,18,0.9133827506732346,recloser_disswitch(r:p1udt228-p1udt62)p1u_12237,140.4157976567424,6170.921912210558,True,0.9892566897586035,1.0299995271906977,0,0,18,0.9133827506732346,recloser_disswitch(r:p1udt228-p1udt62)p1u_12237,140.4157976567424,6170.921912210558
8,50168,2023-09-23T01:00,random,3.0,25.334922552108765,1.0,25.334922552108765,True,True,0.989178107492,1.0299995257627985,0,0,18,0.915138712905545,recloser_disswitch(r:p1udt228-p1udt62)p1u_12237,141.35900249251665,6188.606584630251,True,0.989178107492,1.0299995257627985,0,0,18,0.915138712905545,recloser_disswitch(r:p1udt228-p1udt62)p1u_12237,141.35900249251665,6188.606584630251
8,50168,2023-09-23T01:00,random,5.0,42.224870920181274,1.0,42.224870920181274,True,True,0.9890976950061954,1.0299995243196352,0,0,18,0.9169196682916335,recloser_disswitch(r:p1udt228-p1udt62)p1u_12237,142.3242370427895,6206.458871621653,True,0.9890976950061954,1.0299995243196352,0,0,18,0.9169196682916335,recloser_disswitch(r:p1udt228-p1udt62)p1u_12237,142.3242370427895,6206.458871621653
8,50168,2023-09-23T01:00,random,10.0,84.44974184036255,1.0,84.44974184036255,True,True,0.9877971542295713,1.0299995207081936,0,0,18,0.9213654943478912,recloser_disswitch(r:p1udt228-p1udt62)p1u_12237,144.79854798868834,6251.022615942594,True,0.9877971542295713,1.0299995207081936,0,0,18,0.9213654943478912,recloser_disswitch(r:p1udt228-p1udt62)p1u_12237,144.79854798868834,6251.022615942594
8,51647,2023-11-23T16:00,random,1.0,17.233353793621063,1.0,17.233353793621063,True,True,0.9892090557667148,1.0299995264470516,0,0,18,0.9153697718365132,recloser_disswitch(r:p1udt228-p1udt62)p1u_12237,140.9416395332666,6180.183503206332,True,0.9892090557667148,1.0299995264470516,0,0,18,0.9153697718365132,recloser_disswitch(r:p1udt228-p1udt62)p1u_12237,140.9416395332666,6180.183503206332
8,51647,2023-11-23T16:00,random,3.0,51.70006138086319,1.0,51.70006138086319,True,True,0.9884341483336391,1.0299995235143098,0,0,18,0.9211228212566044,recloser_disswitch(r:p1udt228-p1udt62)p1u_12237,143.00250016245474,6216.515421792031,True,0.9884341483336391,1.0299995235143098,0,0,18,0.9211228212566044,recloser_disswitch(r:p1udt228-p1udt62)p1u_12237,143.00250016245474,6216.515421792031
8,51647,2023-11-23T16:00,random,5.0,86.16676896810532,1.0,86.16676896810532,True,True,0.9862277624925423,1.0299995205300911,0,0,18,0.9446100547168724,l(r:p1udt175lv-p1ulv493),145.1823286323723,6253.326778570012,True,0.9862277624925423,1.0299995205300911,0,0,18,0.9446100547168724,l(r:p1udt175lv-p1ulv493),145.1823286323723,6253.326778570012
8,51647,2023-11-23T16:00,random,10.0,172.33353793621063,0.60772705078125,104.73175276067195,False,True,0.9806346682277134,1.0299995130130286,0,0,18,1.2027610267180706,l(r:p1udt175lv-p1ulv493),151.06329792323373,6345.344592644095,True,0.985032886460784,1.029999518920286,0,0,18,0.9999855107107358,l(r:p1udt175lv-p1ulv493),146.3952948236683,6273.117495289203
9,44103,2023-01-13T08:00,random,1.0,79.95436143875122,1.0,79.95436143875122,True,True,0.9889343651582395,1.029999521361179,0,0,18,0.9255977694855134,recloser_disswitch(r:p1udt228-p1udt62)p1u_12237,143.44571766608752,6245.4052813783155,True,0.9889343651582395,1.029999521361179,0,0,18,0.9255977694855134,recloser_disswitch(r:p1udt228-p1udt62)p1u_12237,143.44571766608752,6245.4052813783155
9,44103,2023-01-13T08:00,random,3.0,239.86308431625366,1.0,239.86308431625366,True,True,0.9865720786396796,1.0299995082213165,0,0,18,0.9518626613528296,recloser_disswitch(r:p1udt228-p1udt62)p1u_12237,150.68697022420108,6412.509482701414,True,0.9865720786396796,1.0299995082213165,0,0,18,0.9518626613528296,recloser_disswitch(r:p1udt228-p1udt62)p1u_12237,150.68697022420108,6412.509482701414
9,44103,2023-01-13T08:00,random,5.0,399.7718071937561,1.0,399.7718071937561,True,True,0.9823804541944101,1.0299994950270333,0,0,18,0.978199418859102,recloser_disswitch(r:p1udt228-p1udt62)p1u_12237,158.25368205819754,6579.981717455224,True,0.9823804541944101,1.0299994950270333,0,0,18,0.978199418859102,recloser_disswitch(r:p1udt228-p1udt62)p1u_12237,158.25368205819754,6579.981717455224
9,44103,2023-01-13T08:00,random,10.0,799.5436143875122,0.66510009765625,531.7765360095655,False,True,0.9716923989638381,1.0299994618194461,0,0,18,1.0443231999023401,recloser_disswitch(r:p1udt228-p1udt62)p1u_12237,178.61313984688599,7000.039005205022,True,0.9788836091403752,1.0299994840930746,0,0,18,0.9999961770927582,recloser_disswitch(r:p1udt228-p1udt62)p1u_12237,164.74899375347812,6718.51609570739
9,44752,2023-02-09T09:00,random,1.0,125.63688196241856,1.0,125.63688196241856,True,True,0.9879784417505724,1.0299995175452152,0,0,18,0.9331654393637805,recloser_disswitch(r:p1udt228-p1udt62)p1u_12237,145.7139583818498,6293.414193075255,True,0.9879784417505724,1.0299995175452152,0,0,18,0.9331654393637805,recloser_disswitch(r:p1udt228-p1udt62)p1u_12237,145.7139583818498,6293.414193075255
9,44752,2023-02-09T09:00,random,3.0,376.91064588725567,1.0,376.91064588725567,True,True,0.9822800477726664,1.0299994967215176,0,0,18,0.974620831914501,recloser_disswitch(r:p1udt228-p1udt62)p1u_12237,157.90191166396176,6556.744267375924,True,0.9822800477726664,1.0299994967215176,0,0,18,0.974620831914501,recloser_disswitch(r:p1udt228-p1udt62)p1u_12237,157.90191166396176,6556.744267375924
9,44752,2023-02-09T09:00,random,5.0,628.1844098120928,0.84375,530.0305957789533,False,True,0.9764925363584497,1.0299994757429125,0,0,18,1.0162787420116894,recloser_disswitch(r:p1udt228-p1udt62)p1u_12237,170.99322937151038,6821.098431348438,True,0.9787642979539174,1.0299994839562427,0,0,18,0.9999818625004858,recloser_disswitch(r:p1udt228-p1udt62)p1u_12237,165.7704741655261,6717.713815829084
9,44752,2023-02-09T09:00,random,10.0,1256.3688196241856,0.421875,530.0305957789533,False,True,0.9610797749019168,1.029999422630593,0,0,18,1.1212748685328378,recloser_disswitch(r:p1udt228-p1udt62)p1u_12237,207.80905674973687,7486.143997853599,True,0.9787642979539174,1.0299994839562427,0,0,18,0.9999818625004858,recloser_disswitch(r:p1udt228-p1udt62)p1u_12237,165.7704741655261,6717.713815829084
9,46073,2023-04-05T10:00,peak,1.0,190.9374189376831,1.0,190.9374189376831,True,True,0.9852385365418452,1.0299995120351446,0,0,18,0.9409284189859611,recloser_disswitch(r:p1udt228-p1udt62)p1u_12237,149.25795271009608,6362.25266907265,True,0.9852385365418452,1.0299995120351446,0,0,18,0.9409284189859611,recloser_disswitch(r:p1udt228-p1udt62)p1u_12237,149.25795271009608,6362.25266907265
9,46073,2023-04-05T10:00,peak,3.0,572.8122568130493,1.0,572.8122568130493,True,True,0.9738636983808597,1.0299994800006007,0,0,18,0.9981137199248301,recloser_disswitch(r:p1udt228-p1udt62)p1u_12237,169.68238881475764,6764.369158470735,True,0.9738636983808597,1.0299994800006007,0,0,18,0.9981137199248301,recloser_disswitch(r:p1udt228-p1udt62)p1u_12237,169.68238881475764,6764.369158470735
9,46073,2023-04-05T10:00,peak,5.0,954.6870946884155,0.61297607421875,585.200347409409,False,True,0.962113144020818,1.0299994475383036,0,0,18,1.0558008798388494,recloser_disswitch(r:p1udt228-p1udt62)p1u_12237,192.6165709981406,7169.140164775124,True,0.9734854342001935,1.029999478943886,0,0,18,0.9999958730618733,recloser_disswitch(r:p1udt228-p1udt62)p1u_12237,170.3929438421798,6777.583408642842
9,46073,2023-04-05T10:00,peak,10.0,1909.374189376831,0.30645751953125,585.1420779334148,False,True,0.9308620147354937,1.0299993644165615,6,0,18,1.2023176632742998,recloser_disswitch(r:p1udt228-p1udt62)p1u_12237,261.72352376512407,8192.97857703157,True,0.973487178142373,1.02999947894874,0,0,18,0.9999872273930304,recloser_disswitch(r:p1udt228-p1udt62)p1u_12237,170.3896665820864,6777.522656783077
9,46294,2023-04-14T15:00,random,1.0,91.37446284294128,1.0,91.37446284294128,True,True,0.9889035156766347,1.0299995202925043,0,0,18,0.9247310103676034,recloser_disswitch(r:p1udt228-p1udt62)p1u_12237,144.276930232625,6257.745469924947,True,0.9889035156766347,1.0299995202925043,0,0,18,0.9247310103676034,recloser_disswitch(r:p1udt228-p1udt62)p1u_12237,144.276930232625,6257.745469924947
9,46294,2023-04-14T15:00,random,3.0,274.12338852882385,1.0,274.12338852882385,True,True,0.9881145894691684,1.0299995050065927,0,0,18,0.9492324188074803,recloser_disswitch(r:p1udt228-p1udt62)p1u_12237,153.2807806739824,6449.350557272781,True,0.9881145894691684,1.0299995050065927,0,0,18,0.9492324188074803,recloser_disswitch(r:p1udt228-p1udt62)p1u_12237,153.2807806739824,6449.350557272781
9,46294,2023-04-14T15:00,random,5.0,456.8723142147064,1.0,456.8723142147064,True,True,0.987318949972742,1.0299994896151283,0,0,18,0.9738380166398504,recloser_disswitch(r:p1udt228-p1udt62)p1u_12237,162.76712668383036,6641.57934877898,True,0.987318949972742,1.0299994896151283,0,0,18,0.9738380166398504,recloser_disswitch(r:p1udt228-p1udt62)p1u_12237,162.76712668383036,6641.57934877898
9,46294,2023-04-14T15:00,random,10.0,913.7446284294128,0.7117919921875,650.3961094203987,False,True,0.9816826633317439,1.0299994507267491,0,0,18,1.122798358991946,l(r:p1udt61lv-p1ulv156),188.60201433775416,7124.1651663200055,True,0.9855716895887332,1.029999473207398,0,0,18,0.9999945111462589,recloser_disswitch(r:p1udt228-p1udt62)p1u_12237,173.34183470796842,6845.727804424118
9,46385,2023-04-18T10:00,peak,1.0,188.02274084091187,1.0,188.02274084091187,True,True,0.9869410478844042,1.0299995123632963,0,0,18,0.9419165597890832,recloser_disswitch(r:p1udt228-p1udt62)p1u_12237,148.7186548299536,6358.833054382375,True,0.9869410478844042,1.0299995123632963,0,0,18,0.9419165597890832,recloser_disswitch(r:p1udt228-p1udt62)p1u_12237,148.7186548299536,6358.833054382375
9,46385,2023-04-18T10:00,peak,3.0,564.0682225227356,0.98870849609375,557.6990439847286,False,True,0.9809006487271197,1.029999481072361,0,0,18,1.000987920916254,recloser_disswitch(r:p1udt228-p1udt62)p1u_12237,167.6005210673036,6753.561898512174,True,0.9810124417761016,1.0299994815967093,0,0,18,0.999999168393867,recloser_disswitch(r:p1udt228-p1udt62)p1u_12237,167.27046507878546,6746.95977215954
9,46385,2023-04-18T10:00,peak,5.0,940.1137042045593,0.59320068359375,557.6760919899971,False,True,0.9741595883815278,1.0299994494661346,0,0,18,1.0604515816456077,recloser_disswitch(r:p1udt228-p1udt62)p1u_12237,188.3337852415621,7150.315006275075,True,0.9810128509793963,1.0299994815986369,0,0,18,0.9999955427649088,recloser_disswitch(r:p1udt228-p1udt62)p1u_12237,167.26925908218075,6746.935515067835
9,46385,2023-04-18T10:00,peak,10.0,1880.2274084091187,0.29656982421875,557.6187120031682,False,True,0.9567633967824952,1.0299993690613702,0,0,18,1.2108164028019839,recloser_disswitch(r:p1udt228-p1udt62)p1u_12237,248.60950818233823,8150.766386829246,True,0.9810138738803379,1.0299994816034554,0,0,18,0.9999864587021717,recloser_disswitch(r:p1udt228-p1udt62)p1u_12237,167.26622263756323,6746.874883071605
9,46413,2023-04-19T14:00,random,1.0,57.698155641555786,1.0,57.698155641555786,True,True,0.9874001987400476,1.02999952315123,0,0,18,0.9219943519008481,recloser_disswitch(r:p1udt228-p1udt62)p1u_12237,142.63892718130037,6222.4242363641415,True,0.9874001987400476,1.02999952315123,0,0,18,0.9219943519008481,recloser_disswitch(r:p1udt228-p1udt62)p1u_12237,142.63892718130037,6222.4242363641415
9,46413,2023-04-19T14:00,random,3.0,173.09446692466736,1.0,173.09446692466736,True,True,0.9805060977600053,1.0299995135960465,0,0,18,0.9410338252344931,recloser_disswitch(r:p1udt228-p1udt62)p1u_12237,148.3469558499494,6343.404049433008,True,0.9805060977600053,1.0299995135960465,0,0,18,0.9410338252344931,recloser_disswitch(r:p1udt228-p1udt62)p1u_12237,148.3469558499494,6343.404049433008
9,46413,2023-04-19T14:00,random,5.0,288.49077820777893,1.0,288.49077820777893,True,True,0.9734663944219363,1.0299995039579797,0,0,18,0.960184005808648,recloser_disswitch(r:p1udt228-p1udt62)p1u_12237,154.5163467637862,6464.9637198698065,True,0.9734663944219363,1.0299995039579797,0,0,18,0.960184005808648,recloser_disswitch(r:p1udt228-p1udt62)p1u_12237,154.5163467637862,6464.9637198698065
9,46413,2023-04-19T14:00,random,10.0,576.9815564155579,0.9124755859375,526.4815837654169,False,True,0.9551812976915548,1.0299994795194074,0,0,18,1.0084962188997164,recloser_disswitch(r:p1udt228-p1udt62)p1u_12237,172.06073677519953,6771.020615778921,True,0.9584554341412499,1.0299994838325641,0,0,18,0.9999953095666244,recloser_disswitch(r:p1udt228-p1udt62)p1u_12237,168.76259472484224,6717.234168927324
9,46948,2023-05-11T21:00,random,1.0,43.385165214538574,1.0,43.385165214538574,True,True,0.9889117864120996,1.0299995242771243,0,0,18,0.9185903177859689,recloser_disswitch(r:p1udt228-p1udt62)p1u_12237,142.0679656310887,6207.537267159008,True,0.9889117864120996,1.0299995242771243,0,0,18,0.9185903177859689,recloser_disswitch(r:p1udt228-p1udt62)p1u_12237,142.0679656310887,6207.537267159008
9,46948,2023-05-11T21:00,random,3.0,130.15549564361572,1.0,130.15549564361572,True,True,0.9881435226456868,1.0299995170364213,0,0,18,0.9307237900159686,recloser_disswitch(r:p1udt228-p1udt62)p1u_12237,146.3678147993361,6298.177652550322,True,0.9881435226456868,1.0299995170364213,0,0,18,0.9307237900159686,recloser_disswitch(r:p1udt228-p1udt62)p1u_12237,146.3678147993361,6298.177652550322
9,46948,2023-05-11T21:00,random,5.0,216.92582607269287,1.0,216.92582607269287,True,True,0.9872231204423554,1.029999509740631,0,0,18,0.9429406604428109,recloser_disswitch(r:p1udt228-p1udt62)p1u_12237,150.7927307294348,6389.356631982217,True,0.9872231204423554,1.029999509740631,0,0,18,0.9429406604428109,recloser_disswitch(r:p1udt228-p1udt62)p1u_12237,150.7927307294348,6389.356631982217
9,46948,2023-05-11T21:00,random,10.0,433.85165214538574,1.0,433.85165214538574,True,True,0.9836073276569882,1.0299994913804524,0,0,18,0.9736222567096718,recloser_disswitch(r:p1udt228-p1udt62)p1u_12237,162.33997287058241,6618.118905952483,True,0.9836073276569882,1.0299994913804524,0,0,18,0.9736222567096718,recloser_disswitch(r:p1udt228-p1udt62)p1u_12237,162.33997287058241,6618.118905952483
9,47304,2023-05-26T17:00,random,1.0,83.14106774330139,1.0,83.14106774330139,True,True,0.9866864090788847,1.0299995209380506,0,0,18,0.9254939131352028,recloser_disswitch(r:p1udt228-p1udt62)p1u_12237,144.28377597764467,6249.4925427087,True,0.9866864090788847,1.0299995209380506,0,0,18,0.9254939131352028,recloser_disswitch(r:p1udt228-p1udt62)p1u_12237,144.28377597764467,6249.4925427087
9,47304,2023-05-26T17:00,random,3.0,249.42320322990417,1.0,249.42320322990417,True,True,0.9783173588929743,1.0299995069014858,0,0,18,0.9515994663341835,recloser_disswitch(r:p1udt228-p1udt62)p1u_12237,153.58440575553362,6424.947439858912,True,0.9783173588929743,1.0299995069014858,0,0,18,0.9515994663341835,recloser_disswitch(r:p1udt228-p1udt62)p1u_12237,153.58440575553362,6424.947439858912
9,47304,2023-05-26T17:00,random,5.0,415.70533871650696,1.0,415.70533871650696,True,True,0.9697356674103981,1.0299994927101908,0,0,18,0.9779001798193113,recloser_disswitch(r:p1udt228-p1udt62)p1u_12237,163.76259465592923,6601.394931071535,True,0.9697356674103981,1.0299994927101908,0,0,18,0.9779001798193113,recloser_disswitch(r:p1udt228-p1udt62)p1u_12237,163.76259465592923,6601.394931071535
9,47304,2023-05-26T17:00,random,10.0,831.4106774330139,0.6668701171875,554.4429358906928,False,True,0.9472578648401492,1.0299994565486037,6,0,18,1.0444957700412856,recloser_disswitch(r:p1udt228-p1udt62)p1u_12237,193.2831528680745,7046.6584061120675,True,0.962399909853591,1.029999480747489,0,0,18,0.9999978448633864,recloser_disswitch(r:p1udt228-p1udt62)p1u_12237,172.9536426824837,6749.386333483438
9,47458,2023-06-02T03:00,random,1.0,11.082432746887207,1.0,11.082432746887207,True,True,0.9892527562023362,1.029999527001287,0,0,18,0.9143140519444236,recloser_disswitch(r:p1udt228-p1udt62)p1u_12237,140.4003240524817,6173.597154487063,True,0.9892527562023362,1.029999527001287,0,0,18,0.9143140519444236,recloser_disswitch(r:p1udt228-p1udt62)p1u_12237,140.4003240524817,6173.597154487063
9,47458,2023-06-02T03:00,random,3.0,33.24729824066162,1.0,33.24729824066162,True,True,0.9891664071208196,1.0299995252080434,0,0,18,0.9179089956368572,recloser_disswitch(r:p1udt228-p1udt62)p1u_12237,141.29831440389916,6196.476363225647,True,0.9891664071208196,1.0299995252080434,0,0,18,0.9179089956368572,recloser_disswitch(r:p1udt228-p1udt62)p1u_12237,141.29831440389916,6196.476363225647
9,47458,2023-06-02T03:00,random,5.0,55.412163734436035,1.0,55.412163734436035,True,True,0.9890784891741462,1.029999523399058,0,0,18,0.9215331028329721,recloser_disswitch(r:p1udt228-p1udt62)p1u_12237,142.20921180829734,6219.551163938742,True,0.9890784891741462,1.029999523399058,0,0,18,0.9215331028329721,recloser_disswitch(r:p1udt228-p1udt62)p1u_12237,142.20921180829734,6219.551163938742
9,47458,2023-06-02T03:00,random,10.0,110.82432746887207,1.0,110.82432746887207,True,True,0.9888592759292604,1.0299995188809221,0,0,18,0.9305833477804211,recloser_disswitch(r:p1udt228-p1udt62)p1u_12237,144.5025102313261,6277.163824265307,True,0.9888592759292604,1.0299995188809221,0,0,18,0.9305833477804211,recloser_disswitch(r:p1udt228-p1udt62)p1u_12237,144.5025102313261,6277.163824265307
9,47868,2023-06-19T05:00,random,1.0,3.571868658065796,1.0,3.571868658065796,True,True,0.9892792745126866,1.0299995276017646,0,0,18,0.9131106133775861,recloser_disswitch(r:p1udt228-p1udt62)p1u_12237,140.0950048239693,6165.946001982611,True,0.9892792745126866,1.0299995276017646,0,0,18,0.9131106133775861,recloser_disswitch(r:p1udt228-p1udt62)p1u_12237,140.0950048239693,6165.946001982611
9,47868,2023-06-19T05:00,random,3.0,10.715605974197388,1.0,10.715605974197388,True,True,0.9892496052197494,1.029999527047307,0,0,18,0.9142274326252655,recloser_disswitch(r:p1udt228-p1udt62)p1u_12237,140.35933209190284,6173.048024492103,True,0.9892496052197494,1.029999527047307,0,0,18,0.9142274326252655,recloser_disswitch(r:p1udt228-p1udt62)p1u_12237,140.35933209190284,6173.048024492103
9,47868,2023-06-19T05:00,random,5.0,17.85934329032898,1.0,17.85934329032898,True,True,0.9892174238615381,1.029999526467667,0,0,18,0.9153916930857707,recloser_disswitch(r:p1udt228-p1udt62)p1u_12237,140.63767507270936,6180.46910661561,True,0.9892174238615381,1.029999526467667,0,0,18,0.9153916930857707,recloser_disswitch(r:p1udt228-p1udt62)p1u_12237,140.63767507270936,6180.46910661561
9,47868,2023-06-19T05:00,random,10.0,35.71868658065796,1.0,35.71868658065796,True,True,0.9891371699478864,1.0299995250203766,0,0,18,0.9182987979578096,recloser_disswitch(r:p1udt228-p1udt62)p1u_12237,141.3340260174381,6198.997272027023,True,0.9891371699478864,1.0299995250203766,0,0,18,0.9182987979578096,recloser_disswitch(r:p1udt228-p1udt62)p1u_12237,141.3340260174381,6198.997272027023
9,48214,2023-07-03T15:00,random,1.0,73.25083684921265,1.0,73.25083684921265,True,True,0.9883337337068456,1.0299995218753986,0,0,18,0.923747897962578,recloser_disswitch(r:p1udt228-p1udt62)p1u_12237,143.22619576293923,6238.319875622112,True,0.9883337337068456,1.0299995218753986,0,0,18,0.923747897962578,recloser_disswitch(r:p1udt228-p1udt62)p1u_12237,143.22619576293923,6238.319875622112
9,48214,2023-07-03T15:00,random,3.0,219.75251054763794,1.0,219.75251054763794,True,True,0.9863885786323535,1.0299995097253605,0,0,18,0.9463803363120437,recloser_disswitch(r:p1udt228-p1udt62)p1u_12237,150.0068493407221,6391.7190578010295,True,0.9863885786323535,1.0299995097253605,0,0,18,0.9463803363120437,recloser_disswitch(r:p1udt228-p1udt62)p1u_12237,150.0068493407221,6391.7190578010295
9,48214,2023-07-03T15:00,random,5.0,366.25418424606323,1.0,366.25418424606323,True,True,0.9844292312176819,1.0299994975371183,0,0,18,0.9690482521620236,recloser_disswitch(r:p1udt228-p1udt62)p1u_12237,157.04477311814165,6545.2555692387805,True,0.9844292312176819,1.0299994975371183,0,0,18,0.9690482521620236,recloser_disswitch(r:p1udt228-p1udt62)p1u_12237,157.04477311814165,6545.2555692387805
9,48214,2023-07-03T15:00,random,10.0,732.5083684921265,0.772216796875,565.6552660011221,False,True,0.9778280239975238,1.029999466857941,0,0,18,1.082102696257912,l(r:p1udt61lv-p1ulv156),175.804166606055,6930.197038291511,True,0.9811084587203003,1.0299994808662936,0,0,18,0.9999951200097781,recloser_disswitch(r:p1udt228-p1udt62)p1u_12237,167.0532193764728,6754.698162117426
9,48449,2023-07-13T10:00,peak,1.0,185.93796157836914,1.0,185.93796157836914,True,True,0.9878023103064879,1.0299995124753318,0,0,18,0.9372258619203109,recloser_disswitch(r:p1udt228-p1udt62)p1u_12237,148.61126952014533,6356.615533450508,True,0.9878023103064879,1.0299995124753318,0,0,18,0.9372258619203109,recloser_disswitch(r:p1udt228-p1udt62)p1u_12237,148.61126952014533,6356.615533450508
9,48449,2023-07-13T10:00,peak,3.0,557.8138847351074,1.0,557.8138847351074,True,True,0.9817447275911981,1.0299994813937847,0,0,18,0.9868586046224194,recloser_disswitch(r:p1udt228-p1udt62)p1u_12237,167.17422125470955,6746.880331687951,True,0.9817447275911981,1.0299994813937847,0,0,18,0.9868586046224194,recloser_disswitch(r:p1udt228-p1udt62)p1u_12237,167.17422125470955,6746.880331687951
9,48449,2023-07-13T10:00,peak,5.0,929.6898078918457,0.705322265625,655.7309216307476,False,True,0.9755886272529544,1.0299994499886849,0,0,18,1.0367845525778556,recloser_disswitch(r:p1udt228-p1udt62)p1u_12237,187.43219972576907,7138.990440315892,True,0.9801319044821993,1.0299994731458755,0,0,18,0.9999938260695715,recloser_disswitch(r:p1udt228-p1udt62)p1u_12237,172.34855839343692,6850.07086110524
9,48449,2023-07-13T10:00,peak,10.0,1859.3796157836914,0.3526611328125,655.7309216307476,False,True,0.9597433758439353,1.0299993700536196,0,0,18,1.3002014792511165,l(r:p1udt61lv-p1ulv156),245.73298513748125,8127.048793320201,True,0.9801319044821993,1.0299994731458755,0,0,18,0.9999938260695715,recloser_disswitch(r:p1udt228-p1udt62)p1u_12237,172.34855839343692,6850.07086110524
9,48450,2023-07-13T11:00,peak,1.0,197.65360134840012,1.0,197.65360134840012,True,True,0.9859397115453931,1.029999511439958,0,0,18,0.9371014558021934,recloser_disswitch(r:p1udt228-p1udt62)p1u_12237,149.44195426995654,6369.183950108855,True,0.9859397115453931,1.029999511439958,0,0,18,0.9371014558021934,recloser_disswitch(r:p1udt228-p1udt62)p1u_12237,149.44195426995654,6369.183950108855
9,48450,2023-07-13T11:00,peak,3.0,592.9608040452003,1.0,592.9608040452003,True,True,0.9760319899357998,1.0299994781829682,0,0,18,0.9865507142654704,recloser_disswitch(r:p1udt228-p1udt62)p1u_12237,170.2486751527328,6785.078958884136,True,0.9760319899357998,1.0299994781829682,0,0,18,0.9865507142654704,recloser_disswitch(r:p1udt228-p1udt62)p1u_12237,170.2486751527328,6785.078958884136
9,48450,2023-07-13T11:00,peak,5.0,988.2680067420006,0.7080078125,699.7014696171391,False,True,0.9658430257361682,1.0299994444422405,0,0,18,1.0364089327844757,recloser_disswitch(r:p1udt228-p1udt62)p1u_12237,193.5786500400281,7203.675767820525,True,0.9733059848063785,1.0299994691070846,0,0,18,0.999995413810749,recloser_disswitch(r:p1udt228-p1udt62)p1u_12237,176.303998666939,6898.000516517237
9,48450,2023-07-13T11:00,peak,10.0,1976.5360134840012,0.35400390625,699.7014696171391,False,True,0.9389988453308907,1.0299993578998896,6,0,18,1.3391851260963614,l(r:p1udm822-p1ulv579),263.5887580739825,8262.01543266168,True,0.9733059848063785,1.0299994691070846,0,0,18,0.999995413810749,recloser_disswitch(r:p1udt228-p1udt62)p1u_12237,176.303998666939,6898.000516517237
9,49081,2023-08-08T18:00,peak,1.0,184.03811740875244,1.0,184.03811740875244,True,True,0.9851754797792562,1.029999512681116,0,0,18,0.9428197309879836,recloser_disswitch(r:p1udt228-p1udt62)p1u_12237,148.53499470359392,6354.678823201375,True,0.9851754797792562,1.029999512681116,0,0,18,0.9428197309879836,recloser_disswitch(r:p1udt228-p1udt62)p1u_12237,148.53499470359392,6354.678823201375
9,49081,2023-08-08T18:00,peak,3.0,552.1143522262573,0.9591064453125,529.5364337697392,False,True,0.9736725585527817,1.0299994820047493,0,0,18,1.0037296190558929,recloser_disswitch(r:p1udt228-p1udt62)p1u_12237,167.17613194031907,6741.18014670581,True,0.9743861221127204,1.0299994838883806,0,0,18,0.9999953970325258,recloser_disswitch(r:p1udt228-p1udt62)p1u_12237,165.97950363411,6717.506611562357
9,49081,2023-08-08T18:00,peak,5.0,920.1905870437622,0.575439453125,529.5139681792352,False,True,0.9617875724538302,1.0299994509745216,0,0,18,1.0650918201394057,recloser_disswitch(r:p1udt228-p1udt62)p1u_12237,187.87094118290332,7129.912268539912,True,0.9743868151997516,1.0299994838902076,0,0,18,0.9999917682996559,recloser_disswitch(r:p1udt228-p1udt62)p1u_12237,165.9783502396494,6717.483625819708
9,49081,2023-08-08T18:00,peak,10.0,1840.3811740875244,0.2877197265625,529.5139681792352,False,True,0.9301654612563133,1.0299993717899179,6,0,18,1.2583155874716483,l(r:p1udt61lv-p1ulv156),249.24432447056094,8111.520387681974,True,0.9743868151997516,1.0299994838902076,0,0,18,0.9999917682996559,recloser_disswitch(r:p1udt228-p1udt62)p1u_12237,165.9783502396494,6717.483625819708
9,49289,2023-08-17T10:00,peak,1.0,186.71374398469925,1.0,186.71374398469925,True,True,0.9872785196617374,1.0299995124884376,0,0,18,0.9386297664953512,recloser_disswitch(r:p1udt228-p1udt62)p1u_12237,148.32359471284693,6357.100339795314,True,0.9872785196617374,1.0299995124884376,0,0,18,0.9386297664953512,recloser_disswitch(r:p1udt228-p1udt62)p1u_12237,148.32359471284693,6357.100339795314
9,49289,2023-08-17T10:00,peak,3.0,560.1412319540977,1.0,560.1412319540977,True,True,0.9801497869106339,1.0299994814718214,0,0,18,0.9910571352475487,recloser_disswitch(r:p1udt228-p1udt62)p1u_12237,166.15925876769413,6748.201371822845,True,0.9801497869106339,1.0299994814718214,0,0,18,0.9910571352475487,recloser_disswitch(r:p1udt228-p1udt62)p1u_12237,166.15925876769413,6748.201371822845
9,49289,2023-08-17T10:00,peak,5.0,933.5687199234962,0.6678466796875,623.4807698610166,False,True,0.9728866465174998,1.0299994501872376,0,0,18,1.043755290942058,recloser_disswitch(r:p1udt228-p1udt62)p1u_12237,185.48121009665016,7140.931633845709,True,0.9789257907381409,1.0299994761756093,0,0,18,0.9999920415048754,recloser_disswitch(r:p1udt228-p1udt62)p1u_12237,169.33632903543128,6814.807038672233
9,49289,2023-08-17T10:00,peak,10.0,1867.1374398469925,0.33392333984375,623.4807698610166,False,True,0.9541005368919183,1.0299993708061221,0,0,18,1.1766505231620175,recloser_disswitch(r:p1udt228-p1udt62)p1u_12237,240.49057607656584,8129.571913944332,True,0.9789257907381409,1.0299994761756093,0,0,18,0.9999920415048754,recloser_disswitch(r:p1udt228-p1udt62)p1u_12237,169.33632903543128,6814.807038672233
9,49408,2023-08-22T09:00,peak,1.0,197.64600601792336,1.0,197.64600601792336,True,True,0.9874551971898172,1.0299995115125689,0,0,18,0.9407055742371311,recloser_disswitch(r:p1udt228-p1udt62)p1u_12237,149.27550758438073,6368.994189855351,True,0.9874551971898172,1.0299995115125689,0,0,18,0.9407055742371311,recloser_disswitch(r:p1udt228-p1udt62)p1u_12237,149.27550758438073,6368.994189855351
9,49408,2023-08-22T09:00,peak,3.0,592.9380180537701,1.0,592.9380180537701,True,True,0.9806878237995615,1.0299994784968356,0,0,18,0.9973449871317818,recloser_disswitch(r:p1udt228-p1udt62)p1u_12237,169.3237676395059,6784.1466978342705,True,0.9806878237995615,1.0299994784968356,0,0,18,0.9973449871317818,recloser_disswitch(r:p1udt228-p1udt62)p1u_12237,169.3237676395059,6784.1466978342705
9,49408,2023-08-22T09:00,peak,5.0,988.2300300896168,0.6185302734375,611.2501907304795,False,True,0.9737977465674602,1.0299994451411787,0,0,18,1.0543499330839607,recloser_disswitch(r:p1udt228-p1udt62)p1u_12237,191.28643676050044,7201.375782289833,True,0.9803698322249504,1.029999476949657,0,0,18,0.9999945432684361,recloser_disswitch(r:p1udt228-p1udt62)p1u_12237,170.30431979069476,6803.5444055442895
9,49408,2023-08-22T09:00,peak,10.0,1976.4600601792336,0.30926513671875,611.2501907304795,False,True,0.9560018332726804,1.029999360254758,0,0,18,1.1984445192704118,recloser_disswitch(r:p1udt228-p1udt62)p1u_12237,254.87614445626528,8253.26340554627,True,0.9803698322249504,1.029999476949657,0,0,18,0.9999945432684361,recloser_disswitch(r:p1udt228-p1udt62)p1u_12237,170.30431979069476,6803.5444055442895
9,49409,2023-08-22T10:00,peak,1.0,219.909832239151,1.0,219.909832239151,True,True,0.9853466818390206,1.0299995096052201,0,0,18,0.9436936396054745,recloser_disswitch(r:p1udt228-p1udt62)p1u_12237,150.69952608762168,6392.683712790476,True,0.9853466818390206,1.0299995096052201,0,0,18,0.9436936396054745,recloser_disswitch(r:p1udt228-p1udt62)p1u_12237,150.69952608762168,6392.683712790476
9,49409,2023-08-22T10:00,peak,3.0,659.729496717453,0.931640625,614.6308006527834,False,True,0.9742044121179402,1.0299994726569497,0,0,18,1.0064382680076067,recloser_disswitch(r:p1udt228-p1udt62)p1u_12237,174.3275699348195,6855.911769411304,True,0.9753598322585344,1.0299994764576377,0,0,18,0.9999989192741955,recloser_disswitch(r:p1udt228-p1udt62)p1u_12237,171.77799643438925,6808.404960402801
9,49409,2023-08-22T10:00,peak,5.0,1099.549161195755,0.5589599609375,614.6039561908401,False,True,0.9627105008992844,1.0299994351986528,0,0,18,1.0697394068171875,recloser_disswitch(r:p1udt228-p1udt62)p1u_12237,200.90501662823604,7322.2460124740455,True,0.9753606657906302,1.0299994764604632,0,0,18,0.9999940891437603,recloser_disswitch(r:p1udt228-p1udt62)p1u_12237,171.77615208625627,6808.369896413675
9,49409,2023-08-22T10:00,peak,10.0,2199.09832239151,0.27947998046875,614.6039561908401,False,True,0.9322265578404619,1.0299993392116071,6,0,18,1.230543260073476,recloser_disswitch(r:p1udt228-p1udt62)p1u_12237,281.1023795479225,8502.063108257287,True,0.9753606657906302,1.0299994764604632,0,0,18,0.9999940891437603,recloser_disswitch(r:p1udt228-p1udt62)p1u_12237,171.77615208625627,6808.369896413675
9,49410,2023-08-22T11:00,peak,1.0,204.56667828559875,1.0,204.56667828559875,True,True,0.9871824315302343,1.0299995109655211,0,0,18,0.941617824826424,recloser_disswitch(r:p1udt228-p1udt62)p1u_12237,149.54079554970414,6376.193519100986,True,0.9871824315302343,1.0299995109655211,0,0,18,0.941617824826424,recloser_disswitch(r:p1udt228-p1udt62)p1u_12237,149.54079554970414,6376.193519100986
9,49410,2023-08-22T11:00,peak,3.0,613.7000348567963,0.99871826171875,612.9134320289158,False,True,0.9798549219959728,1.0299994768417438,0,0,18,1.0000908788230929,recloser_disswitch(r:p1udt228-p1udt62)p1u_12237,170.24694365025323,6805.828705701692,True,0.9798675200029137,1.029999476898296,0,0,18,0.9999948099097256,recloser_disswitch(r:p1udt228-p1udt62)p1u_12237,170.21087749384415,6805.11455131975
9,49410,2023-08-22T11:00,peak,5.0,1022.8333914279938,0.5992431640625,612.9259177880886,False,True,0.9723825820397364,1.0299994423522805,0,0,18,1.0589543320698591,recloser_disswitch(r:p1udt228-p1udt62)p1u_12237,193.04759779835368,7237.735200158393,True,0.9798672836783167,1.0299994768971912,0,0,18,0.9999967012282518,recloser_disswitch(r:p1udt228-p1udt62)p1u_12237,170.21158574366896,6805.128395264365
9,49410,2023-08-22T11:00,peak,10.0,2045.6667828559875,0.29962158203125,612.9259177880886,False,True,0.9530233465352895,1.0299993545144646,0,0,18,1.2078039348424743,recloser_disswitch(r:p1udt228-p1udt62)p1u_12237,259.57547192315803,8327.16402457429,True,0.9798672836783167,1.0299994768971912,0,0,18,0.9999967012282518,recloser_disswitch(r:p1udt228-p1udt62)p1u_12237,170.21158574366896,6805.128395264365
9,49458,2023-08-24T11:00,peak,1.0,192.7057340145111,1.0,192.7057340145111,True,True,0.9854565916925146,1.0299995119408485,0,0,18,0.9387590224674512,recloser_disswitch(r:p1udt228-p1udt62)p1u_12237,148.93268802309314,6363.7174400152735,True,0.9854565916925146,1.0299995119408485,0,0,18,0.9387590224674512,recloser_disswitch(r:p1udt228-p1udt62)p1u_12237,148.93268802309314,6363.7174400152735
9,49458,2023-08-24T11:00,peak,3.0,578.1172020435333,1.0,578.1172020435333,True,True,0.9745419000435677,1.0299994797569214,0,0,18,0.991512681258534,recloser_disswitch(r:p1udt228-p1udt62)p1u_12237,168.4470699578517,6768.4479730453495,True,0.9745419000435677,1.0299994797569214,0,0,18,0.991512681258534,recloser_disswitch(r:p1udt228-p1udt62)p1u_12237,168.4470699578517,6768.4479730453495
9,49458,2023-08-24T11:00,peak,5.0,963.5286700725555,0.6639404296875,639.725639224198,False,True,0.9632864145402608,1.029999447192855,0,0,18,1.0446514348638307,recloser_disswitch(r:p1udt228-p1udt62)p1u_12237,190.10936668926618,7175.489588522841,True,0.9727630412332903,1.0299994745667187,0,0,18,0.9999994537927894,recloser_disswitch(r:p1udt228-p1udt62)p1u_12237,171.76996710790564,6833.485478530966
9,49458,2023-08-24T11:00,peak,10.0,1927.057340145111,0.33197021484375,639.725639224198,False,True,0.9334595112701286,1.029999364060602,6,0,18,1.1792205346957794,recloser_disswitch(r:p1udt228-p1udt62)p1u_12237,254.26479409813314,8203.224472815156,True,0.9727630412332903,1.0299994745667187,0,0,18,0.9999994537927894,recloser_disswitch(r:p1udt228-p1udt62)p1u_12237,171.76996710790564,6833.485478530966
9,49459,2023-08-24T12:00,peak,1.0,189.81134700775146,1.0,189.81134700775146,True,True,0.9832826522699726,1.0299995120786685,0,0,18,0.9384073052933657,recloser_disswitch(r:p1udt228-p1udt62)p1u_12237,149.40175824403605,6361.298890469745,True,0.9832826522699726,1.0299995120786685,0,0,18,0.9384073052933657,recloser_disswitch(r:p1udt228-p1udt62)p1u_12237,149.40175824403605,6361.298890469745
9,49459,2023-08-24T12:00,peak,3.0,569.4340410232544,1.0,569.4340410232544,True,True,0.9677589937662012,1.0299994800530041,0,0,18,0.990602933208367,recloser_disswitch(r:p1udt228-p1udt62)p1u_12237,170.597466948459,6761.888832810016,True,0.9677589937662012,1.0299994800530041,0,0,18,0.990602933208367,recloser_disswitch(r:p1udt228-p1udt62)p1u_12237,170.597466948459,6761.888832810016
9,49459,2023-08-24T12:00,peak,5.0,949.0567350387573,0.67132568359375,637.1261614191462,False,True,0.9514840085456564,1.0299994474498537,0,0,18,1.0434403184707515,recloser_disswitch(r:p1udt228-p1udt62)p1u_12237,195.0603836013381,7166.090414570889,True,0.9649087675709515,1.0299994742705851,0,0,18,0.9999976840853659,recloser_disswitch(r:p1udt228-p1udt62)p1u_12237,174.72138575408252,6833.837636089617
9,49459,2023-08-24T12:00,peak,10.0,1898.1134700775146,0.33563232421875,637.068235593033,False,True,0.9068887820282848,1.029999363277349,6,0,18,1.1784400345500612,recloser_disswitch(r:p1udt228-p1udt62)p1u_12237,272.22769979352086,8192.301726201675,True,0.9649112254169929,1.029999474275557,0,0,18,0.9999896082625968,recloser_disswitch(r:p1udt228-p1udt62)p1u_12237,174.71781315110567,6833.775829536727
9,49553,2023-08-28T10:00,peak,1.0,197.9076976776123,1.0,197.9076976776123,True,True,0.9856674156016954,1.0299995115249625,0,0,18,0.9435590222870431,recloser_disswitch(r:p1udt228-p1udt62)p1u_12237,149.38246152700086,6369.388488713814,True,0.9856674156016954,1.0299995115249625,0,0,18,0.9435590222870431,recloser_disswitch(r:p1udt228-p1udt62)p1u_12237,149.38246152700086,6369.388488713814
9,49553,2023-08-28T10:00,peak,3.0,593.7230930328369,0.935791015625,555.6007362292148,False,True,0.9751959219366396,1.0299994784677655,0,0,18,1.0060219621529725,recloser_disswitch(r:p1udt228-p1udt62)p1u_12237,170.13496892910933,6785.733194246849,True,0.976215455410296,1.0299994816618692,0,0,18,0.9999984243329465,recloser_disswitch(r:p1udt228-p1udt62)p1u_12237,168.029294120399,6745.621057767187
9,49553,2023-08-28T10:00,peak,5.0,989.5384883880615,0.56146240234375,555.588656901964,False,True,0.964411075627358,1.0299994449635388,0,0,18,1.0690384783366385,recloser_disswitch(r:p1udt228-p1udt62)p1u_12237,193.51342635955166,7204.874098873357,True,0.976215799739333,1.0299994816629614,0,0,18,0.9999963632830332,recloser_disswitch(r:p1udt228-p1udt62)p1u_12237,168.02858621090218,6745.607373141673
9,49553,2023-08-28T10:00,peak,10.0,1979.076976776123,0.28070068359375,555.5282602657098,False,True,0.935907405257669,1.0299993591541248,9,0,18,1.2291053029585228,recloser_disswitch(r:p1udt228-p1udt62)p1u_12237,264.2441051182367,8265.200029071522,True,0.9762174230279054,1.0299994816680575,0,0,18,0.9999867544620579,recloser_disswitch(r:p1udt228-p1udt62)p1u_12237,168.02525233547135,6745.5433735816705
9,49846,2023-09-09T15:00,random,1.0,30.41227789223194,1.0,30.41227789223194,True,True,0.9891288518984465,1.029999525392863,0,0,18,0.916449522006185,recloser_disswitch(r:p1udt228-p1udt62)p1u_12237,141.29089685397466,6193.795304859746,True,0.9891288518984465,1.029999525392863,0,0,18,0.916449522006185,recloser_disswitch(r:p1udt228-p1udt62)p1u_12237,141.29089685397466,6193.795304859746
9,49846,2023-09-09T15:00,random,3.0,91.23683367669582,1.0,91.23683367669582,True,True,0.988795697894602,1.0299995203829362,0,0,18,0.9243092849671845,recloser_disswitch(r:p1udt228-p1udt62)p1u_12237,143.9968334183324,6257.0245748217685,True,0.988795697894602,1.0299995203829362,0,0,18,0.9243092849671845,recloser_disswitch(r:p1udt228-p1udt62)p1u_12237,143.9968334183324,6257.0245748217685
9,49846,2023-09-09T15:00,random,5.0,152.0613894611597,1.0,152.0613894611597,True,True,0.988459234686686,1.0299995153399484,0,0,18,0.9322204726643316,recloser_disswitch(r:p1udt228-p1udt62)p1u_12237,146.76136331192416,6320.606989471,True,0.988459234686686,1.0299995153399484,0,0,18,0.9322204726643316,recloser_disswitch(r:p1udt228-p1udt62)p1u_12237,146.76136331192416,6320.606989471
9,49846,2023-09-09T15:00,random,10.0,304.1227789223194,1.0,304.1227789223194,True,True,0.9876183095818882,1.0299995027215727,0,0,18,0.9519788175319928,recloser_disswitch(r:p1udt228-p1udt62)p1u_12237,153.85564244499622,6479.419281696979,True,0.9876183095818882,1.0299995027215727,0,0,18,0.9519788175319928,recloser_disswitch(r:p1udt228-p1udt62)p1u_12237,153.85564244499622,6479.419281696979
9,50168,2023-09-23T01:00,random,1.0,8.444974184036255,1.0,8.444974184036255,True,True,0.9892611325720279,1.0299995272144546,0,0,18,0.9138787357374839,recloser_disswitch(r:p1udt228-p1udt62)p1u_12237,140.3126055698444,6170.80143352699,True,0.9892611325720279,1.0299995272144546,0,0,18,0.9138787357374839,recloser_disswitch(r:p1udt228-p1udt62)p1u_12237,140.3126055698444,6170.80143352699
9,50168,2023-09-23T01:00,random,3.0,25.334922552108765,1.0,25.334922552108765,True,True,0.9891897455755251,1.0299995258295227,0,0,18,0.9166370186655993,recloser_disswitch(r:p1udt228-p1udt62)p1u_12237,141.04458954954845,6188.31714834666,True,0.9891897455755251,1.0299995258295227,0,0,18,0.9166370186655993,recloser_disswitch(r:p1udt228-p1udt62)p1u_12237,141.04458954954845,6188.31714834666
9,50168,2023-09-23T01:00,random,5.0,42.224870920181274,1.0,42.224870920181274,True,True,0.9891174174133298,1.0299995244351388,0,0,18,0.9194123882928348,recloser_disswitch(r:p1udt228-p1udt62)p1u_12237,141.78515781877712,6205.94678451937,True,0.9891174174133298,1.0299995244351388,0,0,18,0.9194123882928348,recloser_disswitch(r:p1udt228-p1udt62)p1u_12237,141.78515781877712,6205.94678451937
9,50168,2023-09-23T01:00,random,10.0,84.44974184036255,1.0,84.44974184036255,True,True,0.9889370414551476,1.029999520952419,0,0,18,0.9263419679188467,recloser_disswitch(r:p1udt228-p1udt62)p1u_12237,143.64952455155944,6249.952618531253,True,0.9889370414551476,1.029999520952419,0,0,18,0.9263419679188467,recloser_disswitch(r:p1udt228-p1udt62)p1u_12237,143.64952455155944,6249.952618531253
9,51647,2023-11-23T16:00,random,1.0,17.233353793621063,1.0,17.233353793621063,True,True,0.9892215279420732,1.0299995264914776,0,0,18,0.9153336620532632,recloser_disswitch(r:p1udt228-p1udt62)p1u_12237,140.65392046957672,6180.09253977002,True,0.9892215279420732,1.0299995264914776,0,0,18,0.9153336620532632,recloser_disswitch(r:p1udt228-p1udt62)p1u_12237,140.65392046957672,6180.09253977002
9,51647,2023-11-23T16:00,random,3.0,51.70006138086319,1.0,51.70006138086319,True,True,0.9890749719881691,1.0299995237034967,0,0,18,0.920920080369491,recloser_disswitch(r:p1udt228-p1udt62)p1u_12237,142.04907790932285,6215.644291065989,True,0.9890749719881691,1.0299995237034967,0,0,18,0.920920080369491,recloser_disswitch(r:p1udt228-p1udt62)p1u_12237,142.04907790932285,6215.644291065989
9,51647,2023-11-23T16:00,random,5.0,86.16676896810532,1.0,86.16676896810532,True,True,0.988925853319195,1.029999520888616,0,0,18,0.9265563540284361,recloser_disswitch(r:p1udt228-p1udt62)p1u_12237,143.4675989282437,6251.5276697323525,True,0.988925853319195,1.029999520888616,0,0,18,0.9265563540284361,recloser_disswitch(r:p1udt228-p1udt62)p1u_12237,143.4675989282437,6251.5276697323525
9,51647,2023-11-23T16:00,random,10.0,172.33353793621063,1.0,172.33353793621063,True,True,0.9885539164593795,1.0299995138568505,0,0,18,0.940632813705919,recloser_disswitch(r:p1udt228-p1udt62)p1u_12237,147.04865067880328,6341.125226722705,True,0.9885539164593795,1.0299995138568505,0,0,18,0.940632813705919,recloser_disswitch(r:p1udt228-p1udt62)p1u_12237,147.04865067880328,6341.125226722705
10,44103,2023-01-13T08:00,random,1.0,79.95436143875122,1.0,79.95436143875122,True,True,0.9837089698136741,1.029999521112047,0,0,18,0.9226999125139308,recloser_disswitch(r:p1udt228-p1udt62)p1u_12237,144.65029853078312,6246.598769202233,True,0.9837089698136741,1.029999521112047,0,0,18,0.9226999125139308,recloser_disswitch(r:p1udt228-p1udt62)p1u_12237,144.65029853078312,6246.598769202233
10,44103,2023-01-13T08:00,random,3.0,239.86308431625366,1.0,239.86308431625366,True,True,0.9690569585484821,1.029999507263529,0,0,18,0.9434045321041905,recloser_disswitch(r:p1udt228-p1udt62)p1u_12237,155.54234066313336,6417.318025018469,True,0.9690569585484821,1.029999507263529,0,0,18,0.9434045321041905,recloser_disswitch(r:p1udt228-p1udt62)p1u_12237,155.54234066313336,6417.318025018469
10,44103,2023-01-13T08:00,random,5.0,399.7718071937561,1.0,399.7718071937561,True,True,0.953696783989291,1.0299994930451855,0,0,18,0.964544661249557,recloser_disswitch(r:p1udt228-p1udt62)p1u_12237,168.56606623152126,6590.317071762485,True,0.953696783989291,1.0299994930451855,0,0,18,0.964544661249557,recloser_disswitch(r:p1udt228-p1udt62)p1u_12237,168.56606623152126,6590.317071762485
10,44103,2023-01-13T08:00,random,10.0,799.5436143875122,0.54669189453125,437.10401330987224,False,True,0.9116191024134812,1.029999455714295,6,0,18,1.2074846640699874,l(r:p1udt175lv-p1ulv493),211.88129118918533,7033.39761876226,True,0.9500007799283939,1.0299994896712437,0,0,18,0.9706915896390944,l(r:p1udt175lv-p1ulv493),171.93363844130468,6631.02850150093
10,44752,2023-02-09T09:00,random,1.0,125.63688196241856,1.0,125.63688196241856,True,True,0.9865576056741835,1.029999517325291,0,0,18,0.9271265376691425,recloser_disswitch(r:p1udt228-p1udt62)p1u_12237,146.5484257011804,6294.281203725218,True,0.9865576056741835,1.029999517325291,0,0,18,0.9271265376691425,recloser_disswitch(r:p1udt228-p1udt62)p1u_12237,146.5484257011804,6294.281203725218
10,44752,2023-02-09T09:00,random,3.0,376.91064588725567,1.0,376.91064588725567,True,True,0.9779281286116244,1.0299994959491563,0,0,18,0.9565389629676574,recloser_disswitch(r:p1udt228-p1udt62)p1u_12237,160.9426122270689,6559.757543086477,True,0.9779281286116244,1.0299994959491563,0,0,18,0.9565389629676574,recloser_disswitch(r:p1udt228-p1udt62)p1u_12237,160.9426122270689,6559.757543086477
10,44752,2023-02-09T09:00,random,5.0,628.1844098120928,0.89703369140625,563.5025800175981,False,True,0.969072468471134,1.0299994742437995,0,0,18,1.0359721190462448,l(r:p1udt175lv-p1ulv493),176.99732302863973,6827.058892507575,True,0.9713712325827643,1.02999947985232,0,0,18,0.999989739078988,l(r:p1udt175lv-p1ulv493),172.7092810578691,6758.202501432418
10,44752,2023-02-09T09:00,random,10.0,1256.3688196241856,0.448486328125,563.4642386839914,False,True,0.9458516781479464,1.0299994185100412,6,0,18,1.4805430620631015,l(r:p1udm822-p1ulv579),224.7976846670691,7503.101397035906,True,0.9713725482926,1.0299994798555032,0,0,18,0.9999688798383299,l(r:p1udt175lv-p1ulv493),172.70687635796034,6758.163319104344
10,46073,2023-04-05T10:00,peak,1.0,190.9374189376831,1.0,190.9374189376831,True,True,0.9836598462152086,1.0299995116213998,0,0,18,0.9315459657279573,recloser_disswitch(r:p1udt228-p1udt62)p1u_12237,150.92322565901188,6363.950793211597,True,0.9836598462152086,1.0299995116213998,0,0,18,0.9315459657279573,recloser_disswitch(r:p1udt228-p1udt62)p1u_12237,150.92322565901188,6363.950793211597
10,46073,2023-04-05T10:00,peak,3.0,572.8122568130493,0.75714111328125,433.69970982457744,False,True,0.968926676313317,1.029999478379413,0,0,18,1.133701219441384,l(r:p1udm822-p1ulv579),176.42802318689397,6771.031480669824,True,0.9743660213106428,1.0299994905908079,0,0,18,0.9999688433253949,l(r:p1udm822-p1ulv579),166.57776923404157,6622.268085282544
10,46073,2023-04-05T10:00,peak,5.0,954.6870946884155,0.45428466796875,433.69970982457744,False,True,0.9534985273833815,1.0299994441154174,0,0,18,1.5056444485627238,l(r:p1udm822-p1ulv579),206.99088136000287,7183.6292727745285,True,0.9743660362806076,1.0299994905908598,0,0,18,0.9999686329140612,l(r:p1udm822-p1ulv579),166.57773232361237,6622.267464943404
10,46073,2023-04-05T10:00,peak,10.0,1909.374189376831,0.22711181640625,433.6414403485833,False,True,0.9113611853775937,1.0299993537149712,12,0,18,2.468493371192779,l(r:p1udm822-p1ulv579),308.0038323893378,8239.313947121742,True,0.9743682701619442,1.029999490595857,0,0,18,0.9999131681309563,l(r:p1udm822-p1ulv579),166.57380046710782,6622.206379762156
10,46294,2023-04-14T15:00,random,1.0,91.37446284294128,1.0,91.37446284294128,True,True,0.984051249467921,1.029999520210917,0,0,18,0.9254230543048516,recloser_disswitch(r:p1udt228-p1udt62)p1u_12237,144.87451954977456,6258.337242221165,True,0.984051249467921,1.029999520210917,0,0,18,0.9254230543048516,recloser_disswitch(r:p1udt228-p1udt62)p1u_12237,144.87451954977456,6258.337242221165
10,46294,2023-04-14T15:00,random,3.0,274.12338852882385,1.0,274.12338852882385,True,True,0.9701421530603264,1.029999504610056,0,0,18,0.9515082283306727,recloser_disswitch(r:p1udt228-p1udt62)p1u_12237,156.04853675753247,6452.088533315556,True,0.9701421530603264,1.029999504610056,0,0,18,0.9515082283306727,recloser_disswitch(r:p1udt228-p1udt62)p1u_12237,156.04853675753247,6452.088533315556
10,46294,2023-04-14T15:00,random,5.0,456.8723142147064,1.0,456.8723142147064,True,True,0.9556057197715568,1.0299994886716939,0,0,18,0.9780059788343124,recloser_disswitch(r:p1udt228-p1udt62)p1u_12237,169.12992392572633,6647.982805857744,True,0.9556057197715568,1.0299994886716939,0,0,18,0.9780059788343124,recloser_disswitch(r:p1udt228-p1udt62)p1u_12237,169.12992392572633,6647.982805857744
10,46294,2023-04-14T15:00,random,10.0,913.7446284294128,0.57470703125,525.1354627253022,False,True,0.9160554692227456,1.029999447255299,6,0,18,1.1234180134595315,l(r:p1udt61lv-p1ulv156),211.3309928012112,7147.052322624245,True,0.950003023741208,1.0299994826321481,0,0,18,0.9880058667605492,recloser_disswitch(r:p1udt228-p1udt62)p1u_12237,174.53588734915274,6721.665558446672
10,46385,2023-04-18T10:00,peak,1.0,188.02274084091187,1.0,188.02274084091187,True,True,0.9839826711292441,1.0299995120052363,0,0,18,0.9398159470968704,recloser_disswitch(r:p1udt228-p1udt62)p1u_12237,150.4891963660596,6360.602220569019,True,0.9839826711292441,1.0299995120052363,0,0,18,0.9398159470968704,recloser_disswitch(r:p1udt228-p1udt62)p1u_12237,150.4891963660596,6360.602220569019
10,46385,2023-04-18T10:00,peak,3.0,564.0682225227356,1.0,564.0682225227356,True,True,0.9699513605383603,1.0299994797197112,0,0,18,0.9949789136772584,recloser_disswitch(r:p1udt228-p1udt62)p1u_12237,174.44127781247946,6760.338857811698,True,0.9699513605383603,1.0299994797197112,0,0,18,0.9949789136772584,recloser_disswitch(r:p1udt228-p1udt62)p1u_12237,174.44127781247946,6760.338857811698
10,46385,2023-04-18T10:00,peak,5.0,940.1137042045593,0.6358642578125,597.7847027833923,False,True,0.9553051695375298,1.029999446692161,0,0,18,1.110789434692482,l(r:p1udt175lv-p1ulv493),202.45593139181366,7164.539880936699,True,0.96865914828617,1.0299994767745526,0,0,18,0.9999927034848531,recloser_disswitch(r:p1udt228-p1udt62)p1u_12237,176.79320704546834,6796.569024616833
10,46385,2023-04-18T10:00,peak,10.0,1880.2274084091187,0.31793212890625,597.7847027833923,False,True,0.91557777425648,1.0299993607508082,6,0,18,1.5442319546178003,l(r:p1udt175lv-p1ulv493),291.9962157174217,8194.185893061542,True,0.96865914828617,1.0299994767745526,0,0,18,0.9999927034848531,recloser_disswitch(r:p1udt228-p1udt62)p1u_12237,176.79320704546834,6796.569024616833
10,46413,2023-04-19T14:00,random,1.0,57.698155641555786,1.0,57.698155641555786,True,True,0.9872112559084151,1.029999523021332,0,0,18,0.9189368432363122,recloser_disswitch(r:p1udt228-p1udt62)p1u_12237,143.12852013613056,6222.95636686963,True,0.9872112559084151,1.029999523021332,0,0,18,0.9189368432363122,recloser_disswitch(r:p1udt228-p1udt62)p1u_12237,143.12852013613056,6222.95636686963
10,46413,2023-04-19T14:00,random,3.0,173.09446692466736,1.0,173.09446692466736,True,True,0.9799281349031744,1.0299995131879442,0,0,18,0.9318524926040809,recloser_disswitch(r:p1udt228-p1udt62)p1u_12237,149.94055840187676,6344.9868623746115,True,0.9799281349031744,1.0299995131879442,0,0,18,0.9318524926040809,recloser_disswitch(r:p1udt228-p1udt62)p1u_12237,149.94055840187676,6344.9868623746115
10,46413,2023-04-19T14:00,random,5.0,288.49077820777893,1.0,288.49077820777893,True,True,0.9724788432404511,1.029999503226571,0,0,18,0.9449034278367242,recloser_disswitch(r:p1udt228-p1udt62)p1u_12237,157.39616585166056,6467.829200004782,True,0.9724788432404511,1.029999503226571,0,0,18,0.9449034278367242,recloser_disswitch(r:p1udt228-p1udt62)p1u_12237,157.39616585166056,6467.829200004782
10,46413,2023-04-19T14:00,random,10.0,576.9815564155579,0.81597900390625,470.8048356762447,False,True,0.9530724451866731,1.029999477791586,0,0,18,1.0708001634370703,l(r:p1udt175lv-p1ulv493),178.9835532043929,6777.937488294942,True,0.960349335932612,1.0299994872403944,0,0,18,0.9999999953967651,l(r:p1udt175lv-p1ulv493),170.5341919413944,6663.329685595606
10,46948,2023-05-11T21:00,random,1.0,43.385165214538574,1.0,43.385165214538574,True,True,0.9888352816704252,1.0299995242839028,0,0,18,0.9192747369289456,recloser_disswitch(r:p1udt228-p1udt62)p1u_12237,142.10290053597873,6207.589027663028,True,0.9888352816704252,1.0299995242839028,0,0,18,0.9192747369289456,recloser_disswitch(r:p1udt228-p1udt62)p1u_12237,142.10290053597873,6207.589027663028
10,46948,2023-05-11T21:00,random,3.0,130.15549564361572,1.0,130.15549564361572,True,True,0.9879109377471476,1.0299995170277554,0,0,18,0.9328294623360883,recloser_disswitch(r:p1udt228-p1udt62)p1u_12237,146.53141580142577,6298.656845959753,True,0.9879109377471476,1.0299995170277554,0,0,18,0.9328294623360883,recloser_disswitch(r:p1udt228-p1udt62)p1u_12237,146.53141580142577,6298.656845959753
10,46948,2023-05-11T21:00,random,5.0,216.92582607269287,1.0,216.92582607269287,True,True,0.9848889672288391,1.029999509730995,0,0,18,0.9464390145624767,recloser_disswitch(r:p1udt228-p1udt62)p1u_12237,151.13491194525176,6390.028664413502,True,0.9848889672288391,1.029999509730995,0,0,18,0.9464390145624767,recloser_disswitch(r:p1udt228-p1udt62)p1u_12237,151.13491194525176,6390.028664413502
10,46948,2023-05-11T21:00,random,10.0,433.85165214538574,1.0,433.85165214538574,True,True,0.9768253195312214,1.0299994913591968,0,0,18,0.9806134051166677,recloser_disswitch(r:p1udt228-p1udt62)p1u_12237,163.39498825304008,6619.167305640335,True,0.9768253195312214,1.0299994913591968,0,0,18,0.9806134051166677,recloser_disswitch(r:p1udt228-p1udt62)p1u_12237,163.39498825304008,6619.167305640335
10,47304,2023-05-26T17:00,random,1.0,83.14106774330139,1.0,83.14106774330139,True,True,0.9889242855824284,1.029999520886729,0,0,18,0.9223586991146168,recloser_disswitch(r:p1udt228-p1udt62)p1u_12237,144.31726601061513,6249.5241505552185,True,0.9889242855824284,1.029999520886729,0,0,18,0.9223586991146168,recloser_disswitch(r:p1udt228-p1udt62)p1u_12237,144.31726601061513,6249.5241505552185
10,47304,2023-05-26T17:00,random,3.0,249.42320322990417,1.0,249.42320322990417,True,True,0.9850745388410092,1.0299995067462615,0,0,18,0.9690988036411823,l(r:p1udt175lv-p1ulv493),153.56585836019184,6424.9266647615605,True,0.9850745388410092,1.0299995067462615,0,0,18,0.9690988036411823,l(r:p1udt175lv-p1ulv493),153.56585836019184,6424.9266647615605
10,47304,2023-05-26T17:00,random,5.0,415.70533871650696,0.66571044921875,276.7393877795985,False,True,0.9805670902071428,1.0299994924515912,0,0,18,1.157750907034441,l(r:p1udt175lv-p1ulv493),163.51749921803676,6601.148491380226,True,0.9843383555124346,1.0299995044033023,0,0,18,0.9999897950960789,l(r:p1udt175lv-p1ulv493),155.1551350259859,6453.88478115459
10,47304,2023-05-26T17:00,random,10.0,831.4106774330139,0.33282470703125,276.71401513929595,False,True,0.9689562690142722,1.0299994560537045,0,0,18,1.6376743624066454,l(r:p1udt175lv-p1ulv493),191.5614572738002,7044.934117062766,True,0.984339032957481,1.0299995044054433,0,0,18,0.9999612959697923,l(r:p1udt175lv-p1ulv493),155.15365461100671,6453.858326430626
10,47458,2023-06-02T03:00,random,1.0,11.082432746887207,1.0,11.082432746887207,True,True,0.9892532696377452,1.0299995270062858,0,0,18,0.9143045361764189,recloser_disswitch(r:p1udt228-p1udt62)p1u_12237,140.39752392562414,6173.533560722418,True,0.9892532696377452,1.0299995270062858,0,0,18,0.9143045361764189,recloser_disswitch(r:p1udt228-p1udt62)p1u_12237,140.39752392562414,6173.533560722418
10,47458,2023-06-02T03:00,random,3.0,33.24729824066162,1.0,33.24729824066162,True,True,0.9891664089679727,1.0299995252080596,0,0,18,0.9179089649768366,recloser_disswitch(r:p1udt228-p1udt62)p1u_12237,141.29830683024102,6196.476153521631,True,0.9891664089679727,1.0299995252080596,0,0,18,0.9179089649768366,recloser_disswitch(r:p1udt228-p1udt62)p1u_12237,141.29830683024102,6196.476153521631
10,47458,2023-06-02T03:00,random,5.0,55.412163734436035,1.0,55.412163734436035,True,True,0.9890784891799385,1.029999523399058,0,0,18,0.9215331025960736,recloser_disswitch(r:p1udt228-p1udt62)p1u_12237,142.20920080524343,6219.551163496742,True,0.9890784891799385,1.029999523399058,0,0,18,0.9215331025960736,recloser_disswitch(r:p1udt228-p1udt62)p1u_12237,142.20920080524343,6219.551163496742
10,47458,2023-06-02T03:00,random,10.0,110.82432746887207,1.0,110.82432746887207,True,True,0.9888592759292725,1.0299995188809221,0,0,18,0.9305833484905858,recloser_disswitch(r:p1udt228-p1udt62)p1u_12237,144.50248687469679,6277.163824265307,True,0.9888592759292725,1.0299995188809221,0,0,18,0.9305833484905858,recloser_disswitch(r:p1udt228-p1udt62)p1u_12237,144.50248687469679,6277.163824265307
10,47868,2023-06-19T05:00,random,1.0,3.571868658065796,1.0,3.571868658065796,True,True,0.9892784257982427,1.0299995275976495,0,0,18,0.9131156213167151,recloser_disswitch(r:p1udt228-p1udt62)p1u_12237,140.12149694226022,6165.970088371345,True,0.9892784257982427,1.0299995275976495,0,0,18,0.9131156213167151,recloser_disswitch(r:p1udt228-p1udt62)p1u_12237,140.12149694226022,6165.970088371345
10,47868,2023-06-19T05:00,random,3.0,10.715605974197388,1.0,10.715605974197388,True,True,0.9892470365599599,1.0299995270346358,0,0,18,0.9142429939821832,recloser_disswitch(r:p1udt228-p1udt62)p1u_12237,140.43985669254724,6173.123476817735,True,0.9892470365599599,1.0299995270346358,0,0,18,0.9142429939821832,recloser_disswitch(r:p1udt228-p1udt62)p1u_12237,140.43985669254724,6173.123476817735
10,47868,2023-06-19T05:00,random,5.0,17.85934329032898,1.0,17.85934329032898,True,True,0.9892131070513722,1.0299995264460224,0,0,18,0.9154184773690421,recloser_disswitch(r:p1udt228-p1udt62)p1u_12237,140.7736537526736,6180.599840714885,True,0.9892131070513722,1.0299995264460224,0,0,18,0.9154184773690421,recloser_disswitch(r:p1udt228-p1udt62)p1u_12237,140.7736537526736,6180.599840714885
10,47868,2023-06-19T05:00,random,10.0,35.71868658065796,1.0,35.71868658065796,True,True,0.9887359101866701,1.0299995249761085,0,0,18,0.9183534077738278,recloser_disswitch(r:p1udt228-p1udt62)p1u_12237,141.6137277588051,6199.263025985343,True,0.9887359101866701,1.0299995249761085,0,0,18,0.9183534077738278,recloser_disswitch(r:p1udt228-p1udt62)p1u_12237,141.6137277588051,6199.263025985343
10,48214,2023-07-03T15:00,random,1.0,73.25083684921265,1.0,73.25083684921265,True,True,0.9880715923212446,1.0299995217732498,0,0,18,0.9235474727752156,recloser_disswitch(r:p1udt228-p1udt62)p1u_12237,143.81296136143013,6238.875027168664,True,0.9880715923212446,1.0299995217732498,0,0,18,0.9235474727752156,recloser_disswitch(r:p1udt228-p1udt62)p1u_12237,143.81296136143013,6238.875027168664
10,48214,2023-07-03T15:00,random,3.0,219.75251054763794,1.0,219.75251054763794,True,True,0.9830423884110543,1.029999509379535,0,0,18,0.9458301163974361,recloser_disswitch(r:p1udt228-p1udt62)p1u_12237,151.9605092090928,6393.661733851208,True,0.9830423884110543,1.029999509379535,0,0,18,0.9458301163974361,recloser_disswitch(r:p1udt228-p1udt62)p1u_12237,151.9605092090928,6393.661733851208
10,48214,2023-07-03T15:00,random,5.0,366.25418424606323,1.0,366.25418424606323,True,True,0.977775304798947,1.0299994969055917,0,0,18,0.9681970799983949,recloser_disswitch(r:p1udt228-p1udt62)p1u_12237,160.62302304453507,6548.818968306155,True,0.977775304798947,1.0299994969055917,0,0,18,0.9681970799983949,recloser_disswitch(r:p1udt228-p1udt62)p1u_12237,160.62302304453507,6548.818968306155
10,48214,2023-07-03T15:00,random,10.0,732.5083684921265,0.7825927734375,573.2557556644315,False,True,0.9642508468241593,1.029999465314086,0,0,18,1.0823483245181953,l(r:p1udt61lv-p1ulv156),184.62953050541066,6938.954958707304,True,0.9701927214702705,1.0299994791141445,0,0,18,0.9999968386414786,recloser_disswitch(r:p1udt228-p1udt62)p1u_12237,173.7772459526954,6769.022877930026
10,48449,2023-07-13T10:00,peak,1.0,185.93796157836914,1.0,185.93796157836914,True,True,0.9848222227066067,1.0299995122411385,0,0,18,0.9405942349921566,recloser_disswitch(r:p1udt228-p1udt62)p1u_12237,150.0798825068019,6358.11353964967,True,0.9848222227066067,1.0299995122411385,0,0,18,0.9405942349921566,recloser_disswitch(r:p1udt228-p1udt62)p1u_12237,150.0798825068019,6358.11353964967
10,48449,2023-07-13T10:00,peak,3.0,557.8138847351074,1.0,557.8138847351074,True,True,0.9725712858432515,1.0299994805437926,0,0,18,0.9971989904196078,recloser_disswitch(r:p1udt228-p1udt62)p1u_12237,172.60520916373787,6752.268146384469,True,0.9725712858432515,1.0299994805437926,0,0,18,0.9971989904196078,recloser_disswitch(r:p1udt228-p1udt62)p1u_12237,172.60520916373787,6752.268146384469
10,48449,2023-07-13T10:00,peak,5.0,929.6898078918457,0.6195068359375,575.9491912904195,False,True,0.9598753742764594,1.0299994482922323,0,0,18,1.0580306162096964,l(r:p1udt175lv-p1ulv493),198.30040687443324,7149.785354404677,True,0.9719588911923508,1.0299994789709386,0,0,18,0.9999996838249625,recloser_disswitch(r:p1udt228-p1udt62)p1u_12237,173.79184657779467,6771.730805796984
10,48449,2023-07-13T10:00,peak,10.0,1859.3796157836914,0.30975341796875,575.9491912904195,False,True,0.9258916291013969,1.0299993650961357,12,0,18,1.4361220663913585,l(r:p1udt175lv-p1ulv493),277.558916614621,8158.770142907277,True,0.9719588911923508,1.0299994789709386,0,0,18,0.9999996838249625,recloser_disswitch(r:p1udt228-p1udt62)p1u_12237,173.79184657779467,6771.730805796984
10,48450,2023-07-13T11:00,peak,1.0,197.65360134840012,1.0,197.65360134840012,True,True,0.9837141774990986,1.0299995112178748,0,0,18,0.9393262558297124,recloser_disswitch(r:p1udt228-p1udt62)p1u_12237,150.79879768351472,6370.548872938225,True,0.9837141774990986,1.0299995112178748,0,0,18,0.9393262558297124,recloser_disswitch(r:p1udt228-p1udt62)p1u_12237,150.79879768351472,6370.548872938225
10,48450,2023-07-13T11:00,peak,3.0,592.9608040452003,1.0,592.9608040452003,True,True,0.9691134102743955,1.0299994773684003,0,0,18,0.9934625292821186,recloser_disswitch(r:p1udt228-p1udt62)p1u_12237,175.34040473403877,6790.127356693851,True,0.9691134102743955,1.0299994773684003,0,0,18,0.9934625292821186,recloser_disswitch(r:p1udt228-p1udt62)p1u_12237,175.34040473403877,6790.127356693851
10,48450,2023-07-13T11:00,peak,5.0,988.2680067420006,0.647705078125,640.1062065152655,False,True,0.9538541913457927,1.029999442788172,0,0,18,1.0521026590365663,l(r:p1udt175lv-p1ulv493),203.90933277670243,7214.147093713818,True,0.967324105867497,1.029999473268226,0,0,18,0.9999985944289157,recloser_disswitch(r:p1udt228-p1udt62)p1u_12237,178.54106448160283,6840.639115712059
10,48450,2023-07-13T11:00,peak,10.0,1976.5360134840012,0.3238525390625,640.1062065152655,False,True,0.9123408109726151,1.029999353018925,12,0,18,1.4241987385493404,l(r:p1udt175lv-p1ulv493),294.7220267234045,8293.21854662455,True,0.967324105867497,1.029999473268226,0,0,18,0.9999985944289157,recloser_disswitch(r:p1udt228-p1udt62)p1u_12237,178.54106448160283,6840.639115712059
10,49081,2023-08-08T18:00,peak,1.0,184.03811740875244,1.0,184.03811740875244,True,True,0.9841282917856726,1.0299995124054526,0,0,18,0.9380915287305759,recloser_disswitch(r:p1udt228-p1udt62)p1u_12237,149.76085364419205,6355.918190725381,True,0.9841282917856726,1.0299995124054526,0,0,18,0.9380915287305759,recloser_disswitch(r:p1udt228-p1udt62)p1u_12237,149.76085364419205,6355.918190725381
10,49081,2023-08-08T18:00,peak,3.0,552.1143522262573,1.0,552.1143522262573,True,True,0.9704071773669264,1.029999481024969,0,0,18,0.9896539375098782,recloser_disswitch(r:p1udt228-p1udt62)p1u_12237,171.6460847385044,6745.609127219914,True,0.9704071773669264,1.029999481024969,0,0,18,0.9896539375098782,recloser_disswitch(r:p1udt228-p1udt62)p1u_12237,171.6460847385044,6745.609127219914
10,49081,2023-08-08T18:00,peak,5.0,920.1905870437622,0.67706298828125,623.0269886521273,False,True,0.956105402097026,1.0299994490443452,0,0,18,1.150230915208564,l(r:p1udt175lv-p1ulv493),196.732668384583,7138.896805772439,True,0.9676941621522576,1.0299994748981092,0,0,18,0.9999919673234897,l(r:p1udt175lv-p1ulv493),176.23293038538773,6821.250626291236
10,49081,2023-08-08T18:00,peak,10.0,1840.3811740875244,0.3385009765625,622.9708246758673,False,True,0.9174203393028185,1.029999366413935,6,0,18,1.6248706671159483,l(r:p1udt175lv-p1ulv493),274.7201756473062,8137.070274683377,True,0.9676962818696273,1.0299994749028734,0,0,18,0.9999639834889078,l(r:p1udt175lv-p1ulv493),176.22929853388757,6821.191813941919
10,49289,2023-08-17T10:00,peak,1.0,186.71374398469925,1.0,186.71374398469925,True,True,0.9866855411242813,1.029999512216192,0,0,18,0.9383172810986902,recloser_disswitch(r:p1udt228-p1udt62)p1u_12237,149.79881971983883,6358.6201524533435,True,0.9866855411242813,1.029999512216192,0,0,18,0.9383172810986902,recloser_disswitch(r:p1udt228-p1udt62)p1u_12237,149.79881971983883,6358.6201524533435
10,49289,2023-08-17T10:00,peak,3.0,560.1412319540977,1.0,560.1412319540977,True,True,0.9783259104906327,1.029999480505319,0,0,18,0.99027337731641,recloser_disswitch(r:p1udt228-p1udt62)p1u_12237,171.48080662384945,6753.481587570104,True,0.9783259104906327,1.029999480505319,0,0,18,0.99027337731641,recloser_disswitch(r:p1udt228-p1udt62)p1u_12237,171.48080662384945,6753.481587570104
10,49289,2023-08-17T10:00,peak,5.0,933.5687199234962,0.6741943359375,629.4067431808435,False,True,0.9697634793130729,1.0299994482917831,0,0,18,1.1316977316804115,l(r:p1udt175lv-p1ulv493),195.91503476586846,7151.299517770846,True,0.9767508304613671,1.029999474555103,0,0,18,0.9999922611499152,recloser_disswitch(r:p1udt228-p1udt62)p1u_12237,175.8104949639159,6827.207027984594
10,49289,2023-08-17T10:00,peak,10.0,1867.1374398469925,0.33709716796875,629.4067431808435,False,True,0.9473921566320268,1.0299993654895148,6,0,18,1.5868190563827245,l(r:p1udt175lv-p1ulv493),269.7409489703894,8158.7612944255325,True,0.9767508304613671,1.029999474555103,0,0,18,0.9999922611499152,recloser_disswitch(r:p1udt228-p1udt62)p1u_12237,175.8104949639159,6827.207027984594
10,49408,2023-08-22T09:00,peak,1.0,197.64600601792336,1.0,197.64600601792336,True,True,0.983334818833715,1.0299995112062006,0,0,18,0.9358664242608135,recloser_disswitch(r:p1udt228-p1udt62)p1u_12237,150.71381100574797,6370.462364087464,True,0.983334818833715,1.0299995112062006,0,0,18,0.9358664242608135,recloser_disswitch(r:p1udt228-p1udt62)p1u_12237,150.71381100574797,6370.462364087464
10,49408,2023-08-22T09:00,peak,3.0,592.9380180537701,1.0,592.9380180537701,True,True,0.9679194565397854,1.029999477288532,0,0,18,0.9918065841887568,l(r:p1udm822-p1ulv579),175.1858249522255,6789.942319555785,True,0.9679194565397854,1.029999477288532,0,0,18,0.9918065841887568,l(r:p1udm822-p1ulv579),175.1858249522255,6789.942319555785
10,49408,2023-08-22T09:00,peak,5.0,988.2300300896168,0.6119384765625,604.7359791063536,False,True,0.9517593308686108,1.0299994425698429,0,0,18,1.2656431376730866,l(r:p1udm822-p1ulv579),203.84430098297295,7214.041672601676,True,0.9674423445102607,1.0299994762484097,0,0,18,0.9999657094156452,l(r:p1udm822-p1ulv579),175.98938625810487,6802.716486849623
10,49408,2023-08-22T09:00,peak,10.0,1976.4600601792336,0.30596923828125,604.7359791063536,False,True,0.9075005612742084,1.0299993520980473,6,0,18,1.9685082494937258,l(r:p1udm822-p1ulv579),295.8275820317622,8294.239327023262,True,0.9674423445102607,1.0299994762484097,0,0,18,0.9999657094156452,l(r:p1udm822-p1ulv579),175.98938625810487,6802.716486849623
10,49409,2023-08-22T10:00,peak,1.0,219.909832239151,1.0,219.909832239151,True,True,0.9831458392464045,1.0299995093189973,0,0,18,0.9398917381032333,recloser_disswitch(r:p1udt228-p1udt62)p1u_12237,152.09088807630098,6394.1056483838765,True,0.9831458392464045,1.0299995093189973,0,0,18,0.9398917381032333,recloser_disswitch(r:p1udt228-p1udt62)p1u_12237,152.09088807630098,6394.1056483838765
10,49409,2023-08-22T10:00,peak,3.0,659.729496717453,1.0,659.729496717453,True,True,0.9673315980434356,1.0299994715278575,0,0,18,0.995219863409319,recloser_disswitch(r:p1udt228-p1udt62)p1u_12237,179.95733164638082,6861.478817557844,True,0.9673315980434356,1.0299994715278575,0,0,18,0.995219863409319,recloser_disswitch(r:p1udt228-p1udt62)p1u_12237,179.95733164638082,6861.478817557844
10,49409,2023-08-22T10:00,peak,5.0,1099.549161195755,0.630859375,693.6608966137283,False,True,0.9507354570047616,1.0299994327865267,0,0,18,1.2451879690764354,l(r:p1udm822-p1ulv579),212.9199938731301,7334.432335054906,True,0.9660741252380114,1.029999468556502,0,0,18,0.9999970977278163,l(r:p1udm822-p1ulv579),182.3257703818269,6897.963453257961
10,49409,2023-08-22T10:00,peak,10.0,2199.09832239151,0.3154296875,693.6608966137283,False,True,0.9051810971085734,1.0299993315560483,12,0,18,1.926955996124916,l(r:p1udm822-p1ulv579),320.098352790811,8541.14115388525,True,0.9660741252380114,1.029999468556502,0,0,18,0.9999970977278163,l(r:p1udm822-p1ulv579),182.3257703818269,6897.963453257961
10,49410,2023-08-22T11:00,peak,1.0,204.56667828559875,1.0,204.56667828559875,True,True,0.9841788150573554,1.029999510680133,0,0,18,0.9381701808109113,recloser_disswitch(r:p1udt228-p1udt62)p1u_12237,150.95440663171595,6377.656480523706,True,0.9841788150573554,1.029999510680133,0,0,18,0.9381701808109113,recloser_disswitch(r:p1udt228-p1udt62)p1u_12237,150.95440663171595,6377.656480523706
10,49410,2023-08-22T11:00,peak,3.0,613.7000348567963,1.0,613.7000348567963,True,True,0.9705645663158785,1.029999475722226,0,0,18,0.989952593841214,recloser_disswitch(r:p1udt228-p1udt62)p1u_12237,175.97642672708272,6811.497437210295,True,0.9705645663158785,1.029999475722226,0,0,18,0.989952593841214,recloser_disswitch(r:p1udt228-p1udt62)p1u_12237,175.97642672708272,6811.497437210295
10,49410,2023-08-22T11:00,peak,5.0,1022.8333914279938,0.67669677734375,692.1480597389018,False,True,0.9563769804946303,1.0299994399687566,0,0,18,1.1805647275208333,l(r:p1udm822-p1ulv579),205.27305400666827,7250.07526989004,True,0.967885599299754,1.0299994689140346,0,0,18,0.9999958286009765,recloser_disswitch(r:p1udt228-p1udt62)p1u_12237,181.26461026629013,6895.40266376831
10,49410,2023-08-22T11:00,peak,10.0,2045.6667828559875,0.33831787109375,692.0856309430383,False,True,0.9180233061557197,1.0299993469791286,12,0,18,1.792953049241147,l(r:p1udm822-p1ulv579),299.0602141145218,8366.687929363801,True,0.9678877475580968,1.0299994689194867,0,0,18,0.9999877836353133,recloser_disswitch(r:p1udt228-p1udt62)p1u_12237,181.26032243932627,6895.335559010024
10,49458,2023-08-24T11:00,peak,1.0,192.7057340145111,1.0,192.7057340145111,True,True,0.9839136225749876,1.0299995116528398,0,0,18,0.940825081645821,recloser_disswitch(r:p1udt228-p1udt62)p1u_12237,150.63637802933061,6365.4702957506615,True,0.9839136225749876,1.0299995116528398,0,0,18,0.940825081645821,recloser_disswitch(r:p1udt228-p1udt62)p1u_12237,150.63637802933061,6365.4702957506615
10,49458,2023-08-24T11:00,peak,3.0,578.1172020435333,1.0,578.1172020435333,True,True,0.9697334980854881,1.0299994786607738,0,0,18,0.9980167009651968,recloser_disswitch(r:p1udt228-p1udt62)p1u_12237,175.0335083978558,6774.9775728989325,True,0.9697334980854881,1.0299994786607738,0,0,18,0.9980167009651968,recloser_disswitch(r:p1udt228-p1udt62)p1u_12237,175.0335083978558,6774.9775728989325
10,49458,2023-08-24T11:00,peak,5.0,963.5286700725555,0.613525390625,591.1493036846514,False,True,0.9549259907616068,1.0299994449052912,0,0,18,1.177845792408612,l(r:p1udt175lv-p1ulv493),203.7250544854243,7189.22323936026,True,0.9692383134049138,1.0299994775171266,0,0,18,0.9999928464438781,recloser_disswitch(r:p1udt228-p1udt62)p1u_12237,175.94175823154032,6789.082902215449
10,49458,2023-08-24T11:00,peak,10.0,1927.057340145111,0.3067626953125,591.1493036846514,False,True,0.9147202075475501,1.0299993570399306,12,0,18,1.6818744127760812,l(r:p1udt175lv-p1ulv493),296.1730728288307,8245.189727715177,True,0.9692383134049138,1.0299994775171266,0,0,18,0.9999928464438781,recloser_disswitch(r:p1udt228-p1udt62)p1u_12237,175.94175823154032,6789.082902215449
10,49459,2023-08-24T12:00,peak,1.0,189.81134700775146,1.0,189.81134700775146,True,True,0.9830768085643031,1.029999511891908,0,0,18,0.9385966520886203,recloser_disswitch(r:p1udt228-p1udt62)p1u_12237,150.5132612937717,6362.430668637456,True,0.9830768085643031,1.029999511891908,0,0,18,0.9385966520886203,recloser_disswitch(r:p1udt228-p1udt62)p1u_12237,150.5132612937717,6362.430668637456
10,49459,2023-08-24T12:00,peak,3.0,569.4340410232544,1.0,569.4340410232544,True,True,0.967107350769237,1.0299994793593,0,0,18,0.9913256845638421,recloser_disswitch(r:p1udt228-p1udt62)p1u_12237,174.76089847150618,6766.01764038362,True,0.967107350769237,1.0299994793593,0,0,18,0.9913256845638421,recloser_disswitch(r:p1udt228-p1udt62)p1u_12237,174.76089847150618,6766.01764038362
10,49459,2023-08-24T12:00,peak,5.0,949.0567350387573,0.6649169921875,631.0439496772597,False,True,0.9503298299990467,1.0299994460397817,0,0,18,1.044954423130749,recloser_disswitch(r:p1udt228-p1udt62)p1u_12237,203.46974483921912,7174.493772214917,True,0.9644355115669503,1.0299994739911986,0,0,18,0.999993413507351,recloser_disswitch(r:p1udt228-p1udt62)p1u_12237,179.1184688739811,6832.152052786481
10,49459,2023-08-24T12:00,peak,10.0,1898.1134700775146,0.33245849609375,631.0439496772597,False,True,0.9041605505105729,1.029999359080162,12,0,18,1.380823917823405,l(r:p1udm822-p1ulv579),297.1841603769491,8217.24635725168,True,0.9644355115669503,1.0299994739911986,0,0,18,0.999993413507351,recloser_disswitch(r:p1udt228-p1udt62)p1u_12237,179.1184688739811,6832.152052786481
10,49553,2023-08-28T10:00,peak,1.0,197.9076976776123,1.0,197.9076976776123,True,True,0.9854231101396239,1.0299995112489566,0,0,18,0.9384873099074316,recloser_disswitch(r:p1udt228-p1udt62)p1u_12237,150.48462531149477,6370.509105806954,True,0.9854231101396239,1.0299995112489566,0,0,18,0.9384873099074316,recloser_disswitch(r:p1udt228-p1udt62)p1u_12237,150.48462531149477,6370.509105806954
10,49553,2023-08-28T10:00,peak,3.0,593.7230930328369,1.0,593.7230930328369,True,True,0.9744373912733411,1.0299994775578118,0,0,18,0.9907908448259257,recloser_disswitch(r:p1udt228-p1udt62)p1u_12237,173.77236547584465,6789.338300690659,True,0.9744373912733411,1.0299994775578118,0,0,18,0.9907908448259257,recloser_disswitch(r:p1udt228-p1udt62)p1u_12237,173.77236547584465,6789.338300690659
10,49553,2023-08-28T10:00,peak,5.0,989.5384883880615,0.66973876953125,662.7322896168334,False,True,0.9630987989259984,1.029999443292062,0,0,18,1.1142953179813797,l(r:p1udt175lv-p1ulv493),200.15143681109427,7211.478644610096,True,0.9724828949212624,1.029999471610301,0,0,18,0.9999926428998134,recloser_disswitch(r:p1udt228-p1udt62)p1u_12237,178.1550356994162,6862.87804606155
10,49553,2023-08-28T10:00,peak,10.0,1979.076976776123,0.3348388671875,662.6718929805793,False,True,0.9330092011624443,1.0299993550067,6,0,18,1.5813386900232638,l(r:p1udm822-p1ulv579),280.54356888716,8281.467379434253,True,0.9724846474733527,1.0299994716156542,0,0,18,0.9999843499487425,recloser_disswitch(r:p1udt228-p1udt62)p1u_12237,178.15105212462188,6862.811977557391
10,49846,2023-09-09T15:00,random,1.0,30.41227789223194,1.0,30.41227789223194,True,True,0.9891160411506292,1.0299995253270922,0,0,18,0.9168050257614784,recloser_disswitch(r:p1udt228-p1udt62)p1u_12237,141.65278333762222,6194.20440602927,True,0.9891160411506292,1.0299995253270922,0,0,18,0.9168050257614784,recloser_disswitch(r:p1udt228-p1udt62)p1u_12237,141.65278333762222,6194.20440602927
10,49846,2023-09-09T15:00,random,3.0,91.23683367669582,1.0,91.23683367669582,True,True,0.9867401992631222,1.0299995201672252,0,0,18,0.9254016301437392,recloser_disswitch(r:p1udt228-p1udt62)p1u_12237,145.17474073410034,6258.384806611784,True,0.9867401992631222,1.0299995201672252,0,0,18,0.9254016301437392,recloser_disswitch(r:p1udt228-p1udt62)p1u_12237,145.17474073410034,6258.384806611784
10,49846,2023-09-09T15:00,random,5.0,152.0613894611597,1.0,152.0613894611597,True,True,0.9840078633155074,1.0299995149647845,0,0,18,0.9340566581565912,recloser_disswitch(r:p1udt228-p1udt62)p1u_12237,148.87194296796906,6322.904620445737,True,0.9840078633155074,1.0299995149647845,0,0,18,0.9340566581565912,recloser_disswitch(r:p1udt228-p1udt62)p1u_12237,148.87194296796906,6322.904620445737
10,49846,2023-09-09T15:00,random,10.0,304.1227789223194,1.0,304.1227789223194,True,True,0.977078702327864,1.0299995018321664,0,0,18,0.9558377571631215,recloser_disswitch(r:p1udt228-p1udt62)p1u_12237,158.86239839222102,6484.914516609066,True,0.977078702327864,1.0299995018321664,0,0,18,0.9558377571631215,recloser_disswitch(r:p1udt228-p1udt62)p1u_12237,158.86239839222102,6484.914516609066
10,50168,2023-09-23T01:00,random,1.0,8.444974184036255,1.0,8.444974184036255,True,True,0.989258737622397,1.029999527212762,0,0,18,0.9133591548377796,recloser_disswitch(r:p1udt228-p1udt62)p1u_12237,140.31191452593902,6170.8213709269485,True,0.989258737622397,1.029999527212762,0,0,18,0.9133591548377796,recloser_disswitch(r:p1udt228-p1udt62)p1u_12237,140.31191452593902,6170.8213709269485
10,50168,2023-09-23T01:00,random,3.0,25.334922552108765,1.0,25.334922552108765,True,True,0.9891830260145549,1.029999525829484,0,0,18,0.9150687362522014,recloser_disswitch(r:p1udt228-p1udt62)p1u_12237,141.03998395834194,6188.312801890699,True,0.9891830260145549,1.029999525829484,0,0,18,0.9150687362522014,recloser_disswitch(r:p1udt228-p1udt62)p1u_12237,141.03998395834194,6188.312801890699
10,50168,2023-09-23T01:00,random,5.0,42.224870920181274,1.0,42.224870920181274,True,True,0.9891062126048347,1.0299995244349787,0,0,18,0.9167974388667797,recloser_disswitch(r:p1udt228-p1udt62)p1u_12237,141.77796759884285,6205.939727286585,True,0.9891062126048347,1.0299995244349787,0,0,18,0.9167974388667797,recloser_disswitch(r:p1udt228-p1udt62)p1u_12237,141.77796759884285,6205.939727286585
10,50168,2023-09-23T01:00,random,10.0,84.44974184036255,1.0,84.44974184036255,True,True,0.9889146061704599,1.0299995209515047,0,0,18,0.9211090161728634,recloser_disswitch(r:p1udt228-p1udt62)p1u_12237,143.6376574782103,6249.9406924552695,True,0.9889146061704599,1.0299995209515047,0,0,18,0.9211090161728634,recloser_disswitch(r:p1udt228-p1udt62)p1u_12237,143.6376574782103,6249.9406924552695
10,51647,2023-11-23T16:00,random,1.0,17.233353793621063,1.0,17.233353793621063,True,True,0.9892118222691544,1.0299995264886832,0,0,18,0.915334494130992,recloser_disswitch(r:p1udt228-p1udt62)p1u_12237,140.67611081658958,6180.1115420656915,True,0.9892118222691544,1.0299995264886832,0,0,18,0.915334494130992,recloser_disswitch(r:p1udt228-p1udt62)p1u_12237,140.67611081658958,6180.1115420656915
10,51647,2023-11-23T16:00,random,3.0,51.70006138086319,1.0,51.70006138086319,True,True,0.9890458403370953,1.0299995236944288,0,0,18,0.920932140791789,recloser_disswitch(r:p1udt228-p1udt62)p1u_12237,142.11655441260794,6215.708571422615,True,0.9890458403370953,1.0299995236944288,0,0,18,0.920932140791789,recloser_disswitch(r:p1udt228-p1udt62)p1u_12237,142.11655441260794,6215.708571422615
10,51647,2023-11-23T16:00,random,5.0,86.16676896810532,1.0,86.16676896810532,True,True,0.9888772557953474,1.0299995208732347,0,0,18,0.9265769400339627,recloser_disswitch(r:p1udt228-p1udt62)p1u_12237,143.581064968857,6251.63790040958,True,0.9888772557953474,1.0299995208732347,0,0,18,0.9265769400339627,recloser_disswitch(r:p1udt228-p1udt62)p1u_12237,143.581064968857,6251.63790040958
10,51647,2023-11-23T16:00,random,10.0,172.33353793621063,1.0,172.33353793621063,True,True,0.9884566730988842,1.029999513825742,0,0,18,0.9406744919958326,recloser_disswitch(r:p1udt228-p1udt62)p1u_12237,147.28007343019524,6341.348307496483,True,0.9884566730988842,1.029999513825742,0,0,18,0.9406744919958326,recloser_disswitch(r:p1udt228-p1udt62)p1u_12237,147.28007343019524,6341.348307496483
11,44103,2023-01-13T08:00,random,1.0,79.95436143875122,1.0,79.95436143875122,True,True,0.9883975181046248,1.0299995211057595,0,0,18,0.9199036171401055,recloser_disswitch(r:p1udt228-p1udt62)p1u_12237,144.34584841993853,6246.428615941709,True,0.9883975181046248,1.0299995211057595,0,0,18,0.9199036171401055,recloser_disswitch(r:p1udt228-p1udt62)p1u_12237,144.34584841993853,6246.428615941709
11,44103,2023-01-13T08:00,random,3.0,239.86308431625366,1.0,239.86308431625366,True,True,0.9852595859134136,1.0299995074085941,0,0,18,0.9347251341041902,recloser_disswitch(r:p1udt228-p1udt62)p1u_12237,153.68570518750474,6415.485030268662,True,0.9852595859134136,1.0299995074085941,0,0,18,0.9347251341041902,recloser_disswitch(r:p1udt228-p1udt62)p1u_12237,153.68570518750474,6415.485030268662
11,44103,2023-01-13T08:00,random,5.0,399.7718071937561,0.983642578125,393.2325710897567,False,True,0.9802339736146226,1.0299994935393593,0,0,18,1.006867703671872,l(r:p1udm822-p1ulv579),163.7877702991826,6585.4833629082195,True,0.9804399515897289,1.0299994941037804,0,0,18,0.9999754004321628,l(r:p1udm822-p1ulv579),163.36316459025653,6578.586729843075
11,44103,2023-01-13T08:00,random,10.0,799.5436143875122,0.4918212890625,393.2325710897567,False,True,0.9673350552169627,1.0299994581684828,0,0,18,1.4338785512064194,l(r:p1udm822-p1ulv579),192.45253892992608,7013.720642087916,True,0.9804399515897289,1.0299994941037804,0,0,18,0.9999754004321628,l(r:p1udm822-p1ulv579),163.36316459025653,6578.586729843075
11,44752,2023-02-09T09:00,random,1.0,125.63688196241856,1.0,125.63688196241856,True,True,0.9872030477709067,1.0299995172572254,0,0,18,0.9275650527685738,recloser_disswitch(r:p1udt228-p1udt62)p1u_12237,146.8028852047708,6294.508394815621,True,0.9872030477709067,1.0299995172572254,0,0,18,0.9275650527685738,recloser_disswitch(r:p1udt228-p1udt62)p1u_12237,146.8028852047708,6294.508394815621
11,44752,2023-02-09T09:00,random,3.0,376.91064588725567,1.0,376.91064588725567,True,True,0.9826371334067948,1.029999495751071,0,0,18,0.9589458059382715,l(r:p1udt175lv-p1ulv493),161.61539927205325,6560.42587871184,True,0.9826371334067948,1.029999495751071,0,0,18,0.9589458059382715,l(r:p1udt175lv-p1ulv493),161.61539927205325,6560.42587871184
11,44752,2023-02-09T09:00,random,5.0,628.1844098120928,0.69049072265625,433.75550709254185,False,True,0.9762302525175778,1.0299994739363068,0,0,18,1.1408976143061518,l(r:p1udt175lv-p1ulv493),177.9494485534603,6828.007871974773,True,0.9811971400845838,1.0299994908337982,0,0,18,0.9999768866173447,l(r:p1udt175lv-p1ulv493),165.18157213579636,6620.927680387876
11,44752,2023-02-09T09:00,random,10.0,1256.3688196241856,0.34521484375,433.71716575893515,False,True,0.9596453896219435,1.0299994180296086,0,0,18,1.6043608529728608,l(r:p1udt175lv-p1ulv493),225.73081367990682,7504.0297062772,True,0.9811981647660324,1.029999490837435,0,0,18,0.9999478863898273,l(r:p1udt175lv-p1ulv493),165.17894578448212,6620.883067056814
11,46073,2023-04-05T10:00,peak,1.0,190.9374189376831,1.0,190.9374189376831,True,True,0.985651962507591,1.029999511688579,0,0,18,0.9345836053141552,recloser_disswitch(r:p1udt228-p1udt62)p1u_12237,150.64701774862925,6363.6455054213875,True,0.985651962507591,1.029999511688579,0,0,18,0.9345836053141552,recloser_disswitch(r:p1udt228-p1udt62)p1u_12237,150.64701774862925,6363.6455054213875
11,46073,2023-04-05T10:00,peak,3.0,572.8122568130493,0.4635009765625,265.4990404198179,False,True,0.9711889415201073,1.0299994785510778,0,0,18,1.3655145439957106,l(r:p1udt175lv-p1ulv493),175.75401514394548,6770.356066137969,True,0.9828760390735399,1.0299995052961899,0,0,18,0.9999852376033795,l(r:p1udt175lv-p1ulv493),155.15281895975477,6442.642627788495
11,46073,2023-04-05T10:00,peak,5.0,954.6870946884155,0.278076171875,265.47573262942024,False,True,0.9560598642854534,1.0299994443595573,0,0,18,1.8299895067786713,l(r:p1udt175lv-p1ulv493),206.14723832137457,7182.770882843664,True,0.9828769398515154,1.0299995052983353,0,0,18,0.9999569515448525,l(r:p1udt175lv-p1ulv493),155.15130280517866,6442.616190163979
11,46073,2023-04-05T10:00,peak,10.0,1909.374189376831,0.1390380859375,265.47573262942024,False,True,0.9148155318618942,1.0299993539248578,12,0,18,3.047564725174886,l(r:p1udt175lv-p1ulv493),308.0531998843433,8239.349864787466,True,0.9828769398515154,1.0299995052983353,0,0,18,0.9999569515448525,l(r:p1udt175lv-p1ulv493),155.15130280517866,6442.616190163979
11,46294,2023-04-14T15:00,random,1.0,91.37446284294128,1.0,91.37446284294128,True,True,0.9865206438474056,1.0299995202577126,0,0,18,0.9264390176152963,recloser_disswitch(r:p1udt228-p1udt62)p1u_12237,144.75690547697062,6258.166710917372,True,0.9865206438474056,1.0299995202577126,0,0,18,0.9264390176152963,recloser_disswitch(r:p1udt228-p1udt62)p1u_12237,144.75690547697062,6258.166710917372
11,46294,2023-04-14T15:00,random,3.0,274.12338852882385,1.0,274.12338852882385,True,True,0.977804894198617,1.0299995048214243,0,0,18,0.954485461902769,recloser_disswitch(r:p1udt228-p1udt62)p1u_12237,155.1970550546273,6451.251831031953,True,0.977804894198617,1.0299995048214243,0,0,18,0.954485461902769,recloser_disswitch(r:p1udt228-p1udt62)p1u_12237,155.1970550546273,6451.251831031953
11,46294,2023-04-14T15:00,random,5.0,456.8723142147064,1.0,456.8723142147064,True,True,0.968857381259701,1.0299994891887636,0,0,18,0.9827740817722196,recloser_disswitch(r:p1udt228-p1udt62)p1u_12237,166.77570134946063,6645.562644308473,True,0.968857381259701,1.0299994891887636,0,0,18,0.9827740817722196,recloser_disswitch(r:p1udt228-p1udt62)p1u_12237,166.77570134946063,6645.562644308473
11,46294,2023-04-14T15:00,random,10.0,913.7446284294128,0.620849609375,567.2979956289055,False,True,0.9453647306149697,1.0299994492149582,6,0,18,1.140733434628215,l(r:p1udt175lv-p1ulv493),201.03428688169714,7136.736048971123,True,0.9633282825373867,1.0299994796399319,0,0,18,0.9999966667998937,recloser_disswitch(r:p1udt228-p1udt62)p1u_12237,174.3481379671929,6763.635074222426
11,46385,2023-04-18T10:00,peak,1.0,188.02274084091187,1.0,188.02274084091187,True,True,0.985319477875891,1.0299995119104661,0,0,18,0.9338189264068663,recloser_disswitch(r:p1udt228-p1udt62)p1u_12237,150.6066753495475,6360.715791704445,True,0.985319477875891,1.0299995119104661,0,0,18,0.9338189264068663,recloser_disswitch(r:p1udt228-p1udt62)p1u_12237,150.6066753495475,6360.715791704445
11,46385,2023-04-18T10:00,peak,3.0,564.0682225227356,0.96514892578125,544.4098390351573,False,True,0.9723500522606908,1.0299994793000886,0,0,18,1.0149641151015059,l(r:p1udm822-p1ulv579),175.3545878330001,6761.2283653030945,True,0.9730746403456706,1.0299994810112445,0,0,18,0.9999837112491989,l(r:p1udm822-p1ulv579),173.95336592136562,6740.35383319757
11,46385,2023-04-18T10:00,peak,5.0,940.1137042045593,0.5791015625,544.4213150325231,False,True,0.958090299144438,1.029999445748256,0,0,18,1.304713999456992,l(r:p1udm822-p1ulv579),204.98659918106497,7167.063910558207,True,0.973074072277193,1.0299994810096973,0,0,18,0.9999942591235179,l(r:p1udm822-p1ulv579),173.9545589383029,6740.372513710852
11,46385,2023-04-18T10:00,peak,10.0,1880.2274084091187,0.28955078125,544.4213150325231,False,True,0.9194620417336209,1.0299993575073647,21,0,18,2.0493550667480283,l(r:p1udm822-p1ulv579),302.85226253772925,8205.028777505933,True,0.973074072277193,1.0299994810096973,0,0,18,0.9999942591235179,l(r:p1udm822-p1ulv579),173.9545589383029,6740.372513710852
11,46413,2023-04-19T14:00,random,1.0,57.698155641555786,1.0,57.698155641555786,True,True,0.9883047052487205,1.0299995230064611,0,0,18,0.9180856630060106,recloser_disswitch(r:p1udt228-p1udt62)p1u_12237,143.06789946914253,6222.886947365696,True,0.9883047052487205,1.0299995230064611,0,0,18,0.9180856630060106,recloser_disswitch(r:p1udt228-p1udt62)p1u_12237,143.06789946914253,6222.886947365696
11,46413,2023-04-19T14:00,random,3.0,173.09446692466736,1.0,173.09446692466736,True,True,0.9863077812946779,1.0299995131647108,0,0,18,0.9292628231819106,recloser_disswitch(r:p1udt228-p1udt62)p1u_12237,149.57833196110994,6344.6276486306915,True,0.9863077812946779,1.0299995131647108,0,0,18,0.9292628231819106,recloser_disswitch(r:p1udt228-p1udt62)p1u_12237,149.57833196110994,6344.6276486306915
11,46413,2023-04-19T14:00,random,5.0,288.49077820777893,1.0,288.49077820777893,True,True,0.984287760496832,1.0299995032296145,0,0,18,0.9405149968886615,recloser_disswitch(r:p1udt228-p1udt62)p1u_12237,156.47568328735514,6466.915410732367,True,0.984287760496832,1.0299995032296145,0,0,18,0.9405149968886615,recloser_disswitch(r:p1udt228-p1udt62)p1u_12237,156.47568328735514,6466.915410732367
11,46413,2023-04-19T14:00,random,10.0,576.9815564155579,0.66217041015625,382.06011386428145,False,True,0.9768848156650429,1.0299994780414632,0,0,18,1.160397727096386,l(r:p1udt175lv-p1ulv493),175.41307009382538,6774.239532134339,True,0.9820782889867625,1.0299994951100067,0,0,18,0.9999905752056082,l(r:p1udt175lv-p1ulv493),162.3534721234859,6566.40418848263
11,46948,2023-05-11T21:00,random,1.0,43.385165214538574,1.0,43.385165214538574,True,True,0.9878688001342754,1.0299995243023594,0,0,18,0.9182487616222689,recloser_disswitch(r:p1udt228-p1udt62)p1u_12237,142.0461358778115,6207.510672992866,True,0.9878688001342754,1.0299995243023594,0,0,18,0.9182487616222689,recloser_disswitch(r:p1udt228-p1udt62)p1u_12237,142.0461358778115,6207.510672992866
11,46948,2023-05-11T21:00,random,3.0,130.15549564361572,1.0,130.15549564361572,True,True,0.9849954788411976,1.0299995170794567,0,0,18,0.9297562939722968,recloser_disswitch(r:p1udt228-p1udt62)p1u_12237,146.3550127882725,6298.480716030076,True,0.9849954788411976,1.0299995170794567,0,0,18,0.9297562939722968,recloser_disswitch(r:p1udt228-p1udt62)p1u_12237,146.3550127882725,6298.480716030076
11,46948,2023-05-11T21:00,random,5.0,216.92582607269287,1.0,216.92582607269287,True,True,0.982095628252973,1.0299995098200316,0,0,18,0.9413078433513177,recloser_disswitch(r:p1udt228-p1udt62)p1u_12237,150.82558865286813,6389.719563361026,True,0.982095628252973,1.0299995098200316,0,0,18,0.9413078433513177,recloser_disswitch(r:p1udt228-p1udt62)p1u_12237,150.82558865286813,6389.719563361026
11,46948,2023-05-11T21:00,random,10.0,433.85165214538574,1.0,433.85165214538574,True,True,0.9747329565742167,1.0299994915515738,0,0,18,0.970304815483266,recloser_disswitch(r:p1udt228-p1udt62)p1u_12237,162.69904607103325,6618.471496483223,True,0.9747329565742167,1.0299994915515738,0,0,18,0.970304815483266,recloser_disswitch(r:p1udt228-p1udt62)p1u_12237,162.69904607103325,6618.471496483223
11,47304,2023-05-26T17:00,random,1.0,83.14106774330139,1.0,83.14106774330139,True,True,0.988712566788288,1.0299995209334625,0,0,18,0.9248392567774362,recloser_disswitch(r:p1udt228-p1udt62)p1u_12237,144.28276817303967,6249.488889540773,True,0.988712566788288,1.0299995209334625,0,0,18,0.9248392567774362,recloser_disswitch(r:p1udt228-p1udt62)p1u_12237,144.28276817303967,6249.488889540773
11,47304,2023-05-26T17:00,random,3.0,249.42320322990417,1.0,249.42320322990417,True,True,0.9807004802003808,1.0299995068974954,0,0,18,0.9496200024021478,recloser_disswitch(r:p1udt228-p1udt62)p1u_12237,153.51630328276565,6424.8813131090965,True,0.9807004802003808,1.0299995068974954,0,0,18,0.9496200024021478,recloser_disswitch(r:p1udt228-p1udt62)p1u_12237,153.51630328276565,6424.8813131090965
11,47304,2023-05-26T17:00,random,5.0,415.70533871650696,1.0,415.70533871650696,True,True,0.972491386887205,1.029999492722031,0,0,18,0.9745713290530541,recloser_disswitch(r:p1udt228-p1udt62)p1u_12237,163.535107747181,6601.171497351575,True,0.972491386887205,1.029999492722031,0,0,18,0.9745713290530541,recloser_disswitch(r:p1udt228-p1udt62)p1u_12237,163.535107747181,6601.171497351575
11,47304,2023-05-26T17:00,random,10.0,831.4106774330139,0.702392578125,583.9766892028274,False,True,0.9510537109696783,1.0299994566736645,0,0,18,1.037676584264511,recloser_disswitch(r:p1udt228-p1udt62)p1u_12237,192.20863922289993,7045.5882215790525,True,0.9639753351040667,1.029999478232874,0,0,18,0.9999955814935791,recloser_disswitch(r:p1udt228-p1udt62)p1u_12237,174.50362045641836,6780.471900913576
11,47458,2023-06-02T03:00,random,1.0,11.082432746887207,1.0,11.082432746887207,True,True,0.9878230203110487,1.029999526951594,0,0,18,0.9143742208787922,recloser_disswitch(r:p1udt228-p1udt62)p1u_12237,140.68799975980886,6173.889997817327,True,0.9878230203110487,1.029999526951594,0,0,18,0.9143742208787922,recloser_disswitch(r:p1udt228-p1udt62)p1u_12237,140.68799975980886,6173.889997817327
11,47458,2023-06-02T03:00,random,3.0,33.24729824066162,1.0,33.24729824066162,True,True,0.9848550928756207,1.0299995250422203,0,0,18,0.9181116720386663,recloser_disswitch(r:p1udt228-p1udt62)p1u_12237,142.2417110076345,6197.470481471903,True,0.9848550928756207,1.0299995250422203,0,0,18,0.9181116720386663,recloser_disswitch(r:p1udt228-p1udt62)p1u_12237,142.2417110076345,6197.470481471903
11,47458,2023-06-02T03:00,random,5.0,55.412163734436035,1.0,55.412163734436035,True,True,0.981855443356928,1.0299995231021264,0,0,18,0.9218935793352108,recloser_disswitch(r:p1udt228-p1udt62)p1u_12237,143.91319454250674,6221.305294854625,True,0.981855443356928,1.0299995231021264,0,0,18,0.9218935793352108,recloser_disswitch(r:p1udt228-p1udt62)p1u_12237,143.91319454250674,6221.305294854625
11,47458,2023-06-02T03:00,random,10.0,110.82432746887207,1.0,110.82432746887207,True,True,0.974220124541168,1.029999518166074,0,0,18,0.9314502979157855,recloser_disswitch(r:p1udt228-p1udt62)p1u_12237,148.59288129748842,6281.370447322172,True,0.974220124541168,1.029999518166074,0,0,18,0.9314502979157855,recloser_disswitch(r:p1udt228-p1udt62)p1u_12237,148.59288129748842,6281.370447322172
11,47868,2023-06-19T05:00,random,1.0,3.571868658065796,1.0,3.571868658065796,True,True,0.9890413046620119,1.029999527609008,0,0,18,0.9129328212330287,recloser_disswitch(r:p1udt228-p1udt62)p1u_12237,140.15062255812046,6165.749002848944,True,0.9890413046620119,1.029999527609008,0,0,18,0.9129328212330287,recloser_disswitch(r:p1udt228-p1udt62)p1u_12237,140.15062255812046,6165.749002848944
11,47868,2023-06-19T05:00,random,3.0,10.715605974197388,1.0,10.715605974197388,True,True,0.9885303124873179,1.02999952700699,0,0,18,0.9138104260947,recloser_disswitch(r:p1udt228-p1udt62)p1u_12237,140.5644248260746,6173.237006427848,True,0.9885303124873179,1.02999952700699,0,0,18,0.9138104260947,recloser_disswitch(r:p1udt228-p1udt62)p1u_12237,140.5644248260746,6173.237006427848
11,47868,2023-06-19T05:00,random,5.0,17.85934329032898,1.0,17.85934329032898,True,True,0.9880161571589811,1.02999952639802,0,0,18,0.914700085658489,recloser_disswitch(r:p1udt228-p1udt62)p1u_12237,140.9890719632671,6180.804261625621,True,0.9880161571589811,1.02999952639802,0,0,18,0.914700085658489,recloser_disswitch(r:p1udt228-p1udt62)p1u_12237,140.9890719632671,6180.804261625621
11,47868,2023-06-19T05:00,random,10.0,35.71868658065796,1.0,35.71868658065796,True,True,0.9867251518759055,1.0299995248743692,0,0,18,0.9169226112833524,recloser_disswitch(r:p1udt228-p1udt62)p1u_12237,142.08155223360242,6199.6989140870965,True,0.9867251518759055,1.0299995248743692,0,0,18,0.9169226112833524,recloser_disswitch(r:p1udt228-p1udt62)p1u_12237,142.08155223360242,6199.6989140870965
11,48214,2023-07-03T15:00,random,1.0,73.25083684921265,1.0,73.25083684921265,True,True,0.9873190001875871,1.0299995217583688,0,0,18,0.9214473287794744,recloser_disswitch(r:p1udt228-p1udt62)p1u_12237,143.82804709777568,6238.937019558908,True,0.9873190001875871,1.0299995217583688,0,0,18,0.9214473287794744,recloser_disswitch(r:p1udt228-p1udt62)p1u_12237,143.82804709777568,6238.937019558908
11,48214,2023-07-03T15:00,random,3.0,219.75251054763794,1.0,219.75251054763794,True,True,0.9827075873291848,1.0299995093203522,0,0,18,0.9395181990045056,recloser_disswitch(r:p1udt228-p1udt62)p1u_12237,152.13676079280705,6393.833957000709,True,0.9827075873291848,1.0299995093203522,0,0,18,0.9395181990045056,recloser_disswitch(r:p1udt228-p1udt62)p1u_12237,152.13676079280705,6393.833957000709
11,48214,2023-07-03T15:00,random,5.0,366.25418424606323,1.0,366.25418424606323,True,True,0.9763462755574975,1.0299994967608816,0,0,18,0.9577004941734273,recloser_disswitch(r:p1udt228-p1udt62)p1u_12237,161.15520663255023,6549.3440648492,True,0.9763462755574975,1.0299994967608816,0,0,18,0.9577004941734273,recloser_disswitch(r:p1udt228-p1udt62)p1u_12237,161.15520663255023,6549.3440648492
11,48214,2023-07-03T15:00,random,10.0,732.5083684921265,0.79339599609375,581.1692066668184,False,True,0.9598778091578729,1.029999464783538,0,0,18,1.0817844354523753,l(r:p1udt175lv-p1ulv493),186.96056836306713,6941.240496361605,True,0.966779680454324,1.029999478087821,0,0,18,0.9999941703799833,l(r:p1udt175lv-p1ulv493),175.7265873862445,6778.885888003925
11,48449,2023-07-13T10:00,peak,1.0,185.93796157836914,1.0,185.93796157836914,True,True,0.9846588339517499,1.0299995121873529,0,0,18,0.9383345116041858,recloser_disswitch(r:p1udt228-p1udt62)p1u_12237,150.27044176850507,6358.316626475019,True,0.9846588339517499,1.0299995121873529,0,0,18,0.9383345116041858,recloser_disswitch(r:p1udt228-p1udt62)p1u_12237,150.27044176850507,6358.316626475019
11,48449,2023-07-13T10:00,peak,3.0,557.8138847351074,1.0,557.8138847351074,True,True,0.9732699145542802,1.0299994802960792,0,0,18,0.9904720274929654,recloser_disswitch(r:p1udt228-p1udt62)p1u_12237,173.60120829839425,6753.246911185911,True,0.9732699145542802,1.0299994802960792,0,0,18,0.9904720274929654,recloser_disswitch(r:p1udt228-p1udt62)p1u_12237,173.60120829839425,6753.246911185911
11,48449,2023-07-13T10:00,peak,5.0,929.6898078918457,0.624267578125,580.375204780139,False,True,0.9601712822233982,1.0299994477194443,0,0,18,1.1896790055827446,l(r:p1udt175lv-p1ulv493),200.71551893140793,7152.167182773455,True,0.9724854786128236,1.0299994783243829,0,0,18,0.999979288703368,l(r:p1udt175lv-p1ulv493),175.1460624453067,6777.513042382531
11,48449,2023-07-13T10:00,peak,10.0,1859.3796157836914,0.3121337890625,580.375204780139,False,True,0.9249466030682603,1.0299993630369864,21,0,18,1.7062358505847097,l(r:p1udt175lv-p1ulv493),286.6441468064468,8167.989502062032,True,0.9724854786128236,1.0299994783243829,0,0,18,0.999979288703368,l(r:p1udt175lv-p1ulv493),175.1460624453067,6777.513042382531
11,48450,2023-07-13T11:00,peak,1.0,197.65360134840012,1.0,197.65360134840012,True,True,0.986156882263616,1.0299995112328602,0,0,18,0.9378785236903574,recloser_disswitch(r:p1udt228-p1udt62)p1u_12237,150.653227624528,6370.411801580163,True,0.986156882263616,1.0299995112328602,0,0,18,0.9378785236903574,recloser_disswitch(r:p1udt228-p1udt62)p1u_12237,150.653227624528,6370.411801580163
11,48450,2023-07-13T11:00,peak,3.0,592.9608040452003,0.9749755859375,578.1223073619403,False,True,0.9766943029247601,1.029999477437404,0,0,18,1.0079875588816236,l(r:p1udt175lv-p1ulv493),174.66479404986012,6789.458508705736,True,0.9770516644961149,1.0299994787045421,0,0,18,0.9999860091010137,l(r:p1udt175lv-p1ulv493),173.70735402091253,6773.819633699088
11,48450,2023-07-13T11:00,peak,5.0,988.2680067420006,0.5849609375,578.098179725057,False,True,0.9669655621049242,1.0299994429707773,0,0,18,1.2237868094742725,l(r:p1udt175lv-p1ulv493),202.30844661330065,7212.338405460776,True,0.9770523398114086,1.0299994787070796,0,0,18,0.9999713688836009,l(r:p1udt175lv-p1ulv493),173.70549045686076,6773.788516728895
11,48450,2023-07-13T11:00,peak,10.0,1976.5360134840012,0.29248046875,578.098179725057,False,True,0.9413503392989222,1.0299993537058383,15,0,18,1.776499544734681,l(r:p1udt175lv-p1ulv493),288.48266198825365,8286.833580317336,True,0.9770523398114086,1.0299994787070796,0,0,18,0.9999713688836009,l(r:p1udt175lv-p1ulv493),173.70549045686076,6773.788516728895
11,49081,2023-08-08T18:00,peak,1.0,184.03811740875244,1.0,184.03811740875244,True,True,0.9847057944675985,1.0299995123389982,0,0,18,0.9338008542352519,recloser_disswitch(r:p1udt228-p1udt62)p1u_12237,150.01230737700112,6356.149035262062,True,0.9847057944675985,1.0299995123389982,0,0,18,0.9338008542352519,recloser_disswitch(r:p1udt228-p1udt62)p1u_12237,150.01230737700112,6356.149035262062
11,49081,2023-08-08T18:00,peak,3.0,552.1143522262573,1.0,552.1143522262573,True,True,0.9702695432718981,1.0299994806459498,0,0,18,0.9768855403849266,recloser_disswitch(r:p1udt228-p1udt62)p1u_12237,173.3021842260114,6747.238393939882,True,0.9702695432718981,1.0299994806459498,0,0,18,0.9768855403849266,recloser_disswitch(r:p1udt228-p1udt62)p1u_12237,173.3021842260114,6747.238393939882
11,49081,2023-08-08T18:00,peak,5.0,920.1905870437622,0.776611328125,714.6304339321796,False,True,0.9549021671942216,1.0299994480940649,0,0,18,1.1203483964141312,l(r:p1udm822-p1ulv579),201.1033390522637,7143.261051611066,True,0.9635721189132026,1.029999466368462,0,0,18,0.9999777985908752,l(r:p1udm822-p1ulv579),185.0108190230001,6921.633283188486
11,49081,2023-08-08T18:00,peak,10.0,1840.3811740875244,0.3883056640625,714.6304339321796,False,True,0.9128292479682987,1.0299993627227144,21,0,18,1.6709487453166847,l(r:p1udm822-p1ulv579),292.6789932598156,8155.015162186226,True,0.9635721189132026,1.029999466368462,0,0,18,0.9999777985908752,l(r:p1udm822-p1ulv579),185.0108190230001,6921.633283188486
11,49289,2023-08-17T10:00,peak,1.0,186.71374398469925,1.0,186.71374398469925,True,True,0.9844811301460531,1.0299995120800052,0,0,18,0.9383228442789248,recloser_disswitch(r:p1udt228-p1udt62)p1u_12237,150.4140776086957,6359.274779986114,True,0.9844811301460531,1.0299995120800052,0,0,18,0.9383228442789248,recloser_disswitch(r:p1udt228-p1udt62)p1u_12237,150.4140776086957,6359.274779986114
11,49289,2023-08-17T10:00,peak,3.0,560.1412319540977,0.63751220703125,357.0968730322602,False,True,0.9730321421204763,1.0299994799190955,0,0,18,1.1788051404122195,l(r:p1udt175lv-p1ulv493),174.28105504352263,6756.24000974487,True,0.9800091493098028,1.0299994974979034,0,0,18,0.9999788483266331,l(r:p1udt175lv-p1ulv493),160.8060161210181,6539.8934741830935
11,49289,2023-08-17T10:00,peak,5.0,933.5687199234962,0.38250732421875,357.0968730322602,False,True,0.9597472934724739,1.0299994469540785,0,0,18,1.5125586900899604,l(r:p1udt175lv-p1ulv493),202.31585802041306,7157.840398852351,True,0.9800091591099898,1.029999497497947,0,0,18,0.9999786437134414,l(r:p1udt175lv-p1ulv493),160.80599827972011,6539.89295048168
11,49289,2023-08-17T10:00,peak,10.0,1867.1374398469925,0.19122314453125,357.03989251956955,False,True,0.9239936260893782,1.0299993608993172,18,0,18,2.3762447379061955,l(r:p1udt175lv-p1ulv493),292.3595251333059,8181.450755599525,True,0.9800106504173698,1.029999497502772,0,0,18,0.9999290647362136,l(r:p1udt175lv-p1ulv493),160.80242994426362,6539.833335658067
11,49408,2023-08-22T09:00,peak,1.0,197.64600601792336,1.0,197.64600601792336,True,True,0.9862644335619455,1.0299995111727447,0,0,18,0.9389927459581319,recloser_disswitch(r:p1udt228-p1udt62)p1u_12237,150.91661329301576,6370.601936691104,True,0.9862644335619455,1.0299995111727447,0,0,18,0.9389927459581319,recloser_disswitch(r:p1udt228-p1udt62)p1u_12237,150.91661329301576,6370.601936691104
11,49408,2023-08-22T09:00,peak,3.0,592.9380180537701,0.584716796875,346.70081866181135,False,True,0.9783630771552588,1.0299994771923517,0,0,18,1.2235770121572926,l(r:p1udt175lv-p1ulv493),175.6471062331698,6790.402433229305,True,0.9839482577089382,1.0299994984394207,0,0,18,0.9999678956941687,l(r:p1udt175lv-p1ulv493),159.79936950179592,6528.4898204290475
11,49408,2023-08-22T09:00,peak,5.0,988.2300300896168,0.350830078125,346.70081866181135,False,True,0.9690997607712045,1.0299994424536603,0,0,18,1.5885575624073316,l(r:p1udt175lv-p1ulv493),204.28695318092056,7214.473383309933,True,0.9839482322896479,1.0299994984392469,0,0,18,0.9999687668945619,l(r:p1udt175lv-p1ulv493),159.79946471761812,6528.491924810682
11,49408,2023-08-22T09:00,peak,10.0,1976.4600601792336,0.1754150390625,346.70081866181135,False,True,0.944496149411307,1.0299993522224977,6,0,18,2.5357716152657064,l(r:p1udt175lv-p1ulv493),294.2627080195304,8292.449629377677,True,0.9839482322896479,1.0299994984392469,0,0,18,0.9999687668945619,l(r:p1udt175lv-p1ulv493),159.79946471761812,6528.491924810682
11,49409,2023-08-22T10:00,peak,1.0,219.909832239151,1.0,219.909832239151,True,True,0.9864351816470955,1.029999509273569,0,0,18,0.9392192869699248,recloser_disswitch(r:p1udt228-p1udt62)p1u_12237,152.1130371055085,6394.052380714995,True,0.9864351816470955,1.029999509273569,0,0,18,0.9392192869699248,recloser_disswitch(r:p1udt228-p1udt62)p1u_12237,152.1130371055085,6394.052380714995
11,49409,2023-08-22T10:00,peak,3.0,659.729496717453,0.6158447265625,406.2909315111756,False,True,0.9769842473644385,1.0299994713764113,0,0,18,1.1963150494233026,l(r:p1udt175lv-p1ulv493),179.7959547208352,6861.3156959360485,True,0.9830884519028751,1.0299994933142418,0,0,18,0.9999811210972676,l(r:p1udt175lv-p1ulv493),163.2924920950549,6591.574243900636
11,49409,2023-08-22T10:00,peak,5.0,1099.549161195755,0.3695068359375,406.2909315111756,False,True,0.9661279141622042,1.0299994325916437,0,0,18,1.5422730069457617,l(r:p1udt175lv-p1ulv493),212.1476737239456,7333.229906814935,True,0.9830884675151395,1.029999493314342,0,0,18,0.9999806796056776,l(r:p1udt175lv-p1ulv493),163.29243090764638,6591.573037081849
11,49409,2023-08-22T10:00,peak,10.0,2199.09832239151,0.18475341796875,406.2909315111756,False,True,0.9373382013155261,1.0299993313189522,12,0,18,2.440073770756928,l(r:p1udt175lv-p1ulv493),315.292170656768,8536.055063451928,True,0.9830884675151395,1.029999493314342,0,0,18,0.9999806796056776,l(r:p1udt175lv-p1ulv493),163.29243090764638,6591.573037081849
11,49410,2023-08-22T11:00,peak,1.0,204.56667828559875,1.0,204.56667828559875,True,True,0.9851778856063989,1.0299995104786803,0,0,18,0.9388441557382972,recloser_disswitch(r:p1udt228-p1udt62)p1u_12237,151.9148714832107,6378.528400535882,True,0.9851778856063989,1.0299995104786803,0,0,18,0.9388441557382972,recloser_disswitch(r:p1udt228-p1udt62)p1u_12237,151.9148714832107,6378.528400535882
11,49410,2023-08-22T11:00,peak,3.0,613.7000348567963,0.59716796875,366.4820032372372,False,True,0.9729946978110526,1.0299994749104064,0,0,18,1.2123614681119204,l(r:p1udt175lv-p1ulv493),179.82901503533623,6815.306008241559,True,0.9807911278572515,1.0299994965161139,0,0,18,0.9999864971481761,l(r:p1udt175lv-p1ulv493),162.31692098593405,6550.7875503428895
11,49410,2023-08-22T11:00,peak,5.0,1022.8333914279938,0.3582763671875,366.4570317188918,False,True,0.9596537489755045,1.0299994382793851,0,0,18,1.5696575914834434,l(r:p1udt175lv-p1ulv493),213.3842261772891,7258.160766830297,True,0.9807918898900612,1.0299994965181893,0,0,18,0.9999655573245462,l(r:p1udt175lv-p1ulv493),162.3153254092648,6550.762001974534
11,49410,2023-08-22T11:00,peak,10.0,2045.6667828559875,0.17913818359375,366.4570317188918,False,True,0.9236165545673852,1.029999341769118,30,0,18,2.497181198722645,l(r:p1udt175lv-p1ulv493),324.5984883410711,8392.20214274785,True,0.9807918898900612,1.0299994965181893,0,0,18,0.9999655573245462,l(r:p1udt175lv-p1ulv493),162.3153254092648,6550.762001974534
11,49458,2023-08-24T11:00,peak,1.0,192.7057340145111,1.0,192.7057340145111,True,True,0.9859349363980164,1.0299995115772629,0,0,18,0.9361700997812678,recloser_disswitch(r:p1udt228-p1udt62)p1u_12237,150.52472656725791,6365.279556418105,True,0.9859349363980164,1.0299995115772629,0,0,18,0.9361700997812678,recloser_disswitch(r:p1udt228-p1udt62)p1u_12237,150.52472656725791,6365.279556418105
11,49458,2023-08-24T11:00,peak,3.0,578.1172020435333,0.70147705078125,405.5359498954058,False,True,0.9767487568675874,1.0299994784056283,0,0,18,1.1336912031144495,l(r:p1udt175lv-p1ulv493),174.38938082777514,6774.329221663147,True,0.9813803846526489,1.0299994933412906,0,0,18,0.9999841605913897,l(r:p1udt175lv-p1ulv493),163.25130492694652,6590.777842258343
11,49458,2023-08-24T11:00,peak,5.0,963.5286700725555,0.4208984375,405.54771171999164,False,True,0.966162579172701,1.0299994445032248,0,0,18,1.436010597232366,l(r:p1udt175lv-p1ulv493),202.02830386090565,7187.201083856444,True,0.9813801507326724,1.0299994933407484,0,0,18,0.9999911941714164,l(r:p1udt175lv-p1ulv493),163.25175968463273,6590.7846583883165
11,49458,2023-08-24T11:00,peak,10.0,1927.057340145111,0.21044921875,405.54771171999164,False,True,0.9380648786683449,1.029999356251952,6,0,18,2.21646738046921,l(r:p1udt175lv-p1ulv493),289.0224702838244,8237.830110561237,True,0.9813801507326724,1.0299994933407484,0,0,18,0.9999911941714164,l(r:p1udt175lv-p1ulv493),163.25175968463273,6590.7846583883165
11,49459,2023-08-24T12:00,peak,1.0,189.81134700775146,1.0,189.81134700775146,True,True,0.9867973553192266,1.0299995118174847,0,0,18,0.9359826426904915,recloser_disswitch(r:p1udt228-p1udt62)p1u_12237,150.4497425135142,6362.31461150219,True,0.9867973553192266,1.0299995118174847,0,0,18,0.9359826426904915,recloser_disswitch(r:p1udt228-p1udt62)p1u_12237,150.4497425135142,6362.31461150219
11,49459,2023-08-24T12:00,peak,3.0,569.4340410232544,0.66973876953125,381.37205396412173,False,True,0.9790033907363516,1.0299994791593252,0,0,18,1.154968744029938,l(r:p1udt175lv-p1ulv493),174.01078244614627,6765.272705778613,True,0.9835719398354977,1.0299994954165368,0,0,18,0.9999760015393184,l(r:p1udt175lv-p1ulv493),161.90797662691455,6565.270600238426
11,49459,2023-08-24T12:00,peak,5.0,949.0567350387573,0.40185546875,381.3836391293444,False,True,0.9695918870868451,1.0299994458173332,0,0,18,1.4719670763115966,l(r:p1udt175lv-p1ulv493),201.1221676403429,7171.82805255651,True,0.9835716962880604,1.029999495415775,0,0,18,0.9999844380309856,l(r:p1udt175lv-p1ulv493),161.90854027886286,6565.280063914776
11,49459,2023-08-24T12:00,peak,10.0,1898.1134700775146,0.200927734375,381.3836391293444,False,True,0.9448422824596999,1.029999359206917,6,0,18,2.291210572060622,l(r:p1udt175lv-p1ulv493),285.6279141691352,8205.515048559833,True,0.9835716962880604,1.029999495415775,0,0,18,0.9999844380309856,l(r:p1udt175lv-p1ulv493),161.90854027886286,6565.280063914776
11,49553,2023-08-28T10:00,peak,1.0,197.9076976776123,1.0,197.9076976776123,True,True,0.9840715974256404,1.029999511011527,0,0,18,0.9386170681678546,recloser_disswitch(r:p1udt228-p1udt62)p1u_12237,151.8171473754384,6371.764473305101,True,0.9840715974256404,1.029999511011527,0,0,18,0.9386170681678546,recloser_disswitch(r:p1udt228-p1udt62)p1u_12237,151.8171473754384,6371.764473305101
11,49553,2023-08-28T10:00,peak,3.0,593.7230930328369,0.718017578125,426.3036173363216,False,True,0.9709631099826439,1.0299994764608795,0,0,18,1.1233562694507833,l(r:p1udt175lv-p1ulv493),179.9008490949394,6795.392874063646,True,0.9770341398544521,1.0299994911942838,0,0,18,0.9999845122109051,l(r:p1udt175lv-p1ulv493),167.30178923925726,6615.596742211618
11,49553,2023-08-28T10:00,peak,5.0,989.5384883880615,0.4307861328125,426.27945868181996,False,True,0.9560172740946875,1.0299994407719566,0,0,18,1.4187812519648526,l(r:p1udt175lv-p1ulv493),214.19003960933622,7225.6720781398735,True,0.97703501152514,1.0299994911964112,0,0,18,0.9999667153237145,l(r:p1udt175lv-p1ulv493),167.3000470202693,6615.570694155479
11,49553,2023-08-28T10:00,peak,10.0,1979.076976776123,0.21539306640625,426.27945868181996,False,True,0.9147447431906808,1.029999346165596,27,0,18,2.181151266811131,l(r:p1udt175lv-p1ulv493),330.5391434743573,8331.537895135943,True,0.97703501152514,1.0299994911964112,0,0,18,0.9999667153237145,l(r:p1udt175lv-p1ulv493),167.3000470202693,6615.570694155479
11,49846,2023-09-09T15:00,random,1.0,30.41227789223194,1.0,30.41227789223194,True,True,0.9891596266256505,1.0299995253491387,0,0,18,0.9156753646940207,recloser_disswitch(r:p1udt228-p1udt62)p1u_12237,141.48772452273803,6193.998990021671,True,0.9891596266256505,1.0299995253491387,0,0,18,0.9156753646940207,recloser_disswitch(r:p1udt228-p1udt62)p1u_12237,141.48772452273803,6193.998990021671
11,49846,2023-09-09T15:00,random,3.0,91.23683367669582,1.0,91.23683367669582,True,True,0.9888879787443251,1.02999952024862,0,0,18,0.9219826045691764,recloser_disswitch(r:p1udt228-p1udt62)p1u_12237,144.62646980971456,6257.596741774651,True,0.9888879787443251,1.02999952024862,0,0,18,0.9219826045691764,recloser_disswitch(r:p1udt228-p1udt62)p1u_12237,144.62646980971456,6257.596741774651
11,49846,2023-09-09T15:00,random,5.0,152.0613894611597,1.0,152.0613894611597,True,True,0.9873462981504951,1.0299995150971695,0,0,18,0.9283570905964412,recloser_disswitch(r:p1udt228-p1udt62)p1u_12237,147.8846698545163,6321.661618936297,True,0.9873462981504951,1.0299995150971695,0,0,18,0.9283570905964412,recloser_disswitch(r:p1udt228-p1udt62)p1u_12237,147.8846698545163,6321.661618936297
11,49846,2023-09-09T15:00,random,10.0,304.1227789223194,0.82843017578125,251.9444872016993,False,True,0.9829145279121538,1.029999502096985,0,0,18,1.0648696258998638,l(r:p1udt175lv-p1ulv493),156.50267101394692,6482.562489392577,True,0.9844414775857975,1.0299995065627612,0,0,18,0.9999811744593801,l(r:p1udt175lv-p1ulv493),153.4774242578764,6427.4123847872015
11,50168,2023-09-23T01:00,random,1.0,8.444974184036255,1.0,8.444974184036255,True,True,0.9887829510358158,1.0299995271966311,0,0,18,0.9133797053352881,recloser_disswitch(r:p1udt228-p1udt62)p1u_12237,140.41245927436844,6170.903066958514,True,0.9887829510358158,1.0299995271966311,0,0,18,0.9133797053352881,recloser_disswitch(r:p1udt228-p1udt62)p1u_12237,140.41245927436844,6170.903066958514
11,50168,2023-09-23T01:00,random,3.0,25.334922552108765,1.0,25.334922552108765,True,True,0.9877518163504958,1.029999525774922,0,0,18,0.915139732641202,recloser_disswitch(r:p1udt228-p1udt62)p1u_12237,141.36421291583068,6188.612105463677,True,0.9877518163504958,1.029999525774922,0,0,18,0.915139732641202,recloser_disswitch(r:p1udt228-p1udt62)p1u_12237,141.36421291583068,6188.612105463677
11,50168,2023-09-23T01:00,random,5.0,42.224870920181274,1.0,42.224870920181274,True,True,0.9867119734188213,1.0299995243369129,0,0,18,0.9169252679911182,recloser_disswitch(r:p1udt228-p1udt62)p1u_12237,142.354845335909,6206.48828629539,True,0.9867119734188213,1.0299995243369129,0,0,18,0.9169252679911182,recloser_disswitch(r:p1udt228-p1udt62)p1u_12237,142.354845335909,6206.48828629539
11,50168,2023-09-23T01:00,random,10.0,84.44974184036255,1.0,84.44974184036255,True,True,0.9836023419520257,1.0299995207098074,0,0,18,0.9214283574951234,recloser_disswitch(r:p1udt228-p1udt62)p1u_12237,144.98157898315057,6251.4069603544995,True,0.9836023419520257,1.0299995207098074,0,0,18,0.9214283574951234,recloser_disswitch(r:p1udt228-p1udt62)p1u_12237,144.98157898315057,6251.4069603544995
11,51647,2023-11-23T16:00,random,1.0,17.233353793621063,1.0,17.233353793621063,True,True,0.9878478358904506,1.0299995264494661,0,0,18,0.9153723338939476,recloser_disswitch(r:p1udt228-p1udt62)p1u_12237,140.9756370774098,6180.217583087572,True,0.9878478358904506,1.0299995264494661,0,0,18,0.9153723338939476,recloser_disswitch(r:p1udt228-p1udt62)p1u_12237,140.9756370774098,6180.217583087572
11,51647,2023-11-23T16:00,random,3.0,51.70006138086319,1.0,51.70006138086319,True,True,0.9848901985517239,1.0299995234925219,0,0,18,0.9211768314841015,recloser_disswitch(r:p1udt228-p1udt62)p1u_12237,143.21764267430558,6216.8953544875985,True,0.9848901985517239,1.0299995234925219,0,0,18,0.9211768314841015,recloser_disswitch(r:p1udt228-p1udt62)p1u_12237,143.21764267430558,6216.8953544875985
11,51647,2023-11-23T16:00,random,5.0,86.16676896810532,1.0,86.16676896810532,True,True,0.9800406998570388,1.029999520491288,0,0,18,0.9270367996670493,recloser_disswitch(r:p1udt228-p1udt62)p1u_12237,145.70747194555025,6253.84892920324,True,0.9800406998570388,1.029999520491288,0,0,18,0.9270367996670493,recloser_disswitch(r:p1udt228-p1udt62)p1u_12237,145.70747194555025,6253.84892920324
11,51647,2023-11-23T16:00,random,10.0,172.33353793621063,1.0,172.33353793621063,True,True,0.9675684299617795,1.0299995127993908,0,0,18,0.9419151813410986,recloser_disswitch(r:p1udt228-p1udt62)p1u_12237,153.05983222294577,6347.3205933437075,True,0.9675684299617795,1.0299995127993908,0,0,18,0.9419151813410986,recloser_disswitch(r:p1udt228-p1udt62)p1u_12237,153.05983222294577,6347.3205933437075
12,44103,2023-01-13T08:00,random,1.0,79.95436143875122,1.0,79.95436143875122,True,True,0.9846872382072855,1.0299995211135264,0,0,18,0.9253071668364605,recloser_disswitch(r:p1udt228-p1udt62)p1u_12237,144.7969248523723,6246.776219266262,True,0.9846872382072855,1.0299995211135264,0,0,18,0.9253071668364605,recloser_disswitch(r:p1udt228-p1udt62)p1u_12237,144.7969248523723,6246.776219266262
12,44103,2023-01-13T08:00,random,3.0,239.86308431625366,1.0,239.86308431625366,True,True,0.9752579248051411,1.0299995073297756,0,0,18,0.9511635865486856,recloser_disswitch(r:p1udt228-p1udt62)p1u_12237,155.63865448719304,6417.42072996261,True,0.9752579248051411,1.0299995073297756,0,0,18,0.9511635865486856,recloser_disswitch(r:p1udt228-p1udt62)p1u_12237,155.63865448719304,6417.42072996261
12,44103,2023-01-13T08:00,random,5.0,399.7718071937561,1.0,399.7718071937561,True,True,0.9655247786338514,1.029999493268251,0,0,18,0.977363109107283,recloser_disswitch(r:p1udt228-p1udt62)p1u_12237,168.0750674665811,6589.737605674188,True,0.9655247786338514,1.029999493268251,0,0,18,0.977363109107283,recloser_disswitch(r:p1udt228-p1udt62)p1u_12237,168.0750674665811,6589.737605674188
12,44103,2023-01-13T08:00,random,10.0,799.5436143875122,0.54144287109375,432.90719013864873,False,True,0.939699037162748,1.0299994568108328,6,0,18,1.5595367625426289,l(r:p1udm722-p1ulv1845),206.7474264012911,7028.2193993680885,True,0.9634624641597965,1.029999490309406,0,0,18,0.999925264498202,l(r:p1udm722-p1ulv1845),170.86610623531175,6625.763264351381
12,44752,2023-02-09T09:00,random,1.0,125.63688196241856,1.0,125.63688196241856,True,True,0.984876167611067,1.029999517336789,0,0,18,0.9304893711981297,recloser_disswitch(r:p1udt228-p1udt62)p1u_12237,146.81285004670033,6294.5466896021635,True,0.984876167611067,1.029999517336789,0,0,18,0.9304893711981297,recloser_disswitch(r:p1udt228-p1udt62)p1u_12237,146.81285004670033,6294.5466896021635
12,44752,2023-02-09T09:00,random,3.0,376.91064588725567,1.0,376.91064588725567,True,True,0.9727254049025836,1.0299994959470522,0,0,18,0.9667447505328368,recloser_disswitch(r:p1udt228-p1udt62)p1u_12237,162.1189137872392,6560.925266543069,True,0.9727254049025836,1.0299994959470522,0,0,18,0.9667447505328368,recloser_disswitch(r:p1udt228-p1udt62)p1u_12237,162.1189137872392,6560.925266543069
12,44752,2023-02-09T09:00,random,5.0,628.1844098120928,0.9622802734375,604.4894656431552,False,True,0.9601208014781928,1.0299994741706517,0,0,18,1.0034586707518476,recloser_disswitch(r:p1udt228-p1udt62)p1u_12237,179.6484812240391,6829.691274694081,True,0.961323081744324,1.0299994762288496,0,0,18,0.999998001287975,recloser_disswitch(r:p1udt228-p1udt62)p1u_12237,177.905644311713,6804.384984021084
12,44752,2023-02-09T09:00,random,10.0,1256.3688196241856,0.48114013671875,604.4894656431552,False,True,0.9263096185202274,1.0299994179302294,6,0,18,1.0973651941770861,recloser_disswitch(r:p1udt228-p1udt62)p1u_12237,234.10818624107557,7512.378521609061,True,0.961323081744324,1.0299994762288496,0,0,18,0.999998001287975,recloser_disswitch(r:p1udt228-p1udt62)p1u_12237,177.905644311713,6804.384984021084
12,46073,2023-04-05T10:00,peak,1.0,190.9374189376831,1.0,190.9374189376831,True,True,0.9755867457843843,1.029999511589862,0,0,18,0.9404646528484215,recloser_disswitch(r:p1udt228-p1udt62)p1u_12237,151.86776719403366,6364.920007557951,True,0.9755867457843843,1.029999511589862,0,0,18,0.9404646528484215,recloser_disswitch(r:p1udt228-p1udt62)p1u_12237,151.86776719403366,6364.920007557951
12,46073,2023-04-05T10:00,peak,3.0,572.8122568130493,0.86029052734375,492.78495848266175,False,True,0.9428621509528304,1.0299994777209938,6,0,18,0.9978865811145404,recloser_disswitch(r:p1udt228-p1udt62)p1u_12237,183.31881950501472,6778.083710483952,True,0.9500013497425547,1.0299994849675793,0,0,18,0.9856709868531155,recloser_disswitch(r:p1udt228-p1udt62)p1u_12237,175.81881132955237,6690.593832015717
12,46073,2023-04-05T10:00,peak,5.0,954.6870946884155,0.51617431640625,492.78495848266175,False,True,0.9062874143498552,1.029999441868363,6,0,18,1.0577628397058525,recloser_disswitch(r:p1udt228-p1udt62)p1u_12237,226.77905705699865,7203.433752086287,True,0.9500012707306379,1.029999484967496,0,0,18,0.9856711322072261,recloser_disswitch(r:p1udt228-p1udt62)p1u_12237,175.81889739238525,6690.594797340876
12,46073,2023-04-05T10:00,peak,10.0,1909.374189376831,0.258056640625,492.7266890066676,False,True,0.7930310466106416,1.0299993418636288,18,0,18,2.0997537871866294,l(r:p1udt259lv-p1ulv647),406.6812283954877,8320.982773514112,True,0.9500060675333698,1.0299994849723813,0,0,18,0.9856629193070147,recloser_disswitch(r:p1udt228-p1udt62)p1u_12237,175.81391814470493,6690.5354763485775
12,46294,2023-04-14T15:00,random,1.0,91.37446284294128,1.0,91.37446284294128,True,True,0.9875476129579007,1.0299995201918364,0,0,18,0.9277439210089125,recloser_disswitch(r:p1udt228-p1udt62)p1u_12237,145.12709085890802,6258.611894522511,True,0.9875476129579007,1.0299995201918364,0,0,18,0.9277439210089125,recloser_disswitch(r:p1udt228-p1udt62)p1u_12237,145.12709085890802,6258.611894522511
12,46294,2023-04-14T15:00,random,3.0,274.12338852882385,1.0,274.12338852882385,True,True,0.9805385013875051,1.0299995046251216,0,0,18,0.9583909152185135,recloser_disswitch(r:p1udt228-p1udt62)p1u_12237,156.4028352019482,6452.452151377732,True,0.9805385013875051,1.0299995046251216,0,0,18,0.9583909152185135,recloser_disswitch(r:p1udt228-p1udt62)p1u_12237,156.4028352019482,6452.452151377732
12,46294,2023-04-14T15:00,random,5.0,456.8723142147064,1.0,456.8723142147064,True,True,0.9721313314272317,1.0299994888311423,0,0,18,0.9893294703889272,recloser_disswitch(r:p1udt228-p1udt62)p1u_12237,168.96454575027548,6647.744472751849,True,0.9721313314272317,1.0299994888311423,0,0,18,0.9893294703889272,recloser_disswitch(r:p1udt228-p1udt62)p1u_12237,168.96454575027548,6647.744472751849
12,46294,2023-04-14T15:00,random,10.0,913.7446284294128,0.56842041015625,519.3910964699171,False,True,0.950135159096079,1.0299994483453319,0,0,18,1.1138509038640403,l(r:p1udt175lv-p1ulv493),206.32162877916846,7142.021767610981,True,0.9692031358294138,1.0299994833694064,0,0,18,0.9999913132836,recloser_disswitch(r:p1udt228-p1udt62)p1u_12237,173.57000471117888,6714.9518699734845
12,46385,2023-04-18T10:00,peak,1.0,188.02274084091187,1.0,188.02274084091187,True,True,0.984917068113854,1.0299995120499892,0,0,18,0.9366522561829196,recloser_disswitch(r:p1udt228-p1udt62)p1u_12237,150.08199791656313,6360.1919283739,True,0.984917068113854,1.0299995120499892,0,0,18,0.9366522561829196,recloser_disswitch(r:p1udt228-p1udt62)p1u_12237,150.08199791656313,6360.1919283739
12,46385,2023-04-18T10:00,peak,3.0,564.0682225227356,1.0,564.0682225227356,True,True,0.9759800628245474,1.0299994798941472,0,0,18,0.9853574085544881,recloser_disswitch(r:p1udt228-p1udt62)p1u_12237,172.8391592064672,6758.749671554113,True,0.9759800628245474,1.0299994798941472,0,0,18,0.9853574085544881,recloser_disswitch(r:p1udt228-p1udt62)p1u_12237,172.8391592064672,6758.749671554113
12,46385,2023-04-18T10:00,peak,5.0,940.1137042045593,0.718994140625,675.9362448443426,False,True,0.9667859025145898,1.029999447083225,0,0,18,1.0931855174330416,l(r:p1udm822-p1ulv579),199.06804446892377,7160.963885346432,True,0.9732688374538909,1.0299994701864206,0,0,18,0.9999964489562494,recloser_disswitch(r:p1udt228-p1udt62)p1u_12237,180.28253744556295,6878.21059488399
12,46385,2023-04-18T10:00,peak,10.0,1880.2274084091187,0.3594970703125,675.9362448443426,False,True,0.9425539246833285,1.0299993620264636,6,0,18,1.612881208374324,l(r:p1udm822-p1ulv579),280.95250030199486,8183.015955503502,True,0.9732688374538909,1.0299994701864206,0,0,18,0.9999964489562494,recloser_disswitch(r:p1udt228-p1udt62)p1u_12237,180.28253744556295,6878.21059488399
12,46413,2023-04-19T14:00,random,1.0,57.698155641555786,1.0,57.698155641555786,True,True,0.9865497001413238,1.0299995230116297,0,0,18,0.9217591588423771,recloser_disswitch(r:p1udt228-p1udt62)p1u_12237,143.378162055327,6223.217938981868,True,0.9865497001413238,1.0299995230116297,0,0,18,0.9217591588423771,recloser_disswitch(r:p1udt228-p1udt62)p1u_12237,143.378162055327,6223.217938981868
12,46413,2023-04-19T14:00,random,3.0,173.09446692466736,1.0,173.09446692466736,True,True,0.9778931506388461,1.0299995131292008,0,0,18,0.9403770408482356,recloser_disswitch(r:p1udt228-p1udt62)p1u_12237,150.9249174268729,6345.964240514134,True,0.9778931506388461,1.0299995131292008,0,0,18,0.9403770408482356,recloser_disswitch(r:p1udt228-p1udt62)p1u_12237,150.9249174268729,6345.964240514134
12,46413,2023-04-19T14:00,random,5.0,288.49077820777893,1.0,288.49077820777893,True,True,0.9689991686264373,1.029999503070678,0,0,18,0.9592218637038801,recloser_disswitch(r:p1udt228-p1udt62)p1u_12237,159.4496701289486,6469.87045313395,True,0.9689991686264373,1.029999503070678,0,0,18,0.9592218637038801,recloser_disswitch(r:p1udt228-p1udt62)p1u_12237,159.4496701289486,6469.87045313395
12,46413,2023-04-19T14:00,random,10.0,576.9815564155579,0.90899658203125,524.4742626768129,False,True,0.9456185625484962,1.0299994771605596,6,0,18,1.007286399215789,recloser_disswitch(r:p1udt228-p1udt62)p1u_12237,185.32829052040913,6784.270937070062,True,0.9500016031491628,1.0299994819578142,0,0,18,0.9984385264459258,recloser_disswitch(r:p1udt228-p1udt62)p1u_12237,180.11014842698634,6726.575156662058
12,46948,2023-05-11T21:00,random,1.0,43.385165214538574,1.0,43.385165214538574,True,True,0.9881411528191986,1.0299995242796804,0,0,18,0.9175959859080736,recloser_disswitch(r:p1udt228-p1udt62)p1u_12237,142.11939950099116,6207.638127594177,True,0.9881411528191986,1.0299995242796804,0,0,18,0.9175959859080736,recloser_disswitch(r:p1udt228-p1udt62)p1u_12237,142.11939950099116,6207.638127594177
12,46948,2023-05-11T21:00,random,3.0,130.15549564361572,1.0,130.15549564361572,True,True,0.9827734078529108,1.0299995170076457,0,0,18,0.9277890101530286,recloser_disswitch(r:p1udt228-p1udt62)p1u_12237,146.67292682468852,6298.796072271295,True,0.9827734078529108,1.0299995170076457,0,0,18,0.9277890101530286,recloser_disswitch(r:p1udt228-p1udt62)p1u_12237,146.67292682468852,6298.796072271295
12,46948,2023-05-11T21:00,random,5.0,216.92582607269287,1.0,216.92582607269287,True,True,0.9773154933488764,1.0299995096702366,0,0,18,0.938059818452264,recloser_disswitch(r:p1udt228-p1udt62)p1u_12237,151.53754301658182,6390.427052710215,True,0.9773154933488764,1.0299995096702366,0,0,18,0.938059818452264,recloser_disswitch(r:p1udt228-p1udt62)p1u_12237,151.53754301658182,6390.427052710215
12,46948,2023-05-11T21:00,random,10.0,433.85165214538574,1.0,433.85165214538574,True,True,0.9632690262368369,1.029999491095261,0,0,18,0.9639695850624359,recloser_disswitch(r:p1udt228-p1udt62)p1u_12237,165.08187902869815,6620.826248773571,True,0.9632690262368369,1.029999491095261,0,0,18,0.9639695850624359,recloser_disswitch(r:p1udt228-p1udt62)p1u_12237,165.08187902869815,6620.826248773571
12,47304,2023-05-26T17:00,random,1.0,83.14106774330139,1.0,83.14106774330139,True,True,0.9871301623717457,1.0299995209685804,0,0,18,0.9254798429295572,recloser_disswitch(r:p1udt228-p1udt62)p1u_12237,144.26647871181933,6249.48144621551,True,0.9871301623717457,1.0299995209685804,0,0,18,0.9254798429295572,recloser_disswitch(r:p1udt228-p1udt62)p1u_12237,144.26647871181933,6249.48144621551
12,47304,2023-05-26T17:00,random,3.0,249.42320322990417,1.0,249.42320322990417,True,True,0.9796817489208826,1.02999950697308,0,0,18,0.9515837855265177,recloser_disswitch(r:p1udt228-p1udt62)p1u_12237,153.68785446221665,6425.050324859014,True,0.9796817489208826,1.02999950697308,0,0,18,0.9515837855265177,recloser_disswitch(r:p1udt228-p1udt62)p1u_12237,153.68785446221665,6425.050324859014
12,47304,2023-05-26T17:00,random,5.0,415.70533871650696,1.0,415.70533871650696,True,True,0.9720637262221294,1.0299994927918972,0,0,18,0.9779249066454319,recloser_disswitch(r:p1udt228-p1udt62)p1u_12237,164.20650101577564,6601.835954178283,True,0.9720637262221294,1.0299994927918972,0,0,18,0.9779249066454319,recloser_disswitch(r:p1udt228-p1udt62)p1u_12237,164.20650101577564,6601.835954178283
12,47304,2023-05-26T17:00,random,10.0,831.4106774330139,0.6661376953125,553.8339925234322,False,True,0.9507383015868547,1.0299994565060209,0,0,18,1.0448237945373882,recloser_disswitch(r:p1udt228-p1udt62)p1u_12237,195.63683327272997,7049.008202389682,True,0.9653219640152706,1.0299994808648576,0,0,18,0.9999935689517596,recloser_disswitch(r:p1udt228-p1udt62)p1u_12237,173.8163120122784,6749.641354198057
12,47458,2023-06-02T03:00,random,1.0,11.082432746887207,1.0,11.082432746887207,True,True,0.9884988850424344,1.0299995269568007,0,0,18,0.9143693504167715,recloser_disswitch(r:p1udt228-p1udt62)p1u_12237,140.6740434003858,6173.868567503903,True,0.9884988850424344,1.0299995269568007,0,0,18,0.9143693504167715,recloser_disswitch(r:p1udt228-p1udt62)p1u_12237,140.6740434003858,6173.868567503903
12,47458,2023-06-02T03:00,random,3.0,33.24729824066162,1.0,33.24729824066162,True,True,0.9838574178676396,1.0299995250489618,0,0,18,0.9181099220280303,recloser_disswitch(r:p1udt228-p1udt62)p1u_12237,142.25166892294803,6197.4803728203215,True,0.9838574178676396,1.0299995250489618,0,0,18,0.9181099220280303,recloser_disswitch(r:p1udt228-p1udt62)p1u_12237,142.25166892294803,6197.4803728203215
12,47458,2023-06-02T03:00,random,5.0,55.412163734436035,1.0,55.412163734436035,True,True,0.9791451601017366,1.0299995231011017,0,0,18,0.9219072748876452,recloser_disswitch(r:p1udt228-p1udt62)p1u_12237,144.0172685768359,6221.408590835119,True,0.9791451601017366,1.0299995231011017,0,0,18,0.9219072748876452,recloser_disswitch(r:p1udt228-p1udt62)p1u_12237,144.0172685768359,6221.408590835119
12,47458,2023-06-02T03:00,random,10.0,110.82432746887207,1.0,110.82432746887207,True,True,0.967049760093271,1.0299995180992758,0,0,18,0.9315651249891362,recloser_disswitch(r:p1udt228-p1udt62)p1u_12237,149.2633742080781,6282.032266331732,True,0.967049760093271,1.0299995180992758,0,0,18,0.9315651249891362,recloser_disswitch(r:p1udt228-p1udt62)p1u_12237,149.2633742080781,6282.032266331732
12,47868,2023-06-19T05:00,random,1.0,3.571868658065796,1.0,3.571868658065796,True,True,0.9891612458457664,1.029999527611722,0,0,18,0.9130836655061322,recloser_disswitch(r:p1udt228-p1udt62)p1u_12237,140.1419744634589,6165.737332103513,True,0.9891612458457664,1.029999527611722,0,0,18,0.9130836655061322,recloser_disswitch(r:p1udt228-p1udt62)p1u_12237,140.1419744634589,6165.737332103513
12,47868,2023-06-19T05:00,random,3.0,10.715605974197388,1.0,10.715605974197388,True,True,0.9888893249086271,1.0299995270143627,0,0,18,0.9142644379109602,recloser_disswitch(r:p1udt228-p1udt62)p1u_12237,140.537444999784,6173.213600059701,True,0.9888893249086271,1.0299995270143627,0,0,18,0.9142644379109602,recloser_disswitch(r:p1udt228-p1udt62)p1u_12237,140.537444999784,6173.213600059701
12,47868,2023-06-19T05:00,random,5.0,17.85934329032898,1.0,17.85934329032898,True,True,0.9886164063960382,1.0299995264108999,0,0,18,0.9154560621061809,recloser_disswitch(r:p1udt228-p1udt62)p1u_12237,140.94100049246524,6180.760089367336,True,0.9886164063960382,1.0299995264108999,0,0,18,0.9154560621061809,recloser_disswitch(r:p1udt228-p1udt62)p1u_12237,140.94100049246524,6180.760089367336
12,47868,2023-06-19T05:00,random,10.0,35.71868658065796,1.0,35.71868658065796,True,True,0.9879336771579891,1.029999524901916,0,0,18,0.9184325945179476,recloser_disswitch(r:p1udt228-p1udt62)p1u_12237,141.97062422474247,6199.5995117771145,True,0.9879336771579891,1.029999524901916,0,0,18,0.9184325945179476,recloser_disswitch(r:p1udt228-p1udt62)p1u_12237,141.97062422474247,6199.5995117771145
12,48214,2023-07-03T15:00,random,1.0,73.25083684921265,1.0,73.25083684921265,True,True,0.9875672959842206,1.0299995217757005,0,0,18,0.9224546619329488,recloser_disswitch(r:p1udt228-p1udt62)p1u_12237,143.76942268629122,6238.871812823739,True,0.9875672959842206,1.0299995217757005,0,0,18,0.9224546619329488,recloser_disswitch(r:p1udt228-p1udt62)p1u_12237,143.76942268629122,6238.871812823739
12,48214,2023-07-03T15:00,random,3.0,219.75251054763794,1.0,219.75251054763794,True,True,0.9840746883229998,1.0299995093879037,0,0,18,0.9425323659717652,recloser_disswitch(r:p1udt228-p1udt62)p1u_12237,151.86311271693987,6393.564487318365,True,0.9840746883229998,1.0299995093879037,0,0,18,0.9425323659717652,recloser_disswitch(r:p1udt228-p1udt62)p1u_12237,151.86311271693987,6393.564487318365
12,48214,2023-07-03T15:00,random,5.0,366.25418424606323,1.0,366.25418424606323,True,True,0.9805446287369195,1.0299994969039512,0,0,18,0.9627045793100879,recloser_disswitch(r:p1udt228-p1udt62)p1u_12237,160.52667405445544,6548.722338831253,True,0.9805446287369195,1.0299994969039512,0,0,18,0.9627045793100879,recloser_disswitch(r:p1udt228-p1udt62)p1u_12237,160.52667405445544,6548.722338831253
12,48214,2023-07-03T15:00,random,10.0,732.5083684921265,0.86669921875,634.8644306999631,False,True,0.971547120755171,1.0299994652306217,0,0,18,1.0136163556370015,recloser_disswitch(r:p1udt228-p1udt62)p1u_12237,184.77511569600736,6939.096094166784,True,0.9739679138598636,1.0299994737294131,0,0,18,0.9999940385975729,recloser_disswitch(r:p1udt228-p1udt62)p1u_12237,177.94877753921858,6834.801352493497
12,48449,2023-07-13T10:00,peak,1.0,185.93796157836914,1.0,185.93796157836914,True,True,0.985694726366536,1.029999512223199,0,0,18,0.9372734714782847,recloser_disswitch(r:p1udt228-p1udt62)p1u_12237,150.12957840288482,6358.1797054422495,True,0.985694726366536,1.029999512223199,0,0,18,0.9372734714782847,recloser_disswitch(r:p1udt228-p1udt62)p1u_12237,150.12957840288482,6358.1797054422495
12,48449,2023-07-13T10:00,peak,3.0,557.8138847351074,1.0,557.8138847351074,True,True,0.975299317433799,1.0299994804557158,0,0,18,0.987210009706376,recloser_disswitch(r:p1udt228-p1udt62)p1u_12237,172.88142517415616,6752.541058808498,True,0.975299317433799,1.0299994804557158,0,0,18,0.987210009706376,recloser_disswitch(r:p1udt228-p1udt62)p1u_12237,172.88142517415616,6752.541058808498
12,48449,2023-07-13T10:00,peak,5.0,929.6898078918457,0.701416015625,652.0993208186701,False,True,0.9645707178527476,1.0299994480809758,0,0,18,1.0377852811428843,recloser_disswitch(r:p1udt228-p1udt62)p1u_12237,198.97020436485286,7150.450309335018,True,0.9726069668815502,1.0299994722899004,0,0,18,0.9999990717741175,recloser_disswitch(r:p1udt228-p1udt62)p1u_12237,179.18446994951506,6853.275552666695
12,48449,2023-07-13T10:00,peak,10.0,1859.3796157836914,0.3507080078125,652.0993208186701,False,True,0.9361597393350902,1.0299993643553513,6,0,18,1.2065434106273927,l(r:p1udm822-p1ulv579),279.84878509778065,8161.0759454378785,True,0.9726069668815502,1.0299994722899004,0,0,18,0.9999990717741175,recloser_disswitch(r:p1udt228-p1udt62)p1u_12237,179.18446994951506,6853.275552666695
12,48450,2023-07-13T11:00,peak,1.0,197.65360134840012,1.0,197.65360134840012,True,True,0.9846403908223907,1.0299995111722329,0,0,18,0.9387976124150087,recloser_disswitch(r:p1udt228-p1udt62)p1u_12237,151.17477211596707,6370.947064443191,True,0.9846403908223907,1.0299995111722329,0,0,18,0.9387976124150087,recloser_disswitch(r:p1udt228-p1udt62)p1u_12237,151.17477211596707,6370.947064443191
12,48450,2023-07-13T11:00,peak,3.0,592.9608040452003,1.0,592.9608040452003,True,True,0.9719982008914175,1.0299994771858596,0,0,18,0.9919150263351869,recloser_disswitch(r:p1udt228-p1udt62)p1u_12237,176.7646835215851,6791.541043610008,True,0.9719982008914175,1.0299994771858596,0,0,18,0.9919150263351869,recloser_disswitch(r:p1udt228-p1udt62)p1u_12237,176.7646835215851,6791.541043610008
12,48450,2023-07-13T11:00,peak,5.0,988.2680067420006,0.66009521484375,652.3509822335654,False,True,0.9588692549720569,1.0299994424171064,0,0,18,1.0458767214555624,recloser_disswitch(r:p1udt228-p1udt62)p1u_12237,206.76920630233727,7216.773880708143,True,0.9700529371384431,1.0299994719952024,0,0,18,0.9999982960343765,recloser_disswitch(r:p1udt228-p1udt62)p1u_12237,180.99649303022946,6855.337474568141
12,48450,2023-07-13T11:00,peak,10.0,1976.5360134840012,0.33001708984375,652.2906631413571,False,True,0.9235628578497287,1.0299993518011723,12,0,18,1.338524184844747,l(r:p1udt175lv-p1ulv493),302.92085910489305,8301.420823366161,True,0.9700549244592694,1.0299994720005028,0,0,18,0.9999900446042866,recloser_disswitch(r:p1udt228-p1udt62)p1u_12237,180.99212122986393,6855.272399027366
12,49081,2023-08-08T18:00,peak,1.0,184.03811740875244,1.0,184.03811740875244,True,True,0.983642932731621,1.029999512376392,0,0,18,0.9403733962292629,recloser_disswitch(r:p1udt228-p1udt62)p1u_12237,150.27388517277723,6356.4421286042525,True,0.983642932731621,1.029999512376392,0,0,18,0.9403733962292629,recloser_disswitch(r:p1udt228-p1udt62)p1u_12237,150.27388517277723,6356.4421286042525
12,49081,2023-08-08T18:00,peak,3.0,552.1143522262573,1.0,552.1143522262573,True,True,0.9688797170050562,1.0299994807600577,0,0,18,0.9967583609460211,recloser_disswitch(r:p1udt228-p1udt62)p1u_12237,174.3397091145993,6748.275956545866,True,0.9688797170050562,1.0299994807600577,0,0,18,0.9967583609460211,recloser_disswitch(r:p1udt228-p1udt62)p1u_12237,174.3397091145993,6748.275956545866
12,49081,2023-08-08T18:00,peak,5.0,920.1905870437622,0.62255859375,572.8725578519516,False,True,0.9534248231665817,1.0299994482725798,0,0,18,1.0542071858165813,recloser_disswitch(r:p1udt228-p1udt62)p1u_12237,203.2824393102919,7145.440071960165,True,0.9680217858657787,1.0299994789363454,0,0,18,0.9999964694929451,recloser_disswitch(r:p1udt228-p1udt62)p1u_12237,175.8490584134234,6770.709106450722
12,49081,2023-08-08T18:00,peak,10.0,1840.3811740875244,0.311279296875,572.8725578519516,False,True,0.911237741086521,1.0299993630088333,18,0,18,1.407127751868788,l(r:p1udm722-p1ulv1845),299.46136611825835,8161.793365297664,True,0.9680217858657787,1.0299994789363454,0,0,18,0.9999964694929451,recloser_disswitch(r:p1udt228-p1udt62)p1u_12237,175.8490584134234,6770.709106450722
12,49289,2023-08-17T10:00,peak,1.0,186.71374398469925,1.0,186.71374398469925,True,True,0.9813281644382298,1.0299995121308498,0,0,18,0.9363353562276268,recloser_disswitch(r:p1udt228-p1udt62)p1u_12237,150.39613755542578,6359.215588906527,True,0.9813281644382298,1.0299995121308498,0,0,18,0.9363353562276268,recloser_disswitch(r:p1udt228-p1udt62)p1u_12237,150.39613755542578,6359.215588906527
12,49289,2023-08-17T10:00,peak,3.0,560.1412319540977,1.0,560.1412319540977,True,True,0.9615604494407628,1.029999479921364,0,0,18,0.9846965200426213,recloser_disswitch(r:p1udt228-p1udt62)p1u_12237,175.17735982236005,6757.294134371476,True,0.9615604494407628,1.029999479921364,0,0,18,0.9846965200426213,recloser_disswitch(r:p1udt228-p1udt62)p1u_12237,175.17735982236005,6757.294134371476
12,49289,2023-08-17T10:00,peak,5.0,933.5687199234962,0.7247314453125,676.586607688696,False,True,0.9405299933304017,1.029999446738186,6,0,18,1.0341154940842943,recloser_disswitch(r:p1udt228-p1udt62)p1u_12237,205.5752570142444,7161.1018764269775,True,0.9551456210475531,1.0299994696797117,0,0,18,0.9999930097732685,recloser_disswitch(r:p1udt228-p1udt62)p1u_12237,184.02960994462316,6882.607501457483
12,49289,2023-08-17T10:00,peak,10.0,1867.1374398469925,0.36236572265625,676.586607688696,False,True,0.8807962696898348,1.0299993588163534,9,0,18,1.3397436736117905,l(r:p1udm822-p1ulv579),310.65719381574377,8199.691166898092,True,0.9551456210475531,1.0299994696797117,0,0,18,0.9999930097732685,recloser_disswitch(r:p1udt228-p1udt62)p1u_12237,184.02960994462316,6882.607501457483
12,49408,2023-08-22T09:00,peak,1.0,197.64600601792336,1.0,197.64600601792336,True,True,0.9802459532040768,1.0299995111561053,0,0,18,0.9410451149653535,recloser_disswitch(r:p1udt228-p1udt62)p1u_12237,151.3859245208973,6371.170897155045,True,0.9802459532040768,1.0299995111561053,0,0,18,0.9410451149653535,recloser_disswitch(r:p1udt228-p1udt62)p1u_12237,151.3859245208973,6371.170897155045
12,49408,2023-08-22T09:00,peak,3.0,592.9380180537701,1.0,592.9380180537701,True,True,0.9581103237953538,1.0299994769413618,0,0,18,0.9989618532619423,recloser_disswitch(r:p1udt228-p1udt62)p1u_12237,178.64396259261656,6793.554305228,True,0.9581103237953538,1.0299994769413618,0,0,18,0.9989618532619423,recloser_disswitch(r:p1udt228-p1udt62)p1u_12237,178.64396259261656,6793.554305228
12,49408,2023-08-22T09:00,peak,5.0,988.2300300896168,0.6070556640625,599.9106371625567,False,True,0.9343704799186298,1.0299994416415224,6,0,18,1.0581770589905224,recloser_disswitch(r:p1udt228-p1udt62)p1u_12237,212.3341844639378,7222.511659604387,True,0.9577050426070063,1.0299994763265816,0,0,18,0.9999979754202103,recloser_disswitch(r:p1udt228-p1udt62)p1u_12237,179.18171769444334,6801.08360642973
12,49408,2023-08-22T09:00,peak,10.0,1976.4600601792336,0.30352783203125,599.9106371625567,False,True,0.8655112411650856,1.0299993476336284,12,0,18,1.3925743257301006,l(r:p1udt259lv-p1ulv647),331.16208056334807,8329.568362480593,True,0.9577050426070063,1.0299994763265816,0,0,18,0.9999979754202103,recloser_disswitch(r:p1udt228-p1udt62)p1u_12237,179.18171769444334,6801.08360642973
12,49409,2023-08-22T10:00,peak,1.0,219.909832239151,1.0,219.909832239151,True,True,0.9806180313894688,1.0299995092721166,0,0,18,0.9417260696855779,recloser_disswitch(r:p1udt228-p1udt62)p1u_12237,152.4636198031148,6394.491945158044,True,0.9806180313894688,1.0299995092721166,0,0,18,0.9417260696855779,recloser_disswitch(r:p1udt228-p1udt62)p1u_12237,152.4636198031148,6394.491945158044
12,49409,2023-08-22T10:00,peak,3.0,659.729496717453,0.98876953125,652.3204252211144,False,True,0.9593102324296175,1.0299994712269378,0,0,18,1.001001909595746,recloser_disswitch(r:p1udt228-p1udt62)p1u_12237,182.08992659898553,6863.790663817402,True,0.9596795527175082,1.0299994718752572,0,0,18,0.9999964413232619,recloser_disswitch(r:p1udt228-p1udt62)p1u_12237,181.53883975837311,6855.8519348723985
12,49409,2023-08-22T10:00,peak,5.0,1099.549161195755,0.59326171875,652.3204252211144,False,True,0.9365390846035639,1.0299994320259318,6,0,18,1.061548657191382,recloser_disswitch(r:p1udt228-p1udt62)p1u_12237,218.39462197456677,7339.890480390468,True,0.9596798569841346,1.0299994718758128,0,0,18,0.9999954770972429,recloser_disswitch(r:p1udt228-p1udt62)p1u_12237,181.53843187518967,6855.845417947485
12,49409,2023-08-22T10:00,peak,10.0,2199.09832239151,0.296630859375,652.3204252211144,False,True,0.8710851787466044,1.0299993280309856,12,0,18,1.4503739863669631,l(r:p1udm722-p1ulv1845),344.2651315710304,8565.318939638793,True,0.9596798569841346,1.0299994718758128,0,0,18,0.9999954770972429,recloser_disswitch(r:p1udt228-p1udt62)p1u_12237,181.53843187518967,6855.845417947485
12,49410,2023-08-22T11:00,peak,1.0,204.56667828559875,1.0,204.56667828559875,True,True,0.9818008596500221,1.0299995105340745,0,0,18,0.9401928488833503,recloser_disswitch(r:p1udt228-p1udt62)p1u_12237,151.79636346706505,6378.494598938385,True,0.9818008596500221,1.0299995105340745,0,0,18,0.9401928488833503,recloser_disswitch(r:p1udt228-p1udt62)p1u_12237,151.79636346706505,6378.494598938385
12,49410,2023-08-22T11:00,peak,3.0,613.7000348567963,1.0,613.7000348567963,True,True,0.9630733834692847,1.029999475071361,0,0,18,0.9963511565915695,recloser_disswitch(r:p1udt228-p1udt62)p1u_12237,179.74258238015145,6815.416504439861,True,0.9630733834692847,1.029999475071361,0,0,18,0.9963511565915695,recloser_disswitch(r:p1udt228-p1udt62)p1u_12237,179.74258238015145,6815.416504439861
12,49410,2023-08-22T11:00,peak,5.0,1022.8333914279938,0.62567138671875,639.9575863969949,False,True,0.9432302130959401,1.0299994385449494,6,0,18,1.053697612189125,recloser_disswitch(r:p1udt228-p1udt62)p1u_12237,213.7881628489827,7258.577958714571,True,0.9618342141597285,1.029999472758119,0,0,18,0.9999980257565919,recloser_disswitch(r:p1udt228-p1udt62)p1u_12237,181.74009316691942,6843.687625182504
12,49410,2023-08-22T11:00,peak,10.0,2045.6667828559875,0.31280517578125,639.8951576011314,False,True,0.887427144747984,1.029999341921926,18,0,18,1.4086533956926268,l(r:p1udm822-p1ulv579),329.806331505805,8397.378564380988,True,0.961837106725036,1.0299994727635002,0,0,18,0.9999895676345337,recloser_disswitch(r:p1udt228-p1udt62)p1u_12237,181.73539997287628,6843.621835087916
12,49458,2023-08-24T11:00,peak,1.0,192.7057340145111,1.0,192.7057340145111,True,True,0.9846882770605672,1.0299995116572012,0,0,18,0.9354089245861743,recloser_disswitch(r:p1udt228-p1udt62)p1u_12237,150.35283508121034,6365.190839811171,True,0.9846882770605672,1.0299995116572012,0,0,18,0.9354089245861743,recloser_disswitch(r:p1udt228-p1udt62)p1u_12237,150.35283508121034,6365.190839811171
12,49458,2023-08-24T11:00,peak,3.0,578.1172020435333,1.0,578.1172020435333,True,True,0.9750102741099611,1.0299994786675248,0,0,18,0.981628353162336,recloser_disswitch(r:p1udt228-p1udt62)p1u_12237,173.97699464779583,6773.924197304158,True,0.9750102741099611,1.0299994786675248,0,0,18,0.981628353162336,recloser_disswitch(r:p1udt228-p1udt62)p1u_12237,173.97699464779583,6773.924197304158
12,49458,2023-08-24T11:00,peak,5.0,963.5286700725555,0.757080078125,729.4683608142077,False,True,0.9640687193093467,1.0299994449317542,0,0,18,1.0995956650187833,l(r:p1udm822-p1ulv579),201.55235395505983,7186.839232449527,True,0.9707510163121463,1.0299994654907734,0,0,18,0.9999948573697485,recloser_disswitch(r:p1udt228-p1udt62)p1u_12237,184.33629267548585,6935.796572057568
12,49458,2023-08-24T11:00,peak,10.0,1927.057340145111,0.3785400390625,729.4683608142077,False,True,0.9350375711459622,1.0299993571233157,12,0,18,1.6284929219775954,l(r:p1udm822-p1ulv579),289.21571276198307,8238.075198730141,True,0.9707510163121463,1.0299994654907734,0,0,18,0.9999948573697485,recloser_disswitch(r:p1udt228-p1udt62)p1u_12237,184.33629267548585,6935.796572057568
12,49459,2023-08-24T12:00,peak,1.0,189.81134700775146,1.0,189.81134700775146,True,True,0.9829769757325022,1.0299995118432919,0,0,18,0.9371464124229428,recloser_disswitch(r:p1udt228-p1udt62)p1u_12237,150.5742158911968,6362.529151096439,True,0.9829769757325022,1.0299995118432919,0,0,18,0.9371464124229428,recloser_disswitch(r:p1udt228-p1udt62)p1u_12237,150.5742158911968,6362.529151096439
12,49459,2023-08-24T12:00,peak,3.0,569.4340410232544,1.0,569.4340410232544,True,True,0.96679545732188,1.029999479193382,0,0,18,0.9869567393986973,recloser_disswitch(r:p1udt228-p1udt62)p1u_12237,175.01647630757566,6766.26514483612,True,0.96679545732188,1.029999479193382,0,0,18,0.9869567393986973,recloser_disswitch(r:p1udt228-p1udt62)p1u_12237,175.01647630757566,6766.26514483612
12,49459,2023-08-24T12:00,peak,5.0,949.0567350387573,0.70330810546875,667.4792943024659,False,True,0.9497847123752774,1.0299994457090031,3,0,18,1.0376743283920886,recloser_disswitch(r:p1udt228-p1udt62)p1u_12237,204.03639491159097,7175.058592403002,True,0.9624789646860904,1.029999470611165,0,0,18,0.9999943088464728,recloser_disswitch(r:p1udt228-p1udt62)p1u_12237,182.07012142977138,6871.539414715758
12,49459,2023-08-24T12:00,peak,10.0,1898.1134700775146,0.35162353515625,667.4213684763527,False,True,0.9029108669709668,1.0299993581270563,12,0,18,1.4609284266243505,l(r:p1udm722-p1ulv1845),299.115368857045,8219.174529900618,True,0.9624814777340894,1.0299994706161326,0,0,18,0.9999868007508383,recloser_disswitch(r:p1udt228-p1udt62)p1u_12237,182.06594767375154,6871.478517243582
12,49553,2023-08-28T10:00,peak,1.0,197.9076976776123,1.0,197.9076976776123,True,True,0.9790494591896575,1.0299995110065852,0,0,18,0.9423417845514749,recloser_disswitch(r:p1udt228-p1udt62)p1u_12237,152.08733758624928,6372.12892728913,True,0.9790494591896575,1.0299995110065852,0,0,18,0.9423417845514749,recloser_disswitch(r:p1udt228-p1udt62)p1u_12237,152.08733758624928,6372.12892728913
12,49553,2023-08-28T10:00,peak,3.0,593.7230930328369,0.9659423828125,573.5022992149461,False,True,0.9542408517518515,1.0299994762740015,0,0,18,1.0031391491314399,recloser_disswitch(r:p1udt228-p1udt62)p1u_12237,182.04846439945604,6797.738823094329,True,0.955553489579734,1.029999478079504,0,0,18,0.9999962000388652,recloser_disswitch(r:p1udt228-p1udt62)p1u_12237,180.3241120250359,6775.817423604282
12,49553,2023-08-28T10:00,peak,5.0,989.5384883880615,0.57958984375,573.5264578694478,False,True,0.927365257178901,1.029999440122332,6,0,18,1.065676094891042,recloser_disswitch(r:p1udt228-p1udt62)p1u_12237,220.44926004236675,7231.913809942126,True,0.9555522077433378,1.0299994780777648,0,0,18,0.9999992029080224,recloser_disswitch(r:p1udt228-p1udt62)p1u_12237,180.32584570733286,6775.838737259733
12,49553,2023-08-28T10:00,peak,10.0,1979.076976776123,0.289794921875,573.5264578694478,False,True,0.8472499829999252,1.0299993419061886,15,0,18,1.5697306249286171,l(r:p1udt259lv-p1ulv647),363.59284358714774,8364.56098839422,True,0.9555522077433378,1.0299994780777648,0,0,18,0.9999992029080224,recloser_disswitch(r:p1udt228-p1udt62)p1u_12237,180.32584570733286,6775.838737259733
12,49846,2023-09-09T15:00,random,1.0,30.41227789223194,1.0,30.41227789223194,True,True,0.9884489639482082,1.0299995253439376,0,0,18,0.915595775118536,recloser_disswitch(r:p1udt228-p1udt62)p1u_12237,141.5471689915037,6194.09929522803,True,0.9884489639482082,1.0299995253439376,0,0,18,0.915595775118536,recloser_disswitch(r:p1udt228-p1udt62)p1u_12237,141.5471689915037,6194.09929522803
12,49846,2023-09-09T15:00,random,3.0,91.23683367669582,1.0,91.23683367669582,True,True,0.9867531403345476,1.029999520243525,0,0,18,0.9217242279099612,recloser_disswitch(r:p1udt228-p1udt62)p1u_12237,144.80849904424892,6257.771874096288,True,0.9867531403345476,1.029999520243525,0,0,18,0.9217242279099612,recloser_disswitch(r:p1udt228-p1udt62)p1u_12237,144.80849904424892,6257.771874096288
12,49846,2023-09-09T15:00,random,5.0,152.0613894611597,1.0,152.0613894611597,True,True,0.9850431205140348,1.02999951508788,0,0,18,0.9279282575323454,recloser_disswitch(r:p1udt228-p1udt62)p1u_12237,148.20501455199627,6321.974880028063,True,0.9850431205140348,1.02999951508788,0,0,18,0.9279282575323454,recloser_disswitch(r:p1udt228-p1udt62)p1u_12237,148.20501455199627,6321.974880028063
12,49846,2023-09-09T15:00,random,10.0,304.1227789223194,1.0,304.1227789223194,True,True,0.9797192178021148,1.0299995020750783,0,0,18,0.9435496412178059,recloser_disswitch(r:p1udt228-p1udt62)p1u_12237,157.22967421060682,6483.288196363925,True,0.9797192178021148,1.0299995020750783,0,0,18,0.9435496412178059,recloser_disswitch(r:p1udt228-p1udt62)p1u_12237,157.22967421060682,6483.288196363925
12,50168,2023-09-23T01:00,random,1.0,8.444974184036255,1.0,8.444974184036255,True,True,0.9889665944075391,1.0299995271979958,0,0,18,0.9139008145401911,recloser_disswitch(r:p1udt228-p1udt62)p1u_12237,140.41308411232745,6170.9185320848355,True,0.9889665944075391,1.0299995271979958,0,0,18,0.9139008145401911,recloser_disswitch(r:p1udt228-p1udt62)p1u_12237,140.41308411232745,6170.9185320848355
12,50168,2023-09-23T01:00,random,3.0,25.334922552108765,1.0,25.334922552108765,True,True,0.9883060502296807,1.0299995257826715,0,0,18,0.9166965194000071,recloser_disswitch(r:p1udt228-p1udt62)p1u_12237,141.36138301929688,6188.613405781284,True,0.9883060502296807,1.0299995257826715,0,0,18,0.9166965194000071,recloser_disswitch(r:p1udt228-p1udt62)p1u_12237,141.36138301929688,6188.613405781284
12,50168,2023-09-23T01:00,random,5.0,42.224870920181274,1.0,42.224870920181274,True,True,0.9876407947916827,1.029999524350589,0,0,18,0.9195199127367666,recloser_disswitch(r:p1udt228-p1udt62)p1u_12237,142.34506963207818,6206.4832010778055,True,0.9876407947916827,1.029999524350589,0,0,18,0.9195199127367666,recloser_disswitch(r:p1udt228-p1udt62)p1u_12237,142.34506963207818,6206.4832010778055
12,50168,2023-09-23T01:00,random,10.0,84.44974184036255,1.0,84.44974184036255,True,True,0.9859682865583307,1.0299995207578827,0,0,18,0.9265855825304765,recloser_disswitch(r:p1udt228-p1udt62)p1u_12237,144.92604218867677,6251.152335484365,True,0.9859682865583307,1.0299995207578827,0,0,18,0.9265855825304765,recloser_disswitch(r:p1udt228-p1udt62)p1u_12237,144.92604218867677,6251.152335484365
12,51647,2023-11-23T16:00,random,1.0,17.233353793621063,1.0,17.233353793621063,True,True,0.9892252046957801,1.029999526474693,0,0,18,0.9153409139953321,recloser_disswitch(r:p1udt228-p1udt62)p1u_12237,140.81877912293544,6180.059916767074,True,0.9892252046957801,1.029999526474693,0,0,18,0.9153409139953321,recloser_disswitch(r:p1udt228-p1udt62)p1u_12237,140.81877912293544,6180.059916767074
12,51647,2023-11-23T16:00,random,3.0,51.70006138086319,1.0,51.70006138086319,True,True,0.9890807458639223,1.0299995235895485,0,0,18,0.9210478608221155,recloser_disswitch(r:p1udt228-p1udt62)p1u_12237,142.6672702114064,6216.213301031356,True,0.9890807458639223,1.0299995235895485,0,0,18,0.9210478608221155,recloser_disswitch(r:p1udt228-p1udt62)p1u_12237,142.6672702114064,6216.213301031356
12,51647,2023-11-23T16:00,random,5.0,86.16676896810532,1.0,86.16676896810532,True,True,0.9889322838825657,1.0299995206521617,0,0,18,0.9268330004952032,recloser_disswitch(r:p1udt228-p1udt62)p1u_12237,144.67372000803303,6252.820949297175,True,0.9889322838825657,1.0299995206521617,0,0,18,0.9268330004952032,recloser_disswitch(r:p1udt228-p1udt62)p1u_12237,144.67372000803303,6252.820949297175
12,51647,2023-11-23T16:00,random,10.0,172.33353793621063,1.0,172.33353793621063,True,True,0.9822109013122808,1.0299995132158803,0,0,18,0.9413806435757357,recloser_disswitch(r:p1udt228-p1udt62)p1u_12237,150.3221102598273,6344.61071163888,True,0.9822109013122808,1.0299995132158803,0,0,18,0.9413806435757357,recloser_disswitch(r:p1udt228-p1udt62)p1u_12237,150.3221102598273,6344.61071163888
13,44103,2023-01-13T08:00,random,1.0,79.95436143875122,1.0,79.95436143875122,True,True,0.9878572130271586,1.0299995212484525,0,0,18,0.9217155967913326,recloser_disswitch(r:p1udt228-p1udt62)p1u_12237,143.807782392997,6245.771412766168,True,0.9878572130271586,1.0299995212484525,0,0,18,0.9217155967913326,recloser_disswitch(r:p1udt228-p1udt62)p1u_12237,143.807782392997,6245.771412766168
13,44103,2023-01-13T08:00,random,3.0,239.86308431625366,1.0,239.86308431625366,True,True,0.984959008334332,1.0299995078622792,0,0,18,0.9402023360180989,recloser_disswitch(r:p1udt228-p1udt62)p1u_12237,151.83988937438525,6413.653270357094,True,0.984959008334332,1.0299995078622792,0,0,18,0.9402023360180989,recloser_disswitch(r:p1udt228-p1udt62)p1u_12237,151.83988937438525,6413.653270357094
13,44103,2023-01-13T08:00,random,5.0,399.7718071937561,1.0,399.7718071937561,True,True,0.9820357923853809,1.0299994943902,0,0,18,0.9587479984022967,recloser_disswitch(r:p1udt228-p1udt62)p1u_12237,160.2892575339684,6582.005377529031,True,0.9820357923853809,1.0299994943902,0,0,18,0.9587479984022967,recloser_disswitch(r:p1udt228-p1udt62)p1u_12237,160.2892575339684,6582.005377529031
13,44103,2023-01-13T08:00,random,10.0,799.5436143875122,0.7330322265625,586.091235888307,False,True,0.9746189197265093,1.0299994603540714,0,0,18,1.1520514208903716,l(r:p1udm822-p1ulv579),183.26137902251284,7004.63750372374,True,0.9785973660791238,1.0299994785838773,0,0,18,0.9999990468235221,l(r:p1udm822-p1ulv579),170.66817939890976,6778.750291056672
13,44752,2023-02-09T09:00,random,1.0,125.63688196241856,1.0,125.63688196241856,True,True,0.9871263458759144,1.0299995173327157,0,0,18,0.9260119672174207,recloser_disswitch(r:p1udt228-p1udt62)p1u_12237,146.4493901855632,6294.182362979439,True,0.9871263458759144,1.0299995173327157,0,0,18,0.9260119672174207,recloser_disswitch(r:p1udt228-p1udt62)p1u_12237,146.4493901855632,6294.182362979439
13,44752,2023-02-09T09:00,random,3.0,376.91064588725567,1.0,376.91064588725567,True,True,0.9796710177366307,1.0299994959887462,0,0,18,0.953145717505777,recloser_disswitch(r:p1udt228-p1udt62)p1u_12237,160.5081604716801,6559.324596849686,True,0.9796710177366307,1.0299994959887462,0,0,18,0.953145717505777,recloser_disswitch(r:p1udt228-p1udt62)p1u_12237,160.5081604716801,6559.324596849686
13,44752,2023-02-09T09:00,random,5.0,628.1844098120928,0.795654296875,499.81762489687753,False,True,0.9720498318399481,1.0299994743404264,0,0,18,1.1070496645938808,l(r:p1udm822-p1ulv579),176.03392221213494,6826.098754533595,True,0.9759623159750893,1.0299994854281382,0,0,18,0.9999879659004327,l(r:p1udm822-p1ulv579),167.9223434024671,6689.7295132293
13,44752,2023-02-09T09:00,random,10.0,1256.3688196241856,0.3978271484375,499.81762489687753,False,True,0.9522126155817838,1.0299994188712662,0,0,18,1.6397055086499936,l(r:p1udm822-p1ulv579),221.57330824418645,7499.876372987284,True,0.9759623159750893,1.0299994854281382,0,0,18,0.9999879659004327,l(r:p1udm822-p1ulv579),167.9223434024671,6689.7295132293
13,46073,2023-04-05T10:00,peak,1.0,190.9374189376831,1.0,190.9374189376831,True,True,0.9858466086118447,1.02999951185506,0,0,18,0.9309861837854364,recloser_disswitch(r:p1udt228-p1udt62)p1u_12237,149.84779715553915,6362.8612692967645,True,0.9858466086118447,1.02999951185506,0,0,18,0.9309861837854364,recloser_disswitch(r:p1udt228-p1udt62)p1u_12237,149.84779715553915,6362.8612692967645
13,46073,2023-04-05T10:00,peak,3.0,572.8122568130493,0.9112548828125,521.9779659557389,False,True,0.9757285384371258,1.0299994792072138,0,0,18,1.0405557239422827,l(r:p1udm822-p1ulv579),172.48638835842232,6767.129121214942,True,0.9770907681379432,1.029999483586043,0,0,18,0.9999994161143836,l(r:p1udm822-p1ulv579),169.25526500037765,6713.224028492529
13,46073,2023-04-05T10:00,peak,5.0,954.6870946884155,0.5467529296875,521.9779659557389,False,True,0.964173434523832,1.0299994457633153,0,0,18,1.348649579094834,l(r:p1udm822-p1ulv579),199.110553777014,7175.517366624064,True,0.9770907883110715,1.0299994835861392,0,0,18,0.9999989781342509,l(r:p1udm822-p1ulv579),169.2552028353895,6713.222888818592
13,46073,2023-04-05T10:00,peak,10.0,1909.374189376831,0.27337646484375,521.9779659557389,False,True,0.9330262394195165,1.029999358361331,12,0,18,2.1452435672032926,l(r:p1udm822-p1ulv579),284.7747611954957,8215.872582697912,True,0.9770907883110715,1.0299994835861392,0,0,18,0.9999989781342509,l(r:p1udm822-p1ulv579),169.2552028353895,6713.222888818592
13,46294,2023-04-14T15:00,random,1.0,91.37446284294128,1.0,91.37446284294128,True,True,0.9865587742867888,1.0299995201696708,0,0,18,0.9236175695476124,recloser_disswitch(r:p1udt228-p1udt62)p1u_12237,144.92663331019799,6258.393105511051,True,0.9865587742867888,1.0299995201696708,0,0,18,0.9236175695476124,recloser_disswitch(r:p1udt228-p1udt62)p1u_12237,144.92663331019799,6258.393105511051
13,46294,2023-04-14T15:00,random,3.0,274.12338852882385,1.0,274.12338852882385,True,True,0.9779251292988385,1.0299995045518393,0,0,18,0.945980965388823,recloser_disswitch(r:p1udt228-p1udt62)p1u_12237,155.7285236844622,6451.779266428855,True,0.9779251292988385,1.0299995045518393,0,0,18,0.945980965388823,recloser_disswitch(r:p1udt228-p1udt62)p1u_12237,155.7285236844622,6451.779266428855
13,46294,2023-04-14T15:00,random,5.0,456.8723142147064,1.0,456.8723142147064,True,True,0.9690627047881774,1.0299994887060213,0,0,18,0.9685746892675995,recloser_disswitch(r:p1udt228-p1udt62)p1u_12237,167.7104262814325,6646.491809387494,True,0.9690627047881774,1.0299994887060213,0,0,18,0.9685746892675995,recloser_disswitch(r:p1udt228-p1udt62)p1u_12237,167.7104262814325,6646.491809387494
13,46294,2023-04-14T15:00,random,10.0,913.7446284294128,0.709716796875,648.49991085066,False,True,0.9458043285253996,1.02999944808241,6,0,18,1.1710152732298684,l(r:p1udm822-p1ulv579),203.12833623192938,7138.828590668008,True,0.9595044930459415,1.0299994718404029,0,0,18,0.9999987258568949,l(r:p1udm822-p1ulv579),181.59275465672192,6852.081394462299
13,46385,2023-04-18T10:00,peak,1.0,188.02274084091187,1.0,188.02274084091187,True,True,0.9844929645378194,1.0299995121341639,0,0,18,0.9369292733271237,recloser_disswitch(r:p1udt228-p1udt62)p1u_12237,149.57456264512868,6359.728542642688,True,0.9844929645378194,1.0299995121341639,0,0,18,0.9369292733271237,recloser_disswitch(r:p1udt228-p1udt62)p1u_12237,149.57456264512868,6359.728542642688
13,46385,2023-04-18T10:00,peak,3.0,564.0682225227356,1.0,564.0682225227356,True,True,0.9715486284859943,1.02999948023507,0,0,18,0.9861011762356173,recloser_disswitch(r:p1udt228-p1udt62)p1u_12237,170.92275949048147,6756.845285468605,True,0.9715486284859943,1.02999948023507,0,0,18,0.9861011762356173,recloser_disswitch(r:p1udt228-p1udt62)p1u_12237,170.92275949048147,6756.845285468605
13,46385,2023-04-18T10:00,peak,5.0,940.1137042045593,0.7120361328125,669.394926345849,False,True,0.958101860942945,1.029999447783887,0,0,18,1.0600978511296189,l(r:p1udt454lv-p1ulv1912)p1ud1,195.22202471353515,7157.136025251412,True,0.9678295025271287,1.0299994711870524,0,0,18,0.9999973682490914,recloser_disswitch(r:p1udt228-p1udt62)p1u_12237,177.43448841974106,6868.820452961018
13,46385,2023-04-18T10:00,peak,10.0,1880.2274084091187,0.35601806640625,669.394926345849,False,True,0.92191395623359,1.0299993640903595,6,0,18,1.4653479323145162,l(r:p1udt454lv-p1ulv1912)p1ud1,270.02072577519397,8172.2210648002365,True,0.9678295025271287,1.0299994711870524,0,0,18,0.9999973682490914,recloser_disswitch(r:p1udt228-p1udt62)p1u_12237,177.43448841974106,6868.820452961018
13,46413,2023-04-19T14:00,random,1.0,57.698155641555786,1.0,57.698155641555786,True,True,0.9886042517120465,1.0299995230672527,0,0,18,0.9196126718412297,recloser_disswitch(r:p1udt228-p1udt62)p1u_12237,142.89624285824345,6222.726475094317,True,0.9886042517120465,1.0299995230672527,0,0,18,0.9196126718412297,recloser_disswitch(r:p1udt228-p1udt62)p1u_12237,142.89624285824345,6222.726475094317
13,46413,2023-04-19T14:00,random,3.0,173.09446692466736,1.0,173.09446692466736,True,True,0.9841820064969682,1.029999513363053,0,0,18,0.9338433306810168,recloser_disswitch(r:p1udt228-p1udt62)p1u_12237,149.03470627562447,6344.088883525372,True,0.9841820064969682,1.029999513363053,0,0,18,0.9338433306810168,recloser_disswitch(r:p1udt228-p1udt62)p1u_12237,149.03470627562447,6344.088883525372
13,46413,2023-04-19T14:00,random,5.0,288.49077820777893,1.0,288.49077820777893,True,True,0.9797003138986129,1.029999503583201,0,0,18,0.9481565732055441,recloser_disswitch(r:p1udt228-p1udt62)p1u_12237,155.5244131404911,6465.970364545646,True,0.9797003138986129,1.029999503583201,0,0,18,0.9481565732055441,recloser_disswitch(r:p1udt228-p1udt62)p1u_12237,155.5244131404911,6465.970364545646
13,46413,2023-04-19T14:00,random,10.0,576.9815564155579,1.0,576.9815564155579,True,True,0.9682356502283845,1.0299994788623559,0,0,18,0.9841865139058984,recloser_disswitch(r:p1udt228-p1udt62)p1u_12237,173.2913502329322,6772.142303859435,True,0.9682356502283845,1.0299994788623559,0,0,18,0.9841865139058984,recloser_disswitch(r:p1udt228-p1udt62)p1u_12237,173.2913502329322,6772.142303859435
13,46948,2023-05-11T21:00,random,1.0,43.385165214538574,1.0,43.385165214538574,True,True,0.9884922652218693,1.0299995242323217,0,0,18,0.918457119197828,recloser_disswitch(r:p1udt228-p1udt62)p1u_12237,142.40363038533678,6207.903007432513,True,0.9884922652218693,1.0299995242323217,0,0,18,0.918457119197828,recloser_disswitch(r:p1udt228-p1udt62)p1u_12237,142.40363038533678,6207.903007432513
13,46948,2023-05-11T21:00,random,3.0,130.15549564361572,1.0,130.15549564361572,True,True,0.9838694420861304,1.029999516858655,0,0,18,0.9303891758962388,recloser_disswitch(r:p1udt228-p1udt62)p1u_12237,147.54058703016563,6299.659582650435,True,0.9838694420861304,1.029999516858655,0,0,18,0.9303891758962388,recloser_disswitch(r:p1udt228-p1udt62)p1u_12237,147.54058703016563,6299.659582650435
13,46948,2023-05-11T21:00,random,5.0,216.92582607269287,1.0,216.92582607269287,True,True,0.9791703265207707,1.0299995094179784,0,0,18,0.9424057309350863,recloser_disswitch(r:p1udt228-p1udt62)p1u_12237,153.00275670217695,6391.887907003483,True,0.9791703265207707,1.0299995094179784,0,0,18,0.9424057309350863,recloser_disswitch(r:p1udt228-p1udt62)p1u_12237,153.00275670217695,6391.887907003483
13,46948,2023-05-11T21:00,random,10.0,433.85165214538574,0.93560791015625,405.9150375815807,False,True,0.9671278864304945,1.029999490574386,0,0,18,1.0215269189837028,l(r:p1udt175lv-p1ulv493),168.09327410542298,6623.827086774974,True,0.968699334112182,1.0299994930126257,0,0,18,0.999989880516585,l(r:p1udt175lv-p1ulv493),166.03760920138907,6593.943215239348
13,47304,2023-05-26T17:00,random,1.0,83.14106774330139,1.0,83.14106774330139,True,True,0.9861051289500632,1.0299995208204213,0,0,18,0.9203568047689454,recloser_disswitch(r:p1udt228-p1udt62)p1u_12237,144.78422430741037,6250.009880977098,True,0.9861051289500632,1.0299995208204213,0,0,18,0.9203568047689454,recloser_disswitch(r:p1udt228-p1udt62)p1u_12237,144.78422430741037,6250.009880977098
13,47304,2023-05-26T17:00,random,3.0,249.42320322990417,1.0,249.42320322990417,True,True,0.9765234158640382,1.0299995064651304,0,0,18,0.9362097112373434,recloser_disswitch(r:p1udt228-p1udt62)p1u_12237,155.4982279096524,6426.843007041557,True,0.9765234158640382,1.0299995064651304,0,0,18,0.9362097112373434,recloser_disswitch(r:p1udt228-p1udt62)p1u_12237,155.4982279096524,6426.843007041557
13,47304,2023-05-26T17:00,random,5.0,415.70533871650696,0.9659423828125,401.54740542770014,False,True,0.9666517104836323,1.029999491829389,0,0,18,1.0146299305837674,l(r:p1udm822-p1ulv579),167.66956241171678,6605.272094306618,True,0.9675001073712763,1.0299994930780125,0,0,18,0.9999902430064443,l(r:p1udm822-p1ulv579),166.58050781417987,6590.118685342906
13,47304,2023-05-26T17:00,random,10.0,831.4106774330139,0.48297119140625,401.54740542770014,False,True,0.9405555691741624,1.0299994539708697,6,0,18,1.4499565163552322,l(r:p1udm822-p1ulv579),204.92436367173076,7058.275881258213,True,0.9675001073712763,1.0299994930780125,0,0,18,0.9999902430064443,l(r:p1udm822-p1ulv579),166.58050781417987,6590.118685342906
13,47458,2023-06-02T03:00,random,1.0,11.082432746887207,1.0,11.082432746887207,True,True,0.9892382392876856,1.0299995269579099,0,0,18,0.9143597079191638,recloser_disswitch(r:p1udt228-p1udt62)p1u_12237,140.6164304524231,6173.792872225728,True,0.9892382392876856,1.0299995269579099,0,0,18,0.9143597079191638,recloser_disswitch(r:p1udt228-p1udt62)p1u_12237,140.6164304524231,6173.792872225728
13,47458,2023-06-02T03:00,random,3.0,33.24729824066162,1.0,33.24729824066162,True,True,0.9891228081583398,1.0299995250700438,0,0,18,0.9180553523446454,recloser_disswitch(r:p1udt228-p1udt62)p1u_12237,141.98322057615292,6197.103177362477,True,0.9891228081583398,1.0299995250700438,0,0,18,0.9180553523446454,recloser_disswitch(r:p1udt228-p1udt62)p1u_12237,141.98322057615292,6197.103177362477
13,47458,2023-06-02T03:00,random,5.0,55.412163734436035,1.0,55.412163734436035,True,True,0.9876924772017005,1.0299995231533594,0,0,18,0.921796169538312,recloser_disswitch(r:p1udt228-p1udt62)p1u_12237,143.41409355705426,6220.689402057769,True,0.9876924772017005,1.0299995231533594,0,0,18,0.921796169538312,recloser_disswitch(r:p1udt228-p1udt62)p1u_12237,143.41409355705426,6220.689402057769
13,47458,2023-06-02T03:00,random,10.0,110.82432746887207,0.81976318359375,90.84970350551885,False,True,0.9836146155218509,1.0299995183004615,0,0,18,1.0688322091735765,l(r:p1udt175lv-p1ulv493),147.23883144202793,6280.0277930353495,True,0.9850908805623945,1.0299995200528367,0,0,18,0.9999872543098469,l(r:p1udt175lv-p1ulv493),145.82318268445812,6258.663238583637
13,47868,2023-06-19T05:00,random,1.0,3.571868658065796,1.0,3.571868658065796,True,True,0.9892784941814909,1.0299995276121874,0,0,18,0.9130809305606704,recloser_disswitch(r:p1udt228-p1udt62)p1u_12237,140.12803143962986,6165.715679708467,True,0.9892784941814909,1.0299995276121874,0,0,18,0.9130809305606704,recloser_disswitch(r:p1udt228-p1udt62)p1u_12237,140.12803143962986,6165.715679708467
13,47868,2023-06-19T05:00,random,3.0,10.715605974197388,1.0,10.715605974197388,True,True,0.9892408657907653,1.029999527014116,0,0,18,0.9142596021923752,recloser_disswitch(r:p1udt228-p1udt62)p1u_12237,140.49428832100463,6173.1713677791995,True,0.9892408657907653,1.029999527014116,0,0,18,0.9142596021923752,recloser_disswitch(r:p1udt228-p1udt62)p1u_12237,140.49428832100463,6173.1713677791995
13,47868,2023-06-19T05:00,random,5.0,17.85934329032898,1.0,17.85934329032898,True,True,0.9892027544302772,1.029999526411162,0,0,18,0.9154471066188964,recloser_disswitch(r:p1udt228-p1udt62)p1u_12237,140.86494043343538,6180.685241734345,True,0.9892027544302772,1.029999526411162,0,0,18,0.9154471066188964,recloser_disswitch(r:p1udt228-p1udt62)p1u_12237,140.86494043343538,6180.685241734345
13,47868,2023-06-19T05:00,random,10.0,35.71868658065796,1.0,35.71868658065796,True,True,0.9891076877759243,1.0299995249054745,0,0,18,0.9184109508762116,recloser_disswitch(r:p1udt228-p1udt62)p1u_12237,141.7979776946721,6199.431581095194,True,0.9891076877759243,1.0299995249054745,0,0,18,0.9184109508762116,recloser_disswitch(r:p1udt228-p1udt62)p1u_12237,141.7979776946721,6199.431581095194
13,48214,2023-07-03T15:00,random,1.0,73.25083684921265,1.0,73.25083684921265,True,True,0.9870085924252596,1.0299995217688276,0,0,18,0.9224118542802309,recloser_disswitch(r:p1udt228-p1udt62)p1u_12237,143.72042585464777,6238.952713568109,True,0.9870085924252596,1.0299995217688276,0,0,18,0.9224118542802309,recloser_disswitch(r:p1udt228-p1udt62)p1u_12237,143.72042585464777,6238.952713568109
13,48214,2023-07-03T15:00,random,3.0,219.75251054763794,1.0,219.75251054763794,True,True,0.979302643514828,1.0299995093868182,0,0,18,0.9423639380356769,recloser_disswitch(r:p1udt228-p1udt62)p1u_12237,151.78676367342177,6393.485545969762,True,0.979302643514828,1.0299995093868182,0,0,18,0.9423639380356769,recloser_disswitch(r:p1udt228-p1udt62)p1u_12237,151.78676367342177,6393.485545969762
13,48214,2023-07-03T15:00,random,5.0,366.25418424606323,1.0,366.25418424606323,True,True,0.9714166293434058,1.0299994968786763,0,0,18,0.9624554513448329,recloser_disswitch(r:p1udt228-p1udt62)p1u_12237,160.55920994662793,6548.749025425114,True,0.9714166293434058,1.0299994968786763,0,0,18,0.9624554513448329,recloser_disswitch(r:p1udt228-p1udt62)p1u_12237,160.55920994662793,6548.749025425114
13,48214,2023-07-03T15:00,random,10.0,732.5083684921265,0.80560302734375,590.1109592118883,False,True,0.9508378709091556,1.0299994650282314,0,0,18,1.0817595380525293,l(r:p1udt454lv-p1ulv1912)p1ud1,185.7669702654631,6940.244981095294,True,0.9589905473566271,1.0299994775092103,0,0,18,0.999988902690098,l(r:p1udt454lv-p1ulv1912)p1ud1,175.39341681244287,6787.494458125952
13,48449,2023-07-13T10:00,peak,1.0,185.93796157836914,1.0,185.93796157836914,True,True,0.9824211863726806,1.0299995122296806,0,0,18,0.9365175066337217,recloser_disswitch(r:p1udt228-p1udt62)p1u_12237,149.92152956425983,6357.966662613254,True,0.9824211863726806,1.0299995122296806,0,0,18,0.9365175066337217,recloser_disswitch(r:p1udt228-p1udt62)p1u_12237,149.92152956425983,6357.966662613254
13,48449,2023-07-13T10:00,peak,3.0,557.8138847351074,1.0,557.8138847351074,True,True,0.9650429495413737,1.0299994803993309,0,0,18,0.9850156201146878,recloser_disswitch(r:p1udt228-p1udt62)p1u_12237,172.69920468632824,6752.341760165757,True,0.9650429495413737,1.0299994803993309,0,0,18,0.9850156201146878,recloser_disswitch(r:p1udt228-p1udt62)p1u_12237,172.69920468632824,6752.341760165757
13,48449,2023-07-13T10:00,peak,5.0,929.6898078918457,0.7220458984375,671.2787126074545,False,True,0.9466959483564534,1.029999447816943,6,0,18,1.0343131270267363,recloser_disswitch(r:p1udt228-p1udt62)p1u_12237,199.56143238886162,7151.217941051726,True,0.959546139205738,1.029999470525628,0,0,18,0.9999944233037406,recloser_disswitch(r:p1udt228-p1udt62)p1u_12237,180.4561312727579,6873.724484176476
13,48449,2023-07-13T10:00,peak,10.0,1859.3796157836914,0.36102294921875,671.2787126074545,False,True,0.8956463226825206,1.029999362812721,6,0,18,1.405257106962908,l(r:p1udm822-p1ulv579),287.19536740393227,8168.514977013845,True,0.959546139205738,1.029999470525628,0,0,18,0.9999944233037406,recloser_disswitch(r:p1udt228-p1udt62)p1u_12237,180.4561312727579,6873.724484176476
13,48450,2023-07-13T11:00,peak,1.0,197.65360134840012,1.0,197.65360134840012,True,True,0.9837393760372706,1.0299995112899647,0,0,18,0.9373398762920788,recloser_disswitch(r:p1udt228-p1udt62)p1u_12237,150.31049948999373,6370.092291625549,True,0.9837393760372706,1.0299995112899647,0,0,18,0.9373398762920788,recloser_disswitch(r:p1udt228-p1udt62)p1u_12237,150.31049948999373,6370.092291625549
13,48450,2023-07-13T11:00,peak,3.0,592.9608040452003,1.0,592.9608040452003,True,True,0.969195447834791,1.0299994776133727,0,0,18,0.9874021106210147,recloser_disswitch(r:p1udt228-p1udt62)p1u_12237,173.65618240841354,6788.452352655955,True,0.969195447834791,1.0299994776133727,0,0,18,0.9874021106210147,recloser_disswitch(r:p1udt228-p1udt62)p1u_12237,173.65618240841354,6788.452352655955
13,48450,2023-07-13T11:00,peak,5.0,988.2680067420006,0.6995849609375,691.3774348923835,False,True,0.953997376957112,1.0299994432355322,0,0,18,1.1153517966543676,l(r:p1udm822-p1ulv579),200.7254610508265,7210.964416876063,True,0.9654703626708266,1.0299994691073513,0,0,18,0.9999946415848694,recloser_disswitch(r:p1udt228-p1udt62)p1u_12237,180.04749159305092,6893.41461130508
13,48450,2023-07-13T11:00,peak,10.0,1976.5360134840012,0.34979248046875,691.3774348923835,False,True,0.9126648211938881,1.029999354122723,6,0,18,1.6591914979603064,l(r:p1udm822-p1ulv579),286.3010705544277,8284.800222099784,True,0.9654703626708266,1.0299994691073513,0,0,18,0.9999946415848694,recloser_disswitch(r:p1udt228-p1udt62)p1u_12237,180.04749159305092,6893.41461130508
13,49081,2023-08-08T18:00,peak,1.0,184.03811740875244,1.0,184.03811740875244,True,True,0.9825044438311709,1.0299995123542247,0,0,18,0.9352075703432663,recloser_disswitch(r:p1udt228-p1udt62)p1u_12237,149.90730852098082,6356.072638001341,True,0.9825044438311709,1.0299995123542247,0,0,18,0.9352075703432663,recloser_disswitch(r:p1udt228-p1udt62)p1u_12237,149.90730852098082,6356.072638001341
13,49081,2023-08-08T18:00,peak,3.0,552.1143522262573,1.0,552.1143522262573,True,True,0.9653018128940142,1.0299994807273807,0,0,18,0.9810984001282128,recloser_disswitch(r:p1udt228-p1udt62)p1u_12237,172.83547917078084,6746.771722275235,True,0.9653018128940142,1.0299994807273807,0,0,18,0.9810984001282128,recloser_disswitch(r:p1udt228-p1udt62)p1u_12237,172.83547917078084,6746.771722275235
13,49081,2023-08-08T18:00,peak,5.0,920.1905870437622,0.70916748046875,652.5692401648848,False,True,0.9471470907519203,1.0299994482749188,6,0,18,1.139255240507207,l(r:p1udt454lv-p1ulv1912)p1ud1,200.10100097574804,7142.257019138062,True,0.9604392901654466,1.0299994719392709,0,0,18,0.9999941591798376,l(r:p1udt454lv-p1ulv1912)p1ud1,179.84181302957987,6854.401057360322
13,49081,2023-08-08T18:00,peak,10.0,1840.3811740875244,0.35455322265625,652.5130761886248,False,True,0.8966822121467106,1.0299993632685611,6,0,18,1.6273259767895514,l(r:p1udt454lv-p1ulv1912)p1ud1,289.8996344602379,8152.219657851858,True,0.9604419682790966,1.0299994719440864,0,0,18,0.999965339054232,l(r:p1udt454lv-p1ulv1912)p1ud1,179.8378711004077,6854.342132505572
13,49289,2023-08-17T10:00,peak,1.0,186.71374398469925,1.0,186.71374398469925,True,True,0.98520229355776,1.0299995121534444,0,0,18,0.933849927869529,recloser_disswitch(r:p1udt228-p1udt62)p1u_12237,149.79626330605333,6358.635082146768,True,0.98520229355776,1.0299995121534444,0,0,18,0.933849927869529,recloser_disswitch(r:p1udt228-p1udt62)p1u_12237,149.79626330605333,6358.635082146768
13,49289,2023-08-17T10:00,peak,3.0,560.1412319540977,1.0,560.1412319540977,True,True,0.9737461363169261,1.0299994802252517,0,0,18,0.9979033593619182,l(r:p1udm822-p1ulv579),171.79368126816766,6753.77642672224,True,0.9737461363169261,1.0299994802252517,0,0,18,0.9979033593619182,l(r:p1udm822-p1ulv579),171.79368126816766,6753.77642672224
13,49289,2023-08-17T10:00,peak,5.0,933.5687199234962,0.60296630859375,562.910484870863,False,True,0.961892884431432,1.0299994476531116,0,0,18,1.2757861042087002,l(r:p1udm822-p1ulv579),197.0181472686087,7152.366154081232,True,0.9736563445913036,1.0299994799727492,0,0,18,0.999991054218962,l(r:p1udm822-p1ulv579),171.9770094691605,6756.877548931463
13,49289,2023-08-17T10:00,peak,10.0,1867.1374398469925,0.30145263671875,562.8535043581724,False,True,0.9302819722296544,1.029999363251213,6,0,18,1.9890919457603724,l(r:p1udm822-p1ulv579),275.30846510882986,8164.252921392053,True,0.9736581308522843,1.0299994799777006,0,0,18,0.9999488374239075,l(r:p1udm822-p1ulv579),171.97339116986277,6756.816629704092
13,49408,2023-08-22T09:00,peak,1.0,197.64600601792336,1.0,197.64600601792336,True,True,0.9853955774533367,1.029999511224065,0,0,18,0.933407247397672,recloser_disswitch(r:p1udt228-p1udt62)p1u_12237,150.44165965468372,6370.181199516499,True,0.9853955774533367,1.029999511224065,0,0,18,0.933407247397672,recloser_disswitch(r:p1udt228-p1udt62)p1u_12237,150.44165965468372,6370.181199516499
13,49408,2023-08-22T09:00,peak,3.0,592.9380180537701,0.90911865234375,539.0510118964175,False,True,0.9743403466617531,1.0299994773535417,0,0,18,1.0415871297263213,l(r:p1udm822-p1ulv579),174.06220509528146,6788.82511007347,True,0.9758658210508789,1.029999482001618,0,0,18,0.9999821448096645,l(r:p1udm822-p1ulv579),170.63714867350572,6731.678328136873
13,49408,2023-08-22T09:00,peak,5.0,988.2300300896168,0.54547119140625,539.0510118964175,False,True,0.9629154290029835,1.029999442736331,0,0,18,1.3500225418056262,l(r:p1udm822-p1ulv579),201.36592881049978,7211.3142798796025,True,0.9758658096988081,1.0299994820015683,0,0,18,0.9999823493191705,l(r:p1udm822-p1ulv579),170.63717684976248,6731.678919594816
13,49408,2023-08-22T09:00,peak,10.0,1976.4600601792336,0.272705078125,538.9906951221201,False,True,0.9325106227203291,1.029999352686281,6,0,18,2.1458615406974566,l(r:p1udm822-p1ulv579),287.06928034570046,8285.282562135395,True,0.9758674684419587,1.0299994820065677,0,0,18,0.9999366513582965,l(r:p1udm822-p1ulv579),170.63349093990462,6731.6173214113105
13,49409,2023-08-22T10:00,peak,1.0,219.909832239151,1.0,219.909832239151,True,True,0.9858040705877411,1.0299995094112568,0,0,18,0.9366442646081552,recloser_disswitch(r:p1udt228-p1udt62)p1u_12237,151.36094763731194,6393.355367964635,True,0.9858040705877411,1.0299995094112568,0,0,18,0.9366442646081552,recloser_disswitch(r:p1udt228-p1udt62)p1u_12237,151.36094763731194,6393.355367964635
13,49409,2023-08-22T10:00,peak,3.0,659.729496717453,0.9552001953125,630.1737441179284,False,True,0.9765463264355643,1.029999471880125,0,0,18,1.0194829536021386,l(r:p1udm822-p1ulv579),177.03002559850304,6858.573895859776,True,0.9771946751953943,1.029999474411966,0,0,18,0.9999856482518341,l(r:p1udm822-p1ulv579),175.19202165565693,6827.3566077229825
13,49409,2023-08-22T10:00,peak,5.0,1099.549161195755,0.5731201171875,630.1737441179284,False,True,0.9667109751070085,1.0299994335553502,0,0,18,1.3130807666979216,l(r:p1udm822-p1ulv579),206.66479944288727,7327.9339594141375,True,0.9771946952528527,1.0299994744120744,0,0,18,0.9999852097789627,l(r:p1udm822-p1ulv579),175.1919532016573,6827.355324797286
13,49409,2023-08-22T10:00,peak,10.0,2199.09832239151,0.28656005859375,630.1737441179284,False,True,0.9407941930365231,1.0299993340366493,6,0,18,2.071406968868592,l(r:p1udm822-p1ulv579),299.432418325144,8520.283500815398,True,0.9771946952528527,1.0299994744120744,0,0,18,0.9999852097789627,l(r:p1udm822-p1ulv579),175.1919532016573,6827.355324797286
13,49410,2023-08-22T11:00,peak,1.0,204.56667828559875,1.0,204.56667828559875,True,True,0.9863670170496173,1.0299995106980104,0,0,18,0.9340307249715502,recloser_disswitch(r:p1udt228-p1udt62)p1u_12237,150.341489204327,6377.013262059422,True,0.9863670170496173,1.0299995106980104,0,0,18,0.9340307249715502,recloser_disswitch(r:p1udt228-p1udt62)p1u_12237,150.341489204327,6377.013262059422
13,49410,2023-08-22T11:00,peak,3.0,613.7000348567963,0.8736572265625,536.1634703942982,False,True,0.9804274885394949,1.0299994758155617,0,0,18,1.0602050206257332,l(r:p1udm822-p1ulv579),173.42967758201956,6808.962459313207,True,0.9815605286749693,1.029999482467813,0,0,18,0.9999728670277531,l(r:p1udm822-p1ulv579),168.8186827918823,6726.97292974989
13,49410,2023-08-22T11:00,peak,5.0,1022.8333914279938,0.524169921875,536.1384988759528,False,True,0.9743700955103767,1.0299994402423478,0,0,18,1.3815429514356514,l(r:p1udm822-p1ulv579),199.7206934046889,7244.278793939196,True,0.9815609145002674,1.0299994824701064,0,0,18,0.9999528133231692,l(r:p1udm822-p1ulv579),168.81710928188974,6726.94469365032
13,49410,2023-08-22T11:00,peak,10.0,2045.6667828559875,0.2620849609375,536.1384988759528,False,True,0.9561976123023365,1.029999348097812,0,0,18,2.2117238155026455,l(r:p1udm822-p1ulv579),280.4142571574124,8347.862285280416,True,0.9815609145002674,1.0299994824701064,0,0,18,0.9999528133231692,l(r:p1udm822-p1ulv579),168.81710928188974,6726.94469365032
13,49458,2023-08-24T11:00,peak,1.0,192.7057340145111,1.0,192.7057340145111,True,True,0.9857760617559683,1.0299995117546792,0,0,18,0.9361626378636903,recloser_disswitch(r:p1udt228-p1udt62)p1u_12237,149.70320613345677,6364.487754428793,True,0.9857760617559683,1.0299995117546792,0,0,18,0.9361626378636903,recloser_disswitch(r:p1udt228-p1udt62)p1u_12237,149.70320613345677,6364.487754428793
13,49458,2023-08-24T11:00,peak,3.0,578.1172020435333,1.0,578.1172020435333,True,True,0.975520856015379,1.0299994790732876,0,0,18,0.9837826446426798,recloser_disswitch(r:p1udt228-p1udt62)p1u_12237,171.29602169615086,6771.266952111892,True,0.975520856015379,1.0299994790732876,0,0,18,0.9837826446426798,recloser_disswitch(r:p1udt228-p1udt62)p1u_12237,171.29602169615086,6771.266952111892
13,49458,2023-08-24T11:00,peak,5.0,963.5286700725555,0.735107421875,708.2970765596838,False,True,0.9649571112936144,1.0299994458335855,0,0,18,1.1414211884520562,l(r:p1udm822-p1ulv579),195.78681529599245,7181.117895606893,True,0.9719847297742962,1.0299994678941693,0,0,18,0.9999986585933461,recloser_disswitch(r:p1udt228-p1udt62)p1u_12237,179.24760983304668,6909.533774053015
13,49458,2023-08-24T11:00,peak,10.0,1927.057340145111,0.3675537109375,708.2970765596838,False,True,0.937030773620023,1.0299993601713562,6,0,18,1.7125245243341831,l(r:p1udm822-p1ulv579),270.5642408998977,8219.482935556036,True,0.9719847297742962,1.0299994678941693,0,0,18,0.9999986585933461,recloser_disswitch(r:p1udt228-p1udt62)p1u_12237,179.24760983304668,6909.533774053015
13,49459,2023-08-24T12:00,peak,1.0,189.81134700775146,1.0,189.81134700775146,True,True,0.9862664800723742,1.0299995119749208,0,0,18,0.9338981984949803,recloser_disswitch(r:p1udt228-p1udt62)p1u_12237,149.60297346807255,6361.53749282527,True,0.9862664800723742,1.0299995119749208,0,0,18,0.9338981984949803,recloser_disswitch(r:p1udt228-p1udt62)p1u_12237,149.60297346807255,6361.53749282527
13,49459,2023-08-24T12:00,peak,3.0,569.4340410232544,1.0,569.4340410232544,True,True,0.9783996210442972,1.0299994797340981,0,0,18,0.9769252225715248,recloser_disswitch(r:p1udt228-p1udt62)p1u_12237,170.98426305178882,6762.272596375573,True,0.9783996210442972,1.0299994797340981,0,0,18,0.9769252225715248,recloser_disswitch(r:p1udt228-p1udt62)p1u_12237,170.98426305178882,6762.272596375573
13,49459,2023-08-24T12:00,peak,5.0,949.0567350387573,0.69561767578125,660.180640212202,False,True,0.9690063747721133,1.029999446916346,0,0,18,1.1832126908527463,l(r:p1udm822-p1ulv579),195.2550930167843,7166.114637680577,True,0.9761752085263128,1.029999471927549,0,0,18,0.9999762937941782,l(r:p1udm822-p1ulv579),176.5280870590012,6858.699420677739
13,49459,2023-08-24T12:00,peak,10.0,1898.1134700775146,0.3477783203125,660.1227143860888,False,True,0.9442981293092348,1.0299993622428238,3,0,18,1.8002623801316402,l(r:p1udm822-p1ulv579),269.39005270155104,8189.360397646612,True,0.9761766150183074,1.029999471932447,0,0,18,0.999940078118982,l(r:p1udm822-p1ulv579),176.52455049549067,6858.6389460938
13,49553,2023-08-28T10:00,peak,1.0,197.9076976776123,1.0,197.9076976776123,True,True,0.987435335060055,1.0299995112101994,0,0,18,0.9322406154952368,recloser_disswitch(r:p1udt228-p1udt62)p1u_12237,150.23262351178766,6370.248936127297,True,0.987435335060055,1.0299995112101994,0,0,18,0.9322406154952368,recloser_disswitch(r:p1udt228-p1udt62)p1u_12237,150.23262351178766,6370.248936127297
13,49553,2023-08-28T10:00,peak,3.0,593.7230930328369,0.9298095703125,552.0494140174706,False,True,0.98061234838822,1.0299994773410721,0,0,18,1.0314056958183597,l(r:p1udm822-p1ulv579),173.1520954940966,6788.707045876592,True,0.9813358170167914,1.0299994809274953,0,0,18,0.9999825402550064,l(r:p1udm822-p1ulv579),170.59472768667382,6744.634935133422
13,49553,2023-08-28T10:00,peak,5.0,989.5384883880615,0.557861328125,552.0252553629689,False,True,0.9736426381124283,1.0299994427621686,0,0,18,1.333264895929943,l(r:p1udm822-p1ulv579),199.34680754692624,7210.625684566907,True,0.9813362255201799,1.0299994809294977,0,0,18,0.9999646869398049,l(r:p1udm822-p1ulv579),170.5932828727726,6744.610281131961
13,49553,2023-08-28T10:00,peak,10.0,1979.076976776123,0.2789306640625,552.0252553629689,False,True,0.95550834418434,1.0299993530236664,0,0,18,2.1136347213080815,l(r:p1udm822-p1ulv579),280.1556031559182,8281.011017550687,True,0.9813362255201799,1.0299994809294977,0,0,18,0.9999646869398049,l(r:p1udm822-p1ulv579),170.5932828727726,6744.610281131961
13,49846,2023-09-09T15:00,random,1.0,30.41227789223194,1.0,30.41227789223194,True,True,0.9891670588123409,1.0299995253865502,0,0,18,0.9166693728634677,recloser_disswitch(r:p1udt228-p1udt62)p1u_12237,141.38188121545673,6193.905419142131,True,0.9891670588123409,1.0299995253865502,0,0,18,0.9166693728634677,recloser_disswitch(r:p1udt228-p1udt62)p1u_12237,141.38188121545673,6193.905419142131
13,49846,2023-09-09T15:00,random,3.0,91.23683367669582,1.0,91.23683367669582,True,True,0.9860160599961336,1.0299995203467769,0,0,18,0.9249988094293522,recloser_disswitch(r:p1udt228-p1udt62)p1u_12237,144.32027928226142,6257.534335440547,True,0.9860160599961336,1.0299995203467769,0,0,18,0.9249988094293522,recloser_disswitch(r:p1udt228-p1udt62)p1u_12237,144.32027928226142,6257.534335440547
13,49846,2023-09-09T15:00,random,5.0,152.0613894611597,1.0,152.0613894611597,True,True,0.9827910201856938,1.029999515278498,0,0,18,0.9333679011531342,recloser_disswitch(r:p1udt228-p1udt62)p1u_12237,147.370529612704,6321.407917238375,True,0.9827910201856938,1.029999515278498,0,0,18,0.9333679011531342,recloser_disswitch(r:p1udt228-p1udt62)p1u_12237,147.370529612704,6321.407917238375
13,49846,2023-09-09T15:00,random,10.0,304.1227789223194,1.0,304.1227789223194,True,True,0.9745934688434366,1.0299995025313007,0,0,18,0.9543747168655636,recloser_disswitch(r:p1udt228-p1udt62)p1u_12237,155.46897273121155,6481.53762756833,True,0.9745934688434366,1.0299995025313007,0,0,18,0.9543747168655636,recloser_disswitch(r:p1udt228-p1udt62)p1u_12237,155.46897273121155,6481.53762756833
13,50168,2023-09-23T01:00,random,1.0,8.444974184036255,1.0,8.444974184036255,True,True,0.989256184801446,1.0299995271925908,0,0,18,0.9133775000717806,recloser_disswitch(r:p1udt228-p1udt62)p1u_12237,140.39201841837485,6170.8850107831,True,0.989256184801446,1.0299995271925908,0,0,18,0.9133775000717806,recloser_disswitch(r:p1udt228-p1udt62)p1u_12237,140.39201841837485,6170.8850107831
13,50168,2023-09-23T01:00,random,3.0,25.334922552108765,1.0,25.334922552108765,True,True,0.9891750083537562,1.0299995257654864,0,0,18,0.915129321476668,recloser_disswitch(r:p1udt228-p1udt62)p1u_12237,141.28601891642853,6188.537592489016,True,0.9891750083537562,1.0299995257654864,0,0,18,0.915129321476668,recloser_disswitch(r:p1udt228-p1udt62)p1u_12237,141.28601891642853,6188.537592489016
13,50168,2023-09-23T01:00,random,5.0,42.224870920181274,1.0,42.224870920181274,True,True,0.9890926026322415,1.0299995243252613,0,0,18,0.9169024272516454,recloser_disswitch(r:p1udt228-p1udt62)p1u_12237,142.19612365750413,6206.3353859539875,True,0.9890926026322415,1.0299995243252613,0,0,18,0.9169024272516454,recloser_disswitch(r:p1udt228-p1udt62)p1u_12237,142.19612365750413,6206.3353859539875
13,50168,2023-09-23T01:00,random,10.0,84.44974184036255,1.0,84.44974184036255,True,True,0.9888867481036858,1.0299995207238115,0,0,18,0.9213256948448638,recloser_disswitch(r:p1udt228-p1udt62)p1u_12237,144.510698463437,6250.749953725447,True,0.9888867481036858,1.0299995207238115,0,0,18,0.9213256948448638,recloser_disswitch(r:p1udt228-p1udt62)p1u_12237,144.510698463437,6250.749953725447
13,51647,2023-11-23T16:00,random,1.0,17.233353793621063,1.0,17.233353793621063,True,True,0.9892041575855186,1.029999526418878,0,0,18,0.9154105289802408,recloser_disswitch(r:p1udt228-p1udt62)p1u_12237,140.93775278681974,6180.447899539324,True,0.9892041575855186,1.029999526418878,0,0,18,0.9154105289802408,recloser_disswitch(r:p1udt228-p1udt62)p1u_12237,140.93775278681974,6180.447899539324
13,51647,2023-11-23T16:00,random,3.0,51.70006138086319,1.0,51.70006138086319,True,True,0.9890241983746372,1.0299995234997703,0,0,18,0.9211228971926665,recloser_disswitch(r:p1udt228-p1udt62)p1u_12237,142.9287168635867,6216.447149975344,True,0.9890241983746372,1.0299995234997703,0,0,18,0.9211228971926665,recloser_disswitch(r:p1udt228-p1udt62)p1u_12237,142.9287168635867,6216.447149975344
13,51647,2023-11-23T16:00,random,5.0,86.16676896810532,1.0,86.16676896810532,True,True,0.9881120083009852,1.0299995205281585,0,0,18,0.9269185203214173,recloser_disswitch(r:p1udt228-p1udt62)p1u_12237,145.0064114029395,6252.977700487143,True,0.9881120083009852,1.0299995205281585,0,0,18,0.9269185203214173,recloser_disswitch(r:p1udt228-p1udt62)p1u_12237,145.0064114029395,6252.977700487143
13,51647,2023-11-23T16:00,random,10.0,172.33353793621063,0.9769287109375,168.357581067321,False,True,0.9853973689500503,1.0299995130136022,0,0,18,1.0079330344889048,l(r:p1udt454lv-p1ulv1912)p1ud1,150.5038622863457,6344.791048401326,True,0.9855226665388895,1.0299995133588042,0,0,18,0.9999808813518248,l(r:p1udt454lv-p1ulv1912)p1ud1,150.24304616924226,6340.590884630527
14,44103,2023-01-13T08:00,random,1.0,79.95436143875122,1.0,79.95436143875122,True,True,0.9883914340292886,1.029999521167608,0,0,18,0.9204160051150629,recloser_disswitch(r:p1udt228-p1udt62)p1u_12237,144.14690438593138,6246.119382045267,True,0.9883914340292886,1.029999521167608,0,0,18,0.9204160051150629,recloser_disswitch(r:p1udt228-p1udt62)p1u_12237,144.14690438593138,6246.119382045267
14,44103,2023-01-13T08:00,random,3.0,239.86308431625366,1.0,239.86308431625366,True,True,0.984686301399148,1.029999507588421,0,0,18,0.9363122193228997,recloser_disswitch(r:p1udt228-p1udt62)p1u_12237,153.00697377397742,6414.811459792372,True,0.984686301399148,1.029999507588421,0,0,18,0.9363122193228997,recloser_disswitch(r:p1udt228-p1udt62)p1u_12237,153.00697377397742,6414.811459792372
14,44103,2023-01-13T08:00,random,5.0,399.7718071937561,1.0,399.7718071937561,True,True,0.9805500311227431,1.0299994938753714,0,0,18,0.9656317429558536,l(r:p1udm822-p1ulv579),162.49208738917798,6584.1953620561235,True,0.9805500311227431,1.0299994938753714,0,0,18,0.9656317429558536,l(r:p1udm822-p1ulv579),162.49208738917798,6584.1953620561235
14,44103,2023-01-13T08:00,random,10.0,799.5436143875122,0.5450439453125,435.7864060351858,False,True,0.969984251523638,1.0299994590266464,0,0,18,1.349907512582487,l(r:p1udm822-p1ulv579),189.00141240545688,7010.313807017986,True,0.9796104792963922,1.029999490763513,0,0,18,0.9999845821320766,l(r:p1udm822-p1ulv579),164.71868004801664,6622.496041005969
14,44752,2023-02-09T09:00,random,1.0,125.63688196241856,1.0,125.63688196241856,True,True,0.9871827130255258,1.0299995173650096,0,0,18,0.9297165886925338,recloser_disswitch(r:p1udt228-p1udt62)p1u_12237,146.48241807238333,6294.192905469319,True,0.9871827130255258,1.0299995173650096,0,0,18,0.9297165886925338,recloser_disswitch(r:p1udt228-p1udt62)p1u_12237,146.48241807238333,6294.192905469319
14,44752,2023-02-09T09:00,random,3.0,376.91064588725567,1.0,376.91064588725567,True,True,0.9817035159414161,1.0299994961234635,0,0,18,0.964306873113975,recloser_disswitch(r:p1udt228-p1udt62)p1u_12237,160.4938978637265,6559.316347064497,True,0.9817035159414161,1.0299994961234635,0,0,18,0.964306873113975,recloser_disswitch(r:p1udt228-p1udt62)p1u_12237,160.4938978637265,6559.316347064497
14,44752,2023-02-09T09:00,random,5.0,628.1844098120928,0.94757080078125,595.2492042439417,False,True,0.9755080894820811,1.0299994746403913,0,0,18,1.0173088290755716,l(r:p1udt175lv-p1ulv493),175.80716571372847,6825.884141744075,True,0.9763246820642805,1.0299994774610883,0,0,18,0.999981458007548,l(r:p1udt175lv-p1ulv493),173.73030760835553,6790.970117081914
14,44752,2023-02-09T09:00,random,10.0,1256.3688196241856,0.4737548828125,595.210862910335,False,True,0.9594877936824016,1.0299994198729394,0,0,18,1.3520647296296773,l(r:p1udt175lv-p1ulv493),220.019478364858,7498.341852859331,True,0.9763256216954499,1.0299994774643235,0,0,18,0.9999614642417022,l(r:p1udt175lv-p1ulv493),173.72794985117503,6790.930035997304
14,46073,2023-04-05T10:00,peak,1.0,190.9374189376831,1.0,190.9374189376831,True,True,0.987950562813383,1.029999511964896,0,0,18,0.9357674771845433,recloser_disswitch(r:p1udt228-p1udt62)p1u_12237,149.23855091151125,6362.274673125806,True,0.987950562813383,1.029999511964896,0,0,18,0.9357674771845433,recloser_disswitch(r:p1udt228-p1udt62)p1u_12237,149.23855091151125,6362.274673125806
14,46073,2023-04-05T10:00,peak,3.0,572.8122568130493,1.0,572.8122568130493,True,True,0.9821951459019431,1.0299994798028522,0,0,18,0.9824828450297645,recloser_disswitch(r:p1udt228-p1udt62)p1u_12237,169.3496155296692,6764.037440907359,True,0.9821951459019431,1.0299994798028522,0,0,18,0.9824828450297645,recloser_disswitch(r:p1udt228-p1udt62)p1u_12237,169.3496155296692,6764.037440907359
14,46073,2023-04-05T10:00,peak,5.0,954.6870946884155,0.74908447265625,715.1412788763992,False,True,0.9763457285622003,1.029999447218073,0,0,18,1.0295201087064416,recloser_disswitch(r:p1udt228-p1udt62)p1u_12237,191.57227451373706,7168.101395289141,True,0.9800243355582007,1.0299994676949766,0,0,18,0.9999982288113741,recloser_disswitch(r:p1udt228-p1udt62)p1u_12237,177.39032823137475,6914.522282807503
14,46073,2023-04-05T10:00,peak,10.0,1909.374189376831,0.37451171875,715.083009400405,False,True,0.9612917646071614,1.0299993638802245,0,0,18,1.3758184368384392,l(r:p1udt175lv-p1ulv493),256.7387461078564,8188.027824195754,True,0.9800252897356853,1.0299994677003748,0,0,18,0.9999903463914078,recloser_disswitch(r:p1udt228-p1udt62)p1u_12237,177.38670494616514,6914.45551267423
14,46294,2023-04-14T15:00,random,1.0,91.37446284294128,1.0,91.37446284294128,True,True,0.98617684284054,1.0299995201870893,0,0,18,0.9236331629696308,recloser_disswitch(r:p1udt228-p1udt62)p1u_12237,145.08275685912054,6258.575785068516,True,0.98617684284054,1.0299995201870893,0,0,18,0.9236331629696308,recloser_disswitch(r:p1udt228-p1udt62)p1u_12237,145.08275685912054,6258.575785068516
14,46294,2023-04-14T15:00,random,3.0,274.12338852882385,1.0,274.12338852882385,True,True,0.9725862216898318,1.0299995045168933,0,0,18,0.9461411180723186,recloser_disswitch(r:p1udt228-p1udt62)p1u_12237,156.85665293959013,6452.89255315353,True,0.9725862216898318,1.0299995045168933,0,0,18,0.9461411180723186,recloser_disswitch(r:p1udt228-p1udt62)p1u_12237,156.85665293959013,6452.89255315353
14,46294,2023-04-14T15:00,random,5.0,456.8723142147064,1.0,456.8723142147064,True,True,0.9584093696310337,1.0299994884769412,0,0,18,0.9690715838095877,recloser_disswitch(r:p1udt228-p1udt62)p1u_12237,170.7829236199084,6649.5302471746445,True,0.9584093696310337,1.0299994884769412,0,0,18,0.9690715838095877,recloser_disswitch(r:p1udt228-p1udt62)p1u_12237,170.7829236199084,6649.5302471746445
14,46294,2023-04-14T15:00,random,10.0,913.7446284294128,0.61431884765625,561.3305471888452,False,True,0.919906417645556,1.0299994466050064,6,0,18,1.3354416143856618,l(r:p1udt62lv-p1ulv157),216.2022010205878,7151.924778732786,True,0.9500041099238264,1.0299994791249139,0,0,18,0.9823929506828033,recloser_disswitch(r:p1udt228-p1udt62)p1u_12237,179.78151952943466,6763.102982367802
14,46385,2023-04-18T10:00,peak,1.0,188.02274084091187,1.0,188.02274084091187,True,True,0.9852941512821584,1.0299995120765342,0,0,18,0.9368437667710348,recloser_disswitch(r:p1udt228-p1udt62)p1u_12237,149.92170830198188,6360.048084275624,True,0.9852941512821584,1.0299995120765342,0,0,18,0.9368437667710348,recloser_disswitch(r:p1udt228-p1udt62)p1u_12237,149.92170830198188,6360.048084275624
14,46385,2023-04-18T10:00,peak,3.0,564.0682225227356,1.0,564.0682225227356,True,True,0.9734366813500699,1.0299994800117231,0,0,18,0.9859093178894374,recloser_disswitch(r:p1udt228-p1udt62)p1u_12237,172.25142787802335,6758.166459615357,True,0.9734366813500699,1.0299994800117231,0,0,18,0.9859093178894374,recloser_disswitch(r:p1udt228-p1udt62)p1u_12237,172.25142787802335,6758.166459615357
14,46385,2023-04-18T10:00,peak,5.0,940.1137042045593,0.71368408203125,670.944185990229,False,True,0.9604512798844718,1.0299994473345324,0,0,18,1.0355940922746474,recloser_disswitch(r:p1udt228-p1udt62)p1u_12237,197.93023957036317,7159.832225162328,True,0.9697928273217956,1.029999470772042,0,0,18,0.9999934700013763,recloser_disswitch(r:p1udt228-p1udt62)p1u_12237,179.21135334932228,6872.146274628446
14,46385,2023-04-18T10:00,peak,10.0,1880.2274084091187,0.3568115234375,670.8868060034001,False,True,0.9255257573235139,1.0299993627806907,15,0,18,1.2944185765396963,l(r:p1udm721-p1ulv530),278.1012770031752,8180.149170091141,True,0.9697948366945364,1.0299994707771591,0,0,18,0.9999856435652548,recloser_disswitch(r:p1udt228-p1udt62)p1u_12237,179.20746280990983,6872.083303960484
14,46413,2023-04-19T14:00,random,1.0,57.698155641555786,1.0,57.698155641555786,True,True,0.9882914398282209,1.0299995230787116,0,0,18,0.919380237831773,recloser_disswitch(r:p1udt228-p1udt62)p1u_12237,142.77294262265926,6222.609841654591,True,0.9882914398282209,1.0299995230787116,0,0,18,0.919380237831773,recloser_disswitch(r:p1udt228-p1udt62)p1u_12237,142.77294262265926,6222.609841654591
14,46413,2023-04-19T14:00,random,3.0,173.09446692466736,1.0,173.09446692466736,True,True,0.9862701688482309,1.0299995134087558,0,0,18,0.9331279574627234,recloser_disswitch(r:p1udt228-p1udt62)p1u_12237,148.59297890538187,6343.649340306852,True,0.9862701688482309,1.0299995134087558,0,0,18,0.9331279574627234,recloser_disswitch(r:p1udt228-p1udt62)p1u_12237,148.59297890538187,6343.649340306852
14,46413,2023-04-19T14:00,random,5.0,288.49077820777893,1.0,288.49077820777893,True,True,0.9842274975106746,1.029999503676335,0,0,18,0.9469378504217074,recloser_disswitch(r:p1udt228-p1udt62)p1u_12237,154.66702819757825,6465.116283811268,True,0.9842274975106746,1.029999503676335,0,0,18,0.9469378504217074,recloser_disswitch(r:p1udt228-p1udt62)p1u_12237,154.66702819757825,6465.116283811268
14,46413,2023-04-19T14:00,random,10.0,576.9815564155579,1.0,576.9815564155579,True,True,0.9767762151270492,1.0299994791362288,0,0,18,0.9816135268116557,recloser_disswitch(r:p1udt228-p1udt62)p1u_12237,170.94498168080813,6769.813852050985,True,0.9767762151270492,1.0299994791362288,0,0,18,0.9816135268116557,recloser_disswitch(r:p1udt228-p1udt62)p1u_12237,170.94498168080813,6769.813852050985
14,46948,2023-05-11T21:00,random,1.0,43.385165214538574,1.0,43.385165214538574,True,True,0.9891104221134476,1.0299995242658546,0,0,18,0.916931967348889,recloser_disswitch(r:p1udt228-p1udt62)p1u_12237,142.16373945827024,6207.656704722856,True,0.9891104221134476,1.0299995242658546,0,0,18,0.916931967348889,recloser_disswitch(r:p1udt228-p1udt62)p1u_12237,142.16373945827024,6207.656704722856
14,46948,2023-05-11T21:00,random,3.0,130.15549564361572,1.0,130.15549564361572,True,True,0.9862610814209355,1.0299995169623624,0,0,18,0.9258005110144971,recloser_disswitch(r:p1udt228-p1udt62)p1u_12237,146.7808975778651,6298.904070467059,True,0.9862610814209355,1.0299995169623624,0,0,18,0.9258005110144971,recloser_disswitch(r:p1udt228-p1udt62)p1u_12237,146.7808975778651,6298.904070467059
14,46948,2023-05-11T21:00,random,5.0,216.92582607269287,1.0,216.92582607269287,True,True,0.9819269361743236,1.029999509599799,0,0,18,0.93472823921081,recloser_disswitch(r:p1udt228-p1udt62)p1u_12237,151.66631835439205,6390.556635017383,True,0.9819269361743236,1.029999509599799,0,0,18,0.93472823921081,recloser_disswitch(r:p1udt228-p1udt62)p1u_12237,151.66631835439205,6390.556635017383
14,46948,2023-05-11T21:00,random,10.0,433.85165214538574,1.0,433.85165214538574,True,True,0.9708449213992805,1.0299994909832002,0,0,18,0.9572143276470017,recloser_disswitch(r:p1udt228-p1udt62)p1u_12237,165.05716412762584,6620.811170418199,True,0.9708449213992805,1.0299994909832002,0,0,18,0.9572143276470017,recloser_disswitch(r:p1udt228-p1udt62)p1u_12237,165.05716412762584,6620.811170418199
14,47304,2023-05-26T17:00,random,1.0,83.14106774330139,1.0,83.14106774330139,True,True,0.9886965178780409,1.0299995208857,0,0,18,0.9236226174762904,recloser_disswitch(r:p1udt228-p1udt62)p1u_12237,144.45394330262585,6249.666861917886,True,0.9886965178780409,1.0299995208857,0,0,18,0.9236226174762904,recloser_disswitch(r:p1udt228-p1udt62)p1u_12237,144.45394330262585,6249.666861917886
14,47304,2023-05-26T17:00,random,3.0,249.42320322990417,1.0,249.42320322990417,True,True,0.9846472716488228,1.029999506752442,0,0,18,0.9565569865291352,l(r:p1udt175lv-p1ulv493),153.97944665793702,6425.339889948261,True,0.9846472716488228,1.029999506752442,0,0,18,0.9565569865291352,l(r:p1udt175lv-p1ulv493),153.97944665793702,6425.339889948261
14,47304,2023-05-26T17:00,random,5.0,415.70533871650696,0.69671630859375,289.62868905327923,False,True,0.9804848465725797,1.0299994924749025,0,0,18,1.1366804529821373,l(r:p1udt175lv-p1ulv493),164.21425340259879,6601.845698371878,True,0.9836447453054018,1.0299995033078753,0,0,18,0.9999800232835974,l(r:p1udt175lv-p1ulv493),156.39191416311655,6468.010858431221
14,47304,2023-05-26T17:00,random,10.0,831.4106774330139,0.34832763671875,289.6033164129767,False,True,0.9697066368087471,1.0299994561951902,0,0,18,1.5944199888653463,l(r:p1udt175lv-p1ulv493),192.97221508886986,7046.056360739045,True,0.9836453803147525,1.0299995033100593,0,0,18,0.9999525398618245,l(r:p1udt175lv-p1ulv493),156.3903669947801,6467.983819901317
14,47458,2023-06-02T03:00,random,1.0,11.082432746887207,1.0,11.082432746887207,True,True,0.9892509147456839,1.0299995269673325,0,0,18,0.9143535476193381,recloser_disswitch(r:p1udt228-p1udt62)p1u_12237,140.6367243025044,6173.776634775149,True,0.9892509147456839,1.0299995269673325,0,0,18,0.9143535476193381,recloser_disswitch(r:p1udt228-p1udt62)p1u_12237,140.6367243025044,6173.776634775149
14,47458,2023-06-02T03:00,random,3.0,33.24729824066162,1.0,33.24729824066162,True,True,0.9857971246557999,1.029999525067371,0,0,18,0.9180878568807271,recloser_disswitch(r:p1udt228-p1udt62)p1u_12237,142.14566132608704,6197.375318881204,True,0.9857971246557999,1.029999525067371,0,0,18,0.9180878568807271,recloser_disswitch(r:p1udt228-p1udt62)p1u_12237,142.14566132608704,6197.375318881204
14,47458,2023-06-02T03:00,random,5.0,55.412163734436035,1.0,55.412163734436035,True,True,0.9811385010590515,1.0299995231326255,0,0,18,0.921869648194914,recloser_disswitch(r:p1udt228-p1udt62)p1u_12237,143.8376136620605,6221.230166794588,True,0.9811385010590515,1.0299995231326255,0,0,18,0.921869648194914,recloser_disswitch(r:p1udt228-p1udt62)p1u_12237,143.8376136620605,6221.230166794588
14,47458,2023-06-02T03:00,random,10.0,110.82432746887207,1.0,110.82432746887207,True,True,0.9691875525957558,1.0299995181663857,0,0,18,0.931486054960153,recloser_disswitch(r:p1udt228-p1udt62)p1u_12237,148.88817791954122,6281.662201277456,True,0.9691875525957558,1.0299995181663857,0,0,18,0.931486054960153,recloser_disswitch(r:p1udt228-p1udt62)p1u_12237,148.88817791954122,6281.662201277456
14,47868,2023-06-19T05:00,random,1.0,3.571868658065796,1.0,3.571868658065796,True,True,0.9890418166319862,1.029999527609539,0,0,18,0.9129318089131496,recloser_disswitch(r:p1udt228-p1udt62)p1u_12237,140.15026119552488,6165.742127885352,True,0.9890418166319862,1.029999527609539,0,0,18,0.9129318089131496,recloser_disswitch(r:p1udt228-p1udt62)p1u_12237,140.15026119552488,6165.742127885352
14,47868,2023-06-19T05:00,random,3.0,10.715605974197388,1.0,10.715605974197388,True,True,0.9885303131810189,1.0299995270069922,0,0,18,0.9138104220560033,recloser_disswitch(r:p1udt228-p1udt62)p1u_12237,140.56441918778197,6173.236977959051,True,0.9885303131810189,1.0299995270069922,0,0,18,0.9138104220560033,recloser_disswitch(r:p1udt228-p1udt62)p1u_12237,140.56441918778197,6173.236977959051
14,47868,2023-06-19T05:00,random,5.0,17.85934329032898,1.0,17.85934329032898,True,True,0.9880161571601037,1.02999952639802,0,0,18,0.9147000830416987,recloser_disswitch(r:p1udt228-p1udt62)p1u_12237,140.98908532317438,6180.804261625621,True,0.9880161571601037,1.02999952639802,0,0,18,0.9147000830416987,recloser_disswitch(r:p1udt228-p1udt62)p1u_12237,140.98908532317438,6180.804261625621
14,47868,2023-06-19T05:00,random,10.0,35.71868658065796,1.0,35.71868658065796,True,True,0.9867251518759078,1.0299995248743692,0,0,18,0.9169226055753147,recloser_disswitch(r:p1udt228-p1udt62)p1u_12237,142.08154260840135,6199.6989140870965,True,0.9867251518759078,1.0299995248743692,0,0,18,0.9169226055753147,recloser_disswitch(r:p1udt228-p1udt62)p1u_12237,142.08154260840135,6199.6989140870965
14,48214,2023-07-03T15:00,random,1.0,73.25083684921265,1.0,73.25083684921265,True,True,0.9873261025258253,1.029999521781095,0,0,18,0.9200550902341984,recloser_disswitch(r:p1udt228-p1udt62)p1u_12237,143.64135520046483,6238.769239138533,True,0.9873261025258253,1.029999521781095,0,0,18,0.9200550902341984,recloser_disswitch(r:p1udt228-p1udt62)p1u_12237,143.64135520046483,6238.769239138533
14,48214,2023-07-03T15:00,random,3.0,219.75251054763794,1.0,219.75251054763794,True,True,0.9827294830980349,1.029999509392107,0,0,18,0.9353148083087434,recloser_disswitch(r:p1udt228-p1udt62)p1u_12237,151.56306211104803,6393.263355389532,True,0.9827294830980349,1.029999509392107,0,0,18,0.9353148083087434,recloser_disswitch(r:p1udt228-p1udt62)p1u_12237,151.56306211104803,6393.263355389532
14,48214,2023-07-03T15:00,random,5.0,366.25418424606323,1.0,366.25418424606323,True,True,0.9763831554083044,1.0299994968789528,0,0,18,0.9506668866110872,recloser_disswitch(r:p1udt228-p1udt62)p1u_12237,160.1808717749441,6548.373337368024,True,0.9763831554083044,1.0299994968789528,0,0,18,0.9506668866110872,recloser_disswitch(r:p1udt228-p1udt62)p1u_12237,160.1808717749441,6548.373337368024
14,48214,2023-07-03T15:00,random,10.0,732.5083684921265,1.0,732.5083684921265,True,True,0.9599535158830577,1.029999465010836,0,0,18,0.989505601396731,recloser_disswitch(r:p1udt228-p1udt62)p1u_12237,184.91859651914308,6939.210775174259,True,0.9599535158830577,1.029999465010836,0,0,18,0.989505601396731,recloser_disswitch(r:p1udt228-p1udt62)p1u_12237,184.91859651914308,6939.210775174259
14,48449,2023-07-13T10:00,peak,1.0,185.93796157836914,1.0,185.93796157836914,True,True,0.985753775652382,1.0299995121967211,0,0,18,0.9337690162432433,recloser_disswitch(r:p1udt228-p1udt62)p1u_12237,149.93338430224978,6358.0113526046,True,0.985753775652382,1.0299995121967211,0,0,18,0.9337690162432433,recloser_disswitch(r:p1udt228-p1udt62)p1u_12237,149.93338430224978,6358.0113526046
14,48449,2023-07-13T10:00,peak,3.0,557.8138847351074,1.0,557.8138847351074,True,True,0.9757263384627437,1.0299994803595867,0,0,18,0.9766092270571474,recloser_disswitch(r:p1udt228-p1udt62)p1u_12237,172.29154686671097,6751.9486103527015,True,0.9757263384627437,1.0299994803595867,0,0,18,0.9766092270571474,recloser_disswitch(r:p1udt228-p1udt62)p1u_12237,172.29154686671097,6751.9486103527015
14,48449,2023-07-13T10:00,peak,5.0,929.6898078918457,0.81597900390625,758.6073633853812,False,True,0.9644042290617194,1.0299994478784469,0,0,18,1.0199866543989173,recloser_disswitch(r:p1udt228-p1udt62)p1u_12237,198.0001089632067,7149.473682108315,True,0.9696567880749103,1.0299994628844464,0,0,18,0.9999933751288399,recloser_disswitch(r:p1udt228-p1udt62)p1u_12237,185.758444447787,6966.356568859924
14,48449,2023-07-13T10:00,peak,10.0,1859.3796157836914,0.407958984375,758.5506196226925,False,True,0.9342465086673741,1.0299993637079183,6,0,18,1.37657069317859,l(r:p1udm822-p1ulv579),278.07520758711786,8159.297657638555,True,0.9696585942839687,1.029999462889712,0,0,18,0.9999862570148008,recloser_disswitch(r:p1udt228-p1udt62)p1u_12237,185.75429063135002,6966.292303264488
14,48450,2023-07-13T11:00,peak,1.0,197.65360134840012,1.0,197.65360134840012,True,True,0.9863209770756318,1.029999511264331,0,0,18,0.9361445176099235,recloser_disswitch(r:p1udt228-p1udt62)p1u_12237,150.32372095571014,6370.129116362802,True,0.9863209770756318,1.029999511264331,0,0,18,0.9361445176099235,recloser_disswitch(r:p1udt228-p1udt62)p1u_12237,150.32372095571014,6370.129116362802
14,48450,2023-07-13T11:00,peak,3.0,592.9608040452003,1.0,592.9608040452003,True,True,0.9730613676421966,1.029999477537436,0,0,18,0.9837825222126658,recloser_disswitch(r:p1udt228-p1udt62)p1u_12237,173.6875555496604,6788.48411293631,True,0.9730613676421966,1.029999477537436,0,0,18,0.9837825222126658,recloser_disswitch(r:p1udt228-p1udt62)p1u_12237,173.6875555496604,6788.48411293631
14,48450,2023-07-13T11:00,peak,5.0,988.2680067420006,0.7347412109375,726.1212320044069,False,True,0.9592730753509382,1.0299994431224166,0,0,18,1.0320394366207994,recloser_disswitch(r:p1udt228-p1udt62)p1u_12237,200.74022570790981,7210.777039646567,True,0.9684721509114088,1.0299994660048772,0,0,18,0.9999978183167866,recloser_disswitch(r:p1udt228-p1udt62)p1u_12237,182.38988343484965,6930.500771451844
14,48450,2023-07-13T11:00,peak,10.0,1976.5360134840012,0.36737060546875,726.1212320044069,False,True,0.9220805894834277,1.0299993538581134,9,0,18,1.3758739825287467,l(r:p1udm822-p1ulv579),286.0388847283318,8284.543476358198,True,0.9684721509114088,1.0299994660048772,0,0,18,0.9999978183167866,recloser_disswitch(r:p1udt228-p1udt62)p1u_12237,182.38988343484965,6930.500771451844
14,49081,2023-08-08T18:00,peak,1.0,184.03811740875244,1.0,184.03811740875244,True,True,0.9846703091760789,1.029999512397946,0,0,18,0.9344623840785312,recloser_disswitch(r:p1udt228-p1udt62)p1u_12237,149.6938079266401,6355.864753907843,True,0.9846703091760789,1.029999512397946,0,0,18,0.9344623840785312,recloser_disswitch(r:p1udt228-p1udt62)p1u_12237,149.6938079266401,6355.864753907843
14,49081,2023-08-08T18:00,peak,3.0,552.1143522262573,1.0,552.1143522262573,True,True,0.9701672236288114,1.0299994809100594,0,0,18,0.978787833633286,recloser_disswitch(r:p1udt228-p1udt62)p1u_12237,171.90931064377295,6745.860307385447,True,0.9701672236288114,1.0299994809100594,0,0,18,0.978787833633286,recloser_disswitch(r:p1udt228-p1udt62)p1u_12237,171.90931064377295,6745.860307385447
14,49081,2023-08-08T18:00,peak,5.0,920.1905870437622,0.77325439453125,711.5414152378798,False,True,0.9547367484073119,1.0299994486769226,0,0,18,1.0922795502759688,l(r:p1udt175lv-p1ulv493),198.0177590514534,7140.178313374736,True,0.9635705953484146,1.0299994670297579,0,0,18,0.9999973809644475,l(r:p1udt175lv-p1ulv493),182.73231343657037,6916.264482950653
14,49081,2023-08-08T18:00,peak,10.0,1840.3811740875244,0.3865966796875,711.4852512616199,False,True,0.9125262488000958,1.0299993646643038,15,0,18,1.560995587666807,l(r:p1udm721-p1ulv530),282.27908051141327,8144.619998013655,True,0.9635730079428834,1.0299994670348385,0,0,18,0.9999721424109803,l(r:p1udt175lv-p1ulv493),182.72824915995142,6916.202357795733
14,49289,2023-08-17T10:00,peak,1.0,186.71374398469925,1.0,186.71374398469925,True,True,0.9857709449783709,1.029999512174828,0,0,18,0.9366156927284758,recloser_disswitch(r:p1udt228-p1udt62)p1u_12237,149.8357285025803,6358.68645502304,True,0.9857709449783709,1.029999512174828,0,0,18,0.9366156927284758,recloser_disswitch(r:p1udt228-p1udt62)p1u_12237,149.8357285025803,6358.68645502304
14,49289,2023-08-17T10:00,peak,3.0,560.1412319540977,1.0,560.1412319540977,True,True,0.975918167682488,1.0299994803546826,0,0,18,0.9851571671904322,recloser_disswitch(r:p1udt228-p1udt62)p1u_12237,171.71272547095688,6753.705282441831,True,0.975918167682488,1.0299994803546826,0,0,18,0.9851571671904322,recloser_disswitch(r:p1udt228-p1udt62)p1u_12237,171.71272547095688,6753.705282441831
14,49289,2023-08-17T10:00,peak,5.0,933.5687199234962,0.6529541015625,609.5775247644997,False,True,0.9647454828012255,1.029999447978673,0,0,18,1.167456628113031,l(r:p1udt175lv-p1ulv493),196.53351210043704,7151.90244539965,True,0.9744569952530602,1.02999947608685,0,0,18,0.9999929145541001,l(r:p1udt175lv-p1ulv493),174.83557815176965,6806.404140412663
14,49289,2023-08-17T10:00,peak,10.0,1867.1374398469925,0.32647705078125,609.5775247644997,False,True,0.9350551072806036,1.0299993645038426,6,0,18,1.6605526225660823,l(r:p1udt175lv-p1ulv493),272.38107501240086,8161.369309468688,True,0.9744569952530602,1.02999947608685,0,0,18,0.9999929145541001,l(r:p1udt175lv-p1ulv493),174.83557815176965,6806.404140412663
14,49408,2023-08-22T09:00,peak,1.0,197.64600601792336,1.0,197.64600601792336,True,True,0.9862919540534808,1.029999511287244,0,0,18,0.9366364781311131,recloser_disswitch(r:p1udt228-p1udt62)p1u_12237,150.30876842975428,6370.056706294607,True,0.9862919540534808,1.029999511287244,0,0,18,0.9366364781311131,recloser_disswitch(r:p1udt228-p1udt62)p1u_12237,150.30876842975428,6370.056706294607
14,49408,2023-08-22T09:00,peak,3.0,592.9380180537701,1.0,592.9380180537701,True,True,0.9786168423474613,1.0299994776542047,0,0,18,0.985222514798947,recloser_disswitch(r:p1udt228-p1udt62)p1u_12237,173.3017092072837,6788.08519020478,True,0.9786168423474613,1.0299994776542047,0,0,18,0.985222514798947,recloser_disswitch(r:p1udt228-p1udt62)p1u_12237,173.3017092072837,6788.08519020478
14,49408,2023-08-22T09:00,peak,5.0,988.2300300896168,0.7205810546875,712.0998373558359,False,True,0.9693812882591475,1.0299994434282864,0,0,18,1.034329884192266,recloser_disswitch(r:p1udt228-p1udt62)p1u_12237,199.45942813728954,7209.481438429827,True,0.9758562330547377,1.0299994673840338,0,0,18,0.9999973686217497,recloser_disswitch(r:p1udt228-p1udt62)p1u_12237,180.85793076336316,6914.947469655047
14,49408,2023-08-22T09:00,peak,10.0,1976.4600601792336,0.36029052734375,712.0998373558359,False,True,0.9450609012138158,1.029999355151036,9,0,18,1.4480212517827598,l(r:p1udm822-p1ulv579),279.6310862422283,8277.947389749457,True,0.9758562330547377,1.0299994673840338,0,0,18,0.9999973686217497,recloser_disswitch(r:p1udt228-p1udt62)p1u_12237,180.85793076336316,6914.947469655047
14,49409,2023-08-22T10:00,peak,1.0,219.909832239151,1.0,219.909832239151,True,True,0.9864467232724555,1.029999509416442,0,0,18,0.9407686092959011,recloser_disswitch(r:p1udt228-p1udt62)p1u_12237,151.42794642279108,6393.462523917611,True,0.9864467232724555,1.029999509416442,0,0,18,0.9407686092959011,recloser_disswitch(r:p1udt228-p1udt62)p1u_12237,151.42794642279108,6393.462523917611
14,49409,2023-08-22T10:00,peak,3.0,659.729496717453,1.0,659.729496717453,True,True,0.979620670408537,1.029999472021328,0,0,18,0.9976446051514258,recloser_disswitch(r:p1udt228-p1udt62)p1u_12237,176.79529389377245,6858.356124554673,True,0.979620670408537,1.029999472021328,0,0,18,0.9976446051514258,recloser_disswitch(r:p1udt228-p1udt62)p1u_12237,176.79529389377245,6858.356124554673
14,49409,2023-08-22T10:00,peak,5.0,1099.549161195755,0.61627197265625,677.621330602633,False,True,0.9711037646606102,1.0299994339943426,0,0,18,1.0551299636727676,l(r:p1udm822-p1ulv579),205.51045297202248,7326.834402689033,True,0.9792760399051009,1.029999470472116,0,0,18,0.999995534970908,recloser_disswitch(r:p1udt228-p1udt62)p1u_12237,177.9064877237924,6877.518561361313
14,49409,2023-08-22T10:00,peak,10.0,2199.09832239151,0.30810546875,677.5542194477748,False,True,0.9488449825831462,1.0299993360647557,3,0,18,1.5372286329643479,l(r:p1udm822-p1ulv579),292.8057222825152,8513.746337640527,True,0.9792774080734655,1.02999947047842,0,0,18,0.9999858891145749,recloser_disswitch(r:p1udt228-p1udt62)p1u_12237,177.90199381228038,6877.440831100106
14,49410,2023-08-22T11:00,peak,1.0,204.56667828559875,1.0,204.56667828559875,True,True,0.985191829634226,1.0299995106398243,0,0,18,0.9417274911929416,recloser_disswitch(r:p1udt228-p1udt62)p1u_12237,151.11697399664325,6377.796119545421,True,0.985191829634226,1.0299995106398243,0,0,18,0.9417274911929416,recloser_disswitch(r:p1udt228-p1udt62)p1u_12237,151.11697399664325,6377.796119545421
14,49410,2023-08-22T11:00,peak,3.0,613.7000348567963,0.9920654296875,608.8305887794413,False,True,0.9730547115605048,1.0299994756368689,0,0,18,1.0006766654976809,recloser_disswitch(r:p1udt228-p1udt62)p1u_12237,176.25809927111604,6811.781056970027,True,0.9732058460501812,1.029999476042863,0,0,18,0.999996420435937,recloser_disswitch(r:p1udt228-p1udt62)p1u_12237,175.94558362018722,6806.76611529998
14,49410,2023-08-22T11:00,peak,5.0,1022.8333914279938,0.59521484375,608.8056172610959,False,True,0.9597907974361229,1.0299994399231651,0,0,18,1.1957276846826523,l(r:p1udt175lv-p1ulv493),205.34251362352822,7249.924837722196,True,0.9732066936232684,1.0299994760452378,0,0,18,0.9999924145142054,recloser_disswitch(r:p1udt228-p1udt62)p1u_12237,175.9437737216679,6806.736916748563
14,49410,2023-08-22T11:00,peak,10.0,2045.6667828559875,0.297607421875,608.8056172610959,False,True,0.9240498128032629,1.029999347287096,21,0,18,1.7192663471770584,l(r:p1udt175lv-p1ulv493),296.9132158506241,8364.545319082075,True,0.9732066936232684,1.0299994760452378,0,0,18,0.9999924145142054,recloser_disswitch(r:p1udt228-p1udt62)p1u_12237,175.9437737216679,6806.736916748563
14,49458,2023-08-24T11:00,peak,1.0,192.7057340145111,1.0,192.7057340145111,True,True,0.9859088641718874,1.029999511640418,0,0,18,0.937067471909555,recloser_disswitch(r:p1udt228-p1udt62)p1u_12237,150.1893563886853,6365.0030550624115,True,0.9859088641718874,1.029999511640418,0,0,18,0.937067471909555,recloser_disswitch(r:p1udt228-p1udt62)p1u_12237,150.1893563886853,6365.0030550624115
14,49458,2023-08-24T11:00,peak,3.0,578.1172020435333,1.0,578.1172020435333,True,True,0.9766799893573617,1.0299994787266844,0,0,18,0.9865182897295302,recloser_disswitch(r:p1udt228-p1udt62)p1u_12237,172.8072671733054,6772.768435374409,True,0.9766799893573617,1.0299994787266844,0,0,18,0.9865182897295302,recloser_disswitch(r:p1udt228-p1udt62)p1u_12237,172.8072671733054,6772.768435374409
14,49458,2023-08-24T11:00,peak,5.0,963.5286700725555,0.67242431640625,647.9001073113614,False,True,0.9660582925308623,1.0299994452351966,0,0,18,1.1534298527809723,l(r:p1udt175lv-p1ulv493),198.40277622641725,7183.72177473974,True,0.9747781659600715,1.0299994726909014,0,0,18,0.9999753348635869,l(r:p1udt175lv-p1ulv493),177.22678781614252,6847.117614427868
14,49458,2023-08-24T11:00,peak,10.0,1927.057340145111,0.336181640625,647.8412981884321,False,True,0.9379320249532941,1.0299993588698988,6,0,18,1.6318926964120763,l(r:p1udt175lv-p1ulv493),276.2890341449435,8225.195534086686,True,0.9747797258858651,1.0299994726957722,0,0,18,0.9999475656975789,l(r:p1udt175lv-p1ulv493),177.22315925992646,6847.057571761601
14,49459,2023-08-24T12:00,peak,1.0,189.81134700775146,1.0,189.81134700775146,True,True,0.9867927773823155,1.0299995118986363,0,0,18,0.9371918899218129,recloser_disswitch(r:p1udt228-p1udt62)p1u_12237,150.0290277732418,6361.957010721428,True,0.9867927773823155,1.0299995118986363,0,0,18,0.9371918899218129,recloser_disswitch(r:p1udt228-p1udt62)p1u_12237,150.0290277732418,6361.957010721428
14,49459,2023-08-24T12:00,peak,3.0,569.4340410232544,1.0,569.4340410232544,True,True,0.978926192995093,1.029999479552269,0,0,18,0.9868469272551141,recloser_disswitch(r:p1udt228-p1udt62)p1u_12237,172.08326257185504,6763.370808882976,True,0.978926192995093,1.029999479552269,0,0,18,0.9868469272551141,recloser_disswitch(r:p1udt228-p1udt62)p1u_12237,172.08326257185504,6763.370808882976
14,49459,2023-08-24T12:00,peak,5.0,949.0567350387573,0.705078125,669.1591432597488,False,True,0.9707882462746759,1.029999446698716,0,0,18,1.0789472080168088,l(r:p1udt175lv-p1ulv493),196.76495932419633,7167.630397430051,True,0.9768037413489041,1.0299994709556302,0,0,18,0.9999956853181953,recloser_disswitch(r:p1udt228-p1udt62)p1u_12237,178.31883727248524,6869.4788266475125
14,49459,2023-08-24T12:00,peak,10.0,1898.1134700775146,0.3525390625,669.1591432597488,False,True,0.9495779056216171,1.0299993622898587,3,0,18,1.5754790800768457,l(r:p1udm822-p1ulv579),270.5674495276007,8190.563772257138,True,0.9768037413489041,1.0299994709556302,0,0,18,0.9999956853181953,recloser_disswitch(r:p1udt228-p1udt62)p1u_12237,178.31883727248524,6869.4788266475125
14,49553,2023-08-28T10:00,peak,1.0,197.9076976776123,1.0,197.9076976776123,True,True,0.9842673860275832,1.0299995112301206,0,0,18,0.941571914926959,recloser_disswitch(r:p1udt228-p1udt62)p1u_12237,150.72831535956436,6370.751258529963,True,0.9842673860275832,1.0299995112301206,0,0,18,0.941571914926959,recloser_disswitch(r:p1udt228-p1udt62)p1u_12237,150.72831535956436,6370.751258529963
14,49553,2023-08-28T10:00,peak,3.0,593.7230930328369,0.99713134765625,592.0199078904698,False,True,0.9714115160105908,1.0299994774161387,0,0,18,1.0002257256220133,recloser_disswitch(r:p1udt228-p1udt62)p1u_12237,175.11696841860604,6790.668283709496,True,0.9714680624848973,1.0299994775486567,0,0,18,0.9999972809007508,recloser_disswitch(r:p1udt228-p1udt62)p1u_12237,175.01305292112318,6789.023563513692
14,49553,2023-08-28T10:00,peak,5.0,989.5384883880615,0.5982666015625,592.0078285632189,False,True,0.9569542895606074,1.029999442898982,0,0,18,1.0597030101850071,recloser_disswitch(r:p1udt228-p1udt62)p1u_12237,203.50564900261548,7214.797945031498,True,0.9714684815400332,1.0299994775496568,0,0,18,0.9999955519190052,recloser_disswitch(r:p1udt228-p1udt62)p1u_12237,175.0122808824145,6789.011190547166
14,49553,2023-08-28T10:00,peak,10.0,1979.076976776123,0.29913330078125,592.0078285632189,False,True,0.9177779263780891,1.0299993532433012,21,0,18,1.2632660829204763,l(r:p1udm721-p1ulv530),293.85395511492334,8294.891139814987,True,0.9714684815400332,1.0299994775496568,0,0,18,0.9999955519190052,recloser_disswitch(r:p1udt228-p1udt62)p1u_12237,175.0122808824145,6789.011190547166
14,49846,2023-09-09T15:00,random,1.0,30.41227789223194,1.0,30.41227789223194,True,True,0.9891647096016789,1.029999525373522,0,0,18,0.9154809631359306,recloser_disswitch(r:p1udt228-p1udt62)p1u_12237,141.34342761156475,6193.88050345452,True,0.9891647096016789,1.029999525373522,0,0,18,0.9154809631359306,recloser_disswitch(r:p1udt228-p1udt62)p1u_12237,141.34342761156475,6193.88050345452
14,49846,2023-09-09T15:00,random,3.0,91.23683367669582,1.0,91.23683367669582,True,True,0.9889044471994075,1.029999520330849,0,0,18,0.9213865678614868,recloser_disswitch(r:p1udt228-p1udt62)p1u_12237,144.16261941670516,6257.173035320458,True,0.9889044471994075,1.029999520330849,0,0,18,0.9213865678614868,recloser_disswitch(r:p1udt228-p1udt62)p1u_12237,144.16261941670516,6257.173035320458
14,49846,2023-09-09T15:00,random,5.0,152.0613894611597,1.0,152.0613894611597,True,True,0.9886402353974703,1.0299995152464068,0,0,18,0.9273483467607903,recloser_disswitch(r:p1udt228-p1udt62)p1u_12237,147.06081356708737,6320.885381022042,True,0.9886402353974703,1.0299995152464068,0,0,18,0.9273483467607903,recloser_disswitch(r:p1udt228-p1udt62)p1u_12237,147.06081356708737,6320.885381022042
14,49846,2023-09-09T15:00,random,10.0,304.1227789223194,1.0,304.1227789223194,True,True,0.9879746626112723,1.0299995024565463,0,0,18,0.942306587228783,recloser_disswitch(r:p1udt228-p1udt62)p1u_12237,154.59686548108382,6480.670816368263,True,0.9879746626112723,1.0299995024565463,0,0,18,0.942306587228783,recloser_disswitch(r:p1udt228-p1udt62)p1u_12237,154.59686548108382,6480.670816368263
14,50168,2023-09-23T01:00,random,1.0,8.444974184036255,1.0,8.444974184036255,True,True,0.9884853848867728,1.0299995271906945,0,0,18,0.9139093892940258,recloser_disswitch(r:p1udt228-p1udt62)p1u_12237,140.46682007223248,6170.958592315411,True,0.9884853848867728,1.0299995271906945,0,0,18,0.9139093892940258,recloser_disswitch(r:p1udt228-p1udt62)p1u_12237,140.46682007223248,6170.958592315411
14,50168,2023-09-23T01:00,random,3.0,25.334922552108765,1.0,25.334922552108765,True,True,0.986852672129785,1.0299995257533936,0,0,18,0.9167324924211984,recloser_disswitch(r:p1udt228-p1udt62)p1u_12237,141.5582551050595,6188.790549442646,True,0.986852672129785,1.0299995257533936,0,0,18,0.9167324924211984,recloser_disswitch(r:p1udt228-p1udt62)p1u_12237,141.5582551050595,6188.790549442646
14,50168,2023-09-23T01:00,random,5.0,42.224870920181274,1.0,42.224870920181274,True,True,0.9851998889052972,1.0299995242915554,0,0,18,0.9195930000880588,recloser_disswitch(r:p1udt228-p1udt62)p1u_12237,142.7326705849447,6206.844878800013,True,0.9851998889052972,1.0299995242915554,0,0,18,0.9195930000880588,recloser_disswitch(r:p1udt228-p1udt62)p1u_12237,142.7326705849447,6206.844878800013
14,50168,2023-09-23T01:00,random,10.0,84.44974184036255,1.0,84.44974184036255,True,True,0.9785036070742883,1.0299995205693377,0,0,18,0.9268326091394562,recloser_disswitch(r:p1udt228-p1udt62)p1u_12237,146.0175374690229,6252.435251839875,True,0.9785036070742883,1.0299995205693377,0,0,18,0.9268326091394562,recloser_disswitch(r:p1udt228-p1udt62)p1u_12237,146.0175374690229,6252.435251839875
14,51647,2023-11-23T16:00,random,1.0,17.233353793621063,1.0,17.233353793621063,True,True,0.9878476608841544,1.0299995264446478,0,0,18,0.9151119902937744,recloser_disswitch(r:p1udt228-p1udt62)p1u_12237,140.98985305223766,6180.236091174823,True,0.9878476608841544,1.0299995264446478,0,0,18,0.9151119902937744,recloser_disswitch(r:p1udt228-p1udt62)p1u_12237,140.98985305223766,6180.236091174823
14,51647,2023-11-23T16:00,random,3.0,51.70006138086319,1.0,51.70006138086319,True,True,0.9848902086440593,1.0299995234790442,0,0,18,0.9203934834077089,recloser_disswitch(r:p1udt228-p1udt62)p1u_12237,143.26016035364307,6216.937633312316,True,0.9848902086440593,1.0299995234790442,0,0,18,0.9203934834077089,recloser_disswitch(r:p1udt228-p1udt62)p1u_12237,143.26016035364307,6216.937633312316
14,51647,2023-11-23T16:00,random,5.0,86.16676896810532,1.0,86.16676896810532,True,True,0.9800407036351411,1.0299995204686145,0,0,18,0.925731070129911,recloser_disswitch(r:p1udt228-p1udt62)p1u_12237,145.77922649566946,6253.920433423726,True,0.9800407036351411,1.0299995204686145,0,0,18,0.925731070129911,recloser_disswitch(r:p1udt228-p1udt62)p1u_12237,145.77922649566946,6253.920433423726
14,51647,2023-11-23T16:00,random,10.0,172.33353793621063,1.0,172.33353793621063,True,True,0.9675683798686704,1.029999512753065,0,0,18,0.9393028264738645,recloser_disswitch(r:p1udt228-p1udt62)p1u_12237,153.2077959778327,6347.46785228874,True,0.9675683798686704,1.029999512753065,0,0,18,0.9393028264738645,recloser_disswitch(r:p1udt228-p1udt62)p1u_12237,153.2077959778327,6347.46785228874
15,44103,2023-01-13T08:00,random,1.0,79.95436143875122,1.0,79.95436143875122,True,True,0.9830941158633338,1.0299995211752009,0,0,18,0.9258235658958986,recloser_disswitch(r:p1udt228-p1udt62)p1u_12237,144.51317803521337,6246.48887282932,True,0.9830941158633338,1.0299995211752009,0,0,18,0.9258235658958986,recloser_disswitch(r:p1udt228-p1udt62)p1u_12237,144.51317803521337,6246.48887282932
15,44103,2023-01-13T08:00,random,3.0,239.86308431625366,1.0,239.86308431625366,True,True,0.967125434510132,1.0299995074409103,0,0,18,0.9528135924021472,recloser_disswitch(r:p1udt228-p1udt62)p1u_12237,155.3007765327553,6417.075378357357,True,0.967125434510132,1.0299995074409103,0,0,18,0.9528135924021472,recloser_disswitch(r:p1udt228-p1udt62)p1u_12237,155.3007765327553,6417.075378357357
15,44103,2023-01-13T08:00,random,5.0,399.7718071937561,1.0,399.7718071937561,True,True,0.9503106420978212,1.0299994933023133,0,0,18,0.9803216577330855,recloser_disswitch(r:p1udt228-p1udt62)p1u_12237,168.4958993924962,6590.245175326975,True,0.9503106420978212,1.0299994933023133,0,0,18,0.9803216577330855,recloser_disswitch(r:p1udt228-p1udt62)p1u_12237,168.4958993924962,6590.245175326975
15,44103,2023-01-13T08:00,random,10.0,799.5436143875122,0.5035400390625,402.60222282086033,False,True,0.9037908928101369,1.0299994559551269,6,0,18,1.0586605701236347,l(r:p1udt259lv-p1ulv647),213.9183825436438,7035.426842039693,True,0.9500034161317003,1.029999493047103,0,0,18,0.9808154596502334,recloser_disswitch(r:p1udt228-p1udt62)p1u_12237,168.75367458384062,6593.347195850477
15,44752,2023-02-09T09:00,random,1.0,125.63688196241856,1.0,125.63688196241856,True,True,0.9857873195388888,1.0299995173998346,0,0,18,0.9316828698517424,recloser_disswitch(r:p1udt228-p1udt62)p1u_12237,146.49529443083387,6294.209673221845,True,0.9857873195388888,1.0299995173998346,0,0,18,0.9316828698517424,recloser_disswitch(r:p1udt228-p1udt62)p1u_12237,146.49529443083387,6294.209673221845
15,44752,2023-02-09T09:00,random,3.0,376.91064588725567,1.0,376.91064588725567,True,True,0.9778472777382533,1.0299994961689487,0,0,18,0.9702985747086827,recloser_disswitch(r:p1udt228-p1udt62)p1u_12237,160.9231649803748,6559.73964559251,True,0.9778472777382533,1.0299994961689487,0,0,18,0.9702985747086827,recloser_disswitch(r:p1udt228-p1udt62)p1u_12237,160.9231649803748,6559.73964559251
15,44752,2023-02-09T09:00,random,5.0,628.1844098120928,0.9046630859375,568.295246718435,False,True,0.9689362555817257,1.0299994746094583,0,0,18,1.0093137091644553,recloser_disswitch(r:p1udt228-p1udt62)p1u_12237,177.2119501732867,6827.273439158582,True,0.9710783157833621,1.0299994797679506,0,0,18,0.9999965680627414,recloser_disswitch(r:p1udt228-p1udt62)p1u_12237,173.16319735590673,6763.4484003290645
15,44752,2023-02-09T09:00,random,10.0,1256.3688196241856,0.45233154296875,568.295246718435,False,True,0.9455692728130964,1.029999419212032,9,0,18,1.1086580539224695,recloser_disswitch(r:p1udt228-p1udt62)p1u_12237,226.6482051305755,7504.944750867196,True,0.9710783157833621,1.0299994797679506,0,0,18,0.9999965680627414,recloser_disswitch(r:p1udt228-p1udt62)p1u_12237,173.16319735590673,6763.4484003290645
15,46073,2023-04-05T10:00,peak,1.0,190.9374189376831,1.0,190.9374189376831,True,True,0.9836483682620897,1.0299995120715602,0,0,18,0.940770725753357,recloser_disswitch(r:p1udt228-p1udt62)p1u_12237,149.21763796947974,6362.245338286737,True,0.9836483682620897,1.0299995120715602,0,0,18,0.940770725753357,recloser_disswitch(r:p1udt228-p1udt62)p1u_12237,149.21763796947974,6362.245338286737
15,46073,2023-04-05T10:00,peak,3.0,572.8122568130493,1.0,572.8122568130493,True,True,0.9689117909096628,1.0299994800397683,0,0,18,0.9977278719619724,recloser_disswitch(r:p1udt228-p1udt62)p1u_12237,170.08883302264383,6764.76550472646,True,0.9689117909096628,1.0299994800397683,0,0,18,0.9977278719619724,recloser_disswitch(r:p1udt228-p1udt62)p1u_12237,170.08883302264383,6764.76550472646
15,46073,2023-04-05T10:00,peak,5.0,954.6870946884155,0.61566162109375,587.7642043531523,False,True,0.9535106307238561,1.029999447442365,0,0,18,1.0553755984910698,recloser_disswitch(r:p1udt228-p1udt62)p1u_12237,194.28317784129558,7170.944802454697,True,0.9683167477441814,1.0299994787629612,0,0,18,0.9999920363433593,recloser_disswitch(r:p1udt228-p1udt62)p1u_12237,170.97954229373684,6780.73384922749
15,46073,2023-04-05T10:00,peak,10.0,1909.374189376831,0.30780029296875,587.7059348771581,False,True,0.9115958266333672,1.0299993633457105,12,0,18,1.20261456284255,recloser_disswitch(r:p1udt228-p1udt62)p1u_12237,270.96167445406815,8202.29985607282,True,0.968319060435107,1.0299994787679194,0,0,18,0.9999832461764405,recloser_disswitch(r:p1udt228-p1udt62)p1u_12237,170.97607406781532,6780.671837088179
15,46294,2023-04-14T15:00,random,1.0,91.37446284294128,1.0,91.37446284294128,True,True,0.9829692759966259,1.0299995202029784,0,0,18,0.9277392444016004,recloser_disswitch(r:p1udt228-p1udt62)p1u_12237,145.1539118780168,6258.621950400573,True,0.9829692759966259,1.0299995202029784,0,0,18,0.9277392444016004,recloser_disswitch(r:p1udt228-p1udt62)p1u_12237,145.1539118780168,6258.621950400573
15,46294,2023-04-14T15:00,random,3.0,274.12338852882385,1.0,274.12338852882385,True,True,0.9667393788152239,1.0299995045105281,0,0,18,0.9585664317061765,recloser_disswitch(r:p1udt228-p1udt62)p1u_12237,157.41049534326274,6453.435049303116,True,0.9667393788152239,1.0299995045105281,0,0,18,0.9585664317061765,recloser_disswitch(r:p1udt228-p1udt62)p1u_12237,157.41049534326274,6453.435049303116
15,46294,2023-04-14T15:00,random,5.0,456.8723142147064,0.9915771484375,453.0241465290601,False,True,0.94963163133448,1.029999488359559,3,0,18,0.989984525209696,recloser_disswitch(r:p1udt228-p1udt62)p1u_12237,172.36001101878142,6651.208347173827,True,0.9500000415540936,1.029999488702991,0,0,18,0.9893194999425262,recloser_disswitch(r:p1udt228-p1udt62)p1u_12237,172.0169559852693,6647.030979739579
15,46294,2023-04-14T15:00,random,10.0,913.7446284294128,0.49578857421875,453.0241465290601,False,True,0.902206986002564,1.0299994457528892,6,0,18,1.0728668753808521,l(r:p1udt259lv-p1ulv647),223.56399952360226,7159.270633034449,True,0.9500000415540936,1.029999488702991,0,0,18,0.9893194999425262,recloser_disswitch(r:p1udt228-p1udt62)p1u_12237,172.0169559852693,6647.030979739579
15,46385,2023-04-18T10:00,peak,1.0,188.02274084091187,1.0,188.02274084091187,True,True,0.9837634371285005,1.0299995120663772,0,0,18,0.941110303688979,recloser_disswitch(r:p1udt228-p1udt62)p1u_12237,150.41811181362542,6360.522335998092,True,0.9837634371285005,1.0299995120663772,0,0,18,0.941110303688979,recloser_disswitch(r:p1udt228-p1udt62)p1u_12237,150.41811181362542,6360.522335998092
15,46385,2023-04-18T10:00,peak,3.0,564.0682225227356,1.0,564.0682225227356,True,True,0.9700112538249,1.0299994797606604,0,0,18,0.9990595385397278,recloser_disswitch(r:p1udt228-p1udt62)p1u_12237,175.1216938019001,6761.001024846494,True,0.9700112538249,1.0299994797606604,0,0,18,0.9990595385397278,recloser_disswitch(r:p1udt228-p1udt62)p1u_12237,175.1216938019001,6761.001024846494
15,46385,2023-04-18T10:00,peak,5.0,940.1137042045593,0.606201171875,569.898029184551,False,True,0.954475106115636,1.0299994464979647,0,0,18,1.0581764716351356,recloser_disswitch(r:p1udt228-p1udt62)p1u_12237,205.21712814741608,7167.2944101704925,True,0.9697707569723666,1.0299994792362646,0,0,18,0.9999958115402655,recloser_disswitch(r:p1udt228-p1udt62)p1u_12237,175.5569115748021,6767.443837226225
15,46385,2023-04-18T10:00,peak,10.0,1880.2274084091187,0.3031005859375,569.898029184551,False,True,0.9120084712750982,1.0299993588049094,21,0,18,1.3137041733288868,l(r:p1udm721-p1ulv530),307.1496906523831,8209.314655937085,True,0.9697707569723666,1.0299994792362646,0,0,18,0.9999958115402655,recloser_disswitch(r:p1udt228-p1udt62)p1u_12237,175.5569115748021,6767.443837226225
15,46413,2023-04-19T14:00,random,1.0,57.698155641555786,1.0,57.698155641555786,True,True,0.9870726957763108,1.029999523055014,0,0,18,0.9221094714878202,recloser_disswitch(r:p1udt228-p1udt62)p1u_12237,143.15528025846837,6222.974658234183,True,0.9870726957763108,1.029999523055014,0,0,18,0.9221094714878202,recloser_disswitch(r:p1udt228-p1udt62)p1u_12237,143.15528025846837,6222.974658234183
15,46413,2023-04-19T14:00,random,3.0,173.09446692466736,1.0,173.09446692466736,True,True,0.9798841834049912,1.0299995132784434,0,0,18,0.9414075078623518,recloser_disswitch(r:p1udt228-p1udt62)p1u_12237,150.10869398734977,6345.1540094626625,True,0.9798841834049912,1.0299995132784434,0,0,18,0.9414075078623518,recloser_disswitch(r:p1udt228-p1udt62)p1u_12237,150.10869398734977,6345.1540094626625
15,46413,2023-04-19T14:00,random,5.0,288.49077820777893,1.0,288.49077820777893,True,True,0.9724040295078376,1.0299995033624039,0,0,18,0.9608866937639325,recloser_disswitch(r:p1udt228-p1udt62)p1u_12237,157.82626726905343,6468.2568994735575,True,0.9724040295078376,1.0299995033624039,0,0,18,0.9608866937639325,recloser_disswitch(r:p1udt228-p1udt62)p1u_12237,157.82626726905343,6468.2568994735575
15,46413,2023-04-19T14:00,random,10.0,576.9815564155579,0.89642333984375,517.2197338302794,False,True,0.9529139334711899,1.0299994779801003,0,0,18,1.01032441757632,recloser_disswitch(r:p1udt228-p1udt62)p1u_12237,180.64158956223764,6779.592952442421,True,0.9570475983343714,1.0299994833074584,0,0,18,0.9999980526569167,recloser_disswitch(r:p1udt228-p1udt62)p1u_12237,175.4869314315563,6714.696753565714
15,46948,2023-05-11T21:00,random,1.0,43.385165214538574,1.0,43.385165214538574,True,True,0.9891030737500907,1.0299995242763018,0,0,18,0.9183957124203572,recloser_disswitch(r:p1udt228-p1udt62)p1u_12237,142.07453680131317,6207.572296455294,True,0.9891030737500907,1.0299995242763018,0,0,18,0.9183957124203572,recloser_disswitch(r:p1udt228-p1udt62)p1u_12237,142.07453680131317,6207.572296455294
15,46948,2023-05-11T21:00,random,3.0,130.15549564361572,1.0,130.15549564361572,True,True,0.9887201089873805,1.0299995170383913,0,0,18,0.9301289347942289,recloser_disswitch(r:p1udt228-p1udt62)p1u_12237,146.39678873693262,6298.205511458573,True,0.9887201089873805,1.0299995170383913,0,0,18,0.9301289347942289,recloser_disswitch(r:p1udt228-p1udt62)p1u_12237,146.39678873693262,6298.205511458573
15,46948,2023-05-11T21:00,random,5.0,216.92582607269287,1.0,216.92582607269287,True,True,0.9883315821321111,1.0299995097394963,0,0,18,0.9419528143843139,recloser_disswitch(r:p1udt228-p1udt62)p1u_12237,150.86342787311722,6389.423754378425,True,0.9883315821321111,1.0299995097394963,0,0,18,0.9419528143843139,recloser_disswitch(r:p1udt228-p1udt62)p1u_12237,150.86342787311722,6389.423754378425
15,46948,2023-05-11T21:00,random,10.0,433.85165214538574,1.0,433.85165214538574,True,True,0.9852463630720709,1.0299994913544361,0,0,18,0.9716672528680537,recloser_disswitch(r:p1udt228-p1udt62)p1u_12237,162.5960476527273,6618.373153331967,True,0.9852463630720709,1.0299994913544361,0,0,18,0.9716672528680537,recloser_disswitch(r:p1udt228-p1udt62)p1u_12237,162.5960476527273,6618.373153331967
15,47304,2023-05-26T17:00,random,1.0,83.14106774330139,1.0,83.14106774330139,True,True,0.9875143789844533,1.0299995210222652,0,0,18,0.9248687280465192,recloser_disswitch(r:p1udt228-p1udt62)p1u_12237,143.87481959731488,6249.083825424122,True,0.9875143789844533,1.0299995210222652,0,0,18,0.9248687280465192,recloser_disswitch(r:p1udt228-p1udt62)p1u_12237,143.87481959731488,6249.083825424122
15,47304,2023-05-26T17:00,random,3.0,249.42320322990417,1.0,249.42320322990417,True,True,0.9839235001380251,1.029999507212175,0,0,18,0.9496494338585281,recloser_disswitch(r:p1udt228-p1udt62)p1u_12237,151.99826779071307,6423.3738759071175,True,0.9839235001380251,1.029999507212175,0,0,18,0.9496494338585281,recloser_disswitch(r:p1udt228-p1udt62)p1u_12237,151.99826779071307,6423.3738759071175
15,47304,2023-05-26T17:00,random,5.0,415.70533871650696,1.0,415.70533871650696,True,True,0.9802951935405033,1.029999493330515,0,0,18,0.9745171450536796,recloser_disswitch(r:p1udt228-p1udt62)p1u_12237,160.49467703192533,6598.147835099196,True,0.9802951935405033,1.029999493330515,0,0,18,0.9745171450536796,recloser_disswitch(r:p1udt228-p1udt62)p1u_12237,160.49467703192533,6598.147835099196
15,47304,2023-05-26T17:00,random,10.0,831.4106774330139,0.70428466796875,585.5497929015837,False,True,0.971061476667823,1.02999945835522,0,0,18,1.0369869166809695,recloser_disswitch(r:p1udt228-p1udt62)p1u_12237,183.37291045640544,7036.63562782468,True,0.9765496804046153,1.029999479082041,0,0,18,0.9999984229334542,recloser_disswitch(r:p1udt228-p1udt62)p1u_12237,169.5605012480874,6777.100483213224
15,47458,2023-06-02T03:00,random,1.0,11.082432746887207,1.0,11.082432746887207,True,True,0.9892502223603933,1.0299995269664672,0,0,18,0.9143455809454978,recloser_disswitch(r:p1udt228-p1udt62)p1u_12237,140.521915409425,6173.707657193647,True,0.9892502223603933,1.0299995269664672,0,0,18,0.9143455809454978,recloser_disswitch(r:p1udt228-p1udt62)p1u_12237,140.521915409425,6173.707657193647
15,47458,2023-06-02T03:00,random,3.0,33.24729824066162,1.0,33.24729824066162,True,True,0.9891594797852866,1.0299995250996223,0,0,18,0.9180073688293947,recloser_disswitch(r:p1udt228-p1udt62)p1u_12237,141.67837104273107,6196.820871887342,True,0.9891594797852866,1.0299995250996223,0,0,18,0.9180073688293947,recloser_disswitch(r:p1udt228-p1udt62)p1u_12237,141.67837104273107,6196.820871887342
15,47458,2023-06-02T03:00,random,5.0,55.412163734436035,1.0,55.412163734436035,True,True,0.9890663735341486,1.0299995232096597,0,0,18,0.9217070105926847,recloser_disswitch(r:p1udt228-p1udt62)p1u_12237,142.86939931638977,6220.17142597608,True,0.9890663735341486,1.0299995232096597,0,0,18,0.9217070105926847,recloser_disswitch(r:p1udt228-p1udt62)p1u_12237,142.86939931638977,6220.17142597608
15,47458,2023-06-02T03:00,random,10.0,110.82432746887207,1.0,110.82432746887207,True,True,0.9888330687750068,1.0299995184707014,0,0,18,0.9412004426885421,l(r:p1udt61lv-p1ulv156),145.95053593629953,6278.485181440944,True,0.9888330687750068,1.0299995184707014,0,0,18,0.9412004426885421,l(r:p1udt61lv-p1ulv156),145.95053593629953,6278.485181440944
15,47868,2023-06-19T05:00,random,1.0,3.571868658065796,1.0,3.571868658065796,True,True,0.9890415647117484,1.029999527609093,0,0,18,0.9130867355639907,recloser_disswitch(r:p1udt228-p1udt62)p1u_12237,140.1645425379069,6165.751497860534,True,0.9890415647117484,1.029999527609093,0,0,18,0.9130867355639907,recloser_disswitch(r:p1udt228-p1udt62)p1u_12237,140.1645425379069,6165.751497860534
15,47868,2023-06-19T05:00,random,3.0,10.715605974197388,1.0,10.715605974197388,True,True,0.988529456541,1.029999527004501,0,0,18,0.9142772167862396,recloser_disswitch(r:p1udt228-p1udt62)p1u_12237,140.6086627011865,6173.27896275679,True,0.988529456541,1.029999527004501,0,0,18,0.9142772167862396,recloser_disswitch(r:p1udt228-p1udt62)p1u_12237,140.6086627011865,6173.27896275679
15,47868,2023-06-19T05:00,random,5.0,17.85934329032898,1.0,17.85934329032898,True,True,0.98801470838569,1.0299995263935586,0,0,18,0.9154787488635688,recloser_disswitch(r:p1udt228-p1udt62)p1u_12237,141.0642006195586,6180.877049273728,True,0.98801470838569,1.0299995263935586,0,0,18,0.9154787488635688,recloser_disswitch(r:p1udt228-p1udt62)p1u_12237,141.0642006195586,6180.877049273728
15,47868,2023-06-19T05:00,random,10.0,35.71868658065796,1.0,35.71868658065796,True,True,0.9867222057293021,1.0299995248646456,0,0,18,0.9184812202505966,recloser_disswitch(r:p1udt228-p1udt62)p1u_12237,142.23842521716995,6199.849310039452,True,0.9867222057293021,1.0299995248646456,0,0,18,0.9184812202505966,recloser_disswitch(r:p1udt228-p1udt62)p1u_12237,142.23842521716995,6199.849310039452
15,48214,2023-07-03T15:00,random,1.0,73.25083684921265,1.0,73.25083684921265,True,True,0.9873169599532134,1.029999521791376,0,0,18,0.9234820611805941,recloser_disswitch(r:p1udt228-p1udt62)p1u_12237,143.81279270625703,6238.945701828471,True,0.9873169599532134,1.029999521791376,0,0,18,0.9234820611805941,recloser_disswitch(r:p1udt228-p1udt62)p1u_12237,143.81279270625703,6238.945701828471
15,48214,2023-07-03T15:00,random,3.0,219.75251054763794,1.0,219.75251054763794,True,True,0.982702017350368,1.0299995094250514,0,0,18,0.9456345491072259,recloser_disswitch(r:p1udt228-p1udt62)p1u_12237,152.13355201335537,6393.832371697384,True,0.982702017350368,1.0299995094250514,0,0,18,0.9456345491072259,recloser_disswitch(r:p1udt228-p1udt62)p1u_12237,152.13355201335537,6393.832371697384
15,48214,2023-07-03T15:00,random,5.0,366.25418424606323,1.0,366.25418424606323,True,True,0.9763370706939646,1.0299994969345532,0,0,18,0.9679317602036337,recloser_disswitch(r:p1udt228-p1udt62)p1u_12237,161.22973091309453,6549.4202355658845,True,0.9763370706939646,1.0299994969345532,0,0,18,0.9679317602036337,recloser_disswitch(r:p1udt228-p1udt62)p1u_12237,161.22973091309453,6549.4202355658845
15,48214,2023-07-03T15:00,random,10.0,732.5083684921265,0.78497314453125,574.9993974107201,False,True,0.9598595142614404,1.0299994651227,0,0,18,1.0243715720365127,recloser_disswitch(r:p1udt228-p1udt62)p1u_12237,187.53844611279328,6941.820420820471,True,0.9670439406343997,1.0299994788975066,0,0,18,0.9999937259157416,recloser_disswitch(r:p1udt228-p1udt62)p1u_12237,175.59042881549797,6772.580509982776
15,48449,2023-07-13T10:00,peak,1.0,185.93796157836914,1.0,185.93796157836914,True,True,0.9824189395777791,1.029999512191725,0,0,18,0.9414838600298813,recloser_disswitch(r:p1udt228-p1udt62)p1u_12237,150.59078813456307,6358.631284337683,True,0.9824189395777791,1.029999512191725,0,0,18,0.9414838600298813,recloser_disswitch(r:p1udt228-p1udt62)p1u_12237,150.59078813456307,6358.631284337683
15,48449,2023-07-13T10:00,peak,3.0,557.8138847351074,0.99761962890625,556.4860806881916,False,True,0.9650272144255592,1.029999480155174,0,0,18,1.0001771603191005,recloser_disswitch(r:p1udt228-p1udt62)p1u_12237,175.67410343171622,6755.290104403706,True,0.9650831657269987,1.0299994802540045,0,0,18,0.9999962621705845,recloser_disswitch(r:p1udt228-p1udt62)p1u_12237,175.5869631710333,6754.063663975712
15,48449,2023-07-13T10:00,peak,5.0,929.6898078918457,0.59857177734375,556.4860806881916,False,True,0.9466570480008676,1.0299994471681237,6,0,18,1.0600645178541277,recloser_disswitch(r:p1udt228-p1udt62)p1u_12237,206.25436758463275,7157.904332846526,True,0.9650831913974914,1.029999480254061,0,0,18,0.9999961644156602,recloser_disswitch(r:p1udt228-p1udt62)p1u_12237,175.58690760350473,6754.062995240792
15,48449,2023-07-13T10:00,peak,10.0,1859.3796157836914,0.29925537109375,556.4293369255029,False,True,0.8954906005036913,1.0299993601205033,24,0,18,1.2154909628585344,recloser_disswitch(r:p1udt228-p1udt62)p1u_12237,310.4996178306227,8191.797064280981,True,0.9650859323602184,1.0299994802590555,0,0,18,0.9999870541912572,recloser_disswitch(r:p1udt228-p1udt62)p1u_12237,175.5826687766794,6754.001604058218
15,48450,2023-07-13T11:00,peak,1.0,197.65360134840012,1.0,197.65360134840012,True,True,0.97988903515385,1.0299995112216302,0,0,18,0.9430301052149751,recloser_disswitch(r:p1udt228-p1udt62)p1u_12237,151.21182825777493,6370.972587537214,True,0.97988903515385,1.0299995112216302,0,0,18,0.9430301052149751,recloser_disswitch(r:p1udt228-p1udt62)p1u_12237,151.21182825777493,6370.972587537214
15,48450,2023-07-13T11:00,peak,3.0,592.9608040452003,0.94659423828125,561.293280635804,False,True,0.956956481793651,1.0299994770970629,0,0,18,1.0050093080412008,recloser_disswitch(r:p1udt228-p1udt62)p1u_12237,178.41415899034942,6793.346641858784,True,0.9588524028871104,1.029999479869714,0,0,18,0.9999965293367595,recloser_disswitch(r:p1udt228-p1udt62)p1u_12237,175.9931539073124,6759.277081735387
15,48450,2023-07-13T11:00,peak,5.0,988.2680067420006,0.56793212890625,561.2691529989206,False,True,0.9322899601148811,1.0299994418348526,6,0,18,1.0684036285957943,recloser_disswitch(r:p1udt228-p1udt62)p1u_12237,212.50878331602732,7222.716970274225,True,0.9588538334063403,1.029999479871809,0,0,18,0.999992742870803,recloser_disswitch(r:p1udt228-p1udt62)p1u_12237,175.99134320042967,6759.251315911305
15,48450,2023-07-13T11:00,peak,10.0,1976.5360134840012,0.283935546875,561.2088339067122,False,True,0.8601675115071901,1.0299993475130227,23,0,18,1.447680769932048,l(r:p1udt259lv-p1ulv647),335.4020345613445,8333.871003541512,True,0.9588576640558625,1.0299994798774306,0,0,18,0.9999825709114446,recloser_disswitch(r:p1udt228-p1udt62)p1u_12237,175.98651888518344,6759.182373471105
15,49081,2023-08-08T18:00,peak,1.0,184.03811740875244,1.0,184.03811740875244,True,True,0.9831240472087919,1.0299995124337185,0,0,18,0.9406782954664924,recloser_disswitch(r:p1udt228-p1udt62)p1u_12237,150.03406454001404,6356.17793414188,True,0.9831240472087919,1.0299995124337185,0,0,18,0.9406782954664924,recloser_disswitch(r:p1udt228-p1udt62)p1u_12237,150.03406454001404,6356.17793414188
15,49081,2023-08-08T18:00,peak,3.0,552.1143522262573,1.0,552.1143522262573,True,True,0.96667984223766,1.0299994808730577,0,0,18,0.997756899860267,recloser_disswitch(r:p1udt228-p1udt62)p1u_12237,173.98089629089466,6747.904559653886,True,0.96667984223766,1.0299994808730577,0,0,18,0.997756899860267,recloser_disswitch(r:p1udt228-p1udt62)p1u_12237,173.98089629089466,6747.904559653886
15,49081,2023-08-08T18:00,peak,5.0,920.1905870437622,0.61529541015625,566.1890446770121,False,True,0.9486253541907884,1.029999448347303,3,0,18,1.056027285808172,recloser_disswitch(r:p1udt228-p1udt62)p1u_12237,203.4090901043337,7145.559583102772,True,0.966000778067358,1.0299994796307639,0,0,18,0.9999923939861562,recloser_disswitch(r:p1udt228-p1udt62)p1u_12237,175.0137438253096,6763.193550994663
15,49081,2023-08-08T18:00,peak,10.0,1840.3811740875244,0.3076171875,566.1328807007521,False,True,0.8984228616521324,1.0299993623318924,21,0,18,1.5854528773954732,l(r:p1udm721-p1ulv530),304.90493867711376,8167.199142120311,True,0.9660039288123496,1.029999479636772,0,0,18,0.9999815706284612,recloser_disswitch(r:p1udt228-p1udt62)p1u_12237,175.00883893296214,6763.120121435253
15,49289,2023-08-17T10:00,peak,1.0,186.71374398469925,1.0,186.71374398469925,True,True,0.9845252328521992,1.0299995122258712,0,0,18,0.9415943718275142,recloser_disswitch(r:p1udt228-p1udt62)p1u_12237,149.981336918189,6358.795043001763,True,0.9845252328521992,1.0299995122258712,0,0,18,0.9415943718275142,recloser_disswitch(r:p1udt228-p1udt62)p1u_12237,149.981336918189,6358.795043001763
15,49289,2023-08-17T10:00,peak,3.0,560.1412319540977,0.996826171875,558.3634399581497,False,True,0.9731608138382144,1.0299994804575772,0,0,18,1.000257630715521,recloser_disswitch(r:p1udt228-p1udt62)p1u_12237,172.5673206713222,6754.553453638303,True,0.9732186735237183,1.0299994805974433,0,0,18,0.9999996533086545,recloser_disswitch(r:p1udt228-p1udt62)p1u_12237,172.45983147139356,6752.812904264445
15,49289,2023-08-17T10:00,peak,5.0,933.5687199234962,0.59808349609375,558.3520438556116,False,True,0.959989840301681,1.0299994480729586,0,0,18,1.0596761054788817,recloser_disswitch(r:p1udt228-p1udt62)p1u_12237,198.70241273127297,7154.052964470982,True,0.9732190567133865,1.0299994805983839,0,0,18,0.9999979234854132,recloser_disswitch(r:p1udt228-p1udt62)p1u_12237,172.4591101232051,6752.801225269586
15,49289,2023-08-17T10:00,peak,10.0,1867.1374398469925,0.29901123046875,558.2950633429209,False,True,0.9245839575376352,1.0299993641909064,21,0,18,1.211808778368796,recloser_disswitch(r:p1udt228-p1udt62)p1u_12237,281.0752961620525,8170.180285527659,True,0.973221036524134,1.0299994806033064,0,0,18,0.9999888617159137,recloser_disswitch(r:p1udt228-p1udt62)p1u_12237,172.4553779803024,6752.740207962014
15,49408,2023-08-22T09:00,peak,1.0,197.64600601792336,1.0,197.64600601792336,True,True,0.9808232937468447,1.0299995113214744,0,0,18,0.9431031109922966,recloser_disswitch(r:p1udt228-p1udt62)p1u_12237,150.6666406044061,6370.40117579378,True,0.9808232937468447,1.0299995113214744,0,0,18,0.9431031109922966,recloser_disswitch(r:p1udt228-p1udt62)p1u_12237,150.6666406044061,6370.40117579378
15,49408,2023-08-22T09:00,peak,3.0,592.9380180537701,0.94573974609375,560.7650506435039,False,True,0.9599529363412912,1.0299994775210837,0,0,18,1.005078311633553,recloser_disswitch(r:p1udt228-p1udt62)p1u_12237,176.00033518654502,6790.913328118526,True,0.9617004328160426,1.029999480304893,0,0,18,0.9999939920082798,recloser_disswitch(r:p1udt228-p1udt62)p1u_12237,173.73498623407886,6756.4902011589575
15,49408,2023-08-22T09:00,peak,5.0,988.2300300896168,0.56744384765625,560.7650506435039,False,True,0.9376750378559883,1.0299994427841854,6,0,18,1.0682170610259458,recloser_disswitch(r:p1udt228-p1udt62)p1u_12237,207.01714385645133,7217.199466727237,True,0.9617003989694254,1.0299994803048378,0,0,18,0.9999940954782853,recloser_disswitch(r:p1udt228-p1udt62)p1u_12237,173.73503276114496,6756.490853840195
15,49408,2023-08-22T09:00,peak,10.0,1976.4600601792336,0.28369140625,560.7047338692064,False,True,0.8738086240032749,1.0299993510073993,15,0,18,1.3131972513011774,l(r:p1udt259lv-p1ulv647),314.7296857947544,8313.149488685865,True,0.9617033590877696,1.0299994803095505,0,0,18,0.9999854788750002,recloser_disswitch(r:p1udt228-p1udt62)p1u_12237,173.73118785167992,6756.432284191441
15,49409,2023-08-22T10:00,peak,1.0,219.909832239151,1.0,219.909832239151,True,True,0.9806272023571138,1.0299995094026329,0,0,18,0.9449042803562469,recloser_disswitch(r:p1udt228-p1udt62)p1u_12237,152.05219896389772,6394.054420020097,True,0.9806272023571138,1.0299995094026329,0,0,18,0.9449042803562469,recloser_disswitch(r:p1udt228-p1udt62)p1u_12237,152.05219896389772,6394.054420020097
15,49409,2023-08-22T10:00,peak,3.0,659.729496717453,0.89337158203125,589.3835841951513,False,True,0.9593388435566241,1.0299994716541558,0,0,18,1.0105864898290293,recloser_disswitch(r:p1udt228-p1udt62)p1u_12237,180.78676267540527,6862.488849129872,True,0.9628350929773477,1.0299994777619024,0,0,18,0.999997243582049,recloser_disswitch(r:p1udt228-p1udt62)p1u_12237,175.7671738036441,6787.141387718301
15,49409,2023-08-22T10:00,peak,5.0,1099.549161195755,0.5360107421875,589.3701619641797,False,True,0.9365926477493152,1.0299994328107225,6,0,18,1.0775874704324069,recloser_disswitch(r:p1udt228-p1udt62)p1u_12237,216.10067909710511,7337.593630850692,True,0.9628358105221911,1.0299994777631645,0,0,18,0.9999950530679058,recloser_disswitch(r:p1udt228-p1udt62)p1u_12237,175.7661519733166,6787.125851067259
15,49409,2023-08-22T10:00,peak,10.0,2199.09832239151,0.26800537109375,589.3701619641797,False,True,0.8712238626147984,1.0299993299751316,23,0,18,1.326624682616588,l(r:p1udt259lv-p1ulv647),339.067925066484,8560.121442973747,True,0.9628358105221911,1.0299994777631645,0,0,18,0.9999950530679058,recloser_disswitch(r:p1udt228-p1udt62)p1u_12237,175.7661519733166,6787.125851067259
15,49410,2023-08-22T11:00,peak,1.0,204.56667828559875,1.0,204.56667828559875,True,True,0.9823199912211864,1.0299995106807551,0,0,18,0.9432992899007422,recloser_disswitch(r:p1udt228-p1udt62)p1u_12237,151.29022656428427,6377.960563360103,True,0.9823199912211864,1.0299995106807551,0,0,18,0.9432992899007422,recloser_disswitch(r:p1udt228-p1udt62)p1u_12237,151.29022656428427,6377.960563360103
15,49410,2023-08-22T11:00,peak,3.0,613.7000348567963,0.93939208984375,576.5049582813081,False,True,0.9647243510026963,1.0299994755630824,0,0,18,1.005685286062108,recloser_disswitch(r:p1udt228-p1udt62)p1u_12237,178.17109672775146,6813.662304735057,True,0.9663553051246085,1.0299994787798736,0,0,18,0.9999930736332492,recloser_disswitch(r:p1udt228-p1udt62)p1u_12237,175.49658130905073,6773.991688219331
15,49410,2023-08-22T11:00,peak,5.0,1022.8333914279938,0.56365966796875,576.5299297996535,False,True,0.9461369369311805,1.029999439405963,6,0,18,1.0693615966584176,recloser_disswitch(r:p1udt228-p1udt62)p1u_12237,211.12568640066755,7255.914615849112,True,0.9663542132660029,1.0299994787777182,0,0,18,0.9999968877903661,recloser_disswitch(r:p1udt228-p1udt62)p1u_12237,175.49834851019776,6774.018285294084
15,49410,2023-08-22T11:00,peak,10.0,2045.6667828559875,0.28179931640625,576.46750100379,False,True,0.8943492354852222,1.0299993439881485,27,0,18,1.3105558007655242,l(r:p1udm721-p1ulv530),324.25507500897123,8391.832860788636,True,0.9663569116687543,1.0299994787830329,0,0,18,0.9999874860616135,recloser_disswitch(r:p1udt228-p1udt62)p1u_12237,175.4939669933887,6773.95266722699
15,49458,2023-08-24T11:00,peak,1.0,192.7057340145111,1.0,192.7057340145111,True,True,0.9838527411467616,1.0299995116144343,0,0,18,0.9417959829466284,recloser_disswitch(r:p1udt228-p1udt62)p1u_12237,150.98104920432553,6365.789461953924,True,0.9838527411467616,1.0299995116144343,0,0,18,0.9417959829466284,recloser_disswitch(r:p1udt228-p1udt62)p1u_12237,150.98104920432553,6365.789461953924
15,49458,2023-08-24T11:00,peak,3.0,578.1172020435333,0.98724365234375,570.7425380282075,False,True,0.9697652711069412,1.029999478411195,0,0,18,1.0011118966801529,recloser_disswitch(r:p1udt228-p1udt62)p1u_12237,176.85539618931455,6776.772910251793,True,0.970036814349975,1.02999947903819,0,0,18,0.9999966265833222,recloser_disswitch(r:p1udt228-p1udt62)p1u_12237,176.3220486470463,6769.05473157678
15,49458,2023-08-24T11:00,peak,5.0,963.5286700725555,0.59234619140625,570.7425380282075,False,True,0.9549682768790198,1.0299994442493465,0,0,18,1.0616088786640805,recloser_disswitch(r:p1udt228-p1udt62)p1u_12237,208.18363934571312,7193.674328920737,True,0.970036796420597,1.0299994790381328,0,0,18,0.9999967276669803,recloser_disswitch(r:p1udt228-p1udt62)p1u_12237,176.32208319972145,6769.055408168822
15,49458,2023-08-24T11:00,peak,10.0,1927.057340145111,0.296142578125,570.6837289052783,False,True,0.9147384733195806,1.0299993543427162,27,0,18,1.2183517605562784,recloser_disswitch(r:p1udt228-p1udt62)p1u_12237,313.3734732122731,8262.369340437912,True,0.9700389258663356,1.0299994790430254,0,0,18,0.9999880246264721,recloser_disswitch(r:p1udt228-p1udt62)p1u_12237,176.3179034700018,6768.995143840707
15,49459,2023-08-24T12:00,peak,1.0,189.81134700775146,1.0,189.81134700775146,True,True,0.9826275027019875,1.0299995118948604,0,0,18,0.9400303294300104,recloser_disswitch(r:p1udt228-p1udt62)p1u_12237,150.5657610862299,6362.487067361264,True,0.9826275027019875,1.0299995118948604,0,0,18,0.9400303294300104,recloser_disswitch(r:p1udt228-p1udt62)p1u_12237,150.5657610862299,6362.487067361264
15,49459,2023-08-24T12:00,peak,3.0,569.4340410232544,1.0,569.4340410232544,True,True,0.9656909500512572,1.0299994793261351,0,0,18,0.9957132152861203,recloser_disswitch(r:p1udt228-p1udt62)p1u_12237,175.23108154884534,6766.478520749588,True,0.9656909500512572,1.0299994793261351,0,0,18,0.9957132152861203,recloser_disswitch(r:p1udt228-p1udt62)p1u_12237,175.23108154884534,6766.478520749588
15,49459,2023-08-24T12:00,peak,5.0,949.0567350387573,0.6302490234375,598.142080444959,False,True,0.9478369258895023,1.029999445900816,6,0,18,1.0524346588149753,recloser_disswitch(r:p1udt228-p1udt62)p1u_12237,204.83490081846335,7175.855756935429,True,0.9643669855542785,1.0299994768128415,0,0,18,0.999994226051114,recloser_disswitch(r:p1udt228-p1udt62)p1u_12237,177.30323109646704,6797.434951426582
15,49459,2023-08-24T12:00,peak,10.0,1898.1134700775146,0.31512451171875,598.142080444959,False,True,0.8983276207721472,1.0299993582839104,21,0,18,1.1991044759619471,recloser_disswitch(r:p1udt228-p1udt62)p1u_12237,303.48124760915,8223.5293683706,True,0.9643669855542785,1.0299994768128415,0,0,18,0.999994226051114,recloser_disswitch(r:p1udt228-p1udt62)p1u_12237,177.30323109646704,6797.434951426582
15,49553,2023-08-28T10:00,peak,1.0,197.9076976776123,1.0,197.9076976776123,True,True,0.9816587326324431,1.0299995112102864,0,0,18,0.9428143155077001,recloser_disswitch(r:p1udt228-p1udt62)p1u_12237,151.10963103911286,6371.1297236939945,True,0.9816587326324431,1.0299995112102864,0,0,18,0.9428143155077001,recloser_disswitch(r:p1udt228-p1udt62)p1u_12237,151.10963103911286,6371.1297236939945
15,49553,2023-08-28T10:00,peak,3.0,593.7230930328369,0.95391845703125,566.3634168097051,False,True,0.9626173632505365,1.0299994771158176,0,0,18,1.0042832691436903,recloser_disswitch(r:p1udt228-p1udt62)p1u_12237,177.72951149736437,6793.426553806903,True,0.9639683892137572,1.0299994795039358,0,0,18,0.9999965552839782,recloser_disswitch(r:p1udt228-p1udt62)p1u_12237,175.6970435422789,6764.05108375586
15,49553,2023-08-28T10:00,peak,5.0,989.5384883880615,0.57232666015625,566.3392581552034,False,True,0.942415500422956,1.029999441976937,6,0,18,1.067032813838937,recloser_disswitch(r:p1udt228-p1udt62)p1u_12237,210.57451344392624,7222.06491004197,True,0.9639695729028441,1.0299994795060283,0,0,18,0.9999928023314574,recloser_disswitch(r:p1udt228-p1udt62)p1u_12237,175.6952500786019,6764.025322902169
15,49553,2023-08-28T10:00,peak,10.0,1979.076976776123,0.2861328125,566.2788615189493,False,True,0.885414152949879,1.0299993487708852,21,0,18,1.2664763222502868,l(r:p1udm721-p1ulv530),324.9545498043255,8325.915010932493,True,0.9639720025724013,1.0299994795101717,0,0,18,0.9999853747660302,recloser_disswitch(r:p1udt228-p1udt62)p1u_12237,175.6916172057521,6763.973784594272
15,49846,2023-09-09T15:00,random,1.0,30.41227789223194,1.0,30.41227789223194,True,True,0.989139016956244,1.0299995253699248,0,0,18,0.9174721581472417,recloser_disswitch(r:p1udt228-p1udt62)p1u_12237,141.5149052599398,6194.050358767797,True,0.989139016956244,1.0299995253699248,0,0,18,0.9174721581472417,recloser_disswitch(r:p1udt228-p1udt62)p1u_12237,141.5149052599398,6194.050358767797
15,49846,2023-09-09T15:00,random,3.0,91.23683367669582,1.0,91.23683367669582,True,True,0.9867908791030094,1.0299995202944587,0,0,18,0.9274084919738064,recloser_disswitch(r:p1udt228-p1udt62)p1u_12237,144.75259000817266,6257.964881132555,True,0.9867908791030094,1.0299995202944587,0,0,18,0.9274084919738064,recloser_disswitch(r:p1udt228-p1udt62)p1u_12237,144.75259000817266,6257.964881132555
15,49846,2023-09-09T15:00,random,5.0,152.0613894611597,1.0,152.0613894611597,True,True,0.9840931665954071,1.029999515181767,0,0,18,0.937398753159301,recloser_disswitch(r:p1udt228-p1udt62)p1u_12237,148.15024641780667,6322.185443584458,True,0.9840931665954071,1.029999515181767,0,0,18,0.937398753159301,recloser_disswitch(r:p1udt228-p1udt62)p1u_12237,148.15024641780667,6322.185443584458
15,49846,2023-09-09T15:00,random,10.0,304.1227789223194,1.0,304.1227789223194,True,True,0.977253506396017,1.0299995022901571,0,0,18,0.9625096658236326,recloser_disswitch(r:p1udt228-p1udt62)p1u_12237,157.3281756886174,6483.38841813942,True,0.977253506396017,1.0299995022901571,0,0,18,0.9625096658236326,recloser_disswitch(r:p1udt228-p1udt62)p1u_12237,157.3281756886174,6483.38841813942
15,50168,2023-09-23T01:00,random,1.0,8.444974184036255,1.0,8.444974184036255,True,True,0.9887818233646237,1.0299995271918536,0,0,18,0.9139093509153199,recloser_disswitch(r:p1udt228-p1udt62)p1u_12237,140.46256614300466,6170.96161702895,True,0.9887818233646237,1.0299995271918536,0,0,18,0.9139093509153199,recloser_disswitch(r:p1udt228-p1udt62)p1u_12237,140.46256614300466,6170.96161702895
15,50168,2023-09-23T01:00,random,3.0,25.334922552108765,1.0,25.334922552108765,True,True,0.987748644303626,1.0299995257621413,0,0,18,0.9167245443285562,recloser_disswitch(r:p1udt228-p1udt62)p1u_12237,141.52158966693318,6188.761125699891,True,0.987748644303626,1.0299995257621413,0,0,18,0.9167245443285562,recloser_disswitch(r:p1udt228-p1udt62)p1u_12237,141.52158966693318,6188.761125699891
15,50168,2023-09-23T01:00,random,5.0,42.224870920181274,1.0,42.224870920181274,True,True,0.986706524607351,1.0299995243131042,0,0,18,0.919571395394543,recloser_disswitch(r:p1udt228-p1udt62)p1u_12237,142.6320473117957,6206.755828254389,True,0.986706524607351,1.0299995243131042,0,0,18,0.919571395394543,recloser_disswitch(r:p1udt228-p1udt62)p1u_12237,142.6320473117957,6206.755828254389
15,50168,2023-09-23T01:00,random,10.0,84.44974184036255,1.0,84.44974184036255,True,True,0.9835906416065281,1.0299995206498271,0,0,18,0.9267435804348928,recloser_disswitch(r:p1udt228-p1udt62)p1u_12237,145.61117282897789,6252.034183404371,True,0.9835906416065281,1.0299995206498271,0,0,18,0.9267435804348928,recloser_disswitch(r:p1udt228-p1udt62)p1u_12237,145.61117282897789,6252.034183404371
15,51647,2023-11-23T16:00,random,1.0,17.233353793621063,1.0,17.233353793621063,True,True,0.9877633295136362,1.0299995264479866,0,0,18,0.9153749269347762,recloser_disswitch(r:p1udt228-p1udt62)p1u_12237,140.98900822549186,6180.233099239321,True,0.9877633295136362,1.0299995264479866,0,0,18,0.9153749269347762,recloser_disswitch(r:p1udt228-p1udt62)p1u_12237,140.98900822549186,6180.233099239321
15,51647,2023-11-23T16:00,random,3.0,51.70006138086319,1.0,51.70006138086319,True,True,0.9846534953046105,1.0299995234869483,0,0,18,0.9211853757025433,recloser_disswitch(r:p1udt228-p1udt62)p1u_12237,143.2666603363562,6216.943985820288,True,0.9846534953046105,1.0299995234869483,0,0,18,0.9211853757025433,recloser_disswitch(r:p1udt228-p1udt62)p1u_12237,143.2666603363562,6216.943985820288
15,51647,2023-11-23T16:00,random,5.0,86.16676896810532,1.0,86.16676896810532,True,True,0.9797260543804112,1.0299995204790693,0,0,18,0.9270544526642107,recloser_disswitch(r:p1udt228-p1udt62)p1u_12237,145.8049969142816,6253.945851873425,True,0.9797260543804112,1.0299995204790693,0,0,18,0.9270544526642107,recloser_disswitch(r:p1udt228-p1udt62)p1u_12237,145.8049969142816,6253.945851873425
15,51647,2023-11-23T16:00,random,10.0,172.33353793621063,1.0,172.33353793621063,True,True,0.9669170493575681,1.0299995127597863,0,0,18,0.9419680801362913,recloser_disswitch(r:p1udt228-p1udt62)p1u_12237,153.33803775822173,6347.595474519419,True,0.9669170493575681,1.0299995127597863,0,0,18,0.9419680801362913,recloser_disswitch(r:p1udt228-p1udt62)p1u_12237,153.33803775822173,6347.595474519419
16,44103,2023-01-13T08:00,random,1.0,79.95436143875122,1.0,79.95436143875122,True,True,0.9855531669278198,1.0299995211101842,0,0,18,0.9236159513780289,recloser_disswitch(r:p1udt228-p1udt62)p1u_12237,144.684621696242,6246.656129769643,True,0.9855531669278198,1.0299995211101842,0,0,18,0.9236159513780289,recloser_disswitch(r:p1udt228-p1udt62)p1u_12237,144.684621696242,6246.656129769643
16,44103,2023-01-13T08:00,random,3.0,239.86308431625366,1.0,239.86308431625366,True,True,0.970625946583001,1.029999507253701,0,0,18,0.9461690530301933,recloser_disswitch(r:p1udt228-p1udt62)p1u_12237,155.75180085799246,6417.527592306318,True,0.970625946583001,1.029999507253701,0,0,18,0.9461690530301933,recloser_disswitch(r:p1udt228-p1udt62)p1u_12237,155.75180085799246,6417.527592306318
16,44103,2023-01-13T08:00,random,5.0,399.7718071937561,1.0,399.7718071937561,True,True,0.9549704044846308,1.0299994930109408,0,0,18,0.9692001457513157,recloser_disswitch(r:p1udt228-p1udt62)p1u_12237,169.1088833398348,6590.859820569901,True,0.9549704044846308,1.0299994930109408,0,0,18,0.9692001457513157,recloser_disswitch(r:p1udt228-p1udt62)p1u_12237,169.1088833398348,6590.859820569901
16,44103,2023-01-13T08:00,random,10.0,799.5436143875122,0.56146240234375,448.9136785126175,False,True,0.9120399346079427,1.0299994555423848,6,0,18,1.4619059939925936,l(r:p1udt62lv-p1ulv157),214.04903039030722,7035.564821723445,True,0.950001215116007,1.029999488554913,0,0,18,0.976373923042767,recloser_disswitch(r:p1udt228-p1udt62)p1u_12237,173.70443274850857,6644.608000165763
16,44752,2023-02-09T09:00,random,1.0,125.63688196241856,1.0,125.63688196241856,True,True,0.9840723061681691,1.0299995172663141,0,0,18,0.9292381733777879,recloser_disswitch(r:p1udt228-p1udt62)p1u_12237,147.0670700978933,6294.80252468189,True,0.9840723061681691,1.0299995172663141,0,0,18,0.9292381733777879,recloser_disswitch(r:p1udt228-p1udt62)p1u_12237,147.0670700978933,6294.80252468189
16,44752,2023-02-09T09:00,random,3.0,376.91064588725567,1.0,376.91064588725567,True,True,0.9702130251944232,1.029999495663784,0,0,18,0.9630577475535884,recloser_disswitch(r:p1udt228-p1udt62)p1u_12237,163.32119743312322,6562.114186797077,True,0.9702130251944232,1.029999495663784,0,0,18,0.9630577475535884,recloser_disswitch(r:p1udt228-p1udt62)p1u_12237,163.32119743312322,6562.114186797077
16,44752,2023-02-09T09:00,random,5.0,628.1844098120928,1.0,628.1844098120928,True,True,0.9557373760353072,1.0299994735537665,0,0,18,0.9974630155202299,recloser_disswitch(r:p1udt228-p1udt62)p1u_12237,182.45177360350212,6832.612861328064,True,0.9557373760353072,1.0299994735537665,0,0,18,0.9974630155202299,recloser_disswitch(r:p1udt228-p1udt62)p1u_12237,182.45177360350212,6832.612861328064
16,44752,2023-02-09T09:00,random,10.0,1256.3688196241856,0.51458740234375,646.511567276093,False,True,0.9164084396937926,1.0299994159528287,12,0,18,1.0861091289191285,recloser_disswitch(r:p1udt228-p1udt62)p1u_12237,244.27832714276065,7522.621207043974,True,0.9546554313538212,1.0299994719208174,0,0,18,0.999995666239607,recloser_disswitch(r:p1udt228-p1udt62)p1u_12237,183.9651069079676,6852.466430670114
16,46073,2023-04-05T10:00,peak,1.0,190.9374189376831,1.0,190.9374189376831,True,True,0.9845733488509969,1.0299995117168328,0,0,18,0.9369487291069566,recloser_disswitch(r:p1udt228-p1udt62)p1u_12237,150.8275425845685,6363.893723766806,True,0.9845733488509969,1.0299995117168328,0,0,18,0.9369487291069566,recloser_disswitch(r:p1udt228-p1udt62)p1u_12237,150.8275425845685,6363.893723766806
16,46073,2023-04-05T10:00,peak,3.0,572.8122568130493,1.0,572.8122568130493,True,True,0.9706725090510692,1.0299994787508702,0,0,18,0.9864099309198386,recloser_disswitch(r:p1udt228-p1udt62)p1u_12237,176.12878049526796,6770.747242328465,True,0.9706725090510692,1.0299994787508702,0,0,18,0.9864099309198386,recloser_disswitch(r:p1udt228-p1udt62)p1u_12237,176.12878049526796,6770.747242328465
16,46073,2023-04-05T10:00,peak,5.0,954.6870946884155,0.70831298828125,676.2172689122963,False,True,0.9550861721545938,1.0299994448687373,0,0,18,1.0936394389982906,l(r:p1udt175lv-p1ulv493),206.48168441512786,7183.133742434814,True,0.966518585642665,1.0299994696520742,0,0,18,0.9999956928921949,recloser_disswitch(r:p1udt228-p1udt62)p1u_12237,183.8457758850991,6882.053849830174
16,46073,2023-04-05T10:00,peak,10.0,1909.374189376831,0.3541259765625,676.1589994363021,False,True,0.9125272975999402,1.029999355936463,27,0,18,1.7007827408729452,l(r:p1udm823-p1ulv1893),306.94736774810997,8238.272413896848,True,0.9665208946336604,1.029999469657097,0,0,18,0.9999882220633485,recloser_disswitch(r:p1udt228-p1udt62)p1u_12237,183.84140631711625,6881.992459193305
16,46294,2023-04-14T15:00,random,1.0,91.37446284294128,1.0,91.37446284294128,True,True,0.9871830341713205,1.0299995201653565,0,0,18,0.9236404687131338,recloser_disswitch(r:p1udt228-p1udt62)p1u_12237,144.96026980016566,6258.487002275811,True,0.9871830341713205,1.0299995201653565,0,0,18,0.9236404687131338,recloser_disswitch(r:p1udt228-p1udt62)p1u_12237,144.96026980016566,6258.487002275811
16,46294,2023-04-14T15:00,random,3.0,274.12338852882385,1.0,274.12338852882385,True,True,0.9821451898949733,1.0299995045648067,0,0,18,0.9460108143355632,recloser_disswitch(r:p1udt228-p1udt62)p1u_12237,155.759781281568,6451.81256481223,True,0.9821451898949733,1.0299995045648067,0,0,18,0.9460108143355632,recloser_disswitch(r:p1udt228-p1udt62)p1u_12237,155.759781281568,6451.81256481223
16,46294,2023-04-14T15:00,random,5.0,456.8723142147064,1.0,456.8723142147064,True,True,0.9753890191228983,1.0299994887477146,0,0,18,0.9686055481656933,recloser_disswitch(r:p1udt228-p1udt62)p1u_12237,167.64981099287206,6646.43635020426,True,0.9753890191228983,1.0299994887477146,0,0,18,0.9686055481656933,recloser_disswitch(r:p1udt228-p1udt62)p1u_12237,167.64981099287206,6646.43635020426
16,46294,2023-04-14T15:00,random,10.0,913.7446284294128,0.76922607421875,702.8761933652277,False,True,0.9578460202248731,1.029999448285981,0,0,18,1.094291011860708,l(r:p1udt61lv-p1ulv156),202.32728198878908,7138.035433094877,True,0.9660617591203944,1.0299994671221162,0,0,18,0.9999787206366957,l(r:p1udt61lv-p1ulv156),185.4251853384688,6910.291360147698
16,46385,2023-04-18T10:00,peak,1.0,188.02274084091187,1.0,188.02274084091187,True,True,0.9803957641243881,1.0299995118629472,0,0,18,0.9420134689012218,recloser_disswitch(r:p1udt228-p1udt62)p1u_12237,151.49850334497,6361.654740118978,True,0.9803957641243881,1.0299995118629472,0,0,18,0.9420134689012218,recloser_disswitch(r:p1udt228-p1udt62)p1u_12237,151.49850334497,6361.654740118978
16,46385,2023-04-18T10:00,peak,3.0,564.0682225227356,0.9769287109375,551.054441509943,False,True,0.9585637625527048,1.0299994789004598,0,0,18,1.0021013535940206,recloser_disswitch(r:p1udt228-p1udt62)p1u_12237,179.9485022266119,6765.98690314074,True,0.9593431138469667,1.0299994800608303,0,0,18,0.9999984205599513,recloser_disswitch(r:p1udt228-p1udt62)p1u_12237,178.83938399585134,6751.883651655416
16,46385,2023-04-18T10:00,peak,5.0,940.1137042045593,0.58612060546875,551.0200135178457,False,True,0.9351538382680614,1.0299994446227276,6,0,18,1.06382354947425,recloser_disswitch(r:p1udt228-p1udt62)p1u_12237,216.22594650874075,7178.279847094931,True,0.9593451711786253,1.0299994800638945,0,0,18,0.9999928663366275,recloser_disswitch(r:p1udt228-p1udt62)p1u_12237,178.83646369002693,6751.846398821475
16,46385,2023-04-18T10:00,peak,10.0,1880.2274084091187,0.29302978515625,550.9626335310168,False,True,0.8672988791748341,1.0299993519855306,24,0,18,1.377388357220761,l(r:p1udt259lv-p1ulv647),348.66475196702794,8250.836984745565,True,0.9593485342686195,1.0299994800688859,0,0,18,0.9999838252362311,recloser_disswitch(r:p1udt228-p1udt62)p1u_12237,178.83168109793567,6751.785658678659
16,46413,2023-04-19T14:00,random,1.0,57.698155641555786,1.0,57.698155641555786,True,True,0.9890415212023117,1.0299995230157462,0,0,18,0.9199233381367472,recloser_disswitch(r:p1udt228-p1udt62)p1u_12237,143.17053002359512,6222.999504780678,True,0.9890415212023117,1.0299995230157462,0,0,18,0.9199233381367472,recloser_disswitch(r:p1udt228-p1udt62)p1u_12237,143.17053002359512,6222.999504780678
16,46413,2023-04-19T14:00,random,3.0,173.09446692466736,1.0,173.09446692466736,True,True,0.9817002912687844,1.0299995131747954,0,0,18,0.9348177350291335,recloser_disswitch(r:p1udt228-p1udt62)p1u_12237,150.07035475746935,6345.117250161214,True,0.9817002912687844,1.0299995131747954,0,0,18,0.9348177350291335,recloser_disswitch(r:p1udt228-p1udt62)p1u_12237,150.07035475746935,6345.117250161214
16,46413,2023-04-19T14:00,random,5.0,288.49077820777893,1.0,288.49077820777893,True,True,0.9741105401707293,1.02999950321028,0,0,18,0.9498572434003459,recloser_disswitch(r:p1udt228-p1udt62)p1u_12237,157.6194710732461,6468.053837037238,True,0.9741105401707293,1.02999950321028,0,0,18,0.9498572434003459,recloser_disswitch(r:p1udt228-p1udt62)p1u_12237,157.6194710732461,6468.053837037238
16,46413,2023-04-19T14:00,random,10.0,576.9815564155579,1.0,576.9815564155579,True,True,0.954333270618515,1.0299994777879011,0,0,18,0.9880192726868993,recloser_disswitch(r:p1udt228-p1udt62)p1u_12237,179.46777440695848,6778.422588749309,True,0.954333270618515,1.0299994777879011,0,0,18,0.9880192726868993,recloser_disswitch(r:p1udt228-p1udt62)p1u_12237,179.46777440695848,6778.422588749309
16,46948,2023-05-11T21:00,random,1.0,43.385165214538574,1.0,43.385165214538574,True,True,0.9878745614018182,1.029999524269503,0,0,18,0.918621919163963,recloser_disswitch(r:p1udt228-p1udt62)p1u_12237,142.22564969257013,6207.741043843094,True,0.9878745614018182,1.029999524269503,0,0,18,0.918621919163963,recloser_disswitch(r:p1udt228-p1udt62)p1u_12237,142.22564969257013,6207.741043843094
16,46948,2023-05-11T21:00,random,3.0,130.15549564361572,1.0,130.15549564361572,True,True,0.9850050203977545,1.029999516980137,0,0,18,0.9308692714229599,recloser_disswitch(r:p1udt228-p1udt62)p1u_12237,146.97047746041594,6299.092698159164,True,0.9850050203977545,1.029999516980137,0,0,18,0.9308692714229599,recloser_disswitch(r:p1udt228-p1udt62)p1u_12237,146.97047746041594,6299.092698159164
16,46948,2023-05-11T21:00,random,5.0,216.92582607269287,1.0,216.92582607269287,True,True,0.9820389592562548,1.0299995096312804,0,0,18,0.94319371973097,recloser_disswitch(r:p1udt228-p1udt62)p1u_12237,151.9943945300192,6390.883625894812,True,0.9820389592562548,1.0299995096312804,0,0,18,0.94319371973097,recloser_disswitch(r:p1udt228-p1udt62)p1u_12237,151.9943945300192,6390.883625894812
16,46948,2023-05-11T21:00,random,10.0,433.85165214538574,1.0,433.85165214538574,True,True,0.9717491556072246,1.029999491055425,0,0,18,0.9742336771471317,recloser_disswitch(r:p1udt228-p1udt62)p1u_12237,165.7760348065727,6621.526357474422,True,0.9717491556072246,1.029999491055425,0,0,18,0.9742336771471317,recloser_disswitch(r:p1udt228-p1udt62)p1u_12237,165.7760348065727,6621.526357474422
16,47304,2023-05-26T17:00,random,1.0,83.14106774330139,1.0,83.14106774330139,True,True,0.9878336383698171,1.0299995208748172,0,0,18,0.9237256831519363,recloser_disswitch(r:p1udt228-p1udt62)p1u_12237,144.44137225633165,6249.661121574173,True,0.9878336383698171,1.0299995208748172,0,0,18,0.9237256831519363,recloser_disswitch(r:p1udt228-p1udt62)p1u_12237,144.44137225633165,6249.661121574173
16,47304,2023-05-26T17:00,random,3.0,249.42320322990417,1.0,249.42320322990417,True,True,0.9846324724178339,1.0299995067343664,0,0,18,0.9462469596058037,recloser_disswitch(r:p1udt228-p1udt62)p1u_12237,153.88471442693492,6425.247371483574,True,0.9846324724178339,1.0299995067343664,0,0,18,0.9462469596058037,recloser_disswitch(r:p1udt228-p1udt62)p1u_12237,153.88471442693492,6425.247371483574
16,47304,2023-05-26T17:00,random,5.0,415.70533871650696,1.0,415.70533871650696,True,True,0.9804611952809651,1.0299994924671034,0,0,18,0.9689050418203995,recloser_disswitch(r:p1udt228-p1udt62)p1u_12237,163.96018961320965,6601.596029960774,True,0.9804611952809651,1.0299994924671034,0,0,18,0.9689050418203995,recloser_disswitch(r:p1udt228-p1udt62)p1u_12237,163.96018961320965,6601.596029960774
16,47304,2023-05-26T17:00,random,10.0,831.4106774330139,0.761474609375,633.0981208285084,False,True,0.969531836941782,1.0299994562890233,0,0,18,1.0983707345698839,l(r:p1udt61lv-p1ulv156),191.96187784672745,7045.148079159888,True,0.9749300266947801,1.029999473629547,0,0,18,0.9999928160755921,l(r:p1udt61lv-p1ulv156),178.10143232192718,6833.1886816929955
16,47458,2023-06-02T03:00,random,1.0,11.082432746887207,1.0,11.082432746887207,True,True,0.9892522131289775,1.0299995269988342,0,0,18,0.9143185408985642,recloser_disswitch(r:p1udt228-p1udt62)p1u_12237,140.40169628075742,6173.628536830234,True,0.9892522131289775,1.0299995269988342,0,0,18,0.9143185408985642,recloser_disswitch(r:p1udt228-p1udt62)p1u_12237,140.40169628075742,6173.628536830234
16,47458,2023-06-02T03:00,random,3.0,33.24729824066162,1.0,33.24729824066162,True,True,0.9891664059516255,1.0299995252080356,0,0,18,0.917909008710605,recloser_disswitch(r:p1udt228-p1udt62)p1u_12237,141.2983084106526,6196.476467286446,True,0.9891664059516255,1.0299995252080356,0,0,18,0.917909008710605,recloser_disswitch(r:p1udt228-p1udt62)p1u_12237,141.2983084106526,6196.476467286446
16,47458,2023-06-02T03:00,random,5.0,55.412163734436035,1.0,55.412163734436035,True,True,0.9890784891712984,1.029999523399058,0,0,18,0.9215331021222766,recloser_disswitch(r:p1udt228-p1udt62)p1u_12237,142.20919864734472,6219.551164130134,True,0.9890784891712984,1.029999523399058,0,0,18,0.9215331021222766,recloser_disswitch(r:p1udt228-p1udt62)p1u_12237,142.20919864734472,6219.551164130134
16,47458,2023-06-02T03:00,random,10.0,110.82432746887207,1.0,110.82432746887207,True,True,0.9888592759292545,1.0299995188809221,0,0,18,0.9305833484905858,recloser_disswitch(r:p1udt228-p1udt62)p1u_12237,144.5025049400797,6277.163824265307,True,0.9888592759292545,1.0299995188809221,0,0,18,0.9305833484905858,recloser_disswitch(r:p1udt228-p1udt62)p1u_12237,144.5025049400797,6277.163824265307
16,47868,2023-06-19T05:00,random,1.0,3.571868658065796,1.0,3.571868658065796,True,True,0.9892807149617213,1.0299995275920986,0,0,18,0.9131214667296008,recloser_disswitch(r:p1udt228-p1udt62)p1u_12237,140.14819307941215,6165.994377332388,True,0.9892807149617213,1.0299995275920986,0,0,18,0.9131214667296008,recloser_disswitch(r:p1udt228-p1udt62)p1u_12237,140.14819307941215,6165.994377332388
16,47868,2023-06-19T05:00,random,3.0,10.715605974197388,1.0,10.715605974197388,True,True,0.9892538595768315,1.029999527017252,0,0,18,0.9142614825746165,recloser_disswitch(r:p1udt228-p1udt62)p1u_12237,140.52312732175108,6173.201331286896,True,0.9892538595768315,1.029999527017252,0,0,18,0.9142614825746165,recloser_disswitch(r:p1udt228-p1udt62)p1u_12237,140.52312732175108,6173.201331286896
16,47868,2023-06-19T05:00,random,5.0,17.85934329032898,1.0,17.85934329032898,True,True,0.9892244036690856,1.0299995264158097,0,0,18,0.9154509022721968,recloser_disswitch(r:p1udt228-p1udt62)p1u_12237,140.91767778101766,6180.737982391197,True,0.9892244036690856,1.0299995264158097,0,0,18,0.9154509022721968,recloser_disswitch(r:p1udt228-p1udt62)p1u_12237,140.91767778101766,6180.737982391197
16,47868,2023-06-19T05:00,random,10.0,35.71868658065796,1.0,35.71868658065796,True,True,0.9891508111226817,1.0299995249112748,0,0,18,0.9184229334661734,recloser_disswitch(r:p1udt228-p1udt62)p1u_12237,141.92714393720138,6199.5588670932075,True,0.9891508111226817,1.0299995249112748,0,0,18,0.9184229334661734,recloser_disswitch(r:p1udt228-p1udt62)p1u_12237,141.92714393720138,6199.5588670932075
16,48214,2023-07-03T15:00,random,1.0,73.25083684921265,1.0,73.25083684921265,True,True,0.9865007441259684,1.0299995217126392,0,0,18,0.9236471033033914,recloser_disswitch(r:p1udt228-p1udt62)p1u_12237,144.20244701126816,6239.431701237581,True,0.9865007441259684,1.0299995217126392,0,0,18,0.9236471033033914,recloser_disswitch(r:p1udt228-p1udt62)p1u_12237,144.20244701126816,6239.431701237581
16,48214,2023-07-03T15:00,random,3.0,219.75251054763794,1.0,219.75251054763794,True,True,0.9808087957494519,1.029999509160642,0,0,18,0.9461471012017182,recloser_disswitch(r:p1udt228-p1udt62)p1u_12237,153.5768524505428,6395.264695067411,True,0.9808087957494519,1.029999509160642,0,0,18,0.9461471012017182,recloser_disswitch(r:p1udt228-p1udt62)p1u_12237,153.5768524505428,6395.264695067411
16,48214,2023-07-03T15:00,random,5.0,366.25418424606323,1.0,366.25418424606323,True,True,0.9736957181693151,1.0299994964028731,0,0,18,0.9688939201285944,recloser_disswitch(r:p1udt228-p1udt62)p1u_12237,164.12957177147373,6552.3025937226985,True,0.9736957181693151,1.0299994964028731,0,0,18,0.9688939201285944,recloser_disswitch(r:p1udt228-p1udt62)p1u_12237,164.12957177147373,6552.3025937226985
16,48214,2023-07-03T15:00,random,10.0,732.5083684921265,0.769775390625,563.8669154921081,False,True,0.9542662602881536,1.0299994635579215,0,0,18,1.0269063252635182,recloser_disswitch(r:p1udt228-p1udt62)p1u_12237,195.9674145507095,6950.43611527602,True,0.9633571869237224,1.0299994788492053,0,0,18,0.9999950239618068,recloser_disswitch(r:p1udt228-p1udt62)p1u_12237,180.31389083960534,6766.172768511
16,48449,2023-07-13T10:00,peak,1.0,185.93796157836914,1.0,185.93796157836914,True,True,0.9850942371870348,1.0299995122092058,0,0,18,0.9376187323767355,recloser_disswitch(r:p1udt228-p1udt62)p1u_12237,150.12024442169906,6358.182141100317,True,0.9850942371870348,1.0299995122092058,0,0,18,0.9376187323767355,recloser_disswitch(r:p1udt228-p1udt62)p1u_12237,150.12024442169906,6358.182141100317
16,48449,2023-07-13T10:00,peak,3.0,557.8138847351074,1.0,557.8138847351074,True,True,0.9751629232556702,1.029999480349564,0,0,18,0.9883262313859772,recloser_disswitch(r:p1udt228-p1udt62)p1u_12237,173.25578730031907,6752.906982912202,True,0.9751629232556702,1.029999480349564,0,0,18,0.9883262313859772,recloser_disswitch(r:p1udt228-p1udt62)p1u_12237,173.25578730031907,6752.906982912202
16,48449,2023-07-13T10:00,peak,5.0,929.6898078918457,0.69097900390625,642.3961373989005,False,True,0.963440402270392,1.0299994477824879,0,0,18,1.0398041608295552,recloser_disswitch(r:p1udt228-p1udt62)p1u_12237,200.3204587713822,7151.780304183924,True,0.972528379115196,1.0299994729889088,0,0,18,0.9999949091016691,recloser_disswitch(r:p1udt228-p1udt62)p1u_12237,179.06949492066965,6843.456382488765
16,48449,2023-07-13T10:00,peak,10.0,1859.3796157836914,0.345458984375,642.3393936362118,False,True,0.9321749359340186,1.0299993630536386,18,0,18,1.1721115944189633,recloser_disswitch(r:p1udt228-p1udt62)p1u_12237,286.7374258093367,8167.9151803341965,True,0.972530223576672,1.02999947299414,0,0,18,0.9999865774270281,recloser_disswitch(r:p1udt228-p1udt62)p1u_12237,179.0653361973759,6843.392240820765
16,48450,2023-07-13T11:00,peak,1.0,197.65360134840012,1.0,197.65360134840012,True,True,0.9858604006692652,1.0299995112120286,0,0,18,0.9383719639853102,recloser_disswitch(r:p1udt228-p1udt62)p1u_12237,150.70043930347822,6370.4725153399,True,0.9858604006692652,1.0299995112120286,0,0,18,0.9383719639853102,recloser_disswitch(r:p1udt228-p1udt62)p1u_12237,150.70043930347822,6370.4725153399
16,48450,2023-07-13T11:00,peak,3.0,592.9608040452003,1.0,592.9608040452003,True,True,0.9765852918928513,1.0299994773750794,0,0,18,0.9905371034302488,recloser_disswitch(r:p1udt228-p1udt62)p1u_12237,174.85739476222213,6789.651363117807,True,0.9765852918928513,1.0299994773750794,0,0,18,0.9905371034302488,recloser_disswitch(r:p1udt228-p1udt62)p1u_12237,174.85739476222213,6789.651363117807
16,48450,2023-07-13T11:00,peak,5.0,988.2680067420006,0.671875,663.9925670297816,False,True,0.9653628786500658,1.0299994428595742,0,0,18,1.0433958854527772,recloser_disswitch(r:p1udt228-p1udt62)p1u_12237,202.7277733214166,7212.76610902893,True,0.9745936376766946,1.029999471215657,0,0,18,0.9999975256540087,recloser_disswitch(r:p1udt228-p1udt62)p1u_12237,179.59168181790616,6865.483079322791
16,48450,2023-07-13T11:00,peak,10.0,1976.5360134840012,0.3359375,663.9925670297816,False,True,0.9355698660150156,1.0299993534371896,12,0,18,1.215233639808607,l(r:p1udt61lv-p1ulv156),289.9192606492903,8288.275671130059,True,0.9745936376766946,1.029999471215657,0,0,18,0.9999975256540087,recloser_disswitch(r:p1udt228-p1udt62)p1u_12237,179.59168181790616,6865.483079322791
16,49081,2023-08-08T18:00,peak,1.0,184.03811740875244,1.0,184.03811740875244,True,True,0.985418392368428,1.0299995122683732,0,0,18,0.9401696475315265,recloser_disswitch(r:p1udt228-p1udt62)p1u_12237,150.69088814334955,6356.852968338133,True,0.985418392368428,1.0299995122683732,0,0,18,0.9401696475315265,recloser_disswitch(r:p1udt228-p1udt62)p1u_12237,150.69088814334955,6356.852968338133
16,49081,2023-08-08T18:00,peak,3.0,552.1143522262573,1.0,552.1143522262573,True,True,0.9720987425998866,1.0299994804018764,0,0,18,0.9961821006008448,recloser_disswitch(r:p1udt228-p1udt62)p1u_12237,175.76241717933036,6749.689426173216,True,0.9720987425998866,1.0299994804018764,0,0,18,0.9961821006008448,recloser_disswitch(r:p1udt228-p1udt62)p1u_12237,175.76241717933036,6749.689426173216
16,49081,2023-08-08T18:00,peak,5.0,920.1905870437622,0.62677001953125,576.7478722138912,False,True,0.9575690886721607,1.0299994476182803,0,0,18,1.053306489371837,recloser_disswitch(r:p1udt228-p1udt62)p1u_12237,205.94139724171993,7148.098424093455,True,0.971141065424517,1.029999478220719,0,0,18,0.9999988666640066,recloser_disswitch(r:p1udt228-p1udt62)p1u_12237,177.62961421946176,6776.368266412798
16,49081,2023-08-08T18:00,peak,10.0,1840.3811740875244,0.3133544921875,576.6917082376312,False,True,0.9181436168290886,1.0299993614220766,30,0,18,1.2980963865366428,l(r:p1udt62lv-p1ulv157),306.19758457934876,8168.532114863182,True,0.9711432978268844,1.029999478225835,0,0,18,0.9999899124793278,recloser_disswitch(r:p1udt228-p1udt62)p1u_12237,177.6252403153613,6776.305770521075
16,49289,2023-08-17T10:00,peak,1.0,186.71374398469925,1.0,186.71374398469925,True,True,0.9865626327344927,1.0299995122234946,0,0,18,0.9362339055679478,recloser_disswitch(r:p1udt228-p1udt62)p1u_12237,149.67974720092062,6358.5086281506865,True,0.9865626327344927,1.0299995122234946,0,0,18,0.9362339055679478,recloser_disswitch(r:p1udt228-p1udt62)p1u_12237,149.67974720092062,6358.5086281506865
16,49289,2023-08-17T10:00,peak,3.0,560.1412319540977,1.0,560.1412319540977,True,True,0.9779437159349152,1.0299994804683519,0,0,18,0.9840300307207719,recloser_disswitch(r:p1udt228-p1udt62)p1u_12237,171.4533920041847,6753.4525172867125,True,0.9779437159349152,1.0299994804683519,0,0,18,0.9840300307207719,recloser_disswitch(r:p1udt228-p1udt62)p1u_12237,171.4533920041847,6753.4525172867125
16,49289,2023-08-17T10:00,peak,5.0,933.5687199234962,0.732421875,683.766152287717,False,True,0.969104299897553,1.029999448124156,0,0,18,1.0323778406800772,recloser_disswitch(r:p1udt228-p1udt62)p1u_12237,196.44666205178083,7151.824684537735,True,0.9750397065364698,1.029999469812754,0,0,18,0.9999982312231166,recloser_disswitch(r:p1udt228-p1udt62)p1u_12237,179.37330867585354,6885.119367367387
16,49289,2023-08-17T10:00,peak,10.0,1867.1374398469925,0.3662109375,683.766152287717,False,True,0.9459487093376304,1.0299993645737568,9,0,18,1.6619856200291094,l(r:p1udm823-p1ulv1893),273.95054153044515,8162.9613941190055,True,0.9750397065364698,1.029999469812754,0,0,18,0.9999982312231166,recloser_disswitch(r:p1udt228-p1udt62)p1u_12237,179.37330867585354,6885.119367367387
16,49408,2023-08-22T09:00,peak,1.0,197.64600601792336,1.0,197.64600601792336,True,True,0.9859007088493968,1.0299995111820788,0,0,18,0.9353710877845907,recloser_disswitch(r:p1udt228-p1udt62)p1u_12237,150.88175674523907,6370.6445215947915,True,0.9859007088493968,1.0299995111820788,0,0,18,0.9353710877845907,recloser_disswitch(r:p1udt228-p1udt62)p1u_12237,150.88175674523907,6370.6445215947915
16,49408,2023-08-22T09:00,peak,3.0,592.9380180537701,1.0,592.9380180537701,True,True,0.9733584665234782,1.0299994771646084,0,0,18,0.9815737678664352,recloser_disswitch(r:p1udt228-p1udt62)p1u_12237,176.05950367030206,6790.813805230845,True,0.9733584665234782,1.0299994771646084,0,0,18,0.9815737678664352,recloser_disswitch(r:p1udt228-p1udt62)p1u_12237,176.05950367030206,6790.813805230845
16,49408,2023-08-22T09:00,peak,5.0,988.2300300896168,0.7574462890625,748.5311690315029,False,True,0.9597767024786853,1.0299994422942476,0,0,18,1.029096979853272,l(r:p1udt104-p1uhs0_1247)_cont,205.8992937262835,7215.863097090084,True,0.9680708956413215,1.0299994635222367,0,0,18,0.999999806523661,recloser_disswitch(r:p1udt228-p1udt62)p1u_12237,187.24756393899318,6957.769966383964
16,49408,2023-08-22T09:00,peak,10.0,1976.4600601792336,0.37872314453125,748.5311690315029,False,True,0.9231427921517747,1.0299993510718697,15,0,18,1.852575745907018,l(r:p1udm823-p1ulv1893),302.8879434790405,8301.312125342021,True,0.9680708956413215,1.0299994635222367,0,0,18,0.999999806523661,recloser_disswitch(r:p1udt228-p1udt62)p1u_12237,187.24756393899318,6957.769966383964
16,49409,2023-08-22T10:00,peak,1.0,219.909832239151,1.0,219.909832239151,True,True,0.983854057941041,1.0299995092907606,0,0,18,0.9405534596915043,recloser_disswitch(r:p1udt228-p1udt62)p1u_12237,152.30169841236065,6394.363416020941,True,0.983854057941041,1.0299995092907606,0,0,18,0.9405534596915043,recloser_disswitch(r:p1udt228-p1udt62)p1u_12237,152.30169841236065,6394.363416020941
16,49409,2023-08-22T10:00,peak,3.0,659.729496717453,1.0,659.729496717453,True,True,0.9695447967259188,1.0299994713906815,0,0,18,0.9972970652078489,recloser_disswitch(r:p1udt228-p1udt62)p1u_12237,181.08861527788054,6862.599434379487,True,0.9695447967259188,1.0299994713906815,0,0,18,0.9972970652078489,recloser_disswitch(r:p1udt228-p1udt62)p1u_12237,181.08861527788054,6862.599434379487
16,49409,2023-08-22T10:00,peak,5.0,1099.549161195755,0.61859130859375,680.1715544872422,False,True,0.9545923991431368,1.0299994324387545,0,0,18,1.0551411533379063,recloser_disswitch(r:p1udt228-p1udt62)p1u_12237,215.7115763072164,7337.221453842053,True,0.9688590905764648,1.0299994695848254,0,0,18,0.9999937396780414,recloser_disswitch(r:p1udt228-p1udt62)p1u_12237,182.57822828809765,6884.739719140976
16,49409,2023-08-22T10:00,peak,10.0,2199.09832239151,0.30926513671875,680.1044433323841,False,True,0.9137775765689673,1.0299993301798893,12,0,18,1.5413559137294655,l(r:p1udm823-p1ulv1893),330.84081797820755,8551.877244394742,True,0.9688613376944133,1.029999469590734,0,0,18,0.9999849248586761,recloser_disswitch(r:p1udt228-p1udt62)p1u_12237,182.5733268057202,6884.667283980416
16,49410,2023-08-22T11:00,peak,1.0,204.56667828559875,1.0,204.56667828559875,True,True,0.9850301967754209,1.029999510656643,0,0,18,0.9393782952051459,recloser_disswitch(r:p1udt228-p1udt62)p1u_12237,151.0582053038071,6377.759975131739,True,0.9850301967754209,1.029999510656643,0,0,18,0.9393782952051459,recloser_disswitch(r:p1udt228-p1udt62)p1u_12237,151.0582053038071,6377.759975131739
16,49410,2023-08-22T11:00,peak,3.0,613.7000348567963,1.0,613.7000348567963,True,True,0.973210752850942,1.0299994756271253,0,0,18,0.9936481341617032,recloser_disswitch(r:p1udt228-p1udt62)p1u_12237,176.47354567559552,6811.994611707598,True,0.973210752850942,1.0299994756271253,0,0,18,0.9936481341617032,recloser_disswitch(r:p1udt228-p1udt62)p1u_12237,176.47354567559552,6811.994611707598
16,49410,2023-08-22T11:00,peak,5.0,1022.8333914279938,0.64617919921875,660.9336618071393,False,True,0.9609674269347415,1.0299994397906078,0,0,18,1.0487634276864135,recloser_disswitch(r:p1udt228-p1udt62)p1u_12237,206.39943219097088,7250.975454411256,True,0.9718153625704663,1.029999471514866,0,0,18,0.9999965099375718,recloser_disswitch(r:p1udt228-p1udt62)p1u_12237,179.70414882322845,6862.62780845051
16,49410,2023-08-22T11:00,peak,10.0,2045.6667828559875,0.32305908203125,660.8712330112758,False,True,0.9275163560131073,1.0299993463728645,12,0,18,1.2247229611725885,l(r:p1udm823-p1ulv1893),302.9235177964531,8370.553392868636,True,0.9718171791005733,1.0299994715201868,0,0,18,0.9999883269869612,recloser_disswitch(r:p1udt228-p1udt62)p1u_12237,179.69989765932712,6862.5622826553645
16,49458,2023-08-24T11:00,peak,1.0,192.7057340145111,1.0,192.7057340145111,True,True,0.9849456737726554,1.029999511684237,0,0,18,0.93916160285289,recloser_disswitch(r:p1udt228-p1udt62)p1u_12237,150.33418848482063,6365.1620390064545,True,0.9849456737726554,1.029999511684237,0,0,18,0.93916160285289,recloser_disswitch(r:p1udt228-p1udt62)p1u_12237,150.33418848482063,6365.1620390064545
16,49458,2023-08-24T11:00,peak,3.0,578.1172020435333,1.0,578.1172020435333,True,True,0.971543827204742,1.0299994787419935,0,0,18,0.9930064717794836,recloser_disswitch(r:p1udt228-p1udt62)p1u_12237,174.19309663871672,6774.141282957984,True,0.971543827204742,1.0299994787419935,0,0,18,0.9930064717794836,recloser_disswitch(r:p1udt228-p1udt62)p1u_12237,174.19309663871672,6774.141282957984
16,49458,2023-08-24T11:00,peak,5.0,963.5286700725555,0.6512451171875,627.4933416549175,False,True,0.9566169474739246,1.0299994450201126,0,0,18,1.047735341079712,recloser_disswitch(r:p1udt228-p1udt62)p1u_12237,202.44932739178373,7187.9475939628755,True,0.9696632121759641,1.0299994744515957,0,0,18,0.9999933207438592,recloser_disswitch(r:p1udt228-p1udt62)p1u_12237,177.5709062189977,6827.053920020387
16,49458,2023-08-24T11:00,peak,10.0,1927.057340145111,0.32562255859375,627.4933416549175,False,True,0.9160680328036122,1.0299993571334964,12,0,18,1.3280141799757617,l(r:p1udt62lv-p1ulv157),294.44397357590776,8243.459513201442,True,0.9696632121759641,1.0299994744515957,0,0,18,0.9999933207438592,recloser_disswitch(r:p1udt228-p1udt62)p1u_12237,177.5709062189977,6827.053920020387
16,49459,2023-08-24T12:00,peak,1.0,189.81134700775146,1.0,189.81134700775146,True,True,0.9857070173178407,1.0299995119565954,0,0,18,0.9373765891662922,recloser_disswitch(r:p1udt228-p1udt62)p1u_12237,149.97734194344224,6361.899642077042,True,0.9857070173178407,1.0299995119565954,0,0,18,0.9373765891662922,recloser_disswitch(r:p1udt228-p1udt62)p1u_12237,149.97734194344224,6361.899642077042
16,49459,2023-08-24T12:00,peak,3.0,569.4340410232544,1.0,569.4340410232544,True,True,0.9711454713576786,1.0299994796539247,0,0,18,0.9875095132423634,recloser_disswitch(r:p1udt228-p1udt62)p1u_12237,172.51177781868273,6763.792977514215,True,0.9711454713576786,1.0299994796539247,0,0,18,0.9875095132423634,recloser_disswitch(r:p1udt228-p1udt62)p1u_12237,172.51177781868273,6763.792977514215
16,49459,2023-08-24T12:00,peak,5.0,949.0567350387573,0.69866943359375,663.0769315178622,False,True,0.9559308364668281,1.0299994467180453,0,0,18,1.0383038167166345,recloser_disswitch(r:p1udt228-p1udt62)p1u_12237,198.5589741142899,7169.5887836079155,True,0.9674506701071215,1.029999471576586,0,0,18,0.9999990073426444,recloser_disswitch(r:p1udt228-p1udt62)p1u_12237,178.61063820637833,6863.677631749381
16,49459,2023-08-24T12:00,peak,10.0,1898.1134700775146,0.34930419921875,663.019005691749,False,True,0.9145571618376656,1.0299993615165053,6,0,18,1.3550858220505853,l(r:p1udt62lv-p1ulv157),280.5663548645495,8200.646176994433,True,0.9674529775320513,1.029999471581615,0,0,18,0.9999912325087305,recloser_disswitch(r:p1udt228-p1udt62)p1u_12237,178.6068048260665,6863.6155270892195
16,49553,2023-08-28T10:00,peak,1.0,197.9076976776123,1.0,197.9076976776123,True,True,0.9861570421471494,1.0299995111640476,0,0,18,0.9359372097258176,recloser_disswitch(r:p1udt228-p1udt62)p1u_12237,150.771499671252,6370.793461127298,True,0.9861570421471494,1.0299995111640476,0,0,18,0.9359372097258176,recloser_disswitch(r:p1udt228-p1udt62)p1u_12237,150.771499671252,6370.793461127298
16,49553,2023-08-28T10:00,peak,3.0,593.7230930328369,1.0,593.7230930328369,True,True,0.97632585535069,1.0299994771836452,0,0,18,0.9832092232373449,recloser_disswitch(r:p1udt228-p1udt62)p1u_12237,175.22046170529566,6790.771175243869,True,0.97632585535069,1.0299994771836452,0,0,18,0.9832092232373449,recloser_disswitch(r:p1udt228-p1udt62)p1u_12237,175.22046170529566,6790.771175243869
16,49553,2023-08-28T10:00,peak,5.0,989.5384883880615,0.740478515625,732.7319910353981,False,True,0.9649114595312839,1.029999442459779,0,0,18,1.0311386412359247,recloser_disswitch(r:p1udt228-p1udt62)p1u_12237,203.5904650672681,7214.888317764616,True,0.9723557891531096,1.0299994650560016,0,0,18,0.9999973641554201,recloser_disswitch(r:p1udt228-p1udt62)p1u_12237,184.73973498003588,6939.463706430307
16,49553,2023-08-28T10:00,peak,10.0,1979.076976776123,0.3702392578125,732.7319910353981,False,True,0.9345563905931404,1.0299993522040096,6,0,18,1.2337291370070729,l(r:p1udm823-p1ulv1893),293.01816973122976,8293.908761472178,True,0.9723557891531096,1.0299994650560016,0,0,18,0.9999973641554201,recloser_disswitch(r:p1udt228-p1udt62)p1u_12237,184.73973498003588,6939.463706430307
16,49846,2023-09-09T15:00,random,1.0,30.41227789223194,1.0,30.41227789223194,True,True,0.9884709735100954,1.0299995253428833,0,0,18,0.9167982587369379,recloser_disswitch(r:p1udt228-p1udt62)p1u_12237,141.6195565683869,6194.194287859273,True,0.9884709735100954,1.0299995253428833,0,0,18,0.9167982587369379,recloser_disswitch(r:p1udt228-p1udt62)p1u_12237,141.6195565683869,6194.194287859273
16,49846,2023-09-09T15:00,random,3.0,91.23683367669582,1.0,91.23683367669582,True,True,0.9867996144037329,1.0299995202194498,0,0,18,0.925372430830461,recloser_disswitch(r:p1udt228-p1udt62)p1u_12237,145.08285656203674,6258.292916732128,True,0.9867996144037329,1.0299995202194498,0,0,18,0.925372430830461,recloser_disswitch(r:p1udt228-p1udt62)p1u_12237,145.08285656203674,6258.292916732128
16,49846,2023-09-09T15:00,random,5.0,152.0613894611597,1.0,152.0613894611597,True,True,0.9841073947869842,1.0299995150503523,0,0,18,0.9340106369461072,recloser_disswitch(r:p1udt228-p1udt62)p1u_12237,148.73738319060814,6322.769939672056,True,0.9841073947869842,1.0299995150503523,0,0,18,0.9340106369461072,recloser_disswitch(r:p1udt228-p1udt62)p1u_12237,148.73738319060814,6322.769939672056
16,49846,2023-09-09T15:00,random,10.0,304.1227789223194,1.0,304.1227789223194,True,True,0.977280328211065,1.0299995019955215,0,0,18,0.9557593483614203,recloser_disswitch(r:p1udt228-p1udt62)p1u_12237,158.68906754756105,6484.739908501737,True,0.977280328211065,1.0299995019955215,0,0,18,0.9557593483614203,recloser_disswitch(r:p1udt228-p1udt62)p1u_12237,158.68906754756105,6484.739908501737
16,50168,2023-09-23T01:00,random,1.0,8.444974184036255,1.0,8.444974184036255,True,True,0.9892619917528156,1.0299995271970102,0,0,18,0.9139031120085322,recloser_disswitch(r:p1udt228-p1udt62)p1u_12237,140.4230192687276,6170.931899242647,True,0.9892619917528156,1.0299995271970102,0,0,18,0.9139031120085322,recloser_disswitch(r:p1udt228-p1udt62)p1u_12237,140.4230192687276,6170.931899242647
16,50168,2023-09-23T01:00,random,3.0,25.334922552108765,1.0,25.334922552108765,True,True,0.988716288460135,1.0299995257802745,0,0,18,0.9167015857324995,recloser_disswitch(r:p1udt228-p1udt62)p1u_12237,141.39374404654953,6188.644384075354,True,0.988716288460135,1.0299995257802745,0,0,18,0.9167015857324995,recloser_disswitch(r:p1udt228-p1udt62)p1u_12237,141.39374404654953,6188.644384075354
16,50168,2023-09-23T01:00,random,5.0,42.224870920181274,1.0,42.224870920181274,True,True,0.9873203946947893,1.0299995243458222,0,0,18,0.9195294387974615,recloser_disswitch(r:p1udt228-p1udt62)p1u_12237,142.40429162684876,6206.540540379873,True,0.9873203946947893,1.0299995243458222,0,0,18,0.9195294387974615,recloser_disswitch(r:p1udt228-p1udt62)p1u_12237,142.40429162684876,6206.540540379873
16,50168,2023-09-23T01:00,random,10.0,84.44974184036255,1.0,84.44974184036255,True,True,0.98380136530142,1.0299995207273012,0,0,18,0.926642212717875,recloser_disswitch(r:p1udt228-p1udt62)p1u_12237,145.08137941631892,6251.507638873041,True,0.98380136530142,1.0299995207273012,0,0,18,0.926642212717875,recloser_disswitch(r:p1udt228-p1udt62)p1u_12237,145.08137941631892,6251.507638873041
16,51647,2023-11-23T16:00,random,1.0,17.233353793621063,1.0,17.233353793621063,True,True,0.9890753417361409,1.0299995264656399,0,0,18,0.9153509717429625,recloser_disswitch(r:p1udt228-p1udt62)p1u_12237,140.86375568136324,6180.104785526792,True,0.9890753417361409,1.0299995264656399,0,0,18,0.9153509717429625,recloser_disswitch(r:p1udt228-p1udt62)p1u_12237,140.86375568136324,6180.104785526792
16,51647,2023-11-23T16:00,random,3.0,51.70006138086319,1.0,51.70006138086319,True,True,0.9886307367655335,1.0299995235628472,0,0,18,0.9210768915138899,recloser_disswitch(r:p1udt228-p1udt62)p1u_12237,142.80392910029664,6216.339793062232,True,0.9886307367655335,1.0299995235628472,0,0,18,0.9210768915138899,recloser_disswitch(r:p1udt228-p1udt62)p1u_12237,142.80392910029664,6216.339793062232
16,51647,2023-11-23T16:00,random,5.0,86.16676896810532,1.0,86.16676896810532,True,True,0.988180665542682,1.0299995206056463,0,0,18,0.9268847956944447,recloser_disswitch(r:p1udt228-p1udt62)p1u_12237,144.90602812397003,6253.0525554034875,True,0.988180665542682,1.0299995206056463,0,0,18,0.9268847956944447,recloser_disswitch(r:p1udt228-p1udt62)p1u_12237,144.90602812397003,6253.0525554034875
16,51647,2023-11-23T16:00,random,10.0,172.33353793621063,1.0,172.33353793621063,True,True,0.9822049568375824,1.0299995131196675,0,0,18,0.9414881647377858,recloser_disswitch(r:p1udt228-p1udt62)p1u_12237,150.80530673008437,6345.091883697744,True,0.9822049568375824,1.0299995131196675,0,0,18,0.9414881647377858,recloser_disswitch(r:p1udt228-p1udt62)p1u_12237,150.80530673008437,6345.091883697744
17,44103,2023-01-13T08:00,random,1.0,79.95436143875122,1.0,79.95436143875122,True,True,0.9859055581113711,1.0299995211161397,0,0,18,0.9218102706226168,recloser_disswitch(r:p1udt228-p1udt62)p1u_12237,144.56500957018238,6246.526683190381,True,0.9859055581113711,1.0299995211161397,0,0,18,0.9218102706226168,recloser_disswitch(r:p1udt228-p1udt62)p1u_12237,144.56500957018238,6246.526683190381
17,44103,2023-01-13T08:00,random,3.0,239.86308431625366,1.0,239.86308431625366,True,True,0.9755135103918908,1.0299995073109485,0,0,18,0.94067663834574,recloser_disswitch(r:p1udt228-p1udt62)p1u_12237,155.0409829256543,6416.82583690906,True,0.9755135103918908,1.0299995073109485,0,0,18,0.94067663834574,recloser_disswitch(r:p1udt228-p1udt62)p1u_12237,155.0409829256543,6416.82583690906
17,44103,2023-01-13T08:00,random,5.0,399.7718071937561,1.0,399.7718071937561,True,True,0.964001879055319,1.0299994931976446,0,0,18,0.9598784119056475,recloser_disswitch(r:p1udt228-p1udt62)p1u_12237,167.25504754189365,6588.919626557591,True,0.964001879055319,1.0299994931976446,0,0,18,0.9598784119056475,recloser_disswitch(r:p1udt228-p1udt62)p1u_12237,167.25504754189365,6588.919626557591
17,44103,2023-01-13T08:00,random,10.0,799.5436143875122,0.73321533203125,586.2376366966055,False,True,0.9331584517067255,1.029999456439174,6,0,18,1.2453909382211357,l(r:p1udm721-p1ulv530),206.18947945864218,7027.655190809162,True,0.9500011065670141,1.029999476317939,0,0,18,0.9827364186599594,recloser_disswitch(r:p1udt228-p1udt62)p1u_12237,183.85311331069636,6792.0816512667
17,44752,2023-02-09T09:00,random,1.0,125.63688196241856,1.0,125.63688196241856,True,True,0.9868458409871662,1.029999517315861,0,0,18,0.9272870409749568,recloser_disswitch(r:p1udt228-p1udt62)p1u_12237,146.6498847091853,6294.42917318444,True,0.9868458409871662,1.029999517315861,0,0,18,0.9272870409749568,recloser_disswitch(r:p1udt228-p1udt62)p1u_12237,146.6498847091853,6294.42917318444
17,44752,2023-02-09T09:00,random,3.0,376.91064588725567,1.0,376.91064588725567,True,True,0.9749198670547565,1.0299994958859955,0,0,18,0.9570751379466294,recloser_disswitch(r:p1udt228-p1udt62)p1u_12237,161.6054476278624,6560.413384527358,True,0.9749198670547565,1.0299994958859955,0,0,18,0.9570751379466294,recloser_disswitch(r:p1udt228-p1udt62)p1u_12237,161.6054476278624,6560.413384527358
17,44752,2023-02-09T09:00,random,5.0,628.1844098120928,1.0,628.1844098120928,True,True,0.962557667413652,1.0299994740530958,0,0,18,0.9872678351958929,recloser_disswitch(r:p1udt228-p1udt62)p1u_12237,178.76016298880057,6828.805672847336,True,0.962557667413652,1.0299994740530958,0,0,18,0.9872678351958929,recloser_disswitch(r:p1udt228-p1udt62)p1u_12237,178.76016298880057,6828.805672847336
17,44752,2023-02-09T09:00,random,10.0,1256.3688196241856,0.5833740234375,732.9329332255838,False,True,0.9294523686321455,1.0299994176168616,6,0,18,1.1792843787469132,l(r:p1udm822-p1ulv579),232.14661602370526,7510.4254502156455,True,0.957258793706401,1.0299994648191055,0,0,18,0.9999928790679469,recloser_disswitch(r:p1udt228-p1udt62)p1u_12237,186.59819342410674,6941.520358849566
17,46073,2023-04-05T10:00,peak,1.0,190.9374189376831,1.0,190.9374189376831,True,True,0.9776240688825447,1.0299995116227767,0,0,18,0.9404655532185867,recloser_disswitch(r:p1udt228-p1udt62)p1u_12237,151.5481326695667,6364.640956845835,True,0.9776240688825447,1.0299995116227767,0,0,18,0.9404655532185867,recloser_disswitch(r:p1udt228-p1udt62)p1u_12237,151.5481326695667,6364.640956845835
17,46073,2023-04-05T10:00,peak,3.0,572.8122568130493,0.9075927734375,519.8802648199489,False,True,0.9453305398949237,1.0299994778519257,6,0,18,0.9978514646529696,recloser_disswitch(r:p1udt228-p1udt62)p1u_12237,182.249910162863,6777.019452048654,True,0.9500025963879638,1.029999482638374,0,0,18,0.9897678185261222,recloser_disswitch(r:p1udt228-p1udt62)p1u_12237,177.34624470724907,6719.216250536931
17,46073,2023-04-05T10:00,peak,5.0,954.6870946884155,0.5445556640625,519.8802648199489,False,True,0.9093417477853761,1.0299994421365881,6,0,18,1.4886148691450825,l(r:p1udt258lv-p1ulv646),224.76050701305365,7201.4200540430675,True,0.9500024510036487,1.0299994826382153,0,0,18,0.9897681018239185,recloser_disswitch(r:p1udt228-p1udt62)p1u_12237,177.34637119605674,6719.218105759156
17,46073,2023-04-05T10:00,peak,10.0,1909.374189376831,0.27227783203125,519.8802648199489,False,True,0.7958936259539631,1.0299993416383804,18,0,18,3.104611719611302,l(r:p1udt258lv-p1ulv646),404.43002212591045,8325.935352386668,True,0.9500024510036487,1.0299994826382153,0,0,18,0.9897681018239185,recloser_disswitch(r:p1udt228-p1udt62)p1u_12237,177.34637119605674,6719.218105759156
17,46294,2023-04-14T15:00,random,1.0,91.37446284294128,1.0,91.37446284294128,True,True,0.9874120654034136,1.029999520114526,0,0,18,0.9224676214115313,recloser_disswitch(r:p1udt228-p1udt62)p1u_12237,145.2835154993595,6258.770828191608,True,0.9874120654034136,1.029999520114526,0,0,18,0.9224676214115313,recloser_disswitch(r:p1udt228-p1udt62)p1u_12237,145.2835154993595,6258.770828191608
17,46294,2023-04-14T15:00,random,3.0,274.12338852882385,1.0,274.12338852882385,True,True,0.9820627214100082,1.0299995043732122,0,0,18,0.9425187942964861,recloser_disswitch(r:p1udt228-p1udt62)p1u_12237,156.87928120062065,6452.921993598009,True,0.9820627214100082,1.0299995043732122,0,0,18,0.9425187942964861,recloser_disswitch(r:p1udt228-p1udt62)p1u_12237,156.87928120062065,6452.921993598009
17,46294,2023-04-14T15:00,random,5.0,456.8723142147064,0.95965576171875,438.4401487059222,False,True,0.9761078748759952,1.029999488376464,0,0,18,1.0131455983447364,l(r:p1udt175lv-p1ulv493),169.76384786241496,6648.535189402215,True,0.9767118024518326,1.0299994899931046,0,0,18,0.9999970344149055,l(r:p1udt175lv-p1ulv493),168.41010195688995,6628.840450297017
17,46294,2023-04-14T15:00,random,10.0,913.7446284294128,0.47979736328125,438.4122634328378,False,True,0.9590567022048846,1.0299994472699159,0,0,18,1.346102605060952,l(r:p1udm822-p1ulv579),207.86315700255298,7143.56108633347,True,0.9767127067222359,1.02999948999551,0,0,18,0.9999772840458678,l(r:p1udt175lv-p1ulv493),168.40809758631576,6628.811120784068
17,46385,2023-04-18T10:00,peak,1.0,188.02274084091187,1.0,188.02274084091187,True,True,0.9857463347959854,1.029999512052132,0,0,18,0.9342378699600602,recloser_disswitch(r:p1udt228-p1udt62)p1u_12237,149.8152074640283,6359.917244167378,True,0.9857463347959854,1.029999512052132,0,0,18,0.9342378699600602,recloser_disswitch(r:p1udt228-p1udt62)p1u_12237,149.8152074640283,6359.917244167378
17,46385,2023-04-18T10:00,peak,3.0,564.0682225227356,1.0,564.0682225227356,True,True,0.9762033690222928,1.0299994799339331,0,0,18,0.978010333425339,recloser_disswitch(r:p1udt228-p1udt62)p1u_12237,171.75982558531743,6757.674810813024,True,0.9762033690222928,1.0299994799339331,0,0,18,0.978010333425339,recloser_disswitch(r:p1udt228-p1udt62)p1u_12237,171.75982558531743,6757.674810813024
17,46385,2023-04-18T10:00,peak,5.0,940.1137042045593,0.77215576171875,725.9142133723071,False,True,0.9652317675547691,1.029999447210866,0,0,18,1.1234207658612498,l(r:p1udm822-p1ulv579),196.78727050088133,7158.69142339039,True,0.9715214097043503,1.0299994659089275,0,0,18,0.9999788903799944,l(r:p1udm822-p1ulv579),182.15597245282763,6930.060222377089
17,46385,2023-04-18T10:00,peak,10.0,1880.2274084091187,0.38604736328125,725.8568333854782,False,True,0.9360920330018441,1.029999362607843,6,0,18,1.677349231926008,l(r:p1udm822-p1ulv579),273.84646655122765,8175.9212051835975,True,0.9715230577664632,1.0299994659138212,0,0,18,0.999946265189354,l(r:p1udm822-p1ulv579),182.15224015755106,6930.0001647628715
17,46413,2023-04-19T14:00,random,1.0,57.698155641555786,1.0,57.698155641555786,True,True,0.9875282324302619,1.0299995229930012,0,0,18,0.9206139922140865,recloser_disswitch(r:p1udt228-p1udt62)p1u_12237,143.34134218517534,6223.192485249797,True,0.9875282324302619,1.0299995229930012,0,0,18,0.9206139922140865,recloser_disswitch(r:p1udt228-p1udt62)p1u_12237,143.34134218517534,6223.192485249797
17,46413,2023-04-19T14:00,random,3.0,173.09446692466736,1.0,173.09446692466736,True,True,0.9799228456330861,1.0299995130709894,0,0,18,0.9369378697118718,recloser_disswitch(r:p1udt228-p1udt62)p1u_12237,150.83799604797784,6345.878298954304,True,0.9799228456330861,1.0299995130709894,0,0,18,0.9369378697118718,recloser_disswitch(r:p1udt228-p1udt62)p1u_12237,150.83799604797784,6345.878298954304
17,46413,2023-04-19T14:00,random,5.0,288.49077820777893,1.0,288.49077820777893,True,True,0.9711492176870582,1.0299995029650792,0,0,18,0.9534912873280865,recloser_disswitch(r:p1udt228-p1udt62)p1u_12237,159.34787310897423,6469.770373964394,True,0.9711492176870582,1.0299995029650792,0,0,18,0.9534912873280865,recloser_disswitch(r:p1udt228-p1udt62)p1u_12237,159.34787310897423,6469.770373964394
17,46413,2023-04-19T14:00,random,10.0,576.9815564155579,0.96026611328125,554.055836614134,False,True,0.9481103375083472,1.0299994769049612,6,0,18,0.9958333736297384,recloser_disswitch(r:p1udt228-p1udt62)p1u_12237,185.35215788396482,6784.296953814253,True,0.9500010955837999,1.0299994790166385,0,0,18,0.9924209157076332,recloser_disswitch(r:p1udt228-p1udt62)p1u_12237,183.02685706806125,6759.073466122664
17,46948,2023-05-11T21:00,random,1.0,43.385165214538574,1.0,43.385165214538574,True,True,0.9891065737186208,1.0299995242563347,0,0,18,0.9181421553997573,recloser_disswitch(r:p1udt228-p1udt62)p1u_12237,142.21619973363408,6207.736996512417,True,0.9891065737186208,1.0299995242563347,0,0,18,0.9181421553997573,recloser_disswitch(r:p1udt228-p1udt62)p1u_12237,142.21619973363408,6207.736996512417
17,46948,2023-05-11T21:00,random,3.0,130.15549564361572,1.0,130.15549564361572,True,True,0.9861333046095314,1.0299995169498828,0,0,18,0.9294143737175087,recloser_disswitch(r:p1udt228-p1udt62)p1u_12237,146.88338814686122,6299.006261159377,True,0.9861333046095314,1.0299995169498828,0,0,18,0.9294143737175087,recloser_disswitch(r:p1udt228-p1udt62)p1u_12237,146.88338814686122,6299.006261159377
17,46948,2023-05-11T21:00,random,5.0,216.92582607269287,1.0,216.92582607269287,True,True,0.98298877718941,1.0299995095944123,0,0,18,0.9407466161868389,recloser_disswitch(r:p1udt228-p1udt62)p1u_12237,151.75028833729982,6390.640903267004,True,0.98298877718941,1.0299995095944123,0,0,18,0.9407466161868389,recloser_disswitch(r:p1udt228-p1udt62)p1u_12237,151.75028833729982,6390.640903267004
17,46948,2023-05-11T21:00,random,10.0,433.85165214538574,0.872802734375,378.666908305604,False,True,0.975001550043319,1.0299994910524397,0,0,18,1.0456453228649445,l(r:p1udt175lv-p1ulv493),164.77180571094436,6620.532128012191,True,0.9770494609704603,1.0299994957851808,0,0,18,0.9999872057447688,l(r:p1udt175lv-p1ulv493),161.3452248110926,6562.001950686703
17,47304,2023-05-26T17:00,random,1.0,83.14106774330139,1.0,83.14106774330139,True,True,0.988586502610679,1.0299995208707853,0,0,18,0.9217413895582793,recloser_disswitch(r:p1udt228-p1udt62)p1u_12237,144.50298439978556,6249.708351465278,True,0.988586502610679,1.0299995208707853,0,0,18,0.9217413895582793,recloser_disswitch(r:p1udt228-p1udt62)p1u_12237,144.50298439978556,6249.708351465278
17,47304,2023-05-26T17:00,random,3.0,249.42320322990417,1.0,249.42320322990417,True,True,0.9817732164023444,1.0299995066793315,0,0,18,0.9403250161598081,recloser_disswitch(r:p1udt228-p1udt62)p1u_12237,154.2934893778163,6425.651350074787,True,0.9817732164023444,1.0299995066793315,0,0,18,0.9403250161598081,recloser_disswitch(r:p1udt228-p1udt62)p1u_12237,154.2934893778163,6425.651350074787
17,47304,2023-05-26T17:00,random,5.0,415.70533871650696,1.0,415.70533871650696,True,True,0.9743169810765709,1.029999492306824,0,0,18,0.959078054567403,recloser_disswitch(r:p1udt228-p1udt62)p1u_12237,165.02578187383162,6602.651942508566,True,0.9743169810765709,1.029999492306824,0,0,18,0.959078054567403,recloser_disswitch(r:p1udt228-p1udt62)p1u_12237,165.02578187383162,6602.651942508566
17,47304,2023-05-26T17:00,random,10.0,831.4106774330139,0.76007080078125,631.9309793745924,False,True,0.9549158172766323,1.029999455581764,0,0,18,1.0992802104063686,l(r:p1udt175lv-p1ulv493),196.16903207791225,7049.545026499747,True,0.9643650834075407,1.0299994733441284,0,0,18,0.9999969708088325,l(r:p1udt175lv-p1ulv493),180.4389600299123,6834.360700382962
17,47458,2023-06-02T03:00,random,1.0,11.082432746887207,1.0,11.082432746887207,True,True,0.9892533533831556,1.0299995269664086,0,0,18,0.9125457728250901,recloser_disswitch(r:p1udt228-p1udt62)p1u_12237,140.48883888364176,6173.717799681054,True,0.9892533533831556,1.0299995269664086,0,0,18,0.9125457728250901,recloser_disswitch(r:p1udt228-p1udt62)p1u_12237,140.48883888364176,6173.717799681054
17,47458,2023-06-02T03:00,random,3.0,33.24729824066162,1.0,33.24729824066162,True,True,0.9891688687877805,1.0299995251089624,0,0,18,0.9125876703186286,recloser_disswitch(r:p1udt228-p1udt62)p1u_12237,141.5764311630286,6196.72293405091,True,0.9891688687877805,1.0299995251089624,0,0,18,0.9125876703186286,recloser_disswitch(r:p1udt228-p1udt62)p1u_12237,141.5764311630286,6196.72293405091
17,47458,2023-06-02T03:00,random,5.0,55.412163734436035,1.0,55.412163734436035,True,True,0.9890820021207664,1.0299995232241188,0,0,18,0.9126648534792066,recloser_disswitch(r:p1udt228-p1udt62)p1u_12237,142.70438360775654,6220.009526608737,True,0.9890820021207664,1.0299995232241188,0,0,18,0.9126648534792066,recloser_disswitch(r:p1udt228-p1udt62)p1u_12237,142.70438360775654,6220.009526608737
17,47458,2023-06-02T03:00,random,10.0,110.82432746887207,1.0,110.82432746887207,True,True,0.9888622190657055,1.0299995184704802,0,0,18,0.9128709317610842,recloser_disswitch(r:p1udt228-p1udt62)p1u_12237,145.6585481128109,6278.455656541959,True,0.9888622190657055,1.0299995184704802,0,0,18,0.9128709317610842,recloser_disswitch(r:p1udt228-p1udt62)p1u_12237,145.6585481128109,6278.455656541959
17,47868,2023-06-19T05:00,random,1.0,3.571868658065796,1.0,3.571868658065796,True,True,0.9891966208272974,1.029999527611276,0,0,18,0.9126547233196133,recloser_disswitch(r:p1udt228-p1udt62)p1u_12237,140.12867992843192,6165.714708110354,True,0.9891966208272974,1.029999527611276,0,0,18,0.9126547233196133,recloser_disswitch(r:p1udt228-p1udt62)p1u_12237,140.12867992843192,6165.714708110354
17,47868,2023-06-19T05:00,random,3.0,10.715605974197388,1.0,10.715605974197388,True,True,0.9889952097028476,1.0299995270109312,0,0,18,0.9129826428744329,recloser_disswitch(r:p1udt228-p1udt62)p1u_12237,140.49701649071815,6173.173500917431,True,0.9889952097028476,1.0299995270109312,0,0,18,0.9129826428744329,recloser_disswitch(r:p1udt228-p1udt62)p1u_12237,140.49701649071815,6173.173500917431
17,47868,2023-06-19T05:00,random,5.0,17.85934329032898,1.0,17.85934329032898,True,True,0.9887929558121133,1.0299995264056507,0,0,18,0.9133183133088595,recloser_disswitch(r:p1udt228-p1udt62)p1u_12237,140.87050238428952,6180.690125224313,True,0.9887929558121133,1.0299995264056507,0,0,18,0.9133183133088595,recloser_disswitch(r:p1udt228-p1udt62)p1u_12237,140.87050238428952,6180.690125224313
17,47868,2023-06-19T05:00,random,10.0,35.71868658065796,1.0,35.71868658065796,True,True,0.9882869320537118,1.029999524893651,0,0,18,0.9141521183998839,recloser_disswitch(r:p1udt228-p1udt62)p1u_12237,141.81390754837605,6199.445366418806,True,0.9882869320537118,1.029999524893651,0,0,18,0.9141521183998839,recloser_disswitch(r:p1udt228-p1udt62)p1u_12237,141.81390754837605,6199.445366418806
17,48214,2023-07-03T15:00,random,1.0,73.25083684921265,1.0,73.25083684921265,True,True,0.987969501568577,1.0299995217425806,0,0,18,0.9217227269198268,recloser_disswitch(r:p1udt228-p1udt62)p1u_12237,143.86327196922971,6238.944799241495,True,0.987969501568577,1.0299995217425806,0,0,18,0.9217227269198268,recloser_disswitch(r:p1udt228-p1udt62)p1u_12237,143.86327196922971,6238.944799241495
17,48214,2023-07-03T15:00,random,3.0,219.75251054763794,1.0,219.75251054763794,True,True,0.9852820338398174,1.029999509284033,0,0,18,0.9403431595538004,recloser_disswitch(r:p1udt228-p1udt62)p1u_12237,152.12877932258633,6393.827188088849,True,0.9852820338398174,1.029999509284033,0,0,18,0.9403431595538004,recloser_disswitch(r:p1udt228-p1udt62)p1u_12237,152.12877932258633,6393.827188088849
17,48214,2023-07-03T15:00,random,5.0,366.25418424606323,1.0,366.25418424606323,True,True,0.9819091241343381,1.0299994967319495,0,0,18,0.9829719784603369,l(r:p1udt175lv-p1ulv493),160.93657127309308,6549.128724616753,True,0.9819091241343381,1.0299994967319495,0,0,18,0.9829719784603369,l(r:p1udt175lv-p1ulv493),160.93657127309308,6549.128724616753
17,48214,2023-07-03T15:00,random,10.0,732.5083684921265,0.5286865234375,387.2673027269775,False,True,0.9714779588898071,1.029999464895073,0,0,18,1.2811961287588791,l(r:p1udt175lv-p1ulv493),185.41771993777581,6939.727410520146,True,0.9813186184354616,1.0299994949183207,0,0,18,0.9999725222449038,l(r:p1udt175lv-p1ulv493),162.2482517697416,6571.505459321888
17,48449,2023-07-13T10:00,peak,1.0,185.93796157836914,1.0,185.93796157836914,True,True,0.9851624340000265,1.0299995121391299,0,0,18,0.9350720780612501,recloser_disswitch(r:p1udt228-p1udt62)p1u_12237,150.32897549128475,6358.313819797544,True,0.9851624340000265,1.0299995121391299,0,0,18,0.9350720780612501,recloser_disswitch(r:p1udt228-p1udt62)p1u_12237,150.32897549128475,6358.313819797544
17,48449,2023-07-13T10:00,peak,3.0,557.8138847351074,1.0,557.8138847351074,True,True,0.9736167139959394,1.0299994801323484,0,0,18,0.9806215041629326,recloser_disswitch(r:p1udt228-p1udt62)p1u_12237,173.68672852744243,6753.331242564555,True,0.9736167139959394,1.0299994801323484,0,0,18,0.9806215041629326,recloser_disswitch(r:p1udt228-p1udt62)p1u_12237,173.68672852744243,6753.331242564555
17,48449,2023-07-13T10:00,peak,5.0,929.6898078918457,0.68603515625,637.7998926211149,False,True,0.9616708350422177,1.0299994474438467,0,0,18,1.1867563857453116,l(r:p1udm822-p1ulv579),200.66709861379795,7152.120205010668,True,0.9710778606963895,1.0299994731430515,0,0,18,0.999987783246504,l(r:p1udt175lv-p1ulv493),179.18881034024636,6838.981997455152
17,48449,2023-07-13T10:00,peak,10.0,1859.3796157836914,0.343017578125,637.7998926211149,False,True,0.9298003031028433,1.0299993625344714,9,0,18,1.8052771339017362,l(r:p1udm822-p1ulv579),285.27829846816934,8166.462874425484,True,0.9710778606963895,1.0299994731430515,0,0,18,0.999987783246504,l(r:p1udt175lv-p1ulv493),179.18881034024636,6838.981997455152
17,48450,2023-07-13T11:00,peak,1.0,197.65360134840012,1.0,197.65360134840012,True,True,0.9837097412668802,1.0299995111336042,0,0,18,0.9382240645040657,recloser_disswitch(r:p1udt228-p1udt62)p1u_12237,151.23388855474707,6371.012425233334,True,0.9837097412668802,1.0299995111336042,0,0,18,0.9382240645040657,recloser_disswitch(r:p1udt228-p1udt62)p1u_12237,151.23388855474707,6371.012425233334
17,48450,2023-07-13T11:00,peak,3.0,592.9608040452003,1.0,592.9608040452003,True,True,0.9690932491800722,1.0299994769975562,0,0,18,0.9902564412570052,recloser_disswitch(r:p1udt228-p1udt62)p1u_12237,177.356089728622,6792.1192794145,True,0.9690932491800722,1.0299994769975562,0,0,18,0.9902564412570052,recloser_disswitch(r:p1udt228-p1udt62)p1u_12237,177.356089728622,6792.1192794145
17,48450,2023-07-13T11:00,peak,5.0,988.2680067420006,0.673828125,665.9227779804496,False,True,0.9538056236663336,1.029999441940515,0,0,18,1.1051243146933223,l(r:p1udm822-p1ulv579),208.5451915969519,7218.777862410544,True,0.9663182265790179,1.0299994705793742,0,0,18,0.9999984421181048,recloser_disswitch(r:p1udt228-p1udt62)p1u_12237,182.73325370026117,6870.660040073031
17,48450,2023-07-13T11:00,peak,10.0,1976.5360134840012,0.3369140625,665.9227779804496,False,True,0.912154612508489,1.029999350046894,15,0,18,1.6377573410725423,l(r:p1udm822-p1ulv579),311.21912560759637,8309.704944192381,True,0.9663182265790179,1.0299994705793742,0,0,18,0.9999984421181048,recloser_disswitch(r:p1udt228-p1udt62)p1u_12237,182.73325370026117,6870.660040073031
17,49081,2023-08-08T18:00,peak,1.0,184.03811740875244,1.0,184.03811740875244,True,True,0.9856430900088177,1.0299995122883467,0,0,18,0.9342087702316212,recloser_disswitch(r:p1udt228-p1udt62)p1u_12237,150.2229236187884,6356.396456303611,True,0.9856430900088177,1.0299995122883467,0,0,18,0.9342087702316212,recloser_disswitch(r:p1udt228-p1udt62)p1u_12237,150.2229236187884,6356.396456303611
17,49081,2023-08-08T18:00,peak,3.0,552.1143522262573,1.0,552.1143522262573,True,True,0.9711733280364071,1.0299994805086945,0,0,18,0.978086638384959,recloser_disswitch(r:p1udt228-p1udt62)p1u_12237,173.90371516883437,6747.837484141025,True,0.9711733280364071,1.0299994805086945,0,0,18,0.978086638384959,recloser_disswitch(r:p1udt228-p1udt62)p1u_12237,173.90371516883437,6747.837484141025
17,49081,2023-08-08T18:00,peak,5.0,920.1905870437622,0.6485595703125,596.7984117387095,False,True,0.9560472186122595,1.029999447876525,0,0,18,1.2267737510715282,l(r:p1udm822-p1ulv579),202.05002976298306,7144.208210723499,True,0.9693687587894847,1.0299994765776637,0,0,18,0.9999742545842601,l(r:p1udm822-p1ulv579),177.0867670349804,6795.876336352062
17,49081,2023-08-08T18:00,peak,10.0,1840.3811740875244,0.32427978515625,596.7984117387095,False,True,0.9148738866532151,1.0299993623847299,12,0,18,1.887856259613886,l(r:p1udm822-p1ulv579),294.09987227365497,8156.437003729247,True,0.9693687587894847,1.0299994765776637,0,0,18,0.9999742545842601,l(r:p1udm822-p1ulv579),177.0867670349804,6795.876336352062
17,49289,2023-08-17T10:00,peak,1.0,186.71374398469925,1.0,186.71374398469925,True,True,0.9853640021191769,1.0299995121389212,0,0,18,0.9347111246654557,recloser_disswitch(r:p1udt228-p1udt62)p1u_12237,150.0621853189946,6358.892857322371,True,0.9853640021191769,1.0299995121389212,0,0,18,0.9347111246654557,recloser_disswitch(r:p1udt228-p1udt62)p1u_12237,150.0621853189946,6358.892857322371
17,49289,2023-08-17T10:00,peak,3.0,560.1412319540977,1.0,560.1412319540977,True,True,0.970306459573389,1.0299994801203736,0,0,18,0.9795347788826329,recloser_disswitch(r:p1udt228-p1udt62)p1u_12237,173.1005957421143,6755.07416849139,True,0.970306459573389,1.0299994801203736,0,0,18,0.9795347788826329,recloser_disswitch(r:p1udt228-p1udt62)p1u_12237,173.1005957421143,6755.07416849139
17,49289,2023-08-17T10:00,peak,5.0,933.5687199234962,0.6583251953125,614.5918098812763,False,True,0.9545468023508022,1.0299994473463918,0,0,18,1.2171757233117129,l(r:p1udm822-p1ulv579),200.14058657370674,7155.679306141352,True,0.9680491793076045,1.0299994753748614,0,0,18,0.9999858758493623,l(r:p1udm822-p1ulv579),176.79731205054645,6813.380221245559
17,49289,2023-08-17T10:00,peak,10.0,1867.1374398469925,0.32916259765625,614.5918098812763,False,True,0.9115259335316105,1.0299993619551615,6,0,18,1.867992673711112,l(r:p1udm822-p1ulv579),287.14639774721223,8176.243290825267,True,0.9680491793076045,1.0299994753748614,0,0,18,0.9999858758493623,l(r:p1udm822-p1ulv579),176.79731205054645,6813.380221245559
17,49408,2023-08-22T09:00,peak,1.0,197.64600601792336,1.0,197.64600601792336,True,True,0.9822280225437866,1.0299995110945783,0,0,18,0.9378046601227086,recloser_disswitch(r:p1udt228-p1udt62)p1u_12237,151.52234629924138,6371.279082359837,True,0.9822280225437866,1.0299995110945783,0,0,18,0.9378046601227086,recloser_disswitch(r:p1udt228-p1udt62)p1u_12237,151.52234629924138,6371.279082359837
17,49408,2023-08-22T09:00,peak,3.0,592.9380180537701,1.0,592.9380180537701,True,True,0.960351898539571,1.0299994766514093,0,0,18,0.9892959639067674,recloser_disswitch(r:p1udt228-p1udt62)p1u_12237,179.57159257364222,6794.481603440363,True,0.960351898539571,1.0299994766514093,0,0,18,0.9892959639067674,recloser_disswitch(r:p1udt228-p1udt62)p1u_12237,179.57159257364222,6794.481603440363
17,49408,2023-08-22T09:00,peak,5.0,988.2300300896168,0.68182373046875,673.7986856769476,False,True,0.9369201901657628,1.029999440987454,6,0,18,1.0497887048332204,l(r:p1udt258lv-p1ulv646),214.7812683032507,7224.958677434382,True,0.9556925408360669,1.029999469456745,0,0,18,0.9999954182560895,recloser_disswitch(r:p1udt228-p1udt62)p1u_12237,186.16715695269073,6881.955746286292
17,49408,2023-08-22T09:00,peak,10.0,1976.4600601792336,0.34088134765625,673.7383689026501,False,True,0.8691805422943619,1.0299993454082406,18,0,18,2.0285823098780176,l(r:p1udt258lv-p1ulv646),340.9542490489382,8339.368056734955,True,0.9556959591481037,1.0299994694619916,0,0,18,0.9999876543429079,recloser_disswitch(r:p1udt228-p1udt62)p1u_12237,186.16223001467358,6881.892007375118
17,49409,2023-08-22T10:00,peak,1.0,219.909832239151,1.0,219.909832239151,True,True,0.9825730002175079,1.0299995092859153,0,0,18,0.9422808881618062,recloser_disswitch(r:p1udt228-p1udt62)p1u_12237,152.38583169892723,6394.445134309552,True,0.9825730002175079,1.0299995092859153,0,0,18,0.9422808881618062,recloser_disswitch(r:p1udt228-p1udt62)p1u_12237,152.38583169892723,6394.445134309552
17,49409,2023-08-22T10:00,peak,3.0,659.729496717453,0.97015380859375,640.0390838820749,False,True,0.9614740353202359,1.0299994712338196,0,0,18,1.0027321368459776,recloser_disswitch(r:p1udt228-p1udt62)p1u_12237,182.2112187050951,6863.912570135601,True,0.9624466274211465,1.029999472961335,0,0,18,0.999999395773728,recloser_disswitch(r:p1udt228-p1udt62)p1u_12237,180.72840244687822,6842.757596625848
17,49409,2023-08-22T10:00,peak,5.0,1099.549161195755,0.58209228515625,640.0390838820749,False,True,0.9389549189352032,1.0299994319606878,6,0,18,1.0645748497515244,recloser_disswitch(r:p1udt228-p1udt62)p1u_12237,219.24105211655936,7340.737299063586,True,0.9624465946183717,1.0299994729612667,0,0,18,0.9999995132722221,recloser_disswitch(r:p1udt228-p1udt62)p1u_12237,180.72846040548063,6842.758404502357
17,49409,2023-08-22T10:00,peak,10.0,2199.09832239151,0.291015625,639.9719727272168,False,True,0.8744356403439787,1.0299993274577979,23,0,18,1.9310232485761072,l(r:p1udt258lv-p1ulv646),349.620884980037,8570.678910013215,True,0.962448646495018,1.0299994729645234,0,0,18,0.9999947995199897,recloser_disswitch(r:p1udt228-p1udt62)p1u_12237,180.7253219916614,6842.717285444505
17,49410,2023-08-22T11:00,peak,1.0,204.56667828559875,1.0,204.56667828559875,True,True,0.9837936651861154,1.02999951062129,0,0,18,0.9362781409406213,recloser_disswitch(r:p1udt228-p1udt62)p1u_12237,151.182915346594,6377.876584282051,True,0.9837936651861154,1.02999951062129,0,0,18,0.9362781409406213,recloser_disswitch(r:p1udt228-p1udt62)p1u_12237,151.182915346594,6377.876584282051
17,49410,2023-08-22T11:00,peak,3.0,613.7000348567963,1.0,613.7000348567963,True,True,0.9653580535648058,1.029999475352195,0,0,18,0.9844559599564577,recloser_disswitch(r:p1udt228-p1udt62)p1u_12237,177.76165804795636,6813.25149872973,True,0.9653580535648058,1.029999475352195,0,0,18,0.9844559599564577,recloser_disswitch(r:p1udt228-p1udt62)p1u_12237,177.76165804795636,6813.25149872973
17,49410,2023-08-22T11:00,peak,5.0,1022.8333914279938,0.69805908203125,713.9981382911355,False,True,0.9458376564385709,1.0299994389915998,6,0,18,1.1812967815447346,l(r:p1udm822-p1ulv579),210.27692011477484,7255.069093982497,True,0.9606710347002413,1.0299994665240075,0,0,18,0.9999708411979619,l(r:p1udm822-p1ulv579),185.17605806394536,6921.1650394992175
17,49410,2023-08-22T11:00,peak,10.0,2045.6667828559875,0.3489990234375,713.935709495272,False,True,0.8911427814783844,1.0299993428655798,18,0,18,1.7974867553101483,l(r:p1udm822-p1ulv579),321.4902081846604,8389.07583950854,True,0.9606740626683731,1.0299994665297165,0,0,18,0.9999337729981138,l(r:p1udm822-p1ulv579),185.17119365069436,6921.095485882953
17,49458,2023-08-24T11:00,peak,1.0,192.7057340145111,1.0,192.7057340145111,True,True,0.9857495732727604,1.0299995116865681,0,0,18,0.9378414685238284,recloser_disswitch(r:p1udt228-p1udt62)p1u_12237,150.1476682040184,6364.9963645342705,True,0.9857495732727604,1.0299995116865681,0,0,18,0.9378414685238284,recloser_disswitch(r:p1udt228-p1udt62)p1u_12237,150.1476682040184,6364.9963645342705
17,49458,2023-08-24T11:00,peak,3.0,578.1172020435333,1.0,578.1172020435333,True,True,0.9757295444218603,1.0299994788414235,0,0,18,0.9888987695035711,recloser_disswitch(r:p1udt228-p1udt62)p1u_12237,173.01066218497994,6772.97137849495,True,0.9757295444218603,1.0299994788414235,0,0,18,0.9888987695035711,recloser_disswitch(r:p1udt228-p1udt62)p1u_12237,173.01066218497994,6772.97137849495
17,49458,2023-08-24T11:00,peak,5.0,963.5286700725555,0.68609619140625,661.0733508475096,False,True,0.9644125420726939,1.0299994453660741,0,0,18,1.040600639113289,recloser_disswitch(r:p1udt228-p1udt62)p1u_12237,199.34199715618175,7184.654652376725,True,0.9733224993444122,1.0299994716743877,0,0,18,0.9999991187694204,recloser_disswitch(r:p1udt228-p1udt62)p1u_12237,178.3893191374943,6861.453409865311
17,49458,2023-08-24T11:00,peak,10.0,1927.057340145111,0.343017578125,661.0145417245803,False,True,0.9342794267932972,1.029999358759456,12,0,18,1.5005487816457022,l(r:p1udm822-p1ulv579),281.6410286261321,8230.522631108106,True,0.9733241609871505,1.0299994716792584,0,0,18,0.999991611503707,recloser_disswitch(r:p1udt228-p1udt62)p1u_12237,178.3855987349076,6861.393238831
17,49459,2023-08-24T12:00,peak,1.0,189.81134700775146,1.0,189.81134700775146,True,True,0.9848999792166389,1.029999511860382,0,0,18,0.9399803883774869,recloser_disswitch(r:p1udt228-p1udt62)p1u_12237,150.5392538178222,6362.468805178831,True,0.9848999792166389,1.029999511860382,0,0,18,0.9399803883774869,recloser_disswitch(r:p1udt228-p1udt62)p1u_12237,150.5392538178222,6362.468805178831
17,49459,2023-08-24T12:00,peak,3.0,569.4340410232544,1.0,569.4340410232544,True,True,0.9688484085734146,1.0299994792116554,0,0,18,0.9955675029656724,recloser_disswitch(r:p1udt228-p1udt62)p1u_12237,175.17576839212185,6766.4256420493275,True,0.9688484085734146,1.0299994792116554,0,0,18,0.9955675029656724,recloser_disswitch(r:p1udt228-p1udt62)p1u_12237,175.17576839212185,6766.4256420493275
17,49459,2023-08-24T12:00,peak,5.0,949.0567350387573,0.63134765625,599.1847453149967,False,True,0.9519916343283054,1.0299994456902335,0,0,18,1.0522003341305066,recloser_disswitch(r:p1udt228-p1udt62)p1u_12237,204.77392820750111,7175.796298283704,True,0.9675519278871534,1.0299994766005267,0,0,18,0.9999959621956845,recloser_disswitch(r:p1udt228-p1udt62)p1u_12237,177.3219840182316,6798.5001264365355
17,49459,2023-08-24T12:00,peak,10.0,1898.1134700775146,0.315673828125,599.1847453149967,False,True,0.9056301467396833,1.029999357783242,24,0,18,1.4723676247676738,l(r:p1udt258lv-p1ulv646),303.3631043180525,8223.420666544405,True,0.9675519278871534,1.0299994766005267,0,0,18,0.9999959621956845,recloser_disswitch(r:p1udt228-p1udt62)p1u_12237,177.3219840182316,6798.5001264365355
17,49553,2023-08-28T10:00,peak,1.0,197.9076976776123,1.0,197.9076976776123,True,True,0.9831485389935936,1.029999511108379,0,0,18,0.9363104417454914,recloser_disswitch(r:p1udt228-p1udt62)p1u_12237,151.15023582948922,6371.169790197169,True,0.9831485389935936,1.029999511108379,0,0,18,0.9363104417454914,recloser_disswitch(r:p1udt228-p1udt62)p1u_12237,151.15023582948922,6371.169790197169
17,49553,2023-08-28T10:00,peak,3.0,593.7230930328369,1.0,593.7230930328369,True,True,0.9632969544287051,1.0299994767835816,0,0,18,0.9846284687638724,recloser_disswitch(r:p1udt228-p1udt62)p1u_12237,177.76778601082194,6793.465197430488,True,0.9632969544287051,1.0299994767835816,0,0,18,0.9846284687638724,recloser_disswitch(r:p1udt228-p1udt62)p1u_12237,177.76778601082194,6793.465197430488
17,49553,2023-08-28T10:00,peak,5.0,989.5384883880615,0.6322021484375,625.5883583205286,False,True,0.9421879490582897,1.0299994413825144,6,0,18,1.243641341069578,l(r:p1udm822-p1ulv579),210.47278420099224,7221.9671012817325,True,0.9616458315918197,1.0299994739728624,0,0,18,0.9999738176694274,l(r:p1udm822-p1ulv579),180.1688382951199,6827.746710972151
17,49553,2023-08-28T10:00,peak,10.0,1979.076976776123,0.31610107421875,625.5883583205286,False,True,0.8822990232630942,1.0299993474152598,15,0,18,1.9233515298130373,l(r:p1udm822-p1ulv579),323.68110714189913,8324.650391871653,True,0.9616458315918197,1.0299994739728624,0,0,18,0.9999738176694274,l(r:p1udm822-p1ulv579),180.1688382951199,6827.746710972151
17,49846,2023-09-09T15:00,random,1.0,30.41227789223194,1.0,30.41227789223194,True,True,0.9886510734700027,1.0299995253557481,0,0,18,0.9174993276335415,recloser_disswitch(r:p1udt228-p1udt62)p1u_12237,141.54432531856838,6194.096852275925,True,0.9886510734700027,1.0299995253557481,0,0,18,0.9174993276335415,recloser_disswitch(r:p1udt228-p1udt62)p1u_12237,141.54432531856838,6194.096852275925
17,49846,2023-09-09T15:00,random,3.0,91.23683367669582,1.0,91.23683367669582,True,True,0.9873593128756414,1.0299995202803542,0,0,18,0.9274397342296388,recloser_disswitch(r:p1udt228-p1udt62)p1u_12237,144.7978793727191,6257.771209764015,True,0.9873593128756414,1.0299995202803542,0,0,18,0.9274397342296388,recloser_disswitch(r:p1udt228-p1udt62)p1u_12237,144.7978793727191,6257.771209764015
17,49846,2023-09-09T15:00,random,5.0,152.0613894611597,1.0,152.0613894611597,True,True,0.986054208444683,1.0299995151533514,0,0,18,0.937464126950991,recloser_disswitch(r:p1udt228-p1udt62)p1u_12237,148.18281079609446,6321.965368472708,True,0.986054208444683,1.0299995151533514,0,0,18,0.937464126950991,recloser_disswitch(r:p1udt228-p1udt62)p1u_12237,148.18281079609446,6321.965368472708
17,49846,2023-09-09T15:00,random,10.0,304.1227789223194,1.0,304.1227789223194,True,True,0.9815157059524604,1.0299995022270239,0,0,18,0.962671982098007,recloser_disswitch(r:p1udt228-p1udt62)p1u_12237,157.16253423472492,6483.225249553494,True,0.9815157059524604,1.0299995022270239,0,0,18,0.962671982098007,recloser_disswitch(r:p1udt228-p1udt62)p1u_12237,157.16253423472492,6483.225249553494
17,50168,2023-09-23T01:00,random,1.0,8.444974184036255,1.0,8.444974184036255,True,True,0.9892626957784039,1.0299995272075304,0,0,18,0.9130366003177279,recloser_disswitch(r:p1udt228-p1udt62)p1u_12237,140.32320503199605,6170.826773760926,True,0.9892626957784039,1.0299995272075304,0,0,18,0.9130366003177279,recloser_disswitch(r:p1udt228-p1udt62)p1u_12237,140.32320503199605,6170.826773760926
17,50168,2023-09-23T01:00,random,3.0,25.334922552108765,1.0,25.334922552108765,True,True,0.9891952465141157,1.0299995258120307,0,0,18,0.9141031743277683,recloser_disswitch(r:p1udt228-p1udt62)p1u_12237,141.07692841781838,6188.344747175332,True,0.9891952465141157,1.0299995258120307,0,0,18,0.9141031743277683,recloser_disswitch(r:p1udt228-p1udt62)p1u_12237,141.07692841781838,6188.344747175332
17,50168,2023-09-23T01:00,random,5.0,42.224870920181274,1.0,42.224870920181274,True,True,0.9891265032015715,1.0299995244044855,0,0,18,0.9151882952572844,recloser_disswitch(r:p1udt228-p1udt62)p1u_12237,141.8439412679157,6206.0000206388295,True,0.9891265032015715,1.0299995244044855,0,0,18,0.9151882952572844,recloser_disswitch(r:p1udt228-p1udt62)p1u_12237,141.8439412679157,6206.0000206388295
17,50168,2023-09-23T01:00,random,10.0,84.44974184036255,1.0,84.44974184036255,True,True,0.9889548809307087,1.029999520885228,0,0,18,0.9178898464996177,recloser_disswitch(r:p1udt228-p1udt62)p1u_12237,143.79073953658008,6250.075392573114,True,0.9889548809307087,1.029999520885228,0,0,18,0.9178898464996177,recloser_disswitch(r:p1udt228-p1udt62)p1u_12237,143.79073953658008,6250.075392573114
17,51647,2023-11-23T16:00,random,1.0,17.233353793621063,1.0,17.233353793621063,True,True,0.989225755350653,1.0299995264388127,0,0,18,0.9129492410886765,recloser_disswitch(r:p1udt228-p1udt62)p1u_12237,140.81520069254157,6180.257729124084,True,0.989225755350653,1.0299995264388127,0,0,18,0.9129492410886765,recloser_disswitch(r:p1udt228-p1udt62)p1u_12237,140.81520069254157,6180.257729124084
17,51647,2023-11-23T16:00,random,3.0,51.70006138086319,1.0,51.70006138086319,True,True,0.9890873762454114,1.0299995235417285,0,0,18,0.9137707950660808,recloser_disswitch(r:p1udt228-p1udt62)p1u_12237,142.5650064211382,6216.10674982128,True,0.9890873762454114,1.0299995235417285,0,0,18,0.9137707950660808,recloser_disswitch(r:p1udt228-p1udt62)p1u_12237,142.5650064211382,6216.10674982128
17,51647,2023-11-23T16:00,random,5.0,86.16676896810532,1.0,86.16676896810532,True,True,0.988945433556483,1.0299995206008807,0,0,18,0.9146425586609603,recloser_disswitch(r:p1udt228-p1udt62)p1u_12237,144.38767924209822,6252.384383247569,True,0.988945433556483,1.0299995206008807,0,0,18,0.9146425586609603,recloser_disswitch(r:p1udt228-p1udt62)p1u_12237,144.38767924209822,6252.384383247569
17,51647,2023-11-23T16:00,random,10.0,172.33353793621063,1.0,172.33353793621063,True,True,0.9885857334516184,1.0299995131713757,0,0,18,0.9289675934991285,l(r:p1udm822-p1ulv579),149.20377425193877,6343.497062558996,True,0.9885857334516184,1.0299995131713757,0,0,18,0.9289675934991285,l(r:p1udm822-p1ulv579),149.20377425193877,6343.497062558996
18,44103,2023-01-13T08:00,random,1.0,79.95436143875122,1.0,79.95436143875122,True,True,0.988975222954369,1.0299995212621833,0,0,18,0.9196129784437006,recloser_disswitch(r:p1udt228-p1udt62)p1u_12237,143.6801472872019,6245.65140985167,True,0.988975222954369,1.0299995212621833,0,0,18,0.9196129784437006,recloser_disswitch(r:p1udt228-p1udt62)p1u_12237,143.6801472872019,6245.65140985167
18,44103,2023-01-13T08:00,random,3.0,239.86308431625366,1.0,239.86308431625366,True,True,0.9865797602730063,1.0299995078728184,0,0,18,0.9338907330645309,recloser_disswitch(r:p1udt228-p1udt62)p1u_12237,151.62375658236314,6413.436804169079,True,0.9865797602730063,1.0299995078728184,0,0,18,0.9338907330645309,recloser_disswitch(r:p1udt228-p1udt62)p1u_12237,151.62375658236314,6413.436804169079
18,44103,2023-01-13T08:00,random,5.0,399.7718071937561,1.0,399.7718071937561,True,True,0.982387836697965,1.0299994943522397,0,0,18,0.9482261814119703,recloser_disswitch(r:p1udt228-p1udt62)p1u_12237,160.21576891064598,6581.929298616746,True,0.982387836697965,1.0299994943522397,0,0,18,0.9482261814119703,recloser_disswitch(r:p1udt228-p1udt62)p1u_12237,160.21576891064598,6581.929298616746
18,44103,2023-01-13T08:00,random,10.0,799.5436143875122,0.7852783203125,627.8642665228108,False,True,0.9716792036859568,1.0299994599890152,0,0,18,1.244604358499995,l(r:p1udm823-p1ulv1893),184.6136013111596,7005.962146652987,True,0.9763167220772,1.0299994748365273,0,0,18,0.99999684610706,l(r:p1udm823-p1ulv1893),173.62176343736388,6823.476971065887
18,44752,2023-02-09T09:00,random,1.0,125.63688196241856,1.0,125.63688196241856,True,True,0.9874598048407852,1.0299995174296301,0,0,18,0.9285096774745778,recloser_disswitch(r:p1udt228-p1udt62)p1u_12237,146.20206754147986,6293.938838705829,True,0.9874598048407852,1.0299995174296301,0,0,18,0.9285096774745778,recloser_disswitch(r:p1udt228-p1udt62)p1u_12237,146.20206754147986,6293.938838705829
18,44752,2023-02-09T09:00,random,3.0,376.91064588725567,1.0,376.91064588725567,True,True,0.980127457764116,1.0299994963134134,0,0,18,0.9606742305590318,recloser_disswitch(r:p1udt228-p1udt62)p1u_12237,159.74020346787202,6558.567357242209,True,0.980127457764116,1.0299994963134134,0,0,18,0.9606742305590318,recloser_disswitch(r:p1udt228-p1udt62)p1u_12237,159.74020346787202,6558.567357242209
18,44752,2023-02-09T09:00,random,5.0,628.1844098120928,1.0,628.1844098120928,True,True,0.9715176348455904,1.0299994749389156,0,0,18,0.9931014521977607,recloser_disswitch(r:p1udt228-p1udt62)p1u_12237,174.71334818949234,6824.794282651674,True,0.9715176348455904,1.0299994749389156,0,0,18,0.9931014521977607,recloser_disswitch(r:p1udt228-p1udt62)p1u_12237,174.71334818949234,6824.794282651674
18,44752,2023-02-09T09:00,random,10.0,1256.3688196241856,0.542236328125,681.2488155237588,False,True,0.949001652800177,1.0299994203613811,6,0,18,1.075300418797586,recloser_disswitch(r:p1udt228-p1udt62)p1u_12237,218.7608682176475,7497.082593096258,True,0.9696690608300721,1.0299994703839195,0,0,18,0.9999962975185733,recloser_disswitch(r:p1udt228-p1udt62)p1u_12237,178.06875606377002,6881.309636422409
18,46073,2023-04-05T10:00,peak,1.0,190.9374189376831,1.0,190.9374189376831,True,True,0.9852355664970116,1.0299995118864165,0,0,18,0.9360617856496938,recloser_disswitch(r:p1udt228-p1udt62)p1u_12237,149.77629879875036,6362.818950862021,True,0.9852355664970116,1.0299995118864165,0,0,18,0.9360617856496938,recloser_disswitch(r:p1udt228-p1udt62)p1u_12237,149.77629879875036,6362.818950862021
18,46073,2023-04-05T10:00,peak,3.0,572.8122568130493,1.0,572.8122568130493,True,True,0.9738504621253495,1.0299994794958274,0,0,18,0.9834619879485055,recloser_disswitch(r:p1udt228-p1udt62)p1u_12237,171.4769519600321,6766.145138737847,True,0.9738504621253495,1.0299994794958274,0,0,18,0.9834619879485055,recloser_disswitch(r:p1udt228-p1udt62)p1u_12237,171.4769519600321,6766.145138737847
18,46073,2023-04-05T10:00,peak,5.0,954.6870946884155,0.7384033203125,704.9441205774201,False,True,0.9620834232937823,1.0299994465731517,0,0,18,1.0313333046826596,recloser_disswitch(r:p1udt228-p1udt62)p1u_12237,196.03203275903263,7172.52655756476,True,0.9698193400415853,1.0299994681500841,0,0,18,0.9999978834311225,recloser_disswitch(r:p1udt228-p1udt62)p1u_12237,179.65370580435328,6906.588863151686
18,46073,2023-04-05T10:00,peak,10.0,1909.374189376831,0.36920166015625,704.9441205774201,False,True,0.9307590608789743,1.0299993618323673,6,0,18,1.2361742689814033,l(r:p1udt175lv-p1ulv493),270.79744313957127,8202.036783078878,True,0.9698193400415853,1.0299994681500841,0,0,18,0.9999978834311225,recloser_disswitch(r:p1udt228-p1udt62)p1u_12237,179.65370580435328,6906.588863151686
18,46294,2023-04-14T15:00,random,1.0,91.37446284294128,1.0,91.37446284294128,True,True,0.9887462052061008,1.0299995202502465,0,0,18,0.9265982808329359,recloser_disswitch(r:p1udt228-p1udt62)p1u_12237,144.58510275161385,6258.09368801355,True,0.9887462052061008,1.0299995202502465,0,0,18,0.9265982808329359,recloser_disswitch(r:p1udt228-p1udt62)p1u_12237,144.58510275161385,6258.09368801355
18,46294,2023-04-14T15:00,random,3.0,274.12338852882385,1.0,274.12338852882385,True,True,0.980556312528213,1.0299995048507795,0,0,18,0.9548821603190519,recloser_disswitch(r:p1udt228-p1udt62)p1u_12237,154.47417871234708,6450.534720319071,True,0.980556312528213,1.0299995048507795,0,0,18,0.9548821603190519,recloser_disswitch(r:p1udt228-p1udt62)p1u_12237,154.47417871234708,6450.534720319071
18,46294,2023-04-14T15:00,random,5.0,456.8723142147064,1.0,456.8723142147064,True,True,0.9721659836480819,1.0299994892858904,0,0,18,0.9833715913965531,recloser_disswitch(r:p1udt228-p1udt62)p1u_12237,165.23484170328723,6644.031616798468,True,0.9721659836480819,1.0299994892858904,0,0,18,0.9833715913965531,recloser_disswitch(r:p1udt228-p1udt62)p1u_12237,165.23484170328723,6644.031616798468
18,46294,2023-04-14T15:00,random,10.0,913.7446284294128,0.61602783203125,562.8921224815713,False,True,0.9502319126465063,1.0299994496722353,0,0,18,1.1015529181060695,l(r:p1udt454lv-p1ulv1912)p1ud1,196.14464602791088,7131.854622110094,True,0.9671990896874343,1.0299994801784704,0,0,18,0.9999955069759617,recloser_disswitch(r:p1udt228-p1udt62)p1u_12237,171.8905366055646,6756.773356345032
18,46385,2023-04-18T10:00,peak,1.0,188.02274084091187,1.0,188.02274084091187,True,True,0.9849442973720262,1.029999512131973,0,0,18,0.9356667307748864,recloser_disswitch(r:p1udt228-p1udt62)p1u_12237,149.67456945812071,6359.777984735409,True,0.9849442973720262,1.029999512131973,0,0,18,0.9356667307748864,recloser_disswitch(r:p1udt228-p1udt62)p1u_12237,149.67456945812071,6359.777984735409
18,46385,2023-04-18T10:00,peak,3.0,564.0682225227356,1.0,564.0682225227356,True,True,0.9689842704079402,1.0299994801289587,0,0,18,0.9824160772690611,recloser_disswitch(r:p1udt228-p1udt62)p1u_12237,171.81182897222698,6757.724576591263,True,0.9689842704079402,1.0299994801289587,0,0,18,0.9824160772690611,recloser_disswitch(r:p1udt228-p1udt62)p1u_12237,171.81182897222698,6757.724576591263
18,46385,2023-04-18T10:00,peak,5.0,940.1137042045593,0.74871826171875,703.8802984300128,False,True,0.9522305128091304,1.0299994474287015,0,0,18,1.0298609154458662,recloser_disswitch(r:p1udt228-p1udt62)p1u_12237,197.78018599086636,7159.865179680312,True,0.9628481982425913,1.0299994680425109,0,0,18,0.999993290832012,recloser_disswitch(r:p1udt228-p1udt62)p1u_12237,181.01239867088304,6906.88273146512
18,46385,2023-04-18T10:00,peak,10.0,1880.2274084091187,0.37432861328125,703.8229184431839,False,True,0.9061818486264828,1.0299993624381325,6,0,18,1.4804698071364484,l(r:p1udt258lv-p1ulv646),281.52058609326986,8183.707005781986,True,0.9628506921205494,1.0299994680473905,0,0,18,0.9999862318184565,recloser_disswitch(r:p1udt228-p1udt62)p1u_12237,181.00856958480858,6906.82258437162
18,46413,2023-04-19T14:00,random,1.0,57.698155641555786,1.0,57.698155641555786,True,True,0.9890602861683728,1.0299995231111763,0,0,18,0.9177972082497172,recloser_disswitch(r:p1udt228-p1udt62)p1u_12237,142.61639948057754,6222.453481536799,True,0.9890602861683728,1.0299995231111763,0,0,18,0.9177972082497172,recloser_disswitch(r:p1udt228-p1udt62)p1u_12237,142.61639948057754,6222.453481536799
18,46413,2023-04-19T14:00,random,3.0,173.09446692466736,1.0,173.09446692466736,True,True,0.9864604434377868,1.0299995134986406,0,0,18,0.928371102638366,recloser_disswitch(r:p1udt228-p1udt62)p1u_12237,148.1555537936813,6343.213797220679,True,0.9864604434377868,1.0299995134986406,0,0,18,0.928371102638366,recloser_disswitch(r:p1udt228-p1udt62)p1u_12237,148.1555537936813,6343.213797220679
18,46413,2023-04-19T14:00,random,5.0,288.49077820777893,1.0,288.49077820777893,True,True,0.9835385253674815,1.0299995038137668,0,0,18,0.9389953696208118,recloser_disswitch(r:p1udt228-p1udt62)p1u_12237,153.99208329745613,6464.4429213809,True,0.9835385253674815,1.0299995038137668,0,0,18,0.9389953696208118,recloser_disswitch(r:p1udt228-p1udt62)p1u_12237,153.99208329745613,6464.4429213809
18,46413,2023-04-19T14:00,random,10.0,576.9815564155579,1.0,576.9815564155579,True,True,0.9761244939668635,1.0299994793468596,0,0,18,0.9656569604111411,recloser_disswitch(r:p1udt228-p1udt62)p1u_12237,169.87451050139404,6768.744113667973,True,0.9761244939668635,1.0299994793468596,0,0,18,0.9656569604111411,recloser_disswitch(r:p1udt228-p1udt62)p1u_12237,169.87451050139404,6768.744113667973
18,46948,2023-05-11T21:00,random,1.0,43.385165214538574,1.0,43.385165214538574,True,True,0.9883654295615328,1.029999524264539,0,0,18,0.9197064459361215,recloser_disswitch(r:p1udt228-p1udt62)p1u_12237,142.2418059833685,6207.722702724453,True,0.9883654295615328,1.029999524264539,0,0,18,0.9197064459361215,recloser_disswitch(r:p1udt228-p1udt62)p1u_12237,142.2418059833685,6207.722702724453
18,46948,2023-05-11T21:00,random,3.0,130.15549564361572,1.0,130.15549564361572,True,True,0.9864958583240929,1.0299995169675578,0,0,18,0.934129172687189,recloser_disswitch(r:p1udt228-p1udt62)p1u_12237,146.95522004703514,6299.078322213893,True,0.9864958583240929,1.0299995169675578,0,0,18,0.934129172687189,recloser_disswitch(r:p1udt228-p1udt62)p1u_12237,146.95522004703514,6299.078322213893
18,46948,2023-05-11T21:00,random,5.0,216.92582607269287,1.0,216.92582607269287,True,True,0.9846144119782629,1.0299995096289387,0,0,18,0.9486087058803453,recloser_disswitch(r:p1udt228-p1udt62)p1u_12237,151.85193565899232,6390.7430936361425,True,0.9846144119782629,1.0299995096289387,0,0,18,0.9486087058803453,recloser_disswitch(r:p1udt228-p1udt62)p1u_12237,151.85193565899232,6390.7430936361425
18,46948,2023-05-11T21:00,random,10.0,433.85165214538574,1.0,433.85165214538574,True,True,0.9779181274954543,1.029999491147259,0,0,18,0.9849688334610808,recloser_disswitch(r:p1udt228-p1udt62)p1u_12237,164.88191529769873,6620.645933184732,True,0.9779181274954543,1.029999491147259,0,0,18,0.9849688334610808,recloser_disswitch(r:p1udt228-p1udt62)p1u_12237,164.88191529769873,6620.645933184732
18,47304,2023-05-26T17:00,random,1.0,83.14106774330139,1.0,83.14106774330139,True,True,0.9878829755981392,1.0299995209441126,0,0,18,0.9247533000974054,recloser_disswitch(r:p1udt228-p1udt62)p1u_12237,144.2191481136828,6249.438128599886,True,0.9878829755981392,1.0299995209441126,0,0,18,0.9247533000974054,recloser_disswitch(r:p1udt228-p1udt62)p1u_12237,144.2191481136828,6249.438128599886
18,47304,2023-05-26T17:00,random,3.0,249.42320322990417,1.0,249.42320322990417,True,True,0.9841605390722615,1.0299995069592187,0,0,18,0.9493215958083707,recloser_disswitch(r:p1udt228-p1udt62)p1u_12237,153.15188591538305,6424.519933018133,True,0.9841605390722615,1.0299995069592187,0,0,18,0.9493215958083707,recloser_disswitch(r:p1udt228-p1udt62)p1u_12237,153.15188591538305,6424.519933018133
18,47304,2023-05-26T17:00,random,5.0,415.70533871650696,1.0,415.70533871650696,True,True,0.9796675283338859,1.0299994928718288,0,0,18,0.9740137061574721,recloser_disswitch(r:p1udt228-p1udt62)p1u_12237,162.62616944655113,6600.269128930522,True,0.9796675283338859,1.0299994928718288,0,0,18,0.9740137061574721,recloser_disswitch(r:p1udt228-p1udt62)p1u_12237,162.62616944655113,6600.269128930522
18,47304,2023-05-26T17:00,random,10.0,831.4106774330139,0.70947265625,589.8631417530123,False,True,0.9681863357139774,1.029999457249266,0,0,18,1.0361978761208757,recloser_disswitch(r:p1udt228-p1udt62)p1u_12237,188.71811400015412,7041.934838463005,True,0.9748997272429796,1.029999478011066,0,0,18,0.9999995749388941,recloser_disswitch(r:p1udt228-p1udt62)p1u_12237,173.13841187142992,6784.994062737655
18,47458,2023-06-02T03:00,random,1.0,11.082432746887207,1.0,11.082432746887207,True,True,0.9892525573303106,1.0299995270023667,0,0,18,0.9143129593602248,recloser_disswitch(r:p1udt228-p1udt62)p1u_12237,140.3905044076818,6173.594339861358,True,0.9892525573303106,1.0299995270023667,0,0,18,0.9143129593602248,recloser_disswitch(r:p1udt228-p1udt62)p1u_12237,140.3905044076818,6173.594339861358
18,47458,2023-06-02T03:00,random,3.0,33.24729824066162,1.0,33.24729824066162,True,True,0.989166677092688,1.0299995252129304,0,0,18,0.9179028607637697,recloser_disswitch(r:p1udt228-p1udt62)p1u_12237,141.26758203943416,6196.447024755487,True,0.989166677092688,1.0299995252129304,0,0,18,0.9179028607637697,recloser_disswitch(r:p1udt228-p1udt62)p1u_12237,141.26758203943416,6196.447024755487
18,47458,2023-06-02T03:00,random,5.0,55.412163734436035,1.0,55.412163734436035,True,True,0.9890789516144728,1.0299995234073795,0,0,18,0.9215226091546076,recloser_disswitch(r:p1udt228-p1udt62)p1u_12237,142.1573267126731,6219.50068882483,True,0.9890789516144728,1.0299995234073795,0,0,18,0.9215226091546076,recloser_disswitch(r:p1udt228-p1udt62)p1u_12237,142.1573267126731,6219.50068882483
18,47458,2023-06-02T03:00,random,10.0,110.82432746887207,1.0,110.82432746887207,True,True,0.988860223409766,1.0299995188979745,0,0,18,0.930561884504415,recloser_disswitch(r:p1udt228-p1udt62)p1u_12237,144.3956302677125,6277.060732435312,True,0.988860223409766,1.0299995188979745,0,0,18,0.930561884504415,recloser_disswitch(r:p1udt228-p1udt62)p1u_12237,144.3956302677125,6277.060732435312
18,47868,2023-06-19T05:00,random,1.0,3.571868658065796,1.0,3.571868658065796,True,True,0.9892803808237426,1.0299995276002594,0,0,18,0.9129583360861054,recloser_disswitch(r:p1udt228-p1udt62)p1u_12237,140.09966759115233,6165.943296244621,True,0.9892803808237426,1.0299995276002594,0,0,18,0.9129583360861054,recloser_disswitch(r:p1udt228-p1udt62)p1u_12237,140.09966759115233,6165.943296244621
18,47868,2023-06-19T05:00,random,3.0,10.715605974197388,1.0,10.715605974197388,True,True,0.9892527830028801,1.0299995270409892,0,0,18,0.9137739285783243,recloser_disswitch(r:p1udt228-p1udt62)p1u_12237,140.37445540851436,6173.061517769947,True,0.9892527830028801,1.0299995270409892,0,0,18,0.9137739285783243,recloser_disswitch(r:p1udt228-p1udt62)p1u_12237,140.37445540851436,6173.061517769947
18,47868,2023-06-19T05:00,random,5.0,17.85934329032898,1.0,17.85934329032898,True,True,0.9892227121607232,1.0299995264569861,0,0,18,0.9146359268985613,recloser_disswitch(r:p1udt228-p1udt62)p1u_12237,140.6631977253741,6180.4929890459125,True,0.9892227121607232,1.0299995264569861,0,0,18,0.9146359268985613,recloser_disswitch(r:p1udt228-p1udt62)p1u_12237,140.6631977253741,6180.4929890459125
18,47868,2023-06-19T05:00,random,10.0,35.71868658065796,1.0,35.71868658065796,True,True,0.9891477343237127,1.0299995249987968,0,0,18,0.91678706624805,recloser_disswitch(r:p1udt228-p1udt62)p1u_12237,141.38638798676047,6199.045306061983,True,0.9891477343237127,1.0299995249987968,0,0,18,0.91678706624805,recloser_disswitch(r:p1udt228-p1udt62)p1u_12237,141.38638798676047,6199.045306061983
18,48214,2023-07-03T15:00,random,1.0,73.25083684921265,1.0,73.25083684921265,True,True,0.9889641763361047,1.0299995218029103,0,0,18,0.9220377210470775,recloser_disswitch(r:p1udt228-p1udt62)p1u_12237,143.5523912621121,6238.615516519408,True,0.9889641763361047,1.0299995218029103,0,0,18,0.9220377210470775,recloser_disswitch(r:p1udt228-p1udt62)p1u_12237,143.5523912621121,6238.615516519408
18,48214,2023-07-03T15:00,random,3.0,219.75251054763794,1.0,219.75251054763794,True,True,0.986524081750907,1.029999509480558,0,0,18,0.9412741861679406,recloser_disswitch(r:p1udt228-p1udt62)p1u_12237,151.09036425291774,6392.795414893694,True,0.986524081750907,1.029999509480558,0,0,18,0.9412741861679406,recloser_disswitch(r:p1udt228-p1udt62)p1u_12237,151.09036425291774,6392.795414893694
18,48214,2023-07-03T15:00,random,5.0,366.25418424606323,1.0,366.25418424606323,True,True,0.9823734874530009,1.0299994970947601,0,0,18,0.9605580453833706,recloser_disswitch(r:p1udt228-p1udt62)p1u_12237,159.0214598458605,6547.222772610813,True,0.9823734874530009,1.0299994970947601,0,0,18,0.9605580453833706,recloser_disswitch(r:p1udt228-p1udt62)p1u_12237,159.0214598458605,6547.222772610813
18,48214,2023-07-03T15:00,random,10.0,732.5083684921265,0.84820556640625,621.3176755941822,False,True,0.9717817259119638,1.029999465799789,0,0,18,1.060556780097028,l(r:p1udt454lv-p1ulv1912)p1ud1,180.63644307953194,6934.988096610449,True,0.9750284636655345,1.0299994753420867,0,0,18,0.9999859465246751,l(r:p1udt454lv-p1ulv1912)p1ud1,173.80622485179677,6817.1145415300525
18,48449,2023-07-13T10:00,peak,1.0,185.93796157836914,1.0,185.93796157836914,True,True,0.9884873082120893,1.0299995123928025,0,0,18,0.9353044325409592,recloser_disswitch(r:p1udt228-p1udt62)p1u_12237,148.85088927575097,6356.889812553413,True,0.9884873082120893,1.0299995123928025,0,0,18,0.9353044325409592,recloser_disswitch(r:p1udt228-p1udt62)p1u_12237,148.85088927575097,6356.889812553413
18,48449,2023-07-13T10:00,peak,3.0,557.8138847351074,1.0,557.8138847351074,True,True,0.9841338362158353,1.0299994811227948,0,0,18,0.9810617604924259,recloser_disswitch(r:p1udt228-p1udt62)p1u_12237,167.98561031317766,6747.681781834463,True,0.9841338362158353,1.0299994811227948,0,0,18,0.9810617604924259,recloser_disswitch(r:p1udt228-p1udt62)p1u_12237,167.98561031317766,6747.681781834463
18,48449,2023-07-13T10:00,peak,5.0,929.6898078918457,0.7646484375,710.885858964175,False,True,0.9783397889466965,1.0299994494801292,0,0,18,1.0270964886274982,recloser_disswitch(r:p1udt228-p1udt62)p1u_12237,188.9543536808929,7140.4970166537,True,0.9817583778298095,1.0299994681314704,0,0,18,0.9999972287500493,recloser_disswitch(r:p1udt228-p1udt62)p1u_12237,176.3994125009722,6909.271305925565
18,48449,2023-07-13T10:00,peak,10.0,1859.3796157836914,0.38232421875,710.885858964175,False,True,0.9634449297065039,1.029999368733068,0,0,18,1.2802694276919406,l(r:p1udt454lv-p1ulv1912)p1ud1,249.689862474764,8130.9944172213845,True,0.9817583778298095,1.0299994681314704,0,0,18,0.9999972287500493,recloser_disswitch(r:p1udt228-p1udt62)p1u_12237,176.3994125009722,6909.271305925565
18,48450,2023-07-13T11:00,peak,1.0,197.65360134840012,1.0,197.65360134840012,True,True,0.9873520540069921,1.029999511371161,0,0,18,0.9377159458461627,recloser_disswitch(r:p1udt228-p1udt62)p1u_12237,149.75470738056703,6369.5154982664535,True,0.9873520540069921,1.029999511371161,0,0,18,0.9377159458461627,recloser_disswitch(r:p1udt228-p1udt62)p1u_12237,149.75470738056703,6369.5154982664535
18,48450,2023-07-13T11:00,peak,3.0,592.9608040452003,1.0,592.9608040452003,True,True,0.980369178683888,1.029999478009535,0,0,18,0.9883678765372318,recloser_disswitch(r:p1udt228-p1udt62)p1u_12237,171.04021210581465,6785.867716471229,True,0.980369178683888,1.029999478009535,0,0,18,0.9883678765372318,recloser_disswitch(r:p1udt228-p1udt62)p1u_12237,171.04021210581465,6785.867716471229
18,48450,2023-07-13T11:00,peak,5.0,988.2680067420006,0.69122314453125,683.1137192598362,False,True,0.9732505083330074,1.0299994442028544,0,0,18,1.0394056296432155,recloser_disswitch(r:p1udt228-p1udt62)p1u_12237,194.6383280261567,7204.736450613404,True,0.9787558389953077,1.0299994703260686,0,0,18,0.9999956878085942,recloser_disswitch(r:p1udt228-p1udt62)p1u_12237,176.22400279557877,6881.3283933606
18,48450,2023-07-13T11:00,peak,10.0,1976.5360134840012,0.3455810546875,683.0534001676278,False,True,0.9548190039637859,1.0299993577085542,0,0,18,1.211291894619502,l(r:p1udt454lv-p1ulv1912)p1ud1,264.1979199205926,8262.638113491432,True,0.9787569417509016,1.0299994703313413,0,0,18,0.9999876940933718,recloser_disswitch(r:p1udt228-p1udt62)p1u_12237,176.22040991801185,6881.263000903988
18,49081,2023-08-08T18:00,peak,1.0,184.03811740875244,1.0,184.03811740875244,True,True,0.9873608964268668,1.0299995125345667,0,0,18,0.9363282723714791,recloser_disswitch(r:p1udt228-p1udt62)p1u_12237,149.08048523626908,6355.22763569265,True,0.9873608964268668,1.0299995125345667,0,0,18,0.9363282723714791,recloser_disswitch(r:p1udt228-p1udt62)p1u_12237,149.08048523626908,6355.22763569265
18,49081,2023-08-08T18:00,peak,3.0,552.1143522262573,1.0,552.1143522262573,True,True,0.9797368562002753,1.0299994815223927,0,0,18,0.9842020579797608,recloser_disswitch(r:p1udt228-p1udt62)p1u_12237,168.9479291322013,6742.938571940078,True,0.9797368562002753,1.0299994815223927,0,0,18,0.9842020579797608,recloser_disswitch(r:p1udt228-p1udt62)p1u_12237,168.9479291322013,6742.938571940078
18,49081,2023-08-08T18:00,peak,5.0,920.1905870437622,0.7310791015625,672.7321076422231,False,True,0.9708607724090532,1.0299994500961598,0,0,18,1.032458504081362,recloser_disswitch(r:p1udt228-p1udt62)p1u_12237,191.03846853999158,7133.071618365269,True,0.976849741217719,1.029999471257371,0,0,18,0.999995251246975,recloser_disswitch(r:p1udt228-p1udt62)p1u_12237,175.94644183496084,6870.669495222253
18,49081,2023-08-08T18:00,peak,10.0,1840.3811740875244,0.36553955078125,672.7321076422231,False,True,0.9476564259155753,1.0299993696851235,6,0,18,1.238094946935146,l(r:p1udt454lv-p1ulv1912)p1ud1,256.4783110572957,8118.771327719769,True,0.976849741217719,1.029999471257371,0,0,18,0.999995251246975,recloser_disswitch(r:p1udt228-p1udt62)p1u_12237,175.94644183496084,6870.669495222253
18,49289,2023-08-17T10:00,peak,1.0,186.71374398469925,1.0,186.71374398469925,True,True,0.986966584666171,1.0299995123986545,0,0,18,0.9365879485989173,recloser_disswitch(r:p1udt228-p1udt62)p1u_12237,148.74645284385915,6357.568769783917,True,0.986966584666171,1.0299995123986545,0,0,18,0.9365879485989173,recloser_disswitch(r:p1udt228-p1udt62)p1u_12237,148.74645284385915,6357.568769783917
18,49289,2023-08-17T10:00,peak,3.0,560.1412319540977,1.0,560.1412319540977,True,True,0.9800175454757334,1.0299994811511615,0,0,18,0.9849398398787459,recloser_disswitch(r:p1udt228-p1udt62)p1u_12237,167.73406286098142,6749.762005499767,True,0.9800175454757334,1.0299994811511615,0,0,18,0.9849398398787459,recloser_disswitch(r:p1udt228-p1udt62)p1u_12237,167.73406286098142,6749.762005499767
18,49289,2023-08-17T10:00,peak,5.0,933.5687199234962,0.723876953125,675.788880511027,False,True,0.97134660287208,1.0299994495422933,0,0,18,1.033613229155927,recloser_disswitch(r:p1udt228-p1udt62)p1u_12237,188.64883676703224,7144.076021521917,True,0.9773516450675057,1.0299994713895253,0,0,18,0.9999989418027238,recloser_disswitch(r:p1udt228-p1udt62)p1u_12237,174.00962855998688,6871.789911945246
18,49289,2023-08-17T10:00,peak,10.0,1867.1374398469925,0.3619384765625,675.788880511027,False,True,0.9487286579431702,1.0299993689235294,6,0,18,1.1796641350857318,l(r:p1udm822-p1ulv579),249.7438102631749,8138.805498815538,True,0.9773516450675057,1.0299994713895253,0,0,18,0.9999989418027238,recloser_disswitch(r:p1udt228-p1udt62)p1u_12237,174.00962855998688,6871.789911945246
18,49408,2023-08-22T09:00,peak,1.0,197.64600601792336,1.0,197.64600601792336,True,True,0.9876516520703736,1.0299995114101725,0,0,18,0.9381215565049343,recloser_disswitch(r:p1udt228-p1udt62)p1u_12237,149.66156339384125,6369.3993616307225,True,0.9876516520703736,1.0299995114101725,0,0,18,0.9381215565049343,recloser_disswitch(r:p1udt228-p1udt62)p1u_12237,149.66156339384125,6369.3993616307225
18,49408,2023-08-22T09:00,peak,3.0,592.9380180537701,1.0,592.9380180537701,True,True,0.9794245954512856,1.0299994781404413,0,0,18,0.9895855636610251,recloser_disswitch(r:p1udt228-p1udt62)p1u_12237,170.72273348514088,6785.531206226301,True,0.9794245954512856,1.0299994781404413,0,0,18,0.9895855636610251,recloser_disswitch(r:p1udt228-p1udt62)p1u_12237,170.72273348514088,6785.531206226301
18,49408,2023-08-22T09:00,peak,5.0,988.2300300896168,0.680419921875,672.411399868106,False,True,0.9702506830704425,1.0299994444512768,0,0,18,1.0414247689930856,recloser_disswitch(r:p1udt228-p1udt62)p1u_12237,194.0441965941151,7204.110213534903,True,0.9775960324200845,1.0299994713889842,0,0,18,0.9999986178002213,recloser_disswitch(r:p1udt228-p1udt62)p1u_12237,175.23526724667826,6869.63591668364
18,49408,2023-08-22T09:00,peak,10.0,1976.4600601792336,0.3402099609375,672.411399868106,False,True,0.9462393195508766,1.0299993583565372,6,0,18,1.1793840122587336,l(r:p1udt104-p1uhs0_1247)_cont,262.71387672890717,8261.079897465514,True,0.9775960324200845,1.0299994713889842,0,0,18,0.9999986178002213,recloser_disswitch(r:p1udt228-p1udt62)p1u_12237,175.23526724667826,6869.63591668364
18,49409,2023-08-22T10:00,peak,1.0,219.909832239151,1.0,219.909832239151,True,True,0.9867628865825466,1.029999509451994,0,0,18,0.9398704273095592,recloser_disswitch(r:p1udt228-p1udt62)p1u_12237,151.3187541231713,6393.325393307636,True,0.9867628865825466,1.029999509451994,0,0,18,0.9398704273095592,recloser_disswitch(r:p1udt228-p1udt62)p1u_12237,151.3187541231713,6393.325393307636
18,49409,2023-08-22T10:00,peak,3.0,659.729496717453,1.0,659.729496717453,True,True,0.9792013192051248,1.0299994721195522,0,0,18,0.9949451173159419,recloser_disswitch(r:p1udt228-p1udt62)p1u_12237,176.5195098689547,6858.0822727016,True,0.9792013192051248,1.0299994721195522,0,0,18,0.9949451173159419,recloser_disswitch(r:p1udt228-p1udt62)p1u_12237,176.5195098689547,6858.0822727016
18,49409,2023-08-22T10:00,peak,5.0,1099.549161195755,0.63629150390625,699.6337893961027,False,True,0.9700321584597378,1.0299994341552212,0,0,18,1.0505683988431904,recloser_disswitch(r:p1udt228-p1udt62)p1u_12237,205.13775337947962,7326.463513129872,True,0.9784234335131324,1.029999468686314,0,0,18,0.9999945847833667,recloser_disswitch(r:p1udt228-p1udt62)p1u_12237,178.98254742510576,6900.607093705442
18,49409,2023-08-22T10:00,peak,10.0,2199.09832239151,0.318115234375,699.5666782412445,False,True,0.9458771479105248,1.0299993363607762,6,0,18,1.2166072825157095,l(r:p1udt104-p1uhs0_1247)_cont,292.57762704604784,8513.51822126363,True,0.9784248751709672,1.0299994686923575,0,0,18,0.9999856452406072,recloser_disswitch(r:p1udt228-p1udt62)p1u_12237,178.97821575300716,6900.532405455815
18,49410,2023-08-22T11:00,peak,1.0,204.56667828559875,1.0,204.56667828559875,True,True,0.9868445437776077,1.029999510829892,0,0,18,0.9382885671940949,recloser_disswitch(r:p1udt228-p1udt62)p1u_12237,150.08815345513034,6376.774811256337,True,0.9868445437776077,1.029999510829892,0,0,18,0.9382885671940949,recloser_disswitch(r:p1udt228-p1udt62)p1u_12237,150.08815345513034,6376.774811256337
18,49410,2023-08-22T11:00,peak,3.0,613.7000348567963,1.0,613.7000348567963,True,True,0.9806974618703769,1.0299994763692488,0,0,18,0.9900924743549064,recloser_disswitch(r:p1udt228-p1udt62)p1u_12237,172.20101687490973,6807.763441084773,True,0.9806974618703769,1.0299994763692488,0,0,18,0.9900924743549064,recloser_disswitch(r:p1udt228-p1udt62)p1u_12237,172.20101687490973,6807.763441084773
18,49410,2023-08-22T11:00,peak,5.0,1022.8333914279938,0.67596435546875,691.3989141885395,False,True,0.9738074372738558,1.0299994414339724,0,0,18,1.0423036679110476,recloser_disswitch(r:p1udt228-p1udt62)p1u_12237,196.8537651422922,7241.510499929981,True,0.979397020353885,1.0299994697582429,0,0,18,0.9999990363381099,recloser_disswitch(r:p1udt228-p1udt62)p1u_12237,176.6932937441436,6890.082290151857
18,49410,2023-08-22T11:00,peak,10.0,2045.6667828559875,0.33795166015625,691.336485392676,False,True,0.9559860542723876,1.029999351980342,0,0,18,1.1905153659479146,l(r:p1udt104-p1uhs0_1247)_cont,270.12497792574544,8337.687964142628,True,0.9793980529374212,1.0299994697634711,0,0,18,0.9999912193650187,recloser_disswitch(r:p1udt228-p1udt62)p1u_12237,176.68969290494914,6890.017185352964
18,49458,2023-08-24T11:00,peak,1.0,192.7057340145111,1.0,192.7057340145111,True,True,0.9865877006830949,1.0299995117927907,0,0,18,0.9334338986617092,recloser_disswitch(r:p1udt228-p1udt62)p1u_12237,149.47949017602846,6364.294153357183,True,0.9865877006830949,1.0299995117927907,0,0,18,0.9334338986617092,recloser_disswitch(r:p1udt228-p1udt62)p1u_12237,149.47949017602846,6364.294153357183
18,49458,2023-08-24T11:00,peak,3.0,578.1172020435333,1.0,578.1172020435333,True,True,0.9763980530963972,1.0299994791791935,0,0,18,0.9755234363467651,recloser_disswitch(r:p1udt228-p1udt62)p1u_12237,170.66848456753945,6770.643347474576,True,0.9763980530963972,1.0299994791791935,0,0,18,0.9755234363467651,recloser_disswitch(r:p1udt228-p1udt62)p1u_12237,170.66848456753945,6770.643347474576
18,49458,2023-08-24T11:00,peak,5.0,963.5286700725555,0.83062744140625,800.3333539439336,False,True,0.9651277485959013,1.0299994459820745,0,0,18,1.0297951273284138,l(r:p1udm822-p1ulv579),194.82943625872434,7180.163592559835,True,0.9699400846499762,1.0299994600947011,0,0,18,0.9999963025834226,recloser_disswitch(r:p1udt228-p1udt62)p1u_12237,184.23805062779977,7006.562150579472
18,49458,2023-08-24T11:00,peak,10.0,1927.057340145111,0.415283203125,800.2745448210044,False,True,0.9352238178794279,1.029999360302055,6,0,18,1.4880040434123976,l(r:p1udm822-p1ulv579),269.19606499150666,8218.116649052978,True,0.9699417506042816,1.0299994600995612,0,0,18,0.9999901432228666,recloser_disswitch(r:p1udt228-p1udt62)p1u_12237,184.2344910820025,7006.502118291378
18,49459,2023-08-24T12:00,peak,1.0,189.81134700775146,1.0,189.81134700775146,True,True,0.9865961919789967,1.029999511999651,0,0,18,0.9338310363819206,recloser_disswitch(r:p1udt228-p1udt62)p1u_12237,149.46882921529954,6361.419182026937,True,0.9865961919789967,1.029999511999651,0,0,18,0.9338310363819206,recloser_disswitch(r:p1udt228-p1udt62)p1u_12237,149.46882921529954,6361.419182026937
18,49459,2023-08-24T12:00,peak,3.0,569.4340410232544,1.0,569.4340410232544,True,True,0.98113226348618,1.029999479871397,0,0,18,0.9766531308066237,recloser_disswitch(r:p1udt228-p1udt62)p1u_12237,170.2603532944789,6761.558915648564,True,0.98113226348618,1.029999479871397,0,0,18,0.9766531308066237,recloser_disswitch(r:p1udt228-p1udt62)p1u_12237,170.2603532944789,6761.558915648564
18,49459,2023-08-24T12:00,peak,5.0,949.0567350387573,0.8165283203125,774.9317017424619,False,True,0.9754725662633418,1.0299994472505007,0,0,18,1.0212680530157159,l(r:p1udt104-p1uhs0_1247)_cont,193.48483801207593,7164.364721790585,True,0.9781326922003318,1.029999462259329,0,0,18,0.9999947455742715,recloser_disswitch(r:p1udt228-p1udt62)p1u_12237,182.53492574606375,6979.457671816359
18,49459,2023-08-24T12:00,peak,10.0,1898.1134700775146,0.40826416015625,774.9317017424619,False,True,0.9594437000380103,1.029999363497359,0,0,18,1.3495355890387046,l(r:p1udm822-p1ulv579),262.71364070744863,8182.7249518729095,True,0.9781326922003318,1.029999462259329,0,0,18,0.9999947455742715,recloser_disswitch(r:p1udt228-p1udt62)p1u_12237,182.53492574606375,6979.457671816359
18,49553,2023-08-28T10:00,peak,1.0,197.9076976776123,1.0,197.9076976776123,True,True,0.9876807485786295,1.029999511417403,0,0,18,0.9383044443718995,recloser_disswitch(r:p1udt228-p1udt62)p1u_12237,149.49919449799992,6369.54233030349,True,0.9876807485786295,1.029999511417403,0,0,18,0.9383044443718995,recloser_disswitch(r:p1udt228-p1udt62)p1u_12237,149.49919449799992,6369.54233030349
18,49553,2023-08-28T10:00,peak,3.0,593.7230930328369,1.0,593.7230930328369,True,True,0.9819026626139696,1.0299994781914126,0,0,18,0.9900964452457142,recloser_disswitch(r:p1udt228-p1udt62)p1u_12237,170.10408032458815,6785.702928595319,True,0.9819026626139696,1.0299994781914126,0,0,18,0.9900964452457142,recloser_disswitch(r:p1udt228-p1udt62)p1u_12237,170.10408032458815,6785.702928595319
18,49553,2023-08-28T10:00,peak,5.0,989.5384883880615,0.67596435546875,668.8927465147572,False,True,0.9758541449520428,1.0299994445695624,0,0,18,1.0422417900812635,recloser_disswitch(r:p1udt228-p1udt62)p1u_12237,192.79015776663758,7204.173623328122,True,0.98075990650055,1.0299994718249683,0,0,18,0.9999927557023548,recloser_disswitch(r:p1udt228-p1udt62)p1u_12237,174.25797047083222,6865.140844324134
18,49553,2023-08-28T10:00,peak,10.0,1979.076976776123,0.33795166015625,668.832349878503,False,True,0.9602865682895533,1.029999358783044,0,0,18,1.2708874544430795,l(r:p1udt175lv-p1ulv493),258.9481402591818,8259.943043938101,True,0.9807608140852286,1.0299994718300083,0,0,18,0.9999849371903636,recloser_disswitch(r:p1udt228-p1udt62)p1u_12237,174.25466196003288,6865.077957377273
18,49846,2023-09-09T15:00,random,1.0,30.41227789223194,1.0,30.41227789223194,True,True,0.9891630394431913,1.0299995253466203,0,0,18,0.915617019626551,recloser_disswitch(r:p1udt228-p1udt62)p1u_12237,141.4983008856811,6194.031744921551,True,0.9891630394431913,1.0299995253466203,0,0,18,0.915617019626551,recloser_disswitch(r:p1udt228-p1udt62)p1u_12237,141.4983008856811,6194.031744921551
18,49846,2023-09-09T15:00,random,3.0,91.23683367669582,1.0,91.23683367669582,True,True,0.9887138247694258,1.0299995202464953,0,0,18,0.9217988575858926,recloser_disswitch(r:p1udt228-p1udt62)p1u_12237,144.6627729841334,6257.634993972248,True,0.9887138247694258,1.0299995202464953,0,0,18,0.9217988575858926,recloser_disswitch(r:p1udt228-p1udt62)p1u_12237,144.6627729841334,6257.634993972248
18,49846,2023-09-09T15:00,random,5.0,152.0613894611597,1.0,152.0613894611597,True,True,0.9860501925098396,1.0299995150723467,0,0,18,0.9280899892174537,recloser_disswitch(r:p1udt228-p1udt62)p1u_12237,147.97001607772057,6322.005012779909,True,0.9860501925098396,1.0299995150723467,0,0,18,0.9280899892174537,recloser_disswitch(r:p1udt228-p1udt62)p1u_12237,147.97001607772057,6322.005012779909
18,49846,2023-09-09T15:00,random,10.0,304.1227789223194,1.0,304.1227789223194,True,True,0.9793097341759976,1.0299995020925914,0,0,18,0.9437990967928839,recloser_disswitch(r:p1udt228-p1udt62)p1u_12237,156.71321851379264,6482.775004376501,True,0.9793097341759976,1.0299995020925914,0,0,18,0.9437990967928839,recloser_disswitch(r:p1udt228-p1udt62)p1u_12237,156.71321851379264,6482.775004376501
18,50168,2023-09-23T01:00,random,1.0,8.444974184036255,1.0,8.444974184036255,True,True,0.9892610387746784,1.029999527213328,0,0,18,0.9138807665332972,recloser_disswitch(r:p1udt228-p1udt62)p1u_12237,140.31322743588353,6170.815794237654,True,0.9892610387746784,1.029999527213328,0,0,18,0.9138807665332972,recloser_disswitch(r:p1udt228-p1udt62)p1u_12237,140.31322743588353,6170.815794237654
18,50168,2023-09-23T01:00,random,3.0,25.334922552108765,1.0,25.334922552108765,True,True,0.9891897451866909,1.029999525829519,0,0,18,0.9166370222302387,recloser_disswitch(r:p1udt228-p1udt62)p1u_12237,141.04460920806568,6188.317194901495,True,0.9891897451866909,1.029999525829519,0,0,18,0.9166370222302387,recloser_disswitch(r:p1udt228-p1udt62)p1u_12237,141.04460920806568,6188.317194901495
18,50168,2023-09-23T01:00,random,5.0,42.224870920181274,1.0,42.224870920181274,True,True,0.989117417412082,1.0299995244351388,0,0,18,0.9194123852020136,recloser_disswitch(r:p1udt228-p1udt62)p1u_12237,141.78515008996803,6205.946785012654,True,0.989117417412082,1.0299995244351388,0,0,18,0.9194123852020136,recloser_disswitch(r:p1udt228-p1udt62)p1u_12237,141.78515008996803,6205.946785012654
18,50168,2023-09-23T01:00,random,10.0,84.44974184036255,1.0,84.44974184036255,True,True,0.9889370414551447,1.029999520952419,0,0,18,0.9263419681555262,recloser_disswitch(r:p1udt228-p1udt62)p1u_12237,143.64951737176875,6249.952618531253,True,0.9889370414551447,1.029999520952419,0,0,18,0.9263419681555262,recloser_disswitch(r:p1udt228-p1udt62)p1u_12237,143.64951737176875,6249.952618531253
18,51647,2023-11-23T16:00,random,1.0,17.233353793621063,1.0,17.233353793621063,True,True,0.9892196071503899,1.0299995264910293,0,0,18,0.9152284230295779,recloser_disswitch(r:p1udt228-p1udt62)p1u_12237,140.65049407693272,6180.088689501598,True,0.9892196071503899,1.0299995264910293,0,0,18,0.9152284230295779,recloser_disswitch(r:p1udt228-p1udt62)p1u_12237,140.65049407693272,6180.088689501598
18,51647,2023-11-23T16:00,random,3.0,51.70006138086319,1.0,51.70006138086319,True,True,0.9890691967961355,1.0299995237020656,0,0,18,0.9206044234572068,recloser_disswitch(r:p1udt228-p1udt62)p1u_12237,142.03862110573556,6215.633763435603,True,0.9890691967961355,1.0299995237020656,0,0,18,0.9206044234572068,recloser_disswitch(r:p1udt228-p1udt62)p1u_12237,142.03862110573556,6215.633763435603
18,51647,2023-11-23T16:00,random,5.0,86.16676896810532,1.0,86.16676896810532,True,True,0.9889162191129812,1.0299995208862673,0,0,18,0.9260300378355101,recloser_disswitch(r:p1udt228-p1udt62)p1u_12237,143.44982211576934,6251.509845275374,True,0.9889162191129812,1.0299995208862673,0,0,18,0.9260300378355101,recloser_disswitch(r:p1udt228-p1udt62)p1u_12237,143.44982211576934,6251.509845275374
18,51647,2023-11-23T16:00,random,10.0,172.33353793621063,1.0,172.33353793621063,True,True,0.9885346432106829,1.0299995138523423,0,0,18,0.9395794992594083,recloser_disswitch(r:p1udt228-p1udt62)p1u_12237,147.01140189701655,6341.087921749764,True,0.9885346432106829,1.0299995138523423,0,0,18,0.9395794992594083,recloser_disswitch(r:p1udt228-p1udt62)p1u_12237,147.01140189701655,6341.087921749764
19,44103,2023-01-13T08:00,random,1.0,79.95436143875122,1.0,79.95436143875122,True,True,0.9839054999231912,1.0299995211201587,0,0,18,0.9240621679894577,recloser_disswitch(r:p1udt228-p1udt62)p1u_12237,144.67277522029684,6246.620188029954,True,0.9839054999231912,1.0299995211201587,0,0,18,0.9240621679894577,recloser_disswitch(r:p1udt228-p1udt62)p1u_12237,144.67277522029684,6246.620188029954
19,44103,2023-01-13T08:00,random,3.0,239.86308431625366,1.0,239.86308431625366,True,True,0.9728314384993737,1.0299995073161359,0,0,18,0.9474621549111236,recloser_disswitch(r:p1udt228-p1udt62)p1u_12237,155.37329721536008,6417.150514720855,True,0.9728314384993737,1.0299995073161359,0,0,18,0.9474621549111236,recloser_disswitch(r:p1udt228-p1udt62)p1u_12237,155.37329721536008,6417.150514720855
19,44103,2023-01-13T08:00,random,5.0,399.7718071937561,1.0,399.7718071937561,True,True,0.9613409292765209,1.0299994931980065,0,0,18,0.9712306325861807,recloser_disswitch(r:p1udt228-p1udt62)p1u_12237,167.82938376064598,6589.479044555651,True,0.9613409292765209,1.0299994931980065,0,0,18,0.9712306325861807,recloser_disswitch(r:p1udt228-p1udt62)p1u_12237,167.82938376064598,6589.479044555651
19,44103,2023-01-13T08:00,random,10.0,799.5436143875122,0.53753662109375,429.7839728949475,False,True,0.9305130453440225,1.029999456374515,15,0,18,1.5748749509798678,l(r:p1udm722-p1ulv1845),207.53749917279518,7028.978541359374,True,0.9591267240065754,1.0299994905004735,0,0,18,0.9999851222544208,l(r:p1udm722-p1ulv1845),170.38123109195078,6622.1551540953615
19,44752,2023-02-09T09:00,random,1.0,125.63688196241856,1.0,125.63688196241856,True,True,0.9852731238673011,1.0299995172389789,0,0,18,0.9268962958904845,recloser_disswitch(r:p1udt228-p1udt62)p1u_12237,147.04796485544725,6294.779882822329,True,0.9852731238673011,1.0299995172389789,0,0,18,0.9268962958904845,recloser_disswitch(r:p1udt228-p1udt62)p1u_12237,147.04796485544725,6294.779882822329
19,44752,2023-02-09T09:00,random,3.0,376.91064588725567,1.0,376.91064588725567,True,True,0.9770715536400422,1.0299994956361747,0,0,18,0.9559052245325451,recloser_disswitch(r:p1udt228-p1udt62)p1u_12237,162.7294091164561,6561.528347660247,True,0.9770715536400422,1.0299994956361747,0,0,18,0.9559052245325451,recloser_disswitch(r:p1udt228-p1udt62)p1u_12237,162.7294091164561,6561.528347660247
19,44752,2023-02-09T09:00,random,5.0,628.1844098120928,0.98663330078125,619.7876577522266,False,True,0.9686399587157942,1.0299994736265954,0,0,18,1.0055914369162002,l(r:p1udm822-p1ulv579),180.47513755850375,6830.5114028419375,True,0.9689214825646448,1.0299994743559735,0,0,18,0.9999817163866657,l(r:p1udm822-p1ulv579),179.85646208872117,6821.63477925153
19,44752,2023-02-09T09:00,random,10.0,1256.3688196241856,0.4932861328125,619.7493164186199,False,True,0.946460180415939,1.029999416760973,9,0,18,1.4329502737588011,l(r:p1udm822-p1ulv579),234.4298980967694,7512.717547714136,True,0.9689227617042568,1.0299994743592837,0,0,18,0.999956191021639,l(r:p1udm822-p1ulv579),179.85364142461782,6821.594487161081
19,46073,2023-04-05T10:00,peak,1.0,190.9374189376831,1.0,190.9374189376831,True,True,0.9836013431049153,1.0299995118015224,0,0,18,0.9289217418270792,recloser_disswitch(r:p1udt228-p1udt62)p1u_12237,149.87913969732801,6362.949287363664,True,0.9836013431049153,1.0299995118015224,0,0,18,0.9289217418270792,recloser_disswitch(r:p1udt228-p1udt62)p1u_12237,149.87913969732801,6362.949287363664
19,46073,2023-04-05T10:00,peak,3.0,572.8122568130493,0.81024169921875,464.1163762935321,False,True,0.971902457005241,1.0299994789723308,0,0,18,1.0977225554654593,l(r:p1udm822-p1ulv579),172.80761559789033,6767.429824655196,True,0.9752744572122476,1.029999488399326,0,0,18,0.999975227484801,l(r:p1udm822-p1ulv579),165.85734004568076,6651.963900120303
19,46073,2023-04-05T10:00,peak,5.0,954.6870946884155,0.48614501953125,464.1163762935321,False,True,0.9597377365860176,1.029999445183346,0,0,18,1.445902171357966,l(r:p1udm822-p1ulv579),200.09645250424037,7176.73988498972,True,0.9752744442638587,1.0299994883992774,0,0,18,0.9999754683390846,l(r:p1udm822-p1ulv579),165.8573814539533,6651.964475715961
19,46073,2023-04-05T10:00,peak,10.0,1909.374189376831,0.2430419921875,464.0581068175379,False,True,0.9270390443595156,1.0299993562976342,18,0,18,2.350544640708027,l(r:p1udm822-p1ulv579),289.31894895469543,8220.635558813601,True,0.9752762857074928,1.0299994884044748,0,0,18,0.9999224140183831,l(r:p1udm822-p1ulv579),165.85362720637997,6651.900738937601
19,46294,2023-04-14T15:00,random,1.0,91.37446284294128,1.0,91.37446284294128,True,True,0.9880853805023413,1.029999520258911,0,0,18,0.9223013116734514,recloser_disswitch(r:p1udt228-p1udt62)p1u_12237,144.49350651966,6257.9506334426405,True,0.9880853805023413,1.029999520258911,0,0,18,0.9223013116734514,recloser_disswitch(r:p1udt228-p1udt62)p1u_12237,144.49350651966,6257.9506334426405
19,46294,2023-04-14T15:00,random,3.0,274.12338852882385,1.0,274.12338852882385,True,True,0.9856458410497249,1.029999504806381,0,0,18,0.9420275519229571,recloser_disswitch(r:p1udt228-p1udt62)p1u_12237,154.43385161166424,6450.493087893473,True,0.9856458410497249,1.029999504806381,0,0,18,0.9420275519229571,recloser_disswitch(r:p1udt228-p1udt62)p1u_12237,154.43385161166424,6450.493087893473
19,46294,2023-04-14T15:00,random,5.0,456.8723142147064,1.0,456.8723142147064,True,True,0.9795232513487429,1.0299994891134856,0,0,18,0.9619669340563491,recloser_disswitch(r:p1udt228-p1udt62)p1u_12237,165.5553581799542,6644.347254468585,True,0.9795232513487429,1.0299994891134856,0,0,18,0.9619669340563491,recloser_disswitch(r:p1udt228-p1udt62)p1u_12237,165.5553581799542,6644.347254468585
19,46294,2023-04-14T15:00,random,10.0,913.7446284294128,0.875732421875,800.1957964297617,False,True,0.9603500920004217,1.0299994488101645,0,0,18,1.017407409079537,l(r:p1udt104-p1uhs0_1247)_cont,198.81009335722837,7134.515280674308,True,0.9652357952730478,1.0299994589707804,0,0,18,0.9999980900531761,recloser_disswitch(r:p1udt228-p1udt62)p1u_12237,189.79256109352045,7011.9769657197685
19,46385,2023-04-18T10:00,peak,1.0,188.02274084091187,1.0,188.02274084091187,True,True,0.9837433105767672,1.0299995120192902,0,0,18,0.9393939815509317,recloser_disswitch(r:p1udt228-p1udt62)p1u_12237,150.393771826203,6360.557039604198,True,0.9837433105767672,1.0299995120192902,0,0,18,0.9393939815509317,recloser_disswitch(r:p1udt228-p1udt62)p1u_12237,150.393771826203,6360.557039604198
19,46385,2023-04-18T10:00,peak,3.0,564.0682225227356,0.87774658203125,495.1089543517737,False,True,0.9723473331422737,1.0299994797510061,0,0,18,1.0436310884104443,l(r:p1udt175lv-p1ulv493),174.17628632445243,6760.069504126947,True,0.9744646449460944,1.0299994857125876,0,0,18,0.9999844759690795,l(r:p1udt175lv-p1ulv493),169.52395817382197,6686.623506922411
19,46385,2023-04-18T10:00,peak,5.0,940.1137042045593,0.52667236328125,495.1319063465053,False,True,0.9605179614296928,1.029999446705174,0,0,18,1.283964915021867,l(r:p1udt175lv-p1ulv493),202.04718127397524,7164.126582590815,True,0.9744639378465946,1.0299994857105907,0,0,18,0.9999990448083037,l(r:p1udt175lv-p1ulv493),169.52548712390484,6686.648128824637
19,46385,2023-04-18T10:00,peak,10.0,1880.2274084091187,0.2633056640625,495.0745263596764,False,True,0.9288275321034395,1.029999360596419,15,0,18,1.9006578418493423,l(r:p1udt175lv-p1ulv493),291.1458471641879,8193.334526468172,True,0.9744656725356949,1.0299994857154644,0,0,18,0.9999630564967443,l(r:p1udt175lv-p1ulv493),169.521730113075,6686.587986508365
19,46413,2023-04-19T14:00,random,1.0,57.698155641555786,1.0,57.698155641555786,True,True,0.9869361804535028,1.0299995230004673,0,0,18,0.9189616691221909,recloser_disswitch(r:p1udt228-p1udt62)p1u_12237,143.27185933454655,6223.072167162225,True,0.9869361804535028,1.0299995230004673,0,0,18,0.9189616691221909,recloser_disswitch(r:p1udt228-p1udt62)p1u_12237,143.27185933454655,6223.072167162225
19,46413,2023-04-19T14:00,random,3.0,173.09446692466736,1.0,173.09446692466736,True,True,0.9821636019059382,1.029999513121268,0,0,18,0.9319351371567854,recloser_disswitch(r:p1udt228-p1udt62)p1u_12237,150.3491232203669,6345.393721482379,True,0.9821636019059382,1.029999513121268,0,0,18,0.9319351371567854,recloser_disswitch(r:p1udt228-p1udt62)p1u_12237,150.3491232203669,6345.393721482379
19,46413,2023-04-19T14:00,random,5.0,288.49077820777893,1.0,288.49077820777893,True,True,0.9773137777140274,1.0299995031206186,0,0,18,0.94503310500216,recloser_disswitch(r:p1udt228-p1udt62)p1u_12237,158.02890573917688,6468.460984693196,True,0.9773137777140274,1.0299995031206186,0,0,18,0.94503310500216,recloser_disswitch(r:p1udt228-p1udt62)p1u_12237,158.02890573917688,6468.460984693196
19,46413,2023-04-19T14:00,random,10.0,576.9815564155579,0.91619873046875,528.6297694918176,False,True,0.9648460033281328,1.0299994776324417,0,0,18,1.038020574118328,l(r:p1udm822-p1ulv579),179.93015441947244,6778.711854165413,True,0.9669655424091816,1.029999481939781,0,0,18,0.9999760847650263,l(r:p1udm822-p1ulv579),175.99275665461076,6726.612634046301
19,46948,2023-05-11T21:00,random,1.0,43.385165214538574,1.0,43.385165214538574,True,True,0.9891136785521035,1.029999524239588,0,0,18,0.9167142497435621,recloser_disswitch(r:p1udt228-p1udt62)p1u_12237,142.29996935956729,6207.810719820212,True,0.9891136785521035,1.029999524239588,0,0,18,0.9167142497435621,recloser_disswitch(r:p1udt228-p1udt62)p1u_12237,142.29996935956729,6207.810719820212
19,46948,2023-05-11T21:00,random,3.0,130.15549564361572,1.0,130.15549564361572,True,True,0.9862018298222938,1.0299995168785137,0,0,18,0.9251482098014693,recloser_disswitch(r:p1udt228-p1udt62)p1u_12237,147.2429513971524,6299.363118071275,True,0.9862018298222938,1.0299995168785137,0,0,18,0.9251482098014693,recloser_disswitch(r:p1udt228-p1udt62)p1u_12237,147.2429513971524,6299.363118071275
19,46948,2023-05-11T21:00,random,5.0,216.92582607269287,1.0,216.92582607269287,True,True,0.981748665809932,1.0299995094433787,0,0,18,0.9336577254415601,recloser_disswitch(r:p1udt228-p1udt62)p1u_12237,152.531552463316,6391.417799131792,True,0.981748665809932,1.0299995094433787,0,0,18,0.9336577254415601,recloser_disswitch(r:p1udt228-p1udt62)p1u_12237,152.531552463316,6391.417799131792
19,46948,2023-05-11T21:00,random,10.0,433.85165214538574,1.0,433.85165214538574,True,True,0.9703517123548878,1.0299994905860648,0,0,18,0.9551569628393347,recloser_disswitch(r:p1udt228-p1udt62)p1u_12237,167.27590237204333,6623.011892198856,True,0.9703517123548878,1.0299994905860648,0,0,18,0.9551569628393347,recloser_disswitch(r:p1udt228-p1udt62)p1u_12237,167.27590237204333,6623.011892198856
19,47304,2023-05-26T17:00,random,1.0,83.14106774330139,1.0,83.14106774330139,True,True,0.9881946506612854,1.029999520942235,0,0,18,0.9204003217763443,recloser_disswitch(r:p1udt228-p1udt62)p1u_12237,144.11095356770997,6249.3368471069,True,0.9881946506612854,1.029999520942235,0,0,18,0.9204003217763443,recloser_disswitch(r:p1udt228-p1udt62)p1u_12237,144.11095356770997,6249.3368471069
19,47304,2023-05-26T17:00,random,3.0,249.42320322990417,1.0,249.42320322990417,True,True,0.9839712698456551,1.02999950692268,0,0,18,0.936240391289249,recloser_disswitch(r:p1udt228-p1udt62)p1u_12237,152.93532581763213,6424.301490078852,True,0.9839712698456551,1.02999950692268,0,0,18,0.936240391289249,recloser_disswitch(r:p1udt228-p1udt62)p1u_12237,152.93532581763213,6424.301490078852
19,47304,2023-05-26T17:00,random,5.0,415.70533871650696,1.0,415.70533871650696,True,True,0.9793436840277375,1.0299994927554363,0,0,18,0.9521765196534515,recloser_disswitch(r:p1udt228-p1udt62)p1u_12237,162.45037477720322,6600.088579122878,True,0.9793436840277375,1.0299994927554363,0,0,18,0.9521765196534515,recloser_disswitch(r:p1udt228-p1udt62)p1u_12237,162.45037477720322,6600.088579122878
19,47304,2023-05-26T17:00,random,10.0,831.4106774330139,0.73406982421875,610.3134898368444,False,True,0.9674947828230364,1.029999456731875,0,0,18,1.1518475451066146,l(r:p1udm822-p1ulv579),189.32466842810837,7042.505397943126,True,0.9738453597183137,1.029999475990839,0,0,18,0.9999906175422759,l(r:p1udm822-p1ulv579),174.4797640459477,6806.783346511161
19,47458,2023-06-02T03:00,random,1.0,11.082432746887207,1.0,11.082432746887207,True,True,0.9892502219533167,1.0299995269625408,0,0,18,0.9143624204700274,recloser_disswitch(r:p1udt228-p1udt62)p1u_12237,140.63823156194715,6173.841766856447,True,0.9892502219533167,1.0299995269625408,0,0,18,0.9143624204700274,recloser_disswitch(r:p1udt228-p1udt62)p1u_12237,140.63823156194715,6173.841766856447
19,47458,2023-06-02T03:00,random,3.0,33.24729824066162,1.0,33.24729824066162,True,True,0.9856953899891115,1.0299995250680718,0,0,18,0.9180870234710826,recloser_disswitch(r:p1udt228-p1udt62)p1u_12237,142.1457595766294,6197.374983507751,True,0.9856953899891115,1.0299995250680718,0,0,18,0.9180870234710826,recloser_disswitch(r:p1udt228-p1udt62)p1u_12237,142.1457595766294,6197.374983507751
19,47458,2023-06-02T03:00,random,5.0,55.412163734436035,1.0,55.412163734436035,True,True,0.9808891170352891,1.0299995231327053,0,0,18,0.9218697080873507,recloser_disswitch(r:p1udt228-p1udt62)p1u_12237,143.8451987091728,6221.237103508776,True,0.9808891170352891,1.0299995231327053,0,0,18,0.9218697080873507,recloser_disswitch(r:p1udt228-p1udt62)p1u_12237,143.8451987091728,6221.237103508776
19,47458,2023-06-02T03:00,random,10.0,110.82432746887207,1.0,110.82432746887207,True,True,0.9685502679938044,1.0299995181608956,0,0,18,0.931493559936095,recloser_disswitch(r:p1udt228-p1udt62)p1u_12237,148.94316062750465,6281.713907338998,True,0.9685502679938044,1.0299995181608956,0,0,18,0.931493559936095,recloser_disswitch(r:p1udt228-p1udt62)p1u_12237,148.94316062750465,6281.713907338998
19,47868,2023-06-19T05:00,random,1.0,3.571868658065796,1.0,3.571868658065796,True,True,0.989161263788126,1.0299995276119196,0,0,18,0.9130832875840815,recloser_disswitch(r:p1udt228-p1udt62)p1u_12237,140.14186430357182,6165.734973121128,True,0.989161263788126,1.0299995276119196,0,0,18,0.9130832875840815,recloser_disswitch(r:p1udt228-p1udt62)p1u_12237,140.14186430357182,6165.734973121128
19,47868,2023-06-19T05:00,random,3.0,10.715605974197388,1.0,10.715605974197388,True,True,0.9888893250006963,1.0299995270143634,0,0,18,0.9142644405276137,recloser_disswitch(r:p1udt228-p1udt62)p1u_12237,140.53745602421782,6173.213592644576,True,0.9888893250006963,1.0299995270143634,0,0,18,0.9142644405276137,recloser_disswitch(r:p1udt228-p1udt62)p1u_12237,140.53745602421782,6173.213592644576
19,47868,2023-06-19T05:00,random,5.0,17.85934329032898,1.0,17.85934329032898,True,True,0.9886164063964642,1.0299995264108999,0,0,18,0.9154560554508177,recloser_disswitch(r:p1udt228-p1udt62)p1u_12237,140.94102228405308,6180.760089367336,True,0.9886164063964642,1.0299995264108999,0,0,18,0.9154560554508177,recloser_disswitch(r:p1udt228-p1udt62)p1u_12237,140.94102228405308,6180.760089367336
19,47868,2023-06-19T05:00,random,10.0,35.71868658065796,1.0,35.71868658065796,True,True,0.9879336771579899,1.029999524901916,0,0,18,0.9184325940442749,recloser_disswitch(r:p1udt228-p1udt62)p1u_12237,141.9706233047909,6199.5995117771145,True,0.9879336771579899,1.029999524901916,0,0,18,0.9184325940442749,recloser_disswitch(r:p1udt228-p1udt62)p1u_12237,141.9706233047909,6199.5995117771145
19,48214,2023-07-03T15:00,random,1.0,73.25083684921265,1.0,73.25083684921265,True,True,0.987574772132511,1.0299995217710054,0,0,18,0.9207759157551885,recloser_disswitch(r:p1udt228-p1udt62)p1u_12237,143.73428171644883,6238.835449040742,True,0.987574772132511,1.0299995217710054,0,0,18,0.9207759157551885,recloser_disswitch(r:p1udt228-p1udt62)p1u_12237,143.73428171644883,6238.835449040742
19,48214,2023-07-03T15:00,random,3.0,219.75251054763794,1.0,219.75251054763794,True,True,0.9840965938339404,1.0299995093645542,0,0,18,0.9374853044856192,recloser_disswitch(r:p1udt228-p1udt62)p1u_12237,151.78549965732924,6393.486194149507,True,0.9840965938339404,1.0299995093645542,0,0,18,0.9374853044856192,recloser_disswitch(r:p1udt228-p1udt62)p1u_12237,151.78549965732924,6393.486194149507
19,48214,2023-07-03T15:00,random,5.0,366.25418424606323,1.0,366.25418424606323,True,True,0.9805802978856705,1.0299994968499155,0,0,18,0.9542774334860271,recloser_disswitch(r:p1udt228-p1udt62)p1u_12237,160.4440263148354,6548.6384139946,True,0.9805802978856705,1.0299994968499155,0,0,18,0.9542774334860271,recloser_disswitch(r:p1udt228-p1udt62)p1u_12237,160.4440263148354,6548.6384139946
19,48214,2023-07-03T15:00,random,10.0,732.5083684921265,1.0,732.5083684921265,True,True,0.9716141895750594,1.0299994650459263,0,0,18,0.9966830583254945,recloser_disswitch(r:p1udt228-p1udt62)p1u_12237,184.846951939484,6939.16033206792,True,0.9716141895750594,1.0299994650459263,0,0,18,0.9966830583254945,recloser_disswitch(r:p1udt228-p1udt62)p1u_12237,184.846951939484,6939.16033206792
19,48449,2023-07-13T10:00,peak,1.0,185.93796157836914,1.0,185.93796157836914,True,True,0.9857231787169587,1.0299995122770775,0,0,18,0.9371068854440076,recloser_disswitch(r:p1udt228-p1udt62)p1u_12237,149.81272549013224,6357.891905216207,True,0.9857231787169587,1.0299995122770775,0,0,18,0.9371068854440076,recloser_disswitch(r:p1udt228-p1udt62)p1u_12237,149.81272549013224,6357.891905216207
19,48449,2023-07-13T10:00,peak,3.0,557.8138847351074,1.0,557.8138847351074,True,True,0.9784633978390535,1.0299994806583779,0,0,18,0.986650199627432,recloser_disswitch(r:p1udt228-p1udt62)p1u_12237,171.71266386559384,6751.383864753323,True,0.9784633978390535,1.0299994806583779,0,0,18,0.986650199627432,recloser_disswitch(r:p1udt228-p1udt62)p1u_12237,171.71266386559384,6751.383864753323
19,48449,2023-07-13T10:00,peak,5.0,929.6898078918457,0.706787109375,657.0927719352767,False,True,0.9710351907177792,1.0299994484803674,0,0,18,1.0367648643897107,recloser_disswitch(r:p1udt228-p1udt62)p1u_12237,196.6403996702655,7148.140498241525,True,0.9764943985081301,1.029999472108688,0,0,18,0.9999981141592483,recloser_disswitch(r:p1udt228-p1udt62)p1u_12237,178.07561367465797,6857.157475925616
19,48449,2023-07-13T10:00,peak,10.0,1859.3796157836914,0.3533935546875,657.0927719352767,False,True,0.9516730514086055,1.029999365503402,0,0,18,1.1647803485507982,l(r:p1udt104-p1uhs0_1247)_cont,273.02502780052333,8154.279997352902,True,0.9764943985081301,1.029999472108688,0,0,18,0.9999981141592483,recloser_disswitch(r:p1udt228-p1udt62)p1u_12237,178.07561367465797,6857.157475925616
19,48450,2023-07-13T11:00,peak,1.0,197.65360134840012,1.0,197.65360134840012,True,True,0.9856769329395942,1.0299995113060707,0,0,18,0.9373202446762479,recloser_disswitch(r:p1udt228-p1udt62)p1u_12237,150.20950685168057,6369.977109565284,True,0.9856769329395942,1.0299995113060707,0,0,18,0.9373202446762479,recloser_disswitch(r:p1udt228-p1udt62)p1u_12237,150.20950685168057,6369.977109565284
19,48450,2023-07-13T11:00,peak,3.0,592.9608040452003,1.0,592.9608040452003,True,True,0.9783213467332094,1.029999477720237,0,0,18,0.9872760564626233,recloser_disswitch(r:p1udt228-p1udt62)p1u_12237,172.93250307905828,6787.744212111107,True,0.9783213467332094,1.029999477720237,0,0,18,0.9872760564626233,recloser_disswitch(r:p1udt228-p1udt62)p1u_12237,172.93250307905828,6787.744212111107
19,48450,2023-07-13T11:00,peak,5.0,988.2680067420006,0.70098876953125,692.7647740131761,False,True,0.9707951313598936,1.0299994435516402,0,0,18,1.037763781056502,recloser_disswitch(r:p1udt228-p1udt62)p1u_12237,198.7144716580099,7208.783752866654,True,0.9764348494267814,1.0299994691341614,0,0,18,0.9999978657764403,recloser_disswitch(r:p1udt228-p1udt62)p1u_12237,179.1579834689698,6893.913472988173
19,48450,2023-07-13T11:00,peak,10.0,1976.5360134840012,0.3504638671875,692.7044549209677,False,True,0.9511749526707541,1.0299993554848392,0,0,18,1.1998996462216402,l(r:p1udm822-p1ulv579),277.3541289629392,8275.758798577262,True,0.976436019454425,1.0299994691395034,0,0,18,0.9999899288710379,recloser_disswitch(r:p1udt228-p1udt62)p1u_12237,179.1540523769677,6893.847567463738
19,49081,2023-08-08T18:00,peak,1.0,184.03811740875244,1.0,184.03811740875244,True,True,0.9848039051685351,1.0299995123324701,0,0,18,0.9327562495814381,recloser_disswitch(r:p1udt228-p1udt62)p1u_12237,150.02703634759624,6356.185917732403,True,0.9848039051685351,1.0299995123324701,0,0,18,0.9327562495814381,recloser_disswitch(r:p1udt228-p1udt62)p1u_12237,150.02703634759624,6356.185917732403
19,49081,2023-08-08T18:00,peak,3.0,552.1143522262573,1.0,552.1143522262573,True,True,0.9756263040786892,1.029999480653826,0,0,18,0.973669276020313,recloser_disswitch(r:p1udt228-p1udt62)p1u_12237,173.05703933277047,6747.00110357486,True,0.9756263040786892,1.029999480653826,0,0,18,0.973669276020313,recloser_disswitch(r:p1udt228-p1udt62)p1u_12237,173.05703933277047,6747.00110357486
19,49081,2023-08-08T18:00,peak,5.0,920.1905870437622,0.85369873046875,785.5655359485536,False,True,0.9661672694634214,1.0299994481790877,0,0,18,1.048188194382055,l(r:p1udm822-p1ulv579),200.11620385801422,7142.061949381121,True,0.9696558272664129,1.0299994601302833,0,0,18,0.9999955282866899,recloser_disswitch(r:p1udt228-p1udt62)p1u_12237,189.75258619191686,6997.308111477115
19,49081,2023-08-08T18:00,peak,10.0,1840.3811740875244,0.42681884765625,785.5093719722936,False,True,0.9411499847851458,1.0299993632721258,12,0,18,1.52497217213869,l(r:p1udm822-p1ulv579),286.8836745061725,8149.070818739904,True,0.9696572496183876,1.029999460135141,0,0,18,0.9999893538664105,recloser_disswitch(r:p1udt228-p1udt62)p1u_12237,189.74846670278166,6997.2490731073985
19,49289,2023-08-17T10:00,peak,1.0,186.71374398469925,1.0,186.71374398469925,True,True,0.9864346689889559,1.0299995121402477,0,0,18,0.9342235799922975,recloser_disswitch(r:p1udt228-p1udt62)p1u_12237,150.06634650302456,6358.945292806797,True,0.9864346689889559,1.0299995121402477,0,0,18,0.9342235799922975,recloser_disswitch(r:p1udt228-p1udt62)p1u_12237,150.06634650302456,6358.945292806797
19,49289,2023-08-17T10:00,peak,3.0,560.1412319540977,1.0,560.1412319540977,True,True,0.9801477303324335,1.0299994801959285,0,0,18,0.9779650599168098,recloser_disswitch(r:p1udt228-p1udt62)p1u_12237,172.6563631578216,6754.642222222386,True,0.9801477303324335,1.0299994801959285,0,0,18,0.9779650599168098,recloser_disswitch(r:p1udt228-p1udt62)p1u_12237,172.6563631578216,6754.642222222386
19,49289,2023-08-17T10:00,peak,5.0,933.5687199234962,0.79937744140625,746.2737747093524,False,True,0.9715477145103191,1.0299994476080454,0,0,18,1.096402635849908,l(r:p1udm822-p1ulv579),198.5354078805646,7153.892643884184,True,0.9758852359524893,1.0299994640161225,0,0,18,0.9999994884772687,recloser_disswitch(r:p1udt228-p1udt62)p1u_12237,185.14788176929662,6953.412427660035
19,49289,2023-08-17T10:00,peak,10.0,1867.1374398469925,0.399658203125,746.2167941966618,False,True,0.9490430625899942,1.0299993632185294,6,0,18,1.6220244731390892,l(r:p1udm822-p1ulv579),278.53079700981255,8167.529040978864,True,0.9758865082553,1.0299994640208685,0,0,18,0.999993094140259,recloser_disswitch(r:p1udt228-p1udt62)p1u_12237,185.14409448504318,6953.354167438667
19,49408,2023-08-22T09:00,peak,1.0,197.64600601792336,1.0,197.64600601792336,True,True,0.9839507973716558,1.0299995112231888,0,0,18,0.9339903473962794,recloser_disswitch(r:p1udt228-p1udt62)p1u_12237,150.54650710499894,6370.338861492647,True,0.9839507973716558,1.0299995112231888,0,0,18,0.9339903473962794,recloser_disswitch(r:p1udt228-p1udt62)p1u_12237,150.54650710499894,6370.338861492647
19,49408,2023-08-22T09:00,peak,3.0,592.9380180537701,1.0,592.9380180537701,True,True,0.9729897514097708,1.0299994773150127,0,0,18,0.977336492629995,recloser_disswitch(r:p1udt228-p1udt62)p1u_12237,174.6769849070986,6789.434577118785,True,0.9729897514097708,1.0299994773150127,0,0,18,0.977336492629995,recloser_disswitch(r:p1udt228-p1udt62)p1u_12237,174.6769849070986,6789.434577118785
19,49408,2023-08-22T09:00,peak,5.0,988.2300300896168,0.67242431640625,664.5099024351384,False,True,0.9616325777822909,1.0299994425818075,0,0,18,1.2043520677877637,l(r:p1udm822-p1ulv579),202.93387161879653,7212.901750071022,True,0.9709587772077518,1.029999471070106,0,0,18,0.9999878071678755,l(r:p1udm822-p1ulv579),179.49273826079406,6865.993415321555
19,49408,2023-08-22T09:00,peak,10.0,1976.4600601792336,0.336181640625,664.449585660841,False,True,0.9312669150386698,1.0299993518938217,15,0,18,1.8459818800506145,l(r:p1udm822-p1ulv579),293.19886866593356,8291.40578406938,True,0.9709604223488154,1.0299994710751195,0,0,18,0.9999508715707758,l(r:p1udm822-p1ulv579),179.48878155641395,6865.93190022722
19,49409,2023-08-22T10:00,peak,1.0,219.909832239151,1.0,219.909832239151,True,True,0.9833851016778599,1.0299995093465464,0,0,18,0.938114909737001,recloser_disswitch(r:p1udt228-p1udt62)p1u_12237,151.8027870710757,6393.83451256696,True,0.9833851016778599,1.0299995093465464,0,0,18,0.938114909737001,recloser_disswitch(r:p1udt228-p1udt62)p1u_12237,151.8027870710757,6393.83451256696
19,49409,2023-08-22T10:00,peak,3.0,659.729496717453,1.0,659.729496717453,True,True,0.9712383579492478,1.0299994716241911,0,0,18,0.9897951767711636,recloser_disswitch(r:p1udt228-p1udt62)p1u_12237,178.80198772281457,6860.327747430313,True,0.9712383579492478,1.0299994716241911,0,0,18,0.9897951767711636,recloser_disswitch(r:p1udt228-p1udt62)p1u_12237,178.80198772281457,6860.327747430313
19,49409,2023-08-22T10:00,peak,5.0,1099.549161195755,0.626708984375,689.0973380833748,False,True,0.9586029045583513,1.0299994329713078,0,0,18,1.249992376529212,l(r:p1udm822-p1ulv579),210.44823359474654,7331.962028219159,True,0.9704053771906853,1.029999469054992,0,0,18,0.9999711267623145,l(r:p1udm822-p1ulv579),180.7789309510244,6891.8649547573505
19,49409,2023-08-22T10:00,peak,10.0,2199.09832239151,0.3133544921875,689.0973380833748,False,True,0.9246090516863954,1.0299993321375869,15,0,18,1.939518745825609,l(r:p1udm822-p1ulv579),311.6584114930588,8532.71104089991,True,0.9704053771906853,1.029999469054992,0,0,18,0.9999711267623145,l(r:p1udm822-p1ulv579),180.7789309510244,6891.8649547573505
19,49410,2023-08-22T11:00,peak,1.0,204.56667828559875,1.0,204.56667828559875,True,True,0.984108069800817,1.0299995107158302,0,0,18,0.9380729301237781,recloser_disswitch(r:p1udt228-p1udt62)p1u_12237,150.62111784088427,6377.319503563527,True,0.984108069800817,1.0299995107158302,0,0,18,0.9380729301237781,recloser_disswitch(r:p1udt228-p1udt62)p1u_12237,150.62111784088427,6377.319503563527
19,49410,2023-08-22T11:00,peak,3.0,613.7000348567963,1.0,613.7000348567963,True,True,0.9734833164648344,1.0299994758452955,0,0,18,0.9896221109002352,recloser_disswitch(r:p1udt228-p1udt62)p1u_12237,174.70416375535382,6810.233532738498,True,0.9734833164648344,1.0299994758452955,0,0,18,0.9896221109002352,recloser_disswitch(r:p1udt228-p1udt62)p1u_12237,174.70416375535382,6810.233532738498
19,49410,2023-08-22T11:00,peak,5.0,1022.8333914279938,0.6796875,695.2070707362145,False,True,0.9624925456055746,1.029999440231116,0,0,18,1.183275622449694,l(r:p1udm822-p1ulv579),202.6300620850377,7247.221224309746,True,0.9713203577518484,1.0299994687976544,0,0,18,0.9999936328600058,recloser_disswitch(r:p1udt228-p1udt62)p1u_12237,179.96301747628308,6897.112490264262
19,49410,2023-08-22T11:00,peak,10.0,2045.6667828559875,0.33984375,695.2070707362145,False,True,0.9332045911660843,1.0299993477346323,15,0,18,1.7985612073857422,l(r:p1udm822-p1ulv579),290.66230434470043,8358.11394137556,True,0.9713203577518484,1.0299994687976544,0,0,18,0.9999936328600058,recloser_disswitch(r:p1udt228-p1udt62)p1u_12237,179.96301747628308,6897.112490264262
19,49458,2023-08-24T11:00,peak,1.0,192.7057340145111,1.0,192.7057340145111,True,True,0.9844678823081927,1.0299995116054002,0,0,18,0.9380636776167459,recloser_disswitch(r:p1udt228-p1udt62)p1u_12237,150.72833795945164,6365.555064699794,True,0.9844678823081927,1.0299995116054002,0,0,18,0.9380636776167459,recloser_disswitch(r:p1udt228-p1udt62)p1u_12237,150.72833795945164,6365.555064699794
19,49458,2023-08-24T11:00,peak,3.0,578.1172020435333,1.0,578.1172020435333,True,True,0.9745974324027731,1.0299994785209927,0,0,18,0.989659668532062,recloser_disswitch(r:p1udt228-p1udt62)p1u_12237,175.121457886504,6775.06408212667,True,0.9745974324027731,1.0299994785209927,0,0,18,0.989659668532062,recloser_disswitch(r:p1udt228-p1udt62)p1u_12237,175.121457886504,6775.06408212667
19,49458,2023-08-24T11:00,peak,5.0,963.5286700725555,0.67919921875,654.4279199565062,False,True,0.964412930317679,1.0299994447075367,0,0,18,1.0785418898369288,l(r:p1udt175lv-p1ulv493),203.48433653515158,7188.767569736531,True,0.9726024409639255,1.0299994718675982,0,0,18,0.9999948580383167,recloser_disswitch(r:p1udt228-p1udt62)p1u_12237,180.42705481695214,6856.842337225187
19,49458,2023-08-24T11:00,peak,10.0,1927.057340145111,0.339599609375,654.4279199565062,False,True,0.9374151924332428,1.0299993567914518,18,0,18,1.4783131915714225,l(r:p1udt175lv-p1ulv493),293.1621790306394,8242.01686129729,True,0.9726024409639255,1.0299994718675982,0,0,18,0.9999948580383167,recloser_disswitch(r:p1udt228-p1udt62)p1u_12237,180.42705481695214,6856.842337225187
19,49459,2023-08-24T12:00,peak,1.0,189.81134700775146,1.0,189.81134700775146,True,True,0.9845989690158916,1.029999511899763,0,0,18,0.9361502993057857,recloser_disswitch(r:p1udt228-p1udt62)p1u_12237,150.25290173723434,6362.19388746269,True,0.9845989690158916,1.029999511899763,0,0,18,0.9361502993057857,recloser_disswitch(r:p1udt228-p1udt62)p1u_12237,150.25290173723434,6362.19388746269
19,49459,2023-08-24T12:00,peak,3.0,569.4340410232544,1.0,569.4340410232544,True,True,0.9750007644477695,1.0299994794307825,0,0,18,0.9838437063370457,recloser_disswitch(r:p1udt228-p1udt62)p1u_12237,173.53164321130745,6764.799969745136,True,0.9750007644477695,1.0299994794307825,0,0,18,0.9838437063370457,recloser_disswitch(r:p1udt228-p1udt62)p1u_12237,173.53164321130745,6764.799969745136
19,49459,2023-08-24T12:00,peak,5.0,949.0567350387573,0.7340087890625,696.6159848374082,False,True,0.9634398790003156,1.0299994462661886,0,0,18,1.1508772969487093,l(r:p1udm822-p1ulv579),200.56359062554307,7171.386328693932,True,0.9714494817431737,1.0299994683806613,0,0,18,0.9999996309181537,recloser_disswitch(r:p1udt228-p1udt62)p1u_12237,182.1719868432356,6900.779102069447
19,49459,2023-08-24T12:00,peak,10.0,1898.1134700775146,0.36700439453125,696.6159848374082,False,True,0.9314914842925038,1.0299993601156594,12,0,18,1.7314671560411672,l(r:p1udm822-p1ulv579),285.99025623706785,8205.908070563999,True,0.9714494817431737,1.0299994683806613,0,0,18,0.9999996309181537,recloser_disswitch(r:p1udt228-p1udt62)p1u_12237,182.1719868432356,6900.779102069447
19,49553,2023-08-28T10:00,peak,1.0,197.9076976776123,1.0,197.9076976776123,True,True,0.9856066966215864,1.0299995112787161,0,0,18,0.9381649497964412,recloser_disswitch(r:p1udt228-p1udt62)p1u_12237,150.28702958316072,6370.325224706889,True,0.9856066966215864,1.0299995112787161,0,0,18,0.9381649497964412,recloser_disswitch(r:p1udt228-p1udt62)p1u_12237,150.28702958316072,6370.325224706889
19,49553,2023-08-28T10:00,peak,3.0,593.7230930328369,1.0,593.7230930328369,True,True,0.978107566509182,1.0299994776360366,0,0,18,0.9898233882966407,recloser_disswitch(r:p1udt228-p1udt62)p1u_12237,173.2006667787091,6788.771569298349,True,0.978107566509182,1.0299994776360366,0,0,18,0.9898233882966407,recloser_disswitch(r:p1udt228-p1udt62)p1u_12237,173.2006667787091,6788.771569298349
19,49553,2023-08-28T10:00,peak,5.0,989.5384883880615,0.67803955078125,670.9462321473984,False,True,0.9704312406655664,1.029999443399372,0,0,18,1.0780253322707165,l(r:p1udm822-p1ulv579),199.23038536401938,7210.56483169093,True,0.9766213472850473,1.0299994709886768,0,0,18,0.9999928459535041,recloser_disswitch(r:p1udt228-p1udt62)p1u_12237,178.0399393108584,6870.976913336901
19,49553,2023-08-28T10:00,peak,10.0,1979.076976776123,0.3389892578125,670.8858355111443,False,True,0.9504047195323625,1.0299993551099393,0,0,18,1.5822269560334088,l(r:p1udm822-p1ulv579),278.7873208462352,8279.72329277218,True,0.976622493453704,1.029999470993784,0,0,18,0.9999850483271778,recloser_disswitch(r:p1udt228-p1udt62)p1u_12237,178.0361932516727,6870.913766929042
19,49846,2023-09-09T15:00,random,1.0,30.41227789223194,1.0,30.41227789223194,True,True,0.9884494884895046,1.0299995253450773,0,0,18,0.9156483775580572,recloser_disswitch(r:p1udt228-p1udt62)p1u_12237,141.5261121317528,6194.074815530417,True,0.9884494884895046,1.0299995253450773,0,0,18,0.9156483775580572,recloser_disswitch(r:p1udt228-p1udt62)p1u_12237,141.5261121317528,6194.074815530417
19,49846,2023-09-09T15:00,random,3.0,91.23683367669582,1.0,91.23683367669582,True,True,0.9867549902010962,1.029999520248142,0,0,18,0.9218825492416761,recloser_disswitch(r:p1udt228-p1udt62)p1u_12237,144.7306540045711,6257.699745826811,True,0.9867549902010962,1.029999520248142,0,0,18,0.9218825492416761,recloser_disswitch(r:p1udt228-p1udt62)p1u_12237,144.7306540045711,6257.699745826811
19,49846,2023-09-09T15:00,random,5.0,152.0613894611597,1.0,152.0613894611597,True,True,0.9850464167277331,1.0299995151001498,0,0,18,0.9281881407566152,recloser_disswitch(r:p1udt228-p1udt62)p1u_12237,148.04880761070618,6321.827441374016,True,0.9850464167277331,1.0299995151001498,0,0,18,0.9281881407566152,recloser_disswitch(r:p1udt228-p1udt62)p1u_12237,148.04880761070618,6321.827441374016
19,49846,2023-09-09T15:00,random,10.0,304.1227789223194,1.0,304.1227789223194,True,True,0.980729476897471,1.029999502124048,0,0,18,0.9440474972014126,recloser_disswitch(r:p1udt228-p1udt62)p1u_12237,156.78094669739764,6482.843214523826,True,0.980729476897471,1.029999502124048,0,0,18,0.9440474972014126,recloser_disswitch(r:p1udt228-p1udt62)p1u_12237,156.78094669739764,6482.843214523826
19,50168,2023-09-23T01:00,random,1.0,8.444974184036255,1.0,8.444974184036255,True,True,0.9892623150135345,1.0299995272022773,0,0,18,0.9138953020441535,recloser_disswitch(r:p1udt228-p1udt62)p1u_12237,140.38504645112948,6170.889704478423,True,0.9892623150135345,1.0299995272022773,0,0,18,0.9138953020441535,recloser_disswitch(r:p1udt228-p1udt62)p1u_12237,140.38504645112948,6170.889704478423
19,50168,2023-09-23T01:00,random,3.0,25.334922552108765,1.0,25.334922552108765,True,True,0.9891940147292451,1.0299995257925154,0,0,18,0.9166836358211181,recloser_disswitch(r:p1udt228-p1udt62)p1u_12237,141.28940723009583,6188.54614593202,True,0.9891940147292451,1.0299995257925154,0,0,18,0.9166836358211181,recloser_disswitch(r:p1udt228-p1udt62)p1u_12237,141.28940723009583,6188.54614593202
19,50168,2023-09-23T01:00,random,5.0,42.224870920181274,1.0,42.224870920181274,True,True,0.9891239148207923,1.0299995243633513,0,0,18,0.9195020899768375,recloser_disswitch(r:p1udt228-p1udt62)p1u_12237,142.24457640509718,6206.385445535417,True,0.9891239148207923,1.0299995243633513,0,0,18,0.9195020899768375,recloser_disswitch(r:p1udt228-p1udt62)p1u_12237,142.24457640509718,6206.385445535417
19,50168,2023-09-23T01:00,random,10.0,84.44974184036255,1.0,84.44974184036255,True,True,0.9889458279618096,1.0299995207460746,0,0,18,0.9266037829604306,recloser_disswitch(r:p1udt228-p1udt62)p1u_12237,144.83538779605814,6251.261900896388,True,0.9889458279618096,1.0299995207460746,0,0,18,0.9266037829604306,recloser_disswitch(r:p1udt228-p1udt62)p1u_12237,144.83538779605814,6251.261900896388
19,51647,2023-11-23T16:00,random,1.0,17.233353793621063,1.0,17.233353793621063,True,True,0.9892272559495879,1.0299995264684232,0,0,18,0.9150818835470422,recloser_disswitch(r:p1udt228-p1udt62)p1u_12237,140.84369585484467,6180.082707898819,True,0.9892272559495879,1.0299995264684232,0,0,18,0.9150818835470422,recloser_disswitch(r:p1udt228-p1udt62)p1u_12237,140.84369585484467,6180.082707898819
19,51647,2023-11-23T16:00,random,3.0,51.70006138086319,1.0,51.70006138086319,True,True,0.9890865762330997,1.0299995235705341,0,0,18,0.9202710128417023,recloser_disswitch(r:p1udt228-p1udt62)p1u_12237,142.74309826613188,6216.283035964715,True,0.9890865762330997,1.0299995235705341,0,0,18,0.9202710128417023,recloser_disswitch(r:p1udt228-p1udt62)p1u_12237,142.74309826613188,6216.283035964715
19,51647,2023-11-23T16:00,random,5.0,86.16676896810532,1.0,86.16676896810532,True,True,0.9889419338986912,1.0299995206193042,0,0,18,0.925539455353092,recloser_disswitch(r:p1udt228-p1udt62)p1u_12237,144.80238359661857,6252.94919999112,True,0.9889419338986912,1.0299995206193042,0,0,18,0.925539455353092,recloser_disswitch(r:p1udt228-p1udt62)p1u_12237,144.80238359661857,6252.94919999112
19,51647,2023-11-23T16:00,random,10.0,172.33353793621063,1.0,172.33353793621063,True,True,0.9822031361955711,1.02999951314848,0,0,18,0.9387936128989633,recloser_disswitch(r:p1udt228-p1udt62)p1u_12237,150.58830377367585,6344.875765450279,True,0.9822031361955711,1.02999951314848,0,0,18,0.9387936128989633,recloser_disswitch(r:p1udt228-p1udt62)p1u_12237,150.58830377367585,6344.875765450279
